step,t,wing_q,wing_qd,wing_qdd,wing_q_R,wing_qd_R,wing_qdd_R,airspeed,v_air_wx,v_air_wy,v_air_wz,body_pitch_deg,mod_enabled,mod_delta,mod_mode,mod_smooth,mod_f_eff_hz,mod_fd_hz,mod_fu_hz,omega_w_norm_L,omega_w_norm_R,omega_c_norm_L,omega_c_norm_R,joint_pos_L,joint_pos_R,joint_vel_L,joint_vel_R,eta_tip_L,eta_tip_R,tau_twist_x_L,tau_twist_x_R,tau_hinge_L,tau_hinge_R,power_in_L,power_in_R,power_in_T,F_wang_x_L,F_wang_y_L,F_wang_z_L,tau_wang_x_L,tau_wang_y_L,tau_wang_z_L,F_link_x_L,F_link_y_L,F_link_z_L,tau_link_x_L,tau_link_y_L,tau_link_z_L,F_world_x_L,F_world_y_L,F_world_z_L,tau_world_x_L,tau_world_y_L,tau_world_z_L,F_wang_x_R,F_wang_y_R,F_wang_z_R,tau_wang_x_R,tau_wang_y_R,tau_wang_z_R,F_link_x_R,F_link_y_R,F_link_z_R,tau_link_x_R,tau_link_y_R,tau_link_z_R,F_world_x_R,F_world_y_R,F_world_z_R,tau_world_x_R,tau_world_y_R,tau_world_z_R,p_base_wx,p_base_wy,p_base_wz,p_wing_L_wx,p_wing_L_wy,p_wing_L_wz,p_wing_R_wx,p_wing_R_wy,p_wing_R_wz,F_world_x_T,F_world_y_T,F_world_z_T,tau_world_x_T,tau_world_y_T,tau_world_z_T,tau_world_x_T_about_base,tau_world_y_T_about_base,tau_world_z_T_about_base,aoa_mean_deg_L,aoa_mean_deg_R,aoa_max_deg_L,aoa_max_deg_R,aoa_frac_pre_L,aoa_frac_pre_R,aoa_frac_mid_L,aoa_frac_mid_R,aoa_frac_post_L,aoa_frac_post_R,del_sep_ratio_L,del_sep_ratio_R,del_Nc_L,del_Nc_R,del_Na_L,del_Na_R,del_Fx_suction_L,del_Fx_suction_R,del_Fx_camber_L,del_Fx_camber_R,del_Fx_friction_L,del_Fx_friction_R,del_Fx_total_L,del_Fx_total_R,del_k_mean_L,del_k_mean_R,del_alpha_prime_mean_L,del_alpha_prime_mean_R,del_alpha_le_mean_L,del_alpha_le_mean_R,del_alpha_tip_deg_L,del_alpha_tip_deg_R,del_alpha_prime_tip_deg_L,del_alpha_prime_tip_deg_R,del_alpha_le_tip_deg_L,del_alpha_le_tip_deg_R,del_theta_tip_deg_L,del_theta_tip_deg_R,mod_profile,mod_ff_amp,mod_ff_shift_deg
0,0.0,0.0,10.519560168692351,-0.0,0.0,10.519560168692351,-0.0,5.0,-5.0,0.0,0.0,15.0,0,0.5,0.0,0.0,3.2,3.2,3.2,10.519560813903809,10.51955795288086,10.519559860229492,10.519559860229492,0.030015669763088226,0.03074108436703682,4.811291694641113,5.064340591430664,0.13962633907794952,0.13962633907794952,0.0,0.0,nan,nan,12.874686241149902,12.874686241149902,25.749372482299805,0.0,-2.069366455078125,0.390383780002594,0.0,0.0,0.0,0.390383780002594,0.0,-2.069366455078125,0.0,0.0,0.0,0.9106646776199341,0.17901872098445892,-1.8903224468231201,0.0,0.0,0.0,0.0,-2.069366455078125,0.390383780002594,0.0,0.0,0.0,0.390383780002594,0.0,-2.069366455078125,-0.0,-0.0,-0.0,0.9106646776199341,-0.1790182739496231,-1.8903225660324097,0.0,0.0,0.0,4.470348358154297e-08,0.0,0.6000000238418579,0.0,0.05600005388259888,0.6000000238418579,-5.960464477539063e-08,-0.055999934673309326,0.6000000238418579,1.8213293552398682,4.470348358154297e-07,-3.7806448936462402,0.0,0.0,0.0,-2.2351741790771484e-07,-2.8168000199002563e-07,-9.685754776000977e-08,32.776981353759766,32.776981353759766,52.70455551147461,52.70455551147461,0.11794667690992355,0.11794667690992355,0.3882598280906677,0.3882598280906677,0.4937935173511505,0.4937935173511505,0.029628142714500427,0.029628142714500427,-1.8007855415344238,-1.8007855415344238,-0.37098217010498047,-0.37098217010498047,0.5784276127815247,0.5784276127815247,0.0,0.0,-0.07820433378219604,-0.07820433378219604,0.390383780002594,0.390383780002594,0.5500251054763794,0.5500251054763794,-0.34965524077415466,-0.34965524077415466,-0.08785582333803177,-0.08785582333803177,-75.03823852539062,-75.03823852539062,-49.766517639160156,-49.766517639160156,-34.766517639160156,-34.766517639160156,23.0,23.0,0.0,0.0,180.0
1,0.004166666666666667,0.04378024763146746,10.482666590547439,-17.69855896388867,0.04378024763146746,10.482666590547439,-17.69855896388867,5.0,-5.0,0.0,0.0,15.0,0,0.5,0.0,0.0,3.2,3.2,3.2,10.482664108276367,10.482666969299316,10.482666969299316,10.482666969299316,0.07253715395927429,0.0733136460185051,4.3620781898498535,4.631729602813721,0.1391366571187973,0.1391366571187973,0.0,0.0,nan,nan,12.51729965209961,12.51729965209961,25.03459930419922,0.0,-2.0148518085479736,0.4046951234340668,0.0,0.0,0.0,0.4046951234340668,0.0,-2.0148518085479736,0.0,0.0,0.0,0.9119084477424622,0.08628371357917786,-1.8396695852279663,0.0,0.0,0.0,0.0,-2.0148518085479736,0.4046951234340668,0.0,0.0,0.0,0.4046951234340668,0.0,-2.0148518085479736,-0.0,-0.0,-0.0,0.9119086265563965,-0.08628329634666443,-1.8396695852279663,0.0,0.0,0.0,4.470348358154297e-08,0.0,0.6000000238418579,-7.450580596923828e-08,0.05600005388259888,0.6000000238418579,1.4901161193847656e-08,-0.055999964475631714,0.6000000238418579,1.8238170146942139,4.172325134277344e-07,-3.6793391704559326,0.0,0.0,0.0,-1.7136335372924805e-07,-2.7413213388172153e-07,-8.195638656616211e-08,32.75340270996094,32.7534065246582,52.66787338256836,52.66787338256836,0.11794667690992355,0.11794667690992355,0.3882598280906677,0.3882598280906677,0.4937935173511505,0.4937935173511505,0.029628142714500427,0.029628142714500427,-1.9243860244750977,-1.9243860244750977,-0.1942918449640274,-0.1942918449640274,0.5942500829696655,0.5942500829696655,0.0,0.0,-0.07813388109207153,-0.07813388109207153,0.4046951234340668,0.4046951234340668,0.5500251054763794,0.5500251054763794,-0.3565990924835205,-0.3565990924835205,-0.0851602628827095,-0.0851602628827095,-74.80229187011719,-74.80229187011719,-49.67473220825195,-49.67473220825195,-34.653202056884766,-34.653202056884766,22.97194480895996,22.97194480895996,0.0,0.0,180.0
2,0.008333333333333333,0.0872534082818647,10.37224463805539,-35.27297525304273,0.0872534082818647,10.37224463805539,-35.27297525304273,5.0,-5.0,0.0,0.0,15.0,0,0.5,0.0,0.0,3.2,3.2,3.2,10.372241973876953,10.372245788574219,10.372244834899902,10.372244834899902,0.11453503370285034,0.11535727977752686,3.8798952102661133,4.164211750030518,0.13767102360725403,0.13767102360725403,0.0,0.0,nan,nan,11.90204906463623,11.90204906463623,23.80409812927246,0.0,-1.922234296798706,0.40977102518081665,0.0,0.0,0.0,0.40977102518081665,0.0,-1.922234296798706,0.0,0.0,0.0,0.8933185935020447,-0.001222682767547667,-1.7506791353225708,0.0,0.0,0.0,0.0,-1.922234296798706,0.40977102518081665,0.0,0.0,0.0,0.40977102518081665,0.0,-1.922234296798706,-0.0,-0.0,-0.0,0.8933185935020447,0.0012230859138071537,-1.7506791353225708,0.0,0.0,0.0,4.470348358154297e-08,0.0,0.6000000238418579,-1.1920928955078125e-07,0.05600002408027649,0.5999999642372131,0.0,-0.055999964475631714,0.6000000238418579,1.7866371870040894,4.0314625948667526e-07,-3.5013582706451416,0.0,0.0,0.0,-1.043081283569336e-07,-4.1846607246043277e-07,-5.21540641784668e-08,32.6599006652832,32.6599006652832,52.53401565551758,52.53401565551758,0.11794667690992355,0.11794667690992355,0.3882598280906677,0.3882598280906677,0.4937935173511505,0.4937935173511505,0.029628142714500427,0.029628142714500427,-2.0105960369110107,-2.0105960369110107,-0.01595245487987995,-0.01595245487987995,0.5983313322067261,0.5983313322067261,0.0,0.0,-0.07792520523071289,-0.07792520523071289,0.40977102518081665,0.40977102518081665,0.5500251054763794,0.5500251054763794,-0.3618607223033905,-0.3618607223033905,-0.08085006475448608,-0.08085006475448608,-74.05267333984375,-74.05267333984375,-49.28519821166992,-49.28519821166992,-34.242279052734375,-34.242279052734375,22.887969970703125,22.887969970703125,0.0,0.0,180.0
3,0.0125,0.13011454896465202,10.189068841874873,-52.59997696439445,0.13011454896465202,10.189068841874873,-52.59997696439445,5.0,-5.0,0.0,0.0,15.0,0,0.5,0.0,0.0,3.2,3.2,3.2,10.189065933227539,10.189068794250488,10.189068794250488,10.189068794250488,0.15572769939899445,0.15658995509147644,3.3701975345611572,3.6671864986419678,0.13523972034454346,0.13523972034454346,0.0,0.0,nan,nan,11.152164459228516,11.152164459228516,22.30432891845703,0.0,-1.8112328052520752,0.425319641828537,0.0,0.0,0.0,0.425319641828537,0.0,-1.8112328052520752,0.0,0.0,0.0,0.8791646957397461,-0.07875791192054749,-1.6377812623977661,0.0,0.0,0.0,0.0,-1.8112328052520752,0.425319641828537,0.0,0.0,0.0,0.425319641828537,0.0,-1.8112328052520752,-0.0,-0.0,-0.0,0.8791649341583252,0.07875831425189972,-1.6377812623977661,0.0,0.0,0.0,4.470348358154297e-08,0.0,0.6000000238418579,-1.1175870895385742e-07,0.05600002408027649,0.5999999642372131,-7.450580596923828e-09,-0.0559999942779541,0.6000000238418579,1.7583296298980713,4.023313522338867e-07,-3.2755625247955322,0.0,0.0,0.0,-5.960464477539063e-08,-3.940700992188795e-07,-3.725290298461914e-09,32.49432373046875,32.49433135986328,52.297916412353516,52.29792404174805,0.11794667690992355,0.11794667690992355,0.4024088680744171,0.4024088680744171,0.4796445071697235,0.4796445071697235,0.023084618151187897,0.023084618151187897,-2.0588457584381104,-2.0588457584381104,0.16305354237556458,0.16305354237556458,0.5904511213302612,0.5904511213302612,0.0,0.0,-0.07758612930774689,-0.07758612930774689,0.425319641828537,0.425319641828537,0.5500251054763794,0.5500251054763794,-0.36540380120277405,-0.36540380120277405,-0.07495608180761337,-0.07495608180761337,-72.7935791015625,-72.7935791015625,-48.6000862121582,-48.6000862121582,-33.53608703613281,-33.53608703613281,22.748666763305664,22.748666763305664,0.0,0.0,180.0
4,0.016666666666666666,0.17206302957362674,9.934424048604466,-69.55802763037225,0.17206302957362674,9.934424048604466,-69.55802763037225,5.0,-5.0,0.0,0.0,15.0,0,0.5,0.0,0.0,3.2,3.2,3.2,9.93442153930664,9.93442440032959,9.93442440032959,9.93442440032959,0.19580025970935822,0.1966966837644577,2.832411766052246,3.139897346496582,0.13185980916023254,0.13185980916023254,0.0,0.0,nan,nan,10.082258224487305,10.082258224487305,20.16451644897461,0.0,-1.6443266868591309,0.4107626676559448,0.0,0.0,0.0,0.4107626676559448,0.0,-1.6443266868591309,0.0,0.0,0.0,0.8207962512969971,-0.14032970368862152,-1.4761900901794434,0.0,0.0,0.0,0.0,-1.6443266868591309,0.4107626676559448,0.0,0.0,0.0,0.4107626676559448,0.0,-1.6443266868591309,-0.0,-0.0,-0.0,0.8207961916923523,0.14033003151416779,-1.4761900901794434,0.0,0.0,0.0,4.470348358154297e-08,0.0,0.6000000238418579,-1.043081283569336e-07,0.0559999942779541,0.5999999642372131,0.0,-0.055999964475631714,0.6000000238418579,1.6415925025939941,3.2782554626464844e-07,-2.9523801803588867,0.0,0.0,0.0,-5.21540641784668e-08,-3.348835662109195e-07,-1.1175870895385742e-08,32.253047943115234,32.25304412841797,51.95083236694336,51.950828552246094,0.11794667690992355,0.11794667690992355,0.4024088680744171,0.4024088680744171,0.4796445071697235,0.4796445071697235,0.023084618151187897,0.023084618151187897,-2.069272518157959,-2.069272518157959,0.341704398393631,0.341704398393631,0.5709775686264038,0.5709775686264038,0.0,0.0,-0.07712945342063904,-0.07712945342063904,0.4107626676559448,0.4107626676559448,0.5500251054763794,0.5500251054763794,-0.36720117926597595,-0.36720117926597595,-0.06751733273267746,-0.06751733273267746,-71.0322036743164,-71.0322036743164,-47.6233024597168,-47.6233024597168,-32.538673400878906,-32.538673400878906,22.555011749267578,22.555011749267578,0.0,0.0,180.0
5,0.020833333333333332,0.21280461165725864,9.61009640850693,-86.02817870989686,0.21280461165725864,9.61009640850693,-86.02817870989686,5.0,-5.0,0.0,0.0,15.0,0,0.5,0.0,0.0,3.2,3.2,3.2,9.610097885131836,9.610095024108887,9.610095977783203,9.610095977783203,0.23449741303920746,0.23542176187038422,2.2744338512420654,2.590254306793213,0.1275550127029419,0.1275550127029419,0.0,0.0,nan,nan,8.93236255645752,8.93236255645752,17.86472511291504,0.0,-1.4606562852859497,0.4043749272823334,0.0,0.0,0.0,0.4043749272823334,0.0,-1.4606562852859497,0.0,0.0,0.0,0.76563560962677,-0.1838270127773285,-1.2950079441070557,0.0,0.0,0.0,0.0,-1.4606562852859497,0.4043749272823334,0.0,0.0,0.0,0.4043749272823334,0.0,-1.4606562852859497,-0.0,-0.0,-0.0,0.7656355500221252,0.18382734060287476,-1.2950079441070557,0.0,0.0,0.0,4.470348358154297e-08,0.0,0.6000000238418579,-1.4901161193847656e-08,0.05600005388259888,0.5999999642372131,-8.940696716308594e-08,-0.055999964475631714,0.6000000238418579,1.53127121925354,3.2782554626464844e-07,-2.5900158882141113,0.0,0.0,0.0,-1.2665987014770508e-07,-2.9649802968378935e-07,-8.940696716308594e-08,31.930923461914062,31.930923461914062,51.480010986328125,51.480010986328125,0.11794667690992355,0.11794667690992355,0.4165618121623993,0.4165618121623993,0.46549156308174133,0.46549156308174133,0.017258400097489357,0.017258400097489357,-2.042686700820923,-2.042686700820923,0.5189313292503357,0.5189313292503357,0.540837287902832,0.540837287902832,0.0,0.0,-0.0765722244977951,-0.0765722244977951,0.4043749272823334,0.4043749272823334,0.5500251054763794,0.5500251054763794,-0.3672349750995636,-0.3672349750995636,-0.05858075991272926,-0.05858075991272926,-68.77867889404297,-68.77867889404297,-46.360450744628906,-46.360450744628906,-31.255783081054688,-31.255783081054688,22.308364868164062,22.308364868164062,0.0,0.0,180.0
6,0.025,0.25205352229001743,9.21836084694846,-101.89490392693271,0.25205352229001743,9.21836084694846,-101.89490392693271,5.0,-5.0,0.0,0.0,15.0,0,0.5,0.0,0.0,3.2,3.2,3.2,9.218358993530273,9.218360900878906,9.218360900878906,9.218360900878906,0.27154481410980225,0.2724905014038086,1.6997103691101074,2.021629571914673,0.12235549092292786,0.12235549092292786,0.0,0.0,nan,nan,7.713766574859619,7.713766574859619,15.427533149719238,0.0,-1.2570945024490356,0.3990020751953125,0.0,0.0,0.0,0.3990020751953125,0.0,-1.2570945024490356,0.0,0.0,0.0,0.7063237428665161,-0.20702169835567474,-1.0944122076034546,0.0,0.0,0.0,0.0,-1.2570945024490356,0.3990020751953125,0.0,0.0,0.0,0.3990020751953125,0.0,-1.2570945024490356,-0.0,-0.0,-0.0,0.7063238024711609,0.20702192187309265,-1.094412088394165,0.0,0.0,0.0,4.470348358154297e-08,0.0,0.6000000238418579,-7.450580596923828e-08,0.05600005388259888,0.5999999642372131,-5.21540641784668e-08,-0.055999934673309326,0.5999999642372131,1.4126474857330322,2.2351741790771484e-07,-2.18882417678833,0.0,0.0,0.0,-1.341104507446289e-07,-3.206665155630617e-07,-7.450580596923828e-08,31.52140998840332,31.52140998840332,50.868377685546875,50.86837387084961,0.11794667690992355,0.11794667690992355,0.43071863055229187,0.43071863055229187,0.45133471488952637,0.45133471488952637,0.00794259924441576,0.00794259924441576,-1.9805182218551636,-1.9805182218551636,0.6936150193214417,0.6936150193214417,0.5014570951461792,0.5014570951461792,0.0,0.0,-0.0759352296590805,-0.0759352296590805,0.3990020751953125,0.3990020751953125,0.5500251054763794,0.5500251054763794,-0.3654974102973938,-0.3654974102973938,-0.04820144921541214,-0.04820144921541214,-66.04624938964844,-66.04624938964844,-44.81893539428711,-44.81893539428711,-29.694961547851562,-29.694961547851562,22.010454177856445,22.010454177856445,0.0,0.0,180.0
7,0.029166666666666667,0.28953445856411764,8.761965107431775,-117.04690960430857,0.28953445856411764,8.761965107431775,-117.04690960430857,5.0,-5.0,0.0,0.0,15.0,0,0.5,0.0,0.0,3.2,3.2,3.2,8.761962890625,8.761963844299316,8.761964797973633,8.761964797973633,0.3066673278808594,0.30762800574302673,1.1098380088806152,1.435537338256836,0.11629774421453476,0.11629774421453476,0.0,0.0,nan,nan,6.345561981201172,6.345561981201172,12.691123962402344,0.0,-1.0125832557678223,0.3732264041900635,0.0,0.0,0.0,0.3732264041900635,0.0,-1.0125832557678223,0.0,0.0,0.0,0.6172075271606445,-0.20406323671340942,-0.8614150285720825,0.0,0.0,0.0,0.0,-1.0125832557678223,0.3732264041900635,0.0,0.0,0.0,0.3732264041900635,0.0,-1.0125832557678223,-0.0,-0.0,-0.0,0.6172074675559998,0.20406349003314972,-0.8614150285720825,0.0,0.0,0.0,4.470348358154297e-08,0.0,0.6000000238418579,-3.725290298461914e-08,0.0559999942779541,0.6000000238418579,-2.2351741790771484e-08,-0.055999964475631714,0.6000000238418579,1.234415054321289,2.5331974029541016e-07,-1.722830057144165,0.0,0.0,0.0,-2.2351741790771484e-08,-1.2836083840284118e-07,-2.2351741790771484e-08,31.016643524169922,31.016643524169922,50.093997955322266,50.093990325927734,0.11794667690992355,0.11794667690992355,0.44487857818603516,0.44487857818603516,0.43717479705810547,0.43717479705810547,0.002056337660178542,0.002056337660178542,-1.8847198486328125,-1.8847198486328125,0.8645848035812378,0.8645848035812378,0.45467689633369446,0.45467689633369446,0.0,0.0,-0.07524202764034271,-0.07524202764034271,0.3732264041900635,0.3732264041900635,0.5500251054763794,0.5500251054763794,-0.3619908094406128,-0.3619908094406128,-0.0364423431456089,-0.0364423431456089,-62.851280212402344,-62.851280212402344,-43.00796127319336,-43.00796127319336,-27.865549087524414,-27.865549087524414,21.66337013244629,21.66337013244629,0.0,0.0,180.0
8,0.03333333333333333,0.32498451864161193,8.244110478149704,-131.3779153088987,0.32498451864161193,8.244110478149704,-131.3779153088987,5.0,-5.0,0.0,0.0,15.0,0,0.5,0.0,0.0,3.2,3.2,3.2,8.244110107421875,8.244107246398926,8.244110107421875,8.244110107421875,0.3396175503730774,0.34058672189712524,0.5087685585021973,0.8358975052833557,0.10942424833774567,0.10942424833774567,0.0,0.0,nan,nan,4.864300727844238,4.864300727844238,9.728601455688477,0.0,-0.7270357608795166,0.3281308710575104,0.0,0.0,0.0,0.3281308710575104,0.0,-0.7270357608795166,0.0,0.0,0.0,0.49980002641677856,-0.1716650426387787,-0.5974796414375305,0.0,0.0,0.0,0.0,-0.7270357608795166,0.3281308710575104,0.0,0.0,0.0,0.3281308710575104,0.0,-0.7270357608795166,-0.0,-0.0,-0.0,0.49980002641677856,0.17166517674922943,-0.5974796414375305,0.0,0.0,0.0,4.470348358154297e-08,0.0,0.6000000238418579,2.2351741790771484e-08,0.05600005388259888,0.6000000238418579,-1.4901161193847656e-07,-0.055999964475631714,0.5999999642372131,0.9996000528335571,1.341104507446289e-07,-1.194959282875061,0.0,0.0,0.0,-4.470348358154297e-08,-1.5888593907220638e-07,-7.450580596923828e-08,30.40754508972168,30.40754508972168,49.12944030761719,49.12944030761719,0.11794667690992355,0.11794667690992355,0.4732013940811157,0.4732013940811157,0.4088520109653473,0.4088520109653473,0.0,0.0,-1.757659912109375,-1.757659912109375,1.030624270439148,1.030624270439148,0.40264904499053955,0.40264904499053955,0.0,0.0,-0.07451818883419037,-0.07451818883419037,0.3281308710575104,0.3281308710575104,0.5500251054763794,0.5500251054763794,-0.3567286431789398,-0.3567286431789398,-0.023374903947114944,-0.023374903947114944,-59.21332931518555,-59.21332931518555,-40.93856430053711,-40.93856430053711,-25.778715133666992,-25.778715133666992,21.269546508789062,21.269546508789062,0.0,0.0,180.0
9,0.0375,0.3581550458218899,7.668429337248615,-144.78739933249884,0.3581550458218899,7.668429337248615,-144.78739933249884,5.0,-5.0,0.0,0.0,15.0,0,0.5,0.0,0.0,3.2,3.2,3.2,7.668426990509033,7.668428897857666,7.668429374694824,7.668429851531982,0.370170533657074,0.37114134430885315,-0.09828627109527588,0.2279251217842102,0.10178322345018387,0.10178322345018387,0.0,0.0,nan,nan,3.36846923828125,3.36846923828125,6.7369384765625,0.0,-0.4114980697631836,0.2739322781562805,0.0,0.0,0.0,0.2739322781562805,0.0,-0.4114980697631836,0.0,0.0,0.0,0.3671993315219879,-0.11036916077136993,-0.3120141923427582,0.0,0.0,0.0,0.0,-0.4114980697631836,0.2739322781562805,0.0,0.0,0.0,0.2739322781562805,0.0,-0.4114980697631836,-0.0,-0.0,-0.0,0.3671993613243103,0.1103692427277565,-0.3120141327381134,0.0,0.0,0.0,4.470348358154297e-08,0.0,0.6000000238418579,-7.450580596923828e-08,0.0559999942779541,0.5999999642372131,-5.21540641784668e-08,-0.055999934673309326,0.6000000238418579,0.7343987226486206,8.195638656616211e-08,-0.6240283250808716,0.0,0.0,0.0,-2.7939677238464355e-08,-8.93027021220405e-08,-1.862645149230957e-08,29.683975219726562,29.683975219726562,47.94109344482422,47.941097259521484,0.11794667690992355,0.11794667690992355,0.5015096664428711,0.5015096664428711,0.38054367899894714,0.38054367899894714,0.0,0.0,-1.6019785404205322,-1.6019785404205322,1.1904804706573486,1.1904804706573486,0.347722589969635,0.347722589969635,0.0,0.0,-0.07379033416509628,-0.07379033416509628,0.2739322781562805,0.2739322781562805,0.5500251054763794,0.5500251054763794,-0.3497360348701477,-0.3497360348701477,-0.009078867733478546,-0.009078867733478546,-55.155208587646484,-55.155208587646484,-38.623680114746094,-38.623680114746094,-23.447521209716797,-23.447521209716797,20.831748962402344,20.831748962402344,0.0,0.0,180.0
10,0.041666666666666664,0.3888133726897726,7.038959674305606,-157.1813037793844,0.3888133726897726,7.038959674305606,-157.1813037793844,5.0,-5.0,0.0,0.0,15.0,0,0.5,0.0,0.0,3.2,3.2,3.2,7.038958549499512,7.038959980010986,7.038959980010986,7.038959980010986,0.3981183171272278,0.39908406138420105,-0.7060448527336121,-0.3830636143684387,0.09342825412750244,0.09342825412750244,0.0,0.0,nan,nan,1.9550371170043945,1.9550371170043945,3.910074234008789,0.0,-0.07755878567695618,0.21924376487731934,0.0,0.0,0.0,0.21924376487731934,0.0,-0.07755878567695618,0.0,0.0,0.0,0.23093727231025696,-0.023082848638296127,-0.014776848256587982,0.0,0.0,0.0,0.0,-0.07755878567695618,0.21924376487731934,0.0,0.0,0.0,0.21924376487731934,0.0,-0.07755878567695618,-0.0,-0.0,-0.0,0.23093727231025696,0.023082861676812172,-0.01477684173732996,0.0,0.0,0.0,4.470348358154297e-08,0.0,0.6000000238418579,-1.1920928955078125e-07,0.0559999942779541,0.5999999642372131,7.450580596923828e-08,-0.0559999942779541,0.6000000238418579,0.4618745446205139,1.30385160446167e-08,-0.029553689062595367,0.0,0.0,0.0,-1.7462298274040222e-09,-1.574666441683803e-08,4.6566128730773926e-09,28.83502769470215,28.83502769470215,46.488494873046875,46.488494873046875,0.11794667690992355,0.11794667690992355,0.5438657999038696,0.5438657999038696,0.3381875455379486,0.3381875455379486,0.0,0.0,-1.420436143875122,-1.420436143875122,1.3428773880004883,1.3428773880004883,0.29232901334762573,0.29232901334762573,0.0,0.0,-0.0730852335691452,-0.0730852335691452,0.21924376487731934,0.21924376487731934,0.5500251054763794,0.5500251054763794,-0.3410501182079315,-0.3410501182079315,0.006357371807098389,0.006357371807098389,-50.702972412109375,-50.702972412109375,-36.07811737060547,-36.07811737060547,-20.886877059936523,-20.886877059936523,20.353044509887695,20.353044509887695,0.0,0.0,180.0
11,0.04583333333333333,0.4167444531102595,6.360116766732891,-168.4726943148685,0.4167444531102595,6.360116766732891,-168.4726943148685,5.0,-5.0,0.0,0.0,15.0,0,0.5,0.0,0.0,3.2,3.2,3.2,6.360117435455322,6.360116004943848,6.360117435455322,6.360117435455322,0.42326608300209045,0.42422014474868774,-1.3100528717041016,-0.9925918579101562,0.08441796153783798,0.08441796153783798,0.0,0.0,nan,nan,0.6767458319664001,0.6767458319664001,1.3534916639328003,0.0,0.27078408002853394,0.16644757986068726,0.0,0.0,0.0,0.16644757986068726,0.0,0.27078408002853394,0.0,0.0,0.0,0.09447649866342545,0.08777827769517899,0.2905133068561554,0.0,0.0,0.0,0.0,0.27078408002853394,0.16644757986068726,0.0,0.0,0.0,0.16644757986068726,0.0,0.27078408002853394,-0.0,-0.0,-0.0,0.09447649121284485,-0.08777832984924316,0.290513277053833,0.0,0.0,0.0,4.470348358154297e-08,0.0,0.6000000238418579,7.450580596923828e-09,0.056000083684921265,0.5999999642372131,-5.21540641784668e-08,-0.055999964475631714,0.6000000238418579,0.1889529824256897,-5.21540641784668e-08,0.581026554107666,0.0,0.0,0.0,4.0978193283081055e-08,3.332963061097871e-08,-6.51925802230835e-09,27.84942054748535,27.84942054748535,44.72383499145508,44.72383499145508,0.11794667690992355,0.11794667690992355,0.5998412370681763,0.5998412370681763,0.28221216797828674,0.28221216797828674,0.0,0.0,-1.2157520055770874,-1.2157520055770874,1.4865360260009766,1.4865360260009766,0.238876610994339,0.238876610994339,0.0,0.0,-0.07242901623249054,-0.07242901623249054,0.16644757986068726,0.16644757986068726,0.5500251054763794,0.5500251054763794,-0.3307207226753235,-0.3307207226753235,0.022836556658148766,0.022836556658148766,-45.8858757019043,-45.8858757019043,-33.31854248046875,-33.31854248046875,-18.11356544494629,-18.11356544494629,19.836793899536133,19.836793899536133,0.0,0.0,180.0
12,0.05,0.44175237062265427,5.636662209779135,-178.5823699471977,0.44175237062265427,5.636662209779135,-178.5823699471977,5.0,-5.0,0.0,0.0,15.0,0,0.5,0.0,0.0,3.2,3.2,3.2,5.636661052703857,5.636661529541016,5.636662483215332,5.636662483215332,0.4454384744167328,0.4463741183280945,-1.9059172868728638,-1.5962255001068115,0.074815534055233,0.074815534055233,0.0,0.0,nan,nan,-0.41913580894470215,-0.41913580894470215,-0.8382716178894043,0.0,0.629759669303894,0.11781476438045502,0.0,0.0,0.0,0.11781476438045502,0.0,0.629759669303894,0.0,0.0,0.0,-0.03902236372232437,0.218978151679039,0.6008356213569641,0.0,0.0,0.0,0.0,0.629759669303894,0.11781476438045502,0.0,0.0,0.0,0.11781476438045502,0.0,0.629759669303894,-0.0,-0.0,-0.0,-0.03902237117290497,-0.21897825598716736,0.6008355617523193,0.0,0.0,0.0,4.470348358154297e-08,0.0,0.6000000238418579,-7.450580596923828e-08,0.05600005388259888,0.5999999642372131,-7.450580596923828e-09,-0.055999934673309326,0.6000000238418579,-0.07804473489522934,-1.043081283569336e-07,1.2016711235046387,0.0,0.0,0.0,8.940696716308594e-08,1.0528711413826386e-07,-1.0477378964424133e-08,26.71609115600586,26.71609115600586,42.59206008911133,42.592063903808594,0.11794667690992355,0.11794667690992355,0.6680206060409546,0.6680206060409546,0.21403278410434723,0.21403278410434723,0.0,0.0,-0.9904357194900513,-0.9904357194900513,1.6201953887939453,1.6201953887939453,0.1896611750125885,0.1896611750125885,0.0,0.0,-0.07184641063213348,-0.07184641063213348,0.11781476438045502,0.11781476438045502,0.5500251054763794,0.5500251054763794,-0.31881067156791687,-0.31881067156791687,0.04025277495384216,0.04025277495384216,-40.73635482788086,-40.73635482788086,-30.363475799560547,-30.363475799560547,-15.146197319030762,-15.146197319030762,19.2866153717041,19.2866153717041,0.0,0.0,180.0
13,0.05416666666666667,0.46366171265377154,4.873670517359991,-187.43941856560303,0.46366171265377154,4.873670517359991,-187.43941856560303,5.0,-5.0,0.0,0.0,15.0,0,0.5,0.0,0.0,3.2,3.2,3.2,4.873668670654297,4.8736701011657715,4.87367057800293,4.87367057800293,0.4644804298877716,0.46539121866226196,-2.489358901977539,-2.1896255016326904,0.06468833237886429,0.06468833237886429,0.0,0.0,nan,nan,-1.292433500289917,-1.292433500289917,-2.584867000579834,0.0,0.9959956407546997,0.07544393092393875,0.0,0.0,0.0,0.07544393092393875,0.0,0.9959956407546997,0.0,0.0,0.0,-0.16680161654949188,0.3666996955871582,0.9140064120292664,0.0,0.0,0.0,0.0,0.9959956407546997,0.07544393092393875,0.0,0.0,0.0,0.07544393092393875,0.0,0.9959956407546997,-0.0,-0.0,-0.0,-0.1668016016483307,-0.36669987440109253,0.9140063524246216,0.0,0.0,0.0,4.470348358154297e-08,0.0,0.6000000238418579,-1.1175870895385742e-07,0.055999964475631714,0.5999999642372131,-1.4901161193847656e-08,-0.055999964475631714,0.6000000238418579,-0.3336032032966614,-1.7881393432617188e-07,1.8280127048492432,0.0,0.0,0.0,2.60770320892334e-08,2.0742862716360833e-07,-3.632158041000366e-08,25.425172805786133,25.425172805786133,40.03216552734375,40.03216552734375,0.11794667690992355,0.11794667690992355,0.7563843131065369,0.7563843131065369,0.12566909193992615,0.12566909193992615,0.0,0.0,-0.7466413974761963,-0.7466413974761963,1.7426371574401855,1.7426371574401855,0.1468040943145752,0.1468040943145752,0.0,0.0,-0.07136015594005585,-0.07136015594005585,0.07544393092393875,0.07544393092393875,0.5500251054763794,0.5500251054763794,-0.30539602041244507,-0.30539602041244507,0.05849137529730797,0.05849137529730797,-35.289794921875,-35.289794921875,-27.233154296875,-27.233154296875,-12.005098342895508,-12.005098342895508,18.706369400024414,18.706369400024414,0.0,0.0,180.0
14,0.058333333333333334,0.48231880091110346,4.076493527988999,-194.9817143378071,0.48231880091110346,4.076493527988999,-194.9817143378071,5.0,-5.0,0.0,0.0,15.0,0,0.5,0.0,0.0,3.2,3.2,3.2,4.076492786407471,4.076493740081787,4.076493740081787,4.076493740081787,0.4802587926387787,0.4811382591724396,-3.056248664855957,-2.768594264984131,0.05410738289356232,0.05410738289356232,0.0,0.0,nan,nan,-1.9110987186431885,-1.9110987186431885,-3.822197437286377,0.0,1.3666765689849854,0.04122874140739441,0.0,0.0,0.0,0.04122874140739441,0.0,1.3666765689849854,0.0,0.0,0.0,-0.2865642309188843,0.5267929434776306,1.2287696599960327,0.0,0.0,0.0,0.0,1.3666765689849854,0.04122874140739441,0.0,0.0,0.0,0.04122874140739441,0.0,1.3666765689849854,-0.0,-0.0,-0.0,-0.2865642309188843,-0.5267933011054993,1.2287695407867432,0.0,0.0,0.0,4.470348358154297e-08,0.0,0.6000000238418579,-1.341104507446289e-07,0.05600002408027649,0.5999999046325684,2.9802322387695312e-08,-0.055999964475631714,0.6000000238418579,-0.5731284618377686,-3.5762786865234375e-07,2.4575390815734863,0.0,0.0,0.0,1.4156103134155273e-07,2.7219235221309646e-07,-7.078051567077637e-08,23.969369888305664,23.969371795654297,36.980777740478516,36.980777740478516,0.11794667690992355,0.11794667690992355,0.8524252772331238,0.8524252772331238,0.029628142714500427,0.029628142714500427,0.0,0.0,-0.4860359728336334,-0.4860359728336334,1.852712631225586,1.852712631225586,0.11221913993358612,0.11221913993358612,0.0,0.0,-0.07099039852619171,-0.07099039852619171,0.04122874140739441,0.04122874140739441,0.5500251054763794,0.5500251054763794,-0.2905657887458801,-0.2905657887458801,0.07742945849895477,0.07742945849895477,-29.58440399169922,-29.58440399169922,-23.94947624206543,-23.94947624206543,-8.712244033813477,-8.712244033813477,18.10012435913086,18.10012435913086,0.0,0.0,180.0
15,0.0625,0.49759276932562435,3.2507228654757254,-201.1563534780999,0.49759276932562435,3.2507228654757254,-201.1563534780999,5.0,-5.0,0.0,0.0,15.0,0,0.5,0.0,0.0,3.2,3.2,3.2,3.250722885131836,3.2507216930389404,3.250722885131836,3.250722885131836,0.492662638425827,0.49350470304489136,-3.6026487350463867,-3.3291125297546387,0.04314691200852394,0.04314691200852394,0.0,0.0,nan,nan,-2.251502275466919,-2.251502275466919,-4.503004550933838,0.0,1.7396504878997803,0.016857273876667023,0.0,0.0,0.0,0.016857273876667023,0.0,1.7396504878997803,0.0,0.0,0.0,-0.3964793086051941,0.6949969530105591,1.5448144674301147,0.0,0.0,0.0,0.0,1.7396504878997803,0.016857273876667023,0.0,0.0,0.0,0.016857273876667023,0.0,1.7396504878997803,-0.0,-0.0,-0.0,-0.39647915959358215,-0.6949969530105591,1.5448143482208252,0.0,0.0,0.0,4.470348358154297e-08,0.0,0.6000000238418579,2.2351741790771484e-08,0.05600005388259888,0.6000000238418579,-4.470348358154297e-08,-0.055999964475631714,0.6000000238418579,-0.7929584980010986,0.0,3.0896286964416504,0.0,0.0,0.0,1.4901161193847656e-07,1.7264646601233835e-07,8.940696716308594e-08,22.345958709716797,22.34595489501953,33.37980270385742,33.37980270385742,0.11794667690992355,0.11794667690992355,0.8820533156394958,0.8820533156394958,0.0,0.0,0.0,0.0,-0.2097177803516388,-0.2097177803516388,1.9493682384490967,1.9493682384490967,0.08761175721883774,0.08761175721883774,0.0,0.0,-0.07075448334217072,-0.07075448334217072,0.016857273876667023,0.016857273876667023,0.5500251054763794,0.5500251054763794,-0.27442190051078796,-0.27442190051078796,0.09693636000156403,0.09693636000156403,-23.660898208618164,-23.660898208618164,-20.535818099975586,-20.535818099975586,-5.291072368621826,-5.291072368621826,17.472135543823242,17.472135543823242,0.0,0.0,180.0
16,0.06666666666666667,0.5093764819832374,2.4021507177022965,-205.9200253293844,0.5093764819832374,2.4021507177022965,-205.9200253293844,5.0,-5.0,0.0,0.0,15.0,0,0.5,0.0,0.0,3.2,3.2,3.2,2.4021499156951904,2.4021503925323486,2.4021506309509277,2.4021506309509277,0.5016039609909058,0.5024028420448303,-4.124851703643799,-3.867370128631592,0.03188379481434822,0.03188379481434822,0.0,0.0,nan,nan,-2.2980763912200928,-2.2980763912200928,-4.5961527824401855,0.0,2.113485336303711,0.0038374122232198715,0.0,0.0,0.0,0.0038374122232198715,0.0,2.113485336303711,0.0,0.0,0.0,-0.4951443374156952,0.8671173453330994,1.862733006477356,0.0,0.0,0.0,0.0,2.113485336303711,0.0038374122232198715,0.0,0.0,0.0,0.0038374122232198715,0.0,2.113485336303711,-0.0,-0.0,-0.0,-0.4951443672180176,-0.8671180009841919,1.8627327680587769,0.0,0.0,0.0,4.470348358154297e-08,0.0,0.6000000238418579,-1.341104507446289e-07,0.05600002408027649,0.5999999046325684,7.450580596923828e-09,-0.055999934673309326,0.6000000238418579,-0.9902887344360352,-6.556510925292969e-07,3.725465774536133,0.0,0.0,0.0,2.8312206268310547e-07,4.615006332642224e-07,-8.009374141693115e-08,20.559574127197266,20.5595760345459,29.190431594848633,29.190431594848633,0.11794667690992355,0.11794667690992355,0.8820533156394958,0.8820533156394958,0.0,0.0,0.0,0.0,0.08181404322385788,0.08181404322385788,2.0316715240478516,2.0316715240478516,0.0745038241147995,0.0745038241147995,0.0,0.0,-0.07066641002893448,-0.07066641002893448,0.0038374122232198715,0.0038374122232198715,0.5500251054763794,0.5500251054763794,-0.2570783793926239,-0.2570783793926239,0.11687438935041428,0.11687438935041428,-17.562204360961914,-17.562204360961914,-17.016862869262695,-17.016862869262695,-1.7663218975067139,-1.7663218975067139,16.82680892944336,16.82680892944336,0.0,0.0,180.0
17,0.07083333333333333,0.5175872846062355,1.5367292085870927,-209.23931615631736,0.5175872846062355,1.5367292085870927,-209.23931615631736,5.0,-5.0,0.0,0.0,15.0,0,0.5,0.0,0.0,3.2,3.2,3.2,1.5367289781570435,1.536728858947754,1.536729335784912,1.536729335784912,0.50701904296875,0.5077692270278931,-4.619392395019531,-4.379798889160156,0.020397039130330086,0.020397039130330086,0.0,0.0,nan,nan,-2.0424132347106934,-2.0424132347106934,-4.084826469421387,0.0,2.487452983856201,0.0035385126248002052,0.0,0.0,0.0,0.0035385126248002052,0.0,2.487452983856201,0.0,0.0,0.0,-0.581512987613678,1.0391387939453125,2.1839113235473633,0.0,0.0,0.0,0.0,2.487452983856201,0.0035385126248002052,0.0,0.0,0.0,0.0035385126248002052,0.0,2.487452983856201,-0.0,-0.0,-0.0,-0.5815131068229675,-1.0391391515731812,2.183911085128784,0.0,0.0,0.0,4.470348358154297e-08,0.0,0.6000000238418579,-1.043081283569336e-07,0.05600002408027649,0.5999999642372131,-1.1920928955078125e-07,-0.055999964475631714,0.5999999642372131,-1.1630260944366455,-3.5762786865234375e-07,4.367822647094727,0.0,0.0,0.0,1.4156103134155273e-07,7.527207799284952e-07,4.0978193283081055e-08,18.62598419189453,18.625988006591797,24.416597366333008,24.416616439819336,0.11794667690992355,0.11794667690992355,0.8820533156394958,0.8820533156394958,0.0,0.0,0.0,0.0,0.3886198103427887,0.3886198103427887,2.0988330841064453,2.0988330841064453,0.07427530735731125,0.07427530735731125,0.0,0.0,-0.07073679566383362,-0.07073679566383362,0.0035385126248002052,0.0035385126248002052,0.5500251054763794,0.5500251054763794,-0.2386607527732849,-0.2386607527732849,0.13709986209869385,0.13709986209869385,-11.333057403564453,-11.333057403564453,-13.418386459350586,-13.418386459350586,1.8361934423446655,1.8361934423446655,16.168664932250977,16.168664932250977,0.0,0.0,180.0
18,0.075,0.5221675843136717,0.6605286482120658,-211.09094351865497,0.5221675843136717,0.6605286482120658,-211.09094351865497,5.0,-5.0,0.0,0.0,15.0,0,0.5,0.0,0.0,3.2,3.2,3.2,0.6605283617973328,0.6605286598205566,0.6605286598205566,0.6605286598205566,0.5088680982589722,0.509564220905304,-5.083067893981934,-4.86307430267334,0.008767210878431797,0.008767210878431797,0.0,0.0,nan,nan,-1.482092261314392,-1.482092261314392,-2.964184522628784,0.0,2.861435890197754,0.017234567552804947,0.0,0.0,0.0,0.017234567552804947,0.0,2.861435890197754,0.0,0.0,0.0,-0.6548027396202087,1.207265853881836,2.5103495121002197,0.0,0.0,0.0,0.0,2.861435890197754,0.017234567552804947,0.0,0.0,0.0,0.017234567552804947,0.0,2.861435890197754,-0.0,-0.0,-0.0,-0.654802680015564,-1.2072665691375732,2.5103492736816406,0.0,0.0,0.0,4.470348358154297e-08,0.0,0.6000000238418579,-7.450580596923828e-08,0.05600002408027649,0.5999999642372131,7.450580596923828e-09,-0.055999964475631714,0.6000000238418579,-1.309605360031128,-7.152557373046875e-07,5.020698547363281,0.0,0.0,0.0,2.2351741790771484e-07,4.3180406805731764e-07,-5.960464477539063e-08,16.577594757080078,16.577594757080078,19.143943786621094,19.143943786621094,0.11794667690992355,0.11794667690992355,0.8820533156394958,0.8820533156394958,0.0,0.0,0.0,0.0,0.7112100124359131,0.7112100124359131,2.150225877761841,2.150225877761841,0.08820714801549911,0.08820714801549911,0.0,0.0,-0.07097258418798447,-0.07097258418798447,0.017234567552804947,0.017234567552804947,0.5500251054763794,0.5500251054763794,-0.2193046510219574,-0.2193046510219574,0.1574644297361374,0.1574644297361374,-5.019560813903809,-5.019560813903809,-9.766992568969727,-9.766992568969727,5.489840507507324,5.489840507507324,15.502325057983398,15.502325057983398,0.0,0.0,180.0
19,0.07916666666666666,0.5230852535940391,-0.22030504604099224,-211.46191958084287,0.5230852535940391,-0.22030504604099224,-211.46191958084287,5.0,-5.0,0.0,0.0,15.0,0,0.5,0.0,0.0,3.2,3.2,3.2,0.22030499577522278,0.22030504047870636,0.22030505537986755,0.22030505537986755,0.5071364045143127,0.507773756980896,-5.512950420379639,-5.314133644104004,-0.0029241135343909264,-0.0029241135343909264,0.0,0.0,nan,nan,-0.6195358633995056,-0.6195358633995056,-1.2390717267990112,0.0,3.2357661724090576,0.04613184928894043,0.0,0.0,0.0,0.04613184928894043,0.0,3.2357661724090576,0.0,0.0,0.0,-0.7144038677215576,1.3678911924362183,2.844435214996338,0.0,0.0,0.0,0.0,3.2357661724090576,0.04613184928894043,0.0,0.0,0.0,0.04613184928894043,0.0,3.2357661724090576,-0.0,-0.0,-0.0,-0.7144038081169128,-1.3678922653198242,2.844434976577759,0.0,0.0,0.0,4.470348358154297e-08,0.0,0.6000000238418579,-8.940696716308594e-08,0.05600002408027649,0.5999999642372131,1.4901161193847656e-08,-0.055999964475631714,0.6000000238418579,-1.4288077354431152,-1.0728836059570312e-06,5.688870429992676,0.0,0.0,0.0,2.682209014892578e-07,5.088210173198604e-07,-9.685754776000977e-08,14.4735689163208,14.473566055297852,15.14228343963623,15.14228343963623,0.8820533156394958,0.8820533156394958,0.11794667690992355,0.11794667690992355,0.0,0.0,0.0,0.0,1.0503664016723633,1.0503664016723633,2.1853995323181152,2.1853995323181152,0.11750885844230652,0.11750885844230652,0.0,0.0,-0.07137700915336609,-0.07137700915336609,0.04613184928894043,0.04613184928894043,0.5500251054763794,0.5500251054763794,-0.19915473461151123,-0.19915473461151123,0.17781640589237213,0.17781640589237213,1.3312814235687256,1.3312814235687256,-6.089845657348633,-6.089845657348633,9.167438507080078,9.167438507080078,14.8324613571167,14.8324613571167,0.0,0.0,180.0
20,0.08333333333333333,0.5203338556566807,-1.0995934586850276,-210.34964221235077,0.5203338556566807,-1.0995934586850276,-210.34964221235077,5.0,-5.0,0.0,0.0,15.0,0,0.5,0.0,0.0,3.2,3.2,3.2,1.0995932817459106,1.0995932817459106,1.0995935201644897,1.0995935201644897,0.5018335580825806,0.5024077296257019,-5.906364440917969,-5.730165958404541,-0.014594926498830318,-0.014594926498830318,0.0,0.0,nan,nan,0.5388026237487793,0.5388026237487793,1.0776052474975586,0.0,3.6110057830810547,0.09136626124382019,0.0,0.0,0.0,0.09136626124382019,0.0,3.6110057830810547,0.0,0.0,0.0,-0.7598087787628174,1.517511010169983,3.1886613368988037,0.0,0.0,0.0,0.0,3.6110057830810547,0.09136626124382019,0.0,0.0,0.0,0.09136626124382019,0.0,3.6110057830810547,-0.0,-0.0,-0.0,-0.7598087787628174,-1.5175114870071411,3.1886610984802246,0.0,0.0,0.0,4.470348358154297e-08,0.0,0.6000000238418579,-3.725290298461914e-08,0.05600002408027649,0.5999999642372131,-1.4901161193847656e-08,-0.055999964475631714,0.6000000238418579,-1.5196175575256348,-4.76837158203125e-07,6.377322196960449,0.0,0.0,0.0,2.980232238769531e-07,4.9667835355649e-07,1.1175870895385742e-08,12.42917251586914,12.429173469543457,15.713781356811523,15.713781356811523,0.8820533156394958,0.8820533156394958,0.11794667690992355,0.11794667690992355,0.0,0.0,0.0,0.0,1.406916618347168,1.406916618347168,2.2040891647338867,2.2040891647338867,0.16331566870212555,0.16331566870212555,0.0,0.0,-0.07194940745830536,-0.07194940745830536,0.09136626124382019,0.09136626124382019,0.5500251054763794,0.5500251054763794,-0.17836284637451172,-0.17836284637451172,0.19800248742103577,0.19800248742103577,7.672070026397705,7.672070026397705,-2.4143877029418945,-2.4143877029418945,12.841543197631836,12.841543197631836,14.163772583007812,14.163772583007812,0.0,0.0,180.0
21,0.0875,0.5139326895812499,-1.9711690132731972,-207.7619132397484,0.5139326895812499,-1.9711690132731972,-207.7619132397484,5.0,-5.0,0.0,0.0,15.0,0,0.5,0.0,0.0,3.2,3.2,3.2,1.9711685180664062,1.9711686372756958,1.9711689949035645,1.9711689949035645,0.49299490451812744,0.4935021698474884,-6.260899543762207,-6.108605861663818,-0.026163367554545403,-0.026163367554545403,0.0,0.0,nan,nan,1.9827196598052979,1.9827196598052979,3.9654393196105957,0.0,3.987701416015625,0.15396104753017426,0.0,0.0,0.0,0.15396104753017426,0.0,3.987701416015625,0.0,0.0,0.0,-0.7905728220939636,1.65261971950531,3.5453221797943115,0.0,0.0,0.0,0.0,3.987701416015625,0.15396104753017426,0.0,0.0,0.0,0.15396104753017426,0.0,3.987701416015625,-0.0,-0.0,-0.0,-0.7905726432800293,-1.6526206731796265,3.5453217029571533,0.0,0.0,0.0,4.470348358154297e-08,0.0,0.6000000238418579,-1.4901161193847656e-07,0.05600002408027649,0.5999999642372131,-1.4901161193847656e-08,-0.0559999942779541,0.6000000238418579,-1.5811455249786377,-9.5367431640625e-07,7.090643882751465,0.0,0.0,0.0,2.384185791015625e-07,9.452218705519044e-07,-1.8998980522155762e-07,10.723983764648438,10.723981857299805,16.287385940551758,16.28736114501953,0.8820533156394958,0.8820533156394958,0.11794667690992355,0.11794667690992355,0.0,0.0,0.0,0.0,1.7814826965332031,1.7814826965332031,2.2062184810638428,2.2062184810638428,0.22664621472358704,0.22664621472358704,0.0,0.0,-0.07268518209457397,-0.07268518209457397,0.15396104753017426,0.15396104753017426,0.5500251054763794,0.5500251054763794,-0.15708649158477783,-0.15708649158477783,0.21786943078041077,0.21786943078041077,13.955520629882812,13.955520629882812,1.2319629192352295,1.2319629192352295,16.484745025634766,16.484745025634766,13.50094985961914,13.50094985961914,0.0,0.0,180.0
22,0.09166666666666666,0.5039266549485347,-2.82891823351624,-203.71688372249793,0.5039266549485347,-2.82891823351624,-203.71688372249793,5.0,-5.0,0.0,0.0,15.0,0,0.5,0.0,0.0,3.2,3.2,3.2,2.8289177417755127,2.828918218612671,2.828917980194092,2.828917980194092,0.48068034648895264,0.48111703991889954,-6.5743865966796875,-6.447120666503906,-0.03754828870296478,-0.03754828870296478,0.0,0.0,nan,nan,3.69795560836792,3.69795560836792,7.39591121673584,0.0,4.366135120391846,0.2347445785999298,0.0,0.0,0.0,0.2347445785999298,0.0,4.366135120391846,0.0,0.0,0.0,-0.8063147664070129,1.769605040550232,3.916196584701538,0.0,0.0,0.0,0.0,4.366135120391846,0.2347445785999298,0.0,0.0,0.0,0.2347445785999298,0.0,4.366135120391846,-0.0,-0.0,-0.0,-0.8063149452209473,-1.7696057558059692,3.916196346282959,0.0,0.0,0.0,4.470348358154297e-08,0.0,0.6000000238418579,-4.470348358154297e-08,0.0559999942779541,0.5999999642372131,-2.2351741790771484e-08,-0.055999934673309326,0.6000000238418579,-1.6126296520233154,-7.152557373046875e-07,7.832392692565918,0.0,0.0,0.0,3.5762786865234375e-07,6.607967861782527e-07,0.0,9.860907554626465,9.860910415649414,16.860544204711914,16.860544204711914,0.8820533156394958,0.8820533156394958,0.11794667690992355,0.11794667690992355,0.0,0.0,0.0,0.0,2.174238920211792,2.174238920211792,2.1918957233428955,2.1918957233428955,0.3083202838897705,0.3083202838897705,0.0,0.0,-0.0735757052898407,-0.0735757052898407,0.2347445785999298,0.2347445785999298,0.5500251054763794,0.5500251054763794,-0.1354868859052658,-0.1354868859052658,0.2372659295797348,0.2372659295797348,20.134971618652344,20.134971618652344,4.822103500366211,4.822103500366211,20.069965362548828,20.069965362548828,12.848642349243164,12.848642349243164,0.0,0.0,180.0
23,0.09583333333333333,0.49038593690215765,-3.6668246249261105,-198.24292663631311,0.49038593690215765,-3.6668246249261105,-198.24292663631311,5.0,-5.0,0.0,0.0,15.0,0,0.5,0.0,0.0,3.2,3.2,3.2,3.6668245792388916,3.666822910308838,3.6668243408203125,3.6668245792388916,0.464974582195282,0.46533799171447754,-6.844898700714111,-6.743621826171875,-0.04866983741521835,-0.04866983741521835,0.0,0.0,nan,nan,5.665409088134766,5.665409088134766,11.330818176269531,0.0,4.7461090087890625,0.33423638343811035,0.0,0.0,0.0,0.33423638343811035,0.0,4.7461090087890625,0.0,0.0,0.0,-0.8067562580108643,1.8646842241287231,4.302250862121582,0.0,0.0,0.0,0.0,4.7461090087890625,0.33423638343811035,0.0,0.0,0.0,0.33423638343811035,0.0,4.7461090087890625,-0.0,-0.0,-0.0,-0.8067558407783508,-1.8646845817565918,4.302250385284424,0.0,0.0,0.0,4.470348358154297e-08,0.0,0.6000000238418579,1.4901161193847656e-08,0.05600005388259888,0.6000000238418579,-3.725290298461914e-08,-0.055999934673309326,0.6000000238418579,-1.6135120391845703,-3.5762786865234375e-07,8.604501724243164,0.0,0.0,0.0,5.364418029785156e-07,4.808139237866271e-07,2.1606683731079102e-07,9.915624618530273,9.91562557220459,17.430112838745117,17.430112838745117,0.8820533156394958,0.8820533156394958,0.11794667690992355,0.11794667690992355,0.0,0.0,0.0,0.0,2.5847015380859375,2.5847015380859375,2.161406993865967,2.161406993865967,0.40884464979171753,0.40884464979171753,0.0,0.0,-0.07460828870534897,-0.07460828870534897,0.33423638343811035,0.33423638343811035,0.5500251054763794,0.5500251054763794,-0.1137271523475647,-0.1137271523475647,0.25604432821273804,0.25604432821273804,26.164875030517578,26.164875030517578,8.329535484313965,8.329535484313965,23.570735931396484,23.570735931396484,12.211423873901367,12.211423873901367,0.0,0.0,180.0
24,0.1,0.4734055138502214,-4.479010876201986,-191.37843785712082,0.4734055138502214,-4.479010876201986,-191.37843785712082,5.0,-5.0,0.0,0.0,15.0,0,0.5,0.0,0.0,3.2,3.2,3.2,4.479009628295898,4.479009628295898,4.479011535644531,4.479011058807373,0.44598644971847534,0.446274071931839,-7.070744514465332,-6.996225357055664,-0.05945000424981117,-0.05945000424981117,0.0,0.0,nan,nan,7.860108375549316,7.860108375549316,15.720216751098633,0.0,5.126777648925781,0.45251691341400146,0.0,0.0,0.0,0.45251691341400146,0.0,5.126777648925781,0.0,0.0,0.0,-0.7917836308479309,1.9339008331298828,4.703373908996582,0.0,0.0,0.0,0.0,5.126777648925781,0.45251691341400146,0.0,0.0,0.0,0.45251691341400146,0.0,5.126777648925781,-0.0,-0.0,-0.0,-0.791783332824707,-1.9339021444320679,4.703373908996582,0.0,0.0,0.0,4.470348358154297e-08,0.0,0.6000000238418579,-1.4156103134155273e-07,0.05600002408027649,0.5999999642372131,-9.685754776000977e-08,-0.055999934673309326,0.6000000238418579,-1.5835669040679932,-1.3113021850585938e-06,9.406747817993164,0.0,0.0,0.0,5.364418029785156e-07,1.5890800568740815e-06,0.0,10.541055679321289,10.541057586669922,18.992504119873047,18.992504119873047,0.8289155960083008,0.8289155960083008,0.1710844784975052,0.1710844784975052,0.0,0.0,0.0,0.0,3.011575937271118,3.011575937271118,2.115201950073242,2.115201950073242,0.5282832384109497,0.5282832384109497,0.0,0.0,-0.07576628774404526,-0.07576628774404526,0.45251691341400146,0.45251691341400146,0.5500251054763794,0.5500251054763794,-0.09197031706571579,-0.09197031706571579,0.2740624248981476,0.2740624248981476,32.00127029418945,32.00127029418945,11.728643417358398,11.728643417358398,26.96149253845215,26.96149253845215,11.593766212463379,11.593766212463379,0.0,0.0,180.0
25,0.10416666666666667,0.4531044912600182,-5.259780084346178,-183.1715668415787,0.4531044912600182,-5.259780084346178,-183.1715668415787,5.0,-5.0,0.0,0.0,15.0,0,0.5,0.0,0.0,3.2,3.2,3.2,5.25977897644043,5.259779453277588,5.259780406951904,5.259780406951904,0.4238588809967041,0.424068808555603,-7.2487897872924805,-7.201590061187744,-0.06981316953897476,-0.06981316953897476,0.0,0.0,nan,nan,10.198176383972168,10.198176383972168,20.396352767944336,0.0,5.491161823272705,0.5754849910736084,0.0,0.0,0.0,0.5754849910736084,0.0,5.491161823272705,0.0,0.0,0.0,-0.770959198474884,1.9676939249038696,5.10076904296875,0.0,0.0,0.0,0.0,5.491161823272705,0.5754849910736084,0.0,0.0,0.0,0.5754849910736084,0.0,5.491161823272705,-0.0,-0.0,-0.0,-0.770959198474884,-1.9676947593688965,5.100768566131592,0.0,0.0,0.0,4.470348358154297e-08,0.0,0.6000000238418579,-9.685754776000977e-08,0.05600002408027649,0.5999999642372131,-8.940696716308594e-08,-0.055999934673309326,0.6000000238418579,-1.541918396949768,-8.344650268554688e-07,10.2015380859375,0.0,0.0,0.0,5.960464477539062e-07,1.4520892364089377e-06,5.587935447692871e-08,11.446121215820312,11.446121215820312,23.393863677978516,23.393863677978516,0.7445049285888672,0.7445049285888672,0.2554951012134552,0.2554951012134552,0.0,0.0,0.004546067211776972,0.004546067211776972,3.4526617527008057,3.4526617527008057,2.0538744926452637,2.0538744926452637,0.6661278605461121,0.6661278605461121,0.0,0.0,-0.0770290344953537,-0.0770290344953537,0.5754849910736084,0.5754849910736084,0.5500251054763794,0.5500251054763794,-0.07037768512964249,-0.07037768512964249,0.2911852300167084,0.2911852300167084,37.60215759277344,37.60215759277344,14.994908332824707,14.994908332824707,30.217771530151367,30.217771530151367,11.000000953674316,11.000000953674316,0.0,0.0,180.0
26,0.10833333333333334,0.429625266218754,-6.003655714345453,-173.6798788932322,0.429625266218754,-6.003655714345453,-173.6798788932322,5.0,-5.0,0.0,0.0,15.0,0,0.5,0.0,0.0,3.2,3.2,3.2,6.003655910491943,6.003654479980469,6.003655910491943,6.003655910491943,0.3987651467323303,0.398895800113678,-7.374887943267822,-7.355319023132324,-0.07968664914369583,-0.07968664914369583,0.0,0.0,nan,nan,12.525253295898438,12.525253295898438,25.050506591796875,0.0,5.809873104095459,0.6725378036499023,0.0,0.0,0.0,0.6725378036499023,0.0,5.809873104095459,0.0,0.0,0.0,-0.7664875984191895,1.9539835453033447,5.459063529968262,0.0,0.0,0.0,0.0,5.809873104095459,0.6725378036499023,0.0,0.0,0.0,0.6725378036499023,0.0,5.809873104095459,-0.0,-0.0,-0.0,-0.766487181186676,-1.9539846181869507,5.459063529968262,0.0,0.0,0.0,4.470348358154297e-08,0.0,0.6000000238418579,-2.9802322387695312e-08,0.05600005388259888,0.5999999642372131,-8.940696716308594e-08,-0.05599987506866455,0.6000000238418579,-1.5329747200012207,-1.0728836059570312e-06,10.918127059936523,0.0,0.0,0.0,1.0728836059570312e-06,1.1845356766571058e-06,2.7567148208618164e-07,12.45530891418457,12.45531177520752,27.2468204498291,27.2468204498291,0.6546194553375244,0.6546194553375244,0.34538063406944275,0.34538063406944275,0.0,0.0,0.023084618151187897,0.023084618151187897,3.904836654663086,3.904836654663086,1.978142261505127,1.978142261505127,0.8211922645568848,0.8211922645568848,0.0,0.0,-0.07837232202291489,-0.07837232202291489,0.6725378036499023,0.6725378036499023,0.5500251054763794,0.5500251054763794,-0.04910697415471077,-0.04910697415471077,0.3072863221168518,0.3072863221168518,42.92790222167969,42.92790222167969,18.10515785217285,18.10515785217285,33.31647491455078,33.31647491455078,10.43429183959961,10.43429183959961,0.0,0.0,180.0
27,0.1125,0.4031325286202929,-6.705420013129278,-162.9699513832704,0.4031325286202929,-6.705420013129278,-162.9699513832704,5.0,-5.0,0.0,0.0,15.0,0,0.5,0.0,0.0,3.2,3.2,3.2,6.705420017242432,6.705419063568115,6.70542049407959,6.70542049407959,0.370892196893692,0.3709426820278168,-7.446378231048584,-7.454519271850586,-0.08900117874145508,-0.08900117874145508,0.0,0.0,nan,nan,14.70762825012207,14.70762825012207,29.41525650024414,0.0,6.064223289489746,0.7192525863647461,0.0,0.0,0.0,0.7192525863647461,0.0,6.064223289489746,0.0,0.0,0.0,-0.7968243956565857,1.8875319957733154,5.752775192260742,0.0,0.0,0.0,0.0,6.064223289489746,0.7192525863647461,0.0,0.0,0.0,0.7192525863647461,0.0,6.064223289489746,-0.0,-0.0,-0.0,-0.7968242764472961,-1.8875333070755005,5.752774715423584,0.0,0.0,0.0,4.470348358154297e-08,0.0,0.6000000238418579,-6.705522537231445e-08,0.05600005388259888,0.5999999642372131,-2.9802322387695312e-08,-0.055999964475631714,0.6000000238418579,-1.5936486721038818,-1.3113021850585938e-06,11.505550384521484,0.0,0.0,0.0,6.556510925292969e-07,1.1190322766196914e-06,7.450580596923828e-09,13.467970848083496,13.467973709106445,30.544343948364258,30.544349670410156,0.5998412370681763,0.5998412370681763,0.4001588523387909,0.4001588523387909,0.0,0.0,0.06213124841451645,0.06213124841451645,4.364091396331787,4.364091396331787,1.8888245820999146,1.8888245820999146,0.9915393590927124,0.9915393590927124,0.0,0.0,-0.0797685831785202,-0.0797685831785202,0.7192525863647461,0.7192525863647461,0.5500251054763794,0.5500251054763794,-0.02831096760928631,-0.02831096760928631,0.32224926352500916,0.32224926352500916,47.9415168762207,47.9415168762207,21.037723541259766,21.037723541259766,36.23600769042969,36.23600769042969,9.900609016418457,9.900609016418457,0.0,0.0,180.0
28,0.11666666666666667,0.37381210598388265,-7.360150608358634,-151.11690675810345,0.37381210598388265,-7.360150608358634,-151.11690675810345,5.0,-5.0,0.0,0.0,15.0,0,0.5,0.0,0.0,3.2,3.2,3.2,7.360148906707764,7.360150337219238,7.3601508140563965,7.3601508140563965,0.34042537212371826,0.3403951823711395,-7.4644246101379395,-7.500189781188965,-0.09769143164157867,-0.09769143164157867,0.0,0.0,nan,nan,16.74785614013672,16.74785614013672,33.49571228027344,0.0,6.267640113830566,0.7224792242050171,0.0,0.0,0.0,0.7224792242050171,0.0,6.267640113830566,0.0,0.0,0.0,-0.8578804135322571,1.7753887176513672,5.993106365203857,0.0,0.0,0.0,0.0,6.267640113830566,0.7224792242050171,0.0,0.0,0.0,0.7224792242050171,0.0,6.267640113830566,-0.0,-0.0,-0.0,-0.8578802347183228,-1.7753901481628418,5.993105888366699,0.0,0.0,0.0,4.470348358154297e-08,0.0,0.6000000238418579,-2.9802322387695312e-08,0.05600002408027649,0.5999999642372131,1.4901161193847656e-08,-0.055999964475631714,0.6000000238418579,-1.7157607078552246,-1.430511474609375e-06,11.986211776733398,0.0,0.0,0.0,4.76837158203125e-07,6.762633120160899e-07,-1.862645149230957e-08,14.427506446838379,14.427509307861328,33.324405670166016,33.324405670166016,0.557930588722229,0.557930588722229,0.4420694410800934,0.4420694410800934,0.0,0.0,0.11410718411207199,0.11410718411207199,4.825621604919434,4.825621604919434,1.7868167161941528,1.7868167161941528,1.1744575500488281,1.1744575500488281,0.0,0.0,-0.0811874270439148,-0.0811874270439148,0.7224792242050171,0.7224792242050171,0.5500251054763794,0.5500251054763794,-0.00813613086938858,-0.00813613086938858,0.33596837520599365,0.33596837520599365,52.6088752746582,52.6088752746582,23.77259063720703,23.77259063720703,38.956451416015625,38.956451416015625,9.402693748474121,9.402693748474121,0.0,0.0,180.0
29,0.12083333333333333,0.34186966000762326,-7.963255035331265,-138.2038856093762,0.34186966000762326,-7.963255035331265,-138.2038856093762,5.0,-5.0,0.0,0.0,15.0,0,0.5,0.0,0.0,3.2,3.2,3.2,7.963255405426025,7.963255882263184,7.963254928588867,7.963254928588867,0.30757272243499756,0.30746200680732727,-7.429779052734375,-7.49291467666626,-0.10569644719362259,-0.10569644719362259,0.0,0.0,nan,nan,18.644290924072266,18.644290924072266,37.28858184814453,0.0,6.426783561706543,0.6856058835983276,0.0,0.0,0.0,0.6856058835983276,0.0,6.426783561706543,0.0,0.0,0.0,-0.9472333788871765,1.622696876525879,6.184109210968018,0.0,0.0,0.0,0.0,6.426783561706543,0.6856058835983276,0.0,0.0,0.0,0.6856058835983276,0.0,6.426783561706543,-0.0,-0.0,-0.0,-0.9472336173057556,-1.6226974725723267,6.184109210968018,0.0,0.0,0.0,4.470348358154297e-08,0.0,0.6000000238418579,-2.2351741790771484e-08,0.05600005388259888,0.5999999642372131,7.450580596923828e-09,-0.0559999942779541,0.6000000238418579,-1.8944669961929321,-5.960464477539062e-07,12.368218421936035,0.0,0.0,0.0,4.76837158203125e-07,7.015123628661968e-07,-3.725290298461914e-09,15.303487777709961,15.303488731384277,35.64192581176758,35.64192581176758,0.5156482458114624,0.5156482458114624,0.4822954833507538,0.4822954833507538,0.002056337660178542,0.002056337660178542,0.17482061684131622,0.17482061684131622,5.283967971801758,5.283967971801758,1.6730680465698242,1.6730680465698242,1.3664886951446533,1.3664886951446533,0.0,0.0,-0.08259645849466324,-0.08259645849466324,0.6856058835983276,0.6856058835983276,0.5500251054763794,0.5500251054763794,0.011278410442173481,0.011278410442173481,0.3483498692512512,0.3483498692512512,56.898929595947266,56.898929595947266,26.291492462158203,26.291492462158203,41.45964431762695,41.45964431762695,8.944040298461914,8.944040298461914,0.0,0.0,180.0
30,0.125,0.307529243999422,-8.5105029498219,-124.3214635024539,0.307529243999422,-8.5105029498219,-124.3214635024539,5.0,-5.0,0.0,0.0,15.0,0,0.5,0.0,0.0,3.2,3.2,3.2,8.51050090789795,8.51050090789795,8.510502815246582,8.510502815246582,0.27250900864601135,0.2723190188407898,-7.351630210876465,-7.441864967346191,-0.112960085272789,-0.112960085272789,0.0,0.0,nan,nan,20.681827545166016,20.681827545166016,41.36365509033203,0.0,6.622849464416504,0.6797236800193787,0.0,0.0,0.0,0.6797236800193787,0.0,6.622849464416504,0.0,0.0,0.0,-1.01589834690094,1.4511958360671997,6.417643070220947,0.0,0.0,0.0,0.0,6.622849464416504,0.6797236800193787,0.0,0.0,0.0,0.6797236800193787,0.0,6.622849464416504,-0.0,-0.0,-0.0,-1.01589834690094,-1.4511969089508057,6.417642593383789,0.0,0.0,0.0,4.470348358154297e-08,0.0,0.6000000238418579,-1.043081283569336e-07,0.05600002408027649,0.5999999642372131,0.0,-0.055999934673309326,0.6000000238418579,-2.03179669380188,-1.0728836059570312e-06,12.835285186767578,0.0,0.0,0.0,6.854534149169922e-07,1.3037465578236151e-06,-6.332993507385254e-08,16.081235885620117,16.081235885620117,37.554847717285156,37.554847717285156,0.4873591661453247,0.4873591661453247,0.49538251757621765,0.49538251757621765,0.017258400097489357,0.017258400097489357,0.21403278410434723,0.21403278410434723,5.733179092407227,5.733179092407227,1.5485601425170898,1.5485601425170898,1.5635099411010742,1.5635099411010742,0.0,0.0,-0.08396197110414505,-0.08396197110414505,0.6797236800193787,0.6797236800193787,0.5500251054763794,0.5500251054763794,0.02980169467628002,0.02980169467628002,0.35931217670440674,0.35931217670440674,60.78380584716797,60.78380584716797,28.57801055908203,28.57801055908203,43.729270935058594,43.729270935058594,8.527864456176758,8.527864456176758,0.0,0.0,180.0
31,0.12916666666666665,0.2710317313040219,-8.998055800907464,-109.56701565391025,0.2710317313040219,-8.998055800907464,-109.56701565391025,5.0,-5.0,0.0,0.0,15.0,0,0.5,0.0,0.0,3.2,3.2,3.2,8.998055458068848,8.998055458068848,8.998055458068848,8.998055458068848,0.23552395403385162,0.23525603115558624,-7.223499298095703,-7.340230464935303,-0.11943138390779495,-0.11943138390779495,0.0,0.0,nan,nan,22.578086853027344,22.578086853027344,45.15617370605469,0.0,6.789646148681641,0.6541298031806946,0.0,0.0,0.0,0.6541298031806946,0.0,6.789646148681641,0.0,0.0,0.0,-1.0956493616104126,1.245023250579834,6.616392612457275,0.0,0.0,0.0,0.0,6.789646148681641,0.6541298031806946,0.0,0.0,0.0,0.6541298031806946,0.0,6.789646148681641,-0.0,-0.0,-0.0,-1.0956496000289917,-1.24502432346344,6.616392135620117,0.0,0.0,0.0,4.470348358154297e-08,0.0,0.6000000238418579,-7.450580596923828e-09,0.05600002408027649,0.6000000238418579,4.470348358154297e-08,-0.0559999942779541,0.6000000238418579,-2.1912989616394043,-1.0728836059570312e-06,13.232784271240234,0.0,0.0,0.0,2.384185791015625e-07,3.450717542818893e-07,-4.470348358154297e-08,16.755664825439453,16.755666732788086,39.11737823486328,39.11737060546875,0.45904016494750977,0.45904016494750977,0.5041139721870422,0.5041139721870422,0.036845918744802475,0.036845918744802475,0.2546203136444092,0.2546203136444092,6.167004108428955,6.167004108428955,1.414288878440857,1.414288878440857,1.760864019393921,1.760864019393921,0.0,0.0,-0.08524999022483826,-0.08524999022483826,0.6541298031806946,0.6541298031806946,0.5500251054763794,0.5500251054763794,0.04731156304478645,0.04731156304478645,0.36878615617752075,0.36878615617752075,64.23880767822266,64.23880767822266,30.617563247680664,30.617563247680664,45.75087356567383,45.75087356567383,8.157086372375488,8.157086372375488,0.0,0.0,180.0
32,0.13333333333333333,0.23263312574955422,-9.422493755643838,-94.04403391434647,0.23263312574955422,-9.422493755643838,-94.04403391434647,5.0,-5.0,0.0,0.0,15.0,0,0.5,0.0,0.0,3.2,3.2,3.2,9.422493934631348,9.422493934631348,9.422493934631348,9.422493934631348,0.19685250520706177,0.19650885462760925,-7.050210952758789,-7.19273042678833,-0.12506495416164398,-0.12506495416164398,0.0,0.0,nan,nan,24.42749786376953,24.42749786376953,48.85499572753906,0.0,6.962028980255127,0.6466535925865173,0.0,0.0,0.0,0.6466535925865173,0.0,6.962028980255127,0.0,0.0,0.0,-1.158109426498413,1.0129553079605103,6.8206095695495605,0.0,0.0,0.0,0.0,6.962028980255127,0.6466535925865173,0.0,0.0,0.0,0.6466535925865173,0.0,6.962028980255127,-0.0,-0.0,-0.0,-1.158109188079834,-1.012956976890564,6.8206095695495605,0.0,0.0,0.0,4.470348358154297e-08,0.0,0.6000000238418579,0.0,0.0559999942779541,0.5999999642372131,2.2351741790771484e-08,-0.055999964475631714,0.6000000238418579,-2.316218614578247,-1.6689300537109375e-06,13.641219139099121,0.0,0.0,0.0,2.682209014892578e-07,5.263862021820387e-07,2.9802322387695312e-08,17.327505111694336,17.327505111694336,40.3770637512207,40.3770637512207,0.44487857818603516,0.44487857818603516,0.5019837021827698,0.5019837021827698,0.05313779413700104,0.05313779413700104,0.28221216797828674,0.28221216797828674,6.579092502593994,6.579092502593994,1.2712492942810059,1.2712492942810059,1.9535307884216309,1.9535307884216309,0.0,0.0,-0.08642737567424774,-0.08642737567424774,0.6466535925865173,0.6466535925865173,0.5500251054763794,0.5500251054763794,0.06369496881961823,0.06369496881961823,0.3767150342464447,0.3767150342464447,67.24253845214844,67.24253845214844,32.39746856689453,32.39746856689453,47.51189422607422,47.51189422607422,7.834306240081787,7.834306240081787,0.0,0.0,180.0
33,0.1375,0.1926027659646234,-9.780839686736796,-77.8614008474186,0.1926027659646234,-9.780839686736796,-77.8614008474186,5.0,-5.0,0.0,0.0,15.0,0,0.5,0.0,0.0,3.2,3.2,3.2,9.780839920043945,9.780839920043945,9.780839920043945,9.780839920043945,0.15679268538951874,0.15637581050395966,-6.828676700592041,-6.996007442474365,-0.1298212856054306,-0.1298212856054306,0.0,0.0,nan,nan,26.036739349365234,26.036739349365234,52.07347869873047,0.0,7.099071502685547,0.6268520951271057,0.0,0.0,0.0,0.6268520951271057,0.0,7.099071502685547,0.0,0.0,0.0,-1.2215698957443237,0.7509896755218506,6.9809417724609375,0.0,0.0,0.0,0.0,7.099071502685547,0.6268520951271057,0.0,0.0,0.0,0.6268520951271057,0.0,7.099071502685547,-0.0,-0.0,-0.0,-1.221569538116455,-0.7509912252426147,6.980940818786621,0.0,0.0,0.0,4.470348358154297e-08,0.0,0.6000000238418579,0.0,0.05600005388259888,0.5999999642372131,0.0,-0.055999934673309326,0.5999999642372131,-2.4431395530700684,-1.5497207641601562e-06,13.961882591247559,0.0,0.0,0.0,8.940696716308594e-07,7.697672117501497e-07,1.7136335372924805e-07,17.80103874206543,17.801040649414062,41.37376022338867,41.37376022338867,0.43071863055229187,0.43071863055229187,0.4976421892642975,0.4976421892642975,0.07163921743631363,0.07163921743631363,0.31009846925735474,0.31009846925735474,6.963192939758301,6.963192939758301,1.1204257011413574,1.1204257011413574,2.1363277435302734,2.1363277435302734,0.0,0.0,-0.08746291697025299,-0.08746291697025299,0.6268520951271057,0.6268520951271057,0.5500251054763794,0.5500251054763794,0.07884810864925385,0.07884810864925385,0.38305437564849854,0.38305437564849854,69.77674102783203,69.77674102783203,33.906883239746094,33.906883239746094,49.001617431640625,49.001617431640625,7.561788558959961,7.561788558959961,0.0,0.0,180.0
34,0.14166666666666666,0.1512214361613476,-10.07058005495091,-61.13262599688559,0.1512214361613476,-10.07058005495091,-61.13262599688559,5.0,-5.0,0.0,0.0,15.0,0,0.5,0.0,0.0,3.2,3.2,3.2,10.070577621459961,10.070579528808594,10.070581436157227,10.070581436157227,0.1156020238995552,0.11511499434709549,-6.564230918884277,-6.7553019523620605,-0.1336670219898224,-0.1336670219898224,0.0,0.0,nan,nan,27.48976707458496,27.48976707458496,54.97953414916992,0.0,7.234575271606445,0.633175253868103,0.0,0.0,0.0,0.633175253868103,0.0,7.234575271606445,0.0,0.0,0.0,-1.2569366693496704,0.4670567512512207,7.137363910675049,0.0,0.0,0.0,0.0,7.234575271606445,0.633175253868103,0.0,0.0,0.0,0.633175253868103,0.0,7.234575271606445,-0.0,-0.0,-0.0,-1.256937026977539,-0.4670582711696625,7.137363433837891,0.0,0.0,0.0,4.470348358154297e-08,0.0,0.6000000238418579,-8.195638656616211e-08,0.0559999942779541,0.5999999642372131,-2.9802322387695312e-08,-0.055999964475631714,0.6000000238418579,-2.51387357711792,-1.519918441772461e-06,14.274726867675781,0.0,0.0,0.0,2.682209014892578e-07,1.510711854280089e-06,-7.450580596923828e-09,18.182992935180664,18.182992935180664,42.13975524902344,42.13975143432617,0.43071863055229187,0.43071863055229187,0.4772278070449829,0.4772278070449829,0.0920536071062088,0.0920536071062088,0.32412275671958923,0.32412275671958923,7.313354015350342,7.313354015350342,0.9627858996391296,0.9627858996391296,2.3041324615478516,2.3041324615478516,0.0,0.0,-0.08832844346761703,-0.08832844346761703,0.633175253868103,0.633175253868103,0.5500251054763794,0.5500251054763794,0.09267662465572357,0.09267662465572357,0.3877716362476349,0.3877716362476349,71.82636260986328,71.82636260986328,35.136810302734375,35.136810302734375,50.21118927001953,50.21118927001953,7.341444492340088,7.341444492340088,0.0,0.0,180.0
35,0.14583333333333334,0.10877939663585168,-10.289682539781332,-43.97504969871551,0.10877939663585168,-10.289682539781332,-43.97504969871551,5.0,-5.0,0.0,0.0,15.0,0,0.5,0.0,0.0,3.2,3.2,3.2,10.289684295654297,10.289681434631348,10.289682388305664,10.289682388305664,0.07357119768857956,0.07301768660545349,-6.2584333419799805,-6.471996784210205,-0.13657516241073608,-0.13657516241073608,0.0,0.0,nan,nan,28.733678817749023,28.733678817749023,57.46735763549805,0.0,7.364840507507324,0.6703808307647705,0.0,0.0,0.0,0.6703808307647705,0.0,7.364840507507324,0.0,0.0,0.0,-1.2581522464752197,0.16320762038230896,7.285650253295898,0.0,0.0,0.0,0.0,7.364840507507324,0.6703808307647705,0.0,0.0,0.0,0.6703808307647705,0.0,7.364840507507324,-0.0,-0.0,-0.0,-1.2581523656845093,-0.16320912539958954,7.285650253295898,0.0,0.0,0.0,4.470348358154297e-08,0.0,0.6000000238418579,-8.940696716308594e-08,0.05600005388259888,0.5999999642372131,1.4901161193847656e-08,-0.055999964475631714,0.6000000238418579,-2.5163044929504395,-1.5050172805786133e-06,14.571300506591797,0.0,0.0,0.0,6.556510925292969e-07,1.2692028121819021e-06,8.940696716308594e-08,18.48268699645996,18.482683181762695,42.7000846862793,42.7000846862793,0.4165618121623993,0.4165618121623993,0.48054662346839905,0.48054662346839905,0.10289160162210464,0.10289160162210464,0.32412275671958923,0.32412275671958923,7.6241068840026855,7.6241068840026855,0.79928058385849,0.79928058385849,2.452101707458496,2.452101707458496,0.0,0.0,-0.08899996429681778,-0.08899996429681778,0.6703808307647705,0.6703808307647705,0.5500251054763794,0.5500251054763794,0.1050952821969986,0.1050952821969986,0.39084550738334656,0.39084550738334656,73.3794174194336,73.3794174194336,36.08003616333008,36.08003616333008,51.133541107177734,51.133541107177734,7.1748199462890625,7.1748199462890625,0.0,0.0,180.0
36,0.15,0.06557434780084413,-10.43661029472189,-26.509020022938646,0.06557434780084413,-10.43661029472189,-26.509020022938646,5.0,-5.0,0.0,0.0,15.0,0,0.5,0.0,0.0,3.2,3.2,3.2,10.436610221862793,10.436606407165527,10.43661117553711,10.43661117553711,0.031047694385051727,0.030431412160396576,-5.904993534088135,-6.139476776123047,-0.1385253518819809,-0.1385253518819809,0.0,0.0,nan,nan,29.45063018798828,29.45063018798828,58.90126037597656,0.0,7.411028861999512,0.6612308025360107,0.0,0.0,0.0,0.6612308025360107,0.0,7.411028861999512,0.0,0.0,0.0,-1.2789883613586426,-0.15593650937080383,7.328059196472168,0.0,0.0,0.0,0.0,7.411028861999512,0.6612308025360107,0.0,0.0,0.0,0.6612308025360107,0.0,7.411028861999512,-0.0,-0.0,-0.0,-1.2789881229400635,0.15593492984771729,7.328059196472168,0.0,0.0,0.0,4.470348358154297e-08,0.0,0.6000000238418579,5.960464477539063e-08,0.05600002408027649,0.6000000238418579,-1.2665987014770508e-07,-0.055999934673309326,0.6000000238418579,-2.557976484298706,-1.5795230865478516e-06,14.656118392944336,0.0,0.0,0.0,6.556510925292969e-07,1.146564272858086e-06,9.685754776000977e-08,18.71785545349121,18.717857360839844,43.07316207885742,43.07316589355469,0.4165618121623993,0.4165618121623993,0.4693310558795929,0.4693310558795929,0.11410718411207199,0.11410718411207199,0.3381875455379486,0.3381875455379486,7.890633583068848,7.890633583068848,0.6308459043502808,0.6308459043502808,2.575890302658081,2.575890302658081,0.0,0.0,-0.08945859223604202,-0.08945859223604202,0.6612308025360107,0.6612308025360107,0.5500251054763794,0.5500251054763794,0.11602812260389328,0.11602812260389328,0.39226555824279785,0.39226555824279785,74.4269790649414,74.4269790649414,36.731136322021484,36.731136322021484,51.763389587402344,51.763389587402344,7.063082695007324,7.063082695007324,0.0,0.0,180.0
37,0.15416666666666667,0.02190934203111734,-10.510332727139126,-8.857048618405386,0.02190934203111734,-10.510332727139126,-8.857048618405386,5.0,-5.0,0.0,0.0,15.0,0,0.5,0.0,0.0,3.2,3.2,3.2,10.510333061218262,10.510333061218262,10.510334014892578,10.510334014892578,-0.011719844304025173,-0.012394363060593605,-5.514342784881592,-5.768181324005127,-0.1395038664340973,-0.1395038664340973,0.0,0.0,nan,nan,29.88248062133789,29.88248062133789,59.76496124267578,0.0,7.446191787719727,0.6856005787849426,0.0,0.0,0.0,0.6856005787849426,0.0,7.446191787719727,0.0,0.0,0.0,-1.2609410285949707,-0.481493204832077,7.354863166809082,0.0,0.0,0.0,0.0,7.446191787719727,0.6856005787849426,0.0,0.0,0.0,0.6856005787849426,0.0,7.446191787719727,-0.0,-0.0,-0.0,-1.2609413862228394,0.4814916253089905,7.354863166809082,0.0,0.0,0.0,4.470348358154297e-08,0.0,0.6000000238418579,-5.960464477539063e-08,0.05600005388259888,0.5999999642372131,1.1175870895385742e-07,-0.055999964475631714,0.6000000238418579,-2.5218825340270996,-1.5795230865478516e-06,14.709726333618164,0.0,0.0,0.0,6.258487701416016e-07,3.491479674266884e-07,1.7136335372924805e-07,18.892709732055664,18.89270782470703,43.27115249633789,43.27115249633789,0.4024088680744171,0.4024088680744171,0.4834839999675751,0.4834839999675751,0.11410718411207199,0.11410718411207199,0.3381875455379486,0.3381875455379486,8.108901023864746,8.108901023864746,0.4584101438522339,0.4584101438522339,2.671840190887451,2.671840190887451,0.0,0.0,-0.08969122171401978,-0.08969122171401978,0.6856005787849426,0.6856005787849426,0.5500251054763794,0.5500251054763794,0.12540800869464874,0.12540800869464874,0.39203134179115295,0.39203134179115295,74.96306610107422,74.96306610107422,37.086395263671875,37.086395263671875,52.09716796875,52.09716796875,7.007017612457275,7.007017612457275,0.0,0.0,180.0
38,0.15833333333333333,-0.021909342031117215,-10.510332727139126,8.857048618405335,-0.021909342031117215,-10.510332727139126,8.857048618405335,5.0,-5.0,0.0,0.0,15.0,0,0.5,0.0,0.0,3.2,3.2,3.2,10.510333061218262,10.510333061218262,10.510334014892578,10.510334014892578,-0.05440491810441017,-0.05513295158743858,-5.084970951080322,-5.356385231018066,-0.1395038664340973,-0.1395038664340973,0.0,0.0,nan,nan,29.874126434326172,29.874126434326172,59.748252868652344,0.0,7.4308624267578125,0.7038624286651611,0.0,0.0,0.0,0.7038624286651611,0.0,7.4308624267578125,0.0,0.0,0.0,-1.2320528030395508,-0.8048616051673889,7.317607402801514,0.0,0.0,0.0,0.0,7.4308624267578125,0.7038624286651611,0.0,0.0,0.0,0.7038624286651611,0.0,7.4308624267578125,-0.0,-0.0,-0.0,-1.2320526838302612,0.8048602342605591,7.317607879638672,0.0,0.0,0.0,4.470348358154297e-08,0.0,0.6000000238418579,-2.9802322387695312e-08,0.05600005388259888,0.5999999642372131,7.450580596923828e-08,-0.055999964475631714,0.6000000238418579,-2.4641056060791016,-1.3709068298339844e-06,14.635215759277344,0.0,0.0,0.0,5.960464477539062e-07,4.005585765298747e-07,1.9371509552001953e-07,18.991512298583984,18.991512298583984,43.30036544799805,43.30036544799805,0.4024088680744171,0.4024088680744171,0.4834839999675751,0.4834839999675751,0.11410718411207199,0.11410718411207199,0.3381875455379486,0.3381875455379486,8.275781631469727,8.275781631469727,0.282903254032135,0.282903254032135,2.7371444702148438,2.7371444702148438,0.0,0.0,-0.08969122171401978,-0.08969122171401978,0.7038624286651611,0.7038624286651611,0.5500251054763794,0.5500251054763794,0.13317660987377167,0.13317660987377167,0.39015206694602966,0.39015206694602966,74.984619140625,74.984619140625,37.14377975463867,37.14377975463867,52.13300323486328,52.13300323486328,7.007017612457275,7.007017612457275,0.0,0.0,180.0
39,0.1625,-0.06557434780084401,-10.43661029472189,26.509020022938593,-0.06557434780084401,-10.43661029472189,26.509020022938593,5.0,-5.0,0.0,0.0,15.0,0,0.5,0.0,0.0,3.2,3.2,3.2,10.43661117553711,10.43660831451416,10.436610221862793,10.436610221862793,-0.0967075526714325,-0.09748401492834091,-4.619799613952637,-4.906888961791992,-0.1385253518819809,-0.1385253518819809,0.0,0.0,nan,nan,29.422447204589844,29.422447204589844,58.84489440917969,0.0,7.364306449890137,0.7156174778938293,0.0,0.0,0.0,0.7156174778938293,0.0,7.364306449890137,0.0,0.0,0.0,-1.192755937576294,-1.1164649724960327,7.216367721557617,0.0,0.0,0.0,0.0,7.364306449890137,0.7156174778938293,0.0,0.0,0.0,0.7156174778938293,0.0,7.364306449890137,-0.0,-0.0,-0.0,-1.1927554607391357,1.1164631843566895,7.216367721557617,0.0,0.0,0.0,4.470348358154297e-08,0.0,0.6000000238418579,-1.4901161193847656e-08,0.05600005388259888,0.6000000238418579,-5.960464477539063e-08,-0.055999964475631714,0.5999999642372131,-2.3855113983154297,-1.7881393432617188e-06,14.432735443115234,0.0,0.0,0.0,7.152557373046875e-07,1.2539485396700911e-06,8.195638656616211e-08,19.008596420288086,19.008596420288086,43.16147232055664,43.16147994995117,0.4024088680744171,0.4024088680744171,0.4834839999675751,0.4834839999675751,0.11410718411207199,0.11410718411207199,0.3381875455379486,0.3381875455379486,8.389135360717773,8.389135360717773,0.1052677258849144,0.1052677258849144,2.7699661254882812,2.7699661254882812,0.0,0.0,-0.08945859223604202,-0.08945859223604202,0.7156174778938293,0.7156174778938293,0.5500251054763794,0.5500251054763794,0.1392844319343567,0.1392844319343567,0.3866458833217621,0.3866458833217621,74.49149322509766,74.49149322509766,36.902950286865234,36.902950286865234,51.870697021484375,51.870697021484375,7.063082695007324,7.063082695007324,0.0,0.0,180.0
40,0.16666666666666666,-0.10877939663585154,-10.289682539781332,43.97504969871545,-0.10877939663585154,-10.289682539781332,43.97504969871545,5.0,-5.0,0.0,0.0,15.0,0,0.5,0.0,0.0,3.2,3.2,3.2,10.289682388305664,10.289680480957031,10.289682388305664,10.289682388305664,-0.13835568726062775,-0.1391749083995819,-4.126043319702148,-4.426860809326172,-0.13657516241073608,-0.13657516241073608,0.0,0.0,nan,nan,28.66358184814453,28.66358184814453,57.32716369628906,0.0,7.283415794372559,0.7652413249015808,0.0,0.0,0.0,0.7652413249015808,0.0,7.283415794372559,0.0,0.0,0.0,-1.11004638671875,-1.4141161441802979,7.099423408508301,0.0,0.0,0.0,0.0,7.283415794372559,0.7652413249015808,0.0,0.0,0.0,0.7652413249015808,0.0,7.283415794372559,-0.0,-0.0,-0.0,-1.110046148300171,1.4141144752502441,7.099423885345459,0.0,0.0,0.0,4.470348358154297e-08,0.0,0.6000000238418579,0.0,0.05600005388259888,0.6000000238418579,-7.450580596923828e-08,-0.05599990487098694,0.5999999642372131,-2.220092535018921,-1.6689300537109375e-06,14.198846817016602,0.0,0.0,0.0,1.1324882507324219e-06,1.2298501133045647e-06,7.450580596923828e-08,18.93906593322754,18.939062118530273,42.849517822265625,42.84952163696289,0.4024088680744171,0.4024088680744171,0.4946995675563812,0.4946995675563812,0.10289160162210464,0.10289160162210464,0.32412275671958923,0.32412275671958923,8.447860717773438,8.447860717773438,-0.07353001832962036,-0.07353001832962036,2.769516944885254,2.769516944885254,0.0,0.0,-0.08899996429681778,-0.08899996429681778,0.7652413249015808,0.7652413249015808,0.5500251054763794,0.5500251054763794,0.14369076490402222,0.14369076490402222,0.38153937458992004,0.38153937458992004,73.4864273071289,73.4864273071289,36.36524963378906,36.36524963378906,51.311744689941406,51.311744689941406,7.1748199462890625,7.1748199462890625,0.0,0.0,180.0
41,0.17083333333333334,-0.15122143616134745,-10.070580054950911,61.13262599688554,-0.15122143616134745,-10.070580054950911,61.13262599688554,5.0,-5.0,0.0,0.0,15.0,0,0.5,0.0,0.0,3.2,3.2,3.2,10.070579528808594,10.070577621459961,10.07058048248291,10.07058048248291,-0.179032102227211,-0.17988836765289307,-3.6031477451324463,-3.915581226348877,-0.1336670219898224,-0.1336670219898224,0.0,0.0,nan,nan,27.493125915527344,27.493125915527344,54.98625183105469,0.0,7.1518144607543945,0.8090202808380127,0.0,0.0,0.0,0.8090202808380127,0.0,7.1518144607543945,0.0,0.0,0.0,-1.0174626111984253,-1.6849843263626099,6.923045635223389,0.0,0.0,0.0,0.0,7.1518144607543945,0.8090202808380127,0.0,0.0,0.0,0.8090202808380127,0.0,7.1518144607543945,-0.0,-0.0,-0.0,-1.0174624919891357,1.6849826574325562,6.923046112060547,0.0,0.0,0.0,4.470348358154297e-08,0.0,0.6000000238418579,-8.940696716308594e-08,0.0559999942779541,0.6000000238418579,-8.940696716308594e-08,-0.05599987506866455,0.5999999642372131,-2.0349249839782715,-1.6689300537109375e-06,13.846092224121094,0.0,0.0,0.0,8.940696716308594e-07,1.9175511170033133e-06,1.30385160446167e-07,18.77811050415039,18.778108596801758,42.35380172729492,42.35380935668945,0.4165618121623993,0.4165618121623993,0.4913846552371979,0.4913846552371979,0.0920536071062088,0.0920536071062088,0.31009846925735474,0.31009846925735474,8.451915740966797,8.451915740966797,-0.25248903036117554,-0.25248903036117554,2.7360782623291016,2.7360782623291016,0.0,0.0,-0.08832844346761703,-0.08832844346761703,0.8090202808380127,0.8090202808380127,0.5500251054763794,0.5500251054763794,0.14636383950710297,0.14636383950710297,0.37486761808395386,0.37486761808395386,71.97512817382812,71.97512817382812,35.533714294433594,35.533714294433594,50.45933532714844,50.45933532714844,7.341444492340088,7.341444492340088,0.0,0.0,180.0
42,0.175,-0.19260276596462325,-9.780839686736797,77.86140084741854,-0.19260276596462325,-9.780839686736797,77.86140084741854,5.0,-5.0,0.0,0.0,15.0,0,0.5,0.0,0.0,3.2,3.2,3.2,9.780838966369629,9.780838012695312,9.780839920043945,9.780839920043945,-0.21845214068889618,-0.2193394899368286,-3.054877996444702,-3.3767385482788086,-0.1298212856054306,-0.1298212856054306,0.0,0.0,nan,nan,25.950607299804688,25.950607299804688,51.901214599609375,0.0,6.97137451171875,0.8454031944274902,0.0,0.0,0.0,0.8454031944274902,0.0,6.97137451171875,0.0,0.0,0.0,-0.9178453087806702,-1.9213507175445557,6.6918416023254395,0.0,0.0,0.0,0.0,6.97137451171875,0.8454031944274902,0.0,0.0,0.0,0.8454031944274902,0.0,6.97137451171875,-0.0,-0.0,-0.0,-0.9178454875946045,1.921349048614502,6.691842079162598,0.0,0.0,0.0,4.470348358154297e-08,0.0,0.6000000238418579,-4.470348358154297e-08,0.05600002408027649,0.5999999642372131,-5.960464477539063e-08,-0.055999934673309326,0.5999999642372131,-1.8356907367706299,-1.6689300537109375e-06,13.383684158325195,0.0,0.0,0.0,5.662441253662109e-07,1.4057266071176855e-06,4.0978193283081055e-08,18.520797729492188,18.520795822143555,41.657588958740234,41.6575813293457,0.4165618121623993,0.4165618121623993,0.5018131136894226,0.5018131136894226,0.08162510395050049,0.08162510395050049,0.296124666929245,0.296124666929245,8.402297019958496,8.402297019958496,-0.4305647313594818,-0.4305647313594818,2.67097806930542,2.67097806930542,0.0,0.0,-0.08746291697025299,-0.08746291697025299,0.8454031944274902,0.8454031944274902,0.5500251054763794,0.5500251054763794,0.14728103578090668,0.14728103578090668,0.36667361855506897,0.36667361855506897,69.96620178222656,69.96620178222656,34.4130744934082,34.4130744934082,49.31834030151367,49.31834030151367,7.561788558959961,7.561788558959961,0.0,0.0,180.0
43,0.17916666666666667,-0.2326331257495541,-9.42249375564384,94.04403391434641,-0.2326331257495541,-9.42249375564384,94.04403391434641,5.0,-5.0,0.0,0.0,15.0,0,0.5,0.0,0.0,3.2,3.2,3.2,9.422493934631348,9.422493934631348,9.422493934631348,9.422493934631348,-0.25634029507637024,-0.25725245475769043,-2.4852473735809326,-2.814276933670044,-0.12506495416164398,-0.12506495416164398,0.0,0.0,nan,nan,24.088478088378906,24.088478088378906,48.17695617675781,0.0,6.744940280914307,0.8729788661003113,0.0,0.0,0.0,0.8729788661003113,0.0,6.744940280914307,0.0,0.0,0.0,-0.8142746686935425,-2.116929292678833,6.4118547439575195,0.0,0.0,0.0,0.0,6.744940280914307,0.8729788661003113,0.0,0.0,0.0,0.8729788661003113,0.0,6.744940280914307,-0.0,-0.0,-0.0,-0.8142748475074768,2.1169278621673584,6.4118547439575195,0.0,0.0,0.0,4.470348358154297e-08,0.0,0.6000000238418579,-7.450580596923828e-08,0.05600002408027649,0.6000000238418579,0.0,-0.0559999942779541,0.5999999642372131,-1.628549575805664,-1.430511474609375e-06,12.823709487915039,0.0,0.0,0.0,2.980232238769531e-07,1.0995195225405041e-06,1.7508864402770996e-07,18.162250518798828,18.162248611450195,40.737701416015625,40.73769760131836,0.43071863055229187,0.43071863055229187,0.5071501731872559,0.5071501731872559,0.06213124841451645,0.06213124841451645,0.28221216797828674,0.28221216797828674,8.30100154876709,8.30100154876709,-0.6066631078720093,-0.6066631078720093,2.57651948928833,2.57651948928833,0.0,0.0,-0.08642737567424774,-0.08642737567424774,0.8729788661003113,0.8729788661003113,0.5500251054763794,0.5500251054763794,0.14642952382564545,0.14642952382564545,0.35700827836990356,0.35700827836990356,67.47138214111328,67.47138214111328,33.00986099243164,33.00986099243164,47.89543914794922,47.89543914794922,7.834306240081787,7.834306240081787,0.0,0.0,180.0
44,0.18333333333333332,-0.2710317313040216,-8.99805580090747,109.5670156539101,-0.2710317313040216,-8.99805580090747,109.5670156539101,5.0,-5.0,0.0,0.0,15.0,0,0.5,0.0,0.0,3.2,3.2,3.2,8.998056411743164,8.998054504394531,8.998054504394531,8.998054504394531,-0.29245525598526,-0.29338565468788147,-1.9021713733673096,-2.2361412048339844,-0.11943138390779495,-0.11943138390779495,0.0,0.0,nan,nan,22.07583999633789,22.07583999633789,44.15167999267578,0.0,6.510332107543945,0.9383443593978882,0.0,0.0,0.0,0.9383443593978882,0.0,6.510332107543945,0.0,0.0,0.0,-0.6720023155212402,-2.2790896892547607,6.133439064025879,0.0,0.0,0.0,0.0,6.510332107543945,0.9383443593978882,0.0,0.0,0.0,0.9383443593978882,0.0,6.510332107543945,-0.0,-0.0,-0.0,-0.6720024347305298,2.2790889739990234,6.133439540863037,0.0,0.0,0.0,4.470348358154297e-08,0.0,0.6000000238418579,1.4901161193847656e-08,0.05600005388259888,0.6000000238418579,1.4901161193847656e-08,-0.055999934673309326,0.6000000238418579,-1.34400475025177,-7.152557373046875e-07,12.266878128051758,0.0,0.0,0.0,7.152557373046875e-07,3.6558145666276687e-07,7.450580596923828e-08,17.698131561279297,17.698129653930664,39.564151763916016,39.564144134521484,0.44487857818603516,0.44487857818603516,0.5104252099990845,0.5104252099990845,0.04469626769423485,0.04469626769423485,0.2546203136444092,0.2546203136444092,8.15093994140625,8.15093994140625,-0.7796391248703003,-0.7796391248703003,2.455862283706665,2.455862283706665,0.0,0.0,-0.08524999022483826,-0.08524999022483826,0.9383443593978882,0.9383443593978882,0.5500251054763794,0.5500251054763794,0.14380641281604767,0.14380641281604767,0.34593066573143005,0.34593066573143005,64.50542449951172,64.50542449951172,31.33234214782715,31.33234214782715,46.19903564453125,46.19903564453125,8.157086372375488,8.157086372375488,0.0,0.0,180.0
45,0.1875,-0.3075292439994219,-8.510502949821902,124.32146350245385,-0.3075292439994219,-8.510502949821902,124.32146350245385,5.0,-5.0,0.0,0.0,15.0,0,0.5,0.0,0.0,3.2,3.2,3.2,8.510499954223633,8.510503768920898,8.510502815246582,8.510502815246582,-0.3265213370323181,-0.32746338844299316,-1.3061444759368896,-1.6427136659622192,-0.112960085272789,-0.112960085272789,0.0,0.0,nan,nan,19.864784240722656,19.864784240722656,39.72956848144531,0.0,6.236120700836182,0.9913933873176575,0.0,0.0,0.0,0.9913933873176575,0.0,6.236120700836182,0.0,0.0,0.0,-0.5326560139656067,-2.3947958946228027,5.818358421325684,0.0,0.0,0.0,0.0,6.236120700836182,0.9913933873176575,0.0,0.0,0.0,0.9913933873176575,0.0,6.236120700836182,-0.0,-0.0,-0.0,-0.532656729221344,2.3947951793670654,5.818358421325684,0.0,0.0,0.0,4.470348358154297e-08,0.0,0.6000000238418579,-4.470348358154297e-08,0.0559999942779541,0.6000000238418579,-2.9802322387695312e-08,-0.055999934673309326,0.5999999642372131,-1.0653127431869507,-7.152557373046875e-07,11.636716842651367,0.0,0.0,0.0,5.066394805908203e-07,9.854520612861961e-07,2.60770320892334e-08,17.125476837158203,17.125471115112305,38.099796295166016,38.099796295166016,0.45904016494750977,0.45904016494750977,0.5178752541542053,0.5178752541542053,0.023084618151187897,0.023084618151187897,0.2274339199066162,0.2274339199066162,7.955837249755859,7.955837249755859,-0.948298454284668,-0.948298454284668,2.3128695487976074,2.3128695487976074,0.0,0.0,-0.08396197110414505,-0.08396197110414505,0.9913933873176575,0.9913933873176575,0.5500251054763794,0.5500251054763794,0.13941964507102966,0.13941964507102966,0.3335079848766327,0.3335079848766327,61.08632278442383,61.08632278442383,29.390655517578125,29.390655517578125,44.23939514160156,44.23939514160156,8.527864456176758,8.527864456176758,0.0,0.0,180.0
46,0.19166666666666665,-0.341869660007623,-7.96325503533127,138.20388560937607,-0.341869660007623,-7.96325503533127,138.20388560937607,5.0,-5.0,0.0,0.0,15.0,0,0.5,0.0,0.0,3.2,3.2,3.2,7.963255405426025,7.963254928588867,7.963255405426025,7.963255405426025,-0.35830140113830566,-0.3592485785484314,-0.7016515135765076,-1.0384833812713623,-0.10569644719362259,-0.10569644719362259,0.0,0.0,nan,nan,17.527917861938477,17.527917861938477,35.05583572387695,0.0,5.927194595336914,1.0289912223815918,0.0,0.0,0.0,1.0289912223815918,0.0,5.927194595336914,0.0,0.0,0.0,-0.40145277976989746,-2.462719678878784,5.473966598510742,0.0,0.0,0.0,0.0,5.927194595336914,1.0289912223815918,0.0,0.0,0.0,1.0289912223815918,0.0,5.927194595336914,-0.0,-0.0,-0.0,-0.4014529287815094,2.4627180099487305,5.4739670753479,0.0,0.0,0.0,4.470348358154297e-08,0.0,0.6000000238418579,-4.470348358154297e-08,0.05600005388259888,0.6000000238418579,0.0,-0.055999964475631714,0.5999999642372131,-0.8029056787490845,-1.6689300537109375e-06,10.947933197021484,0.0,0.0,0.0,6.258487701416016e-07,7.580446208521607e-07,1.3783574104309082e-07,16.44404411315918,16.444042205810547,36.300392150878906,36.300392150878906,0.4873591661453247,0.4873591661453247,0.508094847202301,0.508094847202301,0.004546067211776972,0.004546067211776972,0.20078371465206146,0.20078371465206146,7.720090389251709,7.720090389251709,-1.1114047765731812,-1.1114047765731812,2.151923179626465,2.151923179626465,0.0,0.0,-0.08259645849466324,-0.08259645849466324,1.0289912223815918,1.0289912223815918,0.5500251054763794,0.5500251054763794,0.1332883983850479,0.1332883983850479,0.3198157250881195,0.3198157250881195,57.23523712158203,57.23523712158203,27.196788787841797,27.196788787841797,42.02863693237305,42.02863693237305,8.944040298461914,8.944040298461914,0.0,0.0,180.0
47,0.19583333333333333,-0.3738121059838826,-7.3601506083586345,151.11690675810343,-0.3738121059838826,-7.3601506083586345,151.11690675810343,5.0,-5.0,0.0,0.0,15.0,0,0.5,0.0,0.0,3.2,3.2,3.2,7.360150337219238,7.360151290893555,7.3601508140563965,7.3601508140563965,-0.387596070766449,-0.38854140043258667,-0.09669208526611328,-0.4315067529678345,-0.09769143164157867,-0.09769143164157867,0.0,0.0,nan,nan,15.230308532714844,15.230308532714844,30.460617065429688,0.0,5.620377063751221,1.0939877033233643,0.0,0.0,0.0,1.0939877033233643,0.0,5.620377063751221,0.0,0.0,0.0,-0.2464625984430313,-2.4973156452178955,5.146661281585693,0.0,0.0,0.0,0.0,5.620377063751221,1.0939877033233643,0.0,0.0,0.0,1.0939877033233643,0.0,5.620377063751221,-0.0,-0.0,-0.0,-0.24646247923374176,2.497314691543579,5.146661758422852,0.0,0.0,0.0,4.470348358154297e-08,0.0,0.6000000238418579,-8.940696716308594e-08,0.05600002408027649,0.6000000238418579,2.9802322387695312e-08,-0.055999964475631714,0.5999999642372131,-0.49292507767677307,-9.5367431640625e-07,10.293323516845703,0.0,0.0,0.0,4.470348358154297e-07,7.816025799911586e-07,3.1944364309310913e-07,15.658474922180176,15.658474922180176,34.11574172973633,34.11574172973633,0.5156482458114624,0.5156482458114624,0.48435184359550476,0.48435184359550476,0.0,0.0,0.1621500849723816,0.1621500849723816,7.448616981506348,7.448616981506348,-1.2676914930343628,-1.2676914930343628,1.977723240852356,1.977723240852356,0.0,0.0,-0.0811874270439148,-0.0811874270439148,1.0939877033233643,1.0939877033233643,0.5500251054763794,0.5500251054763794,0.12544368207454681,0.12544368207454681,0.3049379885196686,0.3049379885196686,52.97660446166992,52.97660446166992,24.764602661132812,24.764602661132812,39.58074188232422,39.58074188232422,9.402693748474121,9.402693748474121,0.0,0.0,180.0
48,0.2,-0.403132528620293,-6.705420013129276,162.9699513832704,-0.403132528620293,-6.705420013129276,162.9699513832704,5.0,-5.0,0.0,0.0,15.0,0,0.5,0.0,0.0,3.2,3.2,3.2,6.705418586730957,6.705418109893799,6.70542049407959,6.70542049407959,-0.41417956352233887,-0.41511639952659607,0.5077365040779114,0.17726129293441772,-0.08900117874145508,-0.08900117874145508,0.0,0.0,nan,nan,12.940351486206055,12.940351486206055,25.88070297241211,0.0,5.288064956665039,1.1325910091400146,0.0,0.0,0.0,1.1325910091400146,0.0,5.288064956665039,0.0,0.0,0.0,-0.11376692354679108,-2.4875328540802,4.800586223602295,0.0,0.0,0.0,0.0,5.288064956665039,1.1325910091400146,0.0,0.0,0.0,1.1325910091400146,0.0,5.288064956665039,-0.0,-0.0,-0.0,-0.11376704275608063,2.487531900405884,4.800586700439453,0.0,0.0,0.0,4.470348358154297e-08,0.0,0.6000000238418579,-8.940696716308594e-08,0.05600002408027649,0.6000000238418579,-2.9802322387695312e-08,-0.055999934673309326,0.5999999642372131,-0.2275339663028717,-9.5367431640625e-07,9.601173400878906,0.0,0.0,0.0,5.662441253662109e-07,1.008261392598797e-06,1.51805579662323e-07,14.781632423400879,14.781632423400879,31.4927978515625,31.4927978515625,0.557930588722229,0.557930588722229,0.4420694410800934,0.4420694410800934,0.0,0.0,0.12566909193992615,0.12566909193992615,7.146681785583496,7.146681785583496,-1.4158787727355957,-1.4158787727355957,1.795081615447998,1.795081615447998,0.0,0.0,-0.0797685831785202,-0.0797685831785202,1.1325910091400146,1.1325910091400146,0.5500251054763794,0.5500251054763794,0.11592897772789001,0.11592897772789001,0.2889675796031952,0.2889675796031952,48.338077545166016,48.338077545166016,22.109830856323242,22.109830856323242,36.91154861450195,36.91154861450195,9.900609016418457,9.900609016418457,0.0,0.0,180.0
49,0.20416666666666666,-0.4296252662187538,-6.0036557143454585,173.6798788932321,-0.4296252662187538,-6.0036557143454585,173.6798788932321,5.0,-5.0,0.0,0.0,15.0,0,0.5,0.0,0.0,3.2,3.2,3.2,6.003655433654785,6.003653526306152,6.003655910491943,6.003655910491943,-0.43786728382110596,-0.4387890100479126,1.107092022895813,0.7832431793212891,-0.07968664914369583,-0.07968664914369583,0.0,0.0,nan,nan,10.719152450561523,10.719152450561523,21.438304901123047,0.0,4.9354472160339355,1.1398613452911377,0.0,0.0,0.0,1.1398613452911377,0.0,4.9354472160339355,0.0,0.0,0.0,-0.009895790368318558,-2.436213254928589,4.441023349761963,0.0,0.0,0.0,0.0,4.9354472160339355,1.1398613452911377,0.0,0.0,0.0,1.1398613452911377,0.0,4.9354472160339355,-0.0,-0.0,-0.0,-0.009895648807287216,2.4362120628356934,4.441023826599121,0.0,0.0,0.0,4.470348358154297e-08,0.0,0.6000000238418579,-4.470348358154297e-08,0.05600002408027649,0.5999999642372131,-2.9802322387695312e-08,-0.055999964475631714,0.5999999642372131,-0.019791439175605774,-1.1920928955078125e-06,8.882047653198242,0.0,0.0,0.0,2.384185791015625e-07,7.291201882253517e-07,4.487810656428337e-08,13.839896202087402,13.839896202087402,28.38277816772461,28.38277816772461,0.6136804223060608,0.6136804223060608,0.3863196074962616,0.3863196074962616,0.0,0.0,0.0920536071062088,0.0920536071062088,6.819703578948975,6.819703578948975,-1.5546932220458984,-1.5546932220458984,1.6087157726287842,1.6087157726287842,0.0,0.0,-0.07837232202291489,-0.07837232202291489,1.1398613452911377,1.1398613452911377,0.5500251054763794,0.5500251054763794,0.10480060428380966,0.10480060428380966,0.272006094455719,0.272006094455719,43.35053634643555,43.35053634643555,19.250091552734375,19.250091552734375,34.03877639770508,34.03877639770508,10.43429183959961,10.43429183959961,0.0,0.0,180.0
50,0.20833333333333334,-0.4531044912600184,-5.259780084346171,183.1715668415788,-0.4531044912600184,-5.259780084346171,183.1715668415788,5.0,-5.0,0.0,0.0,15.0,0,0.5,0.0,0.0,3.2,3.2,3.2,5.2597784996032715,5.259779453277588,5.259779930114746,5.259779930114746,-0.4584939777851105,-0.4593939781188965,1.6970343589782715,1.382054090499878,-0.06981316953897476,-0.06981316953897476,0.0,0.0,nan,nan,8.61482048034668,8.61482048034668,17.22964096069336,0.0,4.5663228034973145,1.1124690771102905,0.0,0.0,0.0,1.1124690771102905,0.0,4.5663228034973145,0.0,0.0,0.0,0.060711055994033813,-2.34662127494812,4.071679592132568,0.0,0.0,0.0,0.0,4.5663228034973145,1.1124690771102905,0.0,0.0,0.0,1.1124690771102905,0.0,4.5663228034973145,-0.0,-0.0,-0.0,0.06071081757545471,2.346620798110962,4.071680068969727,0.0,0.0,0.0,4.470348358154297e-08,0.0,0.6000000238418579,-5.960464477539063e-08,0.05600002408027649,0.5999999642372131,1.4901161193847656e-08,-0.055999964475631714,0.6000000238418579,0.12142187356948853,-4.76837158203125e-07,8.143360137939453,0.0,0.0,0.0,8.940696716308594e-08,5.424361688710633e-07,1.578591763973236e-07,12.881732940673828,12.881729125976562,24.75605583190918,24.756046295166016,0.6812697052955627,0.6812697052955627,0.3187303841114044,0.3187303841114044,0.0,0.0,0.06213124841451645,0.06213124841451645,6.473064422607422,6.473064422607422,-1.6828923225402832,-1.6828923225402832,1.4230648279190063,1.4230648279190063,0.0,0.0,-0.0770290344953537,-0.0770290344953537,1.1124690771102905,1.1124690771102905,0.5500251054763794,0.5500251054763794,0.09212793409824371,0.09212793409824371,0.25416383147239685,0.25416383147239685,38.04788589477539,38.04788589477539,16.204755783081055,16.204755783081055,30.981895446777344,30.981895446777344,11.000000953674316,11.000000953674316,0.0,0.0,180.0
51,0.2125,-0.47340551385022134,-4.479010876201988,191.37843785712082,-0.47340551385022134,-4.479010876201988,191.37843785712082,5.0,-5.0,0.0,0.0,15.0,0,0.5,0.0,0.0,3.2,3.2,3.2,4.479010105133057,4.479010105133057,4.479011058807373,4.479011058807373,-0.47594502568244934,-0.4768167734146118,2.2686071395874023,1.9645740985870361,-0.05945000424981117,-0.05945000424981117,0.0,0.0,nan,nan,6.778803825378418,6.778803825378418,13.557607650756836,0.0,4.227822303771973,1.0922282934188843,0.0,0.0,0.0,1.0922282934188843,0.0,4.227822303771973,0.0,0.0,0.0,0.12792456150054932,-2.2458412647247314,3.7426295280456543,0.0,0.0,0.0,0.0,4.227822303771973,1.0922282934188843,0.0,0.0,0.0,1.0922282934188843,0.0,4.227822303771973,-0.0,-0.0,-0.0,0.127924382686615,2.245840549468994,3.7426302433013916,0.0,0.0,0.0,4.470348358154297e-08,0.0,0.6000000238418579,-4.470348358154297e-08,0.05600002408027649,0.6000000238418579,-2.9802322387695312e-08,-0.055999934673309326,0.6000000238418579,0.2558489441871643,-7.152557373046875e-07,7.485260009765625,0.0,0.0,0.0,2.980232238769531e-07,6.134648629085859e-07,1.210719347000122e-08,11.991451263427734,11.991450309753418,20.632627487182617,20.632627487182617,0.779161810874939,0.779161810874939,0.2208382934331894,0.2208382934331894,0.0,0.0,0.023084618151187897,0.023084618151187897,6.11190938949585,6.11190938949585,-1.7992889881134033,-1.7992889881134033,1.2421317100524902,1.2421317100524902,0.0,0.0,-0.07576628774404526,-0.07576628774404526,1.0922282934188843,1.0922282934188843,0.5500251054763794,0.5500251054763794,0.07799354195594788,0.07799354195594788,0.2355595976114273,0.2355595976114273,32.46696853637695,32.46696853637695,12.994921684265137,12.994921684265137,27.762073516845703,27.762073516845703,11.593766212463379,11.593766212463379,0.0,0.0,180.0
52,0.21666666666666667,-0.4903859369021576,-3.6668246249261154,198.24292663631311,-0.4903859369021576,-3.6668246249261154,198.24292663631311,5.0,-5.0,0.0,0.0,15.0,0,0.5,0.0,0.0,3.2,3.2,3.2,3.6668248176574707,3.6668241024017334,3.6668245792388916,3.6668245792388916,-0.4900410771369934,-0.49087849259376526,2.826930522918701,2.5360305309295654,-0.04866983741521835,-0.04866983741521835,0.0,0.0,nan,nan,5.013413429260254,5.013413429260254,10.026826858520508,0.0,3.838183641433716,0.9947555065155029,0.0,0.0,0.0,0.9947555065155029,0.0,3.838183641433716,0.0,0.0,0.0,0.1282956898212433,-2.0937862396240234,3.3646388053894043,0.0,0.0,0.0,0.0,3.838183641433716,0.9947555065155029,0.0,0.0,0.0,0.9947555065155029,0.0,3.838183641433716,-0.0,-0.0,-0.0,0.12829560041427612,2.093785285949707,3.3646392822265625,0.0,0.0,0.0,4.470348358154297e-08,0.0,0.6000000238418579,0.0,0.05600003898143768,0.6000000238418579,-8.940696716308594e-08,-0.055999934673309326,0.5999999046325684,0.2565912902355194,-9.5367431640625e-07,6.729278087615967,0.0,0.0,0.0,5.811452865600586e-07,5.863503247383051e-07,-2.0582228899002075e-07,11.310935020446777,11.310933113098145,17.245126724243164,17.245126724243164,0.874110758304596,0.874110758304596,0.12588928639888763,0.12588928639888763,0.0,0.0,0.0,0.0,5.740962982177734,5.740962982177734,-1.9027791023254395,-1.9027791023254395,1.0693638324737549,1.0693638324737549,0.0,0.0,-0.07460828870534897,-0.07460828870534897,0.9947555065155029,0.9947555065155029,0.5500251054763794,0.5500251054763794,0.06249295175075531,0.06249295175075531,0.21632029116153717,0.21632029116153717,26.64727783203125,26.64727783203125,9.643239974975586,9.643239974975586,24.402040481567383,24.402040481567383,12.211423873901367,12.211423873901367,0.0,0.0,180.0
53,0.22083333333333333,-0.5039266549485347,-2.8289182335162426,203.7168837224979,-0.5039266549485347,-2.8289182335162426,203.7168837224979,5.0,-5.0,0.0,0.0,15.0,0,0.5,0.0,0.0,3.2,3.2,3.2,2.8289172649383545,2.8289172649383545,2.828917980194092,2.828918218612671,-0.5006639957427979,-0.5014616847038269,3.3711471557617188,3.095534086227417,-0.03754828870296478,-0.03754828870296478,0.0,0.0,nan,nan,3.3223369121551514,3.3223369121551514,6.644673824310303,0.0,3.371995449066162,0.8340057730674744,0.0,0.0,0.0,0.8340057730674744,0.0,3.371995449066162,0.0,0.0,0.0,0.08066068589687347,-1.877570390701294,2.921325206756592,0.0,0.0,0.0,0.0,3.371995449066162,0.8340057730674744,0.0,0.0,0.0,0.8340057730674744,0.0,3.371995449066162,-0.0,-0.0,-0.0,0.08066046237945557,1.8775697946548462,2.921325922012329,0.0,0.0,0.0,4.470348358154297e-08,0.0,0.6000000238418579,-1.4901161193847656e-07,0.0559999942779541,0.5999999642372131,-2.9802322387695312e-08,-0.055999934673309326,0.5999999642372131,0.16132114827632904,-5.960464477539062e-07,5.8426513671875,0.0,0.0,0.0,1.341104507446289e-07,7.739449756627437e-07,2.0675361156463623e-07,11.06464672088623,11.064643859863281,16.70958709716797,16.70958709716797,0.8820533156394958,0.8820533156394958,0.11794667690992355,0.11794667690992355,0.0,0.0,0.0,0.0,5.364361763000488,5.364361763000488,-1.992366909980774,-1.992366909980774,0.9075815081596375,0.9075815081596375,0.0,0.0,-0.0735757052898407,-0.0735757052898407,0.8340057730674744,0.8340057730674744,0.5500251054763794,0.5500251054763794,0.04573427140712738,0.04573427140712738,0.19658026099205017,0.19658026099205017,20.630693435668945,20.630693435668945,6.173776626586914,6.173776626586914,20.92591667175293,20.92591667175293,12.848642349243164,12.848642349243164,0.0,0.0,180.0
54,0.225,-0.5139326895812499,-1.9711690132731998,207.7619132397484,-0.5139326895812499,-1.9711690132731998,207.7619132397484,5.0,-5.0,0.0,0.0,15.0,0,0.5,0.0,0.0,3.2,3.2,3.2,1.9711686372756958,1.971169114112854,1.971168875694275,1.971169114112854,-0.5077975988388062,-0.5085494518280029,3.88814115524292,3.6296777725219727,-0.026163367554545403,-0.026163367554545403,0.0,0.0,nan,nan,1.959706425666809,1.959706425666809,3.919412851333618,0.0,2.918328285217285,0.6862674951553345,0.0,0.0,0.0,0.6862674951553345,0.0,2.918328285217285,0.0,0.0,0.0,0.03972753509879112,-1.6491361856460571,2.503272533416748,0.0,0.0,0.0,0.0,2.918328285217285,0.6862674951553345,0.0,0.0,0.0,0.6862674951553345,0.0,2.918328285217285,-0.0,-0.0,-0.0,0.03972723335027695,1.649135947227478,2.5032730102539062,0.0,0.0,0.0,4.470348358154297e-08,0.0,0.6000000238418579,-1.4901161193847656e-07,0.056000009179115295,0.6000000238418579,2.9802322387695312e-08,-0.055999964475631714,0.5999999642372131,0.07945476472377777,-2.384185791015625e-07,5.006545543670654,0.0,0.0,0.0,1.7881393432617188e-07,5.198554049457016e-07,2.759043127298355e-07,11.530000686645508,11.530000686645508,16.17677116394043,16.17677116394043,0.8820533156394958,0.8820533156394958,0.11794667690992355,0.11794667690992355,0.0,0.0,0.0,0.0,4.985516548156738,4.985516548156738,-2.067188262939453,-2.067188262939453,0.7589526772499084,0.7589526772499084,0.0,0.0,-0.07268518209457397,-0.07268518209457397,0.6862674951553345,0.6862674951553345,0.5500251054763794,0.5500251054763794,0.02783733792603016,0.02783733792603016,0.176480233669281,0.176480233669281,14.46108341217041,14.46108341217041,2.6117823123931885,2.6117823123931885,17.35900115966797,17.35900115966797,13.50094985961914,13.50094985961914,0.0,0.0,180.0
55,0.22916666666666666,-0.5203338556566806,-1.0995934586850369,210.34964221235074,-0.5203338556566806,-1.0995934586850369,210.34964221235074,5.0,-5.0,0.0,0.0,15.0,0,0.5,0.0,0.0,3.2,3.2,3.2,1.0995932817459106,1.0995932817459106,1.0995934009552002,1.0995934009552002,-0.5113916397094727,-0.5120924711227417,4.374275207519531,4.134702682495117,-0.014594926498830318,-0.014594926498830318,0.0,0.0,nan,nan,0.9330373406410217,0.9330373406410217,1.8660746812820435,0.0,2.4804887771606445,0.5530703067779541,0.0,0.0,0.0,0.5530703067779541,0.0,2.4804887771606445,0.0,0.0,0.0,0.006894588470458984,-1.414785623550415,2.1111717224121094,0.0,0.0,0.0,0.0,2.4804887771606445,0.5530703067779541,0.0,0.0,0.0,0.5530703067779541,0.0,2.4804887771606445,-0.0,-0.0,-0.0,0.0068944282829761505,1.4147846698760986,2.1111721992492676,0.0,0.0,0.0,4.470348358154297e-08,0.0,0.6000000238418579,-7.450580596923828e-08,0.05600002408027649,0.6000000238418579,-4.470348358154297e-08,-0.055999964475631714,0.6000000238418579,0.013789016753435135,-9.5367431640625e-07,4.222343921661377,0.0,0.0,0.0,9.685754776000977e-08,4.4042479885320063e-07,3.2800016924738884e-08,12.784287452697754,12.784287452697754,15.64927864074707,15.64927864074707,0.8820533156394958,0.8820533156394958,0.11794667690992355,0.11794667690992355,0.0,0.0,0.0,0.0,4.607021808624268,4.607021808624268,-2.126532793045044,-2.126532793045044,0.6250196695327759,0.6250196695327759,0.0,0.0,-0.07194940745830536,-0.07194940745830536,0.5530703067779541,0.5530703067779541,0.5500251054763794,0.5500251054763794,0.008932924829423428,0.008932924829423428,0.1561664193868637,0.1561664193868637,8.183931350708008,8.183931350708008,-1.016519546508789,-1.016519546508789,13.72754955291748,13.72754955291748,14.163772583007812,14.163772583007812,0.0,0.0,180.0
56,0.23333333333333334,-0.5230852535940391,-0.22030504604099016,211.46191958084287,-0.5230852535940391,-0.22030504604099016,211.46191958084287,5.0,-5.0,0.0,0.0,15.0,0,0.5,0.0,0.0,3.2,3.2,3.2,0.22030499577522278,0.22030498087406158,0.22030505537986755,0.22030504047870636,-0.511420488357544,-0.5120651125907898,4.826229572296143,4.6071600914001465,-0.0029241135343909264,-0.0029241135343909264,0.0,0.0,nan,nan,0.23866429924964905,0.23866429924964905,0.4773285984992981,0.0,2.0607638359069824,0.435388445854187,0.0,0.0,0.0,0.435388445854187,0.0,2.0607638359069824,0.0,0.0,0.0,-0.01670883595943451,-1.1800415515899658,1.7445725202560425,0.0,0.0,0.0,0.0,2.0607638359069824,0.435388445854187,0.0,0.0,0.0,0.435388445854187,0.0,2.0607638359069824,-0.0,-0.0,-0.0,-0.016708921641111374,1.1800413131713867,1.7445728778839111,0.0,0.0,0.0,4.470348358154297e-08,0.0,0.6000000238418579,-5.960464477539063e-08,0.05600002408027649,0.6000000238418579,-1.1920928955078125e-07,-0.05599991977214813,0.5999999642372131,-0.03341775760054588,-2.384185791015625e-07,3.489145278930664,0.0,0.0,0.0,2.3096799850463867e-07,4.689267996127455e-07,-7.33998604118824e-08,14.527331352233887,14.527335166931152,15.128838539123535,15.128838539123535,0.8820533156394958,0.8820533156394958,0.11794667690992355,0.11794667690992355,0.0,0.0,0.0,0.0,4.230625152587891,4.230625152587891,-2.169861316680908,-2.169861316680908,0.5067654848098755,0.5067654848098755,0.0,0.0,-0.07137700915336609,-0.07137700915336609,0.435388445854187,0.435388445854187,0.5500251054763794,0.5500251054763794,-0.010838652960956097,-0.010838652960956097,0.13578905165195465,0.13578905165195465,1.845848798751831,1.845848798751831,-4.684210777282715,-4.684210777282715,10.05850601196289,10.05850601196289,14.8324613571167,14.8324613571167,0.0,0.0,180.0
57,0.2375,-0.5221675843136717,0.6605286482120585,211.09094351865497,-0.5221675843136717,0.6605286482120585,211.09094351865497,5.0,-5.0,0.0,0.0,15.0,0,0.5,0.0,0.0,3.2,3.2,3.2,0.6605284810066223,0.6605284214019775,0.6605286598205566,0.6605286598205566,-0.5078827738761902,-0.5084665417671204,5.241014003753662,5.043916702270508,0.008767210878431797,0.008767210878431797,0.0,0.0,nan,nan,-0.13619016110897064,-0.13619016110897064,-0.2723803222179413,0.0,1.6604478359222412,0.33373790979385376,0.0,0.0,0.0,0.33373790979385376,0.0,1.6604478359222412,0.0,0.0,0.0,-0.030180659145116806,-0.949561357498169,1.402101993560791,0.0,0.0,0.0,0.0,1.6604478359222412,0.33373790979385376,0.0,0.0,0.0,0.33373790979385376,0.0,1.6604478359222412,-0.0,-0.0,-0.0,-0.03018070198595524,0.9495612382888794,1.4021022319793701,0.0,0.0,0.0,4.470348358154297e-08,0.0,0.6000000238418579,-1.043081283569336e-07,0.05600003898143768,0.6000000238418579,-4.470348358154297e-08,-0.055999934673309326,0.5999999642372131,-0.060361362993717194,-1.1920928955078125e-07,2.804204225540161,0.0,0.0,0.0,1.862645149230957e-07,3.360860887369199e-07,5.7392753660678864e-08,16.45307159423828,16.45307159423828,18.852121353149414,18.852121353149414,0.11794667690992355,0.11794667690992355,0.8820533156394958,0.8820533156394958,0.0,0.0,0.0,0.0,3.857262134552002,3.857262134552002,-2.1968142986297607,-2.1968142986297607,0.40471047163009644,0.40471047163009644,0.0,0.0,-0.07097258418798447,-0.07097258418798447,0.33373790979385376,0.33373790979385376,0.5500251054763794,0.5500251054763794,-0.03132893517613411,-0.03132893517613411,0.115500807762146,0.115500807762146,-4.50589656829834,-4.50589656829834,-8.363948822021484,-8.363948822021484,6.379219055175781,6.379219055175781,15.502325057983398,15.502325057983398,0.0,0.0,180.0
58,0.24166666666666667,-0.5175872846062355,1.5367292085870878,209.23931615631736,-0.5175872846062355,1.5367292085870878,209.23931615631736,5.0,-5.0,0.0,0.0,15.0,0,0.5,0.0,0.0,3.2,3.2,3.2,1.536728858947754,1.536729335784912,1.536729335784912,1.536729335784912,-0.5008018016815186,-0.501320481300354,5.615978240966797,5.442172527313232,0.020397039130330086,0.020397039130330086,0.0,0.0,nan,nan,-0.21110811829566956,-0.21110811829566956,-0.4222162365913391,0.0,1.279946208000183,0.24828621745109558,0.0,0.0,0.0,0.24828621745109558,0.0,1.279946208000183,0.0,0.0,0.0,-0.03279729560017586,-0.7271468639373779,1.0817070007324219,0.0,0.0,0.0,0.0,1.279946208000183,0.24828621745109558,0.0,0.0,0.0,0.24828621745109558,0.0,1.279946208000183,-0.0,-0.0,-0.0,-0.032797377556562424,0.7271467447280884,1.0817071199417114,0.0,0.0,0.0,4.470348358154297e-08,0.0,0.6000000238418579,-1.9371509552001953e-07,0.0559999942779541,0.5999999642372131,-2.9802322387695312e-08,-0.055999964475631714,0.5999999642372131,-0.06559467315673828,-1.1920928955078125e-07,2.1634140014648438,0.0,0.0,0.0,2.2351741790771484e-08,3.424022452236386e-07,1.1560041457414627e-07,18.39736557006836,18.397369384765625,23.946260452270508,23.946269989013672,0.11794667690992355,0.11794667690992355,0.8820533156394958,0.8820533156394958,0.0,0.0,0.0,0.0,3.4871673583984375,3.4871673583984375,-2.207221508026123,-2.207221508026123,0.3190230131149292,0.3190230131149292,0.0,0.0,-0.07073679566383362,-0.07073679566383362,0.24828621745109558,0.24828621745109558,0.5500251054763794,0.5500251054763794,-0.052383020520210266,-0.052383020520210266,0.09545519202947617,0.09545519202947617,-10.823899269104004,-10.823899269104004,-12.028267860412598,-12.028267860412598,2.7171530723571777,2.7171530723571777,16.168664932250977,16.168664932250977,0.0,0.0,180.0
59,0.24583333333333332,-0.5093764819832375,2.4021507177022916,205.92002532938443,-0.5093764819832375,2.4021507177022916,205.92002532938443,5.0,-5.0,0.0,0.0,15.0,0,0.5,0.0,0.0,3.2,3.2,3.2,2.4021506309509277,2.4021503925323486,2.402150869369507,2.4021506309509277,-0.49022507667541504,-0.490674763917923,5.948809623718262,5.799466133117676,0.03188379481434822,0.03188379481434822,0.0,0.0,nan,nan,-0.010292328894138336,-0.010292328894138336,-0.020584657788276672,0.0,0.9189502000808716,0.17895585298538208,0.0,0.0,0.0,0.17895585298538208,0.0,0.9189502000808716,0.0,0.0,0.0,-0.023977410048246384,-0.5158356428146362,0.7809182405471802,0.0,0.0,0.0,0.0,0.9189502000808716,0.17895585298538208,0.0,0.0,0.0,0.17895585298538208,0.0,0.9189502000808716,-0.0,-0.0,-0.0,-0.023977480828762054,0.5158354043960571,0.7809183597564697,0.0,0.0,0.0,4.470348358154297e-08,0.0,0.6000000238418579,-2.9802322387695312e-08,0.05600002408027649,0.5999999642372131,-2.9802322387695312e-08,-0.055999934673309326,0.6000000238418579,-0.04795489087700844,-2.384185791015625e-07,1.56183660030365,0.0,0.0,0.0,3.3527612686157227e-08,1.1779505371123378e-07,-1.862645149230957e-09,20.273359298706055,20.273359298706055,28.664392471313477,28.664392471313477,0.11794667690992355,0.11794667690992355,0.8820533156394958,0.8820533156394958,0.0,0.0,0.0,0.0,3.1200499534606934,3.1200499534606934,-2.2010998725891113,-2.2010998725891113,0.24962228536605835,0.24962228536605835,0.0,0.0,-0.07066641002893448,-0.07066641002893448,0.17895585298538208,0.17895585298538208,0.5500251054763794,0.5500251054763794,-0.07384130358695984,-0.07384130358695984,0.07580475509166718,0.07580475509166718,-17.06112289428711,-17.06112289428711,-15.649868965148926,-15.649868965148926,-0.900409460067749,-0.900409460067749,16.82680892944336,16.82680892944336,0.0,0.0,180.0
60,0.25,-0.4975927693256244,3.250722865475723,201.15635347809993,-0.4975927693256244,3.250722865475723,201.15635347809993,5.0,-5.0,0.0,0.0,15.0,0,0.5,0.0,0.0,3.2,3.2,3.2,3.2507216930389404,3.250722885131836,3.250722885131836,3.250722885131836,-0.4762246310710907,-0.4766022562980652,6.237537384033203,6.113650798797607,0.04314691200852394,0.04314691200852394,0.0,0.0,nan,nan,0.43916523456573486,0.43916523456573486,0.8783304691314697,0.0,0.576674222946167,0.1255037784576416,0.0,0.0,0.0,0.1255037784576416,0.0,0.576674222946167,0.0,0.0,0.0,-0.003272656351327896,-0.31805920600891113,0.49712374806404114,0.0,0.0,0.0,0.0,0.576674222946167,0.1255037784576416,0.0,0.0,0.0,0.1255037784576416,0.0,0.576674222946167,-0.0,-0.0,-0.0,-0.00327268335968256,0.3180590569972992,0.4971238374710083,0.0,0.0,0.0,4.470348358154297e-08,0.0,0.6000000238418579,-1.4901161193847656e-07,0.05600002408027649,0.6000000238418579,-1.4901161193847656e-08,-0.055999964475631714,0.5999999642372131,-0.006545339711010456,-1.4901161193847656e-07,0.994247555732727,0.0,0.0,0.0,4.284083843231201e-08,1.2612633781827753e-07,4.132743924856186e-08,22.03261947631836,22.03261947631836,32.858890533447266,32.858890533447266,0.11794667690992355,0.11794667690992355,0.8820533156394958,0.8820533156394958,0.0,0.0,0.0,0.0,2.755321979522705,2.755321979522705,-2.178647994995117,-2.178647994995117,0.19625826179981232,0.19625826179981232,0.0,0.0,-0.07075448334217072,-0.07075448334217072,0.1255037784576416,0.1255037784576416,0.5500251054763794,0.5500251054763794,-0.09554140269756317,-0.09554140269756317,0.05669916793704033,0.05669916793704033,-23.17140769958496,-23.17140769958496,-19.201923370361328,-19.201923370361328,-4.446667194366455,-4.446667194366455,17.472135543823242,17.472135543823242,0.0,0.0,180.0
61,0.25416666666666665,-0.48231880091110346,4.0764935279889984,194.9817143378071,-0.48231880091110346,4.0764935279889984,194.9817143378071,5.0,-5.0,0.0,0.0,15.0,0,0.5,0.0,0.0,3.2,3.2,3.2,4.076493263244629,4.076493740081787,4.076493740081787,4.076493740081787,-0.45889633893966675,-0.45919913053512573,6.480495452880859,6.382896900177002,0.05410738289356232,0.05410738289356232,0.0,0.0,nan,nan,1.1083641052246094,1.1083641052246094,2.2167282104492188,0.0,0.2521173357963562,0.08756452798843384,0.0,0.0,0.0,0.08756452798843384,0.0,0.2521173357963562,0.0,0.0,0.0,0.02960710972547531,-0.13582462072372437,0.22782842814922333,0.0,0.0,0.0,0.0,0.2521173357963562,0.08756452798843384,0.0,0.0,0.0,0.08756452798843384,0.0,0.2521173357963562,-0.0,-0.0,-0.0,0.029607098549604416,0.1358245611190796,0.22782845795154572,0.0,0.0,0.0,4.470348358154297e-08,0.0,0.6000000238418579,-1.1920928955078125e-07,0.056000009179115295,0.6000000238418579,2.9802322387695312e-08,-0.0559999942779541,0.6000000238418579,0.05921420827507973,-5.960464477539063e-08,0.45565688610076904,0.0,0.0,0.0,1.862645149230957e-09,4.073890025324545e-08,1.9208528101444244e-08,23.64927864074707,23.64927864074707,36.49431228637695,36.49431228637695,0.11794667690992355,0.11794667690992355,0.864794909954071,0.864794909954071,0.017258400097489357,0.017258400097489357,0.0,0.0,2.39235258102417,2.39235258102417,-2.140235185623169,-2.140235185623169,0.15855492651462555,0.15855492651462555,0.0,0.0,-0.07099039852619171,-0.07099039852619171,0.08756452798843384,0.08756452798843384,0.5500251054763794,0.5500251054763794,-0.1173200011253357,-0.1173200011253357,0.03828355297446251,0.03828355297446251,-29.109941482543945,-29.109941482543945,-22.658329010009766,-22.658329010009766,-7.895561218261719,-7.895561218261719,18.10012435913086,18.10012435913086,0.0,0.0,180.0
62,0.2583333333333333,-0.4636617126537717,4.873670517359982,187.43941856560312,-0.4636617126537717,4.873670517359982,187.43941856560312,5.0,-5.0,0.0,0.0,15.0,0,0.5,0.0,0.0,3.2,3.2,3.2,4.87367057800293,4.873669147491455,4.87367057800293,4.87367057800293,-0.4383597671985626,-0.4385853707790375,6.676324367523193,6.605666637420654,0.06468833237886429,0.06468833237886429,0.0,0.0,nan,nan,1.966996431350708,1.966996431350708,3.933992862701416,0.0,-0.05567288398742676,0.06465335190296173,0.0,0.0,0.0,0.06465335190296173,0.0,-0.05567288398742676,0.0,0.0,0.0,0.07473243772983551,0.029112735763192177,-0.029103919863700867,0.0,0.0,0.0,0.0,-0.05567288398742676,0.06465335190296173,0.0,0.0,0.0,0.06465335190296173,0.0,-0.05567288398742676,-0.0,-0.0,-0.0,0.07473243027925491,-0.02911272458732128,-0.02910393476486206,0.0,0.0,0.0,4.470348358154297e-08,0.0,0.6000000238418579,2.9802322387695312e-08,0.05600005388259888,0.6000000238418579,-1.1920928955078125e-07,-0.055999934673309326,0.6000000238418579,0.14946487545967102,1.1175870895385742e-08,-0.05820785462856293,0.0,0.0,0.0,-2.561137080192566e-09,-5.204189079677235e-09,-5.122274160385132e-09,25.11191749572754,25.11191177368164,39.592567443847656,39.59256362915039,0.11794667690992355,0.11794667690992355,0.767946183681488,0.767946183681488,0.11410718411207199,0.11410718411207199,0.0,0.0,2.0307133197784424,2.0307133197784424,-2.086386203765869,-2.086386203765869,0.13601350784301758,0.13601350784301758,0.0,0.0,-0.07136015594005585,-0.07136015594005585,0.06465335190296173,0.06465335190296173,0.5500251054763794,0.5500251054763794,-0.13901470601558685,-0.13901470601558685,0.020696725696325302,0.020696725696325302,-34.83368682861328,-34.83368682861328,-25.99399757385254,-25.99399757385254,-11.222052574157715,-11.222052574157715,18.706369400024414,18.706369400024414,0.0,0.0,180.0
63,0.2625,-0.4417523706226542,5.636662209779137,178.58236994719766,-0.4417523706226542,5.636662209779137,178.58236994719766,5.0,-5.0,0.0,0.0,15.0,0,0.5,0.0,0.0,3.2,3.2,3.2,5.636661052703857,5.636662483215332,5.636662006378174,5.636662006378174,-0.4147568345069885,-0.41490378975868225,6.823953628540039,6.780700206756592,0.074815534055233,0.074815534055233,0.0,0.0,nan,nan,2.9832041263580322,2.9832041263580322,5.9664082527160645,0.0,-0.34737056493759155,0.05613494664430618,0.0,0.0,0.0,0.05613494664430618,0.0,-0.34737056493759155,0.0,0.0,0.0,0.13186773657798767,0.17511847615242004,-0.2752487361431122,0.0,0.0,0.0,0.0,-0.34737056493759155,0.05613494664430618,0.0,0.0,0.0,0.05613494664430618,0.0,-0.34737056493759155,-0.0,-0.0,-0.0,0.13186776638031006,-0.17511847615242004,-0.2752487361431122,0.0,0.0,0.0,4.470348358154297e-08,0.0,0.6000000238418579,-1.043081283569336e-07,0.0559999942779541,0.5999999642372131,5.960464477539063e-08,-0.0559999942779541,0.6000000238418579,0.26373550295829773,0.0,-0.5504974722862244,0.0,0.0,0.0,1.0244548320770264e-08,-4.4773660334840315e-08,-2.7474015951156616e-08,26.418601989746094,26.418607711791992,42.20277786254883,42.20277786254883,0.11794667690992355,0.11794667690992355,0.6812697052955627,0.6812697052955627,0.20078371465206146,0.20078371465206146,0.0,0.0,1.670389175415039,1.670389175415039,-2.0177597999572754,-2.0177597999572754,0.12798134982585907,0.12798134982585907,0.0,0.0,-0.07184641063213348,-0.07184641063213348,0.05613494664430618,0.05613494664430618,0.5500251054763794,0.5500251054763794,-0.16046582162380219,-0.16046582162380219,0.0040695699863135815,0.0040695699863135815,-40.30179977416992,-40.30179977416992,-29.185060501098633,-29.185060501098633,-14.402338981628418,-14.402338981628418,19.2866153717041,19.2866153717041,0.0,0.0,180.0
64,0.26666666666666666,-0.4167444531102597,6.360116766732885,168.4726943148686,-0.4167444531102597,6.360116766732885,168.4726943148686,5.0,-5.0,0.0,0.0,15.0,0,0.5,0.0,0.0,3.2,3.2,3.2,6.360116004943848,6.3601155281066895,6.360117435455322,6.360117435455322,-0.3882518708705902,-0.3883189558982849,6.922579765319824,6.907018661499023,0.08441796153783798,0.08441796153783798,0.0,0.0,nan,nan,4.123132705688477,4.123132705688477,8.246265411376953,0.0,-0.623191237449646,0.061170704662799835,0.0,0.0,0.0,0.061170704662799835,0.0,-0.623191237449646,0.0,0.0,0.0,0.200374037027359,0.3006105124950409,-0.5114613771438599,0.0,0.0,0.0,0.0,-0.623191237449646,0.061170704662799835,0.0,0.0,0.0,0.061170704662799835,0.0,-0.623191237449646,-0.0,-0.0,-0.0,0.2003740519285202,-0.30061042308807373,-0.5114614367485046,0.0,0.0,0.0,4.470348358154297e-08,0.0,0.6000000238418579,-1.1920928955078125e-07,0.0559999942779541,0.5999999642372131,1.4901161193847656e-08,-0.055999964475631714,0.5999999642372131,0.400748074054718,8.940696716308594e-08,-1.0229227542877197,0.0,0.0,0.0,-1.1175870895385742e-08,-1.229642379030338e-07,-4.563480615615845e-08,27.573394775390625,27.573394775390625,44.38374328613281,44.38374328613281,0.11794667690992355,0.11794667690992355,0.6136804223060608,0.6136804223060608,0.26837289333343506,0.26837289333343506,0.0,0.0,1.3119357824325562,1.3119357824325562,-1.9351270198822021,-1.9351270198822021,0.13359972834587097,0.13359972834587097,0.0,0.0,-0.07242901623249054,-0.07242901623249054,0.061170704662799835,0.061170704662799835,0.5500251054763794,0.5500251054763794,-0.18151791393756866,-0.18151791393756866,-0.011476353742182255,-0.011476353742182255,-45.47592544555664,-45.47592544555664,-32.209083557128906,-32.209083557128906,-17.414060592651367,-17.414060592651367,19.836793899536133,19.836793899536133,0.0,0.0,180.0
65,0.2708333333333333,-0.38881337268977284,7.038959674305601,157.18130377938448,-0.38881337268977284,7.038959674305601,157.18130377938448,5.0,-5.0,0.0,0.0,15.0,0,0.5,0.0,0.0,3.2,3.2,3.2,7.0389580726623535,7.038959980010986,7.038959980010986,7.038959980010986,-0.359029620885849,-0.35901641845703125,6.971678256988525,6.983892917633057,0.09342825412750244,0.09342825412750244,0.0,0.0,nan,nan,5.350471019744873,5.350471019744873,10.700942039489746,0.0,-0.8827828168869019,0.07866059988737106,0.0,0.0,0.0,0.07866059988737106,0.0,-0.8827828168869019,0.0,0.0,0.0,0.2791215479373932,0.4040684401988983,-0.7377756237983704,0.0,0.0,0.0,0.0,-0.8827828168869019,0.07866059988737106,0.0,0.0,0.0,0.07866059988737106,0.0,-0.8827828168869019,-0.0,-0.0,-0.0,0.27912163734436035,-0.404068261384964,-0.7377756834030151,0.0,0.0,0.0,4.470348358154297e-08,0.0,0.6000000238418579,-1.1920928955078125e-07,0.05600005388259888,0.6000000238418579,7.450580596923828e-08,-0.055999964475631714,0.6000000238418579,0.5582431554794312,1.7881393432617188e-07,-1.4755513668060303,0.0,0.0,0.0,-6.332993507385254e-08,-9.894341701510712e-08,-9.872019290924072e-08,28.58386993408203,28.58387565612793,46.19440460205078,46.19440841674805,0.11794667690992355,0.11794667690992355,0.557930588722229,0.557930588722229,0.32412275671958923,0.32412275671958923,0.0,0.0,0.9565655589103699,0.9565655589103699,-1.839348316192627,-1.839348316192627,0.15174582600593567,0.15174582600593567,0.0,0.0,-0.0730852335691452,-0.0730852335691452,0.07866059988737106,0.07866059988737106,0.5500251054763794,0.5500251054763794,-0.20202119648456573,-0.20202119648456573,-0.025829829275608063,-0.025829829275608063,-50.320491790771484,-50.320491790771484,-35.045188903808594,-35.045188903808594,-20.23642921447754,-20.23642921447754,20.353044509887695,20.353044509887695,0.0,0.0,180.0
66,0.275,-0.35815504582188973,7.668429337248619,144.78739933249878,-0.35815504582188973,7.668429337248619,144.78739933249878,5.0,-5.0,0.0,0.0,15.0,0,0.5,0.0,0.0,3.2,3.2,3.2,7.668429851531982,7.668428897857666,7.668429851531982,7.668429851531982,-0.32729458808898926,-0.3272010385990143,6.970983982086182,7.010876655578613,0.10178322345018387,0.10178322345018387,0.0,0.0,nan,nan,6.626235008239746,6.626235008239746,13.252470016479492,0.0,-1.1251857280731201,0.10719642043113708,0.0,0.0,0.0,0.10719642043113708,0.0,-1.1251857280731201,0.0,0.0,0.0,0.36642986536026,0.4841136634349823,-0.953360915184021,0.0,0.0,0.0,0.0,-1.1251857280731201,0.10719642043113708,0.0,0.0,0.0,0.10719642043113708,0.0,-1.1251857280731201,-0.0,-0.0,-0.0,0.36642986536026,-0.4841134250164032,-0.9533610343933105,0.0,0.0,0.0,4.470348358154297e-08,0.0,0.6000000238418579,1.4901161193847656e-08,0.05600005388259888,0.6000000238418579,2.9802322387695312e-08,-0.0559999942779541,0.6000000238418579,0.73285973072052,2.384185791015625e-07,-1.9067219495773315,0.0,0.0,0.0,-5.21540641784668e-08,-4.26185557955705e-08,-2.9802322387695312e-08,29.459508895874023,29.459508895874023,47.689090728759766,47.689090728759766,0.11794667690992355,0.11794667690992355,0.5156482458114624,0.5156482458114624,0.366405189037323,0.366405189037323,0.0,0.0,0.606163501739502,0.606163501739502,-1.7313491106033325,-1.7313491106033325,0.18098676204681396,0.18098676204681396,0.0,0.0,-0.07379033416509628,-0.07379033416509628,0.10719642043113708,0.10719642043113708,0.5500251054763794,0.5500251054763794,-0.22183279693126678,-0.22183279693126678,-0.03889114782214165,-0.03889114782214165,-54.80289077758789,-54.80289077758789,-37.67424774169922,-37.67424774169922,-22.85040855407715,-22.85040855407715,20.831748962402344,20.831748962402344,0.0,0.0,180.0
67,0.2791666666666667,-0.3249845186416121,8.2441104781497,131.37791530889876,-0.3249845186416121,8.2441104781497,131.37791530889876,5.0,-5.0,0.0,0.0,15.0,0,0.5,0.0,0.0,3.2,3.2,3.2,8.244109153747559,8.244107246398926,8.244110107421875,8.244110107421875,-0.2932693362236023,-0.293096125125885,6.920511722564697,6.987782001495361,0.10942424833774567,0.10942424833774567,0.0,0.0,nan,nan,7.908926963806152,7.908926963806152,15.817853927612305,0.0,-1.348850965499878,0.14503847062587738,0.0,0.0,0.0,0.14503847062587738,0.0,-1.348850965499878,0.0,0.0,0.0,0.46004724502563477,0.5396453738212585,-1.1565356254577637,0.0,0.0,0.0,0.0,-1.348850965499878,0.14503847062587738,0.0,0.0,0.0,0.14503847062587738,0.0,-1.348850965499878,-0.0,-0.0,-0.0,0.46004718542099,-0.5396449565887451,-1.1565357446670532,0.0,0.0,0.0,4.470348358154297e-08,0.0,0.6000000238418579,1.4901161193847656e-08,0.056000083684921265,0.6000000238418579,-1.4901161193847656e-08,-0.055999934673309326,0.5999999642372131,0.9200944304466248,4.172325134277344e-07,-2.3130712509155273,0.0,0.0,0.0,-2.0116567611694336e-07,-1.3082329530789139e-07,-5.774199962615967e-08,30.210477828979492,30.210477828979492,48.91554260253906,48.9155387878418,0.11794667690992355,0.11794667690992355,0.4873591661453247,0.4873591661453247,0.3946942090988159,0.3946942090988159,0.0,0.0,0.2632458209991455,0.2632458209991455,-1.6120967864990234,-1.6120967864990234,0.21955665946006775,0.21955665946006775,0.0,0.0,-0.07451818883419037,-0.07451818883419037,0.14503847062587738,0.14503847062587738,0.5500251054763794,0.5500251054763794,-0.24081756174564362,-0.24081756174564362,-0.050572484731674194,-0.050572484731674194,-58.89363479614258,-58.89363479614258,-40.07889175415039,-40.07889175415039,-25.238737106323242,-25.238737106323242,21.269546508789062,21.269546508789062,0.0,0.0,180.0
68,0.2833333333333333,-0.2895344585641177,8.761965107431775,117.0469096043086,-0.2895344585641177,8.761965107431775,117.0469096043086,5.0,-5.0,0.0,0.0,15.0,0,0.5,0.0,0.0,3.2,3.2,3.2,8.761962890625,8.761963844299316,8.761964797973633,8.76196575164795,-0.2571929097175598,-0.25694116950035095,6.820553302764893,6.914708137512207,0.11629774421453476,0.11629774421453476,0.0,0.0,nan,nan,9.155205726623535,9.155205726623535,18.31041145324707,0.0,-1.5517206192016602,0.1901247352361679,0.0,0.0,0.0,0.1901247352361679,0.0,-1.5517206192016602,0.0,0.0,0.0,0.5571818947792053,0.5700148940086365,-1.3448479175567627,0.0,0.0,0.0,0.0,-1.5517206192016602,0.1901247352361679,0.0,0.0,0.0,0.1901247352361679,0.0,-1.5517206192016602,-0.0,-0.0,-0.0,0.5571820139884949,-0.5700146555900574,-1.3448479175567627,0.0,0.0,0.0,4.470348358154297e-08,0.0,0.6000000238418579,-8.940696716308594e-08,0.0559999942779541,0.5999999642372131,2.9802322387695312e-08,-0.055999964475631714,0.6000000238418579,1.1143639087677002,2.384185791015625e-07,-2.6896958351135254,0.0,0.0,0.0,-7.450580596923828e-09,-2.3360857426268922e-07,-7.636845111846924e-08,30.846933364868164,30.846939086914062,49.914554595947266,49.91456604003906,0.11794667690992355,0.11794667690992355,0.45904016494750977,0.45904016494750977,0.42301318049430847,0.42301318049430847,0.0,0.0,-0.06913800537586212,-0.06913800537586212,-1.482582688331604,-1.482582688331604,0.265366792678833,0.265366792678833,0.0,0.0,-0.07524202764034271,-0.07524202764034271,0.1901247352361679,0.1901247352361679,0.5500251054763794,0.5500251054763794,-0.25884881615638733,-0.25884881615638733,-0.06079844385385513,-0.06079844385385513,-62.56645202636719,-62.56645202636719,-42.243629455566406,-42.243629455566406,-27.386035919189453,-27.386035919189453,21.66337013244629,21.66337013244629,0.0,0.0,180.0
69,0.2875,-0.2520535222900179,9.218360846948455,101.89490392693288,-0.2520535222900179,9.218360846948455,101.89490392693288,5.0,-5.0,0.0,0.0,15.0,0,0.5,0.0,0.0,3.2,3.2,3.2,9.21835994720459,9.218358993530273,9.218360900878906,9.218361854553223,-0.21932414174079895,-0.218995600938797,6.670876979827881,6.79122257232666,0.12235549092292786,0.12235549092292786,0.0,0.0,nan,nan,10.279123306274414,10.279123306274414,20.558246612548828,0.0,-1.7239165306091309,0.23365774750709534,0.0,0.0,0.0,0.23365774750709534,0.0,-1.7239165306091309,0.0,0.0,0.0,0.6465334892272949,0.5727429389953613,-1.5101139545440674,0.0,0.0,0.0,0.0,-1.7239165306091309,0.23365774750709534,0.0,0.0,0.0,0.23365774750709534,0.0,-1.7239165306091309,-0.0,-0.0,-0.0,0.6465336084365845,-0.5727425217628479,-1.510114073753357,0.0,0.0,0.0,4.470348358154297e-08,0.0,0.6000000238418579,-7.450580596923828e-08,0.05600002408027649,0.6000000238418579,-5.960464477539063e-08,-0.055999934673309326,0.5999999642372131,1.2930670976638794,4.172325134277344e-07,-3.0202279090881348,0.0,0.0,0.0,-1.564621925354004e-07,-3.7607318859045336e-07,-5.960464477539063e-08,31.378517150878906,31.378522872924805,50.72021484375,50.72022247314453,0.11794667690992355,0.11794667690992355,0.43071863055229187,0.43071863055229187,0.45133471488952637,0.45133471488952637,0.002056337660178542,0.002056337660178542,-0.3875378966331482,-0.3875378966331482,-1.3438032865524292,-1.3438032865524292,0.3160493075847626,0.3160493075847626,0.0,0.0,-0.0759352296590805,-0.0759352296590805,0.23365774750709534,0.23365774750709534,0.5500251054763794,0.5500251054763794,-0.27580901980400085,-0.27580901980400085,-0.06950617581605911,-0.06950617581605911,-65.79830169677734,-65.79830169677734,-44.15483474731445,-44.15483474731445,-29.27880859375,-29.27880859375,22.010454177856445,22.010454177856445,0.0,0.0,180.0
70,0.2916666666666667,-0.21280461165725864,9.61009640850693,86.02817870989686,-0.21280461165725864,9.61009640850693,86.02817870989686,5.0,-5.0,0.0,0.0,15.0,0,0.5,0.0,0.0,3.2,3.2,3.2,9.610097885131836,9.610095024108887,9.610095977783203,9.610095977783203,-0.1799333244562149,-0.17953012883663177,6.471787452697754,6.617427349090576,0.1275550127029419,0.1275550127029419,0.0,0.0,nan,nan,11.205221176147461,11.205221176147461,22.410442352294922,0.0,-1.8574371337890625,0.2673576772212982,0.0,0.0,0.0,0.2673576772212982,0.0,-1.8574371337890625,0.0,0.0,0.0,0.7175978422164917,0.5478834509849548,-1.64512300491333,0.0,0.0,0.0,0.0,-1.8574371337890625,0.2673576772212982,0.0,0.0,0.0,0.2673576772212982,0.0,-1.8574371337890625,-0.0,-0.0,-0.0,0.7175978422164917,-0.5478828549385071,-1.6451232433319092,0.0,0.0,0.0,4.470348358154297e-08,0.0,0.6000000238418579,1.4901161193847656e-08,0.056000083684921265,0.6000000238418579,-1.4901161193847656e-08,-0.055999964475631714,0.6000000238418579,1.4351956844329834,5.960464477539062e-07,-3.2902462482452393,0.0,0.0,0.0,-1.7881393432617188e-07,-1.4708547269037808e-07,-6.705522537231445e-08,31.81400489807129,31.81400489807129,51.36043167114258,51.36043167114258,0.11794667690992355,0.11794667690992355,0.4165618121623993,0.4165618121623993,0.46549156308174133,0.46549156308174133,0.00794259924441576,0.00794259924441576,-0.6882556080818176,-0.6882556080818176,-1.1967494487762451,-1.1967494487762451,0.3690338730812073,0.3690338730812073,0.0,0.0,-0.0765722244977951,-0.0765722244977951,0.2673576772212982,0.2673576772212982,0.5500251054763794,0.5500251054763794,-0.2915896475315094,-0.2915896475315094,-0.07664507627487183,-0.07664507627487183,-68.5693359375,-68.5693359375,-45.80072021484375,-45.80072021484375,-30.9053897857666,-30.9053897857666,22.308364868164062,22.308364868164062,0.0,0.0,180.0
71,0.29583333333333334,-0.17206302957362665,9.934424048604466,69.55802763037221,-0.17206302957362665,9.934424048604466,69.55802763037221,5.0,-5.0,0.0,0.0,15.0,0,0.5,0.0,0.0,3.2,3.2,3.2,9.934426307678223,9.934422492980957,9.934423446655273,9.934423446655273,-0.13928596675395966,-0.1388108730316162,6.2264204025268555,6.396311283111572,0.13185980916023254,0.13185980916023254,0.0,0.0,nan,nan,11.99386978149414,11.99386978149414,23.98773956298828,0.0,-1.9674088954925537,0.3036646842956543,0.0,0.0,0.0,0.3036646842956543,0.0,-1.9674088954925537,0.0,0.0,0.0,0.7855778336524963,0.5032727122306824,-1.7585488557815552,0.0,0.0,0.0,0.0,-1.9674088954925537,0.3036646842956543,0.0,0.0,0.0,0.3036646842956543,0.0,-1.9674088954925537,-0.0,-0.0,-0.0,0.7855777740478516,-0.5032721757888794,-1.7585489749908447,0.0,0.0,0.0,4.470348358154297e-08,0.0,0.6000000238418579,4.470348358154297e-08,0.05600005388259888,0.5999999642372131,-5.960464477539063e-08,-0.055999934673309326,0.5999999642372131,1.5711555480957031,5.364418029785156e-07,-3.5170979499816895,0.0,0.0,0.0,-2.0116567611694336e-07,-2.7707912408914126e-07,-4.470348358154297e-08,32.1611328125,32.1611328125,51.85767364501953,51.85767364501953,0.11794667690992355,0.11794667690992355,0.4024088680744171,0.4024088680744171,0.4796445071697235,0.4796445071697235,0.012195754796266556,0.012195754796266556,-0.9675174355506897,-0.9675174355506897,-1.0423979759216309,-1.0423979759216309,0.42165058851242065,0.42165058851242065,0.0,0.0,-0.07712945342063904,-0.07712945342063904,0.3036646842956543,0.3036646842956543,0.5500251054763794,0.5500251054763794,-0.3060917258262634,-0.3060917258262634,-0.08217675238847733,-0.08217675238847733,-70.86294555664062,-70.86294555664062,-47.171409606933594,-47.171409606933594,-32.25603485107422,-32.25603485107422,22.555011749267578,22.555011749267578,0.0,0.0,180.0
72,0.3,-0.13011454896465233,10.189068841874871,52.59997696439457,-0.13011454896465233,10.189068841874871,52.59997696439457,5.0,-5.0,0.0,0.0,15.0,0,0.5,0.0,0.0,3.2,3.2,3.2,10.189068794250488,10.189068794250488,10.189068794250488,10.189068794250488,-0.09767371416091919,-0.09713001549243927,5.935433864593506,6.128347396850586,0.13523972034454346,0.13523972034454346,0.0,0.0,nan,nan,12.566417694091797,12.566417694091797,25.132835388183594,0.0,-2.0433926582336426,0.3335074782371521,0.0,0.0,0.0,0.3335074782371521,0.0,-2.0433926582336426,0.0,0.0,0.0,0.8386393189430237,0.4394078850746155,-1.8412728309631348,0.0,0.0,0.0,0.0,-2.0433926582336426,0.3335074782371521,0.0,0.0,0.0,0.3335074782371521,0.0,-2.0433926582336426,-0.0,-0.0,-0.0,0.8386393189430237,-0.4394075870513916,-1.8412729501724243,0.0,0.0,0.0,4.470348358154297e-08,0.0,0.6000000238418579,-4.470348358154297e-08,0.05600005388259888,0.5999999642372131,-4.470348358154297e-08,-0.055999964475631714,0.6000000238418579,1.6772786378860474,2.980232238769531e-07,-3.6825456619262695,0.0,0.0,0.0,-1.2665987014770508e-07,-3.7923206264167675e-07,-7.450580596923828e-08,32.42644500732422,32.42644500732422,52.22949981689453,52.22949981689453,0.11794667690992355,0.11794667690992355,0.4024088680744171,0.4024088680744171,0.4796445071697235,0.4796445071697235,0.017258400097489357,0.017258400097489357,-1.221634864807129,-1.221634864807129,-0.8817076683044434,-0.8817076683044434,0.47124993801116943,0.47124993801116943,0.0,0.0,-0.07758612930774689,-0.07758612930774689,0.3335074782371521,0.3335074782371521,0.5500251054763794,0.5500251054763794,-0.31922540068626404,-0.31922540068626404,-0.08607429265975952,-0.08607429265975952,-72.66558837890625,-72.66558837890625,-48.2587776184082,-48.2587776184082,-33.322776794433594,-33.322776794433594,22.748666763305664,22.748666763305664,0.0,0.0,180.0
73,0.30416666666666664,-0.08725340828186495,10.37224463805539,35.27297525304283,-0.08725340828186495,10.37224463805539,35.27297525304283,5.0,-5.0,0.0,0.0,15.0,0,0.5,0.0,0.0,3.2,3.2,3.2,10.372241973876953,10.372241020202637,10.372243881225586,10.372243881225586,-0.05538944527506828,-0.05478084087371826,5.600714683532715,5.815255641937256,0.13767102360725403,0.13767102360725403,0.0,0.0,nan,nan,12.896720886230469,12.896720886230469,25.793441772460938,0.0,-2.083435297012329,0.355180025100708,0.0,0.0,0.0,0.355180025100708,0.0,-2.083435297012329,0.0,0.0,0.0,0.8741793632507324,0.36042553186416626,-1.8901745080947876,0.0,0.0,0.0,0.0,-2.083435297012329,0.355180025100708,0.0,0.0,0.0,0.355180025100708,0.0,-2.083435297012329,-0.0,-0.0,-0.0,0.8741793632507324,-0.36042505502700806,-1.8901745080947876,0.0,0.0,0.0,4.470348358154297e-08,0.0,0.6000000238418579,-5.960464477539063e-08,0.05600002408027649,0.5999999642372131,-5.960464477539063e-08,-0.055999934673309326,0.6000000238418579,1.7483587265014648,4.76837158203125e-07,-3.780349016189575,0.0,0.0,0.0,-1.4901161193847656e-07,-4.464262701731059e-07,-7.82310962677002e-08,32.615177154541016,32.615177154541016,52.489070892333984,52.489070892333984,0.11794667690992355,0.11794667690992355,0.3882598280906677,0.3882598280906677,0.4937935173511505,0.4937935173511505,0.023084618151187897,0.023084618151187897,-1.4471688270568848,-1.4471688270568848,-0.7156213521957397,-0.7156213521957397,0.5153317451477051,0.5153317451477051,0.0,0.0,-0.07792520523071289,-0.07792520523071289,0.355180025100708,0.355180025100708,0.5500251054763794,0.5500251054763794,-0.3309100866317749,-0.3309100866317749,-0.08832192420959473,-0.08832192420959473,-73.96683502197266,-73.96683502197266,-49.056514739990234,-49.056514739990234,-34.09943389892578,-34.09943389892578,22.887969970703125,22.887969970703125,0.0,0.0,180.0
74,0.30833333333333335,-0.04378024763146765,10.482666590547439,17.698558963888743,-0.04378024763146765,10.482666590547439,17.698558963888743,5.0,-5.0,0.0,0.0,15.0,0,0.5,0.0,0.0,3.2,3.2,3.2,10.48266315460205,10.48266315460205,10.482666969299316,10.482666969299316,-0.012718332931399345,-0.012049080803990364,5.226443767547607,5.46110200881958,0.1391366571187973,0.1391366571187973,0.0,0.0,nan,nan,13.069879531860352,13.069879531860352,26.139759063720703,0.0,-2.104294538497925,0.3865657448768616,0.0,0.0,0.0,0.3865657448768616,0.0,-2.104294538497925,0.0,0.0,0.0,0.9134008288383484,0.273617684841156,-1.9152859449386597,0.0,0.0,0.0,0.0,-2.104294538497925,0.3865657448768616,0.0,0.0,0.0,0.3865657448768616,0.0,-2.104294538497925,-0.0,-0.0,-0.0,0.9134008884429932,-0.2736172676086426,-1.9152860641479492,0.0,0.0,0.0,4.470348358154297e-08,0.0,0.6000000238418579,-1.043081283569336e-07,0.0559999942779541,0.5999999642372131,-2.9802322387695312e-08,-0.0559999942779541,0.6000000238418579,1.8268017768859863,4.172325134277344e-07,-3.8305721282958984,0.0,0.0,0.0,2.2351741790771484e-08,-4.825427026844409e-07,-1.862645149230957e-08,32.7312126159668,32.73121643066406,52.645591735839844,52.645591735839844,0.11794667690992355,0.11794667690992355,0.3882598280906677,0.3882598280906677,0.4937935173511505,0.4937935173511505,0.023084618151187897,0.023084618151187897,-1.6410667896270752,-1.6410667896270752,-0.545070230960846,-0.545070230960846,0.5516700148582458,0.5516700148582458,0.0,0.0,-0.07813388109207153,-0.07813388109207153,0.3865657448768616,0.3865657448768616,0.5500251054763794,0.5500251054763794,-0.34107425808906555,-0.34107425808906555,-0.08891429007053375,-0.08891429007053375,-74.75922393798828,-74.75922393798828,-49.560054779052734,-49.560054779052734,-34.58158493041992,-34.58158493041992,22.97194480895996,22.97194480895996,0.0,0.0,180.0
75,0.3125,-1.2814704106277904e-16,10.519560168692351,5.18045941948327e-14,-1.2814704106277904e-16,10.519560168692351,5.18045941948327e-14,5.0,-5.0,0.0,0.0,15.0,0,0.5,0.0,0.0,3.2,3.2,3.2,10.519560813903809,10.51955795288086,10.519559860229492,10.519559860229492,0.030015669763088226,0.03074108436703682,4.811291694641113,5.064340591430664,0.13962633907794952,0.13962633907794952,0.0,0.0,nan,nan,12.874686241149902,12.874686241149902,25.749372482299805,0.0,-2.069366455078125,0.390383780002594,0.0,0.0,0.0,0.390383780002594,0.0,-2.069366455078125,0.0,0.0,0.0,0.9106646776199341,0.17901872098445892,-1.8903224468231201,0.0,0.0,0.0,0.0,-2.069366455078125,0.390383780002594,0.0,0.0,0.0,0.390383780002594,0.0,-2.069366455078125,-0.0,-0.0,-0.0,0.9106646776199341,-0.1790182739496231,-1.8903225660324097,0.0,0.0,0.0,4.470348358154297e-08,0.0,0.6000000238418579,0.0,0.05600005388259888,0.6000000238418579,-5.960464477539063e-08,-0.055999934673309326,0.6000000238418579,1.8213293552398682,4.470348358154297e-07,-3.7806448936462402,0.0,0.0,0.0,-2.2351741790771484e-07,-2.8168000199002563e-07,-9.685754776000977e-08,32.776981353759766,32.776981353759766,52.70455551147461,52.70454788208008,0.11794667690992355,0.11794667690992355,0.3882598280906677,0.3882598280906677,0.4937935173511505,0.4937935173511505,0.029628142714500427,0.029628142714500427,-1.8007855415344238,-1.8007855415344238,-0.37098217010498047,-0.37098217010498047,0.5784276127815247,0.5784276127815247,0.0,0.0,-0.07820433378219604,-0.07820433378219604,0.390383780002594,0.390383780002594,0.5500251054763794,0.5500251054763794,-0.34965524077415466,-0.34965524077415466,-0.08785582333803177,-0.08785582333803177,-75.03823852539062,-75.03823852539062,-49.766517639160156,-49.766517639160156,-34.766517639160156,-34.766517639160156,23.0,23.0,0.0,0.0,180.0
76,0.31666666666666665,0.043780247631467394,10.482666590547439,-17.69855896388864,0.043780247631467394,10.482666590547439,-17.69855896388864,5.0,-5.0,0.0,0.0,15.0,0,0.5,0.0,0.0,3.2,3.2,3.2,10.482664108276367,10.482666969299316,10.482666969299316,10.482666969299316,0.07253715395927429,0.0733136460185051,4.3620781898498535,4.631729602813721,0.1391366571187973,0.1391366571187973,0.0,0.0,nan,nan,12.51729965209961,12.51729965209961,25.03459930419922,0.0,-2.0148518085479736,0.4046951234340668,0.0,0.0,0.0,0.4046951234340668,0.0,-2.0148518085479736,0.0,0.0,0.0,0.9119084477424622,0.08628371357917786,-1.8396695852279663,0.0,0.0,0.0,0.0,-2.0148518085479736,0.4046951234340668,0.0,0.0,0.0,0.4046951234340668,0.0,-2.0148518085479736,-0.0,-0.0,-0.0,0.9119086265563965,-0.08628329634666443,-1.8396695852279663,0.0,0.0,0.0,4.470348358154297e-08,0.0,0.6000000238418579,-7.450580596923828e-08,0.05600005388259888,0.6000000238418579,1.4901161193847656e-08,-0.055999964475631714,0.6000000238418579,1.8238170146942139,4.172325134277344e-07,-3.6793391704559326,0.0,0.0,0.0,-1.7136335372924805e-07,-2.7413213388172153e-07,-8.195638656616211e-08,32.75340270996094,32.7534065246582,52.66787338256836,52.66787338256836,0.11794667690992355,0.11794667690992355,0.3882598280906677,0.3882598280906677,0.4937935173511505,0.4937935173511505,0.029628142714500427,0.029628142714500427,-1.9243860244750977,-1.9243860244750977,-0.1942918449640274,-0.1942918449640274,0.5942500829696655,0.5942500829696655,0.0,0.0,-0.07813388109207153,-0.07813388109207153,0.4046951234340668,0.4046951234340668,0.5500251054763794,0.5500251054763794,-0.3565990924835205,-0.3565990924835205,-0.0851602628827095,-0.0851602628827095,-74.80229187011719,-74.80229187011719,-49.67473220825195,-49.67473220825195,-34.653202056884766,-34.653202056884766,22.97194480895996,22.97194480895996,0.0,0.0,180.0
77,0.3208333333333333,0.08725340828186423,10.372244638055392,-35.27297525304254,0.08725340828186423,10.372244638055392,-35.27297525304254,5.0,-5.0,0.0,0.0,15.0,0,0.5,0.0,0.0,3.2,3.2,3.2,10.372241973876953,10.372245788574219,10.372244834899902,10.372244834899902,0.11453503370285034,0.11535727977752686,3.8798952102661133,4.164211750030518,0.13767102360725403,0.13767102360725403,0.0,0.0,nan,nan,11.90204906463623,11.90204906463623,23.80409812927246,0.0,-1.922234296798706,0.40977102518081665,0.0,0.0,0.0,0.40977102518081665,0.0,-1.922234296798706,0.0,0.0,0.0,0.8933185935020447,-0.001222682767547667,-1.7506791353225708,0.0,0.0,0.0,0.0,-1.922234296798706,0.40977102518081665,0.0,0.0,0.0,0.40977102518081665,0.0,-1.922234296798706,-0.0,-0.0,-0.0,0.8933185935020447,0.0012230859138071537,-1.7506791353225708,0.0,0.0,0.0,4.470348358154297e-08,0.0,0.6000000238418579,-1.1920928955078125e-07,0.05600002408027649,0.5999999642372131,0.0,-0.055999964475631714,0.6000000238418579,1.7866371870040894,4.0314625948667526e-07,-3.5013582706451416,0.0,0.0,0.0,-1.043081283569336e-07,-4.1846607246043277e-07,-5.21540641784668e-08,32.6599006652832,32.6599006652832,52.53401565551758,52.53401565551758,0.11794667690992355,0.11794667690992355,0.3882598280906677,0.3882598280906677,0.4937935173511505,0.4937935173511505,0.029628142714500427,0.029628142714500427,-2.0105960369110107,-2.0105960369110107,-0.01595245487987995,-0.01595245487987995,0.5983313322067261,0.5983313322067261,0.0,0.0,-0.07792520523071289,-0.07792520523071289,0.40977102518081665,0.40977102518081665,0.5500251054763794,0.5500251054763794,-0.3618607223033905,-0.3618607223033905,-0.08085006475448608,-0.08085006475448608,-74.05267333984375,-74.05267333984375,-49.28519821166992,-49.28519821166992,-34.242279052734375,-34.242279052734375,22.887969970703125,22.887969970703125,0.0,0.0,180.0
78,0.325,0.13011454896465208,10.189068841874873,-52.59997696439447,0.13011454896465208,10.189068841874873,-52.59997696439447,5.0,-5.0,0.0,0.0,15.0,0,0.5,0.0,0.0,3.2,3.2,3.2,10.189065933227539,10.189068794250488,10.189068794250488,10.189068794250488,0.15572769939899445,0.15658995509147644,3.3701975345611572,3.6671864986419678,0.13523972034454346,0.13523972034454346,0.0,0.0,nan,nan,11.152164459228516,11.152164459228516,22.30432891845703,0.0,-1.8112328052520752,0.425319641828537,0.0,0.0,0.0,0.425319641828537,0.0,-1.8112328052520752,0.0,0.0,0.0,0.8791646957397461,-0.07875791192054749,-1.6377812623977661,0.0,0.0,0.0,0.0,-1.8112328052520752,0.425319641828537,0.0,0.0,0.0,0.425319641828537,0.0,-1.8112328052520752,-0.0,-0.0,-0.0,0.8791649341583252,0.07875831425189972,-1.6377812623977661,0.0,0.0,0.0,4.470348358154297e-08,0.0,0.6000000238418579,-1.1175870895385742e-07,0.05600002408027649,0.5999999642372131,-7.450580596923828e-09,-0.0559999942779541,0.6000000238418579,1.7583296298980713,4.023313522338867e-07,-3.2755625247955322,0.0,0.0,0.0,-5.960464477539063e-08,-3.940700992188795e-07,-3.725290298461914e-09,32.49432373046875,32.49433135986328,52.297916412353516,52.29792404174805,0.11794667690992355,0.11794667690992355,0.4024088680744171,0.4024088680744171,0.4796445071697235,0.4796445071697235,0.023084618151187897,0.023084618151187897,-2.0588457584381104,-2.0588457584381104,0.16305354237556458,0.16305354237556458,0.5904511213302612,0.5904511213302612,0.0,0.0,-0.07758612930774689,-0.07758612930774689,0.425319641828537,0.425319641828537,0.5500251054763794,0.5500251054763794,-0.36540380120277405,-0.36540380120277405,-0.07495608180761337,-0.07495608180761337,-72.7935791015625,-72.7935791015625,-48.6000862121582,-48.6000862121582,-33.53608703613281,-33.53608703613281,22.748666763305664,22.748666763305664,0.0,0.0,180.0
79,0.32916666666666666,0.17206302957362643,9.934424048604468,-69.55802763037211,0.17206302957362643,9.934424048604468,-69.55802763037211,5.0,-5.0,0.0,0.0,15.0,0,0.5,0.0,0.0,3.2,3.2,3.2,9.93442153930664,9.93442440032959,9.93442440032959,9.93442440032959,0.19580025970935822,0.1966966837644577,2.832411766052246,3.139897346496582,0.13185980916023254,0.13185980916023254,0.0,0.0,nan,nan,10.082258224487305,10.082258224487305,20.16451644897461,0.0,-1.6443266868591309,0.4107626676559448,0.0,0.0,0.0,0.4107626676559448,0.0,-1.6443266868591309,0.0,0.0,0.0,0.8207962512969971,-0.14032970368862152,-1.4761900901794434,0.0,0.0,0.0,0.0,-1.6443266868591309,0.4107626676559448,0.0,0.0,0.0,0.4107626676559448,0.0,-1.6443266868591309,-0.0,-0.0,-0.0,0.8207961916923523,0.14033003151416779,-1.4761900901794434,0.0,0.0,0.0,4.470348358154297e-08,0.0,0.6000000238418579,-1.043081283569336e-07,0.0559999942779541,0.5999999642372131,0.0,-0.055999964475631714,0.6000000238418579,1.6415925025939941,3.2782554626464844e-07,-2.9523801803588867,0.0,0.0,0.0,-5.21540641784668e-08,-3.348835662109195e-07,-1.1175870895385742e-08,32.253047943115234,32.25304412841797,51.95083236694336,51.950828552246094,0.11794667690992355,0.11794667690992355,0.4024088680744171,0.4024088680744171,0.4796445071697235,0.4796445071697235,0.023084618151187897,0.023084618151187897,-2.069272518157959,-2.069272518157959,0.341704398393631,0.341704398393631,0.5709775686264038,0.5709775686264038,0.0,0.0,-0.07712945342063904,-0.07712945342063904,0.4107626676559448,0.4107626676559448,0.5500251054763794,0.5500251054763794,-0.36720117926597595,-0.36720117926597595,-0.06751733273267746,-0.06751733273267746,-71.0322036743164,-71.0322036743164,-47.6233024597168,-47.6233024597168,-32.538673400878906,-32.538673400878906,22.555011749267578,22.555011749267578,0.0,0.0,180.0
80,0.3333333333333333,0.21280461165725842,9.610096408506932,-86.02817870989678,0.21280461165725842,9.610096408506932,-86.02817870989678,5.0,-5.0,0.0,0.0,15.0,0,0.5,0.0,0.0,3.2,3.2,3.2,9.610097885131836,9.610095024108887,9.610095977783203,9.610095977783203,0.23449741303920746,0.23542176187038422,2.2744338512420654,2.590254306793213,0.1275550127029419,0.1275550127029419,0.0,0.0,nan,nan,8.93236255645752,8.93236255645752,17.86472511291504,0.0,-1.4606562852859497,0.4043749272823334,0.0,0.0,0.0,0.4043749272823334,0.0,-1.4606562852859497,0.0,0.0,0.0,0.76563560962677,-0.1838270127773285,-1.2950079441070557,0.0,0.0,0.0,0.0,-1.4606562852859497,0.4043749272823334,0.0,0.0,0.0,0.4043749272823334,0.0,-1.4606562852859497,-0.0,-0.0,-0.0,0.7656355500221252,0.18382734060287476,-1.2950079441070557,0.0,0.0,0.0,4.470348358154297e-08,0.0,0.6000000238418579,-1.4901161193847656e-08,0.05600005388259888,0.5999999642372131,-8.940696716308594e-08,-0.055999964475631714,0.6000000238418579,1.53127121925354,3.2782554626464844e-07,-2.5900158882141113,0.0,0.0,0.0,-1.2665987014770508e-07,-2.9649802968378935e-07,-8.940696716308594e-08,31.930923461914062,31.930923461914062,51.480010986328125,51.480010986328125,0.11794667690992355,0.11794667690992355,0.4165618121623993,0.4165618121623993,0.46549156308174133,0.46549156308174133,0.017258400097489357,0.017258400097489357,-2.042686700820923,-2.042686700820923,0.5189313292503357,0.5189313292503357,0.540837287902832,0.540837287902832,0.0,0.0,-0.0765722244977951,-0.0765722244977951,0.4043749272823334,0.4043749272823334,0.5500251054763794,0.5500251054763794,-0.3672349750995636,-0.3672349750995636,-0.05858075991272926,-0.05858075991272926,-68.77867889404297,-68.77867889404297,-46.360450744628906,-46.360450744628906,-31.255783081054688,-31.255783081054688,22.308364868164062,22.308364868164062,0.0,0.0,180.0
81,0.3375,0.25205352229001765,9.218360846948457,-101.89490392693278,0.25205352229001765,9.218360846948457,-101.89490392693278,5.0,-5.0,0.0,0.0,15.0,0,0.5,0.0,0.0,3.2,3.2,3.2,9.218358993530273,9.218360900878906,9.218360900878906,9.218360900878906,0.27154481410980225,0.2724905014038086,1.6997103691101074,2.021629571914673,0.12235549092292786,0.12235549092292786,0.0,0.0,nan,nan,7.713766574859619,7.713766574859619,15.427533149719238,0.0,-1.2570945024490356,0.3990020751953125,0.0,0.0,0.0,0.3990020751953125,0.0,-1.2570945024490356,0.0,0.0,0.0,0.7063237428665161,-0.20702169835567474,-1.0944122076034546,0.0,0.0,0.0,0.0,-1.2570945024490356,0.3990020751953125,0.0,0.0,0.0,0.3990020751953125,0.0,-1.2570945024490356,-0.0,-0.0,-0.0,0.7063238024711609,0.20702192187309265,-1.094412088394165,0.0,0.0,0.0,4.470348358154297e-08,0.0,0.6000000238418579,-7.450580596923828e-08,0.05600005388259888,0.5999999642372131,-5.21540641784668e-08,-0.055999934673309326,0.5999999642372131,1.4126474857330322,2.2351741790771484e-07,-2.18882417678833,0.0,0.0,0.0,-1.341104507446289e-07,-3.206665155630617e-07,-7.450580596923828e-08,31.52140998840332,31.52140998840332,50.868377685546875,50.86837387084961,0.11794667690992355,0.11794667690992355,0.43071863055229187,0.43071863055229187,0.45133471488952637,0.45133471488952637,0.00794259924441576,0.00794259924441576,-1.9805182218551636,-1.9805182218551636,0.6936150193214417,0.6936150193214417,0.5014570951461792,0.5014570951461792,0.0,0.0,-0.0759352296590805,-0.0759352296590805,0.3990020751953125,0.3990020751953125,0.5500251054763794,0.5500251054763794,-0.3654974102973938,-0.3654974102973938,-0.04820144921541214,-0.04820144921541214,-66.04624938964844,-66.04624938964844,-44.81893539428711,-44.81893539428711,-29.694961547851562,-29.694961547851562,22.010454177856445,22.010454177856445,0.0,0.0,180.0
82,0.3416666666666667,0.28953445856411747,8.761965107431779,-117.0469096043085,0.28953445856411747,8.761965107431779,-117.0469096043085,5.0,-5.0,0.0,0.0,15.0,0,0.5,0.0,0.0,3.2,3.2,3.2,8.761962890625,8.761963844299316,8.761964797973633,8.761964797973633,0.3066673278808594,0.30762800574302673,1.1098380088806152,1.435537338256836,0.11629774421453476,0.11629774421453476,0.0,0.0,nan,nan,6.345561981201172,6.345561981201172,12.691123962402344,0.0,-1.0125832557678223,0.3732264041900635,0.0,0.0,0.0,0.3732264041900635,0.0,-1.0125832557678223,0.0,0.0,0.0,0.6172075271606445,-0.20406323671340942,-0.8614150285720825,0.0,0.0,0.0,0.0,-1.0125832557678223,0.3732264041900635,0.0,0.0,0.0,0.3732264041900635,0.0,-1.0125832557678223,-0.0,-0.0,-0.0,0.6172074675559998,0.20406349003314972,-0.8614150285720825,0.0,0.0,0.0,4.470348358154297e-08,0.0,0.6000000238418579,-3.725290298461914e-08,0.0559999942779541,0.6000000238418579,-2.2351741790771484e-08,-0.055999964475631714,0.6000000238418579,1.234415054321289,2.5331974029541016e-07,-1.722830057144165,0.0,0.0,0.0,-2.2351741790771484e-08,-1.2836083840284118e-07,-2.2351741790771484e-08,31.016643524169922,31.016643524169922,50.093997955322266,50.093990325927734,0.11794667690992355,0.11794667690992355,0.44487857818603516,0.44487857818603516,0.43717479705810547,0.43717479705810547,0.002056337660178542,0.002056337660178542,-1.8847198486328125,-1.8847198486328125,0.8645848035812378,0.8645848035812378,0.45467689633369446,0.45467689633369446,0.0,0.0,-0.07524202764034271,-0.07524202764034271,0.3732264041900635,0.3732264041900635,0.5500251054763794,0.5500251054763794,-0.3619908094406128,-0.3619908094406128,-0.0364423431456089,-0.0364423431456089,-62.851280212402344,-62.851280212402344,-43.00796127319336,-43.00796127319336,-27.865549087524414,-27.865549087524414,21.66337013244629,21.66337013244629,0.0,0.0,180.0
83,0.3458333333333333,0.3249845186416119,8.244110478149704,-131.37791530889868,0.3249845186416119,8.244110478149704,-131.37791530889868,5.0,-5.0,0.0,0.0,15.0,0,0.5,0.0,0.0,3.2,3.2,3.2,8.244110107421875,8.244107246398926,8.244110107421875,8.244110107421875,0.3396175503730774,0.34058672189712524,0.5087685585021973,0.8358975052833557,0.10942424833774567,0.10942424833774567,0.0,0.0,nan,nan,4.864300727844238,4.864300727844238,9.728601455688477,0.0,-0.7270357608795166,0.3281308710575104,0.0,0.0,0.0,0.3281308710575104,0.0,-0.7270357608795166,0.0,0.0,0.0,0.49980002641677856,-0.1716650426387787,-0.5974796414375305,0.0,0.0,0.0,0.0,-0.7270357608795166,0.3281308710575104,0.0,0.0,0.0,0.3281308710575104,0.0,-0.7270357608795166,-0.0,-0.0,-0.0,0.49980002641677856,0.17166517674922943,-0.5974796414375305,0.0,0.0,0.0,4.470348358154297e-08,0.0,0.6000000238418579,2.2351741790771484e-08,0.05600005388259888,0.6000000238418579,-1.4901161193847656e-07,-0.055999964475631714,0.5999999642372131,0.9996000528335571,1.341104507446289e-07,-1.194959282875061,0.0,0.0,0.0,-4.470348358154297e-08,-1.5888593907220638e-07,-7.450580596923828e-08,30.40754508972168,30.40754508972168,49.12944030761719,49.12944030761719,0.11794667690992355,0.11794667690992355,0.4732013940811157,0.4732013940811157,0.4088520109653473,0.4088520109653473,0.0,0.0,-1.757659912109375,-1.757659912109375,1.030624270439148,1.030624270439148,0.40264904499053955,0.40264904499053955,0.0,0.0,-0.07451818883419037,-0.07451818883419037,0.3281308710575104,0.3281308710575104,0.5500251054763794,0.5500251054763794,-0.3567286431789398,-0.3567286431789398,-0.023374903947114944,-0.023374903947114944,-59.21332931518555,-59.21332931518555,-40.93856430053711,-40.93856430053711,-25.778715133666992,-25.778715133666992,21.269546508789062,21.269546508789062,0.0,0.0,180.0
84,0.35,0.3581550458218895,7.6684293372486225,-144.7873993324987,0.3581550458218895,7.6684293372486225,-144.7873993324987,5.0,-5.0,0.0,0.0,15.0,0,0.5,0.0,0.0,3.2,3.2,3.2,7.668426990509033,7.668428897857666,7.668429374694824,7.668429851531982,0.370170533657074,0.37114134430885315,-0.09828627109527588,0.2279251217842102,0.10178322345018387,0.10178322345018387,0.0,0.0,nan,nan,3.36846923828125,3.36846923828125,6.7369384765625,0.0,-0.4114980697631836,0.2739322781562805,0.0,0.0,0.0,0.2739322781562805,0.0,-0.4114980697631836,0.0,0.0,0.0,0.3671993315219879,-0.11036916077136993,-0.3120141923427582,0.0,0.0,0.0,0.0,-0.4114980697631836,0.2739322781562805,0.0,0.0,0.0,0.2739322781562805,0.0,-0.4114980697631836,-0.0,-0.0,-0.0,0.3671993613243103,0.1103692427277565,-0.3120141327381134,0.0,0.0,0.0,4.470348358154297e-08,0.0,0.6000000238418579,-7.450580596923828e-08,0.0559999942779541,0.5999999642372131,-5.21540641784668e-08,-0.055999934673309326,0.6000000238418579,0.7343987226486206,8.195638656616211e-08,-0.6240283250808716,0.0,0.0,0.0,-2.7939677238464355e-08,-8.93027021220405e-08,-1.862645149230957e-08,29.683975219726562,29.683975219726562,47.94109344482422,47.941097259521484,0.11794667690992355,0.11794667690992355,0.5015096664428711,0.5015096664428711,0.38054367899894714,0.38054367899894714,0.0,0.0,-1.6019785404205322,-1.6019785404205322,1.1904804706573486,1.1904804706573486,0.347722589969635,0.347722589969635,0.0,0.0,-0.07379033416509628,-0.07379033416509628,0.2739322781562805,0.2739322781562805,0.5500251054763794,0.5500251054763794,-0.3497360348701477,-0.3497360348701477,-0.009078867733478546,-0.009078867733478546,-55.155208587646484,-55.155208587646484,-38.623680114746094,-38.623680114746094,-23.447521209716797,-23.447521209716797,20.831748962402344,20.831748962402344,0.0,0.0,180.0
85,0.3541666666666667,0.3888133726897727,7.038959674305606,-157.1813037793844,0.3888133726897727,7.038959674305606,-157.1813037793844,5.0,-5.0,0.0,0.0,15.0,0,0.5,0.0,0.0,3.2,3.2,3.2,7.038958549499512,7.038959980010986,7.038959980010986,7.038959980010986,0.3981183171272278,0.39908406138420105,-0.7060448527336121,-0.3830636143684387,0.09342825412750244,0.09342825412750244,0.0,0.0,nan,nan,1.9550371170043945,1.9550371170043945,3.910074234008789,0.0,-0.07755878567695618,0.21924376487731934,0.0,0.0,0.0,0.21924376487731934,0.0,-0.07755878567695618,0.0,0.0,0.0,0.23093727231025696,-0.023082848638296127,-0.014776848256587982,0.0,0.0,0.0,0.0,-0.07755878567695618,0.21924376487731934,0.0,0.0,0.0,0.21924376487731934,0.0,-0.07755878567695618,-0.0,-0.0,-0.0,0.23093727231025696,0.023082861676812172,-0.01477684173732996,0.0,0.0,0.0,4.470348358154297e-08,0.0,0.6000000238418579,-1.1920928955078125e-07,0.0559999942779541,0.5999999642372131,7.450580596923828e-08,-0.0559999942779541,0.6000000238418579,0.4618745446205139,1.30385160446167e-08,-0.029553689062595367,0.0,0.0,0.0,-1.7462298274040222e-09,-1.574666441683803e-08,4.6566128730773926e-09,28.83502769470215,28.83502769470215,46.488494873046875,46.488494873046875,0.11794667690992355,0.11794667690992355,0.5438657999038696,0.5438657999038696,0.3381875455379486,0.3381875455379486,0.0,0.0,-1.420436143875122,-1.420436143875122,1.3428773880004883,1.3428773880004883,0.29232901334762573,0.29232901334762573,0.0,0.0,-0.0730852335691452,-0.0730852335691452,0.21924376487731934,0.21924376487731934,0.5500251054763794,0.5500251054763794,-0.3410501182079315,-0.3410501182079315,0.006357371807098389,0.006357371807098389,-50.702972412109375,-50.702972412109375,-36.07811737060547,-36.07811737060547,-20.886877059936523,-20.886877059936523,20.353044509887695,20.353044509887695,0.0,0.0,180.0
86,0.35833333333333334,0.41674445311025954,6.360116766732888,-168.47269431486853,0.41674445311025954,6.360116766732888,-168.47269431486853,5.0,-5.0,0.0,0.0,15.0,0,0.5,0.0,0.0,3.2,3.2,3.2,6.360117435455322,6.360116004943848,6.360117435455322,6.360117435455322,0.42326608300209045,0.42422014474868774,-1.3100528717041016,-0.9925918579101562,0.08441796153783798,0.08441796153783798,0.0,0.0,nan,nan,0.6767458319664001,0.6767458319664001,1.3534916639328003,0.0,0.27078408002853394,0.16644757986068726,0.0,0.0,0.0,0.16644757986068726,0.0,0.27078408002853394,0.0,0.0,0.0,0.09447649866342545,0.08777827769517899,0.2905133068561554,0.0,0.0,0.0,0.0,0.27078408002853394,0.16644757986068726,0.0,0.0,0.0,0.16644757986068726,0.0,0.27078408002853394,-0.0,-0.0,-0.0,0.09447649121284485,-0.08777832984924316,0.290513277053833,0.0,0.0,0.0,4.470348358154297e-08,0.0,0.6000000238418579,7.450580596923828e-09,0.056000083684921265,0.5999999642372131,-5.21540641784668e-08,-0.055999964475631714,0.6000000238418579,0.1889529824256897,-5.21540641784668e-08,0.581026554107666,0.0,0.0,0.0,4.0978193283081055e-08,3.332963061097871e-08,-6.51925802230835e-09,27.84942054748535,27.84942054748535,44.72383499145508,44.72383499145508,0.11794667690992355,0.11794667690992355,0.5998412370681763,0.5998412370681763,0.28221216797828674,0.28221216797828674,0.0,0.0,-1.2157520055770874,-1.2157520055770874,1.4865360260009766,1.4865360260009766,0.238876610994339,0.238876610994339,0.0,0.0,-0.07242901623249054,-0.07242901623249054,0.16644757986068726,0.16644757986068726,0.5500251054763794,0.5500251054763794,-0.3307207226753235,-0.3307207226753235,0.022836556658148766,0.022836556658148766,-45.8858757019043,-45.8858757019043,-33.31854248046875,-33.31854248046875,-18.11356544494629,-18.11356544494629,19.836793899536133,19.836793899536133,0.0,0.0,180.0
87,0.3625,0.4417523706226541,5.636662209779142,-178.5823699471976,0.4417523706226541,5.636662209779142,-178.5823699471976,5.0,-5.0,0.0,0.0,15.0,0,0.5,0.0,0.0,3.2,3.2,3.2,5.636661052703857,5.636661529541016,5.636662483215332,5.636662483215332,0.4454384744167328,0.4463741183280945,-1.9059172868728638,-1.5962255001068115,0.074815534055233,0.074815534055233,0.0,0.0,nan,nan,-0.41913580894470215,-0.41913580894470215,-0.8382716178894043,0.0,0.629759669303894,0.11781476438045502,0.0,0.0,0.0,0.11781476438045502,0.0,0.629759669303894,0.0,0.0,0.0,-0.03902236372232437,0.218978151679039,0.6008356213569641,0.0,0.0,0.0,0.0,0.629759669303894,0.11781476438045502,0.0,0.0,0.0,0.11781476438045502,0.0,0.629759669303894,-0.0,-0.0,-0.0,-0.03902237117290497,-0.21897825598716736,0.6008355617523193,0.0,0.0,0.0,4.470348358154297e-08,0.0,0.6000000238418579,-7.450580596923828e-08,0.05600005388259888,0.5999999642372131,-7.450580596923828e-09,-0.055999934673309326,0.6000000238418579,-0.07804473489522934,-1.043081283569336e-07,1.2016711235046387,0.0,0.0,0.0,8.940696716308594e-08,1.0528711413826386e-07,-1.0477378964424133e-08,26.71609115600586,26.71609115600586,42.59206008911133,42.592063903808594,0.11794667690992355,0.11794667690992355,0.6680206060409546,0.6680206060409546,0.21403278410434723,0.21403278410434723,0.0,0.0,-0.9904357194900513,-0.9904357194900513,1.6201953887939453,1.6201953887939453,0.1896611750125885,0.1896611750125885,0.0,0.0,-0.07184641063213348,-0.07184641063213348,0.11781476438045502,0.11781476438045502,0.5500251054763794,0.5500251054763794,-0.31881067156791687,-0.31881067156791687,0.04025277495384216,0.04025277495384216,-40.73635482788086,-40.73635482788086,-30.363475799560547,-30.363475799560547,-15.146197319030762,-15.146197319030762,19.2866153717041,19.2866153717041,0.0,0.0,180.0
88,0.36666666666666664,0.46366171265377143,4.873670517359995,-187.43941856560298,0.46366171265377143,4.873670517359995,-187.43941856560298,5.0,-5.0,0.0,0.0,15.0,0,0.5,0.0,0.0,3.2,3.2,3.2,4.873668670654297,4.8736701011657715,4.87367057800293,4.87367057800293,0.4644804298877716,0.46539121866226196,-2.489358901977539,-2.1896255016326904,0.06468833237886429,0.06468833237886429,0.0,0.0,nan,nan,-1.292433500289917,-1.292433500289917,-2.584867000579834,0.0,0.9959956407546997,0.07544393092393875,0.0,0.0,0.0,0.07544393092393875,0.0,0.9959956407546997,0.0,0.0,0.0,-0.16680161654949188,0.3666996955871582,0.9140064120292664,0.0,0.0,0.0,0.0,0.9959956407546997,0.07544393092393875,0.0,0.0,0.0,0.07544393092393875,0.0,0.9959956407546997,-0.0,-0.0,-0.0,-0.1668016016483307,-0.36669987440109253,0.9140063524246216,0.0,0.0,0.0,4.470348358154297e-08,0.0,0.6000000238418579,-1.1175870895385742e-07,0.055999964475631714,0.5999999642372131,-1.4901161193847656e-08,-0.055999964475631714,0.6000000238418579,-0.3336032032966614,-1.7881393432617188e-07,1.8280127048492432,0.0,0.0,0.0,2.60770320892334e-08,2.0742862716360833e-07,-3.632158041000366e-08,25.425172805786133,25.425172805786133,40.03216552734375,40.03216552734375,0.11794667690992355,0.11794667690992355,0.7563843131065369,0.7563843131065369,0.12566909193992615,0.12566909193992615,0.0,0.0,-0.7466413974761963,-0.7466413974761963,1.7426371574401855,1.7426371574401855,0.1468040943145752,0.1468040943145752,0.0,0.0,-0.07136015594005585,-0.07136015594005585,0.07544393092393875,0.07544393092393875,0.5500251054763794,0.5500251054763794,-0.30539602041244507,-0.30539602041244507,0.05849137529730797,0.05849137529730797,-35.289794921875,-35.289794921875,-27.233154296875,-27.233154296875,-12.005098342895508,-12.005098342895508,18.706369400024414,18.706369400024414,0.0,0.0,180.0
89,0.37083333333333335,0.4823188009111034,4.076493527989004,-194.98171433780706,0.4823188009111034,4.076493527989004,-194.98171433780706,5.0,-5.0,0.0,0.0,15.0,0,0.5,0.0,0.0,3.2,3.2,3.2,4.076492786407471,4.076493740081787,4.076493740081787,4.076493740081787,0.4802587926387787,0.4811382591724396,-3.056248664855957,-2.768594264984131,0.05410738289356232,0.05410738289356232,0.0,0.0,nan,nan,-1.9110987186431885,-1.9110987186431885,-3.822197437286377,0.0,1.3666765689849854,0.04122874140739441,0.0,0.0,0.0,0.04122874140739441,0.0,1.3666765689849854,0.0,0.0,0.0,-0.2865642309188843,0.5267929434776306,1.2287696599960327,0.0,0.0,0.0,0.0,1.3666765689849854,0.04122874140739441,0.0,0.0,0.0,0.04122874140739441,0.0,1.3666765689849854,-0.0,-0.0,-0.0,-0.2865642309188843,-0.5267933011054993,1.2287695407867432,0.0,0.0,0.0,4.470348358154297e-08,0.0,0.6000000238418579,-1.341104507446289e-07,0.05600002408027649,0.5999999046325684,2.9802322387695312e-08,-0.055999964475631714,0.6000000238418579,-0.5731284618377686,-3.5762786865234375e-07,2.4575390815734863,0.0,0.0,0.0,1.4156103134155273e-07,2.7219235221309646e-07,-7.078051567077637e-08,23.969369888305664,23.969371795654297,36.980777740478516,36.980777740478516,0.11794667690992355,0.11794667690992355,0.8524252772331238,0.8524252772331238,0.029628142714500427,0.029628142714500427,0.0,0.0,-0.4860359728336334,-0.4860359728336334,1.852712631225586,1.852712631225586,0.11221913993358612,0.11221913993358612,0.0,0.0,-0.07099039852619171,-0.07099039852619171,0.04122874140739441,0.04122874140739441,0.5500251054763794,0.5500251054763794,-0.2905657887458801,-0.2905657887458801,0.07742945849895477,0.07742945849895477,-29.58440399169922,-29.58440399169922,-23.94947624206543,-23.94947624206543,-8.712244033813477,-8.712244033813477,18.10012435913086,18.10012435913086,0.0,0.0,180.0
90,0.375,0.49759276932562435,3.2507228654757285,-201.1563534780999,0.49759276932562435,3.2507228654757285,-201.1563534780999,5.0,-5.0,0.0,0.0,15.0,0,0.5,0.0,0.0,3.2,3.2,3.2,3.250722885131836,3.2507216930389404,3.250722885131836,3.250722885131836,0.492662638425827,0.49350470304489136,-3.6026487350463867,-3.3291125297546387,0.04314691200852394,0.04314691200852394,0.0,0.0,nan,nan,-2.251502275466919,-2.251502275466919,-4.503004550933838,0.0,1.7396504878997803,0.016857273876667023,0.0,0.0,0.0,0.016857273876667023,0.0,1.7396504878997803,0.0,0.0,0.0,-0.3964793086051941,0.6949969530105591,1.5448144674301147,0.0,0.0,0.0,0.0,1.7396504878997803,0.016857273876667023,0.0,0.0,0.0,0.016857273876667023,0.0,1.7396504878997803,-0.0,-0.0,-0.0,-0.39647915959358215,-0.6949969530105591,1.5448143482208252,0.0,0.0,0.0,4.470348358154297e-08,0.0,0.6000000238418579,2.2351741790771484e-08,0.05600005388259888,0.6000000238418579,-4.470348358154297e-08,-0.055999964475631714,0.6000000238418579,-0.7929584980010986,0.0,3.0896286964416504,0.0,0.0,0.0,1.4901161193847656e-07,1.7264646601233835e-07,8.940696716308594e-08,22.345958709716797,22.34595489501953,33.37980270385742,33.37980270385742,0.11794667690992355,0.11794667690992355,0.8820533156394958,0.8820533156394958,0.0,0.0,0.0,0.0,-0.2097177803516388,-0.2097177803516388,1.9493682384490967,1.9493682384490967,0.08761175721883774,0.08761175721883774,0.0,0.0,-0.07075448334217072,-0.07075448334217072,0.016857273876667023,0.016857273876667023,0.5500251054763794,0.5500251054763794,-0.27442190051078796,-0.27442190051078796,0.09693636000156403,0.09693636000156403,-23.660898208618164,-23.660898208618164,-20.535818099975586,-20.535818099975586,-5.291072368621826,-5.291072368621826,17.472135543823242,17.472135543823242,0.0,0.0,180.0
91,0.37916666666666665,0.5093764819832374,2.4021507177022965,-205.9200253293844,0.5093764819832374,2.4021507177022965,-205.9200253293844,5.0,-5.0,0.0,0.0,15.0,0,0.5,0.0,0.0,3.2,3.2,3.2,2.4021499156951904,2.4021503925323486,2.4021506309509277,2.4021506309509277,0.5016039609909058,0.5024028420448303,-4.124851703643799,-3.867370128631592,0.03188379481434822,0.03188379481434822,0.0,0.0,nan,nan,-2.2980763912200928,-2.2980763912200928,-4.5961527824401855,0.0,2.113485336303711,0.0038374122232198715,0.0,0.0,0.0,0.0038374122232198715,0.0,2.113485336303711,0.0,0.0,0.0,-0.4951443374156952,0.8671173453330994,1.862733006477356,0.0,0.0,0.0,0.0,2.113485336303711,0.0038374122232198715,0.0,0.0,0.0,0.0038374122232198715,0.0,2.113485336303711,-0.0,-0.0,-0.0,-0.4951443672180176,-0.8671180009841919,1.8627327680587769,0.0,0.0,0.0,4.470348358154297e-08,0.0,0.6000000238418579,-1.341104507446289e-07,0.05600002408027649,0.5999999046325684,7.450580596923828e-09,-0.055999934673309326,0.6000000238418579,-0.9902887344360352,-6.556510925292969e-07,3.725465774536133,0.0,0.0,0.0,2.8312206268310547e-07,4.615006332642224e-07,-8.009374141693115e-08,20.559574127197266,20.5595760345459,29.190431594848633,29.190431594848633,0.11794667690992355,0.11794667690992355,0.8820533156394958,0.8820533156394958,0.0,0.0,0.0,0.0,0.08181404322385788,0.08181404322385788,2.0316715240478516,2.0316715240478516,0.0745038241147995,0.0745038241147995,0.0,0.0,-0.07066641002893448,-0.07066641002893448,0.0038374122232198715,0.0038374122232198715,0.5500251054763794,0.5500251054763794,-0.2570783793926239,-0.2570783793926239,0.11687438935041428,0.11687438935041428,-17.562204360961914,-17.562204360961914,-17.016862869262695,-17.016862869262695,-1.7663218975067139,-1.7663218975067139,16.82680892944336,16.82680892944336,0.0,0.0,180.0
92,0.3833333333333333,0.5175872846062355,1.5367292085871023,-209.23931615631733,0.5175872846062355,1.5367292085871023,-209.23931615631733,5.0,-5.0,0.0,0.0,15.0,0,0.5,0.0,0.0,3.2,3.2,3.2,1.5367289781570435,1.536728858947754,1.536729335784912,1.536729335784912,0.50701904296875,0.5077692270278931,-4.619392395019531,-4.379798889160156,0.020397039130330086,0.020397039130330086,0.0,0.0,nan,nan,-2.0424132347106934,-2.0424132347106934,-4.084826469421387,0.0,2.487452983856201,0.0035385126248002052,0.0,0.0,0.0,0.0035385126248002052,0.0,2.487452983856201,0.0,0.0,0.0,-0.581512987613678,1.0391387939453125,2.1839113235473633,0.0,0.0,0.0,0.0,2.487452983856201,0.0035385126248002052,0.0,0.0,0.0,0.0035385126248002052,0.0,2.487452983856201,-0.0,-0.0,-0.0,-0.5815131068229675,-1.0391391515731812,2.183911085128784,0.0,0.0,0.0,4.470348358154297e-08,0.0,0.6000000238418579,-1.043081283569336e-07,0.05600002408027649,0.5999999642372131,-1.1920928955078125e-07,-0.055999964475631714,0.5999999642372131,-1.1630260944366455,-3.5762786865234375e-07,4.367822647094727,0.0,0.0,0.0,1.4156103134155273e-07,7.527207799284952e-07,4.0978193283081055e-08,18.62598419189453,18.625988006591797,24.416597366333008,24.416616439819336,0.11794667690992355,0.11794667690992355,0.8820533156394958,0.8820533156394958,0.0,0.0,0.0,0.0,0.3886198103427887,0.3886198103427887,2.0988330841064453,2.0988330841064453,0.07427530735731125,0.07427530735731125,0.0,0.0,-0.07073679566383362,-0.07073679566383362,0.0035385126248002052,0.0035385126248002052,0.5500251054763794,0.5500251054763794,-0.2386607527732849,-0.2386607527732849,0.13709986209869385,0.13709986209869385,-11.333057403564453,-11.333057403564453,-13.418386459350586,-13.418386459350586,1.8361934423446655,1.8361934423446655,16.168664932250977,16.168664932250977,0.0,0.0,180.0
93,0.3875,0.5221675843136717,0.6605286482120636,-211.09094351865497,0.5221675843136717,0.6605286482120636,-211.09094351865497,5.0,-5.0,0.0,0.0,15.0,0,0.5,0.0,0.0,3.2,3.2,3.2,0.6605283617973328,0.6605286598205566,0.6605286598205566,0.6605286598205566,0.5088680982589722,0.509564220905304,-5.083067893981934,-4.86307430267334,0.008767210878431797,0.008767210878431797,0.0,0.0,nan,nan,-1.482092261314392,-1.482092261314392,-2.964184522628784,0.0,2.861435890197754,0.017234567552804947,0.0,0.0,0.0,0.017234567552804947,0.0,2.861435890197754,0.0,0.0,0.0,-0.6548027396202087,1.207265853881836,2.5103495121002197,0.0,0.0,0.0,0.0,2.861435890197754,0.017234567552804947,0.0,0.0,0.0,0.017234567552804947,0.0,2.861435890197754,-0.0,-0.0,-0.0,-0.654802680015564,-1.2072665691375732,2.5103492736816406,0.0,0.0,0.0,4.470348358154297e-08,0.0,0.6000000238418579,-7.450580596923828e-08,0.05600002408027649,0.5999999642372131,7.450580596923828e-09,-0.055999964475631714,0.6000000238418579,-1.309605360031128,-7.152557373046875e-07,5.020698547363281,0.0,0.0,0.0,2.2351741790771484e-07,4.3180406805731764e-07,-5.960464477539063e-08,16.577594757080078,16.577594757080078,19.143943786621094,19.143943786621094,0.11794667690992355,0.11794667690992355,0.8820533156394958,0.8820533156394958,0.0,0.0,0.0,0.0,0.7112100124359131,0.7112100124359131,2.150225877761841,2.150225877761841,0.08820714801549911,0.08820714801549911,0.0,0.0,-0.07097258418798447,-0.07097258418798447,0.017234567552804947,0.017234567552804947,0.5500251054763794,0.5500251054763794,-0.2193046510219574,-0.2193046510219574,0.1574644297361374,0.1574644297361374,-5.019560813903809,-5.019560813903809,-9.766992568969727,-9.766992568969727,5.489840507507324,5.489840507507324,15.502325057983398,15.502325057983398,0.0,0.0,180.0
94,0.39166666666666666,0.5230852535940391,-0.220305046040985,-211.46191958084287,0.5230852535940391,-0.220305046040985,-211.46191958084287,5.0,-5.0,0.0,0.0,15.0,0,0.5,0.0,0.0,3.2,3.2,3.2,0.22030499577522278,0.22030504047870636,0.22030505537986755,0.22030505537986755,0.5071364045143127,0.507773756980896,-5.512950420379639,-5.314133644104004,-0.0029241135343909264,-0.0029241135343909264,0.0,0.0,nan,nan,-0.6195358633995056,-0.6195358633995056,-1.2390717267990112,0.0,3.2357661724090576,0.04613184928894043,0.0,0.0,0.0,0.04613184928894043,0.0,3.2357661724090576,0.0,0.0,0.0,-0.7144038677215576,1.3678911924362183,2.844435214996338,0.0,0.0,0.0,0.0,3.2357661724090576,0.04613184928894043,0.0,0.0,0.0,0.04613184928894043,0.0,3.2357661724090576,-0.0,-0.0,-0.0,-0.7144038081169128,-1.3678922653198242,2.844434976577759,0.0,0.0,0.0,4.470348358154297e-08,0.0,0.6000000238418579,-8.940696716308594e-08,0.05600002408027649,0.5999999642372131,1.4901161193847656e-08,-0.055999964475631714,0.6000000238418579,-1.4288077354431152,-1.0728836059570312e-06,5.688870429992676,0.0,0.0,0.0,2.682209014892578e-07,5.088210173198604e-07,-9.685754776000977e-08,14.4735689163208,14.473566055297852,15.14228343963623,15.14228343963623,0.8820533156394958,0.8820533156394958,0.11794667690992355,0.11794667690992355,0.0,0.0,0.0,0.0,1.0503664016723633,1.0503664016723633,2.1853995323181152,2.1853995323181152,0.11750885844230652,0.11750885844230652,0.0,0.0,-0.07137700915336609,-0.07137700915336609,0.04613184928894043,0.04613184928894043,0.5500251054763794,0.5500251054763794,-0.19915473461151123,-0.19915473461151123,0.17781640589237213,0.17781640589237213,1.3312814235687256,1.3312814235687256,-6.089845657348633,-6.089845657348633,9.167438507080078,9.167438507080078,14.8324613571167,14.8324613571167,0.0,0.0,180.0
95,0.3958333333333333,0.5203338556566807,-1.0995934586850227,-210.34964221235077,0.5203338556566807,-1.0995934586850227,-210.34964221235077,5.0,-5.0,0.0,0.0,15.0,0,0.5,0.0,0.0,3.2,3.2,3.2,1.0995932817459106,1.0995932817459106,1.0995935201644897,1.0995935201644897,0.5018335580825806,0.5024077296257019,-5.906364440917969,-5.730165958404541,-0.014594926498830318,-0.014594926498830318,0.0,0.0,nan,nan,0.5388026237487793,0.5388026237487793,1.0776052474975586,0.0,3.6110057830810547,0.09136626124382019,0.0,0.0,0.0,0.09136626124382019,0.0,3.6110057830810547,0.0,0.0,0.0,-0.7598087787628174,1.517511010169983,3.1886613368988037,0.0,0.0,0.0,0.0,3.6110057830810547,0.09136626124382019,0.0,0.0,0.0,0.09136626124382019,0.0,3.6110057830810547,-0.0,-0.0,-0.0,-0.7598087787628174,-1.5175114870071411,3.1886610984802246,0.0,0.0,0.0,4.470348358154297e-08,0.0,0.6000000238418579,-3.725290298461914e-08,0.05600002408027649,0.5999999642372131,-1.4901161193847656e-08,-0.055999964475631714,0.6000000238418579,-1.5196175575256348,-4.76837158203125e-07,6.377322196960449,0.0,0.0,0.0,2.980232238769531e-07,4.9667835355649e-07,1.1175870895385742e-08,12.42917251586914,12.429173469543457,15.713781356811523,15.713781356811523,0.8820533156394958,0.8820533156394958,0.11794667690992355,0.11794667690992355,0.0,0.0,0.0,0.0,1.406916618347168,1.406916618347168,2.2040891647338867,2.2040891647338867,0.16331566870212555,0.16331566870212555,0.0,0.0,-0.07194940745830536,-0.07194940745830536,0.09136626124382019,0.09136626124382019,0.5500251054763794,0.5500251054763794,-0.17836284637451172,-0.17836284637451172,0.19800248742103577,0.19800248742103577,7.672070026397705,7.672070026397705,-2.4143877029418945,-2.4143877029418945,12.841543197631836,12.841543197631836,14.163772583007812,14.163772583007812,0.0,0.0,180.0
96,0.4,0.5139326895812498,-1.971169013273204,-207.7619132397484,0.5139326895812498,-1.971169013273204,-207.7619132397484,5.0,-5.0,0.0,0.0,15.0,0,0.5,0.0,0.0,3.2,3.2,3.2,1.9711685180664062,1.9711686372756958,1.9711689949035645,1.9711689949035645,0.49299490451812744,0.4935021698474884,-6.260899543762207,-6.108605861663818,-0.026163367554545403,-0.026163367554545403,0.0,0.0,nan,nan,1.9827196598052979,1.9827196598052979,3.9654393196105957,0.0,3.987701416015625,0.15396104753017426,0.0,0.0,0.0,0.15396104753017426,0.0,3.987701416015625,0.0,0.0,0.0,-0.7905728220939636,1.65261971950531,3.5453221797943115,0.0,0.0,0.0,0.0,3.987701416015625,0.15396104753017426,0.0,0.0,0.0,0.15396104753017426,0.0,3.987701416015625,-0.0,-0.0,-0.0,-0.7905726432800293,-1.6526206731796265,3.5453217029571533,0.0,0.0,0.0,4.470348358154297e-08,0.0,0.6000000238418579,-1.4901161193847656e-07,0.05600002408027649,0.5999999642372131,-1.4901161193847656e-08,-0.0559999942779541,0.6000000238418579,-1.5811455249786377,-9.5367431640625e-07,7.090643882751465,0.0,0.0,0.0,2.384185791015625e-07,9.452218705519044e-07,-1.8998980522155762e-07,10.723983764648438,10.723981857299805,16.287385940551758,16.28736114501953,0.8820533156394958,0.8820533156394958,0.11794667690992355,0.11794667690992355,0.0,0.0,0.0,0.0,1.7814826965332031,1.7814826965332031,2.2062184810638428,2.2062184810638428,0.22664621472358704,0.22664621472358704,0.0,0.0,-0.07268518209457397,-0.07268518209457397,0.15396104753017426,0.15396104753017426,0.5500251054763794,0.5500251054763794,-0.15708649158477783,-0.15708649158477783,0.21786943078041077,0.21786943078041077,13.955520629882812,13.955520629882812,1.2319629192352295,1.2319629192352295,16.484745025634766,16.484745025634766,13.50094985961914,13.50094985961914,0.0,0.0,180.0
97,0.4041666666666667,0.5039266549485346,-2.8289182335162466,-203.71688372249787,0.5039266549485346,-2.8289182335162466,-203.71688372249787,5.0,-5.0,0.0,0.0,15.0,0,0.5,0.0,0.0,3.2,3.2,3.2,2.8289177417755127,2.828918218612671,2.828917980194092,2.828917980194092,0.48068034648895264,0.48111703991889954,-6.5743865966796875,-6.447120666503906,-0.03754828870296478,-0.03754828870296478,0.0,0.0,nan,nan,3.69795560836792,3.69795560836792,7.39591121673584,0.0,4.366135120391846,0.2347445785999298,0.0,0.0,0.0,0.2347445785999298,0.0,4.366135120391846,0.0,0.0,0.0,-0.8063147664070129,1.769605040550232,3.916196584701538,0.0,0.0,0.0,0.0,4.366135120391846,0.2347445785999298,0.0,0.0,0.0,0.2347445785999298,0.0,4.366135120391846,-0.0,-0.0,-0.0,-0.8063149452209473,-1.7696057558059692,3.916196346282959,0.0,0.0,0.0,4.470348358154297e-08,0.0,0.6000000238418579,-4.470348358154297e-08,0.0559999942779541,0.5999999642372131,-2.2351741790771484e-08,-0.055999934673309326,0.6000000238418579,-1.6126296520233154,-7.152557373046875e-07,7.832392692565918,0.0,0.0,0.0,3.5762786865234375e-07,6.607967861782527e-07,0.0,9.860907554626465,9.860910415649414,16.860544204711914,16.860544204711914,0.8820533156394958,0.8820533156394958,0.11794667690992355,0.11794667690992355,0.0,0.0,0.0,0.0,2.174238920211792,2.174238920211792,2.1918957233428955,2.1918957233428955,0.3083202838897705,0.3083202838897705,0.0,0.0,-0.0735757052898407,-0.0735757052898407,0.2347445785999298,0.2347445785999298,0.5500251054763794,0.5500251054763794,-0.1354868859052658,-0.1354868859052658,0.2372659295797348,0.2372659295797348,20.134971618652344,20.134971618652344,4.822103500366211,4.822103500366211,20.069965362548828,20.069965362548828,12.848642349243164,12.848642349243164,0.0,0.0,180.0
98,0.4083333333333333,0.4903859369021578,-3.666824624926101,-198.2429266363132,0.4903859369021578,-3.666824624926101,-198.2429266363132,5.0,-5.0,0.0,0.0,15.0,0,0.5,0.0,0.0,3.2,3.2,3.2,3.6668245792388916,3.666822910308838,3.6668243408203125,3.6668245792388916,0.464974582195282,0.46533799171447754,-6.844898700714111,-6.743621826171875,-0.04866983741521835,-0.04866983741521835,0.0,0.0,nan,nan,5.665409088134766,5.665409088134766,11.330818176269531,0.0,4.7461090087890625,0.33423638343811035,0.0,0.0,0.0,0.33423638343811035,0.0,4.7461090087890625,0.0,0.0,0.0,-0.8067562580108643,1.8646842241287231,4.302250862121582,0.0,0.0,0.0,0.0,4.7461090087890625,0.33423638343811035,0.0,0.0,0.0,0.33423638343811035,0.0,4.7461090087890625,-0.0,-0.0,-0.0,-0.8067558407783508,-1.8646845817565918,4.302250385284424,0.0,0.0,0.0,4.470348358154297e-08,0.0,0.6000000238418579,1.4901161193847656e-08,0.05600005388259888,0.6000000238418579,-3.725290298461914e-08,-0.055999934673309326,0.6000000238418579,-1.6135120391845703,-3.5762786865234375e-07,8.604501724243164,0.0,0.0,0.0,5.364418029785156e-07,4.808139237866271e-07,2.1606683731079102e-07,9.915624618530273,9.91562557220459,17.430112838745117,17.430112838745117,0.8820533156394958,0.8820533156394958,0.11794667690992355,0.11794667690992355,0.0,0.0,0.0,0.0,2.5847015380859375,2.5847015380859375,2.161406993865967,2.161406993865967,0.40884464979171753,0.40884464979171753,0.0,0.0,-0.07460828870534897,-0.07460828870534897,0.33423638343811035,0.33423638343811035,0.5500251054763794,0.5500251054763794,-0.1137271523475647,-0.1137271523475647,0.25604432821273804,0.25604432821273804,26.164875030517578,26.164875030517578,8.329535484313965,8.329535484313965,23.570735931396484,23.570735931396484,12.211423873901367,12.211423873901367,0.0,0.0,180.0
99,0.4125,0.47340551385022167,-4.479010876201976,-191.37843785712096,0.47340551385022167,-4.479010876201976,-191.37843785712096,5.0,-5.0,0.0,0.0,15.0,0,0.5,0.0,0.0,3.2,3.2,3.2,4.479009628295898,4.479009628295898,4.479011535644531,4.479011058807373,0.44598644971847534,0.446274071931839,-7.070744514465332,-6.996225357055664,-0.05945000424981117,-0.05945000424981117,0.0,0.0,nan,nan,7.860108375549316,7.860108375549316,15.720216751098633,0.0,5.126777648925781,0.45251691341400146,0.0,0.0,0.0,0.45251691341400146,0.0,5.126777648925781,0.0,0.0,0.0,-0.7917836308479309,1.9339008331298828,4.703373908996582,0.0,0.0,0.0,0.0,5.126777648925781,0.45251691341400146,0.0,0.0,0.0,0.45251691341400146,0.0,5.126777648925781,-0.0,-0.0,-0.0,-0.791783332824707,-1.9339021444320679,4.703373908996582,0.0,0.0,0.0,4.470348358154297e-08,0.0,0.6000000238418579,-1.4156103134155273e-07,0.05600002408027649,0.5999999642372131,-9.685754776000977e-08,-0.055999934673309326,0.6000000238418579,-1.5835669040679932,-1.3113021850585938e-06,9.406747817993164,0.0,0.0,0.0,5.364418029785156e-07,1.5890800568740815e-06,0.0,10.541055679321289,10.541057586669922,18.992504119873047,18.992504119873047,0.8289155960083008,0.8289155960083008,0.1710844784975052,0.1710844784975052,0.0,0.0,0.0,0.0,3.011575937271118,3.011575937271118,2.115201950073242,2.115201950073242,0.5282832384109497,0.5282832384109497,0.0,0.0,-0.07576628774404526,-0.07576628774404526,0.45251691341400146,0.45251691341400146,0.5500251054763794,0.5500251054763794,-0.09197031706571579,-0.09197031706571579,0.2740624248981476,0.2740624248981476,32.00127029418945,32.00127029418945,11.728643417358398,11.728643417358398,26.96149253845215,26.96149253845215,11.593766212463379,11.593766212463379,0.0,0.0,180.0
100,0.4166666666666667,0.4531044912600181,-5.2597800843461835,-183.17156684157865,0.4531044912600181,-5.2597800843461835,-183.17156684157865,5.0,-5.0,0.0,0.0,15.0,0,0.5,0.0,0.0,3.2,3.2,3.2,5.25977897644043,5.259779453277588,5.259780406951904,5.259780406951904,0.4238588809967041,0.424068808555603,-7.2487897872924805,-7.201590061187744,-0.06981316953897476,-0.06981316953897476,0.0,0.0,nan,nan,10.198176383972168,10.198176383972168,20.396352767944336,0.0,5.491161823272705,0.5754849910736084,0.0,0.0,0.0,0.5754849910736084,0.0,5.491161823272705,0.0,0.0,0.0,-0.770959198474884,1.9676939249038696,5.10076904296875,0.0,0.0,0.0,0.0,5.491161823272705,0.5754849910736084,0.0,0.0,0.0,0.5754849910736084,0.0,5.491161823272705,-0.0,-0.0,-0.0,-0.770959198474884,-1.9676947593688965,5.100768566131592,0.0,0.0,0.0,4.470348358154297e-08,0.0,0.6000000238418579,-9.685754776000977e-08,0.05600002408027649,0.5999999642372131,-8.940696716308594e-08,-0.055999934673309326,0.6000000238418579,-1.541918396949768,-8.344650268554688e-07,10.2015380859375,0.0,0.0,0.0,5.960464477539062e-07,1.4520892364089377e-06,5.587935447692871e-08,11.446121215820312,11.446121215820312,23.393863677978516,23.393863677978516,0.7445049285888672,0.7445049285888672,0.2554951012134552,0.2554951012134552,0.0,0.0,0.004546067211776972,0.004546067211776972,3.4526617527008057,3.4526617527008057,2.0538744926452637,2.0538744926452637,0.6661278605461121,0.6661278605461121,0.0,0.0,-0.0770290344953537,-0.0770290344953537,0.5754849910736084,0.5754849910736084,0.5500251054763794,0.5500251054763794,-0.07037768512964249,-0.07037768512964249,0.2911852300167084,0.2911852300167084,37.60215759277344,37.60215759277344,14.994908332824707,14.994908332824707,30.217771530151367,30.217771530151367,11.000000953674316,11.000000953674316,0.0,0.0,180.0
101,0.42083333333333334,0.4296252662187542,-6.003655714345447,-173.67987889323226,0.4296252662187542,-6.003655714345447,-173.67987889323226,5.0,-5.0,0.0,0.0,15.0,0,0.5,0.0,0.0,3.2,3.2,3.2,6.003655910491943,6.003654479980469,6.003655910491943,6.003655910491943,0.3987651467323303,0.398895800113678,-7.374887943267822,-7.355319023132324,-0.07968664914369583,-0.07968664914369583,0.0,0.0,nan,nan,12.525253295898438,12.525253295898438,25.050506591796875,0.0,5.809873104095459,0.6725378036499023,0.0,0.0,0.0,0.6725378036499023,0.0,5.809873104095459,0.0,0.0,0.0,-0.7664875984191895,1.9539835453033447,5.459063529968262,0.0,0.0,0.0,0.0,5.809873104095459,0.6725378036499023,0.0,0.0,0.0,0.6725378036499023,0.0,5.809873104095459,-0.0,-0.0,-0.0,-0.766487181186676,-1.9539846181869507,5.459063529968262,0.0,0.0,0.0,4.470348358154297e-08,0.0,0.6000000238418579,-2.9802322387695312e-08,0.05600005388259888,0.5999999642372131,-8.940696716308594e-08,-0.05599987506866455,0.6000000238418579,-1.5329747200012207,-1.0728836059570312e-06,10.918127059936523,0.0,0.0,0.0,1.0728836059570312e-06,1.1845356766571058e-06,2.7567148208618164e-07,12.45530891418457,12.45531177520752,27.2468204498291,27.2468204498291,0.6546194553375244,0.6546194553375244,0.34538063406944275,0.34538063406944275,0.0,0.0,0.023084618151187897,0.023084618151187897,3.904836654663086,3.904836654663086,1.978142261505127,1.978142261505127,0.8211922645568848,0.8211922645568848,0.0,0.0,-0.07837232202291489,-0.07837232202291489,0.6725378036499023,0.6725378036499023,0.5500251054763794,0.5500251054763794,-0.04910697415471077,-0.04910697415471077,0.3072863221168518,0.3072863221168518,42.92790222167969,42.92790222167969,18.10515785217285,18.10515785217285,33.31647491455078,33.31647491455078,10.43429183959961,10.43429183959961,0.0,0.0,180.0
102,0.425,0.4031325286202932,-6.705420013129272,-162.96995138327048,0.4031325286202932,-6.705420013129272,-162.96995138327048,5.0,-5.0,0.0,0.0,15.0,0,0.5,0.0,0.0,3.2,3.2,3.2,6.705420017242432,6.705419063568115,6.70542049407959,6.70542049407959,0.370892196893692,0.3709426820278168,-7.446378231048584,-7.454519271850586,-0.08900117874145508,-0.08900117874145508,0.0,0.0,nan,nan,14.70762825012207,14.70762825012207,29.41525650024414,0.0,6.064223289489746,0.7192525863647461,0.0,0.0,0.0,0.7192525863647461,0.0,6.064223289489746,0.0,0.0,0.0,-0.7968243956565857,1.8875319957733154,5.752775192260742,0.0,0.0,0.0,0.0,6.064223289489746,0.7192525863647461,0.0,0.0,0.0,0.7192525863647461,0.0,6.064223289489746,-0.0,-0.0,-0.0,-0.7968242764472961,-1.8875333070755005,5.752774715423584,0.0,0.0,0.0,4.470348358154297e-08,0.0,0.6000000238418579,-6.705522537231445e-08,0.05600005388259888,0.5999999642372131,-2.9802322387695312e-08,-0.055999964475631714,0.6000000238418579,-1.5936486721038818,-1.3113021850585938e-06,11.505550384521484,0.0,0.0,0.0,6.556510925292969e-07,1.1190322766196914e-06,7.450580596923828e-09,13.467970848083496,13.467973709106445,30.544343948364258,30.544349670410156,0.5998412370681763,0.5998412370681763,0.4001588523387909,0.4001588523387909,0.0,0.0,0.06213124841451645,0.06213124841451645,4.364091396331787,4.364091396331787,1.8888245820999146,1.8888245820999146,0.9915393590927124,0.9915393590927124,0.0,0.0,-0.0797685831785202,-0.0797685831785202,0.7192525863647461,0.7192525863647461,0.5500251054763794,0.5500251054763794,-0.02831096760928631,-0.02831096760928631,0.32224926352500916,0.32224926352500916,47.9415168762207,47.9415168762207,21.037723541259766,21.037723541259766,36.23600769042969,36.23600769042969,9.900609016418457,9.900609016418457,0.0,0.0,180.0
103,0.42916666666666664,0.3738121059838829,-7.3601506083586274,-151.11690675810357,0.3738121059838829,-7.3601506083586274,-151.11690675810357,5.0,-5.0,0.0,0.0,15.0,0,0.5,0.0,0.0,3.2,3.2,3.2,7.360148906707764,7.360150337219238,7.3601508140563965,7.3601508140563965,0.34042537212371826,0.3403951823711395,-7.4644246101379395,-7.500189781188965,-0.09769143164157867,-0.09769143164157867,0.0,0.0,nan,nan,16.74785614013672,16.74785614013672,33.49571228027344,0.0,6.267640113830566,0.7224792242050171,0.0,0.0,0.0,0.7224792242050171,0.0,6.267640113830566,0.0,0.0,0.0,-0.8578804135322571,1.7753887176513672,5.993106365203857,0.0,0.0,0.0,0.0,6.267640113830566,0.7224792242050171,0.0,0.0,0.0,0.7224792242050171,0.0,6.267640113830566,-0.0,-0.0,-0.0,-0.8578802347183228,-1.7753901481628418,5.993105888366699,0.0,0.0,0.0,4.470348358154297e-08,0.0,0.6000000238418579,-2.9802322387695312e-08,0.05600002408027649,0.5999999642372131,1.4901161193847656e-08,-0.055999964475631714,0.6000000238418579,-1.7157607078552246,-1.430511474609375e-06,11.986211776733398,0.0,0.0,0.0,4.76837158203125e-07,6.762633120160899e-07,-1.862645149230957e-08,14.427506446838379,14.427509307861328,33.324405670166016,33.324405670166016,0.557930588722229,0.557930588722229,0.4420694410800934,0.4420694410800934,0.0,0.0,0.11410718411207199,0.11410718411207199,4.825621604919434,4.825621604919434,1.7868167161941528,1.7868167161941528,1.1744575500488281,1.1744575500488281,0.0,0.0,-0.0811874270439148,-0.0811874270439148,0.7224792242050171,0.7224792242050171,0.5500251054763794,0.5500251054763794,-0.00813613086938858,-0.00813613086938858,0.33596837520599365,0.33596837520599365,52.6088752746582,52.6088752746582,23.77259063720703,23.77259063720703,38.956451416015625,38.956451416015625,9.402693748474121,9.402693748474121,0.0,0.0,180.0
104,0.43333333333333335,0.34186966000762337,-7.963255035331263,-138.20388560937624,0.34186966000762337,-7.963255035331263,-138.20388560937624,5.0,-5.0,0.0,0.0,15.0,0,0.5,0.0,0.0,3.2,3.2,3.2,7.963255405426025,7.963255882263184,7.963254928588867,7.963254928588867,0.30757272243499756,0.30746200680732727,-7.429779052734375,-7.49291467666626,-0.10569644719362259,-0.10569644719362259,0.0,0.0,nan,nan,18.644290924072266,18.644290924072266,37.28858184814453,0.0,6.426783561706543,0.6856058835983276,0.0,0.0,0.0,0.6856058835983276,0.0,6.426783561706543,0.0,0.0,0.0,-0.9472333788871765,1.622696876525879,6.184109210968018,0.0,0.0,0.0,0.0,6.426783561706543,0.6856058835983276,0.0,0.0,0.0,0.6856058835983276,0.0,6.426783561706543,-0.0,-0.0,-0.0,-0.9472336173057556,-1.6226974725723267,6.184109210968018,0.0,0.0,0.0,4.470348358154297e-08,0.0,0.6000000238418579,-2.2351741790771484e-08,0.05600005388259888,0.5999999642372131,7.450580596923828e-09,-0.0559999942779541,0.6000000238418579,-1.8944669961929321,-5.960464477539062e-07,12.368218421936035,0.0,0.0,0.0,4.76837158203125e-07,7.015123628661968e-07,-3.725290298461914e-09,15.303487777709961,15.303488731384277,35.64192581176758,35.64192581176758,0.5156482458114624,0.5156482458114624,0.4822954833507538,0.4822954833507538,0.002056337660178542,0.002056337660178542,0.17482061684131622,0.17482061684131622,5.283967971801758,5.283967971801758,1.6730680465698242,1.6730680465698242,1.3664886951446533,1.3664886951446533,0.0,0.0,-0.08259645849466324,-0.08259645849466324,0.6856058835983276,0.6856058835983276,0.5500251054763794,0.5500251054763794,0.011278410442173481,0.011278410442173481,0.3483498692512512,0.3483498692512512,56.898929595947266,56.898929595947266,26.291492462158203,26.291492462158203,41.45964431762695,41.45964431762695,8.944040298461914,8.944040298461914,0.0,0.0,180.0
105,0.4375,0.30752924399942205,-8.510502949821898,-124.32146350245392,0.30752924399942205,-8.510502949821898,-124.32146350245392,5.0,-5.0,0.0,0.0,15.0,0,0.5,0.0,0.0,3.2,3.2,3.2,8.51050090789795,8.51050090789795,8.510502815246582,8.510502815246582,0.27250900864601135,0.2723190188407898,-7.351630210876465,-7.441864967346191,-0.112960085272789,-0.112960085272789,0.0,0.0,nan,nan,20.681827545166016,20.681827545166016,41.36365509033203,0.0,6.622849464416504,0.6797236800193787,0.0,0.0,0.0,0.6797236800193787,0.0,6.622849464416504,0.0,0.0,0.0,-1.01589834690094,1.4511958360671997,6.417643070220947,0.0,0.0,0.0,0.0,6.622849464416504,0.6797236800193787,0.0,0.0,0.0,0.6797236800193787,0.0,6.622849464416504,-0.0,-0.0,-0.0,-1.01589834690094,-1.4511969089508057,6.417642593383789,0.0,0.0,0.0,4.470348358154297e-08,0.0,0.6000000238418579,-1.043081283569336e-07,0.05600002408027649,0.5999999642372131,0.0,-0.055999934673309326,0.6000000238418579,-2.03179669380188,-1.0728836059570312e-06,12.835285186767578,0.0,0.0,0.0,6.854534149169922e-07,1.3037465578236151e-06,-6.332993507385254e-08,16.081235885620117,16.081235885620117,37.554847717285156,37.554847717285156,0.4873591661453247,0.4873591661453247,0.49538251757621765,0.49538251757621765,0.017258400097489357,0.017258400097489357,0.21403278410434723,0.21403278410434723,5.733179092407227,5.733179092407227,1.5485601425170898,1.5485601425170898,1.5635099411010742,1.5635099411010742,0.0,0.0,-0.08396197110414505,-0.08396197110414505,0.6797236800193787,0.6797236800193787,0.5500251054763794,0.5500251054763794,0.02980169467628002,0.02980169467628002,0.35931217670440674,0.35931217670440674,60.78380584716797,60.78380584716797,28.57801055908203,28.57801055908203,43.729270935058594,43.729270935058594,8.527864456176758,8.527864456176758,0.0,0.0,180.0
106,0.44166666666666665,0.2710317313040218,-8.998055800907466,-109.5670156539102,0.2710317313040218,-8.998055800907466,-109.5670156539102,5.0,-5.0,0.0,0.0,15.0,0,0.5,0.0,0.0,3.2,3.2,3.2,8.998055458068848,8.998055458068848,8.998055458068848,8.998055458068848,0.23552395403385162,0.23525603115558624,-7.223499298095703,-7.340230464935303,-0.11943138390779495,-0.11943138390779495,0.0,0.0,nan,nan,22.578086853027344,22.578086853027344,45.15617370605469,0.0,6.789646148681641,0.6541298031806946,0.0,0.0,0.0,0.6541298031806946,0.0,6.789646148681641,0.0,0.0,0.0,-1.0956493616104126,1.245023250579834,6.616392612457275,0.0,0.0,0.0,0.0,6.789646148681641,0.6541298031806946,0.0,0.0,0.0,0.6541298031806946,0.0,6.789646148681641,-0.0,-0.0,-0.0,-1.0956496000289917,-1.24502432346344,6.616392135620117,0.0,0.0,0.0,4.470348358154297e-08,0.0,0.6000000238418579,-7.450580596923828e-09,0.05600002408027649,0.6000000238418579,4.470348358154297e-08,-0.0559999942779541,0.6000000238418579,-2.1912989616394043,-1.0728836059570312e-06,13.232784271240234,0.0,0.0,0.0,2.384185791015625e-07,3.450717542818893e-07,-4.470348358154297e-08,16.755664825439453,16.755666732788086,39.11737823486328,39.11737060546875,0.45904016494750977,0.45904016494750977,0.5041139721870422,0.5041139721870422,0.036845918744802475,0.036845918744802475,0.2546203136444092,0.2546203136444092,6.167004108428955,6.167004108428955,1.414288878440857,1.414288878440857,1.760864019393921,1.760864019393921,0.0,0.0,-0.08524999022483826,-0.08524999022483826,0.6541298031806946,0.6541298031806946,0.5500251054763794,0.5500251054763794,0.04731156304478645,0.04731156304478645,0.36878615617752075,0.36878615617752075,64.23880767822266,64.23880767822266,30.617563247680664,30.617563247680664,45.75087356567383,45.75087356567383,8.157086372375488,8.157086372375488,0.0,0.0,180.0
107,0.4458333333333333,0.2326331257495541,-9.42249375564384,-94.04403391434641,0.2326331257495541,-9.42249375564384,-94.04403391434641,5.0,-5.0,0.0,0.0,15.0,0,0.5,0.0,0.0,3.2,3.2,3.2,9.422493934631348,9.422493934631348,9.422493934631348,9.422493934631348,0.19685250520706177,0.19650885462760925,-7.050210952758789,-7.19273042678833,-0.12506495416164398,-0.12506495416164398,0.0,0.0,nan,nan,24.42749786376953,24.42749786376953,48.85499572753906,0.0,6.962028980255127,0.6466535925865173,0.0,0.0,0.0,0.6466535925865173,0.0,6.962028980255127,0.0,0.0,0.0,-1.158109426498413,1.0129553079605103,6.8206095695495605,0.0,0.0,0.0,0.0,6.962028980255127,0.6466535925865173,0.0,0.0,0.0,0.6466535925865173,0.0,6.962028980255127,-0.0,-0.0,-0.0,-1.158109188079834,-1.012956976890564,6.8206095695495605,0.0,0.0,0.0,4.470348358154297e-08,0.0,0.6000000238418579,0.0,0.0559999942779541,0.5999999642372131,2.2351741790771484e-08,-0.055999964475631714,0.6000000238418579,-2.316218614578247,-1.6689300537109375e-06,13.641219139099121,0.0,0.0,0.0,2.682209014892578e-07,5.263862021820387e-07,2.9802322387695312e-08,17.327505111694336,17.327505111694336,40.3770637512207,40.3770637512207,0.44487857818603516,0.44487857818603516,0.5019837021827698,0.5019837021827698,0.05313779413700104,0.05313779413700104,0.28221216797828674,0.28221216797828674,6.579092502593994,6.579092502593994,1.2712492942810059,1.2712492942810059,1.9535307884216309,1.9535307884216309,0.0,0.0,-0.08642737567424774,-0.08642737567424774,0.6466535925865173,0.6466535925865173,0.5500251054763794,0.5500251054763794,0.06369496881961823,0.06369496881961823,0.3767150342464447,0.3767150342464447,67.24253845214844,67.24253845214844,32.39746856689453,32.39746856689453,47.51189422607422,47.51189422607422,7.834306240081787,7.834306240081787,0.0,0.0,180.0
108,0.45,0.19260276596462353,-9.780839686736796,-77.86140084741865,0.19260276596462353,-9.780839686736796,-77.86140084741865,5.0,-5.0,0.0,0.0,15.0,0,0.5,0.0,0.0,3.2,3.2,3.2,9.780839920043945,9.780839920043945,9.780839920043945,9.780839920043945,0.15679268538951874,0.15637581050395966,-6.828676700592041,-6.996007442474365,-0.1298212856054306,-0.1298212856054306,0.0,0.0,nan,nan,26.036739349365234,26.036739349365234,52.07347869873047,0.0,7.099071502685547,0.6268520951271057,0.0,0.0,0.0,0.6268520951271057,0.0,7.099071502685547,0.0,0.0,0.0,-1.2215698957443237,0.7509896755218506,6.9809417724609375,0.0,0.0,0.0,0.0,7.099071502685547,0.6268520951271057,0.0,0.0,0.0,0.6268520951271057,0.0,7.099071502685547,-0.0,-0.0,-0.0,-1.221569538116455,-0.7509912252426147,6.980940818786621,0.0,0.0,0.0,4.470348358154297e-08,0.0,0.6000000238418579,0.0,0.05600005388259888,0.5999999642372131,0.0,-0.055999934673309326,0.5999999642372131,-2.4431395530700684,-1.5497207641601562e-06,13.961882591247559,0.0,0.0,0.0,8.940696716308594e-07,7.697672117501497e-07,1.7136335372924805e-07,17.80103874206543,17.801040649414062,41.37376022338867,41.37376022338867,0.43071863055229187,0.43071863055229187,0.4976421892642975,0.4976421892642975,0.07163921743631363,0.07163921743631363,0.31009846925735474,0.31009846925735474,6.963192939758301,6.963192939758301,1.1204257011413574,1.1204257011413574,2.1363277435302734,2.1363277435302734,0.0,0.0,-0.08746291697025299,-0.08746291697025299,0.6268520951271057,0.6268520951271057,0.5500251054763794,0.5500251054763794,0.07884810864925385,0.07884810864925385,0.38305437564849854,0.38305437564849854,69.77674102783203,69.77674102783203,33.906883239746094,33.906883239746094,49.001617431640625,49.001617431640625,7.561788558959961,7.561788558959961,0.0,0.0,180.0
109,0.45416666666666666,0.15122143616134745,-10.070580054950911,-61.13262599688554,0.15122143616134745,-10.070580054950911,-61.13262599688554,5.0,-5.0,0.0,0.0,15.0,0,0.5,0.0,0.0,3.2,3.2,3.2,10.070577621459961,10.070579528808594,10.070581436157227,10.070581436157227,0.1156020238995552,0.11511499434709549,-6.564230918884277,-6.7553019523620605,-0.1336670219898224,-0.1336670219898224,0.0,0.0,nan,nan,27.48976707458496,27.48976707458496,54.97953414916992,0.0,7.234575271606445,0.633175253868103,0.0,0.0,0.0,0.633175253868103,0.0,7.234575271606445,0.0,0.0,0.0,-1.2569366693496704,0.4670567512512207,7.137363910675049,0.0,0.0,0.0,0.0,7.234575271606445,0.633175253868103,0.0,0.0,0.0,0.633175253868103,0.0,7.234575271606445,-0.0,-0.0,-0.0,-1.256937026977539,-0.4670582711696625,7.137363433837891,0.0,0.0,0.0,4.470348358154297e-08,0.0,0.6000000238418579,-8.195638656616211e-08,0.0559999942779541,0.5999999642372131,-2.9802322387695312e-08,-0.055999964475631714,0.6000000238418579,-2.51387357711792,-1.519918441772461e-06,14.274726867675781,0.0,0.0,0.0,2.682209014892578e-07,1.510711854280089e-06,-7.450580596923828e-09,18.182992935180664,18.182992935180664,42.13975524902344,42.13975143432617,0.43071863055229187,0.43071863055229187,0.4772278070449829,0.4772278070449829,0.0920536071062088,0.0920536071062088,0.32412275671958923,0.32412275671958923,7.313354015350342,7.313354015350342,0.9627858996391296,0.9627858996391296,2.3041324615478516,2.3041324615478516,0.0,0.0,-0.08832844346761703,-0.08832844346761703,0.633175253868103,0.633175253868103,0.5500251054763794,0.5500251054763794,0.09267662465572357,0.09267662465572357,0.3877716362476349,0.3877716362476349,71.82636260986328,71.82636260986328,35.136810302734375,35.136810302734375,50.21118927001953,50.21118927001953,7.341444492340088,7.341444492340088,0.0,0.0,180.0
110,0.4583333333333333,0.10877939663585247,-10.289682539781328,-43.97504969871583,0.10877939663585247,-10.289682539781328,-43.97504969871583,5.0,-5.0,0.0,0.0,15.0,0,0.5,0.0,0.0,3.2,3.2,3.2,10.289684295654297,10.289681434631348,10.289682388305664,10.289682388305664,0.07357119768857956,0.07301768660545349,-6.2584333419799805,-6.471996784210205,-0.13657516241073608,-0.13657516241073608,0.0,0.0,nan,nan,28.733678817749023,28.733678817749023,57.46735763549805,0.0,7.364840507507324,0.6703808307647705,0.0,0.0,0.0,0.6703808307647705,0.0,7.364840507507324,0.0,0.0,0.0,-1.2581522464752197,0.16320762038230896,7.285650253295898,0.0,0.0,0.0,0.0,7.364840507507324,0.6703808307647705,0.0,0.0,0.0,0.6703808307647705,0.0,7.364840507507324,-0.0,-0.0,-0.0,-1.2581523656845093,-0.16320912539958954,7.285650253295898,0.0,0.0,0.0,4.470348358154297e-08,0.0,0.6000000238418579,-8.940696716308594e-08,0.05600005388259888,0.5999999642372131,1.4901161193847656e-08,-0.055999964475631714,0.6000000238418579,-2.5163044929504395,-1.5050172805786133e-06,14.571300506591797,0.0,0.0,0.0,6.556510925292969e-07,1.2692028121819021e-06,8.940696716308594e-08,18.48268699645996,18.482683181762695,42.7000846862793,42.7000846862793,0.4165618121623993,0.4165618121623993,0.48054662346839905,0.48054662346839905,0.10289160162210464,0.10289160162210464,0.32412275671958923,0.32412275671958923,7.6241068840026855,7.6241068840026855,0.79928058385849,0.79928058385849,2.452101707458496,2.452101707458496,0.0,0.0,-0.08899996429681778,-0.08899996429681778,0.6703808307647705,0.6703808307647705,0.5500251054763794,0.5500251054763794,0.1050952821969986,0.1050952821969986,0.39084550738334656,0.39084550738334656,73.3794174194336,73.3794174194336,36.08003616333008,36.08003616333008,51.133541107177734,51.133541107177734,7.1748199462890625,7.1748199462890625,0.0,0.0,180.0
111,0.46249999999999997,0.06557434780084473,-10.436610294721888,-26.509020022938884,0.06557434780084473,-10.436610294721888,-26.509020022938884,5.0,-5.0,0.0,0.0,15.0,0,0.5,0.0,0.0,3.2,3.2,3.2,10.436610221862793,10.436606407165527,10.43661117553711,10.43661117553711,0.031047694385051727,0.030431412160396576,-5.904993534088135,-6.139476776123047,-0.1385253518819809,-0.1385253518819809,0.0,0.0,nan,nan,29.45063018798828,29.45063018798828,58.90126037597656,0.0,7.411028861999512,0.6612308025360107,0.0,0.0,0.0,0.6612308025360107,0.0,7.411028861999512,0.0,0.0,0.0,-1.2789883613586426,-0.15593650937080383,7.328059196472168,0.0,0.0,0.0,0.0,7.411028861999512,0.6612308025360107,0.0,0.0,0.0,0.6612308025360107,0.0,7.411028861999512,-0.0,-0.0,-0.0,-1.2789881229400635,0.15593492984771729,7.328059196472168,0.0,0.0,0.0,4.470348358154297e-08,0.0,0.6000000238418579,5.960464477539063e-08,0.05600002408027649,0.6000000238418579,-1.2665987014770508e-07,-0.055999934673309326,0.6000000238418579,-2.557976484298706,-1.5795230865478516e-06,14.656118392944336,0.0,0.0,0.0,6.556510925292969e-07,1.146564272858086e-06,9.685754776000977e-08,18.71785545349121,18.717857360839844,43.07316207885742,43.07316589355469,0.4165618121623993,0.4165618121623993,0.4693310558795929,0.4693310558795929,0.11410718411207199,0.11410718411207199,0.3381875455379486,0.3381875455379486,7.890633583068848,7.890633583068848,0.6308459043502808,0.6308459043502808,2.575890302658081,2.575890302658081,0.0,0.0,-0.08945859223604202,-0.08945859223604202,0.6612308025360107,0.6612308025360107,0.5500251054763794,0.5500251054763794,0.11602812260389328,0.11602812260389328,0.39226555824279785,0.39226555824279785,74.4269790649414,74.4269790649414,36.731136322021484,36.731136322021484,51.763389587402344,51.763389587402344,7.063082695007324,7.063082695007324,0.0,0.0,180.0
112,0.4666666666666667,0.021909342031117003,-10.510332727139126,-8.85704861840525,0.021909342031117003,-10.510332727139126,-8.85704861840525,5.0,-5.0,0.0,0.0,15.0,0,0.5,0.0,0.0,3.2,3.2,3.2,10.510333061218262,10.510333061218262,10.510334014892578,10.510334014892578,-0.011719844304025173,-0.012394363060593605,-5.514342784881592,-5.768181324005127,-0.1395038664340973,-0.1395038664340973,0.0,0.0,nan,nan,29.88248062133789,29.88248062133789,59.76496124267578,0.0,7.446191787719727,0.6856005787849426,0.0,0.0,0.0,0.6856005787849426,0.0,7.446191787719727,0.0,0.0,0.0,-1.2609410285949707,-0.481493204832077,7.354863166809082,0.0,0.0,0.0,0.0,7.446191787719727,0.6856005787849426,0.0,0.0,0.0,0.6856005787849426,0.0,7.446191787719727,-0.0,-0.0,-0.0,-1.2609413862228394,0.4814916253089905,7.354863166809082,0.0,0.0,0.0,4.470348358154297e-08,0.0,0.6000000238418579,-5.960464477539063e-08,0.05600005388259888,0.5999999642372131,1.1175870895385742e-07,-0.055999964475631714,0.6000000238418579,-2.5218825340270996,-1.5795230865478516e-06,14.709726333618164,0.0,0.0,0.0,6.258487701416016e-07,3.491479674266884e-07,1.7136335372924805e-07,18.892709732055664,18.89270782470703,43.27115249633789,43.27115249633789,0.4024088680744171,0.4024088680744171,0.4834839999675751,0.4834839999675751,0.11410718411207199,0.11410718411207199,0.3381875455379486,0.3381875455379486,8.108901023864746,8.108901023864746,0.4584101438522339,0.4584101438522339,2.671840190887451,2.671840190887451,0.0,0.0,-0.08969122171401978,-0.08969122171401978,0.6856005787849426,0.6856005787849426,0.5500251054763794,0.5500251054763794,0.12540800869464874,0.12540800869464874,0.39203134179115295,0.39203134179115295,74.96306610107422,74.96306610107422,37.086395263671875,37.086395263671875,52.09716796875,52.09716796875,7.007017612457275,7.007017612457275,0.0,0.0,180.0
113,0.4708333333333333,-0.021909342031116618,-10.510332727139126,8.857048618405095,-0.021909342031116618,-10.510332727139126,8.857048618405095,5.0,-5.0,0.0,0.0,15.0,0,0.5,0.0,0.0,3.2,3.2,3.2,10.510333061218262,10.510333061218262,10.510334014892578,10.510334014892578,-0.05440491810441017,-0.05513295158743858,-5.084970951080322,-5.356385231018066,-0.1395038664340973,-0.1395038664340973,0.0,0.0,nan,nan,29.874126434326172,29.874126434326172,59.748252868652344,0.0,7.4308624267578125,0.7038624286651611,0.0,0.0,0.0,0.7038624286651611,0.0,7.4308624267578125,0.0,0.0,0.0,-1.2320528030395508,-0.8048616051673889,7.317607402801514,0.0,0.0,0.0,0.0,7.4308624267578125,0.7038624286651611,0.0,0.0,0.0,0.7038624286651611,0.0,7.4308624267578125,-0.0,-0.0,-0.0,-1.2320526838302612,0.8048602342605591,7.317607879638672,0.0,0.0,0.0,4.470348358154297e-08,0.0,0.6000000238418579,-2.9802322387695312e-08,0.05600005388259888,0.5999999642372131,7.450580596923828e-08,-0.055999964475631714,0.6000000238418579,-2.4641056060791016,-1.3709068298339844e-06,14.635215759277344,0.0,0.0,0.0,5.960464477539062e-07,4.005585765298747e-07,1.9371509552001953e-07,18.991512298583984,18.991512298583984,43.30036544799805,43.30036544799805,0.4024088680744171,0.4024088680744171,0.4834839999675751,0.4834839999675751,0.11410718411207199,0.11410718411207199,0.3381875455379486,0.3381875455379486,8.275781631469727,8.275781631469727,0.282903254032135,0.282903254032135,2.7371444702148438,2.7371444702148438,0.0,0.0,-0.08969122171401978,-0.08969122171401978,0.7038624286651611,0.7038624286651611,0.5500251054763794,0.5500251054763794,0.13317660987377167,0.13317660987377167,0.39015206694602966,0.39015206694602966,74.984619140625,74.984619140625,37.14377975463867,37.14377975463867,52.13300323486328,52.13300323486328,7.007017612457275,7.007017612457275,0.0,0.0,180.0
114,0.475,-0.06557434780084342,-10.436610294721891,26.50902002293836,-0.06557434780084342,-10.436610294721891,26.50902002293836,5.0,-5.0,0.0,0.0,15.0,0,0.5,0.0,0.0,3.2,3.2,3.2,10.43661117553711,10.43660831451416,10.436610221862793,10.436610221862793,-0.0967075526714325,-0.09748401492834091,-4.619799613952637,-4.906888961791992,-0.1385253518819809,-0.1385253518819809,0.0,0.0,nan,nan,29.422447204589844,29.422447204589844,58.84489440917969,0.0,7.364306449890137,0.7156174778938293,0.0,0.0,0.0,0.7156174778938293,0.0,7.364306449890137,0.0,0.0,0.0,-1.192755937576294,-1.1164649724960327,7.216367721557617,0.0,0.0,0.0,0.0,7.364306449890137,0.7156174778938293,0.0,0.0,0.0,0.7156174778938293,0.0,7.364306449890137,-0.0,-0.0,-0.0,-1.1927554607391357,1.1164631843566895,7.216367721557617,0.0,0.0,0.0,4.470348358154297e-08,0.0,0.6000000238418579,-1.4901161193847656e-08,0.05600005388259888,0.6000000238418579,-5.960464477539063e-08,-0.055999964475631714,0.5999999642372131,-2.3855113983154297,-1.7881393432617188e-06,14.432735443115234,0.0,0.0,0.0,7.152557373046875e-07,1.2539485396700911e-06,8.195638656616211e-08,19.008596420288086,19.008596420288086,43.16147232055664,43.16147994995117,0.4024088680744171,0.4024088680744171,0.4834839999675751,0.4834839999675751,0.11410718411207199,0.11410718411207199,0.3381875455379486,0.3381875455379486,8.389135360717773,8.389135360717773,0.1052677258849144,0.1052677258849144,2.7699661254882812,2.7699661254882812,0.0,0.0,-0.08945859223604202,-0.08945859223604202,0.7156174778938293,0.7156174778938293,0.5500251054763794,0.5500251054763794,0.1392844319343567,0.1392844319343567,0.3866458833217621,0.3866458833217621,74.49149322509766,74.49149322509766,36.902950286865234,36.902950286865234,51.870697021484375,51.870697021484375,7.063082695007324,7.063082695007324,0.0,0.0,180.0
115,0.4791666666666667,-0.1087793966358521,-10.28968253978133,43.97504969871568,-0.1087793966358521,-10.28968253978133,43.97504969871568,5.0,-5.0,0.0,0.0,15.0,0,0.5,0.0,0.0,3.2,3.2,3.2,10.289682388305664,10.289680480957031,10.289682388305664,10.289682388305664,-0.13835568726062775,-0.1391749083995819,-4.126043319702148,-4.426860809326172,-0.13657516241073608,-0.13657516241073608,0.0,0.0,nan,nan,28.66358184814453,28.66358184814453,57.32716369628906,0.0,7.283415794372559,0.7652413249015808,0.0,0.0,0.0,0.7652413249015808,0.0,7.283415794372559,0.0,0.0,0.0,-1.11004638671875,-1.4141161441802979,7.099423408508301,0.0,0.0,0.0,0.0,7.283415794372559,0.7652413249015808,0.0,0.0,0.0,0.7652413249015808,0.0,7.283415794372559,-0.0,-0.0,-0.0,-1.110046148300171,1.4141144752502441,7.099423885345459,0.0,0.0,0.0,4.470348358154297e-08,0.0,0.6000000238418579,0.0,0.05600005388259888,0.6000000238418579,-7.450580596923828e-08,-0.05599990487098694,0.5999999642372131,-2.220092535018921,-1.6689300537109375e-06,14.198846817016602,0.0,0.0,0.0,1.1324882507324219e-06,1.2298501133045647e-06,7.450580596923828e-08,18.93906593322754,18.939062118530273,42.849517822265625,42.84952163696289,0.4024088680744171,0.4024088680744171,0.4946995675563812,0.4946995675563812,0.10289160162210464,0.10289160162210464,0.32412275671958923,0.32412275671958923,8.447860717773438,8.447860717773438,-0.07353001832962036,-0.07353001832962036,2.769516944885254,2.769516944885254,0.0,0.0,-0.08899996429681778,-0.08899996429681778,0.7652413249015808,0.7652413249015808,0.5500251054763794,0.5500251054763794,0.14369076490402222,0.14369076490402222,0.38153937458992004,0.38153937458992004,73.4864273071289,73.4864273071289,36.36524963378906,36.36524963378906,51.311744689941406,51.311744689941406,7.1748199462890625,7.1748199462890625,0.0,0.0,180.0
116,0.48333333333333334,-0.15122143616134712,-10.070580054950913,61.132625996885395,-0.15122143616134712,-10.070580054950913,61.132625996885395,5.0,-5.0,0.0,0.0,15.0,0,0.5,0.0,0.0,3.2,3.2,3.2,10.070579528808594,10.070577621459961,10.07058048248291,10.07058048248291,-0.179032102227211,-0.17988836765289307,-3.6031477451324463,-3.915581226348877,-0.1336670219898224,-0.1336670219898224,0.0,0.0,nan,nan,27.493125915527344,27.493125915527344,54.98625183105469,0.0,7.1518144607543945,0.8090202808380127,0.0,0.0,0.0,0.8090202808380127,0.0,7.1518144607543945,0.0,0.0,0.0,-1.0174626111984253,-1.6849843263626099,6.923045635223389,0.0,0.0,0.0,0.0,7.1518144607543945,0.8090202808380127,0.0,0.0,0.0,0.8090202808380127,0.0,7.1518144607543945,-0.0,-0.0,-0.0,-1.0174624919891357,1.6849826574325562,6.923046112060547,0.0,0.0,0.0,4.470348358154297e-08,0.0,0.6000000238418579,-8.940696716308594e-08,0.0559999942779541,0.6000000238418579,-8.940696716308594e-08,-0.05599987506866455,0.5999999642372131,-2.0349249839782715,-1.6689300537109375e-06,13.846092224121094,0.0,0.0,0.0,8.940696716308594e-07,1.9175511170033133e-06,1.30385160446167e-07,18.77811050415039,18.778108596801758,42.35380172729492,42.35380935668945,0.4165618121623993,0.4165618121623993,0.4913846552371979,0.4913846552371979,0.0920536071062088,0.0920536071062088,0.31009846925735474,0.31009846925735474,8.451915740966797,8.451915740966797,-0.25248903036117554,-0.25248903036117554,2.7360782623291016,2.7360782623291016,0.0,0.0,-0.08832844346761703,-0.08832844346761703,0.8090202808380127,0.8090202808380127,0.5500251054763794,0.5500251054763794,0.14636383950710297,0.14636383950710297,0.37486761808395386,0.37486761808395386,71.97512817382812,71.97512817382812,35.533714294433594,35.533714294433594,50.45933532714844,50.45933532714844,7.341444492340088,7.341444492340088,0.0,0.0,180.0
117,0.4875,-0.19260276596462314,-9.780839686736797,77.8614008474185,-0.19260276596462314,-9.780839686736797,77.8614008474185,5.0,-5.0,0.0,0.0,15.0,0,0.5,0.0,0.0,3.2,3.2,3.2,9.780838966369629,9.780838012695312,9.780839920043945,9.780839920043945,-0.21845214068889618,-0.2193394899368286,-3.054877996444702,-3.3767385482788086,-0.1298212856054306,-0.1298212856054306,0.0,0.0,nan,nan,25.950607299804688,25.950607299804688,51.901214599609375,0.0,6.97137451171875,0.8454031944274902,0.0,0.0,0.0,0.8454031944274902,0.0,6.97137451171875,0.0,0.0,0.0,-0.9178453087806702,-1.9213507175445557,6.6918416023254395,0.0,0.0,0.0,0.0,6.97137451171875,0.8454031944274902,0.0,0.0,0.0,0.8454031944274902,0.0,6.97137451171875,-0.0,-0.0,-0.0,-0.9178454875946045,1.921349048614502,6.691842079162598,0.0,0.0,0.0,4.470348358154297e-08,0.0,0.6000000238418579,-4.470348358154297e-08,0.05600002408027649,0.5999999642372131,-5.960464477539063e-08,-0.055999934673309326,0.5999999642372131,-1.8356907367706299,-1.6689300537109375e-06,13.383684158325195,0.0,0.0,0.0,5.662441253662109e-07,1.4057266071176855e-06,4.0978193283081055e-08,18.520797729492188,18.520795822143555,41.657588958740234,41.6575813293457,0.4165618121623993,0.4165618121623993,0.5018131136894226,0.5018131136894226,0.08162510395050049,0.08162510395050049,0.296124666929245,0.296124666929245,8.402297019958496,8.402297019958496,-0.4305647313594818,-0.4305647313594818,2.67097806930542,2.67097806930542,0.0,0.0,-0.08746291697025299,-0.08746291697025299,0.8454031944274902,0.8454031944274902,0.5500251054763794,0.5500251054763794,0.14728103578090668,0.14728103578090668,0.36667361855506897,0.36667361855506897,69.96620178222656,69.96620178222656,34.4130744934082,34.4130744934082,49.31834030151367,49.31834030151367,7.561788558959961,7.561788558959961,0.0,0.0,180.0
118,0.49166666666666664,-0.23263312574955378,-9.422493755643844,94.04403391434629,-0.23263312574955378,-9.422493755643844,94.04403391434629,5.0,-5.0,0.0,0.0,15.0,0,0.5,0.0,0.0,3.2,3.2,3.2,9.422493934631348,9.422493934631348,9.422493934631348,9.422493934631348,-0.25634029507637024,-0.25725245475769043,-2.4852473735809326,-2.814276933670044,-0.12506495416164398,-0.12506495416164398,0.0,0.0,nan,nan,24.088478088378906,24.088478088378906,48.17695617675781,0.0,6.744940280914307,0.8729788661003113,0.0,0.0,0.0,0.8729788661003113,0.0,6.744940280914307,0.0,0.0,0.0,-0.8142746686935425,-2.116929292678833,6.4118547439575195,0.0,0.0,0.0,0.0,6.744940280914307,0.8729788661003113,0.0,0.0,0.0,0.8729788661003113,0.0,6.744940280914307,-0.0,-0.0,-0.0,-0.8142748475074768,2.1169278621673584,6.4118547439575195,0.0,0.0,0.0,4.470348358154297e-08,0.0,0.6000000238418579,-7.450580596923828e-08,0.05600002408027649,0.6000000238418579,0.0,-0.0559999942779541,0.5999999642372131,-1.628549575805664,-1.430511474609375e-06,12.823709487915039,0.0,0.0,0.0,2.980232238769531e-07,1.0995195225405041e-06,1.7508864402770996e-07,18.162250518798828,18.162248611450195,40.737701416015625,40.73769760131836,0.43071863055229187,0.43071863055229187,0.5071501731872559,0.5071501731872559,0.06213124841451645,0.06213124841451645,0.28221216797828674,0.28221216797828674,8.30100154876709,8.30100154876709,-0.6066631078720093,-0.6066631078720093,2.57651948928833,2.57651948928833,0.0,0.0,-0.08642737567424774,-0.08642737567424774,0.8729788661003113,0.8729788661003113,0.5500251054763794,0.5500251054763794,0.14642952382564545,0.14642952382564545,0.35700827836990356,0.35700827836990356,67.47138214111328,67.47138214111328,33.00986099243164,33.00986099243164,47.89543914794922,47.89543914794922,7.834306240081787,7.834306240081787,0.0,0.0,180.0
119,0.49583333333333335,-0.2710317313040215,-8.998055800907471,109.56701565391006,-0.2710317313040215,-8.998055800907471,109.56701565391006,5.0,-5.0,0.0,0.0,15.0,0,0.5,0.0,0.0,3.2,3.2,3.2,8.998056411743164,8.998054504394531,8.998054504394531,8.998054504394531,-0.29245525598526,-0.29338565468788147,-1.9021713733673096,-2.2361412048339844,-0.11943138390779495,-0.11943138390779495,0.0,0.0,nan,nan,22.07583999633789,22.07583999633789,44.15167999267578,0.0,6.510332107543945,0.9383443593978882,0.0,0.0,0.0,0.9383443593978882,0.0,6.510332107543945,0.0,0.0,0.0,-0.6720023155212402,-2.2790896892547607,6.133439064025879,0.0,0.0,0.0,0.0,6.510332107543945,0.9383443593978882,0.0,0.0,0.0,0.9383443593978882,0.0,6.510332107543945,-0.0,-0.0,-0.0,-0.6720024347305298,2.2790889739990234,6.133439540863037,0.0,0.0,0.0,4.470348358154297e-08,0.0,0.6000000238418579,1.4901161193847656e-08,0.05600005388259888,0.6000000238418579,1.4901161193847656e-08,-0.055999934673309326,0.6000000238418579,-1.34400475025177,-7.152557373046875e-07,12.266878128051758,0.0,0.0,0.0,7.152557373046875e-07,3.6558145666276687e-07,7.450580596923828e-08,17.698131561279297,17.698129653930664,39.564151763916016,39.564144134521484,0.44487857818603516,0.44487857818603516,0.5104252099990845,0.5104252099990845,0.04469626769423485,0.04469626769423485,0.2546203136444092,0.2546203136444092,8.15093994140625,8.15093994140625,-0.7796391248703003,-0.7796391248703003,2.455862283706665,2.455862283706665,0.0,0.0,-0.08524999022483826,-0.08524999022483826,0.9383443593978882,0.9383443593978882,0.5500251054763794,0.5500251054763794,0.14380641281604767,0.14380641281604767,0.34593066573143005,0.34593066573143005,64.50542449951172,64.50542449951172,31.33234214782715,31.33234214782715,46.19903564453125,46.19903564453125,8.157086372375488,8.157086372375488,0.0,0.0,180.0
120,0.5,-0.3075292439994218,-8.510502949821904,124.32146350245381,-0.3075292439994218,-8.510502949821904,124.32146350245381,5.0,-5.0,0.0,0.0,15.0,0,0.5,0.0,0.0,3.2,3.2,3.2,8.510499954223633,8.510503768920898,8.510502815246582,8.510502815246582,-0.3265213370323181,-0.32746338844299316,-1.3061444759368896,-1.6427136659622192,-0.112960085272789,-0.112960085272789,0.0,0.0,nan,nan,19.864784240722656,19.864784240722656,39.72956848144531,0.0,6.236120700836182,0.9913933873176575,0.0,0.0,0.0,0.9913933873176575,0.0,6.236120700836182,0.0,0.0,0.0,-0.5326560139656067,-2.3947958946228027,5.818358421325684,0.0,0.0,0.0,0.0,6.236120700836182,0.9913933873176575,0.0,0.0,0.0,0.9913933873176575,0.0,6.236120700836182,-0.0,-0.0,-0.0,-0.532656729221344,2.3947951793670654,5.818358421325684,0.0,0.0,0.0,4.470348358154297e-08,0.0,0.6000000238418579,-4.470348358154297e-08,0.0559999942779541,0.6000000238418579,-2.9802322387695312e-08,-0.055999934673309326,0.5999999642372131,-1.0653127431869507,-7.152557373046875e-07,11.636716842651367,0.0,0.0,0.0,5.066394805908203e-07,9.854520612861961e-07,2.60770320892334e-08,17.125476837158203,17.125471115112305,38.099796295166016,38.099796295166016,0.45904016494750977,0.45904016494750977,0.5178752541542053,0.5178752541542053,0.023084618151187897,0.023084618151187897,0.2274339199066162,0.2274339199066162,7.955837249755859,7.955837249755859,-0.948298454284668,-0.948298454284668,2.3128695487976074,2.3128695487976074,0.0,0.0,-0.08396197110414505,-0.08396197110414505,0.9913933873176575,0.9913933873176575,0.5500251054763794,0.5500251054763794,0.13941964507102966,0.13941964507102966,0.3335079848766327,0.3335079848766327,61.08632278442383,61.08632278442383,29.390655517578125,29.390655517578125,44.23939514160156,44.23939514160156,8.527864456176758,8.527864456176758,0.0,0.0,180.0
121,0.5041666666666667,-0.3418696600076231,-7.963255035331269,138.20388560937613,-0.3418696600076231,-7.963255035331269,138.20388560937613,5.0,-5.0,0.0,0.0,15.0,0,0.5,0.0,0.0,3.2,3.2,3.2,7.963255405426025,7.963254928588867,7.963255405426025,7.963255405426025,-0.35830140113830566,-0.3592485785484314,-0.7016515135765076,-1.0384833812713623,-0.10569644719362259,-0.10569644719362259,0.0,0.0,nan,nan,17.527917861938477,17.527917861938477,35.05583572387695,0.0,5.927194595336914,1.0289912223815918,0.0,0.0,0.0,1.0289912223815918,0.0,5.927194595336914,0.0,0.0,0.0,-0.40145277976989746,-2.462719678878784,5.473966598510742,0.0,0.0,0.0,0.0,5.927194595336914,1.0289912223815918,0.0,0.0,0.0,1.0289912223815918,0.0,5.927194595336914,-0.0,-0.0,-0.0,-0.4014529287815094,2.4627180099487305,5.4739670753479,0.0,0.0,0.0,4.470348358154297e-08,0.0,0.6000000238418579,-4.470348358154297e-08,0.05600005388259888,0.6000000238418579,0.0,-0.055999964475631714,0.5999999642372131,-0.8029056787490845,-1.6689300537109375e-06,10.947933197021484,0.0,0.0,0.0,6.258487701416016e-07,7.580446208521607e-07,1.3783574104309082e-07,16.44404411315918,16.444042205810547,36.300392150878906,36.300392150878906,0.4873591661453247,0.4873591661453247,0.508094847202301,0.508094847202301,0.004546067211776972,0.004546067211776972,0.20078371465206146,0.20078371465206146,7.720090389251709,7.720090389251709,-1.1114047765731812,-1.1114047765731812,2.151923179626465,2.151923179626465,0.0,0.0,-0.08259645849466324,-0.08259645849466324,1.0289912223815918,1.0289912223815918,0.5500251054763794,0.5500251054763794,0.1332883983850479,0.1332883983850479,0.3198157250881195,0.3198157250881195,57.23523712158203,57.23523712158203,27.196788787841797,27.196788787841797,42.02863693237305,42.02863693237305,8.944040298461914,8.944040298461914,0.0,0.0,180.0
122,0.5083333333333333,-0.37381210598388265,-7.360150608358634,151.11690675810345,-0.37381210598388265,-7.360150608358634,151.11690675810345,5.0,-5.0,0.0,0.0,15.0,0,0.5,0.0,0.0,3.2,3.2,3.2,7.360150337219238,7.360151290893555,7.3601508140563965,7.3601508140563965,-0.387596070766449,-0.38854140043258667,-0.09669208526611328,-0.4315067529678345,-0.09769143164157867,-0.09769143164157867,0.0,0.0,nan,nan,15.230308532714844,15.230308532714844,30.460617065429688,0.0,5.620377063751221,1.0939877033233643,0.0,0.0,0.0,1.0939877033233643,0.0,5.620377063751221,0.0,0.0,0.0,-0.2464625984430313,-2.4973156452178955,5.146661281585693,0.0,0.0,0.0,0.0,5.620377063751221,1.0939877033233643,0.0,0.0,0.0,1.0939877033233643,0.0,5.620377063751221,-0.0,-0.0,-0.0,-0.24646247923374176,2.497314691543579,5.146661758422852,0.0,0.0,0.0,4.470348358154297e-08,0.0,0.6000000238418579,-8.940696716308594e-08,0.05600002408027649,0.6000000238418579,2.9802322387695312e-08,-0.055999964475631714,0.5999999642372131,-0.49292507767677307,-9.5367431640625e-07,10.293323516845703,0.0,0.0,0.0,4.470348358154297e-07,7.816025799911586e-07,3.1944364309310913e-07,15.658474922180176,15.658474922180176,34.11574172973633,34.11574172973633,0.5156482458114624,0.5156482458114624,0.48435184359550476,0.48435184359550476,0.0,0.0,0.1621500849723816,0.1621500849723816,7.448616981506348,7.448616981506348,-1.2676914930343628,-1.2676914930343628,1.977723240852356,1.977723240852356,0.0,0.0,-0.0811874270439148,-0.0811874270439148,1.0939877033233643,1.0939877033233643,0.5500251054763794,0.5500251054763794,0.12544368207454681,0.12544368207454681,0.3049379885196686,0.3049379885196686,52.97660446166992,52.97660446166992,24.764602661132812,24.764602661132812,39.58074188232422,39.58074188232422,9.402693748474121,9.402693748474121,0.0,0.0,180.0
123,0.5125,-0.4031325286202923,-6.7054200131292925,162.96995138327011,-0.4031325286202923,-6.7054200131292925,162.96995138327011,5.0,-5.0,0.0,0.0,15.0,0,0.5,0.0,0.0,3.2,3.2,3.2,6.705418586730957,6.705418109893799,6.70542049407959,6.70542049407959,-0.41417956352233887,-0.41511639952659607,0.5077365040779114,0.17726129293441772,-0.08900117874145508,-0.08900117874145508,0.0,0.0,nan,nan,12.940351486206055,12.940351486206055,25.88070297241211,0.0,5.288064956665039,1.1325910091400146,0.0,0.0,0.0,1.1325910091400146,0.0,5.288064956665039,0.0,0.0,0.0,-0.11376692354679108,-2.4875328540802,4.800586223602295,0.0,0.0,0.0,0.0,5.288064956665039,1.1325910091400146,0.0,0.0,0.0,1.1325910091400146,0.0,5.288064956665039,-0.0,-0.0,-0.0,-0.11376704275608063,2.487531900405884,4.800586700439453,0.0,0.0,0.0,4.470348358154297e-08,0.0,0.6000000238418579,-8.940696716308594e-08,0.05600002408027649,0.6000000238418579,-2.9802322387695312e-08,-0.055999934673309326,0.5999999642372131,-0.2275339663028717,-9.5367431640625e-07,9.601173400878906,0.0,0.0,0.0,5.662441253662109e-07,1.008261392598797e-06,1.51805579662323e-07,14.781632423400879,14.781632423400879,31.4927978515625,31.4927978515625,0.557930588722229,0.557930588722229,0.4420694410800934,0.4420694410800934,0.0,0.0,0.12566909193992615,0.12566909193992615,7.146681785583496,7.146681785583496,-1.4158787727355957,-1.4158787727355957,1.795081615447998,1.795081615447998,0.0,0.0,-0.0797685831785202,-0.0797685831785202,1.1325910091400146,1.1325910091400146,0.5500251054763794,0.5500251054763794,0.11592897772789001,0.11592897772789001,0.2889675796031952,0.2889675796031952,48.338077545166016,48.338077545166016,22.109830856323242,22.109830856323242,36.91154861450195,36.91154861450195,9.900609016418457,9.900609016418457,0.0,0.0,180.0
124,0.5166666666666666,-0.4296252662187534,-6.003655714345468,173.67987889323197,-0.4296252662187534,-6.003655714345468,173.67987889323197,5.0,-5.0,0.0,0.0,15.0,0,0.5,0.0,0.0,3.2,3.2,3.2,6.003655433654785,6.003653526306152,6.003655910491943,6.003655910491943,-0.43786728382110596,-0.4387890100479126,1.107092022895813,0.7832431793212891,-0.07968664914369583,-0.07968664914369583,0.0,0.0,nan,nan,10.719152450561523,10.719152450561523,21.438304901123047,0.0,4.9354472160339355,1.1398613452911377,0.0,0.0,0.0,1.1398613452911377,0.0,4.9354472160339355,0.0,0.0,0.0,-0.009895790368318558,-2.436213254928589,4.441023349761963,0.0,0.0,0.0,0.0,4.9354472160339355,1.1398613452911377,0.0,0.0,0.0,1.1398613452911377,0.0,4.9354472160339355,-0.0,-0.0,-0.0,-0.009895648807287216,2.4362120628356934,4.441023826599121,0.0,0.0,0.0,4.470348358154297e-08,0.0,0.6000000238418579,-4.470348358154297e-08,0.05600002408027649,0.5999999642372131,-2.9802322387695312e-08,-0.055999964475631714,0.5999999642372131,-0.019791439175605774,-1.1920928955078125e-06,8.882047653198242,0.0,0.0,0.0,2.384185791015625e-07,7.291201882253517e-07,4.487810656428337e-08,13.839896202087402,13.839896202087402,28.38277816772461,28.38277816772461,0.6136804223060608,0.6136804223060608,0.3863196074962616,0.3863196074962616,0.0,0.0,0.0920536071062088,0.0920536071062088,6.819703578948975,6.819703578948975,-1.5546932220458984,-1.5546932220458984,1.6087157726287842,1.6087157726287842,0.0,0.0,-0.07837232202291489,-0.07837232202291489,1.1398613452911377,1.1398613452911377,0.5500251054763794,0.5500251054763794,0.10480060428380966,0.10480060428380966,0.272006094455719,0.272006094455719,43.35053634643555,43.35053634643555,19.250091552734375,19.250091552734375,34.03877639770508,34.03877639770508,10.43429183959961,10.43429183959961,0.0,0.0,180.0
125,0.5208333333333334,-0.45310449126001834,-5.259780084346174,183.17156684157877,-0.45310449126001834,-5.259780084346174,183.17156684157877,5.0,-5.0,0.0,0.0,15.0,0,0.5,0.0,0.0,3.2,3.2,3.2,5.2597784996032715,5.259779453277588,5.259779930114746,5.259779930114746,-0.4584939777851105,-0.4593939781188965,1.6970343589782715,1.382054090499878,-0.06981316953897476,-0.06981316953897476,0.0,0.0,nan,nan,8.61482048034668,8.61482048034668,17.22964096069336,0.0,4.5663228034973145,1.1124690771102905,0.0,0.0,0.0,1.1124690771102905,0.0,4.5663228034973145,0.0,0.0,0.0,0.060711055994033813,-2.34662127494812,4.071679592132568,0.0,0.0,0.0,0.0,4.5663228034973145,1.1124690771102905,0.0,0.0,0.0,1.1124690771102905,0.0,4.5663228034973145,-0.0,-0.0,-0.0,0.06071081757545471,2.346620798110962,4.071680068969727,0.0,0.0,0.0,4.470348358154297e-08,0.0,0.6000000238418579,-5.960464477539063e-08,0.05600002408027649,0.5999999642372131,1.4901161193847656e-08,-0.055999964475631714,0.6000000238418579,0.12142187356948853,-4.76837158203125e-07,8.143360137939453,0.0,0.0,0.0,8.940696716308594e-08,5.424361688710633e-07,1.578591763973236e-07,12.881732940673828,12.881729125976562,24.75605583190918,24.756046295166016,0.6812697052955627,0.6812697052955627,0.3187303841114044,0.3187303841114044,0.0,0.0,0.06213124841451645,0.06213124841451645,6.473064422607422,6.473064422607422,-1.6828923225402832,-1.6828923225402832,1.4230648279190063,1.4230648279190063,0.0,0.0,-0.0770290344953537,-0.0770290344953537,1.1124690771102905,1.1124690771102905,0.5500251054763794,0.5500251054763794,0.09212793409824371,0.09212793409824371,0.25416383147239685,0.25416383147239685,38.04788589477539,38.04788589477539,16.204755783081055,16.204755783081055,30.981895446777344,30.981895446777344,11.000000953674316,11.000000953674316,0.0,0.0,180.0
126,0.525,-0.4734055138502215,-4.479010876201983,191.37843785712087,-0.4734055138502215,-4.479010876201983,191.37843785712087,5.0,-5.0,0.0,0.0,15.0,0,0.5,0.0,0.0,3.2,3.2,3.2,4.479010105133057,4.479010105133057,4.479011058807373,4.479011058807373,-0.47594502568244934,-0.4768167734146118,2.2686071395874023,1.9645740985870361,-0.05945000424981117,-0.05945000424981117,0.0,0.0,nan,nan,6.778803825378418,6.778803825378418,13.557607650756836,0.0,4.227822303771973,1.0922282934188843,0.0,0.0,0.0,1.0922282934188843,0.0,4.227822303771973,0.0,0.0,0.0,0.12792456150054932,-2.2458412647247314,3.7426295280456543,0.0,0.0,0.0,0.0,4.227822303771973,1.0922282934188843,0.0,0.0,0.0,1.0922282934188843,0.0,4.227822303771973,-0.0,-0.0,-0.0,0.127924382686615,2.245840549468994,3.7426302433013916,0.0,0.0,0.0,4.470348358154297e-08,0.0,0.6000000238418579,-4.470348358154297e-08,0.05600002408027649,0.6000000238418579,-2.9802322387695312e-08,-0.055999934673309326,0.6000000238418579,0.2558489441871643,-7.152557373046875e-07,7.485260009765625,0.0,0.0,0.0,2.980232238769531e-07,6.134648629085859e-07,1.210719347000122e-08,11.991451263427734,11.991450309753418,20.632627487182617,20.632627487182617,0.779161810874939,0.779161810874939,0.2208382934331894,0.2208382934331894,0.0,0.0,0.023084618151187897,0.023084618151187897,6.11190938949585,6.11190938949585,-1.7992889881134033,-1.7992889881134033,1.2421317100524902,1.2421317100524902,0.0,0.0,-0.07576628774404526,-0.07576628774404526,1.0922282934188843,1.0922282934188843,0.5500251054763794,0.5500251054763794,0.07799354195594788,0.07799354195594788,0.2355595976114273,0.2355595976114273,32.46696853637695,32.46696853637695,12.994921684265137,12.994921684265137,27.762073516845703,27.762073516845703,11.593766212463379,11.593766212463379,0.0,0.0,180.0
127,0.5291666666666667,-0.4903859369021577,-3.6668246249261087,198.24292663631314,-0.4903859369021577,-3.6668246249261087,198.24292663631314,5.0,-5.0,0.0,0.0,15.0,0,0.5,0.0,0.0,3.2,3.2,3.2,3.6668248176574707,3.6668241024017334,3.6668245792388916,3.6668245792388916,-0.4900410771369934,-0.49087849259376526,2.826930522918701,2.5360305309295654,-0.04866983741521835,-0.04866983741521835,0.0,0.0,nan,nan,5.013413429260254,5.013413429260254,10.026826858520508,0.0,3.838183641433716,0.9947555065155029,0.0,0.0,0.0,0.9947555065155029,0.0,3.838183641433716,0.0,0.0,0.0,0.1282956898212433,-2.0937862396240234,3.3646388053894043,0.0,0.0,0.0,0.0,3.838183641433716,0.9947555065155029,0.0,0.0,0.0,0.9947555065155029,0.0,3.838183641433716,-0.0,-0.0,-0.0,0.12829560041427612,2.093785285949707,3.3646392822265625,0.0,0.0,0.0,4.470348358154297e-08,0.0,0.6000000238418579,0.0,0.05600003898143768,0.6000000238418579,-8.940696716308594e-08,-0.055999934673309326,0.5999999046325684,0.2565912902355194,-9.5367431640625e-07,6.729278087615967,0.0,0.0,0.0,5.811452865600586e-07,5.863503247383051e-07,-2.0582228899002075e-07,11.310935020446777,11.310933113098145,17.245126724243164,17.245126724243164,0.874110758304596,0.874110758304596,0.12588928639888763,0.12588928639888763,0.0,0.0,0.0,0.0,5.740962982177734,5.740962982177734,-1.9027791023254395,-1.9027791023254395,1.0693638324737549,1.0693638324737549,0.0,0.0,-0.07460828870534897,-0.07460828870534897,0.9947555065155029,0.9947555065155029,0.5500251054763794,0.5500251054763794,0.06249295175075531,0.06249295175075531,0.21632029116153717,0.21632029116153717,26.64727783203125,26.64727783203125,9.643239974975586,9.643239974975586,24.402040481567383,24.402040481567383,12.211423873901367,12.211423873901367,0.0,0.0,180.0
128,0.5333333333333333,-0.5039266549485345,-2.828918233516254,203.71688372249784,-0.5039266549485345,-2.828918233516254,203.71688372249784,5.0,-5.0,0.0,0.0,15.0,0,0.5,0.0,0.0,3.2,3.2,3.2,2.8289172649383545,2.8289172649383545,2.828917980194092,2.828918218612671,-0.5006639957427979,-0.5014616847038269,3.3711471557617188,3.095534086227417,-0.03754828870296478,-0.03754828870296478,0.0,0.0,nan,nan,3.3223369121551514,3.3223369121551514,6.644673824310303,0.0,3.371995449066162,0.8340057730674744,0.0,0.0,0.0,0.8340057730674744,0.0,3.371995449066162,0.0,0.0,0.0,0.08066068589687347,-1.877570390701294,2.921325206756592,0.0,0.0,0.0,0.0,3.371995449066162,0.8340057730674744,0.0,0.0,0.0,0.8340057730674744,0.0,3.371995449066162,-0.0,-0.0,-0.0,0.08066046237945557,1.8775697946548462,2.921325922012329,0.0,0.0,0.0,4.470348358154297e-08,0.0,0.6000000238418579,-1.4901161193847656e-07,0.0559999942779541,0.5999999642372131,-2.9802322387695312e-08,-0.055999934673309326,0.5999999642372131,0.16132114827632904,-5.960464477539062e-07,5.8426513671875,0.0,0.0,0.0,1.341104507446289e-07,7.739449756627437e-07,2.0675361156463623e-07,11.06464672088623,11.064643859863281,16.70958709716797,16.70958709716797,0.8820533156394958,0.8820533156394958,0.11794667690992355,0.11794667690992355,0.0,0.0,0.0,0.0,5.364361763000488,5.364361763000488,-1.992366909980774,-1.992366909980774,0.9075815081596375,0.9075815081596375,0.0,0.0,-0.0735757052898407,-0.0735757052898407,0.8340057730674744,0.8340057730674744,0.5500251054763794,0.5500251054763794,0.04573427140712738,0.04573427140712738,0.19658026099205017,0.19658026099205017,20.630693435668945,20.630693435668945,6.173776626586914,6.173776626586914,20.92591667175293,20.92591667175293,12.848642349243164,12.848642349243164,0.0,0.0,180.0
129,0.5375,-0.5139326895812498,-1.9711690132732116,207.76191323974837,-0.5139326895812498,-1.9711690132732116,207.76191323974837,5.0,-5.0,0.0,0.0,15.0,0,0.5,0.0,0.0,3.2,3.2,3.2,1.9711686372756958,1.971169114112854,1.971168875694275,1.971169114112854,-0.5077975988388062,-0.5085494518280029,3.88814115524292,3.6296777725219727,-0.026163367554545403,-0.026163367554545403,0.0,0.0,nan,nan,1.959706425666809,1.959706425666809,3.919412851333618,0.0,2.918328285217285,0.6862674951553345,0.0,0.0,0.0,0.6862674951553345,0.0,2.918328285217285,0.0,0.0,0.0,0.03972753509879112,-1.6491361856460571,2.503272533416748,0.0,0.0,0.0,0.0,2.918328285217285,0.6862674951553345,0.0,0.0,0.0,0.6862674951553345,0.0,2.918328285217285,-0.0,-0.0,-0.0,0.03972723335027695,1.649135947227478,2.5032730102539062,0.0,0.0,0.0,4.470348358154297e-08,0.0,0.6000000238418579,-1.4901161193847656e-07,0.056000009179115295,0.6000000238418579,2.9802322387695312e-08,-0.055999964475631714,0.5999999642372131,0.07945476472377777,-2.384185791015625e-07,5.006545543670654,0.0,0.0,0.0,1.7881393432617188e-07,5.198554049457016e-07,2.759043127298355e-07,11.530000686645508,11.530000686645508,16.17677116394043,16.17677116394043,0.8820533156394958,0.8820533156394958,0.11794667690992355,0.11794667690992355,0.0,0.0,0.0,0.0,4.985516548156738,4.985516548156738,-2.067188262939453,-2.067188262939453,0.7589526772499084,0.7589526772499084,0.0,0.0,-0.07268518209457397,-0.07268518209457397,0.6862674951553345,0.6862674951553345,0.5500251054763794,0.5500251054763794,0.02783733792603016,0.02783733792603016,0.176480233669281,0.176480233669281,14.46108341217041,14.46108341217041,2.6117823123931885,2.6117823123931885,17.35900115966797,17.35900115966797,13.50094985961914,13.50094985961914,0.0,0.0,180.0
130,0.5416666666666666,-0.5203338556566806,-1.0995934586850395,210.34964221235072,-0.5203338556566806,-1.0995934586850395,210.34964221235072,5.0,-5.0,0.0,0.0,15.0,0,0.5,0.0,0.0,3.2,3.2,3.2,1.0995932817459106,1.0995932817459106,1.0995934009552002,1.0995934009552002,-0.5113916397094727,-0.5120924711227417,4.374275207519531,4.134702682495117,-0.014594926498830318,-0.014594926498830318,0.0,0.0,nan,nan,0.9330373406410217,0.9330373406410217,1.8660746812820435,0.0,2.4804887771606445,0.5530703067779541,0.0,0.0,0.0,0.5530703067779541,0.0,2.4804887771606445,0.0,0.0,0.0,0.006894588470458984,-1.414785623550415,2.1111717224121094,0.0,0.0,0.0,0.0,2.4804887771606445,0.5530703067779541,0.0,0.0,0.0,0.5530703067779541,0.0,2.4804887771606445,-0.0,-0.0,-0.0,0.0068944282829761505,1.4147846698760986,2.1111721992492676,0.0,0.0,0.0,4.470348358154297e-08,0.0,0.6000000238418579,-7.450580596923828e-08,0.05600002408027649,0.6000000238418579,-4.470348358154297e-08,-0.055999964475631714,0.6000000238418579,0.013789016753435135,-9.5367431640625e-07,4.222343921661377,0.0,0.0,0.0,9.685754776000977e-08,4.4042479885320063e-07,3.2800016924738884e-08,12.784287452697754,12.784287452697754,15.64927864074707,15.64927864074707,0.8820533156394958,0.8820533156394958,0.11794667690992355,0.11794667690992355,0.0,0.0,0.0,0.0,4.607021808624268,4.607021808624268,-2.126532793045044,-2.126532793045044,0.6250196695327759,0.6250196695327759,0.0,0.0,-0.07194940745830536,-0.07194940745830536,0.5530703067779541,0.5530703067779541,0.5500251054763794,0.5500251054763794,0.008932924829423428,0.008932924829423428,0.1561664193868637,0.1561664193868637,8.183931350708008,8.183931350708008,-1.016519546508789,-1.016519546508789,13.72754955291748,13.72754955291748,14.163772583007812,14.163772583007812,0.0,0.0,180.0
131,0.5458333333333333,-0.5230852535940391,-0.22030504604100204,211.46191958084287,-0.5230852535940391,-0.22030504604100204,211.46191958084287,5.0,-5.0,0.0,0.0,15.0,0,0.5,0.0,0.0,3.2,3.2,3.2,0.22030499577522278,0.22030498087406158,0.22030505537986755,0.22030504047870636,-0.511420488357544,-0.5120651125907898,4.826229572296143,4.6071600914001465,-0.0029241135343909264,-0.0029241135343909264,0.0,0.0,nan,nan,0.23866429924964905,0.23866429924964905,0.4773285984992981,0.0,2.0607638359069824,0.435388445854187,0.0,0.0,0.0,0.435388445854187,0.0,2.0607638359069824,0.0,0.0,0.0,-0.01670883595943451,-1.1800415515899658,1.7445725202560425,0.0,0.0,0.0,0.0,2.0607638359069824,0.435388445854187,0.0,0.0,0.0,0.435388445854187,0.0,2.0607638359069824,-0.0,-0.0,-0.0,-0.016708921641111374,1.1800413131713867,1.7445728778839111,0.0,0.0,0.0,4.470348358154297e-08,0.0,0.6000000238418579,-5.960464477539063e-08,0.05600002408027649,0.6000000238418579,-1.1920928955078125e-07,-0.05599991977214813,0.5999999642372131,-0.03341775760054588,-2.384185791015625e-07,3.489145278930664,0.0,0.0,0.0,2.3096799850463867e-07,4.689267996127455e-07,-7.33998604118824e-08,14.527331352233887,14.527335166931152,15.128838539123535,15.128838539123535,0.8820533156394958,0.8820533156394958,0.11794667690992355,0.11794667690992355,0.0,0.0,0.0,0.0,4.230625152587891,4.230625152587891,-2.169861316680908,-2.169861316680908,0.5067654848098755,0.5067654848098755,0.0,0.0,-0.07137700915336609,-0.07137700915336609,0.435388445854187,0.435388445854187,0.5500251054763794,0.5500251054763794,-0.010838652960956097,-0.010838652960956097,0.13578905165195465,0.13578905165195465,1.845848798751831,1.845848798751831,-4.684210777282715,-4.684210777282715,10.05850601196289,10.05850601196289,14.8324613571167,14.8324613571167,0.0,0.0,180.0
132,0.55,-0.5221675843136716,0.6605286482120745,211.09094351865494,-0.5221675843136716,0.6605286482120745,211.09094351865494,5.0,-5.0,0.0,0.0,15.0,0,0.5,0.0,0.0,3.2,3.2,3.2,0.6605284810066223,0.6605284214019775,0.6605286598205566,0.6605286598205566,-0.5078827738761902,-0.5084665417671204,5.241014003753662,5.043916702270508,0.008767210878431797,0.008767210878431797,0.0,0.0,nan,nan,-0.13619016110897064,-0.13619016110897064,-0.2723803222179413,0.0,1.6604478359222412,0.33373790979385376,0.0,0.0,0.0,0.33373790979385376,0.0,1.6604478359222412,0.0,0.0,0.0,-0.030180659145116806,-0.949561357498169,1.402101993560791,0.0,0.0,0.0,0.0,1.6604478359222412,0.33373790979385376,0.0,0.0,0.0,0.33373790979385376,0.0,1.6604478359222412,-0.0,-0.0,-0.0,-0.03018070198595524,0.9495612382888794,1.4021022319793701,0.0,0.0,0.0,4.470348358154297e-08,0.0,0.6000000238418579,-1.043081283569336e-07,0.05600003898143768,0.6000000238418579,-4.470348358154297e-08,-0.055999934673309326,0.5999999642372131,-0.060361362993717194,-1.1920928955078125e-07,2.804204225540161,0.0,0.0,0.0,1.862645149230957e-07,3.360860887369199e-07,5.7392753660678864e-08,16.45307159423828,16.45307159423828,18.852121353149414,18.852121353149414,0.11794667690992355,0.11794667690992355,0.8820533156394958,0.8820533156394958,0.0,0.0,0.0,0.0,3.857262134552002,3.857262134552002,-2.1968142986297607,-2.1968142986297607,0.40471047163009644,0.40471047163009644,0.0,0.0,-0.07097258418798447,-0.07097258418798447,0.33373790979385376,0.33373790979385376,0.5500251054763794,0.5500251054763794,-0.03132893517613411,-0.03132893517613411,0.115500807762146,0.115500807762146,-4.50589656829834,-4.50589656829834,-8.363948822021484,-8.363948822021484,6.379219055175781,6.379219055175781,15.502325057983398,15.502325057983398,0.0,0.0,180.0
133,0.5541666666666667,-0.5175872846062356,1.5367292085870854,209.2393161563174,-0.5175872846062356,1.5367292085870854,209.2393161563174,5.0,-5.0,0.0,0.0,15.0,0,0.5,0.0,0.0,3.2,3.2,3.2,1.536728858947754,1.536729335784912,1.536729335784912,1.536729335784912,-0.5008018016815186,-0.501320481300354,5.615978240966797,5.442172527313232,0.020397039130330086,0.020397039130330086,0.0,0.0,nan,nan,-0.21110811829566956,-0.21110811829566956,-0.4222162365913391,0.0,1.279946208000183,0.24828621745109558,0.0,0.0,0.0,0.24828621745109558,0.0,1.279946208000183,0.0,0.0,0.0,-0.03279729560017586,-0.7271468639373779,1.0817070007324219,0.0,0.0,0.0,0.0,1.279946208000183,0.24828621745109558,0.0,0.0,0.0,0.24828621745109558,0.0,1.279946208000183,-0.0,-0.0,-0.0,-0.032797377556562424,0.7271467447280884,1.0817071199417114,0.0,0.0,0.0,4.470348358154297e-08,0.0,0.6000000238418579,-1.9371509552001953e-07,0.0559999942779541,0.5999999642372131,-2.9802322387695312e-08,-0.055999964475631714,0.5999999642372131,-0.06559467315673828,-1.1920928955078125e-07,2.1634140014648438,0.0,0.0,0.0,2.2351741790771484e-08,3.424022452236386e-07,1.1560041457414627e-07,18.39736557006836,18.397369384765625,23.946260452270508,23.946269989013672,0.11794667690992355,0.11794667690992355,0.8820533156394958,0.8820533156394958,0.0,0.0,0.0,0.0,3.4871673583984375,3.4871673583984375,-2.207221508026123,-2.207221508026123,0.3190230131149292,0.3190230131149292,0.0,0.0,-0.07073679566383362,-0.07073679566383362,0.24828621745109558,0.24828621745109558,0.5500251054763794,0.5500251054763794,-0.052383020520210266,-0.052383020520210266,0.09545519202947617,0.09545519202947617,-10.823899269104004,-10.823899269104004,-12.028267860412598,-12.028267860412598,2.7171530723571777,2.7171530723571777,16.168664932250977,16.168664932250977,0.0,0.0,180.0
134,0.5583333333333333,-0.5093764819832375,2.402150717702289,205.92002532938446,-0.5093764819832375,2.402150717702289,205.92002532938446,5.0,-5.0,0.0,0.0,15.0,0,0.5,0.0,0.0,3.2,3.2,3.2,2.4021506309509277,2.4021503925323486,2.402150869369507,2.4021506309509277,-0.49022507667541504,-0.490674763917923,5.948809623718262,5.799466133117676,0.03188379481434822,0.03188379481434822,0.0,0.0,nan,nan,-0.010292328894138336,-0.010292328894138336,-0.020584657788276672,0.0,0.9189502000808716,0.17895585298538208,0.0,0.0,0.0,0.17895585298538208,0.0,0.9189502000808716,0.0,0.0,0.0,-0.023977410048246384,-0.5158356428146362,0.7809182405471802,0.0,0.0,0.0,0.0,0.9189502000808716,0.17895585298538208,0.0,0.0,0.0,0.17895585298538208,0.0,0.9189502000808716,-0.0,-0.0,-0.0,-0.023977480828762054,0.5158354043960571,0.7809183597564697,0.0,0.0,0.0,4.470348358154297e-08,0.0,0.6000000238418579,-2.9802322387695312e-08,0.05600002408027649,0.5999999642372131,-2.9802322387695312e-08,-0.055999934673309326,0.6000000238418579,-0.04795489087700844,-2.384185791015625e-07,1.56183660030365,0.0,0.0,0.0,3.3527612686157227e-08,1.1779505371123378e-07,-1.862645149230957e-09,20.273359298706055,20.273359298706055,28.664392471313477,28.664392471313477,0.11794667690992355,0.11794667690992355,0.8820533156394958,0.8820533156394958,0.0,0.0,0.0,0.0,3.1200499534606934,3.1200499534606934,-2.2010998725891113,-2.2010998725891113,0.24962228536605835,0.24962228536605835,0.0,0.0,-0.07066641002893448,-0.07066641002893448,0.17895585298538208,0.17895585298538208,0.5500251054763794,0.5500251054763794,-0.07384130358695984,-0.07384130358695984,0.07580475509166718,0.07580475509166718,-17.06112289428711,-17.06112289428711,-15.649868965148926,-15.649868965148926,-0.900409460067749,-0.900409460067749,16.82680892944336,16.82680892944336,0.0,0.0,180.0
135,0.5625,-0.49759276932562446,3.250722865475721,201.15635347809996,-0.49759276932562446,3.250722865475721,201.15635347809996,5.0,-5.0,0.0,0.0,15.0,0,0.5,0.0,0.0,3.2,3.2,3.2,3.2507216930389404,3.250722885131836,3.250722885131836,3.250722885131836,-0.4762246310710907,-0.4766022562980652,6.237537384033203,6.113650798797607,0.04314691200852394,0.04314691200852394,0.0,0.0,nan,nan,0.43916523456573486,0.43916523456573486,0.8783304691314697,0.0,0.576674222946167,0.1255037784576416,0.0,0.0,0.0,0.1255037784576416,0.0,0.576674222946167,0.0,0.0,0.0,-0.003272656351327896,-0.31805920600891113,0.49712374806404114,0.0,0.0,0.0,0.0,0.576674222946167,0.1255037784576416,0.0,0.0,0.0,0.1255037784576416,0.0,0.576674222946167,-0.0,-0.0,-0.0,-0.00327268335968256,0.3180590569972992,0.4971238374710083,0.0,0.0,0.0,4.470348358154297e-08,0.0,0.6000000238418579,-1.4901161193847656e-07,0.05600002408027649,0.6000000238418579,-1.4901161193847656e-08,-0.055999964475631714,0.5999999642372131,-0.006545339711010456,-1.4901161193847656e-07,0.994247555732727,0.0,0.0,0.0,4.284083843231201e-08,1.2612633781827753e-07,4.132743924856186e-08,22.03261947631836,22.03261947631836,32.858890533447266,32.858890533447266,0.11794667690992355,0.11794667690992355,0.8820533156394958,0.8820533156394958,0.0,0.0,0.0,0.0,2.755321979522705,2.755321979522705,-2.178647994995117,-2.178647994995117,0.19625826179981232,0.19625826179981232,0.0,0.0,-0.07075448334217072,-0.07075448334217072,0.1255037784576416,0.1255037784576416,0.5500251054763794,0.5500251054763794,-0.09554140269756317,-0.09554140269756317,0.05669916793704033,0.05669916793704033,-23.17140769958496,-23.17140769958496,-19.201923370361328,-19.201923370361328,-4.446667194366455,-4.446667194366455,17.472135543823242,17.472135543823242,0.0,0.0,180.0
136,0.5666666666666667,-0.4823188009111035,4.076493527988997,194.98171433780712,-0.4823188009111035,4.076493527988997,194.98171433780712,5.0,-5.0,0.0,0.0,15.0,0,0.5,0.0,0.0,3.2,3.2,3.2,4.076493263244629,4.076493740081787,4.076493740081787,4.076493740081787,-0.45889633893966675,-0.45919913053512573,6.480495452880859,6.382896900177002,0.05410738289356232,0.05410738289356232,0.0,0.0,nan,nan,1.1083641052246094,1.1083641052246094,2.2167282104492188,0.0,0.2521173357963562,0.08756452798843384,0.0,0.0,0.0,0.08756452798843384,0.0,0.2521173357963562,0.0,0.0,0.0,0.02960710972547531,-0.13582462072372437,0.22782842814922333,0.0,0.0,0.0,0.0,0.2521173357963562,0.08756452798843384,0.0,0.0,0.0,0.08756452798843384,0.0,0.2521173357963562,-0.0,-0.0,-0.0,0.029607098549604416,0.1358245611190796,0.22782845795154572,0.0,0.0,0.0,4.470348358154297e-08,0.0,0.6000000238418579,-1.1920928955078125e-07,0.056000009179115295,0.6000000238418579,2.9802322387695312e-08,-0.0559999942779541,0.6000000238418579,0.05921420827507973,-5.960464477539063e-08,0.45565688610076904,0.0,0.0,0.0,1.862645149230957e-09,4.073890025324545e-08,1.9208528101444244e-08,23.64927864074707,23.64927864074707,36.49431228637695,36.49431228637695,0.11794667690992355,0.11794667690992355,0.864794909954071,0.864794909954071,0.017258400097489357,0.017258400097489357,0.0,0.0,2.39235258102417,2.39235258102417,-2.140235185623169,-2.140235185623169,0.15855492651462555,0.15855492651462555,0.0,0.0,-0.07099039852619171,-0.07099039852619171,0.08756452798843384,0.08756452798843384,0.5500251054763794,0.5500251054763794,-0.1173200011253357,-0.1173200011253357,0.03828355297446251,0.03828355297446251,-29.109941482543945,-29.109941482543945,-22.658329010009766,-22.658329010009766,-7.895561218261719,-7.895561218261719,18.10012435913086,18.10012435913086,0.0,0.0,180.0
137,0.5708333333333333,-0.4636617126537716,4.873670517359988,187.43941856560306,-0.4636617126537716,4.873670517359988,187.43941856560306,5.0,-5.0,0.0,0.0,15.0,0,0.5,0.0,0.0,3.2,3.2,3.2,4.87367057800293,4.873669147491455,4.87367057800293,4.87367057800293,-0.4383597671985626,-0.4385853707790375,6.676324367523193,6.605666637420654,0.06468833237886429,0.06468833237886429,0.0,0.0,nan,nan,1.966996431350708,1.966996431350708,3.933992862701416,0.0,-0.05567288398742676,0.06465335190296173,0.0,0.0,0.0,0.06465335190296173,0.0,-0.05567288398742676,0.0,0.0,0.0,0.07473243772983551,0.029112735763192177,-0.029103919863700867,0.0,0.0,0.0,0.0,-0.05567288398742676,0.06465335190296173,0.0,0.0,0.0,0.06465335190296173,0.0,-0.05567288398742676,-0.0,-0.0,-0.0,0.07473243027925491,-0.02911272458732128,-0.02910393476486206,0.0,0.0,0.0,4.470348358154297e-08,0.0,0.6000000238418579,2.9802322387695312e-08,0.05600005388259888,0.6000000238418579,-1.1920928955078125e-07,-0.055999934673309326,0.6000000238418579,0.14946487545967102,1.1175870895385742e-08,-0.05820785462856293,0.0,0.0,0.0,-2.561137080192566e-09,-5.204189079677235e-09,-5.122274160385132e-09,25.11191749572754,25.11191177368164,39.592567443847656,39.59256362915039,0.11794667690992355,0.11794667690992355,0.767946183681488,0.767946183681488,0.11410718411207199,0.11410718411207199,0.0,0.0,2.0307133197784424,2.0307133197784424,-2.086386203765869,-2.086386203765869,0.13601350784301758,0.13601350784301758,0.0,0.0,-0.07136015594005585,-0.07136015594005585,0.06465335190296173,0.06465335190296173,0.5500251054763794,0.5500251054763794,-0.13901470601558685,-0.13901470601558685,0.020696725696325302,0.020696725696325302,-34.83368682861328,-34.83368682861328,-25.99399757385254,-25.99399757385254,-11.222052574157715,-11.222052574157715,18.706369400024414,18.706369400024414,0.0,0.0,180.0
138,0.575,-0.4417523706226548,5.636662209779118,178.5823699471979,-0.4417523706226548,5.636662209779118,178.5823699471979,5.0,-5.0,0.0,0.0,15.0,0,0.5,0.0,0.0,3.2,3.2,3.2,5.636661052703857,5.636662483215332,5.636662006378174,5.636662006378174,-0.4147568345069885,-0.41490378975868225,6.823953628540039,6.780700206756592,0.074815534055233,0.074815534055233,0.0,0.0,nan,nan,2.9832041263580322,2.9832041263580322,5.9664082527160645,0.0,-0.34737056493759155,0.05613494664430618,0.0,0.0,0.0,0.05613494664430618,0.0,-0.34737056493759155,0.0,0.0,0.0,0.13186773657798767,0.17511847615242004,-0.2752487361431122,0.0,0.0,0.0,0.0,-0.34737056493759155,0.05613494664430618,0.0,0.0,0.0,0.05613494664430618,0.0,-0.34737056493759155,-0.0,-0.0,-0.0,0.13186776638031006,-0.17511847615242004,-0.2752487361431122,0.0,0.0,0.0,4.470348358154297e-08,0.0,0.6000000238418579,-1.043081283569336e-07,0.0559999942779541,0.5999999642372131,5.960464477539063e-08,-0.0559999942779541,0.6000000238418579,0.26373550295829773,0.0,-0.5504974722862244,0.0,0.0,0.0,1.0244548320770264e-08,-4.4773660334840315e-08,-2.7474015951156616e-08,26.418601989746094,26.418607711791992,42.20277786254883,42.20277786254883,0.11794667690992355,0.11794667690992355,0.6812697052955627,0.6812697052955627,0.20078371465206146,0.20078371465206146,0.0,0.0,1.670389175415039,1.670389175415039,-2.0177597999572754,-2.0177597999572754,0.12798134982585907,0.12798134982585907,0.0,0.0,-0.07184641063213348,-0.07184641063213348,0.05613494664430618,0.05613494664430618,0.5500251054763794,0.5500251054763794,-0.16046582162380219,-0.16046582162380219,0.0040695699863135815,0.0040695699863135815,-40.30179977416992,-40.30179977416992,-29.185060501098633,-29.185060501098633,-14.402338981628418,-14.402338981628418,19.2866153717041,19.2866153717041,0.0,0.0,180.0
139,0.5791666666666666,-0.41674445311026004,6.360116766732876,168.47269431486873,-0.41674445311026004,6.360116766732876,168.47269431486873,5.0,-5.0,0.0,0.0,15.0,0,0.5,0.0,0.0,3.2,3.2,3.2,6.360116004943848,6.3601155281066895,6.360117435455322,6.360117435455322,-0.3882518708705902,-0.3883189558982849,6.922579765319824,6.907018661499023,0.08441796153783798,0.08441796153783798,0.0,0.0,nan,nan,4.123132705688477,4.123132705688477,8.246265411376953,0.0,-0.623191237449646,0.061170704662799835,0.0,0.0,0.0,0.061170704662799835,0.0,-0.623191237449646,0.0,0.0,0.0,0.200374037027359,0.3006105124950409,-0.5114613771438599,0.0,0.0,0.0,0.0,-0.623191237449646,0.061170704662799835,0.0,0.0,0.0,0.061170704662799835,0.0,-0.623191237449646,-0.0,-0.0,-0.0,0.2003740519285202,-0.30061042308807373,-0.5114614367485046,0.0,0.0,0.0,4.470348358154297e-08,0.0,0.6000000238418579,-1.1920928955078125e-07,0.0559999942779541,0.5999999642372131,1.4901161193847656e-08,-0.055999964475631714,0.5999999642372131,0.400748074054718,8.940696716308594e-08,-1.0229227542877197,0.0,0.0,0.0,-1.1175870895385742e-08,-1.229642379030338e-07,-4.563480615615845e-08,27.573394775390625,27.573394775390625,44.38374328613281,44.38374328613281,0.11794667690992355,0.11794667690992355,0.6136804223060608,0.6136804223060608,0.26837289333343506,0.26837289333343506,0.0,0.0,1.3119357824325562,1.3119357824325562,-1.9351270198822021,-1.9351270198822021,0.13359972834587097,0.13359972834587097,0.0,0.0,-0.07242901623249054,-0.07242901623249054,0.061170704662799835,0.061170704662799835,0.5500251054763794,0.5500251054763794,-0.18151791393756866,-0.18151791393756866,-0.011476353742182255,-0.011476353742182255,-45.47592544555664,-45.47592544555664,-32.209083557128906,-32.209083557128906,-17.414060592651367,-17.414060592651367,19.836793899536133,19.836793899536133,0.0,0.0,180.0
140,0.5833333333333334,-0.3888133726897726,7.038959674305607,157.1813037793844,-0.3888133726897726,7.038959674305607,157.1813037793844,5.0,-5.0,0.0,0.0,15.0,0,0.5,0.0,0.0,3.2,3.2,3.2,7.0389580726623535,7.038959980010986,7.038959980010986,7.038959980010986,-0.359029620885849,-0.35901641845703125,6.971678256988525,6.983892917633057,0.09342825412750244,0.09342825412750244,0.0,0.0,nan,nan,5.350471019744873,5.350471019744873,10.700942039489746,0.0,-0.8827828168869019,0.07866059988737106,0.0,0.0,0.0,0.07866059988737106,0.0,-0.8827828168869019,0.0,0.0,0.0,0.2791215479373932,0.4040684401988983,-0.7377756237983704,0.0,0.0,0.0,0.0,-0.8827828168869019,0.07866059988737106,0.0,0.0,0.0,0.07866059988737106,0.0,-0.8827828168869019,-0.0,-0.0,-0.0,0.27912163734436035,-0.404068261384964,-0.7377756834030151,0.0,0.0,0.0,4.470348358154297e-08,0.0,0.6000000238418579,-1.1920928955078125e-07,0.05600005388259888,0.6000000238418579,7.450580596923828e-08,-0.055999964475631714,0.6000000238418579,0.5582431554794312,1.7881393432617188e-07,-1.4755513668060303,0.0,0.0,0.0,-6.332993507385254e-08,-9.894341701510712e-08,-9.872019290924072e-08,28.58386993408203,28.58387565612793,46.19440460205078,46.19440841674805,0.11794667690992355,0.11794667690992355,0.557930588722229,0.557930588722229,0.32412275671958923,0.32412275671958923,0.0,0.0,0.9565655589103699,0.9565655589103699,-1.839348316192627,-1.839348316192627,0.15174582600593567,0.15174582600593567,0.0,0.0,-0.0730852335691452,-0.0730852335691452,0.07866059988737106,0.07866059988737106,0.5500251054763794,0.5500251054763794,-0.20202119648456573,-0.20202119648456573,-0.025829829275608063,-0.025829829275608063,-50.320491790771484,-50.320491790771484,-35.045188903808594,-35.045188903808594,-20.23642921447754,-20.23642921447754,20.353044509887695,20.353044509887695,0.0,0.0,180.0
141,0.5875,-0.35815504582188984,7.668429337248617,144.7873993324988,-0.35815504582188984,7.668429337248617,144.7873993324988,5.0,-5.0,0.0,0.0,15.0,0,0.5,0.0,0.0,3.2,3.2,3.2,7.668429851531982,7.668428897857666,7.668429851531982,7.668429851531982,-0.32729458808898926,-0.3272010385990143,6.970983982086182,7.010876655578613,0.10178322345018387,0.10178322345018387,0.0,0.0,nan,nan,6.626235008239746,6.626235008239746,13.252470016479492,0.0,-1.1251857280731201,0.10719642043113708,0.0,0.0,0.0,0.10719642043113708,0.0,-1.1251857280731201,0.0,0.0,0.0,0.36642986536026,0.4841136634349823,-0.953360915184021,0.0,0.0,0.0,0.0,-1.1251857280731201,0.10719642043113708,0.0,0.0,0.0,0.10719642043113708,0.0,-1.1251857280731201,-0.0,-0.0,-0.0,0.36642986536026,-0.4841134250164032,-0.9533610343933105,0.0,0.0,0.0,4.470348358154297e-08,0.0,0.6000000238418579,1.4901161193847656e-08,0.05600005388259888,0.6000000238418579,2.9802322387695312e-08,-0.0559999942779541,0.6000000238418579,0.73285973072052,2.384185791015625e-07,-1.9067219495773315,0.0,0.0,0.0,-5.21540641784668e-08,-4.26185557955705e-08,-2.9802322387695312e-08,29.459508895874023,29.459508895874023,47.689090728759766,47.689090728759766,0.11794667690992355,0.11794667690992355,0.5156482458114624,0.5156482458114624,0.366405189037323,0.366405189037323,0.0,0.0,0.606163501739502,0.606163501739502,-1.7313491106033325,-1.7313491106033325,0.18098676204681396,0.18098676204681396,0.0,0.0,-0.07379033416509628,-0.07379033416509628,0.10719642043113708,0.10719642043113708,0.5500251054763794,0.5500251054763794,-0.22183279693126678,-0.22183279693126678,-0.03889114782214165,-0.03889114782214165,-54.80289077758789,-54.80289077758789,-37.67424774169922,-37.67424774169922,-22.85040855407715,-22.85040855407715,20.831748962402344,20.831748962402344,0.0,0.0,180.0
142,0.5916666666666667,-0.3249845186416118,8.244110478149706,131.37791530889865,-0.3249845186416118,8.244110478149706,131.37791530889865,5.0,-5.0,0.0,0.0,15.0,0,0.5,0.0,0.0,3.2,3.2,3.2,8.244109153747559,8.244107246398926,8.244110107421875,8.244110107421875,-0.2932693362236023,-0.293096125125885,6.920511722564697,6.987782001495361,0.10942424833774567,0.10942424833774567,0.0,0.0,nan,nan,7.908926963806152,7.908926963806152,15.817853927612305,0.0,-1.348850965499878,0.14503847062587738,0.0,0.0,0.0,0.14503847062587738,0.0,-1.348850965499878,0.0,0.0,0.0,0.46004724502563477,0.5396453738212585,-1.1565356254577637,0.0,0.0,0.0,0.0,-1.348850965499878,0.14503847062587738,0.0,0.0,0.0,0.14503847062587738,0.0,-1.348850965499878,-0.0,-0.0,-0.0,0.46004718542099,-0.5396449565887451,-1.1565357446670532,0.0,0.0,0.0,4.470348358154297e-08,0.0,0.6000000238418579,1.4901161193847656e-08,0.056000083684921265,0.6000000238418579,-1.4901161193847656e-08,-0.055999934673309326,0.5999999642372131,0.9200944304466248,4.172325134277344e-07,-2.3130712509155273,0.0,0.0,0.0,-2.0116567611694336e-07,-1.3082329530789139e-07,-5.774199962615967e-08,30.210477828979492,30.210477828979492,48.91554260253906,48.9155387878418,0.11794667690992355,0.11794667690992355,0.4873591661453247,0.4873591661453247,0.3946942090988159,0.3946942090988159,0.0,0.0,0.2632458209991455,0.2632458209991455,-1.6120967864990234,-1.6120967864990234,0.21955665946006775,0.21955665946006775,0.0,0.0,-0.07451818883419037,-0.07451818883419037,0.14503847062587738,0.14503847062587738,0.5500251054763794,0.5500251054763794,-0.24081756174564362,-0.24081756174564362,-0.050572484731674194,-0.050572484731674194,-58.89363479614258,-58.89363479614258,-40.07889175415039,-40.07889175415039,-25.238737106323242,-25.238737106323242,21.269546508789062,21.269546508789062,0.0,0.0,180.0
143,0.5958333333333333,-0.28953445856411814,8.761965107431768,117.04690960430878,-0.28953445856411814,8.761965107431768,117.04690960430878,5.0,-5.0,0.0,0.0,15.0,0,0.5,0.0,0.0,3.2,3.2,3.2,8.761962890625,8.761963844299316,8.761964797973633,8.76196575164795,-0.2571929097175598,-0.25694116950035095,6.820553302764893,6.914708137512207,0.11629774421453476,0.11629774421453476,0.0,0.0,nan,nan,9.155205726623535,9.155205726623535,18.31041145324707,0.0,-1.5517206192016602,0.1901247352361679,0.0,0.0,0.0,0.1901247352361679,0.0,-1.5517206192016602,0.0,0.0,0.0,0.5571818947792053,0.5700148940086365,-1.3448479175567627,0.0,0.0,0.0,0.0,-1.5517206192016602,0.1901247352361679,0.0,0.0,0.0,0.1901247352361679,0.0,-1.5517206192016602,-0.0,-0.0,-0.0,0.5571820139884949,-0.5700146555900574,-1.3448479175567627,0.0,0.0,0.0,4.470348358154297e-08,0.0,0.6000000238418579,-8.940696716308594e-08,0.0559999942779541,0.5999999642372131,2.9802322387695312e-08,-0.055999964475631714,0.6000000238418579,1.1143639087677002,2.384185791015625e-07,-2.6896958351135254,0.0,0.0,0.0,-7.450580596923828e-09,-2.3360857426268922e-07,-7.636845111846924e-08,30.846933364868164,30.846939086914062,49.914554595947266,49.91456604003906,0.11794667690992355,0.11794667690992355,0.45904016494750977,0.45904016494750977,0.42301318049430847,0.42301318049430847,0.0,0.0,-0.06913800537586212,-0.06913800537586212,-1.482582688331604,-1.482582688331604,0.265366792678833,0.265366792678833,0.0,0.0,-0.07524202764034271,-0.07524202764034271,0.1901247352361679,0.1901247352361679,0.5500251054763794,0.5500251054763794,-0.25884881615638733,-0.25884881615638733,-0.06079844385385513,-0.06079844385385513,-62.56645202636719,-62.56645202636719,-42.243629455566406,-42.243629455566406,-27.386035919189453,-27.386035919189453,21.66337013244629,21.66337013244629,0.0,0.0,180.0
144,0.6,-0.252053522290018,9.218360846948453,101.89490392693293,-0.252053522290018,9.218360846948453,101.89490392693293,5.0,-5.0,0.0,0.0,15.0,0,0.5,0.0,0.0,3.2,3.2,3.2,9.21835994720459,9.218358993530273,9.218360900878906,9.218361854553223,-0.21932414174079895,-0.218995600938797,6.670876979827881,6.79122257232666,0.12235549092292786,0.12235549092292786,0.0,0.0,nan,nan,10.279123306274414,10.279123306274414,20.558246612548828,0.0,-1.7239165306091309,0.23365774750709534,0.0,0.0,0.0,0.23365774750709534,0.0,-1.7239165306091309,0.0,0.0,0.0,0.6465334892272949,0.5727429389953613,-1.5101139545440674,0.0,0.0,0.0,0.0,-1.7239165306091309,0.23365774750709534,0.0,0.0,0.0,0.23365774750709534,0.0,-1.7239165306091309,-0.0,-0.0,-0.0,0.6465336084365845,-0.5727425217628479,-1.510114073753357,0.0,0.0,0.0,4.470348358154297e-08,0.0,0.6000000238418579,-7.450580596923828e-08,0.05600002408027649,0.6000000238418579,-5.960464477539063e-08,-0.055999934673309326,0.5999999642372131,1.2930670976638794,4.172325134277344e-07,-3.0202279090881348,0.0,0.0,0.0,-1.564621925354004e-07,-3.7607318859045336e-07,-5.960464477539063e-08,31.378517150878906,31.378522872924805,50.72021484375,50.72022247314453,0.11794667690992355,0.11794667690992355,0.43071863055229187,0.43071863055229187,0.45133471488952637,0.45133471488952637,0.002056337660178542,0.002056337660178542,-0.3875378966331482,-0.3875378966331482,-1.3438032865524292,-1.3438032865524292,0.3160493075847626,0.3160493075847626,0.0,0.0,-0.0759352296590805,-0.0759352296590805,0.23365774750709534,0.23365774750709534,0.5500251054763794,0.5500251054763794,-0.27580901980400085,-0.27580901980400085,-0.06950617581605911,-0.06950617581605911,-65.79830169677734,-65.79830169677734,-44.15483474731445,-44.15483474731445,-29.27880859375,-29.27880859375,22.010454177856445,22.010454177856445,0.0,0.0,180.0
145,0.6041666666666666,-0.2128046116572592,9.610096408506925,86.02817870989709,-0.2128046116572592,9.610096408506925,86.02817870989709,5.0,-5.0,0.0,0.0,15.0,0,0.5,0.0,0.0,3.2,3.2,3.2,9.610097885131836,9.610095024108887,9.610095977783203,9.610095977783203,-0.1799333244562149,-0.17953012883663177,6.471787452697754,6.617427349090576,0.1275550127029419,0.1275550127029419,0.0,0.0,nan,nan,11.205221176147461,11.205221176147461,22.410442352294922,0.0,-1.8574371337890625,0.2673576772212982,0.0,0.0,0.0,0.2673576772212982,0.0,-1.8574371337890625,0.0,0.0,0.0,0.7175978422164917,0.5478834509849548,-1.64512300491333,0.0,0.0,0.0,0.0,-1.8574371337890625,0.2673576772212982,0.0,0.0,0.0,0.2673576772212982,0.0,-1.8574371337890625,-0.0,-0.0,-0.0,0.7175978422164917,-0.5478828549385071,-1.6451232433319092,0.0,0.0,0.0,4.470348358154297e-08,0.0,0.6000000238418579,1.4901161193847656e-08,0.056000083684921265,0.6000000238418579,-1.4901161193847656e-08,-0.055999964475631714,0.6000000238418579,1.4351956844329834,5.960464477539062e-07,-3.2902462482452393,0.0,0.0,0.0,-1.7881393432617188e-07,-1.4708547269037808e-07,-6.705522537231445e-08,31.81400489807129,31.81400489807129,51.36043167114258,51.36043167114258,0.11794667690992355,0.11794667690992355,0.4165618121623993,0.4165618121623993,0.46549156308174133,0.46549156308174133,0.00794259924441576,0.00794259924441576,-0.6882556080818176,-0.6882556080818176,-1.1967494487762451,-1.1967494487762451,0.3690338730812073,0.3690338730812073,0.0,0.0,-0.0765722244977951,-0.0765722244977951,0.2673576772212982,0.2673576772212982,0.5500251054763794,0.5500251054763794,-0.2915896475315094,-0.2915896475315094,-0.07664507627487183,-0.07664507627487183,-68.5693359375,-68.5693359375,-45.80072021484375,-45.80072021484375,-30.9053897857666,-30.9053897857666,22.308364868164062,22.308364868164062,0.0,0.0,180.0
146,0.6083333333333333,-0.1720630295736272,9.934424048604463,69.55802763037244,-0.1720630295736272,9.934424048604463,69.55802763037244,5.0,-5.0,0.0,0.0,15.0,0,0.5,0.0,0.0,3.2,3.2,3.2,9.934426307678223,9.934422492980957,9.934423446655273,9.934423446655273,-0.13928596675395966,-0.1388108730316162,6.2264204025268555,6.396311283111572,0.13185980916023254,0.13185980916023254,0.0,0.0,nan,nan,11.99386978149414,11.99386978149414,23.98773956298828,0.0,-1.9674088954925537,0.3036646842956543,0.0,0.0,0.0,0.3036646842956543,0.0,-1.9674088954925537,0.0,0.0,0.0,0.7855778336524963,0.5032727122306824,-1.7585488557815552,0.0,0.0,0.0,0.0,-1.9674088954925537,0.3036646842956543,0.0,0.0,0.0,0.3036646842956543,0.0,-1.9674088954925537,-0.0,-0.0,-0.0,0.7855777740478516,-0.5032721757888794,-1.7585489749908447,0.0,0.0,0.0,4.470348358154297e-08,0.0,0.6000000238418579,4.470348358154297e-08,0.05600005388259888,0.5999999642372131,-5.960464477539063e-08,-0.055999934673309326,0.5999999642372131,1.5711555480957031,5.364418029785156e-07,-3.5170979499816895,0.0,0.0,0.0,-2.0116567611694336e-07,-2.7707912408914126e-07,-4.470348358154297e-08,32.1611328125,32.1611328125,51.85767364501953,51.85767364501953,0.11794667690992355,0.11794667690992355,0.4024088680744171,0.4024088680744171,0.4796445071697235,0.4796445071697235,0.012195754796266556,0.012195754796266556,-0.9675174355506897,-0.9675174355506897,-1.0423979759216309,-1.0423979759216309,0.42165058851242065,0.42165058851242065,0.0,0.0,-0.07712945342063904,-0.07712945342063904,0.3036646842956543,0.3036646842956543,0.5500251054763794,0.5500251054763794,-0.3060917258262634,-0.3060917258262634,-0.08217675238847733,-0.08217675238847733,-70.86294555664062,-70.86294555664062,-47.171409606933594,-47.171409606933594,-32.25603485107422,-32.25603485107422,22.555011749267578,22.555011749267578,0.0,0.0,180.0
147,0.6125,-0.13011454896465155,10.189068841874874,52.59997696439426,-0.13011454896465155,10.189068841874874,52.59997696439426,5.0,-5.0,0.0,0.0,15.0,0,0.5,0.0,0.0,3.2,3.2,3.2,10.189068794250488,10.189068794250488,10.189068794250488,10.189068794250488,-0.09767371416091919,-0.09713001549243927,5.935433864593506,6.128347396850586,0.13523972034454346,0.13523972034454346,0.0,0.0,nan,nan,12.566417694091797,12.566417694091797,25.132835388183594,0.0,-2.0433926582336426,0.3335074782371521,0.0,0.0,0.0,0.3335074782371521,0.0,-2.0433926582336426,0.0,0.0,0.0,0.8386393189430237,0.4394078850746155,-1.8412728309631348,0.0,0.0,0.0,0.0,-2.0433926582336426,0.3335074782371521,0.0,0.0,0.0,0.3335074782371521,0.0,-2.0433926582336426,-0.0,-0.0,-0.0,0.8386393189430237,-0.4394075870513916,-1.8412729501724243,0.0,0.0,0.0,4.470348358154297e-08,0.0,0.6000000238418579,-4.470348358154297e-08,0.05600005388259888,0.5999999642372131,-4.470348358154297e-08,-0.055999964475631714,0.6000000238418579,1.6772786378860474,2.980232238769531e-07,-3.6825456619262695,0.0,0.0,0.0,-1.2665987014770508e-07,-3.7923206264167675e-07,-7.450580596923828e-08,32.42644500732422,32.42644500732422,52.22949981689453,52.22949981689453,0.11794667690992355,0.11794667690992355,0.4024088680744171,0.4024088680744171,0.4796445071697235,0.4796445071697235,0.017258400097489357,0.017258400097489357,-1.221634864807129,-1.221634864807129,-0.8817076683044434,-0.8817076683044434,0.47124993801116943,0.47124993801116943,0.0,0.0,-0.07758612930774689,-0.07758612930774689,0.3335074782371521,0.3335074782371521,0.5500251054763794,0.5500251054763794,-0.31922540068626404,-0.31922540068626404,-0.08607429265975952,-0.08607429265975952,-72.66558837890625,-72.66558837890625,-48.2587776184082,-48.2587776184082,-33.322776794433594,-33.322776794433594,22.748666763305664,22.748666763305664,0.0,0.0,180.0
148,0.6166666666666667,-0.08725340828186508,10.372244638055388,35.27297525304288,-0.08725340828186508,10.372244638055388,35.27297525304288,5.0,-5.0,0.0,0.0,15.0,0,0.5,0.0,0.0,3.2,3.2,3.2,10.372241973876953,10.372241020202637,10.372243881225586,10.372243881225586,-0.05538944527506828,-0.05478084087371826,5.600714683532715,5.815255641937256,0.13767102360725403,0.13767102360725403,0.0,0.0,nan,nan,12.896720886230469,12.896720886230469,25.793441772460938,0.0,-2.083435297012329,0.355180025100708,0.0,0.0,0.0,0.355180025100708,0.0,-2.083435297012329,0.0,0.0,0.0,0.8741793632507324,0.36042553186416626,-1.8901745080947876,0.0,0.0,0.0,0.0,-2.083435297012329,0.355180025100708,0.0,0.0,0.0,0.355180025100708,0.0,-2.083435297012329,-0.0,-0.0,-0.0,0.8741793632507324,-0.36042505502700806,-1.8901745080947876,0.0,0.0,0.0,4.470348358154297e-08,0.0,0.6000000238418579,-5.960464477539063e-08,0.05600002408027649,0.5999999642372131,-5.960464477539063e-08,-0.055999934673309326,0.6000000238418579,1.7483587265014648,4.76837158203125e-07,-3.780349016189575,0.0,0.0,0.0,-1.4901161193847656e-07,-4.464262701731059e-07,-7.82310962677002e-08,32.615177154541016,32.615177154541016,52.489070892333984,52.489070892333984,0.11794667690992355,0.11794667690992355,0.3882598280906677,0.3882598280906677,0.4937935173511505,0.4937935173511505,0.023084618151187897,0.023084618151187897,-1.4471688270568848,-1.4471688270568848,-0.7156213521957397,-0.7156213521957397,0.5153317451477051,0.5153317451477051,0.0,0.0,-0.07792520523071289,-0.07792520523071289,0.355180025100708,0.355180025100708,0.5500251054763794,0.5500251054763794,-0.3309100866317749,-0.3309100866317749,-0.08832192420959473,-0.08832192420959473,-73.96683502197266,-73.96683502197266,-49.056514739990234,-49.056514739990234,-34.09943389892578,-34.09943389892578,22.887969970703125,22.887969970703125,0.0,0.0,180.0
149,0.6208333333333333,-0.04378024763146778,10.482666590547439,17.698558963888797,-0.04378024763146778,10.482666590547439,17.698558963888797,5.0,-5.0,0.0,0.0,15.0,0,0.5,0.0,0.0,3.2,3.2,3.2,10.48266315460205,10.48266315460205,10.482666969299316,10.482666969299316,-0.012718332931399345,-0.012049080803990364,5.226443767547607,5.46110200881958,0.1391366571187973,0.1391366571187973,0.0,0.0,nan,nan,13.069879531860352,13.069879531860352,26.139759063720703,0.0,-2.104294538497925,0.3865657448768616,0.0,0.0,0.0,0.3865657448768616,0.0,-2.104294538497925,0.0,0.0,0.0,0.9134008288383484,0.273617684841156,-1.9152859449386597,0.0,0.0,0.0,0.0,-2.104294538497925,0.3865657448768616,0.0,0.0,0.0,0.3865657448768616,0.0,-2.104294538497925,-0.0,-0.0,-0.0,0.9134008884429932,-0.2736172676086426,-1.9152860641479492,0.0,0.0,0.0,4.470348358154297e-08,0.0,0.6000000238418579,-1.043081283569336e-07,0.0559999942779541,0.5999999642372131,-2.9802322387695312e-08,-0.0559999942779541,0.6000000238418579,1.8268017768859863,4.172325134277344e-07,-3.8305721282958984,0.0,0.0,0.0,2.2351741790771484e-08,-4.825427026844409e-07,-1.862645149230957e-08,32.7312126159668,32.73121643066406,52.645591735839844,52.645591735839844,0.11794667690992355,0.11794667690992355,0.3882598280906677,0.3882598280906677,0.4937935173511505,0.4937935173511505,0.023084618151187897,0.023084618151187897,-1.6410667896270752,-1.6410667896270752,-0.545070230960846,-0.545070230960846,0.5516700148582458,0.5516700148582458,0.0,0.0,-0.07813388109207153,-0.07813388109207153,0.3865657448768616,0.3865657448768616,0.5500251054763794,0.5500251054763794,-0.34107425808906555,-0.34107425808906555,-0.08891429007053375,-0.08891429007053375,-74.75922393798828,-74.75922393798828,-49.560054779052734,-49.560054779052734,-34.58158493041992,-34.58158493041992,22.97194480895996,22.97194480895996,0.0,0.0,180.0
150,0.625,-2.5629408212555807e-16,10.519560168692351,1.036091883896654e-13,-2.5629408212555807e-16,10.519560168692351,1.036091883896654e-13,5.0,-5.0,0.0,0.0,15.0,0,0.5,0.0,0.0,3.2,3.2,3.2,10.519560813903809,10.51955795288086,10.519559860229492,10.519559860229492,0.030015669763088226,0.03074108436703682,4.811291694641113,5.064340591430664,0.13962633907794952,0.13962633907794952,0.0,0.0,nan,nan,12.874686241149902,12.874686241149902,25.749372482299805,0.0,-2.069366455078125,0.390383780002594,0.0,0.0,0.0,0.390383780002594,0.0,-2.069366455078125,0.0,0.0,0.0,0.9106646776199341,0.17901872098445892,-1.8903224468231201,0.0,0.0,0.0,0.0,-2.069366455078125,0.390383780002594,0.0,0.0,0.0,0.390383780002594,0.0,-2.069366455078125,-0.0,-0.0,-0.0,0.9106646776199341,-0.1790182739496231,-1.8903225660324097,0.0,0.0,0.0,4.470348358154297e-08,0.0,0.6000000238418579,0.0,0.05600005388259888,0.6000000238418579,-5.960464477539063e-08,-0.055999934673309326,0.6000000238418579,1.8213293552398682,4.470348358154297e-07,-3.7806448936462402,0.0,0.0,0.0,-2.2351741790771484e-07,-2.8168000199002563e-07,-9.685754776000977e-08,32.776981353759766,32.776981353759766,52.70455551147461,52.70454788208008,0.11794667690992355,0.11794667690992355,0.3882598280906677,0.3882598280906677,0.4937935173511505,0.4937935173511505,0.029628142714500427,0.029628142714500427,-1.8007855415344238,-1.8007855415344238,-0.37098217010498047,-0.37098217010498047,0.5784276127815247,0.5784276127815247,0.0,0.0,-0.07820433378219604,-0.07820433378219604,0.390383780002594,0.390383780002594,0.5500251054763794,0.5500251054763794,-0.34965524077415466,-0.34965524077415466,-0.08785582333803177,-0.08785582333803177,-75.03823852539062,-75.03823852539062,-49.766517639160156,-49.766517639160156,-34.766517639160156,-34.766517639160156,23.0,23.0,0.0,0.0,180.0
151,0.6291666666666667,0.04378024763146727,10.482666590547439,-17.69855896388859,0.04378024763146727,10.482666590547439,-17.69855896388859,5.0,-5.0,0.0,0.0,15.0,0,0.5,0.0,0.0,3.2,3.2,3.2,10.482664108276367,10.482666969299316,10.482666969299316,10.482666969299316,0.07253715395927429,0.0733136460185051,4.3620781898498535,4.631729602813721,0.1391366571187973,0.1391366571187973,0.0,0.0,nan,nan,12.51729965209961,12.51729965209961,25.03459930419922,0.0,-2.0148518085479736,0.4046951234340668,0.0,0.0,0.0,0.4046951234340668,0.0,-2.0148518085479736,0.0,0.0,0.0,0.9119084477424622,0.08628371357917786,-1.8396695852279663,0.0,0.0,0.0,0.0,-2.0148518085479736,0.4046951234340668,0.0,0.0,0.0,0.4046951234340668,0.0,-2.0148518085479736,-0.0,-0.0,-0.0,0.9119086265563965,-0.08628329634666443,-1.8396695852279663,0.0,0.0,0.0,4.470348358154297e-08,0.0,0.6000000238418579,-7.450580596923828e-08,0.05600005388259888,0.6000000238418579,1.4901161193847656e-08,-0.055999964475631714,0.6000000238418579,1.8238170146942139,4.172325134277344e-07,-3.6793391704559326,0.0,0.0,0.0,-1.7136335372924805e-07,-2.7413213388172153e-07,-8.195638656616211e-08,32.75340270996094,32.7534065246582,52.66787338256836,52.66787338256836,0.11794667690992355,0.11794667690992355,0.3882598280906677,0.3882598280906677,0.4937935173511505,0.4937935173511505,0.029628142714500427,0.029628142714500427,-1.9243860244750977,-1.9243860244750977,-0.1942918449640274,-0.1942918449640274,0.5942500829696655,0.5942500829696655,0.0,0.0,-0.07813388109207153,-0.07813388109207153,0.4046951234340668,0.4046951234340668,0.5500251054763794,0.5500251054763794,-0.3565990924835205,-0.3565990924835205,-0.0851602628827095,-0.0851602628827095,-74.80229187011719,-74.80229187011719,-49.67473220825195,-49.67473220825195,-34.653202056884766,-34.653202056884766,22.97194480895996,22.97194480895996,0.0,0.0,180.0
152,0.6333333333333333,0.08725340828186456,10.37224463805539,-35.272975253042674,0.08725340828186456,10.37224463805539,-35.272975253042674,5.0,-5.0,0.0,0.0,15.0,0,0.5,0.0,0.0,3.2,3.2,3.2,10.372241973876953,10.372245788574219,10.372244834899902,10.372244834899902,0.11453503370285034,0.11535727977752686,3.8798952102661133,4.164211750030518,0.13767102360725403,0.13767102360725403,0.0,0.0,nan,nan,11.90204906463623,11.90204906463623,23.80409812927246,0.0,-1.922234296798706,0.40977102518081665,0.0,0.0,0.0,0.40977102518081665,0.0,-1.922234296798706,0.0,0.0,0.0,0.8933185935020447,-0.001222682767547667,-1.7506791353225708,0.0,0.0,0.0,0.0,-1.922234296798706,0.40977102518081665,0.0,0.0,0.0,0.40977102518081665,0.0,-1.922234296798706,-0.0,-0.0,-0.0,0.8933185935020447,0.0012230859138071537,-1.7506791353225708,0.0,0.0,0.0,4.470348358154297e-08,0.0,0.6000000238418579,-1.1920928955078125e-07,0.05600002408027649,0.5999999642372131,0.0,-0.055999964475631714,0.6000000238418579,1.7866371870040894,4.0314625948667526e-07,-3.5013582706451416,0.0,0.0,0.0,-1.043081283569336e-07,-4.1846607246043277e-07,-5.21540641784668e-08,32.6599006652832,32.6599006652832,52.53401565551758,52.53401565551758,0.11794667690992355,0.11794667690992355,0.3882598280906677,0.3882598280906677,0.4937935173511505,0.4937935173511505,0.029628142714500427,0.029628142714500427,-2.0105960369110107,-2.0105960369110107,-0.01595245487987995,-0.01595245487987995,0.5983313322067261,0.5983313322067261,0.0,0.0,-0.07792520523071289,-0.07792520523071289,0.40977102518081665,0.40977102518081665,0.5500251054763794,0.5500251054763794,-0.3618607223033905,-0.3618607223033905,-0.08085006475448608,-0.08085006475448608,-74.05267333984375,-74.05267333984375,-49.28519821166992,-49.28519821166992,-34.242279052734375,-34.242279052734375,22.887969970703125,22.887969970703125,0.0,0.0,180.0
153,0.6375,0.13011454896465105,10.189068841874878,-52.59997696439406,0.13011454896465105,10.189068841874878,-52.59997696439406,5.0,-5.0,0.0,0.0,15.0,0,0.5,0.0,0.0,3.2,3.2,3.2,10.189065933227539,10.189068794250488,10.189068794250488,10.189068794250488,0.15572769939899445,0.15658995509147644,3.3701975345611572,3.6671864986419678,0.13523972034454346,0.13523972034454346,0.0,0.0,nan,nan,11.152164459228516,11.152164459228516,22.30432891845703,0.0,-1.8112328052520752,0.425319641828537,0.0,0.0,0.0,0.425319641828537,0.0,-1.8112328052520752,0.0,0.0,0.0,0.8791646957397461,-0.07875791192054749,-1.6377812623977661,0.0,0.0,0.0,0.0,-1.8112328052520752,0.425319641828537,0.0,0.0,0.0,0.425319641828537,0.0,-1.8112328052520752,-0.0,-0.0,-0.0,0.8791649341583252,0.07875831425189972,-1.6377812623977661,0.0,0.0,0.0,4.470348358154297e-08,0.0,0.6000000238418579,-1.1175870895385742e-07,0.05600002408027649,0.5999999642372131,-7.450580596923828e-09,-0.0559999942779541,0.6000000238418579,1.7583296298980713,4.023313522338867e-07,-3.2755625247955322,0.0,0.0,0.0,-5.960464477539063e-08,-3.940700992188795e-07,-3.725290298461914e-09,32.49432373046875,32.49433135986328,52.297916412353516,52.29792404174805,0.11794667690992355,0.11794667690992355,0.4024088680744171,0.4024088680744171,0.4796445071697235,0.4796445071697235,0.023084618151187897,0.023084618151187897,-2.0588457584381104,-2.0588457584381104,0.16305354237556458,0.16305354237556458,0.5904511213302612,0.5904511213302612,0.0,0.0,-0.07758612930774689,-0.07758612930774689,0.425319641828537,0.425319641828537,0.5500251054763794,0.5500251054763794,-0.36540380120277405,-0.36540380120277405,-0.07495608180761337,-0.07495608180761337,-72.7935791015625,-72.7935791015625,-48.6000862121582,-48.6000862121582,-33.53608703613281,-33.53608703613281,22.748666763305664,22.748666763305664,0.0,0.0,180.0
154,0.6416666666666666,0.17206302957362585,9.934424048604473,-69.55802763037188,0.17206302957362585,9.934424048604473,-69.55802763037188,5.0,-5.0,0.0,0.0,15.0,0,0.5,0.0,0.0,3.2,3.2,3.2,9.93442153930664,9.93442440032959,9.93442440032959,9.93442440032959,0.19580025970935822,0.1966966837644577,2.832411766052246,3.139897346496582,0.13185980916023254,0.13185980916023254,0.0,0.0,nan,nan,10.082258224487305,10.082258224487305,20.16451644897461,0.0,-1.6443266868591309,0.4107626676559448,0.0,0.0,0.0,0.4107626676559448,0.0,-1.6443266868591309,0.0,0.0,0.0,0.8207962512969971,-0.14032970368862152,-1.4761900901794434,0.0,0.0,0.0,0.0,-1.6443266868591309,0.4107626676559448,0.0,0.0,0.0,0.4107626676559448,0.0,-1.6443266868591309,-0.0,-0.0,-0.0,0.8207961916923523,0.14033003151416779,-1.4761900901794434,0.0,0.0,0.0,4.470348358154297e-08,0.0,0.6000000238418579,-1.043081283569336e-07,0.0559999942779541,0.5999999642372131,0.0,-0.055999964475631714,0.6000000238418579,1.6415925025939941,3.2782554626464844e-07,-2.9523801803588867,0.0,0.0,0.0,-5.21540641784668e-08,-3.348835662109195e-07,-1.1175870895385742e-08,32.253047943115234,32.25304412841797,51.95083236694336,51.950828552246094,0.11794667690992355,0.11794667690992355,0.4024088680744171,0.4024088680744171,0.4796445071697235,0.4796445071697235,0.023084618151187897,0.023084618151187897,-2.069272518157959,-2.069272518157959,0.341704398393631,0.341704398393631,0.5709775686264038,0.5709775686264038,0.0,0.0,-0.07712945342063904,-0.07712945342063904,0.4107626676559448,0.4107626676559448,0.5500251054763794,0.5500251054763794,-0.36720117926597595,-0.36720117926597595,-0.06751733273267746,-0.06751733273267746,-71.0322036743164,-71.0322036743164,-47.6233024597168,-47.6233024597168,-32.538673400878906,-32.538673400878906,22.555011749267578,22.555011749267578,0.0,0.0,180.0
155,0.6458333333333334,0.2128046116572587,9.61009640850693,-86.02817870989689,0.2128046116572587,9.61009640850693,-86.02817870989689,5.0,-5.0,0.0,0.0,15.0,0,0.5,0.0,0.0,3.2,3.2,3.2,9.610097885131836,9.610095024108887,9.610095977783203,9.610095977783203,0.23449741303920746,0.23542176187038422,2.2744338512420654,2.590254306793213,0.1275550127029419,0.1275550127029419,0.0,0.0,nan,nan,8.93236255645752,8.93236255645752,17.86472511291504,0.0,-1.4606562852859497,0.4043749272823334,0.0,0.0,0.0,0.4043749272823334,0.0,-1.4606562852859497,0.0,0.0,0.0,0.76563560962677,-0.1838270127773285,-1.2950079441070557,0.0,0.0,0.0,0.0,-1.4606562852859497,0.4043749272823334,0.0,0.0,0.0,0.4043749272823334,0.0,-1.4606562852859497,-0.0,-0.0,-0.0,0.7656355500221252,0.18382734060287476,-1.2950079441070557,0.0,0.0,0.0,4.470348358154297e-08,0.0,0.6000000238418579,-1.4901161193847656e-08,0.05600005388259888,0.5999999642372131,-8.940696716308594e-08,-0.055999964475631714,0.6000000238418579,1.53127121925354,3.2782554626464844e-07,-2.5900158882141113,0.0,0.0,0.0,-1.2665987014770508e-07,-2.9649802968378935e-07,-8.940696716308594e-08,31.930923461914062,31.930923461914062,51.480010986328125,51.480010986328125,0.11794667690992355,0.11794667690992355,0.4165618121623993,0.4165618121623993,0.46549156308174133,0.46549156308174133,0.017258400097489357,0.017258400097489357,-2.042686700820923,-2.042686700820923,0.5189313292503357,0.5189313292503357,0.540837287902832,0.540837287902832,0.0,0.0,-0.0765722244977951,-0.0765722244977951,0.4043749272823334,0.4043749272823334,0.5500251054763794,0.5500251054763794,-0.3672349750995636,-0.3672349750995636,-0.05858075991272926,-0.05858075991272926,-68.77867889404297,-68.77867889404297,-46.360450744628906,-46.360450744628906,-31.255783081054688,-31.255783081054688,22.308364868164062,22.308364868164062,0.0,0.0,180.0
156,0.65,0.25205352229001754,9.218360846948459,-101.89490392693274,0.25205352229001754,9.218360846948459,-101.89490392693274,5.0,-5.0,0.0,0.0,15.0,0,0.5,0.0,0.0,3.2,3.2,3.2,9.218358993530273,9.218360900878906,9.218360900878906,9.218360900878906,0.27154481410980225,0.2724905014038086,1.6997103691101074,2.021629571914673,0.12235549092292786,0.12235549092292786,0.0,0.0,nan,nan,7.713766574859619,7.713766574859619,15.427533149719238,0.0,-1.2570945024490356,0.3990020751953125,0.0,0.0,0.0,0.3990020751953125,0.0,-1.2570945024490356,0.0,0.0,0.0,0.7063237428665161,-0.20702169835567474,-1.0944122076034546,0.0,0.0,0.0,0.0,-1.2570945024490356,0.3990020751953125,0.0,0.0,0.0,0.3990020751953125,0.0,-1.2570945024490356,-0.0,-0.0,-0.0,0.7063238024711609,0.20702192187309265,-1.094412088394165,0.0,0.0,0.0,4.470348358154297e-08,0.0,0.6000000238418579,-7.450580596923828e-08,0.05600005388259888,0.5999999642372131,-5.21540641784668e-08,-0.055999934673309326,0.5999999642372131,1.4126474857330322,2.2351741790771484e-07,-2.18882417678833,0.0,0.0,0.0,-1.341104507446289e-07,-3.206665155630617e-07,-7.450580596923828e-08,31.52140998840332,31.52140998840332,50.868377685546875,50.86837387084961,0.11794667690992355,0.11794667690992355,0.43071863055229187,0.43071863055229187,0.45133471488952637,0.45133471488952637,0.00794259924441576,0.00794259924441576,-1.9805182218551636,-1.9805182218551636,0.6936150193214417,0.6936150193214417,0.5014570951461792,0.5014570951461792,0.0,0.0,-0.0759352296590805,-0.0759352296590805,0.3990020751953125,0.3990020751953125,0.5500251054763794,0.5500251054763794,-0.3654974102973938,-0.3654974102973938,-0.04820144921541214,-0.04820144921541214,-66.04624938964844,-66.04624938964844,-44.81893539428711,-44.81893539428711,-29.694961547851562,-29.694961547851562,22.010454177856445,22.010454177856445,0.0,0.0,180.0
157,0.6541666666666667,0.28953445856411775,8.761965107431775,-117.04690960430862,0.28953445856411775,8.761965107431775,-117.04690960430862,5.0,-5.0,0.0,0.0,15.0,0,0.5,0.0,0.0,3.2,3.2,3.2,8.761962890625,8.761963844299316,8.761964797973633,8.761964797973633,0.3066673278808594,0.30762800574302673,1.1098380088806152,1.435537338256836,0.11629774421453476,0.11629774421453476,0.0,0.0,nan,nan,6.345561981201172,6.345561981201172,12.691123962402344,0.0,-1.0125832557678223,0.3732264041900635,0.0,0.0,0.0,0.3732264041900635,0.0,-1.0125832557678223,0.0,0.0,0.0,0.6172075271606445,-0.20406323671340942,-0.8614150285720825,0.0,0.0,0.0,0.0,-1.0125832557678223,0.3732264041900635,0.0,0.0,0.0,0.3732264041900635,0.0,-1.0125832557678223,-0.0,-0.0,-0.0,0.6172074675559998,0.20406349003314972,-0.8614150285720825,0.0,0.0,0.0,4.470348358154297e-08,0.0,0.6000000238418579,-3.725290298461914e-08,0.0559999942779541,0.6000000238418579,-2.2351741790771484e-08,-0.055999964475631714,0.6000000238418579,1.234415054321289,2.5331974029541016e-07,-1.722830057144165,0.0,0.0,0.0,-2.2351741790771484e-08,-1.2836083840284118e-07,-2.2351741790771484e-08,31.016643524169922,31.016643524169922,50.093997955322266,50.093990325927734,0.11794667690992355,0.11794667690992355,0.44487857818603516,0.44487857818603516,0.43717479705810547,0.43717479705810547,0.002056337660178542,0.002056337660178542,-1.8847198486328125,-1.8847198486328125,0.8645848035812378,0.8645848035812378,0.45467689633369446,0.45467689633369446,0.0,0.0,-0.07524202764034271,-0.07524202764034271,0.3732264041900635,0.3732264041900635,0.5500251054763794,0.5500251054763794,-0.3619908094406128,-0.3619908094406128,-0.0364423431456089,-0.0364423431456089,-62.851280212402344,-62.851280212402344,-43.00796127319336,-43.00796127319336,-27.865549087524414,-27.865549087524414,21.66337013244629,21.66337013244629,0.0,0.0,180.0
158,0.6583333333333333,0.32498451864161143,8.244110478149711,-131.37791530889848,0.32498451864161143,8.244110478149711,-131.37791530889848,5.0,-5.0,0.0,0.0,15.0,0,0.5,0.0,0.0,3.2,3.2,3.2,8.244110107421875,8.244107246398926,8.244110107421875,8.244110107421875,0.3396175503730774,0.34058672189712524,0.5087685585021973,0.8358975052833557,0.10942424833774567,0.10942424833774567,0.0,0.0,nan,nan,4.864300727844238,4.864300727844238,9.728601455688477,0.0,-0.7270357608795166,0.3281308710575104,0.0,0.0,0.0,0.3281308710575104,0.0,-0.7270357608795166,0.0,0.0,0.0,0.49980002641677856,-0.1716650426387787,-0.5974796414375305,0.0,0.0,0.0,0.0,-0.7270357608795166,0.3281308710575104,0.0,0.0,0.0,0.3281308710575104,0.0,-0.7270357608795166,-0.0,-0.0,-0.0,0.49980002641677856,0.17166517674922943,-0.5974796414375305,0.0,0.0,0.0,4.470348358154297e-08,0.0,0.6000000238418579,2.2351741790771484e-08,0.05600005388259888,0.6000000238418579,-1.4901161193847656e-07,-0.055999964475631714,0.5999999642372131,0.9996000528335571,1.341104507446289e-07,-1.194959282875061,0.0,0.0,0.0,-4.470348358154297e-08,-1.5888593907220638e-07,-7.450580596923828e-08,30.40754508972168,30.40754508972168,49.12944030761719,49.12944030761719,0.11794667690992355,0.11794667690992355,0.4732013940811157,0.4732013940811157,0.4088520109653473,0.4088520109653473,0.0,0.0,-1.757659912109375,-1.757659912109375,1.030624270439148,1.030624270439148,0.40264904499053955,0.40264904499053955,0.0,0.0,-0.07451818883419037,-0.07451818883419037,0.3281308710575104,0.3281308710575104,0.5500251054763794,0.5500251054763794,-0.3567286431789398,-0.3567286431789398,-0.023374903947114944,-0.023374903947114944,-59.21332931518555,-59.21332931518555,-40.93856430053711,-40.93856430053711,-25.778715133666992,-25.778715133666992,21.269546508789062,21.269546508789062,0.0,0.0,180.0
159,0.6625,0.3581550458218894,7.668429337248623,-144.78739933249867,0.3581550458218894,7.668429337248623,-144.78739933249867,5.0,-5.0,0.0,0.0,15.0,0,0.5,0.0,0.0,3.2,3.2,3.2,7.668426990509033,7.668428897857666,7.668429374694824,7.668429851531982,0.370170533657074,0.37114134430885315,-0.09828627109527588,0.2279251217842102,0.10178322345018387,0.10178322345018387,0.0,0.0,nan,nan,3.36846923828125,3.36846923828125,6.7369384765625,0.0,-0.4114980697631836,0.2739322781562805,0.0,0.0,0.0,0.2739322781562805,0.0,-0.4114980697631836,0.0,0.0,0.0,0.3671993315219879,-0.11036916077136993,-0.3120141923427582,0.0,0.0,0.0,0.0,-0.4114980697631836,0.2739322781562805,0.0,0.0,0.0,0.2739322781562805,0.0,-0.4114980697631836,-0.0,-0.0,-0.0,0.3671993613243103,0.1103692427277565,-0.3120141327381134,0.0,0.0,0.0,4.470348358154297e-08,0.0,0.6000000238418579,-7.450580596923828e-08,0.0559999942779541,0.5999999642372131,-5.21540641784668e-08,-0.055999934673309326,0.6000000238418579,0.7343987226486206,8.195638656616211e-08,-0.6240283250808716,0.0,0.0,0.0,-2.7939677238464355e-08,-8.93027021220405e-08,-1.862645149230957e-08,29.683975219726562,29.683975219726562,47.94109344482422,47.941097259521484,0.11794667690992355,0.11794667690992355,0.5015096664428711,0.5015096664428711,0.38054367899894714,0.38054367899894714,0.0,0.0,-1.6019785404205322,-1.6019785404205322,1.1904804706573486,1.1904804706573486,0.347722589969635,0.347722589969635,0.0,0.0,-0.07379033416509628,-0.07379033416509628,0.2739322781562805,0.2739322781562805,0.5500251054763794,0.5500251054763794,-0.3497360348701477,-0.3497360348701477,-0.009078867733478546,-0.009078867733478546,-55.155208587646484,-55.155208587646484,-38.623680114746094,-38.623680114746094,-23.447521209716797,-23.447521209716797,20.831748962402344,20.831748962402344,0.0,0.0,180.0
160,0.6666666666666666,0.3888133726897723,7.038959674305614,-157.18130377938425,0.3888133726897723,7.038959674305614,-157.18130377938425,5.0,-5.0,0.0,0.0,15.0,0,0.5,0.0,0.0,3.2,3.2,3.2,7.038958549499512,7.038959980010986,7.038959980010986,7.038959980010986,0.3981183171272278,0.39908406138420105,-0.7060448527336121,-0.3830636143684387,0.09342825412750244,0.09342825412750244,0.0,0.0,nan,nan,1.9550371170043945,1.9550371170043945,3.910074234008789,0.0,-0.07755878567695618,0.21924376487731934,0.0,0.0,0.0,0.21924376487731934,0.0,-0.07755878567695618,0.0,0.0,0.0,0.23093727231025696,-0.023082848638296127,-0.014776848256587982,0.0,0.0,0.0,0.0,-0.07755878567695618,0.21924376487731934,0.0,0.0,0.0,0.21924376487731934,0.0,-0.07755878567695618,-0.0,-0.0,-0.0,0.23093727231025696,0.023082861676812172,-0.01477684173732996,0.0,0.0,0.0,4.470348358154297e-08,0.0,0.6000000238418579,-1.1920928955078125e-07,0.0559999942779541,0.5999999642372131,7.450580596923828e-08,-0.0559999942779541,0.6000000238418579,0.4618745446205139,1.30385160446167e-08,-0.029553689062595367,0.0,0.0,0.0,-1.7462298274040222e-09,-1.574666441683803e-08,4.6566128730773926e-09,28.83502769470215,28.83502769470215,46.488494873046875,46.488494873046875,0.11794667690992355,0.11794667690992355,0.5438657999038696,0.5438657999038696,0.3381875455379486,0.3381875455379486,0.0,0.0,-1.420436143875122,-1.420436143875122,1.3428773880004883,1.3428773880004883,0.29232901334762573,0.29232901334762573,0.0,0.0,-0.0730852335691452,-0.0730852335691452,0.21924376487731934,0.21924376487731934,0.5500251054763794,0.5500251054763794,-0.3410501182079315,-0.3410501182079315,0.006357371807098389,0.006357371807098389,-50.702972412109375,-50.702972412109375,-36.07811737060547,-36.07811737060547,-20.886877059936523,-20.886877059936523,20.353044509887695,20.353044509887695,0.0,0.0,180.0
161,0.6708333333333333,0.4167444531102592,6.360116766732898,-168.4726943148684,0.4167444531102592,6.360116766732898,-168.4726943148684,5.0,-5.0,0.0,0.0,15.0,0,0.5,0.0,0.0,3.2,3.2,3.2,6.360117435455322,6.360116004943848,6.360117435455322,6.360117435455322,0.42326608300209045,0.42422014474868774,-1.3100528717041016,-0.9925918579101562,0.08441796153783798,0.08441796153783798,0.0,0.0,nan,nan,0.6767458319664001,0.6767458319664001,1.3534916639328003,0.0,0.27078408002853394,0.16644757986068726,0.0,0.0,0.0,0.16644757986068726,0.0,0.27078408002853394,0.0,0.0,0.0,0.09447649866342545,0.08777827769517899,0.2905133068561554,0.0,0.0,0.0,0.0,0.27078408002853394,0.16644757986068726,0.0,0.0,0.0,0.16644757986068726,0.0,0.27078408002853394,-0.0,-0.0,-0.0,0.09447649121284485,-0.08777832984924316,0.290513277053833,0.0,0.0,0.0,4.470348358154297e-08,0.0,0.6000000238418579,7.450580596923828e-09,0.056000083684921265,0.5999999642372131,-5.21540641784668e-08,-0.055999964475631714,0.6000000238418579,0.1889529824256897,-5.21540641784668e-08,0.581026554107666,0.0,0.0,0.0,4.0978193283081055e-08,3.332963061097871e-08,-6.51925802230835e-09,27.84942054748535,27.84942054748535,44.72383499145508,44.72383499145508,0.11794667690992355,0.11794667690992355,0.5998412370681763,0.5998412370681763,0.28221216797828674,0.28221216797828674,0.0,0.0,-1.2157520055770874,-1.2157520055770874,1.4865360260009766,1.4865360260009766,0.238876610994339,0.238876610994339,0.0,0.0,-0.07242901623249054,-0.07242901623249054,0.16644757986068726,0.16644757986068726,0.5500251054763794,0.5500251054763794,-0.3307207226753235,-0.3307207226753235,0.022836556658148766,0.022836556658148766,-45.8858757019043,-45.8858757019043,-33.31854248046875,-33.31854248046875,-18.11356544494629,-18.11356544494629,19.836793899536133,19.836793899536133,0.0,0.0,180.0
162,0.675,0.44175237062265454,5.636662209779128,-178.58236994719778,0.44175237062265454,5.636662209779128,-178.58236994719778,5.0,-5.0,0.0,0.0,15.0,0,0.5,0.0,0.0,3.2,3.2,3.2,5.636661052703857,5.636661529541016,5.636662483215332,5.636662483215332,0.4454384744167328,0.4463741183280945,-1.9059172868728638,-1.5962255001068115,0.074815534055233,0.074815534055233,0.0,0.0,nan,nan,-0.41913580894470215,-0.41913580894470215,-0.8382716178894043,0.0,0.629759669303894,0.11781476438045502,0.0,0.0,0.0,0.11781476438045502,0.0,0.629759669303894,0.0,0.0,0.0,-0.03902236372232437,0.218978151679039,0.6008356213569641,0.0,0.0,0.0,0.0,0.629759669303894,0.11781476438045502,0.0,0.0,0.0,0.11781476438045502,0.0,0.629759669303894,-0.0,-0.0,-0.0,-0.03902237117290497,-0.21897825598716736,0.6008355617523193,0.0,0.0,0.0,4.470348358154297e-08,0.0,0.6000000238418579,-7.450580596923828e-08,0.05600005388259888,0.5999999642372131,-7.450580596923828e-09,-0.055999934673309326,0.6000000238418579,-0.07804473489522934,-1.043081283569336e-07,1.2016711235046387,0.0,0.0,0.0,8.940696716308594e-08,1.0528711413826386e-07,-1.0477378964424133e-08,26.71609115600586,26.71609115600586,42.59206008911133,42.592063903808594,0.11794667690992355,0.11794667690992355,0.6680206060409546,0.6680206060409546,0.21403278410434723,0.21403278410434723,0.0,0.0,-0.9904357194900513,-0.9904357194900513,1.6201953887939453,1.6201953887939453,0.1896611750125885,0.1896611750125885,0.0,0.0,-0.07184641063213348,-0.07184641063213348,0.11781476438045502,0.11781476438045502,0.5500251054763794,0.5500251054763794,-0.31881067156791687,-0.31881067156791687,0.04025277495384216,0.04025277495384216,-40.73635482788086,-40.73635482788086,-30.363475799560547,-30.363475799560547,-15.146197319030762,-15.146197319030762,19.2866153717041,19.2866153717041,0.0,0.0,180.0
163,0.6791666666666667,0.4636617126537714,4.873670517359997,-187.43941856560298,0.4636617126537714,4.873670517359997,-187.43941856560298,5.0,-5.0,0.0,0.0,15.0,0,0.5,0.0,0.0,3.2,3.2,3.2,4.873668670654297,4.8736701011657715,4.87367057800293,4.87367057800293,0.4644804298877716,0.46539121866226196,-2.489358901977539,-2.1896255016326904,0.06468833237886429,0.06468833237886429,0.0,0.0,nan,nan,-1.292433500289917,-1.292433500289917,-2.584867000579834,0.0,0.9959956407546997,0.07544393092393875,0.0,0.0,0.0,0.07544393092393875,0.0,0.9959956407546997,0.0,0.0,0.0,-0.16680161654949188,0.3666996955871582,0.9140064120292664,0.0,0.0,0.0,0.0,0.9959956407546997,0.07544393092393875,0.0,0.0,0.0,0.07544393092393875,0.0,0.9959956407546997,-0.0,-0.0,-0.0,-0.1668016016483307,-0.36669987440109253,0.9140063524246216,0.0,0.0,0.0,4.470348358154297e-08,0.0,0.6000000238418579,-1.1175870895385742e-07,0.055999964475631714,0.5999999642372131,-1.4901161193847656e-08,-0.055999964475631714,0.6000000238418579,-0.3336032032966614,-1.7881393432617188e-07,1.8280127048492432,0.0,0.0,0.0,2.60770320892334e-08,2.0742862716360833e-07,-3.632158041000366e-08,25.425172805786133,25.425172805786133,40.03216552734375,40.03216552734375,0.11794667690992355,0.11794667690992355,0.7563843131065369,0.7563843131065369,0.12566909193992615,0.12566909193992615,0.0,0.0,-0.7466413974761963,-0.7466413974761963,1.7426371574401855,1.7426371574401855,0.1468040943145752,0.1468040943145752,0.0,0.0,-0.07136015594005585,-0.07136015594005585,0.07544393092393875,0.07544393092393875,0.5500251054763794,0.5500251054763794,-0.30539602041244507,-0.30539602041244507,0.05849137529730797,0.05849137529730797,-35.289794921875,-35.289794921875,-27.233154296875,-27.233154296875,-12.005098342895508,-12.005098342895508,18.706369400024414,18.706369400024414,0.0,0.0,180.0
164,0.6833333333333333,0.48231880091110335,4.076493527989006,-194.98171433780706,0.48231880091110335,4.076493527989006,-194.98171433780706,5.0,-5.0,0.0,0.0,15.0,0,0.5,0.0,0.0,3.2,3.2,3.2,4.076492786407471,4.076493740081787,4.076493740081787,4.076493740081787,0.4802587926387787,0.4811382591724396,-3.056248664855957,-2.768594264984131,0.05410738289356232,0.05410738289356232,0.0,0.0,nan,nan,-1.9110987186431885,-1.9110987186431885,-3.822197437286377,0.0,1.3666765689849854,0.04122874140739441,0.0,0.0,0.0,0.04122874140739441,0.0,1.3666765689849854,0.0,0.0,0.0,-0.2865642309188843,0.5267929434776306,1.2287696599960327,0.0,0.0,0.0,0.0,1.3666765689849854,0.04122874140739441,0.0,0.0,0.0,0.04122874140739441,0.0,1.3666765689849854,-0.0,-0.0,-0.0,-0.2865642309188843,-0.5267933011054993,1.2287695407867432,0.0,0.0,0.0,4.470348358154297e-08,0.0,0.6000000238418579,-1.341104507446289e-07,0.05600002408027649,0.5999999046325684,2.9802322387695312e-08,-0.055999964475631714,0.6000000238418579,-0.5731284618377686,-3.5762786865234375e-07,2.4575390815734863,0.0,0.0,0.0,1.4156103134155273e-07,2.7219235221309646e-07,-7.078051567077637e-08,23.969369888305664,23.969371795654297,36.980777740478516,36.980777740478516,0.11794667690992355,0.11794667690992355,0.8524252772331238,0.8524252772331238,0.029628142714500427,0.029628142714500427,0.0,0.0,-0.4860359728336334,-0.4860359728336334,1.852712631225586,1.852712631225586,0.11221913993358612,0.11221913993358612,0.0,0.0,-0.07099039852619171,-0.07099039852619171,0.04122874140739441,0.04122874140739441,0.5500251054763794,0.5500251054763794,-0.2905657887458801,-0.2905657887458801,0.07742945849895477,0.07742945849895477,-29.58440399169922,-29.58440399169922,-23.94947624206543,-23.94947624206543,-8.712244033813477,-8.712244033813477,18.10012435913086,18.10012435913086,0.0,0.0,180.0
165,0.6875,0.4975927693256243,3.2507228654757307,-201.15635347809987,0.4975927693256243,3.2507228654757307,-201.15635347809987,5.0,-5.0,0.0,0.0,15.0,0,0.5,0.0,0.0,3.2,3.2,3.2,3.250722885131836,3.2507216930389404,3.250722885131836,3.250722885131836,0.492662638425827,0.49350470304489136,-3.6026487350463867,-3.3291125297546387,0.04314691200852394,0.04314691200852394,0.0,0.0,nan,nan,-2.251502275466919,-2.251502275466919,-4.503004550933838,0.0,1.7396504878997803,0.016857273876667023,0.0,0.0,0.0,0.016857273876667023,0.0,1.7396504878997803,0.0,0.0,0.0,-0.3964793086051941,0.6949969530105591,1.5448144674301147,0.0,0.0,0.0,0.0,1.7396504878997803,0.016857273876667023,0.0,0.0,0.0,0.016857273876667023,0.0,1.7396504878997803,-0.0,-0.0,-0.0,-0.39647915959358215,-0.6949969530105591,1.5448143482208252,0.0,0.0,0.0,4.470348358154297e-08,0.0,0.6000000238418579,2.2351741790771484e-08,0.05600005388259888,0.6000000238418579,-4.470348358154297e-08,-0.055999964475631714,0.6000000238418579,-0.7929584980010986,0.0,3.0896286964416504,0.0,0.0,0.0,1.4901161193847656e-07,1.7264646601233835e-07,8.940696716308594e-08,22.345958709716797,22.34595489501953,33.37980270385742,33.37980270385742,0.11794667690992355,0.11794667690992355,0.8820533156394958,0.8820533156394958,0.0,0.0,0.0,0.0,-0.2097177803516388,-0.2097177803516388,1.9493682384490967,1.9493682384490967,0.08761175721883774,0.08761175721883774,0.0,0.0,-0.07075448334217072,-0.07075448334217072,0.016857273876667023,0.016857273876667023,0.5500251054763794,0.5500251054763794,-0.27442190051078796,-0.27442190051078796,0.09693636000156403,0.09693636000156403,-23.660898208618164,-23.660898208618164,-20.535818099975586,-20.535818099975586,-5.291072368621826,-5.291072368621826,17.472135543823242,17.472135543823242,0.0,0.0,180.0
166,0.6916666666666667,0.5093764819832374,2.402150717702299,-205.9200253293844,0.5093764819832374,2.402150717702299,-205.9200253293844,5.0,-5.0,0.0,0.0,15.0,0,0.5,0.0,0.0,3.2,3.2,3.2,2.4021499156951904,2.4021503925323486,2.4021506309509277,2.4021506309509277,0.5016039609909058,0.5024028420448303,-4.124851703643799,-3.867370128631592,0.03188379481434822,0.03188379481434822,0.0,0.0,nan,nan,-2.2980763912200928,-2.2980763912200928,-4.5961527824401855,0.0,2.113485336303711,0.0038374122232198715,0.0,0.0,0.0,0.0038374122232198715,0.0,2.113485336303711,0.0,0.0,0.0,-0.4951443374156952,0.8671173453330994,1.862733006477356,0.0,0.0,0.0,0.0,2.113485336303711,0.0038374122232198715,0.0,0.0,0.0,0.0038374122232198715,0.0,2.113485336303711,-0.0,-0.0,-0.0,-0.4951443672180176,-0.8671180009841919,1.8627327680587769,0.0,0.0,0.0,4.470348358154297e-08,0.0,0.6000000238418579,-1.341104507446289e-07,0.05600002408027649,0.5999999046325684,7.450580596923828e-09,-0.055999934673309326,0.6000000238418579,-0.9902887344360352,-6.556510925292969e-07,3.725465774536133,0.0,0.0,0.0,2.8312206268310547e-07,4.615006332642224e-07,-8.009374141693115e-08,20.559574127197266,20.5595760345459,29.190431594848633,29.190431594848633,0.11794667690992355,0.11794667690992355,0.8820533156394958,0.8820533156394958,0.0,0.0,0.0,0.0,0.08181404322385788,0.08181404322385788,2.0316715240478516,2.0316715240478516,0.0745038241147995,0.0745038241147995,0.0,0.0,-0.07066641002893448,-0.07066641002893448,0.0038374122232198715,0.0038374122232198715,0.5500251054763794,0.5500251054763794,-0.2570783793926239,-0.2570783793926239,0.11687438935041428,0.11687438935041428,-17.562204360961914,-17.562204360961914,-17.016862869262695,-17.016862869262695,-1.7663218975067139,-1.7663218975067139,16.82680892944336,16.82680892944336,0.0,0.0,180.0
167,0.6958333333333333,0.5175872846062355,1.5367292085870956,-209.23931615631736,0.5175872846062355,1.5367292085870956,-209.23931615631736,5.0,-5.0,0.0,0.0,15.0,0,0.5,0.0,0.0,3.2,3.2,3.2,1.5367289781570435,1.536728858947754,1.536729335784912,1.536729335784912,0.50701904296875,0.5077692270278931,-4.619392395019531,-4.379798889160156,0.020397039130330086,0.020397039130330086,0.0,0.0,nan,nan,-2.0424132347106934,-2.0424132347106934,-4.084826469421387,0.0,2.487452983856201,0.0035385126248002052,0.0,0.0,0.0,0.0035385126248002052,0.0,2.487452983856201,0.0,0.0,0.0,-0.581512987613678,1.0391387939453125,2.1839113235473633,0.0,0.0,0.0,0.0,2.487452983856201,0.0035385126248002052,0.0,0.0,0.0,0.0035385126248002052,0.0,2.487452983856201,-0.0,-0.0,-0.0,-0.5815131068229675,-1.0391391515731812,2.183911085128784,0.0,0.0,0.0,4.470348358154297e-08,0.0,0.6000000238418579,-1.043081283569336e-07,0.05600002408027649,0.5999999642372131,-1.1920928955078125e-07,-0.055999964475631714,0.5999999642372131,-1.1630260944366455,-3.5762786865234375e-07,4.367822647094727,0.0,0.0,0.0,1.4156103134155273e-07,7.527207799284952e-07,4.0978193283081055e-08,18.62598419189453,18.625988006591797,24.416597366333008,24.416616439819336,0.11794667690992355,0.11794667690992355,0.8820533156394958,0.8820533156394958,0.0,0.0,0.0,0.0,0.3886198103427887,0.3886198103427887,2.0988330841064453,2.0988330841064453,0.07427530735731125,0.07427530735731125,0.0,0.0,-0.07073679566383362,-0.07073679566383362,0.0035385126248002052,0.0035385126248002052,0.5500251054763794,0.5500251054763794,-0.2386607527732849,-0.2386607527732849,0.13709986209869385,0.13709986209869385,-11.333057403564453,-11.333057403564453,-13.418386459350586,-13.418386459350586,1.8361934423446655,1.8361934423446655,16.168664932250977,16.168664932250977,0.0,0.0,180.0
168,0.7,0.5221675843136716,0.6605286482120849,-211.09094351865494,0.5221675843136716,0.6605286482120849,-211.09094351865494,5.0,-5.0,0.0,0.0,15.0,0,0.5,0.0,0.0,3.2,3.2,3.2,0.6605283617973328,0.6605286598205566,0.6605286598205566,0.6605286598205566,0.5088680982589722,0.509564220905304,-5.083067893981934,-4.86307430267334,0.008767210878431797,0.008767210878431797,0.0,0.0,nan,nan,-1.482092261314392,-1.482092261314392,-2.964184522628784,0.0,2.861435890197754,0.017234567552804947,0.0,0.0,0.0,0.017234567552804947,0.0,2.861435890197754,0.0,0.0,0.0,-0.6548027396202087,1.207265853881836,2.5103495121002197,0.0,0.0,0.0,0.0,2.861435890197754,0.017234567552804947,0.0,0.0,0.0,0.017234567552804947,0.0,2.861435890197754,-0.0,-0.0,-0.0,-0.654802680015564,-1.2072665691375732,2.5103492736816406,0.0,0.0,0.0,4.470348358154297e-08,0.0,0.6000000238418579,-7.450580596923828e-08,0.05600002408027649,0.5999999642372131,7.450580596923828e-09,-0.055999964475631714,0.6000000238418579,-1.309605360031128,-7.152557373046875e-07,5.020698547363281,0.0,0.0,0.0,2.2351741790771484e-07,4.3180406805731764e-07,-5.960464477539063e-08,16.577594757080078,16.577594757080078,19.143943786621094,19.143943786621094,0.11794667690992355,0.11794667690992355,0.8820533156394958,0.8820533156394958,0.0,0.0,0.0,0.0,0.7112100124359131,0.7112100124359131,2.150225877761841,2.150225877761841,0.08820714801549911,0.08820714801549911,0.0,0.0,-0.07097258418798447,-0.07097258418798447,0.017234567552804947,0.017234567552804947,0.5500251054763794,0.5500251054763794,-0.2193046510219574,-0.2193046510219574,0.1574644297361374,0.1574644297361374,-5.019560813903809,-5.019560813903809,-9.766992568969727,-9.766992568969727,5.489840507507324,5.489840507507324,15.502325057983398,15.502325057983398,0.0,0.0,180.0
169,0.7041666666666666,0.5230852535940391,-0.22030504604097306,-211.46191958084287,0.5230852535940391,-0.22030504604097306,-211.46191958084287,5.0,-5.0,0.0,0.0,15.0,0,0.5,0.0,0.0,3.2,3.2,3.2,0.22030499577522278,0.22030504047870636,0.22030505537986755,0.22030505537986755,0.5071364045143127,0.507773756980896,-5.512950420379639,-5.314133644104004,-0.0029241135343909264,-0.0029241135343909264,0.0,0.0,nan,nan,-0.6195358633995056,-0.6195358633995056,-1.2390717267990112,0.0,3.2357661724090576,0.04613184928894043,0.0,0.0,0.0,0.04613184928894043,0.0,3.2357661724090576,0.0,0.0,0.0,-0.7144038677215576,1.3678911924362183,2.844435214996338,0.0,0.0,0.0,0.0,3.2357661724090576,0.04613184928894043,0.0,0.0,0.0,0.04613184928894043,0.0,3.2357661724090576,-0.0,-0.0,-0.0,-0.7144038081169128,-1.3678922653198242,2.844434976577759,0.0,0.0,0.0,4.470348358154297e-08,0.0,0.6000000238418579,-8.940696716308594e-08,0.05600002408027649,0.5999999642372131,1.4901161193847656e-08,-0.055999964475631714,0.6000000238418579,-1.4288077354431152,-1.0728836059570312e-06,5.688870429992676,0.0,0.0,0.0,2.682209014892578e-07,5.088210173198604e-07,-9.685754776000977e-08,14.4735689163208,14.473566055297852,15.14228343963623,15.14228343963623,0.8820533156394958,0.8820533156394958,0.11794667690992355,0.11794667690992355,0.0,0.0,0.0,0.0,1.0503664016723633,1.0503664016723633,2.1853995323181152,2.1853995323181152,0.11750885844230652,0.11750885844230652,0.0,0.0,-0.07137700915336609,-0.07137700915336609,0.04613184928894043,0.04613184928894043,0.5500251054763794,0.5500251054763794,-0.19915473461151123,-0.19915473461151123,0.17781640589237213,0.17781640589237213,1.3312814235687256,1.3312814235687256,-6.089845657348633,-6.089845657348633,9.167438507080078,9.167438507080078,14.8324613571167,14.8324613571167,0.0,0.0,180.0
170,0.7083333333333334,0.5203338556566806,-1.0995934586850293,-210.34964221235074,0.5203338556566806,-1.0995934586850293,-210.34964221235074,5.0,-5.0,0.0,0.0,15.0,0,0.5,0.0,0.0,3.2,3.2,3.2,1.0995932817459106,1.0995932817459106,1.0995935201644897,1.0995935201644897,0.5018335580825806,0.5024077296257019,-5.906364440917969,-5.730165958404541,-0.014594926498830318,-0.014594926498830318,0.0,0.0,nan,nan,0.5388026237487793,0.5388026237487793,1.0776052474975586,0.0,3.6110057830810547,0.09136626124382019,0.0,0.0,0.0,0.09136626124382019,0.0,3.6110057830810547,0.0,0.0,0.0,-0.7598087787628174,1.517511010169983,3.1886613368988037,0.0,0.0,0.0,0.0,3.6110057830810547,0.09136626124382019,0.0,0.0,0.0,0.09136626124382019,0.0,3.6110057830810547,-0.0,-0.0,-0.0,-0.7598087787628174,-1.5175114870071411,3.1886610984802246,0.0,0.0,0.0,4.470348358154297e-08,0.0,0.6000000238418579,-3.725290298461914e-08,0.05600002408027649,0.5999999642372131,-1.4901161193847656e-08,-0.055999964475631714,0.6000000238418579,-1.5196175575256348,-4.76837158203125e-07,6.377322196960449,0.0,0.0,0.0,2.980232238769531e-07,4.9667835355649e-07,1.1175870895385742e-08,12.42917251586914,12.429173469543457,15.713781356811523,15.713781356811523,0.8820533156394958,0.8820533156394958,0.11794667690992355,0.11794667690992355,0.0,0.0,0.0,0.0,1.406916618347168,1.406916618347168,2.2040891647338867,2.2040891647338867,0.16331566870212555,0.16331566870212555,0.0,0.0,-0.07194940745830536,-0.07194940745830536,0.09136626124382019,0.09136626124382019,0.5500251054763794,0.5500251054763794,-0.17836284637451172,-0.17836284637451172,0.19800248742103577,0.19800248742103577,7.672070026397705,7.672070026397705,-2.4143877029418945,-2.4143877029418945,12.841543197631836,12.841543197631836,14.163772583007812,14.163772583007812,0.0,0.0,180.0
171,0.7125,0.5139326895812498,-1.9711690132732014,-207.7619132397484,0.5139326895812498,-1.9711690132732014,-207.7619132397484,5.0,-5.0,0.0,0.0,15.0,0,0.5,0.0,0.0,3.2,3.2,3.2,1.9711685180664062,1.9711686372756958,1.9711689949035645,1.9711689949035645,0.49299490451812744,0.4935021698474884,-6.260899543762207,-6.108605861663818,-0.026163367554545403,-0.026163367554545403,0.0,0.0,nan,nan,1.9827196598052979,1.9827196598052979,3.9654393196105957,0.0,3.987701416015625,0.15396104753017426,0.0,0.0,0.0,0.15396104753017426,0.0,3.987701416015625,0.0,0.0,0.0,-0.7905728220939636,1.65261971950531,3.5453221797943115,0.0,0.0,0.0,0.0,3.987701416015625,0.15396104753017426,0.0,0.0,0.0,0.15396104753017426,0.0,3.987701416015625,-0.0,-0.0,-0.0,-0.7905726432800293,-1.6526206731796265,3.5453217029571533,0.0,0.0,0.0,4.470348358154297e-08,0.0,0.6000000238418579,-1.4901161193847656e-07,0.05600002408027649,0.5999999642372131,-1.4901161193847656e-08,-0.0559999942779541,0.6000000238418579,-1.5811455249786377,-9.5367431640625e-07,7.090643882751465,0.0,0.0,0.0,2.384185791015625e-07,9.452218705519044e-07,-1.8998980522155762e-07,10.723983764648438,10.723981857299805,16.287385940551758,16.28736114501953,0.8820533156394958,0.8820533156394958,0.11794667690992355,0.11794667690992355,0.0,0.0,0.0,0.0,1.7814826965332031,1.7814826965332031,2.2062184810638428,2.2062184810638428,0.22664621472358704,0.22664621472358704,0.0,0.0,-0.07268518209457397,-0.07268518209457397,0.15396104753017426,0.15396104753017426,0.5500251054763794,0.5500251054763794,-0.15708649158477783,-0.15708649158477783,0.21786943078041077,0.21786943078041077,13.955520629882812,13.955520629882812,1.2319629192352295,1.2319629192352295,16.484745025634766,16.484745025634766,13.50094985961914,13.50094985961914,0.0,0.0,180.0
172,0.7166666666666667,0.5039266549485347,-2.8289182335162444,-203.7168837224979,0.5039266549485347,-2.8289182335162444,-203.7168837224979,5.0,-5.0,0.0,0.0,15.0,0,0.5,0.0,0.0,3.2,3.2,3.2,2.8289177417755127,2.828918218612671,2.828917980194092,2.828917980194092,0.48068034648895264,0.48111703991889954,-6.5743865966796875,-6.447120666503906,-0.03754828870296478,-0.03754828870296478,0.0,0.0,nan,nan,3.69795560836792,3.69795560836792,7.39591121673584,0.0,4.366135120391846,0.2347445785999298,0.0,0.0,0.0,0.2347445785999298,0.0,4.366135120391846,0.0,0.0,0.0,-0.8063147664070129,1.769605040550232,3.916196584701538,0.0,0.0,0.0,0.0,4.366135120391846,0.2347445785999298,0.0,0.0,0.0,0.2347445785999298,0.0,4.366135120391846,-0.0,-0.0,-0.0,-0.8063149452209473,-1.7696057558059692,3.916196346282959,0.0,0.0,0.0,4.470348358154297e-08,0.0,0.6000000238418579,-4.470348358154297e-08,0.0559999942779541,0.5999999642372131,-2.2351741790771484e-08,-0.055999934673309326,0.6000000238418579,-1.6126296520233154,-7.152557373046875e-07,7.832392692565918,0.0,0.0,0.0,3.5762786865234375e-07,6.607967861782527e-07,0.0,9.860907554626465,9.860910415649414,16.860544204711914,16.860544204711914,0.8820533156394958,0.8820533156394958,0.11794667690992355,0.11794667690992355,0.0,0.0,0.0,0.0,2.174238920211792,2.174238920211792,2.1918957233428955,2.1918957233428955,0.3083202838897705,0.3083202838897705,0.0,0.0,-0.0735757052898407,-0.0735757052898407,0.2347445785999298,0.2347445785999298,0.5500251054763794,0.5500251054763794,-0.1354868859052658,-0.1354868859052658,0.2372659295797348,0.2372659295797348,20.134971618652344,20.134971618652344,4.822103500366211,4.822103500366211,20.069965362548828,20.069965362548828,12.848642349243164,12.848642349243164,0.0,0.0,180.0
173,0.7208333333333333,0.49038593690215787,-3.666824624926099,-198.24292663631323,0.49038593690215787,-3.666824624926099,-198.24292663631323,5.0,-5.0,0.0,0.0,15.0,0,0.5,0.0,0.0,3.2,3.2,3.2,3.6668245792388916,3.666822910308838,3.6668243408203125,3.6668245792388916,0.464974582195282,0.46533799171447754,-6.844898700714111,-6.743621826171875,-0.04866983741521835,-0.04866983741521835,0.0,0.0,nan,nan,5.665409088134766,5.665409088134766,11.330818176269531,0.0,4.7461090087890625,0.33423638343811035,0.0,0.0,0.0,0.33423638343811035,0.0,4.7461090087890625,0.0,0.0,0.0,-0.8067562580108643,1.8646842241287231,4.302250862121582,0.0,0.0,0.0,0.0,4.7461090087890625,0.33423638343811035,0.0,0.0,0.0,0.33423638343811035,0.0,4.7461090087890625,-0.0,-0.0,-0.0,-0.8067558407783508,-1.8646845817565918,4.302250385284424,0.0,0.0,0.0,4.470348358154297e-08,0.0,0.6000000238418579,1.4901161193847656e-08,0.05600005388259888,0.6000000238418579,-3.725290298461914e-08,-0.055999934673309326,0.6000000238418579,-1.6135120391845703,-3.5762786865234375e-07,8.604501724243164,0.0,0.0,0.0,5.364418029785156e-07,4.808139237866271e-07,2.1606683731079102e-07,9.915624618530273,9.91562557220459,17.430112838745117,17.430112838745117,0.8820533156394958,0.8820533156394958,0.11794667690992355,0.11794667690992355,0.0,0.0,0.0,0.0,2.5847015380859375,2.5847015380859375,2.161406993865967,2.161406993865967,0.40884464979171753,0.40884464979171753,0.0,0.0,-0.07460828870534897,-0.07460828870534897,0.33423638343811035,0.33423638343811035,0.5500251054763794,0.5500251054763794,-0.1137271523475647,-0.1137271523475647,0.25604432821273804,0.25604432821273804,26.164875030517578,26.164875030517578,8.329535484313965,8.329535484313965,23.570735931396484,23.570735931396484,12.211423873901367,12.211423873901367,0.0,0.0,180.0
174,0.725,0.47340551385022167,-4.479010876201973,-191.37843785712096,0.47340551385022167,-4.479010876201973,-191.37843785712096,5.0,-5.0,0.0,0.0,15.0,0,0.5,0.0,0.0,3.2,3.2,3.2,4.479009628295898,4.479009628295898,4.479011535644531,4.479011058807373,0.44598644971847534,0.446274071931839,-7.070744514465332,-6.996225357055664,-0.05945000424981117,-0.05945000424981117,0.0,0.0,nan,nan,7.860108375549316,7.860108375549316,15.720216751098633,0.0,5.126777648925781,0.45251691341400146,0.0,0.0,0.0,0.45251691341400146,0.0,5.126777648925781,0.0,0.0,0.0,-0.7917836308479309,1.9339008331298828,4.703373908996582,0.0,0.0,0.0,0.0,5.126777648925781,0.45251691341400146,0.0,0.0,0.0,0.45251691341400146,0.0,5.126777648925781,-0.0,-0.0,-0.0,-0.791783332824707,-1.9339021444320679,4.703373908996582,0.0,0.0,0.0,4.470348358154297e-08,0.0,0.6000000238418579,-1.4156103134155273e-07,0.05600002408027649,0.5999999642372131,-9.685754776000977e-08,-0.055999934673309326,0.6000000238418579,-1.5835669040679932,-1.3113021850585938e-06,9.406747817993164,0.0,0.0,0.0,5.364418029785156e-07,1.5890800568740815e-06,0.0,10.541055679321289,10.541057586669922,18.992504119873047,18.992504119873047,0.8289155960083008,0.8289155960083008,0.1710844784975052,0.1710844784975052,0.0,0.0,0.0,0.0,3.011575937271118,3.011575937271118,2.115201950073242,2.115201950073242,0.5282832384109497,0.5282832384109497,0.0,0.0,-0.07576628774404526,-0.07576628774404526,0.45251691341400146,0.45251691341400146,0.5500251054763794,0.5500251054763794,-0.09197031706571579,-0.09197031706571579,0.2740624248981476,0.2740624248981476,32.00127029418945,32.00127029418945,11.728643417358398,11.728643417358398,26.96149253845215,26.96149253845215,11.593766212463379,11.593766212463379,0.0,0.0,180.0
175,0.7291666666666666,0.4531044912600186,-5.259780084346165,-183.17156684157888,0.4531044912600186,-5.259780084346165,-183.17156684157888,5.0,-5.0,0.0,0.0,15.0,0,0.5,0.0,0.0,3.2,3.2,3.2,5.25977897644043,5.259779453277588,5.259780406951904,5.259780406951904,0.4238588809967041,0.424068808555603,-7.2487897872924805,-7.201590061187744,-0.06981316953897476,-0.06981316953897476,0.0,0.0,nan,nan,10.198176383972168,10.198176383972168,20.396352767944336,0.0,5.491161823272705,0.5754849910736084,0.0,0.0,0.0,0.5754849910736084,0.0,5.491161823272705,0.0,0.0,0.0,-0.770959198474884,1.9676939249038696,5.10076904296875,0.0,0.0,0.0,0.0,5.491161823272705,0.5754849910736084,0.0,0.0,0.0,0.5754849910736084,0.0,5.491161823272705,-0.0,-0.0,-0.0,-0.770959198474884,-1.9676947593688965,5.100768566131592,0.0,0.0,0.0,4.470348358154297e-08,0.0,0.6000000238418579,-9.685754776000977e-08,0.05600002408027649,0.5999999642372131,-8.940696716308594e-08,-0.055999934673309326,0.6000000238418579,-1.541918396949768,-8.344650268554688e-07,10.2015380859375,0.0,0.0,0.0,5.960464477539062e-07,1.4520892364089377e-06,5.587935447692871e-08,11.446121215820312,11.446121215820312,23.393863677978516,23.393863677978516,0.7445049285888672,0.7445049285888672,0.2554951012134552,0.2554951012134552,0.0,0.0,0.004546067211776972,0.004546067211776972,3.4526617527008057,3.4526617527008057,2.0538744926452637,2.0538744926452637,0.6661278605461121,0.6661278605461121,0.0,0.0,-0.0770290344953537,-0.0770290344953537,0.5754849910736084,0.5754849910736084,0.5500251054763794,0.5500251054763794,-0.07037768512964249,-0.07037768512964249,0.2911852300167084,0.2911852300167084,37.60215759277344,37.60215759277344,14.994908332824707,14.994908332824707,30.217771530151367,30.217771530151367,11.000000953674316,11.000000953674316,0.0,0.0,180.0
176,0.7333333333333333,0.42962526621875424,-6.003655714345444,-173.67987889323229,0.42962526621875424,-6.003655714345444,-173.67987889323229,5.0,-5.0,0.0,0.0,15.0,0,0.5,0.0,0.0,3.2,3.2,3.2,6.003655910491943,6.003654479980469,6.003655910491943,6.003655910491943,0.3987651467323303,0.398895800113678,-7.374887943267822,-7.355319023132324,-0.07968664914369583,-0.07968664914369583,0.0,0.0,nan,nan,12.525253295898438,12.525253295898438,25.050506591796875,0.0,5.809873104095459,0.6725378036499023,0.0,0.0,0.0,0.6725378036499023,0.0,5.809873104095459,0.0,0.0,0.0,-0.7664875984191895,1.9539835453033447,5.459063529968262,0.0,0.0,0.0,0.0,5.809873104095459,0.6725378036499023,0.0,0.0,0.0,0.6725378036499023,0.0,5.809873104095459,-0.0,-0.0,-0.0,-0.766487181186676,-1.9539846181869507,5.459063529968262,0.0,0.0,0.0,4.470348358154297e-08,0.0,0.6000000238418579,-2.9802322387695312e-08,0.05600005388259888,0.5999999642372131,-8.940696716308594e-08,-0.05599987506866455,0.6000000238418579,-1.5329747200012207,-1.0728836059570312e-06,10.918127059936523,0.0,0.0,0.0,1.0728836059570312e-06,1.1845356766571058e-06,2.7567148208618164e-07,12.45530891418457,12.45531177520752,27.2468204498291,27.2468204498291,0.6546194553375244,0.6546194553375244,0.34538063406944275,0.34538063406944275,0.0,0.0,0.023084618151187897,0.023084618151187897,3.904836654663086,3.904836654663086,1.978142261505127,1.978142261505127,0.8211922645568848,0.8211922645568848,0.0,0.0,-0.07837232202291489,-0.07837232202291489,0.6725378036499023,0.6725378036499023,0.5500251054763794,0.5500251054763794,-0.04910697415471077,-0.04910697415471077,0.3072863221168518,0.3072863221168518,42.92790222167969,42.92790222167969,18.10515785217285,18.10515785217285,33.31647491455078,33.31647491455078,10.43429183959961,10.43429183959961,0.0,0.0,180.0
177,0.7375,0.40313252862029264,-6.705420013129285,-162.96995138327026,0.40313252862029264,-6.705420013129285,-162.96995138327026,5.0,-5.0,0.0,0.0,15.0,0,0.5,0.0,0.0,3.2,3.2,3.2,6.705420017242432,6.705419063568115,6.70542049407959,6.70542049407959,0.370892196893692,0.3709426820278168,-7.446378231048584,-7.454519271850586,-0.08900117874145508,-0.08900117874145508,0.0,0.0,nan,nan,14.70762825012207,14.70762825012207,29.41525650024414,0.0,6.064223289489746,0.7192525863647461,0.0,0.0,0.0,0.7192525863647461,0.0,6.064223289489746,0.0,0.0,0.0,-0.7968243956565857,1.8875319957733154,5.752775192260742,0.0,0.0,0.0,0.0,6.064223289489746,0.7192525863647461,0.0,0.0,0.0,0.7192525863647461,0.0,6.064223289489746,-0.0,-0.0,-0.0,-0.7968242764472961,-1.8875333070755005,5.752774715423584,0.0,0.0,0.0,4.470348358154297e-08,0.0,0.6000000238418579,-6.705522537231445e-08,0.05600005388259888,0.5999999642372131,-2.9802322387695312e-08,-0.055999964475631714,0.6000000238418579,-1.5936486721038818,-1.3113021850585938e-06,11.505550384521484,0.0,0.0,0.0,6.556510925292969e-07,1.1190322766196914e-06,7.450580596923828e-09,13.467970848083496,13.467973709106445,30.544343948364258,30.544349670410156,0.5998412370681763,0.5998412370681763,0.4001588523387909,0.4001588523387909,0.0,0.0,0.06213124841451645,0.06213124841451645,4.364091396331787,4.364091396331787,1.8888245820999146,1.8888245820999146,0.9915393590927124,0.9915393590927124,0.0,0.0,-0.0797685831785202,-0.0797685831785202,0.7192525863647461,0.7192525863647461,0.5500251054763794,0.5500251054763794,-0.02831096760928631,-0.02831096760928631,0.32224926352500916,0.32224926352500916,47.9415168762207,47.9415168762207,21.037723541259766,21.037723541259766,36.23600769042969,36.23600769042969,9.900609016418457,9.900609016418457,0.0,0.0,180.0
178,0.7416666666666667,0.37381210598388304,-7.360150608358627,-151.11690675810357,0.37381210598388304,-7.360150608358627,-151.11690675810357,5.0,-5.0,0.0,0.0,15.0,0,0.5,0.0,0.0,3.2,3.2,3.2,7.360148906707764,7.360150337219238,7.3601508140563965,7.3601508140563965,0.34042537212371826,0.3403951823711395,-7.4644246101379395,-7.500189781188965,-0.09769143164157867,-0.09769143164157867,0.0,0.0,nan,nan,16.74785614013672,16.74785614013672,33.49571228027344,0.0,6.267640113830566,0.7224792242050171,0.0,0.0,0.0,0.7224792242050171,0.0,6.267640113830566,0.0,0.0,0.0,-0.8578804135322571,1.7753887176513672,5.993106365203857,0.0,0.0,0.0,0.0,6.267640113830566,0.7224792242050171,0.0,0.0,0.0,0.7224792242050171,0.0,6.267640113830566,-0.0,-0.0,-0.0,-0.8578802347183228,-1.7753901481628418,5.993105888366699,0.0,0.0,0.0,4.470348358154297e-08,0.0,0.6000000238418579,-2.9802322387695312e-08,0.05600002408027649,0.5999999642372131,1.4901161193847656e-08,-0.055999964475631714,0.6000000238418579,-1.7157607078552246,-1.430511474609375e-06,11.986211776733398,0.0,0.0,0.0,4.76837158203125e-07,6.762633120160899e-07,-1.862645149230957e-08,14.427506446838379,14.427509307861328,33.324405670166016,33.324405670166016,0.557930588722229,0.557930588722229,0.4420694410800934,0.4420694410800934,0.0,0.0,0.11410718411207199,0.11410718411207199,4.825621604919434,4.825621604919434,1.7868167161941528,1.7868167161941528,1.1744575500488281,1.1744575500488281,0.0,0.0,-0.0811874270439148,-0.0811874270439148,0.7224792242050171,0.7224792242050171,0.5500251054763794,0.5500251054763794,-0.00813613086938858,-0.00813613086938858,0.33596837520599365,0.33596837520599365,52.6088752746582,52.6088752746582,23.77259063720703,23.77259063720703,38.956451416015625,38.956451416015625,9.402693748474121,9.402693748474121,0.0,0.0,180.0
179,0.7458333333333333,0.3418696600076234,-7.963255035331262,-138.20388560937627,0.3418696600076234,-7.963255035331262,-138.20388560937627,5.0,-5.0,0.0,0.0,15.0,0,0.5,0.0,0.0,3.2,3.2,3.2,7.963255405426025,7.963255882263184,7.963254928588867,7.963254928588867,0.30757272243499756,0.30746200680732727,-7.429779052734375,-7.49291467666626,-0.10569644719362259,-0.10569644719362259,0.0,0.0,nan,nan,18.644290924072266,18.644290924072266,37.28858184814453,0.0,6.426783561706543,0.6856058835983276,0.0,0.0,0.0,0.6856058835983276,0.0,6.426783561706543,0.0,0.0,0.0,-0.9472333788871765,1.622696876525879,6.184109210968018,0.0,0.0,0.0,0.0,6.426783561706543,0.6856058835983276,0.0,0.0,0.0,0.6856058835983276,0.0,6.426783561706543,-0.0,-0.0,-0.0,-0.9472336173057556,-1.6226974725723267,6.184109210968018,0.0,0.0,0.0,4.470348358154297e-08,0.0,0.6000000238418579,-2.2351741790771484e-08,0.05600005388259888,0.5999999642372131,7.450580596923828e-09,-0.0559999942779541,0.6000000238418579,-1.8944669961929321,-5.960464477539062e-07,12.368218421936035,0.0,0.0,0.0,4.76837158203125e-07,7.015123628661968e-07,-3.725290298461914e-09,15.303487777709961,15.303488731384277,35.64192581176758,35.64192581176758,0.5156482458114624,0.5156482458114624,0.4822954833507538,0.4822954833507538,0.002056337660178542,0.002056337660178542,0.17482061684131622,0.17482061684131622,5.283967971801758,5.283967971801758,1.6730680465698242,1.6730680465698242,1.3664886951446533,1.3664886951446533,0.0,0.0,-0.08259645849466324,-0.08259645849466324,0.6856058835983276,0.6856058835983276,0.5500251054763794,0.5500251054763794,0.011278410442173481,0.011278410442173481,0.3483498692512512,0.3483498692512512,56.898929595947266,56.898929595947266,26.291492462158203,26.291492462158203,41.45964431762695,41.45964431762695,8.944040298461914,8.944040298461914,0.0,0.0,180.0
180,0.75,0.30752924399942216,-8.510502949821898,-124.32146350245397,0.30752924399942216,-8.510502949821898,-124.32146350245397,5.0,-5.0,0.0,0.0,15.0,0,0.5,0.0,0.0,3.2,3.2,3.2,8.51050090789795,8.51050090789795,8.510502815246582,8.510502815246582,0.27250900864601135,0.2723190188407898,-7.351630210876465,-7.441864967346191,-0.112960085272789,-0.112960085272789,0.0,0.0,nan,nan,20.681827545166016,20.681827545166016,41.36365509033203,0.0,6.622849464416504,0.6797236800193787,0.0,0.0,0.0,0.6797236800193787,0.0,6.622849464416504,0.0,0.0,0.0,-1.01589834690094,1.4511958360671997,6.417643070220947,0.0,0.0,0.0,0.0,6.622849464416504,0.6797236800193787,0.0,0.0,0.0,0.6797236800193787,0.0,6.622849464416504,-0.0,-0.0,-0.0,-1.01589834690094,-1.4511969089508057,6.417642593383789,0.0,0.0,0.0,4.470348358154297e-08,0.0,0.6000000238418579,-1.043081283569336e-07,0.05600002408027649,0.5999999642372131,0.0,-0.055999934673309326,0.6000000238418579,-2.03179669380188,-1.0728836059570312e-06,12.835285186767578,0.0,0.0,0.0,6.854534149169922e-07,1.3037465578236151e-06,-6.332993507385254e-08,16.081235885620117,16.081235885620117,37.554847717285156,37.554847717285156,0.4873591661453247,0.4873591661453247,0.49538251757621765,0.49538251757621765,0.017258400097489357,0.017258400097489357,0.21403278410434723,0.21403278410434723,5.733179092407227,5.733179092407227,1.5485601425170898,1.5485601425170898,1.5635099411010742,1.5635099411010742,0.0,0.0,-0.08396197110414505,-0.08396197110414505,0.6797236800193787,0.6797236800193787,0.5500251054763794,0.5500251054763794,0.02980169467628002,0.02980169467628002,0.35931217670440674,0.35931217670440674,60.78380584716797,60.78380584716797,28.57801055908203,28.57801055908203,43.729270935058594,43.729270935058594,8.527864456176758,8.527864456176758,0.0,0.0,180.0
181,0.7541666666666667,0.2710317313040219,-8.998055800907464,-109.56701565391025,0.2710317313040219,-8.998055800907464,-109.56701565391025,5.0,-5.0,0.0,0.0,15.0,0,0.5,0.0,0.0,3.2,3.2,3.2,8.998055458068848,8.998055458068848,8.998055458068848,8.998055458068848,0.23552395403385162,0.23525603115558624,-7.223499298095703,-7.340230464935303,-0.11943138390779495,-0.11943138390779495,0.0,0.0,nan,nan,22.578086853027344,22.578086853027344,45.15617370605469,0.0,6.789646148681641,0.6541298031806946,0.0,0.0,0.0,0.6541298031806946,0.0,6.789646148681641,0.0,0.0,0.0,-1.0956493616104126,1.245023250579834,6.616392612457275,0.0,0.0,0.0,0.0,6.789646148681641,0.6541298031806946,0.0,0.0,0.0,0.6541298031806946,0.0,6.789646148681641,-0.0,-0.0,-0.0,-1.0956496000289917,-1.24502432346344,6.616392135620117,0.0,0.0,0.0,4.470348358154297e-08,0.0,0.6000000238418579,-7.450580596923828e-09,0.05600002408027649,0.6000000238418579,4.470348358154297e-08,-0.0559999942779541,0.6000000238418579,-2.1912989616394043,-1.0728836059570312e-06,13.232784271240234,0.0,0.0,0.0,2.384185791015625e-07,3.450717542818893e-07,-4.470348358154297e-08,16.755664825439453,16.755666732788086,39.11737823486328,39.11737060546875,0.45904016494750977,0.45904016494750977,0.5041139721870422,0.5041139721870422,0.036845918744802475,0.036845918744802475,0.2546203136444092,0.2546203136444092,6.167004108428955,6.167004108428955,1.414288878440857,1.414288878440857,1.760864019393921,1.760864019393921,0.0,0.0,-0.08524999022483826,-0.08524999022483826,0.6541298031806946,0.6541298031806946,0.5500251054763794,0.5500251054763794,0.04731156304478645,0.04731156304478645,0.36878615617752075,0.36878615617752075,64.23880767822266,64.23880767822266,30.617563247680664,30.617563247680664,45.75087356567383,45.75087356567383,8.157086372375488,8.157086372375488,0.0,0.0,180.0
182,0.7583333333333333,0.23263312574955422,-9.422493755643838,-94.04403391434647,0.23263312574955422,-9.422493755643838,-94.04403391434647,5.0,-5.0,0.0,0.0,15.0,0,0.5,0.0,0.0,3.2,3.2,3.2,9.422493934631348,9.422493934631348,9.422493934631348,9.422493934631348,0.19685250520706177,0.19650885462760925,-7.050210952758789,-7.19273042678833,-0.12506495416164398,-0.12506495416164398,0.0,0.0,nan,nan,24.42749786376953,24.42749786376953,48.85499572753906,0.0,6.962028980255127,0.6466535925865173,0.0,0.0,0.0,0.6466535925865173,0.0,6.962028980255127,0.0,0.0,0.0,-1.158109426498413,1.0129553079605103,6.8206095695495605,0.0,0.0,0.0,0.0,6.962028980255127,0.6466535925865173,0.0,0.0,0.0,0.6466535925865173,0.0,6.962028980255127,-0.0,-0.0,-0.0,-1.158109188079834,-1.012956976890564,6.8206095695495605,0.0,0.0,0.0,4.470348358154297e-08,0.0,0.6000000238418579,0.0,0.0559999942779541,0.5999999642372131,2.2351741790771484e-08,-0.055999964475631714,0.6000000238418579,-2.316218614578247,-1.6689300537109375e-06,13.641219139099121,0.0,0.0,0.0,2.682209014892578e-07,5.263862021820387e-07,2.9802322387695312e-08,17.327505111694336,17.327505111694336,40.3770637512207,40.3770637512207,0.44487857818603516,0.44487857818603516,0.5019837021827698,0.5019837021827698,0.05313779413700104,0.05313779413700104,0.28221216797828674,0.28221216797828674,6.579092502593994,6.579092502593994,1.2712492942810059,1.2712492942810059,1.9535307884216309,1.9535307884216309,0.0,0.0,-0.08642737567424774,-0.08642737567424774,0.6466535925865173,0.6466535925865173,0.5500251054763794,0.5500251054763794,0.06369496881961823,0.06369496881961823,0.3767150342464447,0.3767150342464447,67.24253845214844,67.24253845214844,32.39746856689453,32.39746856689453,47.51189422607422,47.51189422607422,7.834306240081787,7.834306240081787,0.0,0.0,180.0
183,0.7625,0.1926027659646245,-9.780839686736787,-77.86140084741905,0.1926027659646245,-9.780839686736787,-77.86140084741905,5.0,-5.0,0.0,0.0,15.0,0,0.5,0.0,0.0,3.2,3.2,3.2,9.780839920043945,9.780839920043945,9.780839920043945,9.780839920043945,0.15679268538951874,0.15637581050395966,-6.828676700592041,-6.996007442474365,-0.1298212856054306,-0.1298212856054306,0.0,0.0,nan,nan,26.036739349365234,26.036739349365234,52.07347869873047,0.0,7.099071502685547,0.6268520951271057,0.0,0.0,0.0,0.6268520951271057,0.0,7.099071502685547,0.0,0.0,0.0,-1.2215698957443237,0.7509896755218506,6.9809417724609375,0.0,0.0,0.0,0.0,7.099071502685547,0.6268520951271057,0.0,0.0,0.0,0.6268520951271057,0.0,7.099071502685547,-0.0,-0.0,-0.0,-1.221569538116455,-0.7509912252426147,6.980940818786621,0.0,0.0,0.0,4.470348358154297e-08,0.0,0.6000000238418579,0.0,0.05600005388259888,0.5999999642372131,0.0,-0.055999934673309326,0.5999999642372131,-2.4431395530700684,-1.5497207641601562e-06,13.961882591247559,0.0,0.0,0.0,8.940696716308594e-07,7.697672117501497e-07,1.7136335372924805e-07,17.80103874206543,17.801040649414062,41.37376022338867,41.37376022338867,0.43071863055229187,0.43071863055229187,0.4976421892642975,0.4976421892642975,0.07163921743631363,0.07163921743631363,0.31009846925735474,0.31009846925735474,6.963192939758301,6.963192939758301,1.1204257011413574,1.1204257011413574,2.1363277435302734,2.1363277435302734,0.0,0.0,-0.08746291697025299,-0.08746291697025299,0.6268520951271057,0.6268520951271057,0.5500251054763794,0.5500251054763794,0.07884810864925385,0.07884810864925385,0.38305437564849854,0.38305437564849854,69.77674102783203,69.77674102783203,33.906883239746094,33.906883239746094,49.001617431640625,49.001617431640625,7.561788558959961,7.561788558959961,0.0,0.0,180.0
184,0.7666666666666666,0.15122143616134848,-10.070580054950904,-61.13262599688595,0.15122143616134848,-10.070580054950904,-61.13262599688595,5.0,-5.0,0.0,0.0,15.0,0,0.5,0.0,0.0,3.2,3.2,3.2,10.070577621459961,10.070579528808594,10.070581436157227,10.070581436157227,0.1156020238995552,0.11511499434709549,-6.564230918884277,-6.7553019523620605,-0.1336670219898224,-0.1336670219898224,0.0,0.0,nan,nan,27.48976707458496,27.48976707458496,54.97953414916992,0.0,7.234575271606445,0.633175253868103,0.0,0.0,0.0,0.633175253868103,0.0,7.234575271606445,0.0,0.0,0.0,-1.2569366693496704,0.4670567512512207,7.137363910675049,0.0,0.0,0.0,0.0,7.234575271606445,0.633175253868103,0.0,0.0,0.0,0.633175253868103,0.0,7.234575271606445,-0.0,-0.0,-0.0,-1.256937026977539,-0.4670582711696625,7.137363433837891,0.0,0.0,0.0,4.470348358154297e-08,0.0,0.6000000238418579,-8.195638656616211e-08,0.0559999942779541,0.5999999642372131,-2.9802322387695312e-08,-0.055999964475631714,0.6000000238418579,-2.51387357711792,-1.519918441772461e-06,14.274726867675781,0.0,0.0,0.0,2.682209014892578e-07,1.510711854280089e-06,-7.450580596923828e-09,18.182992935180664,18.182992935180664,42.13975524902344,42.13975143432617,0.43071863055229187,0.43071863055229187,0.4772278070449829,0.4772278070449829,0.0920536071062088,0.0920536071062088,0.32412275671958923,0.32412275671958923,7.313354015350342,7.313354015350342,0.9627858996391296,0.9627858996391296,2.3041324615478516,2.3041324615478516,0.0,0.0,-0.08832844346761703,-0.08832844346761703,0.633175253868103,0.633175253868103,0.5500251054763794,0.5500251054763794,0.09267662465572357,0.09267662465572357,0.3877716362476349,0.3877716362476349,71.82636260986328,71.82636260986328,35.136810302734375,35.136810302734375,50.21118927001953,50.21118927001953,7.341444492340088,7.341444492340088,0.0,0.0,180.0
185,0.7708333333333334,0.10877939663585169,-10.289682539781332,-43.975049698715516,0.10877939663585169,-10.289682539781332,-43.975049698715516,5.0,-5.0,0.0,0.0,15.0,0,0.5,0.0,0.0,3.2,3.2,3.2,10.289684295654297,10.289681434631348,10.289682388305664,10.289682388305664,0.07357119768857956,0.07301768660545349,-6.2584333419799805,-6.471996784210205,-0.13657516241073608,-0.13657516241073608,0.0,0.0,nan,nan,28.733678817749023,28.733678817749023,57.46735763549805,0.0,7.364840507507324,0.6703808307647705,0.0,0.0,0.0,0.6703808307647705,0.0,7.364840507507324,0.0,0.0,0.0,-1.2581522464752197,0.16320762038230896,7.285650253295898,0.0,0.0,0.0,0.0,7.364840507507324,0.6703808307647705,0.0,0.0,0.0,0.6703808307647705,0.0,7.364840507507324,-0.0,-0.0,-0.0,-1.2581523656845093,-0.16320912539958954,7.285650253295898,0.0,0.0,0.0,4.470348358154297e-08,0.0,0.6000000238418579,-8.940696716308594e-08,0.05600005388259888,0.5999999642372131,1.4901161193847656e-08,-0.055999964475631714,0.6000000238418579,-2.5163044929504395,-1.5050172805786133e-06,14.571300506591797,0.0,0.0,0.0,6.556510925292969e-07,1.2692028121819021e-06,8.940696716308594e-08,18.48268699645996,18.482683181762695,42.7000846862793,42.7000846862793,0.4165618121623993,0.4165618121623993,0.48054662346839905,0.48054662346839905,0.10289160162210464,0.10289160162210464,0.32412275671958923,0.32412275671958923,7.6241068840026855,7.6241068840026855,0.79928058385849,0.79928058385849,2.452101707458496,2.452101707458496,0.0,0.0,-0.08899996429681778,-0.08899996429681778,0.6703808307647705,0.6703808307647705,0.5500251054763794,0.5500251054763794,0.1050952821969986,0.1050952821969986,0.39084550738334656,0.39084550738334656,73.3794174194336,73.3794174194336,36.08003616333008,36.08003616333008,51.133541107177734,51.133541107177734,7.1748199462890625,7.1748199462890625,0.0,0.0,180.0
186,0.775,0.06557434780084392,-10.43661029472189,-26.50902002293856,0.06557434780084392,-10.43661029472189,-26.50902002293856,5.0,-5.0,0.0,0.0,15.0,0,0.5,0.0,0.0,3.2,3.2,3.2,10.436610221862793,10.436606407165527,10.43661117553711,10.43661117553711,0.031047694385051727,0.030431412160396576,-5.904993534088135,-6.139476776123047,-0.1385253518819809,-0.1385253518819809,0.0,0.0,nan,nan,29.45063018798828,29.45063018798828,58.90126037597656,0.0,7.411028861999512,0.6612308025360107,0.0,0.0,0.0,0.6612308025360107,0.0,7.411028861999512,0.0,0.0,0.0,-1.2789883613586426,-0.15593650937080383,7.328059196472168,0.0,0.0,0.0,0.0,7.411028861999512,0.6612308025360107,0.0,0.0,0.0,0.6612308025360107,0.0,7.411028861999512,-0.0,-0.0,-0.0,-1.2789881229400635,0.15593492984771729,7.328059196472168,0.0,0.0,0.0,4.470348358154297e-08,0.0,0.6000000238418579,5.960464477539063e-08,0.05600002408027649,0.6000000238418579,-1.2665987014770508e-07,-0.055999934673309326,0.6000000238418579,-2.557976484298706,-1.5795230865478516e-06,14.656118392944336,0.0,0.0,0.0,6.556510925292969e-07,1.146564272858086e-06,9.685754776000977e-08,18.71785545349121,18.717857360839844,43.07316207885742,43.07316589355469,0.4165618121623993,0.4165618121623993,0.4693310558795929,0.4693310558795929,0.11410718411207199,0.11410718411207199,0.3381875455379486,0.3381875455379486,7.890633583068848,7.890633583068848,0.6308459043502808,0.6308459043502808,2.575890302658081,2.575890302658081,0.0,0.0,-0.08945859223604202,-0.08945859223604202,0.6612308025360107,0.6612308025360107,0.5500251054763794,0.5500251054763794,0.11602812260389328,0.11602812260389328,0.39226555824279785,0.39226555824279785,74.4269790649414,74.4269790649414,36.731136322021484,36.731136322021484,51.763389587402344,51.763389587402344,7.063082695007324,7.063082695007324,0.0,0.0,180.0
187,0.7791666666666667,0.021909342031117135,-10.510332727139126,-8.857048618405303,0.021909342031117135,-10.510332727139126,-8.857048618405303,5.0,-5.0,0.0,0.0,15.0,0,0.5,0.0,0.0,3.2,3.2,3.2,10.510333061218262,10.510333061218262,10.510334014892578,10.510334014892578,-0.011719844304025173,-0.012394363060593605,-5.514342784881592,-5.768181324005127,-0.1395038664340973,-0.1395038664340973,0.0,0.0,nan,nan,29.88248062133789,29.88248062133789,59.76496124267578,0.0,7.446191787719727,0.6856005787849426,0.0,0.0,0.0,0.6856005787849426,0.0,7.446191787719727,0.0,0.0,0.0,-1.2609410285949707,-0.481493204832077,7.354863166809082,0.0,0.0,0.0,0.0,7.446191787719727,0.6856005787849426,0.0,0.0,0.0,0.6856005787849426,0.0,7.446191787719727,-0.0,-0.0,-0.0,-1.2609413862228394,0.4814916253089905,7.354863166809082,0.0,0.0,0.0,4.470348358154297e-08,0.0,0.6000000238418579,-5.960464477539063e-08,0.05600005388259888,0.5999999642372131,1.1175870895385742e-07,-0.055999964475631714,0.6000000238418579,-2.5218825340270996,-1.5795230865478516e-06,14.709726333618164,0.0,0.0,0.0,6.258487701416016e-07,3.491479674266884e-07,1.7136335372924805e-07,18.892709732055664,18.89270782470703,43.27115249633789,43.27115249633789,0.4024088680744171,0.4024088680744171,0.4834839999675751,0.4834839999675751,0.11410718411207199,0.11410718411207199,0.3381875455379486,0.3381875455379486,8.108901023864746,8.108901023864746,0.4584101438522339,0.4584101438522339,2.671840190887451,2.671840190887451,0.0,0.0,-0.08969122171401978,-0.08969122171401978,0.6856005787849426,0.6856005787849426,0.5500251054763794,0.5500251054763794,0.12540800869464874,0.12540800869464874,0.39203134179115295,0.39203134179115295,74.96306610107422,74.96306610107422,37.086395263671875,37.086395263671875,52.09716796875,52.09716796875,7.007017612457275,7.007017612457275,0.0,0.0,180.0
188,0.7833333333333333,-0.02190934203111649,-10.510332727139126,8.857048618405043,-0.02190934203111649,-10.510332727139126,8.857048618405043,5.0,-5.0,0.0,0.0,15.0,0,0.5,0.0,0.0,3.2,3.2,3.2,10.510333061218262,10.510333061218262,10.510334014892578,10.510334014892578,-0.05440491810441017,-0.05513295158743858,-5.084970951080322,-5.356385231018066,-0.1395038664340973,-0.1395038664340973,0.0,0.0,nan,nan,29.874126434326172,29.874126434326172,59.748252868652344,0.0,7.4308624267578125,0.7038624286651611,0.0,0.0,0.0,0.7038624286651611,0.0,7.4308624267578125,0.0,0.0,0.0,-1.2320528030395508,-0.8048616051673889,7.317607402801514,0.0,0.0,0.0,0.0,7.4308624267578125,0.7038624286651611,0.0,0.0,0.0,0.7038624286651611,0.0,7.4308624267578125,-0.0,-0.0,-0.0,-1.2320526838302612,0.8048602342605591,7.317607879638672,0.0,0.0,0.0,4.470348358154297e-08,0.0,0.6000000238418579,-2.9802322387695312e-08,0.05600005388259888,0.5999999642372131,7.450580596923828e-08,-0.055999964475631714,0.6000000238418579,-2.4641056060791016,-1.3709068298339844e-06,14.635215759277344,0.0,0.0,0.0,5.960464477539062e-07,4.005585765298747e-07,1.9371509552001953e-07,18.991512298583984,18.991512298583984,43.30036544799805,43.30036544799805,0.4024088680744171,0.4024088680744171,0.4834839999675751,0.4834839999675751,0.11410718411207199,0.11410718411207199,0.3381875455379486,0.3381875455379486,8.275781631469727,8.275781631469727,0.282903254032135,0.282903254032135,2.7371444702148438,2.7371444702148438,0.0,0.0,-0.08969122171401978,-0.08969122171401978,0.7038624286651611,0.7038624286651611,0.5500251054763794,0.5500251054763794,0.13317660987377167,0.13317660987377167,0.39015206694602966,0.39015206694602966,74.984619140625,74.984619140625,37.14377975463867,37.14377975463867,52.13300323486328,52.13300323486328,7.007017612457275,7.007017612457275,0.0,0.0,180.0
189,0.7875,-0.06557434780084329,-10.436610294721891,26.509020022938305,-0.06557434780084329,-10.436610294721891,26.509020022938305,5.0,-5.0,0.0,0.0,15.0,0,0.5,0.0,0.0,3.2,3.2,3.2,10.43661117553711,10.43660831451416,10.436610221862793,10.436610221862793,-0.0967075526714325,-0.09748401492834091,-4.619799613952637,-4.906888961791992,-0.1385253518819809,-0.1385253518819809,0.0,0.0,nan,nan,29.422447204589844,29.422447204589844,58.84489440917969,0.0,7.364306449890137,0.7156174778938293,0.0,0.0,0.0,0.7156174778938293,0.0,7.364306449890137,0.0,0.0,0.0,-1.192755937576294,-1.1164649724960327,7.216367721557617,0.0,0.0,0.0,0.0,7.364306449890137,0.7156174778938293,0.0,0.0,0.0,0.7156174778938293,0.0,7.364306449890137,-0.0,-0.0,-0.0,-1.1927554607391357,1.1164631843566895,7.216367721557617,0.0,0.0,0.0,4.470348358154297e-08,0.0,0.6000000238418579,-1.4901161193847656e-08,0.05600005388259888,0.6000000238418579,-5.960464477539063e-08,-0.055999964475631714,0.5999999642372131,-2.3855113983154297,-1.7881393432617188e-06,14.432735443115234,0.0,0.0,0.0,7.152557373046875e-07,1.2539485396700911e-06,8.195638656616211e-08,19.008596420288086,19.008596420288086,43.16147232055664,43.16147994995117,0.4024088680744171,0.4024088680744171,0.4834839999675751,0.4834839999675751,0.11410718411207199,0.11410718411207199,0.3381875455379486,0.3381875455379486,8.389135360717773,8.389135360717773,0.1052677258849144,0.1052677258849144,2.7699661254882812,2.7699661254882812,0.0,0.0,-0.08945859223604202,-0.08945859223604202,0.7156174778938293,0.7156174778938293,0.5500251054763794,0.5500251054763794,0.1392844319343567,0.1392844319343567,0.3866458833217621,0.3866458833217621,74.49149322509766,74.49149322509766,36.902950286865234,36.902950286865234,51.870697021484375,51.870697021484375,7.063082695007324,7.063082695007324,0.0,0.0,180.0
190,0.7916666666666666,-0.10877939663585107,-10.289682539781333,43.97504969871526,-0.10877939663585107,-10.289682539781333,43.97504969871526,5.0,-5.0,0.0,0.0,15.0,0,0.5,0.0,0.0,3.2,3.2,3.2,10.289682388305664,10.289680480957031,10.289682388305664,10.289682388305664,-0.13835568726062775,-0.1391749083995819,-4.126043319702148,-4.426860809326172,-0.13657516241073608,-0.13657516241073608,0.0,0.0,nan,nan,28.66358184814453,28.66358184814453,57.32716369628906,0.0,7.283415794372559,0.7652413249015808,0.0,0.0,0.0,0.7652413249015808,0.0,7.283415794372559,0.0,0.0,0.0,-1.11004638671875,-1.4141161441802979,7.099423408508301,0.0,0.0,0.0,0.0,7.283415794372559,0.7652413249015808,0.0,0.0,0.0,0.7652413249015808,0.0,7.283415794372559,-0.0,-0.0,-0.0,-1.110046148300171,1.4141144752502441,7.099423885345459,0.0,0.0,0.0,4.470348358154297e-08,0.0,0.6000000238418579,0.0,0.05600005388259888,0.6000000238418579,-7.450580596923828e-08,-0.05599990487098694,0.5999999642372131,-2.220092535018921,-1.6689300537109375e-06,14.198846817016602,0.0,0.0,0.0,1.1324882507324219e-06,1.2298501133045647e-06,7.450580596923828e-08,18.93906593322754,18.939062118530273,42.849517822265625,42.84952163696289,0.4024088680744171,0.4024088680744171,0.4946995675563812,0.4946995675563812,0.10289160162210464,0.10289160162210464,0.32412275671958923,0.32412275671958923,8.447860717773438,8.447860717773438,-0.07353001832962036,-0.07353001832962036,2.769516944885254,2.769516944885254,0.0,0.0,-0.08899996429681778,-0.08899996429681778,0.7652413249015808,0.7652413249015808,0.5500251054763794,0.5500251054763794,0.14369076490402222,0.14369076490402222,0.38153937458992004,0.38153937458992004,73.4864273071289,73.4864273071289,36.36524963378906,36.36524963378906,51.311744689941406,51.311744689941406,7.1748199462890625,7.1748199462890625,0.0,0.0,180.0
191,0.7958333333333333,-0.151221436161347,-10.070580054950913,61.13262599688535,-0.151221436161347,-10.070580054950913,61.13262599688535,5.0,-5.0,0.0,0.0,15.0,0,0.5,0.0,0.0,3.2,3.2,3.2,10.070579528808594,10.070577621459961,10.07058048248291,10.07058048248291,-0.179032102227211,-0.17988836765289307,-3.6031477451324463,-3.915581226348877,-0.1336670219898224,-0.1336670219898224,0.0,0.0,nan,nan,27.493125915527344,27.493125915527344,54.98625183105469,0.0,7.1518144607543945,0.8090202808380127,0.0,0.0,0.0,0.8090202808380127,0.0,7.1518144607543945,0.0,0.0,0.0,-1.0174626111984253,-1.6849843263626099,6.923045635223389,0.0,0.0,0.0,0.0,7.1518144607543945,0.8090202808380127,0.0,0.0,0.0,0.8090202808380127,0.0,7.1518144607543945,-0.0,-0.0,-0.0,-1.0174624919891357,1.6849826574325562,6.923046112060547,0.0,0.0,0.0,4.470348358154297e-08,0.0,0.6000000238418579,-8.940696716308594e-08,0.0559999942779541,0.6000000238418579,-8.940696716308594e-08,-0.05599987506866455,0.5999999642372131,-2.0349249839782715,-1.6689300537109375e-06,13.846092224121094,0.0,0.0,0.0,8.940696716308594e-07,1.9175511170033133e-06,1.30385160446167e-07,18.77811050415039,18.778108596801758,42.35380172729492,42.35380935668945,0.4165618121623993,0.4165618121623993,0.4913846552371979,0.4913846552371979,0.0920536071062088,0.0920536071062088,0.31009846925735474,0.31009846925735474,8.451915740966797,8.451915740966797,-0.25248903036117554,-0.25248903036117554,2.7360782623291016,2.7360782623291016,0.0,0.0,-0.08832844346761703,-0.08832844346761703,0.8090202808380127,0.8090202808380127,0.5500251054763794,0.5500251054763794,0.14636383950710297,0.14636383950710297,0.37486761808395386,0.37486761808395386,71.97512817382812,71.97512817382812,35.533714294433594,35.533714294433594,50.45933532714844,50.45933532714844,7.341444492340088,7.341444492340088,0.0,0.0,180.0
192,0.8,-0.1926027659646239,-9.780839686736792,77.8614008474188,-0.1926027659646239,-9.780839686736792,77.8614008474188,5.0,-5.0,0.0,0.0,15.0,0,0.5,0.0,0.0,3.2,3.2,3.2,9.780838966369629,9.780838012695312,9.780839920043945,9.780839920043945,-0.21845214068889618,-0.2193394899368286,-3.054877996444702,-3.3767385482788086,-0.1298212856054306,-0.1298212856054306,0.0,0.0,nan,nan,25.950607299804688,25.950607299804688,51.901214599609375,0.0,6.97137451171875,0.8454031944274902,0.0,0.0,0.0,0.8454031944274902,0.0,6.97137451171875,0.0,0.0,0.0,-0.9178453087806702,-1.9213507175445557,6.6918416023254395,0.0,0.0,0.0,0.0,6.97137451171875,0.8454031944274902,0.0,0.0,0.0,0.8454031944274902,0.0,6.97137451171875,-0.0,-0.0,-0.0,-0.9178454875946045,1.921349048614502,6.691842079162598,0.0,0.0,0.0,4.470348358154297e-08,0.0,0.6000000238418579,-4.470348358154297e-08,0.05600002408027649,0.5999999642372131,-5.960464477539063e-08,-0.055999934673309326,0.5999999642372131,-1.8356907367706299,-1.6689300537109375e-06,13.383684158325195,0.0,0.0,0.0,5.662441253662109e-07,1.4057266071176855e-06,4.0978193283081055e-08,18.520797729492188,18.520795822143555,41.657588958740234,41.6575813293457,0.4165618121623993,0.4165618121623993,0.5018131136894226,0.5018131136894226,0.08162510395050049,0.08162510395050049,0.296124666929245,0.296124666929245,8.402297019958496,8.402297019958496,-0.4305647313594818,-0.4305647313594818,2.67097806930542,2.67097806930542,0.0,0.0,-0.08746291697025299,-0.08746291697025299,0.8454031944274902,0.8454031944274902,0.5500251054763794,0.5500251054763794,0.14728103578090668,0.14728103578090668,0.36667361855506897,0.36667361855506897,69.96620178222656,69.96620178222656,34.4130744934082,34.4130744934082,49.31834030151367,49.31834030151367,7.561788558959961,7.561788558959961,0.0,0.0,180.0
193,0.8041666666666667,-0.23263312574955367,-9.422493755643844,94.04403391434624,-0.23263312574955367,-9.422493755643844,94.04403391434624,5.0,-5.0,0.0,0.0,15.0,0,0.5,0.0,0.0,3.2,3.2,3.2,9.422493934631348,9.422493934631348,9.422493934631348,9.422493934631348,-0.25634029507637024,-0.25725245475769043,-2.4852473735809326,-2.814276933670044,-0.12506495416164398,-0.12506495416164398,0.0,0.0,nan,nan,24.088478088378906,24.088478088378906,48.17695617675781,0.0,6.744940280914307,0.8729788661003113,0.0,0.0,0.0,0.8729788661003113,0.0,6.744940280914307,0.0,0.0,0.0,-0.8142746686935425,-2.116929292678833,6.4118547439575195,0.0,0.0,0.0,0.0,6.744940280914307,0.8729788661003113,0.0,0.0,0.0,0.8729788661003113,0.0,6.744940280914307,-0.0,-0.0,-0.0,-0.8142748475074768,2.1169278621673584,6.4118547439575195,0.0,0.0,0.0,4.470348358154297e-08,0.0,0.6000000238418579,-7.450580596923828e-08,0.05600002408027649,0.6000000238418579,0.0,-0.0559999942779541,0.5999999642372131,-1.628549575805664,-1.430511474609375e-06,12.823709487915039,0.0,0.0,0.0,2.980232238769531e-07,1.0995195225405041e-06,1.7508864402770996e-07,18.162250518798828,18.162248611450195,40.737701416015625,40.73769760131836,0.43071863055229187,0.43071863055229187,0.5071501731872559,0.5071501731872559,0.06213124841451645,0.06213124841451645,0.28221216797828674,0.28221216797828674,8.30100154876709,8.30100154876709,-0.6066631078720093,-0.6066631078720093,2.57651948928833,2.57651948928833,0.0,0.0,-0.08642737567424774,-0.08642737567424774,0.8729788661003113,0.8729788661003113,0.5500251054763794,0.5500251054763794,0.14642952382564545,0.14642952382564545,0.35700827836990356,0.35700827836990356,67.47138214111328,67.47138214111328,33.00986099243164,33.00986099243164,47.89543914794922,47.89543914794922,7.834306240081787,7.834306240081787,0.0,0.0,180.0
194,0.8083333333333333,-0.2710317313040222,-8.998055800907462,109.56701565391035,-0.2710317313040222,-8.998055800907462,109.56701565391035,5.0,-5.0,0.0,0.0,15.0,0,0.5,0.0,0.0,3.2,3.2,3.2,8.998056411743164,8.998054504394531,8.998054504394531,8.998054504394531,-0.29245525598526,-0.29338565468788147,-1.9021713733673096,-2.2361412048339844,-0.11943138390779495,-0.11943138390779495,0.0,0.0,nan,nan,22.07583999633789,22.07583999633789,44.15167999267578,0.0,6.510332107543945,0.9383443593978882,0.0,0.0,0.0,0.9383443593978882,0.0,6.510332107543945,0.0,0.0,0.0,-0.6720023155212402,-2.2790896892547607,6.133439064025879,0.0,0.0,0.0,0.0,6.510332107543945,0.9383443593978882,0.0,0.0,0.0,0.9383443593978882,0.0,6.510332107543945,-0.0,-0.0,-0.0,-0.6720024347305298,2.2790889739990234,6.133439540863037,0.0,0.0,0.0,4.470348358154297e-08,0.0,0.6000000238418579,1.4901161193847656e-08,0.05600005388259888,0.6000000238418579,1.4901161193847656e-08,-0.055999934673309326,0.6000000238418579,-1.34400475025177,-7.152557373046875e-07,12.266878128051758,0.0,0.0,0.0,7.152557373046875e-07,3.6558145666276687e-07,7.450580596923828e-08,17.698131561279297,17.698129653930664,39.564151763916016,39.564144134521484,0.44487857818603516,0.44487857818603516,0.5104252099990845,0.5104252099990845,0.04469626769423485,0.04469626769423485,0.2546203136444092,0.2546203136444092,8.15093994140625,8.15093994140625,-0.7796391248703003,-0.7796391248703003,2.455862283706665,2.455862283706665,0.0,0.0,-0.08524999022483826,-0.08524999022483826,0.9383443593978882,0.9383443593978882,0.5500251054763794,0.5500251054763794,0.14380641281604767,0.14380641281604767,0.34593066573143005,0.34593066573143005,64.50542449951172,64.50542449951172,31.33234214782715,31.33234214782715,46.19903564453125,46.19903564453125,8.157086372375488,8.157086372375488,0.0,0.0,180.0
195,0.8125,-0.30752924399942166,-8.510502949821905,124.32146350245375,-0.30752924399942166,-8.510502949821905,124.32146350245375,5.0,-5.0,0.0,0.0,15.0,0,0.5,0.0,0.0,3.2,3.2,3.2,8.510499954223633,8.510503768920898,8.510502815246582,8.510502815246582,-0.3265213370323181,-0.32746338844299316,-1.3061444759368896,-1.6427136659622192,-0.112960085272789,-0.112960085272789,0.0,0.0,nan,nan,19.864784240722656,19.864784240722656,39.72956848144531,0.0,6.236120700836182,0.9913933873176575,0.0,0.0,0.0,0.9913933873176575,0.0,6.236120700836182,0.0,0.0,0.0,-0.5326560139656067,-2.3947958946228027,5.818358421325684,0.0,0.0,0.0,0.0,6.236120700836182,0.9913933873176575,0.0,0.0,0.0,0.9913933873176575,0.0,6.236120700836182,-0.0,-0.0,-0.0,-0.532656729221344,2.3947951793670654,5.818358421325684,0.0,0.0,0.0,4.470348358154297e-08,0.0,0.6000000238418579,-4.470348358154297e-08,0.0559999942779541,0.6000000238418579,-2.9802322387695312e-08,-0.055999934673309326,0.5999999642372131,-1.0653127431869507,-7.152557373046875e-07,11.636716842651367,0.0,0.0,0.0,5.066394805908203e-07,9.854520612861961e-07,2.60770320892334e-08,17.125476837158203,17.125471115112305,38.099796295166016,38.099796295166016,0.45904016494750977,0.45904016494750977,0.5178752541542053,0.5178752541542053,0.023084618151187897,0.023084618151187897,0.2274339199066162,0.2274339199066162,7.955837249755859,7.955837249755859,-0.948298454284668,-0.948298454284668,2.3128695487976074,2.3128695487976074,0.0,0.0,-0.08396197110414505,-0.08396197110414505,0.9913933873176575,0.9913933873176575,0.5500251054763794,0.5500251054763794,0.13941964507102966,0.13941964507102966,0.3335079848766327,0.3335079848766327,61.08632278442383,61.08632278442383,29.390655517578125,29.390655517578125,44.23939514160156,44.23939514160156,8.527864456176758,8.527864456176758,0.0,0.0,180.0
196,0.8166666666666667,-0.34186966000762226,-7.963255035331282,138.2038856093758,-0.34186966000762226,-7.963255035331282,138.2038856093758,5.0,-5.0,0.0,0.0,15.0,0,0.5,0.0,0.0,3.2,3.2,3.2,7.963255405426025,7.963254928588867,7.963255405426025,7.963255405426025,-0.35830140113830566,-0.3592485785484314,-0.7016515135765076,-1.0384833812713623,-0.10569644719362259,-0.10569644719362259,0.0,0.0,nan,nan,17.527917861938477,17.527917861938477,35.05583572387695,0.0,5.927194595336914,1.0289912223815918,0.0,0.0,0.0,1.0289912223815918,0.0,5.927194595336914,0.0,0.0,0.0,-0.40145277976989746,-2.462719678878784,5.473966598510742,0.0,0.0,0.0,0.0,5.927194595336914,1.0289912223815918,0.0,0.0,0.0,1.0289912223815918,0.0,5.927194595336914,-0.0,-0.0,-0.0,-0.4014529287815094,2.4627180099487305,5.4739670753479,0.0,0.0,0.0,4.470348358154297e-08,0.0,0.6000000238418579,-4.470348358154297e-08,0.05600005388259888,0.6000000238418579,0.0,-0.055999964475631714,0.5999999642372131,-0.8029056787490845,-1.6689300537109375e-06,10.947933197021484,0.0,0.0,0.0,6.258487701416016e-07,7.580446208521607e-07,1.3783574104309082e-07,16.44404411315918,16.444042205810547,36.300392150878906,36.300392150878906,0.4873591661453247,0.4873591661453247,0.508094847202301,0.508094847202301,0.004546067211776972,0.004546067211776972,0.20078371465206146,0.20078371465206146,7.720090389251709,7.720090389251709,-1.1114047765731812,-1.1114047765731812,2.151923179626465,2.151923179626465,0.0,0.0,-0.08259645849466324,-0.08259645849466324,1.0289912223815918,1.0289912223815918,0.5500251054763794,0.5500251054763794,0.1332883983850479,0.1332883983850479,0.3198157250881195,0.3198157250881195,57.23523712158203,57.23523712158203,27.196788787841797,27.196788787841797,42.02863693237305,42.02863693237305,8.944040298461914,8.944040298461914,0.0,0.0,180.0
197,0.8208333333333333,-0.37381210598388254,-7.3601506083586345,151.1169067581034,-0.37381210598388254,-7.3601506083586345,151.1169067581034,5.0,-5.0,0.0,0.0,15.0,0,0.5,0.0,0.0,3.2,3.2,3.2,7.360150337219238,7.360151290893555,7.3601508140563965,7.3601508140563965,-0.387596070766449,-0.38854140043258667,-0.09669208526611328,-0.4315067529678345,-0.09769143164157867,-0.09769143164157867,0.0,0.0,nan,nan,15.230308532714844,15.230308532714844,30.460617065429688,0.0,5.620377063751221,1.0939877033233643,0.0,0.0,0.0,1.0939877033233643,0.0,5.620377063751221,0.0,0.0,0.0,-0.2464625984430313,-2.4973156452178955,5.146661281585693,0.0,0.0,0.0,0.0,5.620377063751221,1.0939877033233643,0.0,0.0,0.0,1.0939877033233643,0.0,5.620377063751221,-0.0,-0.0,-0.0,-0.24646247923374176,2.497314691543579,5.146661758422852,0.0,0.0,0.0,4.470348358154297e-08,0.0,0.6000000238418579,-8.940696716308594e-08,0.05600002408027649,0.6000000238418579,2.9802322387695312e-08,-0.055999964475631714,0.5999999642372131,-0.49292507767677307,-9.5367431640625e-07,10.293323516845703,0.0,0.0,0.0,4.470348358154297e-07,7.816025799911586e-07,3.1944364309310913e-07,15.658474922180176,15.658474922180176,34.11574172973633,34.11574172973633,0.5156482458114624,0.5156482458114624,0.48435184359550476,0.48435184359550476,0.0,0.0,0.1621500849723816,0.1621500849723816,7.448616981506348,7.448616981506348,-1.2676914930343628,-1.2676914930343628,1.977723240852356,1.977723240852356,0.0,0.0,-0.0811874270439148,-0.0811874270439148,1.0939877033233643,1.0939877033233643,0.5500251054763794,0.5500251054763794,0.12544368207454681,0.12544368207454681,0.3049379885196686,0.3049379885196686,52.97660446166992,52.97660446166992,24.764602661132812,24.764602661132812,39.58074188232422,39.58074188232422,9.402693748474121,9.402693748474121,0.0,0.0,180.0
198,0.825,-0.40313252862029225,-6.705420013129294,162.96995138327011,-0.40313252862029225,-6.705420013129294,162.96995138327011,5.0,-5.0,0.0,0.0,15.0,0,0.5,0.0,0.0,3.2,3.2,3.2,6.705418586730957,6.705418109893799,6.70542049407959,6.70542049407959,-0.41417956352233887,-0.41511639952659607,0.5077365040779114,0.17726129293441772,-0.08900117874145508,-0.08900117874145508,0.0,0.0,nan,nan,12.940351486206055,12.940351486206055,25.88070297241211,0.0,5.288064956665039,1.1325910091400146,0.0,0.0,0.0,1.1325910091400146,0.0,5.288064956665039,0.0,0.0,0.0,-0.11376692354679108,-2.4875328540802,4.800586223602295,0.0,0.0,0.0,0.0,5.288064956665039,1.1325910091400146,0.0,0.0,0.0,1.1325910091400146,0.0,5.288064956665039,-0.0,-0.0,-0.0,-0.11376704275608063,2.487531900405884,4.800586700439453,0.0,0.0,0.0,4.470348358154297e-08,0.0,0.6000000238418579,-8.940696716308594e-08,0.05600002408027649,0.6000000238418579,-2.9802322387695312e-08,-0.055999934673309326,0.5999999642372131,-0.2275339663028717,-9.5367431640625e-07,9.601173400878906,0.0,0.0,0.0,5.662441253662109e-07,1.008261392598797e-06,1.51805579662323e-07,14.781632423400879,14.781632423400879,31.4927978515625,31.4927978515625,0.557930588722229,0.557930588722229,0.4420694410800934,0.4420694410800934,0.0,0.0,0.12566909193992615,0.12566909193992615,7.146681785583496,7.146681785583496,-1.4158787727355957,-1.4158787727355957,1.795081615447998,1.795081615447998,0.0,0.0,-0.0797685831785202,-0.0797685831785202,1.1325910091400146,1.1325910091400146,0.5500251054763794,0.5500251054763794,0.11592897772789001,0.11592897772789001,0.2889675796031952,0.2889675796031952,48.338077545166016,48.338077545166016,22.109830856323242,22.109830856323242,36.91154861450195,36.91154861450195,9.900609016418457,9.900609016418457,0.0,0.0,180.0
199,0.8291666666666666,-0.4296252662187539,-6.003655714345455,173.67987889323214,-0.4296252662187539,-6.003655714345455,173.67987889323214,5.0,-5.0,0.0,0.0,15.0,0,0.5,0.0,0.0,3.2,3.2,3.2,6.003655433654785,6.003653526306152,6.003655910491943,6.003655910491943,-0.43786728382110596,-0.4387890100479126,1.107092022895813,0.7832431793212891,-0.07968664914369583,-0.07968664914369583,0.0,0.0,nan,nan,10.719152450561523,10.719152450561523,21.438304901123047,0.0,4.9354472160339355,1.1398613452911377,0.0,0.0,0.0,1.1398613452911377,0.0,4.9354472160339355,0.0,0.0,0.0,-0.009895790368318558,-2.436213254928589,4.441023349761963,0.0,0.0,0.0,0.0,4.9354472160339355,1.1398613452911377,0.0,0.0,0.0,1.1398613452911377,0.0,4.9354472160339355,-0.0,-0.0,-0.0,-0.009895648807287216,2.4362120628356934,4.441023826599121,0.0,0.0,0.0,4.470348358154297e-08,0.0,0.6000000238418579,-4.470348358154297e-08,0.05600002408027649,0.5999999642372131,-2.9802322387695312e-08,-0.055999964475631714,0.5999999642372131,-0.019791439175605774,-1.1920928955078125e-06,8.882047653198242,0.0,0.0,0.0,2.384185791015625e-07,7.291201882253517e-07,4.487810656428337e-08,13.839896202087402,13.839896202087402,28.38277816772461,28.38277816772461,0.6136804223060608,0.6136804223060608,0.3863196074962616,0.3863196074962616,0.0,0.0,0.0920536071062088,0.0920536071062088,6.819703578948975,6.819703578948975,-1.5546932220458984,-1.5546932220458984,1.6087157726287842,1.6087157726287842,0.0,0.0,-0.07837232202291489,-0.07837232202291489,1.1398613452911377,1.1398613452911377,0.5500251054763794,0.5500251054763794,0.10480060428380966,0.10480060428380966,0.272006094455719,0.272006094455719,43.35053634643555,43.35053634643555,19.250091552734375,19.250091552734375,34.03877639770508,34.03877639770508,10.43429183959961,10.43429183959961,0.0,0.0,180.0
200,0.8333333333333334,-0.4531044912600187,-5.2597800843461595,183.1715668415789,-0.4531044912600187,-5.2597800843461595,183.1715668415789,5.0,-5.0,0.0,0.0,15.0,0,0.5,0.0,0.0,3.2,3.2,3.2,5.2597784996032715,5.259779453277588,5.259779930114746,5.259779930114746,-0.4584939777851105,-0.4593939781188965,1.6970343589782715,1.382054090499878,-0.06981316953897476,-0.06981316953897476,0.0,0.0,nan,nan,8.61482048034668,8.61482048034668,17.22964096069336,0.0,4.5663228034973145,1.1124690771102905,0.0,0.0,0.0,1.1124690771102905,0.0,4.5663228034973145,0.0,0.0,0.0,0.060711055994033813,-2.34662127494812,4.071679592132568,0.0,0.0,0.0,0.0,4.5663228034973145,1.1124690771102905,0.0,0.0,0.0,1.1124690771102905,0.0,4.5663228034973145,-0.0,-0.0,-0.0,0.06071081757545471,2.346620798110962,4.071680068969727,0.0,0.0,0.0,4.470348358154297e-08,0.0,0.6000000238418579,-5.960464477539063e-08,0.05600002408027649,0.5999999642372131,1.4901161193847656e-08,-0.055999964475631714,0.6000000238418579,0.12142187356948853,-4.76837158203125e-07,8.143360137939453,0.0,0.0,0.0,8.940696716308594e-08,5.424361688710633e-07,1.578591763973236e-07,12.881732940673828,12.881729125976562,24.75605583190918,24.756046295166016,0.6812697052955627,0.6812697052955627,0.3187303841114044,0.3187303841114044,0.0,0.0,0.06213124841451645,0.06213124841451645,6.473064422607422,6.473064422607422,-1.6828923225402832,-1.6828923225402832,1.4230648279190063,1.4230648279190063,0.0,0.0,-0.0770290344953537,-0.0770290344953537,1.1124690771102905,1.1124690771102905,0.5500251054763794,0.5500251054763794,0.09212793409824371,0.09212793409824371,0.25416383147239685,0.25416383147239685,38.04788589477539,38.04788589477539,16.204755783081055,16.204755783081055,30.981895446777344,30.981895446777344,11.000000953674316,11.000000953674316,0.0,0.0,180.0
201,0.8375,-0.47340551385022145,-4.4790108762019845,191.37843785712084,-0.47340551385022145,-4.4790108762019845,191.37843785712084,5.0,-5.0,0.0,0.0,15.0,0,0.5,0.0,0.0,3.2,3.2,3.2,4.479010105133057,4.479010105133057,4.479011058807373,4.479011058807373,-0.47594502568244934,-0.4768167734146118,2.2686071395874023,1.9645740985870361,-0.05945000424981117,-0.05945000424981117,0.0,0.0,nan,nan,6.778803825378418,6.778803825378418,13.557607650756836,0.0,4.227822303771973,1.0922282934188843,0.0,0.0,0.0,1.0922282934188843,0.0,4.227822303771973,0.0,0.0,0.0,0.12792456150054932,-2.2458412647247314,3.7426295280456543,0.0,0.0,0.0,0.0,4.227822303771973,1.0922282934188843,0.0,0.0,0.0,1.0922282934188843,0.0,4.227822303771973,-0.0,-0.0,-0.0,0.127924382686615,2.245840549468994,3.7426302433013916,0.0,0.0,0.0,4.470348358154297e-08,0.0,0.6000000238418579,-4.470348358154297e-08,0.05600002408027649,0.6000000238418579,-2.9802322387695312e-08,-0.055999934673309326,0.6000000238418579,0.2558489441871643,-7.152557373046875e-07,7.485260009765625,0.0,0.0,0.0,2.980232238769531e-07,6.134648629085859e-07,1.210719347000122e-08,11.991451263427734,11.991450309753418,20.632627487182617,20.632627487182617,0.779161810874939,0.779161810874939,0.2208382934331894,0.2208382934331894,0.0,0.0,0.023084618151187897,0.023084618151187897,6.11190938949585,6.11190938949585,-1.7992889881134033,-1.7992889881134033,1.2421317100524902,1.2421317100524902,0.0,0.0,-0.07576628774404526,-0.07576628774404526,1.0922282934188843,1.0922282934188843,0.5500251054763794,0.5500251054763794,0.07799354195594788,0.07799354195594788,0.2355595976114273,0.2355595976114273,32.46696853637695,32.46696853637695,12.994921684265137,12.994921684265137,27.762073516845703,27.762073516845703,11.593766212463379,11.593766212463379,0.0,0.0,180.0
202,0.8416666666666667,-0.4903859369021573,-3.6668246249261287,198.24292663631297,-0.4903859369021573,-3.6668246249261287,198.24292663631297,5.0,-5.0,0.0,0.0,15.0,0,0.5,0.0,0.0,3.2,3.2,3.2,3.6668248176574707,3.6668241024017334,3.6668245792388916,3.6668245792388916,-0.4900410771369934,-0.49087849259376526,2.826930522918701,2.5360305309295654,-0.04866983741521835,-0.04866983741521835,0.0,0.0,nan,nan,5.013413429260254,5.013413429260254,10.026826858520508,0.0,3.838183641433716,0.9947555065155029,0.0,0.0,0.0,0.9947555065155029,0.0,3.838183641433716,0.0,0.0,0.0,0.1282956898212433,-2.0937862396240234,3.3646388053894043,0.0,0.0,0.0,0.0,3.838183641433716,0.9947555065155029,0.0,0.0,0.0,0.9947555065155029,0.0,3.838183641433716,-0.0,-0.0,-0.0,0.12829560041427612,2.093785285949707,3.3646392822265625,0.0,0.0,0.0,4.470348358154297e-08,0.0,0.6000000238418579,0.0,0.05600003898143768,0.6000000238418579,-8.940696716308594e-08,-0.055999934673309326,0.5999999046325684,0.2565912902355194,-9.5367431640625e-07,6.729278087615967,0.0,0.0,0.0,5.811452865600586e-07,5.863503247383051e-07,-2.0582228899002075e-07,11.310935020446777,11.310933113098145,17.245126724243164,17.245126724243164,0.874110758304596,0.874110758304596,0.12588928639888763,0.12588928639888763,0.0,0.0,0.0,0.0,5.740962982177734,5.740962982177734,-1.9027791023254395,-1.9027791023254395,1.0693638324737549,1.0693638324737549,0.0,0.0,-0.07460828870534897,-0.07460828870534897,0.9947555065155029,0.9947555065155029,0.5500251054763794,0.5500251054763794,0.06249295175075531,0.06249295175075531,0.21632029116153717,0.21632029116153717,26.64727783203125,26.64727783203125,9.643239974975586,9.643239974975586,24.402040481567383,24.402040481567383,12.211423873901367,12.211423873901367,0.0,0.0,180.0
203,0.8458333333333333,-0.5039266549485347,-2.828918233516238,203.71688372249793,-0.5039266549485347,-2.828918233516238,203.71688372249793,5.0,-5.0,0.0,0.0,15.0,0,0.5,0.0,0.0,3.2,3.2,3.2,2.8289172649383545,2.8289172649383545,2.828917980194092,2.828918218612671,-0.5006639957427979,-0.5014616847038269,3.3711471557617188,3.095534086227417,-0.03754828870296478,-0.03754828870296478,0.0,0.0,nan,nan,3.3223369121551514,3.3223369121551514,6.644673824310303,0.0,3.371995449066162,0.8340057730674744,0.0,0.0,0.0,0.8340057730674744,0.0,3.371995449066162,0.0,0.0,0.0,0.08066068589687347,-1.877570390701294,2.921325206756592,0.0,0.0,0.0,0.0,3.371995449066162,0.8340057730674744,0.0,0.0,0.0,0.8340057730674744,0.0,3.371995449066162,-0.0,-0.0,-0.0,0.08066046237945557,1.8775697946548462,2.921325922012329,0.0,0.0,0.0,4.470348358154297e-08,0.0,0.6000000238418579,-1.4901161193847656e-07,0.0559999942779541,0.5999999642372131,-2.9802322387695312e-08,-0.055999934673309326,0.5999999642372131,0.16132114827632904,-5.960464477539062e-07,5.8426513671875,0.0,0.0,0.0,1.341104507446289e-07,7.739449756627437e-07,2.0675361156463623e-07,11.06464672088623,11.064643859863281,16.70958709716797,16.70958709716797,0.8820533156394958,0.8820533156394958,0.11794667690992355,0.11794667690992355,0.0,0.0,0.0,0.0,5.364361763000488,5.364361763000488,-1.992366909980774,-1.992366909980774,0.9075815081596375,0.9075815081596375,0.0,0.0,-0.0735757052898407,-0.0735757052898407,0.8340057730674744,0.8340057730674744,0.5500251054763794,0.5500251054763794,0.04573427140712738,0.04573427140712738,0.19658026099205017,0.19658026099205017,20.630693435668945,20.630693435668945,6.173776626586914,6.173776626586914,20.92591667175293,20.92591667175293,12.848642349243164,12.848642349243164,0.0,0.0,180.0
204,0.85,-0.5139326895812497,-1.9711690132732143,207.76191323974834,-0.5139326895812497,-1.9711690132732143,207.76191323974834,5.0,-5.0,0.0,0.0,15.0,0,0.5,0.0,0.0,3.2,3.2,3.2,1.9711686372756958,1.971169114112854,1.971168875694275,1.971169114112854,-0.5077975988388062,-0.5085494518280029,3.88814115524292,3.6296777725219727,-0.026163367554545403,-0.026163367554545403,0.0,0.0,nan,nan,1.959706425666809,1.959706425666809,3.919412851333618,0.0,2.918328285217285,0.6862674951553345,0.0,0.0,0.0,0.6862674951553345,0.0,2.918328285217285,0.0,0.0,0.0,0.03972753509879112,-1.6491361856460571,2.503272533416748,0.0,0.0,0.0,0.0,2.918328285217285,0.6862674951553345,0.0,0.0,0.0,0.6862674951553345,0.0,2.918328285217285,-0.0,-0.0,-0.0,0.03972723335027695,1.649135947227478,2.5032730102539062,0.0,0.0,0.0,4.470348358154297e-08,0.0,0.6000000238418579,-1.4901161193847656e-07,0.056000009179115295,0.6000000238418579,2.9802322387695312e-08,-0.055999964475631714,0.5999999642372131,0.07945476472377777,-2.384185791015625e-07,5.006545543670654,0.0,0.0,0.0,1.7881393432617188e-07,5.198554049457016e-07,2.759043127298355e-07,11.530000686645508,11.530000686645508,16.17677116394043,16.17677116394043,0.8820533156394958,0.8820533156394958,0.11794667690992355,0.11794667690992355,0.0,0.0,0.0,0.0,4.985516548156738,4.985516548156738,-2.067188262939453,-2.067188262939453,0.7589526772499084,0.7589526772499084,0.0,0.0,-0.07268518209457397,-0.07268518209457397,0.6862674951553345,0.6862674951553345,0.5500251054763794,0.5500251054763794,0.02783733792603016,0.02783733792603016,0.176480233669281,0.176480233669281,14.46108341217041,14.46108341217041,2.6117823123931885,2.6117823123931885,17.35900115966797,17.35900115966797,13.50094985961914,13.50094985961914,0.0,0.0,180.0
205,0.8541666666666666,-0.5203338556566804,-1.0995934586850609,210.3496422123507,-0.5203338556566804,-1.0995934586850609,210.3496422123507,5.0,-5.0,0.0,0.0,15.0,0,0.5,0.0,0.0,3.2,3.2,3.2,1.0995932817459106,1.0995932817459106,1.0995934009552002,1.0995934009552002,-0.5113916397094727,-0.5120924711227417,4.374275207519531,4.134702682495117,-0.014594926498830318,-0.014594926498830318,0.0,0.0,nan,nan,0.9330373406410217,0.9330373406410217,1.8660746812820435,0.0,2.4804887771606445,0.5530703067779541,0.0,0.0,0.0,0.5530703067779541,0.0,2.4804887771606445,0.0,0.0,0.0,0.006894588470458984,-1.414785623550415,2.1111717224121094,0.0,0.0,0.0,0.0,2.4804887771606445,0.5530703067779541,0.0,0.0,0.0,0.5530703067779541,0.0,2.4804887771606445,-0.0,-0.0,-0.0,0.0068944282829761505,1.4147846698760986,2.1111721992492676,0.0,0.0,0.0,4.470348358154297e-08,0.0,0.6000000238418579,-7.450580596923828e-08,0.05600002408027649,0.6000000238418579,-4.470348358154297e-08,-0.055999964475631714,0.6000000238418579,0.013789016753435135,-9.5367431640625e-07,4.222343921661377,0.0,0.0,0.0,9.685754776000977e-08,4.4042479885320063e-07,3.2800016924738884e-08,12.784287452697754,12.784287452697754,15.64927864074707,15.64927864074707,0.8820533156394958,0.8820533156394958,0.11794667690992355,0.11794667690992355,0.0,0.0,0.0,0.0,4.607021808624268,4.607021808624268,-2.126532793045044,-2.126532793045044,0.6250196695327759,0.6250196695327759,0.0,0.0,-0.07194940745830536,-0.07194940745830536,0.5530703067779541,0.5530703067779541,0.5500251054763794,0.5500251054763794,0.008932924829423428,0.008932924829423428,0.1561664193868637,0.1561664193868637,8.183931350708008,8.183931350708008,-1.016519546508789,-1.016519546508789,13.72754955291748,13.72754955291748,14.163772583007812,14.163772583007812,0.0,0.0,180.0
206,0.8583333333333333,-0.5230852535940391,-0.22030504604100465,211.46191958084287,-0.5230852535940391,-0.22030504604100465,211.46191958084287,5.0,-5.0,0.0,0.0,15.0,0,0.5,0.0,0.0,3.2,3.2,3.2,0.22030499577522278,0.22030498087406158,0.22030505537986755,0.22030504047870636,-0.511420488357544,-0.5120651125907898,4.826229572296143,4.6071600914001465,-0.0029241135343909264,-0.0029241135343909264,0.0,0.0,nan,nan,0.23866429924964905,0.23866429924964905,0.4773285984992981,0.0,2.0607638359069824,0.435388445854187,0.0,0.0,0.0,0.435388445854187,0.0,2.0607638359069824,0.0,0.0,0.0,-0.01670883595943451,-1.1800415515899658,1.7445725202560425,0.0,0.0,0.0,0.0,2.0607638359069824,0.435388445854187,0.0,0.0,0.0,0.435388445854187,0.0,2.0607638359069824,-0.0,-0.0,-0.0,-0.016708921641111374,1.1800413131713867,1.7445728778839111,0.0,0.0,0.0,4.470348358154297e-08,0.0,0.6000000238418579,-5.960464477539063e-08,0.05600002408027649,0.6000000238418579,-1.1920928955078125e-07,-0.05599991977214813,0.5999999642372131,-0.03341775760054588,-2.384185791015625e-07,3.489145278930664,0.0,0.0,0.0,2.3096799850463867e-07,4.689267996127455e-07,-7.33998604118824e-08,14.527331352233887,14.527335166931152,15.128838539123535,15.128838539123535,0.8820533156394958,0.8820533156394958,0.11794667690992355,0.11794667690992355,0.0,0.0,0.0,0.0,4.230625152587891,4.230625152587891,-2.169861316680908,-2.169861316680908,0.5067654848098755,0.5067654848098755,0.0,0.0,-0.07137700915336609,-0.07137700915336609,0.435388445854187,0.435388445854187,0.5500251054763794,0.5500251054763794,-0.010838652960956097,-0.010838652960956097,0.13578905165195465,0.13578905165195465,1.845848798751831,1.845848798751831,-4.684210777282715,-4.684210777282715,10.05850601196289,10.05850601196289,14.8324613571167,14.8324613571167,0.0,0.0,180.0
207,0.8624999999999999,-0.5221675843136718,0.6605286482120347,211.09094351865502,-0.5221675843136718,0.6605286482120347,211.09094351865502,5.0,-5.0,0.0,0.0,15.0,0,0.5,0.0,0.0,3.2,3.2,3.2,0.6605284810066223,0.6605284214019775,0.6605286598205566,0.6605286598205566,-0.5078827738761902,-0.5084665417671204,5.241014003753662,5.043916702270508,0.008767210878431797,0.008767210878431797,0.0,0.0,nan,nan,-0.13619016110897064,-0.13619016110897064,-0.2723803222179413,0.0,1.6604478359222412,0.33373790979385376,0.0,0.0,0.0,0.33373790979385376,0.0,1.6604478359222412,0.0,0.0,0.0,-0.030180659145116806,-0.949561357498169,1.402101993560791,0.0,0.0,0.0,0.0,1.6604478359222412,0.33373790979385376,0.0,0.0,0.0,0.33373790979385376,0.0,1.6604478359222412,-0.0,-0.0,-0.0,-0.03018070198595524,0.9495612382888794,1.4021022319793701,0.0,0.0,0.0,4.470348358154297e-08,0.0,0.6000000238418579,-1.043081283569336e-07,0.05600003898143768,0.6000000238418579,-4.470348358154297e-08,-0.055999934673309326,0.5999999642372131,-0.060361362993717194,-1.1920928955078125e-07,2.804204225540161,0.0,0.0,0.0,1.862645149230957e-07,3.360860887369199e-07,5.7392753660678864e-08,16.45307159423828,16.45307159423828,18.852121353149414,18.852121353149414,0.11794667690992355,0.11794667690992355,0.8820533156394958,0.8820533156394958,0.0,0.0,0.0,0.0,3.857262134552002,3.857262134552002,-2.1968142986297607,-2.1968142986297607,0.40471047163009644,0.40471047163009644,0.0,0.0,-0.07097258418798447,-0.07097258418798447,0.33373790979385376,0.33373790979385376,0.5500251054763794,0.5500251054763794,-0.03132893517613411,-0.03132893517613411,0.115500807762146,0.115500807762146,-4.50589656829834,-4.50589656829834,-8.363948822021484,-8.363948822021484,6.379219055175781,6.379219055175781,15.502325057983398,15.502325057983398,0.0,0.0,180.0
208,0.8666666666666667,-0.5175872846062356,1.5367292085870827,209.2393161563174,-0.5175872846062356,1.5367292085870827,209.2393161563174,5.0,-5.0,0.0,0.0,15.0,0,0.5,0.0,0.0,3.2,3.2,3.2,1.536728858947754,1.536729335784912,1.536729335784912,1.536729335784912,-0.5008018016815186,-0.501320481300354,5.615978240966797,5.442172527313232,0.020397039130330086,0.020397039130330086,0.0,0.0,nan,nan,-0.21110811829566956,-0.21110811829566956,-0.4222162365913391,0.0,1.279946208000183,0.24828621745109558,0.0,0.0,0.0,0.24828621745109558,0.0,1.279946208000183,0.0,0.0,0.0,-0.03279729560017586,-0.7271468639373779,1.0817070007324219,0.0,0.0,0.0,0.0,1.279946208000183,0.24828621745109558,0.0,0.0,0.0,0.24828621745109558,0.0,1.279946208000183,-0.0,-0.0,-0.0,-0.032797377556562424,0.7271467447280884,1.0817071199417114,0.0,0.0,0.0,4.470348358154297e-08,0.0,0.6000000238418579,-1.9371509552001953e-07,0.0559999942779541,0.5999999642372131,-2.9802322387695312e-08,-0.055999964475631714,0.5999999642372131,-0.06559467315673828,-1.1920928955078125e-07,2.1634140014648438,0.0,0.0,0.0,2.2351741790771484e-08,3.424022452236386e-07,1.1560041457414627e-07,18.39736557006836,18.397369384765625,23.946260452270508,23.946269989013672,0.11794667690992355,0.11794667690992355,0.8820533156394958,0.8820533156394958,0.0,0.0,0.0,0.0,3.4871673583984375,3.4871673583984375,-2.207221508026123,-2.207221508026123,0.3190230131149292,0.3190230131149292,0.0,0.0,-0.07073679566383362,-0.07073679566383362,0.24828621745109558,0.24828621745109558,0.5500251054763794,0.5500251054763794,-0.052383020520210266,-0.052383020520210266,0.09545519202947617,0.09545519202947617,-10.823899269104004,-10.823899269104004,-12.028267860412598,-12.028267860412598,2.7171530723571777,2.7171530723571777,16.168664932250977,16.168664932250977,0.0,0.0,180.0
209,0.8708333333333333,-0.5093764819832374,2.402150717702305,205.92002532938437,-0.5093764819832374,2.402150717702305,205.92002532938437,5.0,-5.0,0.0,0.0,15.0,0,0.5,0.0,0.0,3.2,3.2,3.2,2.4021506309509277,2.4021503925323486,2.402150869369507,2.4021506309509277,-0.49022507667541504,-0.490674763917923,5.948809623718262,5.799466133117676,0.03188379481434822,0.03188379481434822,0.0,0.0,nan,nan,-0.010292328894138336,-0.010292328894138336,-0.020584657788276672,0.0,0.9189502000808716,0.17895585298538208,0.0,0.0,0.0,0.17895585298538208,0.0,0.9189502000808716,0.0,0.0,0.0,-0.023977410048246384,-0.5158356428146362,0.7809182405471802,0.0,0.0,0.0,0.0,0.9189502000808716,0.17895585298538208,0.0,0.0,0.0,0.17895585298538208,0.0,0.9189502000808716,-0.0,-0.0,-0.0,-0.023977480828762054,0.5158354043960571,0.7809183597564697,0.0,0.0,0.0,4.470348358154297e-08,0.0,0.6000000238418579,-2.9802322387695312e-08,0.05600002408027649,0.5999999642372131,-2.9802322387695312e-08,-0.055999934673309326,0.6000000238418579,-0.04795489087700844,-2.384185791015625e-07,1.56183660030365,0.0,0.0,0.0,3.3527612686157227e-08,1.1779505371123378e-07,-1.862645149230957e-09,20.273359298706055,20.273359298706055,28.664392471313477,28.664392471313477,0.11794667690992355,0.11794667690992355,0.8820533156394958,0.8820533156394958,0.0,0.0,0.0,0.0,3.1200499534606934,3.1200499534606934,-2.2010998725891113,-2.2010998725891113,0.24962228536605835,0.24962228536605835,0.0,0.0,-0.07066641002893448,-0.07066641002893448,0.17895585298538208,0.17895585298538208,0.5500251054763794,0.5500251054763794,-0.07384130358695984,-0.07384130358695984,0.07580475509166718,0.07580475509166718,-17.06112289428711,-17.06112289428711,-15.649868965148926,-15.649868965148926,-0.900409460067749,-0.900409460067749,16.82680892944336,16.82680892944336,0.0,0.0,180.0
210,0.875,-0.49759276932562446,3.2507228654757183,201.15635347809996,-0.49759276932562446,3.2507228654757183,201.15635347809996,5.0,-5.0,0.0,0.0,15.0,0,0.5,0.0,0.0,3.2,3.2,3.2,3.2507216930389404,3.250722885131836,3.250722885131836,3.250722885131836,-0.4762246310710907,-0.4766022562980652,6.237537384033203,6.113650798797607,0.04314691200852394,0.04314691200852394,0.0,0.0,nan,nan,0.43916523456573486,0.43916523456573486,0.8783304691314697,0.0,0.576674222946167,0.1255037784576416,0.0,0.0,0.0,0.1255037784576416,0.0,0.576674222946167,0.0,0.0,0.0,-0.003272656351327896,-0.31805920600891113,0.49712374806404114,0.0,0.0,0.0,0.0,0.576674222946167,0.1255037784576416,0.0,0.0,0.0,0.1255037784576416,0.0,0.576674222946167,-0.0,-0.0,-0.0,-0.00327268335968256,0.3180590569972992,0.4971238374710083,0.0,0.0,0.0,4.470348358154297e-08,0.0,0.6000000238418579,-1.4901161193847656e-07,0.05600002408027649,0.6000000238418579,-1.4901161193847656e-08,-0.055999964475631714,0.5999999642372131,-0.006545339711010456,-1.4901161193847656e-07,0.994247555732727,0.0,0.0,0.0,4.284083843231201e-08,1.2612633781827753e-07,4.132743924856186e-08,22.03261947631836,22.03261947631836,32.858890533447266,32.858890533447266,0.11794667690992355,0.11794667690992355,0.8820533156394958,0.8820533156394958,0.0,0.0,0.0,0.0,2.755321979522705,2.755321979522705,-2.178647994995117,-2.178647994995117,0.19625826179981232,0.19625826179981232,0.0,0.0,-0.07075448334217072,-0.07075448334217072,0.1255037784576416,0.1255037784576416,0.5500251054763794,0.5500251054763794,-0.09554140269756317,-0.09554140269756317,0.05669916793704033,0.05669916793704033,-23.17140769958496,-23.17140769958496,-19.201923370361328,-19.201923370361328,-4.446667194366455,-4.446667194366455,17.472135543823242,17.472135543823242,0.0,0.0,180.0
211,0.8791666666666667,-0.4823188009111039,4.076493527988977,194.9817143378073,-0.4823188009111039,4.076493527988977,194.9817143378073,5.0,-5.0,0.0,0.0,15.0,0,0.5,0.0,0.0,3.2,3.2,3.2,4.076493263244629,4.076493740081787,4.076493740081787,4.076493740081787,-0.45889633893966675,-0.45919913053512573,6.480495452880859,6.382896900177002,0.05410738289356232,0.05410738289356232,0.0,0.0,nan,nan,1.1083641052246094,1.1083641052246094,2.2167282104492188,0.0,0.2521173357963562,0.08756452798843384,0.0,0.0,0.0,0.08756452798843384,0.0,0.2521173357963562,0.0,0.0,0.0,0.02960710972547531,-0.13582462072372437,0.22782842814922333,0.0,0.0,0.0,0.0,0.2521173357963562,0.08756452798843384,0.0,0.0,0.0,0.08756452798843384,0.0,0.2521173357963562,-0.0,-0.0,-0.0,0.029607098549604416,0.1358245611190796,0.22782845795154572,0.0,0.0,0.0,4.470348358154297e-08,0.0,0.6000000238418579,-1.1920928955078125e-07,0.056000009179115295,0.6000000238418579,2.9802322387695312e-08,-0.0559999942779541,0.6000000238418579,0.05921420827507973,-5.960464477539063e-08,0.45565688610076904,0.0,0.0,0.0,1.862645149230957e-09,4.073890025324545e-08,1.9208528101444244e-08,23.64927864074707,23.64927864074707,36.49431228637695,36.49431228637695,0.11794667690992355,0.11794667690992355,0.864794909954071,0.864794909954071,0.017258400097489357,0.017258400097489357,0.0,0.0,2.39235258102417,2.39235258102417,-2.140235185623169,-2.140235185623169,0.15855492651462555,0.15855492651462555,0.0,0.0,-0.07099039852619171,-0.07099039852619171,0.08756452798843384,0.08756452798843384,0.5500251054763794,0.5500251054763794,-0.1173200011253357,-0.1173200011253357,0.03828355297446251,0.03828355297446251,-29.109941482543945,-29.109941482543945,-22.658329010009766,-22.658329010009766,-7.895561218261719,-7.895561218261719,18.10012435913086,18.10012435913086,0.0,0.0,180.0
212,0.8833333333333333,-0.46366171265377165,4.873670517359986,187.4394185656031,-0.46366171265377165,4.873670517359986,187.4394185656031,5.0,-5.0,0.0,0.0,15.0,0,0.5,0.0,0.0,3.2,3.2,3.2,4.87367057800293,4.873669147491455,4.87367057800293,4.87367057800293,-0.4383597671985626,-0.4385853707790375,6.676324367523193,6.605666637420654,0.06468833237886429,0.06468833237886429,0.0,0.0,nan,nan,1.966996431350708,1.966996431350708,3.933992862701416,0.0,-0.05567288398742676,0.06465335190296173,0.0,0.0,0.0,0.06465335190296173,0.0,-0.05567288398742676,0.0,0.0,0.0,0.07473243772983551,0.029112735763192177,-0.029103919863700867,0.0,0.0,0.0,0.0,-0.05567288398742676,0.06465335190296173,0.0,0.0,0.0,0.06465335190296173,0.0,-0.05567288398742676,-0.0,-0.0,-0.0,0.07473243027925491,-0.02911272458732128,-0.02910393476486206,0.0,0.0,0.0,4.470348358154297e-08,0.0,0.6000000238418579,2.9802322387695312e-08,0.05600005388259888,0.6000000238418579,-1.1920928955078125e-07,-0.055999934673309326,0.6000000238418579,0.14946487545967102,1.1175870895385742e-08,-0.05820785462856293,0.0,0.0,0.0,-2.561137080192566e-09,-5.204189079677235e-09,-5.122274160385132e-09,25.11191749572754,25.11191177368164,39.592567443847656,39.59256362915039,0.11794667690992355,0.11794667690992355,0.767946183681488,0.767946183681488,0.11410718411207199,0.11410718411207199,0.0,0.0,2.0307133197784424,2.0307133197784424,-2.086386203765869,-2.086386203765869,0.13601350784301758,0.13601350784301758,0.0,0.0,-0.07136015594005585,-0.07136015594005585,0.06465335190296173,0.06465335190296173,0.5500251054763794,0.5500251054763794,-0.13901470601558685,-0.13901470601558685,0.020696725696325302,0.020696725696325302,-34.83368682861328,-34.83368682861328,-25.99399757385254,-25.99399757385254,-11.222052574157715,-11.222052574157715,18.706369400024414,18.706369400024414,0.0,0.0,180.0
213,0.8875,-0.4417523706226549,5.636662209779117,178.58236994719792,-0.4417523706226549,5.636662209779117,178.58236994719792,5.0,-5.0,0.0,0.0,15.0,0,0.5,0.0,0.0,3.2,3.2,3.2,5.636661052703857,5.636662483215332,5.636662006378174,5.636662006378174,-0.4147568345069885,-0.41490378975868225,6.823953628540039,6.780700206756592,0.074815534055233,0.074815534055233,0.0,0.0,nan,nan,2.9832041263580322,2.9832041263580322,5.9664082527160645,0.0,-0.34737056493759155,0.05613494664430618,0.0,0.0,0.0,0.05613494664430618,0.0,-0.34737056493759155,0.0,0.0,0.0,0.13186773657798767,0.17511847615242004,-0.2752487361431122,0.0,0.0,0.0,0.0,-0.34737056493759155,0.05613494664430618,0.0,0.0,0.0,0.05613494664430618,0.0,-0.34737056493759155,-0.0,-0.0,-0.0,0.13186776638031006,-0.17511847615242004,-0.2752487361431122,0.0,0.0,0.0,4.470348358154297e-08,0.0,0.6000000238418579,-1.043081283569336e-07,0.0559999942779541,0.5999999642372131,5.960464477539063e-08,-0.0559999942779541,0.6000000238418579,0.26373550295829773,0.0,-0.5504974722862244,0.0,0.0,0.0,1.0244548320770264e-08,-4.4773660334840315e-08,-2.7474015951156616e-08,26.418601989746094,26.418607711791992,42.20277786254883,42.20277786254883,0.11794667690992355,0.11794667690992355,0.6812697052955627,0.6812697052955627,0.20078371465206146,0.20078371465206146,0.0,0.0,1.670389175415039,1.670389175415039,-2.0177597999572754,-2.0177597999572754,0.12798134982585907,0.12798134982585907,0.0,0.0,-0.07184641063213348,-0.07184641063213348,0.05613494664430618,0.05613494664430618,0.5500251054763794,0.5500251054763794,-0.16046582162380219,-0.16046582162380219,0.0040695699863135815,0.0040695699863135815,-40.30179977416992,-40.30179977416992,-29.185060501098633,-29.185060501098633,-14.402338981628418,-14.402338981628418,19.2866153717041,19.2866153717041,0.0,0.0,180.0
214,0.8916666666666666,-0.41674445311025954,6.360116766732888,168.47269431486853,-0.41674445311025954,6.360116766732888,168.47269431486853,5.0,-5.0,0.0,0.0,15.0,0,0.5,0.0,0.0,3.2,3.2,3.2,6.360116004943848,6.3601155281066895,6.360117435455322,6.360117435455322,-0.3882518708705902,-0.3883189558982849,6.922579765319824,6.907018661499023,0.08441796153783798,0.08441796153783798,0.0,0.0,nan,nan,4.123132705688477,4.123132705688477,8.246265411376953,0.0,-0.623191237449646,0.061170704662799835,0.0,0.0,0.0,0.061170704662799835,0.0,-0.623191237449646,0.0,0.0,0.0,0.200374037027359,0.3006105124950409,-0.5114613771438599,0.0,0.0,0.0,0.0,-0.623191237449646,0.061170704662799835,0.0,0.0,0.0,0.061170704662799835,0.0,-0.623191237449646,-0.0,-0.0,-0.0,0.2003740519285202,-0.30061042308807373,-0.5114614367485046,0.0,0.0,0.0,4.470348358154297e-08,0.0,0.6000000238418579,-1.1920928955078125e-07,0.0559999942779541,0.5999999642372131,1.4901161193847656e-08,-0.055999964475631714,0.5999999642372131,0.400748074054718,8.940696716308594e-08,-1.0229227542877197,0.0,0.0,0.0,-1.1175870895385742e-08,-1.229642379030338e-07,-4.563480615615845e-08,27.573394775390625,27.573394775390625,44.38374328613281,44.38374328613281,0.11794667690992355,0.11794667690992355,0.6136804223060608,0.6136804223060608,0.26837289333343506,0.26837289333343506,0.0,0.0,1.3119357824325562,1.3119357824325562,-1.9351270198822021,-1.9351270198822021,0.13359972834587097,0.13359972834587097,0.0,0.0,-0.07242901623249054,-0.07242901623249054,0.061170704662799835,0.061170704662799835,0.5500251054763794,0.5500251054763794,-0.18151791393756866,-0.18151791393756866,-0.011476353742182255,-0.011476353742182255,-45.47592544555664,-45.47592544555664,-32.209083557128906,-32.209083557128906,-17.414060592651367,-17.414060592651367,19.836793899536133,19.836793899536133,0.0,0.0,180.0
215,0.8958333333333334,-0.38881337268977206,7.038959674305619,157.18130377938417,-0.38881337268977206,7.038959674305619,157.18130377938417,5.0,-5.0,0.0,0.0,15.0,0,0.5,0.0,0.0,3.2,3.2,3.2,7.0389580726623535,7.038959980010986,7.038959980010986,7.038959980010986,-0.359029620885849,-0.35901641845703125,6.971678256988525,6.983892917633057,0.09342825412750244,0.09342825412750244,0.0,0.0,nan,nan,5.350471019744873,5.350471019744873,10.700942039489746,0.0,-0.8827828168869019,0.07866059988737106,0.0,0.0,0.0,0.07866059988737106,0.0,-0.8827828168869019,0.0,0.0,0.0,0.2791215479373932,0.4040684401988983,-0.7377756237983704,0.0,0.0,0.0,0.0,-0.8827828168869019,0.07866059988737106,0.0,0.0,0.0,0.07866059988737106,0.0,-0.8827828168869019,-0.0,-0.0,-0.0,0.27912163734436035,-0.404068261384964,-0.7377756834030151,0.0,0.0,0.0,4.470348358154297e-08,0.0,0.6000000238418579,-1.1920928955078125e-07,0.05600005388259888,0.6000000238418579,7.450580596923828e-08,-0.055999964475631714,0.6000000238418579,0.5582431554794312,1.7881393432617188e-07,-1.4755513668060303,0.0,0.0,0.0,-6.332993507385254e-08,-9.894341701510712e-08,-9.872019290924072e-08,28.58386993408203,28.58387565612793,46.19440460205078,46.19440841674805,0.11794667690992355,0.11794667690992355,0.557930588722229,0.557930588722229,0.32412275671958923,0.32412275671958923,0.0,0.0,0.9565655589103699,0.9565655589103699,-1.839348316192627,-1.839348316192627,0.15174582600593567,0.15174582600593567,0.0,0.0,-0.0730852335691452,-0.0730852335691452,0.07866059988737106,0.07866059988737106,0.5500251054763794,0.5500251054763794,-0.20202119648456573,-0.20202119648456573,-0.025829829275608063,-0.025829829275608063,-50.320491790771484,-50.320491790771484,-35.045188903808594,-35.045188903808594,-20.23642921447754,-20.23642921447754,20.353044509887695,20.353044509887695,0.0,0.0,180.0
216,0.9,-0.3581550458218899,7.668429337248615,144.78739933249884,-0.3581550458218899,7.668429337248615,144.78739933249884,5.0,-5.0,0.0,0.0,15.0,0,0.5,0.0,0.0,3.2,3.2,3.2,7.668429851531982,7.668428897857666,7.668429851531982,7.668429851531982,-0.32729458808898926,-0.3272010385990143,6.970983982086182,7.010876655578613,0.10178322345018387,0.10178322345018387,0.0,0.0,nan,nan,6.626235008239746,6.626235008239746,13.252470016479492,0.0,-1.1251857280731201,0.10719642043113708,0.0,0.0,0.0,0.10719642043113708,0.0,-1.1251857280731201,0.0,0.0,0.0,0.36642986536026,0.4841136634349823,-0.953360915184021,0.0,0.0,0.0,0.0,-1.1251857280731201,0.10719642043113708,0.0,0.0,0.0,0.10719642043113708,0.0,-1.1251857280731201,-0.0,-0.0,-0.0,0.36642986536026,-0.4841134250164032,-0.9533610343933105,0.0,0.0,0.0,4.470348358154297e-08,0.0,0.6000000238418579,1.4901161193847656e-08,0.05600005388259888,0.6000000238418579,2.9802322387695312e-08,-0.0559999942779541,0.6000000238418579,0.73285973072052,2.384185791015625e-07,-1.9067219495773315,0.0,0.0,0.0,-5.21540641784668e-08,-4.26185557955705e-08,-2.9802322387695312e-08,29.459508895874023,29.459508895874023,47.689090728759766,47.689090728759766,0.11794667690992355,0.11794667690992355,0.5156482458114624,0.5156482458114624,0.366405189037323,0.366405189037323,0.0,0.0,0.606163501739502,0.606163501739502,-1.7313491106033325,-1.7313491106033325,0.18098676204681396,0.18098676204681396,0.0,0.0,-0.07379033416509628,-0.07379033416509628,0.10719642043113708,0.10719642043113708,0.5500251054763794,0.5500251054763794,-0.22183279693126678,-0.22183279693126678,-0.03889114782214165,-0.03889114782214165,-54.80289077758789,-54.80289077758789,-37.67424774169922,-37.67424774169922,-22.85040855407715,-22.85040855407715,20.831748962402344,20.831748962402344,0.0,0.0,180.0
217,0.9041666666666667,-0.32498451864161265,8.244110478149691,131.377915308899,-0.32498451864161265,8.244110478149691,131.377915308899,5.0,-5.0,0.0,0.0,15.0,0,0.5,0.0,0.0,3.2,3.2,3.2,8.244109153747559,8.244107246398926,8.244110107421875,8.244110107421875,-0.2932693362236023,-0.293096125125885,6.920511722564697,6.987782001495361,0.10942424833774567,0.10942424833774567,0.0,0.0,nan,nan,7.908926963806152,7.908926963806152,15.817853927612305,0.0,-1.348850965499878,0.14503847062587738,0.0,0.0,0.0,0.14503847062587738,0.0,-1.348850965499878,0.0,0.0,0.0,0.46004724502563477,0.5396453738212585,-1.1565356254577637,0.0,0.0,0.0,0.0,-1.348850965499878,0.14503847062587738,0.0,0.0,0.0,0.14503847062587738,0.0,-1.348850965499878,-0.0,-0.0,-0.0,0.46004718542099,-0.5396449565887451,-1.1565357446670532,0.0,0.0,0.0,4.470348358154297e-08,0.0,0.6000000238418579,1.4901161193847656e-08,0.056000083684921265,0.6000000238418579,-1.4901161193847656e-08,-0.055999934673309326,0.5999999642372131,0.9200944304466248,4.172325134277344e-07,-2.3130712509155273,0.0,0.0,0.0,-2.0116567611694336e-07,-1.3082329530789139e-07,-5.774199962615967e-08,30.210477828979492,30.210477828979492,48.91554260253906,48.9155387878418,0.11794667690992355,0.11794667690992355,0.4873591661453247,0.4873591661453247,0.3946942090988159,0.3946942090988159,0.0,0.0,0.2632458209991455,0.2632458209991455,-1.6120967864990234,-1.6120967864990234,0.21955665946006775,0.21955665946006775,0.0,0.0,-0.07451818883419037,-0.07451818883419037,0.14503847062587738,0.14503847062587738,0.5500251054763794,0.5500251054763794,-0.24081756174564362,-0.24081756174564362,-0.050572484731674194,-0.050572484731674194,-58.89363479614258,-58.89363479614258,-40.07889175415039,-40.07889175415039,-25.238737106323242,-25.238737106323242,21.269546508789062,21.269546508789062,0.0,0.0,180.0
218,0.9083333333333333,-0.2895344585641175,8.761965107431779,117.04690960430852,-0.2895344585641175,8.761965107431779,117.04690960430852,5.0,-5.0,0.0,0.0,15.0,0,0.5,0.0,0.0,3.2,3.2,3.2,8.761962890625,8.761963844299316,8.761964797973633,8.76196575164795,-0.2571929097175598,-0.25694116950035095,6.820553302764893,6.914708137512207,0.11629774421453476,0.11629774421453476,0.0,0.0,nan,nan,9.155205726623535,9.155205726623535,18.31041145324707,0.0,-1.5517206192016602,0.1901247352361679,0.0,0.0,0.0,0.1901247352361679,0.0,-1.5517206192016602,0.0,0.0,0.0,0.5571818947792053,0.5700148940086365,-1.3448479175567627,0.0,0.0,0.0,0.0,-1.5517206192016602,0.1901247352361679,0.0,0.0,0.0,0.1901247352361679,0.0,-1.5517206192016602,-0.0,-0.0,-0.0,0.5571820139884949,-0.5700146555900574,-1.3448479175567627,0.0,0.0,0.0,4.470348358154297e-08,0.0,0.6000000238418579,-8.940696716308594e-08,0.0559999942779541,0.5999999642372131,2.9802322387695312e-08,-0.055999964475631714,0.6000000238418579,1.1143639087677002,2.384185791015625e-07,-2.6896958351135254,0.0,0.0,0.0,-7.450580596923828e-09,-2.3360857426268922e-07,-7.636845111846924e-08,30.846933364868164,30.846939086914062,49.914554595947266,49.91456604003906,0.11794667690992355,0.11794667690992355,0.45904016494750977,0.45904016494750977,0.42301318049430847,0.42301318049430847,0.0,0.0,-0.06913800537586212,-0.06913800537586212,-1.482582688331604,-1.482582688331604,0.265366792678833,0.265366792678833,0.0,0.0,-0.07524202764034271,-0.07524202764034271,0.1901247352361679,0.1901247352361679,0.5500251054763794,0.5500251054763794,-0.25884881615638733,-0.25884881615638733,-0.06079844385385513,-0.06079844385385513,-62.56645202636719,-62.56645202636719,-42.243629455566406,-42.243629455566406,-27.386035919189453,-27.386035919189453,21.66337013244629,21.66337013244629,0.0,0.0,180.0
219,0.9125,-0.2520535222900181,9.218360846948453,101.89490392693298,-0.2520535222900181,9.218360846948453,101.89490392693298,5.0,-5.0,0.0,0.0,15.0,0,0.5,0.0,0.0,3.2,3.2,3.2,9.21835994720459,9.218358993530273,9.218360900878906,9.218361854553223,-0.21932414174079895,-0.218995600938797,6.670876979827881,6.79122257232666,0.12235549092292786,0.12235549092292786,0.0,0.0,nan,nan,10.279123306274414,10.279123306274414,20.558246612548828,0.0,-1.7239165306091309,0.23365774750709534,0.0,0.0,0.0,0.23365774750709534,0.0,-1.7239165306091309,0.0,0.0,0.0,0.6465334892272949,0.5727429389953613,-1.5101139545440674,0.0,0.0,0.0,0.0,-1.7239165306091309,0.23365774750709534,0.0,0.0,0.0,0.23365774750709534,0.0,-1.7239165306091309,-0.0,-0.0,-0.0,0.6465336084365845,-0.5727425217628479,-1.510114073753357,0.0,0.0,0.0,4.470348358154297e-08,0.0,0.6000000238418579,-7.450580596923828e-08,0.05600002408027649,0.6000000238418579,-5.960464477539063e-08,-0.055999934673309326,0.5999999642372131,1.2930670976638794,4.172325134277344e-07,-3.0202279090881348,0.0,0.0,0.0,-1.564621925354004e-07,-3.7607318859045336e-07,-5.960464477539063e-08,31.378517150878906,31.378522872924805,50.72021484375,50.72022247314453,0.11794667690992355,0.11794667690992355,0.43071863055229187,0.43071863055229187,0.45133471488952637,0.45133471488952637,0.002056337660178542,0.002056337660178542,-0.3875378966331482,-0.3875378966331482,-1.3438032865524292,-1.3438032865524292,0.3160493075847626,0.3160493075847626,0.0,0.0,-0.0759352296590805,-0.0759352296590805,0.23365774750709534,0.23365774750709534,0.5500251054763794,0.5500251054763794,-0.27580901980400085,-0.27580901980400085,-0.06950617581605911,-0.06950617581605911,-65.79830169677734,-65.79830169677734,-44.15483474731445,-44.15483474731445,-29.27880859375,-29.27880859375,22.010454177856445,22.010454177856445,0.0,0.0,180.0
220,0.9166666666666666,-0.21280461165726014,9.610096408506916,86.02817870989747,-0.21280461165726014,9.610096408506916,86.02817870989747,5.0,-5.0,0.0,0.0,15.0,0,0.5,0.0,0.0,3.2,3.2,3.2,9.610097885131836,9.610095024108887,9.610095977783203,9.610095977783203,-0.1799333244562149,-0.17953012883663177,6.471787452697754,6.617427349090576,0.1275550127029419,0.1275550127029419,0.0,0.0,nan,nan,11.205221176147461,11.205221176147461,22.410442352294922,0.0,-1.8574371337890625,0.2673576772212982,0.0,0.0,0.0,0.2673576772212982,0.0,-1.8574371337890625,0.0,0.0,0.0,0.7175978422164917,0.5478834509849548,-1.64512300491333,0.0,0.0,0.0,0.0,-1.8574371337890625,0.2673576772212982,0.0,0.0,0.0,0.2673576772212982,0.0,-1.8574371337890625,-0.0,-0.0,-0.0,0.7175978422164917,-0.5478828549385071,-1.6451232433319092,0.0,0.0,0.0,4.470348358154297e-08,0.0,0.6000000238418579,1.4901161193847656e-08,0.056000083684921265,0.6000000238418579,-1.4901161193847656e-08,-0.055999964475631714,0.6000000238418579,1.4351956844329834,5.960464477539062e-07,-3.2902462482452393,0.0,0.0,0.0,-1.7881393432617188e-07,-1.4708547269037808e-07,-6.705522537231445e-08,31.81400489807129,31.81400489807129,51.36043167114258,51.36043167114258,0.11794667690992355,0.11794667690992355,0.4165618121623993,0.4165618121623993,0.46549156308174133,0.46549156308174133,0.00794259924441576,0.00794259924441576,-0.6882556080818176,-0.6882556080818176,-1.1967494487762451,-1.1967494487762451,0.3690338730812073,0.3690338730812073,0.0,0.0,-0.0765722244977951,-0.0765722244977951,0.2673576772212982,0.2673576772212982,0.5500251054763794,0.5500251054763794,-0.2915896475315094,-0.2915896475315094,-0.07664507627487183,-0.07664507627487183,-68.5693359375,-68.5693359375,-45.80072021484375,-45.80072021484375,-30.9053897857666,-30.9053897857666,22.308364868164062,22.308364868164062,0.0,0.0,180.0
221,0.9208333333333333,-0.17206302957362735,9.934424048604463,69.5580276303725,-0.17206302957362735,9.934424048604463,69.5580276303725,5.0,-5.0,0.0,0.0,15.0,0,0.5,0.0,0.0,3.2,3.2,3.2,9.934426307678223,9.934422492980957,9.934423446655273,9.934423446655273,-0.13928596675395966,-0.1388108730316162,6.2264204025268555,6.396311283111572,0.13185980916023254,0.13185980916023254,0.0,0.0,nan,nan,11.99386978149414,11.99386978149414,23.98773956298828,0.0,-1.9674088954925537,0.3036646842956543,0.0,0.0,0.0,0.3036646842956543,0.0,-1.9674088954925537,0.0,0.0,0.0,0.7855778336524963,0.5032727122306824,-1.7585488557815552,0.0,0.0,0.0,0.0,-1.9674088954925537,0.3036646842956543,0.0,0.0,0.0,0.3036646842956543,0.0,-1.9674088954925537,-0.0,-0.0,-0.0,0.7855777740478516,-0.5032721757888794,-1.7585489749908447,0.0,0.0,0.0,4.470348358154297e-08,0.0,0.6000000238418579,4.470348358154297e-08,0.05600005388259888,0.5999999642372131,-5.960464477539063e-08,-0.055999934673309326,0.5999999642372131,1.5711555480957031,5.364418029785156e-07,-3.5170979499816895,0.0,0.0,0.0,-2.0116567611694336e-07,-2.7707912408914126e-07,-4.470348358154297e-08,32.1611328125,32.1611328125,51.85767364501953,51.85767364501953,0.11794667690992355,0.11794667690992355,0.4024088680744171,0.4024088680744171,0.4796445071697235,0.4796445071697235,0.012195754796266556,0.012195754796266556,-0.9675174355506897,-0.9675174355506897,-1.0423979759216309,-1.0423979759216309,0.42165058851242065,0.42165058851242065,0.0,0.0,-0.07712945342063904,-0.07712945342063904,0.3036646842956543,0.3036646842956543,0.5500251054763794,0.5500251054763794,-0.3060917258262634,-0.3060917258262634,-0.08217675238847733,-0.08217675238847733,-70.86294555664062,-70.86294555664062,-47.171409606933594,-47.171409606933594,-32.25603485107422,-32.25603485107422,22.555011749267578,22.555011749267578,0.0,0.0,180.0
222,0.9249999999999999,-0.13011454896465346,10.189068841874866,52.59997696439503,-0.13011454896465346,10.189068841874866,52.59997696439503,5.0,-5.0,0.0,0.0,15.0,0,0.5,0.0,0.0,3.2,3.2,3.2,10.189068794250488,10.189068794250488,10.189068794250488,10.189068794250488,-0.09767371416091919,-0.09713001549243927,5.935433864593506,6.128347396850586,0.13523972034454346,0.13523972034454346,0.0,0.0,nan,nan,12.566417694091797,12.566417694091797,25.132835388183594,0.0,-2.0433926582336426,0.3335074782371521,0.0,0.0,0.0,0.3335074782371521,0.0,-2.0433926582336426,0.0,0.0,0.0,0.8386393189430237,0.4394078850746155,-1.8412728309631348,0.0,0.0,0.0,0.0,-2.0433926582336426,0.3335074782371521,0.0,0.0,0.0,0.3335074782371521,0.0,-2.0433926582336426,-0.0,-0.0,-0.0,0.8386393189430237,-0.4394075870513916,-1.8412729501724243,0.0,0.0,0.0,4.470348358154297e-08,0.0,0.6000000238418579,-4.470348358154297e-08,0.05600005388259888,0.5999999642372131,-4.470348358154297e-08,-0.055999964475631714,0.6000000238418579,1.6772786378860474,2.980232238769531e-07,-3.6825456619262695,0.0,0.0,0.0,-1.2665987014770508e-07,-3.7923206264167675e-07,-7.450580596923828e-08,32.42644500732422,32.42644500732422,52.22949981689453,52.22949981689453,0.11794667690992355,0.11794667690992355,0.4024088680744171,0.4024088680744171,0.4796445071697235,0.4796445071697235,0.017258400097489357,0.017258400097489357,-1.221634864807129,-1.221634864807129,-0.8817076683044434,-0.8817076683044434,0.47124993801116943,0.47124993801116943,0.0,0.0,-0.07758612930774689,-0.07758612930774689,0.3335074782371521,0.3335074782371521,0.5500251054763794,0.5500251054763794,-0.31922540068626404,-0.31922540068626404,-0.08607429265975952,-0.08607429265975952,-72.66558837890625,-72.66558837890625,-48.2587776184082,-48.2587776184082,-33.322776794433594,-33.322776794433594,22.748666763305664,22.748666763305664,0.0,0.0,180.0
223,0.9291666666666667,-0.0872534082818652,10.372244638055388,35.27297525304294,-0.0872534082818652,10.372244638055388,35.27297525304294,5.0,-5.0,0.0,0.0,15.0,0,0.5,0.0,0.0,3.2,3.2,3.2,10.372241973876953,10.372241020202637,10.372243881225586,10.372243881225586,-0.05538944527506828,-0.05478084087371826,5.600714683532715,5.815255641937256,0.13767102360725403,0.13767102360725403,0.0,0.0,nan,nan,12.896720886230469,12.896720886230469,25.793441772460938,0.0,-2.083435297012329,0.355180025100708,0.0,0.0,0.0,0.355180025100708,0.0,-2.083435297012329,0.0,0.0,0.0,0.8741793632507324,0.36042553186416626,-1.8901745080947876,0.0,0.0,0.0,0.0,-2.083435297012329,0.355180025100708,0.0,0.0,0.0,0.355180025100708,0.0,-2.083435297012329,-0.0,-0.0,-0.0,0.8741793632507324,-0.36042505502700806,-1.8901745080947876,0.0,0.0,0.0,4.470348358154297e-08,0.0,0.6000000238418579,-5.960464477539063e-08,0.05600002408027649,0.5999999642372131,-5.960464477539063e-08,-0.055999934673309326,0.6000000238418579,1.7483587265014648,4.76837158203125e-07,-3.780349016189575,0.0,0.0,0.0,-1.4901161193847656e-07,-4.464262701731059e-07,-7.82310962677002e-08,32.615177154541016,32.615177154541016,52.489070892333984,52.489070892333984,0.11794667690992355,0.11794667690992355,0.3882598280906677,0.3882598280906677,0.4937935173511505,0.4937935173511505,0.023084618151187897,0.023084618151187897,-1.4471688270568848,-1.4471688270568848,-0.7156213521957397,-0.7156213521957397,0.5153317451477051,0.5153317451477051,0.0,0.0,-0.07792520523071289,-0.07792520523071289,0.355180025100708,0.355180025100708,0.5500251054763794,0.5500251054763794,-0.3309100866317749,-0.3309100866317749,-0.08832192420959473,-0.08832192420959473,-73.96683502197266,-73.96683502197266,-49.056514739990234,-49.056514739990234,-34.09943389892578,-34.09943389892578,22.887969970703125,22.887969970703125,0.0,0.0,180.0
224,0.9333333333333333,-0.043780247631466984,10.482666590547439,17.698558963888473,-0.043780247631466984,10.482666590547439,17.698558963888473,5.0,-5.0,0.0,0.0,15.0,0,0.5,0.0,0.0,3.2,3.2,3.2,10.48266315460205,10.48266315460205,10.482666969299316,10.482666969299316,-0.012718332931399345,-0.012049080803990364,5.226443767547607,5.46110200881958,0.1391366571187973,0.1391366571187973,0.0,0.0,nan,nan,13.069879531860352,13.069879531860352,26.139759063720703,0.0,-2.104294538497925,0.3865657448768616,0.0,0.0,0.0,0.3865657448768616,0.0,-2.104294538497925,0.0,0.0,0.0,0.9134008288383484,0.273617684841156,-1.9152859449386597,0.0,0.0,0.0,0.0,-2.104294538497925,0.3865657448768616,0.0,0.0,0.0,0.3865657448768616,0.0,-2.104294538497925,-0.0,-0.0,-0.0,0.9134008884429932,-0.2736172676086426,-1.9152860641479492,0.0,0.0,0.0,4.470348358154297e-08,0.0,0.6000000238418579,-1.043081283569336e-07,0.0559999942779541,0.5999999642372131,-2.9802322387695312e-08,-0.0559999942779541,0.6000000238418579,1.8268017768859863,4.172325134277344e-07,-3.8305721282958984,0.0,0.0,0.0,2.2351741790771484e-08,-4.825427026844409e-07,-1.862645149230957e-08,32.7312126159668,32.73121643066406,52.645591735839844,52.645591735839844,0.11794667690992355,0.11794667690992355,0.3882598280906677,0.3882598280906677,0.4937935173511505,0.4937935173511505,0.023084618151187897,0.023084618151187897,-1.6410667896270752,-1.6410667896270752,-0.545070230960846,-0.545070230960846,0.5516700148582458,0.5516700148582458,0.0,0.0,-0.07813388109207153,-0.07813388109207153,0.3865657448768616,0.3865657448768616,0.5500251054763794,0.5500251054763794,-0.34107425808906555,-0.34107425808906555,-0.08891429007053375,-0.08891429007053375,-74.75922393798828,-74.75922393798828,-49.560054779052734,-49.560054779052734,-34.58158493041992,-34.58158493041992,22.97194480895996,22.97194480895996,0.0,0.0,180.0
225,0.9375,-3.844411231883371e-16,10.519560168692351,1.5541378258449807e-13,-3.844411231883371e-16,10.519560168692351,1.5541378258449807e-13,5.0,-5.0,0.0,0.0,15.0,0,0.5,0.0,0.0,3.2,3.2,3.2,10.519560813903809,10.51955795288086,10.519559860229492,10.519559860229492,0.030015669763088226,0.03074108436703682,4.811291694641113,5.064340591430664,0.13962633907794952,0.13962633907794952,0.0,0.0,nan,nan,12.874686241149902,12.874686241149902,25.749372482299805,0.0,-2.069366455078125,0.390383780002594,0.0,0.0,0.0,0.390383780002594,0.0,-2.069366455078125,0.0,0.0,0.0,0.9106646776199341,0.17901872098445892,-1.8903224468231201,0.0,0.0,0.0,0.0,-2.069366455078125,0.390383780002594,0.0,0.0,0.0,0.390383780002594,0.0,-2.069366455078125,-0.0,-0.0,-0.0,0.9106646776199341,-0.1790182739496231,-1.8903225660324097,0.0,0.0,0.0,4.470348358154297e-08,0.0,0.6000000238418579,0.0,0.05600005388259888,0.6000000238418579,-5.960464477539063e-08,-0.055999934673309326,0.6000000238418579,1.8213293552398682,4.470348358154297e-07,-3.7806448936462402,0.0,0.0,0.0,-2.2351741790771484e-07,-2.8168000199002563e-07,-9.685754776000977e-08,32.776981353759766,32.776981353759766,52.70455551147461,52.70454788208008,0.11794667690992355,0.11794667690992355,0.3882598280906677,0.3882598280906677,0.4937935173511505,0.4937935173511505,0.029628142714500427,0.029628142714500427,-1.8007855415344238,-1.8007855415344238,-0.37098217010498047,-0.37098217010498047,0.5784276127815247,0.5784276127815247,0.0,0.0,-0.07820433378219604,-0.07820433378219604,0.390383780002594,0.390383780002594,0.5500251054763794,0.5500251054763794,-0.34965524077415466,-0.34965524077415466,-0.08785582333803177,-0.08785582333803177,-75.03823852539062,-75.03823852539062,-49.766517639160156,-49.766517639160156,-34.766517639160156,-34.766517639160156,23.0,23.0,0.0,0.0,180.0
226,0.9416666666666667,0.04378024763146622,10.482666590547442,-17.698558963888164,0.04378024763146622,10.482666590547442,-17.698558963888164,5.0,-5.0,0.0,0.0,15.0,0,0.5,0.0,0.0,3.2,3.2,3.2,10.482664108276367,10.482666969299316,10.482666969299316,10.482666969299316,0.07253715395927429,0.0733136460185051,4.3620781898498535,4.631729602813721,0.1391366571187973,0.1391366571187973,0.0,0.0,nan,nan,12.51729965209961,12.51729965209961,25.03459930419922,0.0,-2.0148518085479736,0.4046951234340668,0.0,0.0,0.0,0.4046951234340668,0.0,-2.0148518085479736,0.0,0.0,0.0,0.9119084477424622,0.08628371357917786,-1.8396695852279663,0.0,0.0,0.0,0.0,-2.0148518085479736,0.4046951234340668,0.0,0.0,0.0,0.4046951234340668,0.0,-2.0148518085479736,-0.0,-0.0,-0.0,0.9119086265563965,-0.08628329634666443,-1.8396695852279663,0.0,0.0,0.0,4.470348358154297e-08,0.0,0.6000000238418579,-7.450580596923828e-08,0.05600005388259888,0.6000000238418579,1.4901161193847656e-08,-0.055999964475631714,0.6000000238418579,1.8238170146942139,4.172325134277344e-07,-3.6793391704559326,0.0,0.0,0.0,-1.7136335372924805e-07,-2.7413213388172153e-07,-8.195638656616211e-08,32.75340270996094,32.7534065246582,52.66787338256836,52.66787338256836,0.11794667690992355,0.11794667690992355,0.3882598280906677,0.3882598280906677,0.4937935173511505,0.4937935173511505,0.029628142714500427,0.029628142714500427,-1.9243860244750977,-1.9243860244750977,-0.1942918449640274,-0.1942918449640274,0.5942500829696655,0.5942500829696655,0.0,0.0,-0.07813388109207153,-0.07813388109207153,0.4046951234340668,0.4046951234340668,0.5500251054763794,0.5500251054763794,-0.3565990924835205,-0.3565990924835205,-0.0851602628827095,-0.0851602628827095,-74.80229187011719,-74.80229187011719,-49.67473220825195,-49.67473220825195,-34.653202056884766,-34.653202056884766,22.97194480895996,22.97194480895996,0.0,0.0,180.0
227,0.9458333333333333,0.08725340828186445,10.37224463805539,-35.27297525304263,0.08725340828186445,10.37224463805539,-35.27297525304263,5.0,-5.0,0.0,0.0,15.0,0,0.5,0.0,0.0,3.2,3.2,3.2,10.372241973876953,10.372245788574219,10.372244834899902,10.372244834899902,0.11453503370285034,0.11535727977752686,3.8798952102661133,4.164211750030518,0.13767102360725403,0.13767102360725403,0.0,0.0,nan,nan,11.90204906463623,11.90204906463623,23.80409812927246,0.0,-1.922234296798706,0.40977102518081665,0.0,0.0,0.0,0.40977102518081665,0.0,-1.922234296798706,0.0,0.0,0.0,0.8933185935020447,-0.001222682767547667,-1.7506791353225708,0.0,0.0,0.0,0.0,-1.922234296798706,0.40977102518081665,0.0,0.0,0.0,0.40977102518081665,0.0,-1.922234296798706,-0.0,-0.0,-0.0,0.8933185935020447,0.0012230859138071537,-1.7506791353225708,0.0,0.0,0.0,4.470348358154297e-08,0.0,0.6000000238418579,-1.1920928955078125e-07,0.05600002408027649,0.5999999642372131,0.0,-0.055999964475631714,0.6000000238418579,1.7866371870040894,4.0314625948667526e-07,-3.5013582706451416,0.0,0.0,0.0,-1.043081283569336e-07,-4.1846607246043277e-07,-5.21540641784668e-08,32.6599006652832,32.6599006652832,52.53401565551758,52.53401565551758,0.11794667690992355,0.11794667690992355,0.3882598280906677,0.3882598280906677,0.4937935173511505,0.4937935173511505,0.029628142714500427,0.029628142714500427,-2.0105960369110107,-2.0105960369110107,-0.01595245487987995,-0.01595245487987995,0.5983313322067261,0.5983313322067261,0.0,0.0,-0.07792520523071289,-0.07792520523071289,0.40977102518081665,0.40977102518081665,0.5500251054763794,0.5500251054763794,-0.3618607223033905,-0.3618607223033905,-0.08085006475448608,-0.08085006475448608,-74.05267333984375,-74.05267333984375,-49.28519821166992,-49.28519821166992,-34.242279052734375,-34.242279052734375,22.887969970703125,22.887969970703125,0.0,0.0,180.0
228,0.95,0.1301145489646509,10.189068841874878,-52.599976964394,0.1301145489646509,10.189068841874878,-52.599976964394,5.0,-5.0,0.0,0.0,15.0,0,0.5,0.0,0.0,3.2,3.2,3.2,10.189065933227539,10.189068794250488,10.189068794250488,10.189068794250488,0.15572769939899445,0.15658995509147644,3.3701975345611572,3.6671864986419678,0.13523972034454346,0.13523972034454346,0.0,0.0,nan,nan,11.152164459228516,11.152164459228516,22.30432891845703,0.0,-1.8112328052520752,0.425319641828537,0.0,0.0,0.0,0.425319641828537,0.0,-1.8112328052520752,0.0,0.0,0.0,0.8791646957397461,-0.07875791192054749,-1.6377812623977661,0.0,0.0,0.0,0.0,-1.8112328052520752,0.425319641828537,0.0,0.0,0.0,0.425319641828537,0.0,-1.8112328052520752,-0.0,-0.0,-0.0,0.8791649341583252,0.07875831425189972,-1.6377812623977661,0.0,0.0,0.0,4.470348358154297e-08,0.0,0.6000000238418579,-1.1175870895385742e-07,0.05600002408027649,0.5999999642372131,-7.450580596923828e-09,-0.0559999942779541,0.6000000238418579,1.7583296298980713,4.023313522338867e-07,-3.2755625247955322,0.0,0.0,0.0,-5.960464477539063e-08,-3.940700992188795e-07,-3.725290298461914e-09,32.49432373046875,32.49433135986328,52.297916412353516,52.29792404174805,0.11794667690992355,0.11794667690992355,0.4024088680744171,0.4024088680744171,0.4796445071697235,0.4796445071697235,0.023084618151187897,0.023084618151187897,-2.0588457584381104,-2.0588457584381104,0.16305354237556458,0.16305354237556458,0.5904511213302612,0.5904511213302612,0.0,0.0,-0.07758612930774689,-0.07758612930774689,0.425319641828537,0.425319641828537,0.5500251054763794,0.5500251054763794,-0.36540380120277405,-0.36540380120277405,-0.07495608180761337,-0.07495608180761337,-72.7935791015625,-72.7935791015625,-48.6000862121582,-48.6000862121582,-33.53608703613281,-33.53608703613281,22.748666763305664,22.748666763305664,0.0,0.0,180.0
229,0.9541666666666666,0.17206302957362662,9.934424048604466,-69.5580276303722,0.17206302957362662,9.934424048604466,-69.5580276303722,5.0,-5.0,0.0,0.0,15.0,0,0.5,0.0,0.0,3.2,3.2,3.2,9.93442153930664,9.93442440032959,9.93442440032959,9.93442440032959,0.19580025970935822,0.1966966837644577,2.832411766052246,3.139897346496582,0.13185980916023254,0.13185980916023254,0.0,0.0,nan,nan,10.082258224487305,10.082258224487305,20.16451644897461,0.0,-1.6443266868591309,0.4107626676559448,0.0,0.0,0.0,0.4107626676559448,0.0,-1.6443266868591309,0.0,0.0,0.0,0.8207962512969971,-0.14032970368862152,-1.4761900901794434,0.0,0.0,0.0,0.0,-1.6443266868591309,0.4107626676559448,0.0,0.0,0.0,0.4107626676559448,0.0,-1.6443266868591309,-0.0,-0.0,-0.0,0.8207961916923523,0.14033003151416779,-1.4761900901794434,0.0,0.0,0.0,4.470348358154297e-08,0.0,0.6000000238418579,-1.043081283569336e-07,0.0559999942779541,0.5999999642372131,0.0,-0.055999964475631714,0.6000000238418579,1.6415925025939941,3.2782554626464844e-07,-2.9523801803588867,0.0,0.0,0.0,-5.21540641784668e-08,-3.348835662109195e-07,-1.1175870895385742e-08,32.253047943115234,32.25304412841797,51.95083236694336,51.950828552246094,0.11794667690992355,0.11794667690992355,0.4024088680744171,0.4024088680744171,0.4796445071697235,0.4796445071697235,0.023084618151187897,0.023084618151187897,-2.069272518157959,-2.069272518157959,0.341704398393631,0.341704398393631,0.5709775686264038,0.5709775686264038,0.0,0.0,-0.07712945342063904,-0.07712945342063904,0.4107626676559448,0.4107626676559448,0.5500251054763794,0.5500251054763794,-0.36720117926597595,-0.36720117926597595,-0.06751733273267746,-0.06751733273267746,-71.0322036743164,-71.0322036743164,-47.6233024597168,-47.6233024597168,-32.538673400878906,-32.538673400878906,22.555011749267578,22.555011749267578,0.0,0.0,180.0
230,0.9583333333333334,0.21280461165725945,9.610096408506923,-86.0281787098972,0.21280461165725945,9.610096408506923,-86.0281787098972,5.0,-5.0,0.0,0.0,15.0,0,0.5,0.0,0.0,3.2,3.2,3.2,9.610097885131836,9.610095024108887,9.610095977783203,9.610095977783203,0.23449741303920746,0.23542176187038422,2.2744338512420654,2.590254306793213,0.1275550127029419,0.1275550127029419,0.0,0.0,nan,nan,8.93236255645752,8.93236255645752,17.86472511291504,0.0,-1.4606562852859497,0.4043749272823334,0.0,0.0,0.0,0.4043749272823334,0.0,-1.4606562852859497,0.0,0.0,0.0,0.76563560962677,-0.1838270127773285,-1.2950079441070557,0.0,0.0,0.0,0.0,-1.4606562852859497,0.4043749272823334,0.0,0.0,0.0,0.4043749272823334,0.0,-1.4606562852859497,-0.0,-0.0,-0.0,0.7656355500221252,0.18382734060287476,-1.2950079441070557,0.0,0.0,0.0,4.470348358154297e-08,0.0,0.6000000238418579,-1.4901161193847656e-08,0.05600005388259888,0.5999999642372131,-8.940696716308594e-08,-0.055999964475631714,0.6000000238418579,1.53127121925354,3.2782554626464844e-07,-2.5900158882141113,0.0,0.0,0.0,-1.2665987014770508e-07,-2.9649802968378935e-07,-8.940696716308594e-08,31.930923461914062,31.930923461914062,51.480010986328125,51.480010986328125,0.11794667690992355,0.11794667690992355,0.4165618121623993,0.4165618121623993,0.46549156308174133,0.46549156308174133,0.017258400097489357,0.017258400097489357,-2.042686700820923,-2.042686700820923,0.5189313292503357,0.5189313292503357,0.540837287902832,0.540837287902832,0.0,0.0,-0.0765722244977951,-0.0765722244977951,0.4043749272823334,0.4043749272823334,0.5500251054763794,0.5500251054763794,-0.3672349750995636,-0.3672349750995636,-0.05858075991272926,-0.05858075991272926,-68.77867889404297,-68.77867889404297,-46.360450744628906,-46.360450744628906,-31.255783081054688,-31.255783081054688,22.308364868164062,22.308364868164062,0.0,0.0,180.0
231,0.9625,0.2520535222900174,9.21836084694846,-101.8949039269327,0.2520535222900174,9.21836084694846,-101.8949039269327,5.0,-5.0,0.0,0.0,15.0,0,0.5,0.0,0.0,3.2,3.2,3.2,9.218358993530273,9.218360900878906,9.218360900878906,9.218360900878906,0.27154481410980225,0.2724905014038086,1.6997103691101074,2.021629571914673,0.12235549092292786,0.12235549092292786,0.0,0.0,nan,nan,7.713766574859619,7.713766574859619,15.427533149719238,0.0,-1.2570945024490356,0.3990020751953125,0.0,0.0,0.0,0.3990020751953125,0.0,-1.2570945024490356,0.0,0.0,0.0,0.7063237428665161,-0.20702169835567474,-1.0944122076034546,0.0,0.0,0.0,0.0,-1.2570945024490356,0.3990020751953125,0.0,0.0,0.0,0.3990020751953125,0.0,-1.2570945024490356,-0.0,-0.0,-0.0,0.7063238024711609,0.20702192187309265,-1.094412088394165,0.0,0.0,0.0,4.470348358154297e-08,0.0,0.6000000238418579,-7.450580596923828e-08,0.05600005388259888,0.5999999642372131,-5.21540641784668e-08,-0.055999934673309326,0.5999999642372131,1.4126474857330322,2.2351741790771484e-07,-2.18882417678833,0.0,0.0,0.0,-1.341104507446289e-07,-3.206665155630617e-07,-7.450580596923828e-08,31.52140998840332,31.52140998840332,50.868377685546875,50.86837387084961,0.11794667690992355,0.11794667690992355,0.43071863055229187,0.43071863055229187,0.45133471488952637,0.45133471488952637,0.00794259924441576,0.00794259924441576,-1.9805182218551636,-1.9805182218551636,0.6936150193214417,0.6936150193214417,0.5014570951461792,0.5014570951461792,0.0,0.0,-0.0759352296590805,-0.0759352296590805,0.3990020751953125,0.3990020751953125,0.5500251054763794,0.5500251054763794,-0.3654974102973938,-0.3654974102973938,-0.04820144921541214,-0.04820144921541214,-66.04624938964844,-66.04624938964844,-44.81893539428711,-44.81893539428711,-29.694961547851562,-29.694961547851562,22.010454177856445,22.010454177856445,0.0,0.0,180.0
232,0.9666666666666667,0.28953445856411686,8.761965107431786,-117.04690960430827,0.28953445856411686,8.761965107431786,-117.04690960430827,5.0,-5.0,0.0,0.0,15.0,0,0.5,0.0,0.0,3.2,3.2,3.2,8.761962890625,8.761963844299316,8.761964797973633,8.761964797973633,0.3066673278808594,0.30762800574302673,1.1098380088806152,1.435537338256836,0.11629774421453476,0.11629774421453476,0.0,0.0,nan,nan,6.345561981201172,6.345561981201172,12.691123962402344,0.0,-1.0125832557678223,0.3732264041900635,0.0,0.0,0.0,0.3732264041900635,0.0,-1.0125832557678223,0.0,0.0,0.0,0.6172075271606445,-0.20406323671340942,-0.8614150285720825,0.0,0.0,0.0,0.0,-1.0125832557678223,0.3732264041900635,0.0,0.0,0.0,0.3732264041900635,0.0,-1.0125832557678223,-0.0,-0.0,-0.0,0.6172074675559998,0.20406349003314972,-0.8614150285720825,0.0,0.0,0.0,4.470348358154297e-08,0.0,0.6000000238418579,-3.725290298461914e-08,0.0559999942779541,0.6000000238418579,-2.2351741790771484e-08,-0.055999964475631714,0.6000000238418579,1.234415054321289,2.5331974029541016e-07,-1.722830057144165,0.0,0.0,0.0,-2.2351741790771484e-08,-1.2836083840284118e-07,-2.2351741790771484e-08,31.016643524169922,31.016643524169922,50.093997955322266,50.093990325927734,0.11794667690992355,0.11794667690992355,0.44487857818603516,0.44487857818603516,0.43717479705810547,0.43717479705810547,0.002056337660178542,0.002056337660178542,-1.8847198486328125,-1.8847198486328125,0.8645848035812378,0.8645848035812378,0.45467689633369446,0.45467689633369446,0.0,0.0,-0.07524202764034271,-0.07524202764034271,0.3732264041900635,0.3732264041900635,0.5500251054763794,0.5500251054763794,-0.3619908094406128,-0.3619908094406128,-0.0364423431456089,-0.0364423431456089,-62.851280212402344,-62.851280212402344,-43.00796127319336,-43.00796127319336,-27.865549087524414,-27.865549087524414,21.66337013244629,21.66337013244629,0.0,0.0,180.0
233,0.9708333333333333,0.32498451864161204,8.244110478149702,-131.37791530889876,0.32498451864161204,8.244110478149702,-131.37791530889876,5.0,-5.0,0.0,0.0,15.0,0,0.5,0.0,0.0,3.2,3.2,3.2,8.244110107421875,8.244107246398926,8.244110107421875,8.244110107421875,0.3396175503730774,0.34058672189712524,0.5087685585021973,0.8358975052833557,0.10942424833774567,0.10942424833774567,0.0,0.0,nan,nan,4.864300727844238,4.864300727844238,9.728601455688477,0.0,-0.7270357608795166,0.3281308710575104,0.0,0.0,0.0,0.3281308710575104,0.0,-0.7270357608795166,0.0,0.0,0.0,0.49980002641677856,-0.1716650426387787,-0.5974796414375305,0.0,0.0,0.0,0.0,-0.7270357608795166,0.3281308710575104,0.0,0.0,0.0,0.3281308710575104,0.0,-0.7270357608795166,-0.0,-0.0,-0.0,0.49980002641677856,0.17166517674922943,-0.5974796414375305,0.0,0.0,0.0,4.470348358154297e-08,0.0,0.6000000238418579,2.2351741790771484e-08,0.05600005388259888,0.6000000238418579,-1.4901161193847656e-07,-0.055999964475631714,0.5999999642372131,0.9996000528335571,1.341104507446289e-07,-1.194959282875061,0.0,0.0,0.0,-4.470348358154297e-08,-1.5888593907220638e-07,-7.450580596923828e-08,30.40754508972168,30.40754508972168,49.12944030761719,49.12944030761719,0.11794667690992355,0.11794667690992355,0.4732013940811157,0.4732013940811157,0.4088520109653473,0.4088520109653473,0.0,0.0,-1.757659912109375,-1.757659912109375,1.030624270439148,1.030624270439148,0.40264904499053955,0.40264904499053955,0.0,0.0,-0.07451818883419037,-0.07451818883419037,0.3281308710575104,0.3281308710575104,0.5500251054763794,0.5500251054763794,-0.3567286431789398,-0.3567286431789398,-0.023374903947114944,-0.023374903947114944,-59.21332931518555,-59.21332931518555,-40.93856430053711,-40.93856430053711,-25.778715133666992,-25.778715133666992,21.269546508789062,21.269546508789062,0.0,0.0,180.0
234,0.975,0.35815504582188934,7.668429337248626,-144.78739933249864,0.35815504582188934,7.668429337248626,-144.78739933249864,5.0,-5.0,0.0,0.0,15.0,0,0.5,0.0,0.0,3.2,3.2,3.2,7.668426990509033,7.668428897857666,7.668429374694824,7.668429851531982,0.370170533657074,0.37114134430885315,-0.09828627109527588,0.2279251217842102,0.10178322345018387,0.10178322345018387,0.0,0.0,nan,nan,3.36846923828125,3.36846923828125,6.7369384765625,0.0,-0.4114980697631836,0.2739322781562805,0.0,0.0,0.0,0.2739322781562805,0.0,-0.4114980697631836,0.0,0.0,0.0,0.3671993315219879,-0.11036916077136993,-0.3120141923427582,0.0,0.0,0.0,0.0,-0.4114980697631836,0.2739322781562805,0.0,0.0,0.0,0.2739322781562805,0.0,-0.4114980697631836,-0.0,-0.0,-0.0,0.3671993613243103,0.1103692427277565,-0.3120141327381134,0.0,0.0,0.0,4.470348358154297e-08,0.0,0.6000000238418579,-7.450580596923828e-08,0.0559999942779541,0.5999999642372131,-5.21540641784668e-08,-0.055999934673309326,0.6000000238418579,0.7343987226486206,8.195638656616211e-08,-0.6240283250808716,0.0,0.0,0.0,-2.7939677238464355e-08,-8.93027021220405e-08,-1.862645149230957e-08,29.683975219726562,29.683975219726562,47.94109344482422,47.941097259521484,0.11794667690992355,0.11794667690992355,0.5015096664428711,0.5015096664428711,0.38054367899894714,0.38054367899894714,0.0,0.0,-1.6019785404205322,-1.6019785404205322,1.1904804706573486,1.1904804706573486,0.347722589969635,0.347722589969635,0.0,0.0,-0.07379033416509628,-0.07379033416509628,0.2739322781562805,0.2739322781562805,0.5500251054763794,0.5500251054763794,-0.3497360348701477,-0.3497360348701477,-0.009078867733478546,-0.009078867733478546,-55.155208587646484,-55.155208587646484,-38.623680114746094,-38.623680114746094,-23.447521209716797,-23.447521209716797,20.831748962402344,20.831748962402344,0.0,0.0,180.0
235,0.9791666666666666,0.38881337268977156,7.03895967430563,-157.18130377938397,0.38881337268977156,7.03895967430563,-157.18130377938397,5.0,-5.0,0.0,0.0,15.0,0,0.5,0.0,0.0,3.2,3.2,3.2,7.038958549499512,7.038959980010986,7.038959980010986,7.038959980010986,0.3981183171272278,0.39908406138420105,-0.7060448527336121,-0.3830636143684387,0.09342825412750244,0.09342825412750244,0.0,0.0,nan,nan,1.9550371170043945,1.9550371170043945,3.910074234008789,0.0,-0.07755878567695618,0.21924376487731934,0.0,0.0,0.0,0.21924376487731934,0.0,-0.07755878567695618,0.0,0.0,0.0,0.23093727231025696,-0.023082848638296127,-0.014776848256587982,0.0,0.0,0.0,0.0,-0.07755878567695618,0.21924376487731934,0.0,0.0,0.0,0.21924376487731934,0.0,-0.07755878567695618,-0.0,-0.0,-0.0,0.23093727231025696,0.023082861676812172,-0.01477684173732996,0.0,0.0,0.0,4.470348358154297e-08,0.0,0.6000000238418579,-1.1920928955078125e-07,0.0559999942779541,0.5999999642372131,7.450580596923828e-08,-0.0559999942779541,0.6000000238418579,0.4618745446205139,1.30385160446167e-08,-0.029553689062595367,0.0,0.0,0.0,-1.7462298274040222e-09,-1.574666441683803e-08,4.6566128730773926e-09,28.83502769470215,28.83502769470215,46.488494873046875,46.488494873046875,0.11794667690992355,0.11794667690992355,0.5438657999038696,0.5438657999038696,0.3381875455379486,0.3381875455379486,0.0,0.0,-1.420436143875122,-1.420436143875122,1.3428773880004883,1.3428773880004883,0.29232901334762573,0.29232901334762573,0.0,0.0,-0.0730852335691452,-0.0730852335691452,0.21924376487731934,0.21924376487731934,0.5500251054763794,0.5500251054763794,-0.3410501182079315,-0.3410501182079315,0.006357371807098389,0.006357371807098389,-50.702972412109375,-50.702972412109375,-36.07811737060547,-36.07811737060547,-20.886877059936523,-20.886877059936523,20.353044509887695,20.353044509887695,0.0,0.0,180.0
236,0.9833333333333333,0.4167444531102591,6.360116766732901,-168.47269431486833,0.4167444531102591,6.360116766732901,-168.47269431486833,5.0,-5.0,0.0,0.0,15.0,0,0.5,0.0,0.0,3.2,3.2,3.2,6.360117435455322,6.360116004943848,6.360117435455322,6.360117435455322,0.42326608300209045,0.42422014474868774,-1.3100528717041016,-0.9925918579101562,0.08441796153783798,0.08441796153783798,0.0,0.0,nan,nan,0.6767458319664001,0.6767458319664001,1.3534916639328003,0.0,0.27078408002853394,0.16644757986068726,0.0,0.0,0.0,0.16644757986068726,0.0,0.27078408002853394,0.0,0.0,0.0,0.09447649866342545,0.08777827769517899,0.2905133068561554,0.0,0.0,0.0,0.0,0.27078408002853394,0.16644757986068726,0.0,0.0,0.0,0.16644757986068726,0.0,0.27078408002853394,-0.0,-0.0,-0.0,0.09447649121284485,-0.08777832984924316,0.290513277053833,0.0,0.0,0.0,4.470348358154297e-08,0.0,0.6000000238418579,7.450580596923828e-09,0.056000083684921265,0.5999999642372131,-5.21540641784668e-08,-0.055999964475631714,0.6000000238418579,0.1889529824256897,-5.21540641784668e-08,0.581026554107666,0.0,0.0,0.0,4.0978193283081055e-08,3.332963061097871e-08,-6.51925802230835e-09,27.84942054748535,27.84942054748535,44.72383499145508,44.72383499145508,0.11794667690992355,0.11794667690992355,0.5998412370681763,0.5998412370681763,0.28221216797828674,0.28221216797828674,0.0,0.0,-1.2157520055770874,-1.2157520055770874,1.4865360260009766,1.4865360260009766,0.238876610994339,0.238876610994339,0.0,0.0,-0.07242901623249054,-0.07242901623249054,0.16644757986068726,0.16644757986068726,0.5500251054763794,0.5500251054763794,-0.3307207226753235,-0.3307207226753235,0.022836556658148766,0.022836556658148766,-45.8858757019043,-45.8858757019043,-33.31854248046875,-33.31854248046875,-18.11356544494629,-18.11356544494629,19.836793899536133,19.836793899536133,0.0,0.0,180.0
237,0.9874999999999999,0.4417523706226535,5.636662209779161,-178.58236994719735,0.4417523706226535,5.636662209779161,-178.58236994719735,5.0,-5.0,0.0,0.0,15.0,0,0.5,0.0,0.0,3.2,3.2,3.2,5.636661052703857,5.636661529541016,5.636662483215332,5.636662483215332,0.4454384744167328,0.4463741183280945,-1.9059172868728638,-1.5962255001068115,0.074815534055233,0.074815534055233,0.0,0.0,nan,nan,-0.41913580894470215,-0.41913580894470215,-0.8382716178894043,0.0,0.629759669303894,0.11781476438045502,0.0,0.0,0.0,0.11781476438045502,0.0,0.629759669303894,0.0,0.0,0.0,-0.03902236372232437,0.218978151679039,0.6008356213569641,0.0,0.0,0.0,0.0,0.629759669303894,0.11781476438045502,0.0,0.0,0.0,0.11781476438045502,0.0,0.629759669303894,-0.0,-0.0,-0.0,-0.03902237117290497,-0.21897825598716736,0.6008355617523193,0.0,0.0,0.0,4.470348358154297e-08,0.0,0.6000000238418579,-7.450580596923828e-08,0.05600005388259888,0.5999999642372131,-7.450580596923828e-09,-0.055999934673309326,0.6000000238418579,-0.07804473489522934,-1.043081283569336e-07,1.2016711235046387,0.0,0.0,0.0,8.940696716308594e-08,1.0528711413826386e-07,-1.0477378964424133e-08,26.71609115600586,26.71609115600586,42.59206008911133,42.592063903808594,0.11794667690992355,0.11794667690992355,0.6680206060409546,0.6680206060409546,0.21403278410434723,0.21403278410434723,0.0,0.0,-0.9904357194900513,-0.9904357194900513,1.6201953887939453,1.6201953887939453,0.1896611750125885,0.1896611750125885,0.0,0.0,-0.07184641063213348,-0.07184641063213348,0.11781476438045502,0.11781476438045502,0.5500251054763794,0.5500251054763794,-0.31881067156791687,-0.31881067156791687,0.04025277495384216,0.04025277495384216,-40.73635482788086,-40.73635482788086,-30.363475799560547,-30.363475799560547,-15.146197319030762,-15.146197319030762,19.2866153717041,19.2866153717041,0.0,0.0,180.0
238,0.9916666666666667,0.4636617126537713,4.873670517359999,-187.43941856560295,0.4636617126537713,4.873670517359999,-187.43941856560295,5.0,-5.0,0.0,0.0,15.0,0,0.5,0.0,0.0,3.2,3.2,3.2,4.873668670654297,4.8736701011657715,4.87367057800293,4.87367057800293,0.4644804298877716,0.46539121866226196,-2.489358901977539,-2.1896255016326904,0.06468833237886429,0.06468833237886429,0.0,0.0,nan,nan,-1.292433500289917,-1.292433500289917,-2.584867000579834,0.0,0.9959956407546997,0.07544393092393875,0.0,0.0,0.0,0.07544393092393875,0.0,0.9959956407546997,0.0,0.0,0.0,-0.16680161654949188,0.3666996955871582,0.9140064120292664,0.0,0.0,0.0,0.0,0.9959956407546997,0.07544393092393875,0.0,0.0,0.0,0.07544393092393875,0.0,0.9959956407546997,-0.0,-0.0,-0.0,-0.1668016016483307,-0.36669987440109253,0.9140063524246216,0.0,0.0,0.0,4.470348358154297e-08,0.0,0.6000000238418579,-1.1175870895385742e-07,0.055999964475631714,0.5999999642372131,-1.4901161193847656e-08,-0.055999964475631714,0.6000000238418579,-0.3336032032966614,-1.7881393432617188e-07,1.8280127048492432,0.0,0.0,0.0,2.60770320892334e-08,2.0742862716360833e-07,-3.632158041000366e-08,25.425172805786133,25.425172805786133,40.03216552734375,40.03216552734375,0.11794667690992355,0.11794667690992355,0.7563843131065369,0.7563843131065369,0.12566909193992615,0.12566909193992615,0.0,0.0,-0.7466413974761963,-0.7466413974761963,1.7426371574401855,1.7426371574401855,0.1468040943145752,0.1468040943145752,0.0,0.0,-0.07136015594005585,-0.07136015594005585,0.07544393092393875,0.07544393092393875,0.5500251054763794,0.5500251054763794,-0.30539602041244507,-0.30539602041244507,0.05849137529730797,0.05849137529730797,-35.289794921875,-35.289794921875,-27.233154296875,-27.233154296875,-12.005098342895508,-12.005098342895508,18.706369400024414,18.706369400024414,0.0,0.0,180.0
239,0.9958333333333333,0.48231880091110363,4.076493527988991,-194.98171433780718,0.48231880091110363,4.076493527988991,-194.98171433780718,5.0,-5.0,0.0,0.0,15.0,0,0.5,0.0,0.0,3.2,3.2,3.2,4.076492786407471,4.076493740081787,4.076493740081787,4.076493740081787,0.4802587926387787,0.4811382591724396,-3.056248664855957,-2.768594264984131,0.05410738289356232,0.05410738289356232,0.0,0.0,nan,nan,-1.9110987186431885,-1.9110987186431885,-3.822197437286377,0.0,1.3666765689849854,0.04122874140739441,0.0,0.0,0.0,0.04122874140739441,0.0,1.3666765689849854,0.0,0.0,0.0,-0.2865642309188843,0.5267929434776306,1.2287696599960327,0.0,0.0,0.0,0.0,1.3666765689849854,0.04122874140739441,0.0,0.0,0.0,0.04122874140739441,0.0,1.3666765689849854,-0.0,-0.0,-0.0,-0.2865642309188843,-0.5267933011054993,1.2287695407867432,0.0,0.0,0.0,4.470348358154297e-08,0.0,0.6000000238418579,-1.341104507446289e-07,0.05600002408027649,0.5999999046325684,2.9802322387695312e-08,-0.055999964475631714,0.6000000238418579,-0.5731284618377686,-3.5762786865234375e-07,2.4575390815734863,0.0,0.0,0.0,1.4156103134155273e-07,2.7219235221309646e-07,-7.078051567077637e-08,23.969369888305664,23.969371795654297,36.980777740478516,36.980777740478516,0.11794667690992355,0.11794667690992355,0.8524252772331238,0.8524252772331238,0.029628142714500427,0.029628142714500427,0.0,0.0,-0.4860359728336334,-0.4860359728336334,1.852712631225586,1.852712631225586,0.11221913993358612,0.11221913993358612,0.0,0.0,-0.07099039852619171,-0.07099039852619171,0.04122874140739441,0.04122874140739441,0.5500251054763794,0.5500251054763794,-0.2905657887458801,-0.2905657887458801,0.07742945849895477,0.07742945849895477,-29.58440399169922,-29.58440399169922,-23.94947624206543,-23.94947624206543,-8.712244033813477,-8.712244033813477,18.10012435913086,18.10012435913086,0.0,0.0,180.0
240,1.0,0.4975927693256242,3.250722865475733,-201.15635347809985,0.4975927693256242,3.250722865475733,-201.15635347809985,5.0,-5.0,0.0,0.0,15.0,0,0.5,0.0,0.0,3.2,3.2,3.2,3.250722885131836,3.2507216930389404,3.250722885131836,3.250722885131836,0.492662638425827,0.49350470304489136,-3.6026487350463867,-3.3291125297546387,0.04314691200852394,0.04314691200852394,0.0,0.0,nan,nan,-2.251502275466919,-2.251502275466919,-4.503004550933838,0.0,1.7396504878997803,0.016857273876667023,0.0,0.0,0.0,0.016857273876667023,0.0,1.7396504878997803,0.0,0.0,0.0,-0.3964793086051941,0.6949969530105591,1.5448144674301147,0.0,0.0,0.0,0.0,1.7396504878997803,0.016857273876667023,0.0,0.0,0.0,0.016857273876667023,0.0,1.7396504878997803,-0.0,-0.0,-0.0,-0.39647915959358215,-0.6949969530105591,1.5448143482208252,0.0,0.0,0.0,4.470348358154297e-08,0.0,0.6000000238418579,2.2351741790771484e-08,0.05600005388259888,0.6000000238418579,-4.470348358154297e-08,-0.055999964475631714,0.6000000238418579,-0.7929584980010986,0.0,3.0896286964416504,0.0,0.0,0.0,1.4901161193847656e-07,1.7264646601233835e-07,8.940696716308594e-08,22.345958709716797,22.34595489501953,33.37980270385742,33.37980270385742,0.11794667690992355,0.11794667690992355,0.8820533156394958,0.8820533156394958,0.0,0.0,0.0,0.0,-0.2097177803516388,-0.2097177803516388,1.9493682384490967,1.9493682384490967,0.08761175721883774,0.08761175721883774,0.0,0.0,-0.07075448334217072,-0.07075448334217072,0.016857273876667023,0.016857273876667023,0.5500251054763794,0.5500251054763794,-0.27442190051078796,-0.27442190051078796,0.09693636000156403,0.09693636000156403,-23.660898208618164,-23.660898208618164,-20.535818099975586,-20.535818099975586,-5.291072368621826,-5.291072368621826,17.472135543823242,17.472135543823242,0.0,0.0,180.0
241,1.0041666666666667,0.5093764819832372,2.40215071770232,-205.92002532938432,0.5093764819832372,2.40215071770232,-205.92002532938432,5.0,-5.0,0.0,0.0,15.0,0,0.5,0.0,0.0,3.2,3.2,3.2,2.4021499156951904,2.4021503925323486,2.4021506309509277,2.4021506309509277,0.5016039609909058,0.5024028420448303,-4.124851703643799,-3.867370128631592,0.03188379481434822,0.03188379481434822,0.0,0.0,nan,nan,-2.2980763912200928,-2.2980763912200928,-4.5961527824401855,0.0,2.113485336303711,0.0038374122232198715,0.0,0.0,0.0,0.0038374122232198715,0.0,2.113485336303711,0.0,0.0,0.0,-0.4951443374156952,0.8671173453330994,1.862733006477356,0.0,0.0,0.0,0.0,2.113485336303711,0.0038374122232198715,0.0,0.0,0.0,0.0038374122232198715,0.0,2.113485336303711,-0.0,-0.0,-0.0,-0.4951443672180176,-0.8671180009841919,1.8627327680587769,0.0,0.0,0.0,4.470348358154297e-08,0.0,0.6000000238418579,-1.341104507446289e-07,0.05600002408027649,0.5999999046325684,7.450580596923828e-09,-0.055999934673309326,0.6000000238418579,-0.9902887344360352,-6.556510925292969e-07,3.725465774536133,0.0,0.0,0.0,2.8312206268310547e-07,4.615006332642224e-07,-8.009374141693115e-08,20.559574127197266,20.5595760345459,29.190431594848633,29.190431594848633,0.11794667690992355,0.11794667690992355,0.8820533156394958,0.8820533156394958,0.0,0.0,0.0,0.0,0.08181404322385788,0.08181404322385788,2.0316715240478516,2.0316715240478516,0.0745038241147995,0.0745038241147995,0.0,0.0,-0.07066641002893448,-0.07066641002893448,0.0038374122232198715,0.0038374122232198715,0.5500251054763794,0.5500251054763794,-0.2570783793926239,-0.2570783793926239,0.11687438935041428,0.11687438935041428,-17.562204360961914,-17.562204360961914,-17.016862869262695,-17.016862869262695,-1.7663218975067139,-1.7663218975067139,16.82680892944336,16.82680892944336,0.0,0.0,180.0
242,1.0083333333333333,0.5175872846062355,1.5367292085870978,-209.23931615631733,0.5175872846062355,1.5367292085870978,-209.23931615631733,5.0,-5.0,0.0,0.0,15.0,0,0.5,0.0,0.0,3.2,3.2,3.2,1.5367289781570435,1.536728858947754,1.536729335784912,1.536729335784912,0.50701904296875,0.5077692270278931,-4.619392395019531,-4.379798889160156,0.020397039130330086,0.020397039130330086,0.0,0.0,nan,nan,-2.0424132347106934,-2.0424132347106934,-4.084826469421387,0.0,2.487452983856201,0.0035385126248002052,0.0,0.0,0.0,0.0035385126248002052,0.0,2.487452983856201,0.0,0.0,0.0,-0.581512987613678,1.0391387939453125,2.1839113235473633,0.0,0.0,0.0,0.0,2.487452983856201,0.0035385126248002052,0.0,0.0,0.0,0.0035385126248002052,0.0,2.487452983856201,-0.0,-0.0,-0.0,-0.5815131068229675,-1.0391391515731812,2.183911085128784,0.0,0.0,0.0,4.470348358154297e-08,0.0,0.6000000238418579,-1.043081283569336e-07,0.05600002408027649,0.5999999642372131,-1.1920928955078125e-07,-0.055999964475631714,0.5999999642372131,-1.1630260944366455,-3.5762786865234375e-07,4.367822647094727,0.0,0.0,0.0,1.4156103134155273e-07,7.527207799284952e-07,4.0978193283081055e-08,18.62598419189453,18.625988006591797,24.416597366333008,24.416616439819336,0.11794667690992355,0.11794667690992355,0.8820533156394958,0.8820533156394958,0.0,0.0,0.0,0.0,0.3886198103427887,0.3886198103427887,2.0988330841064453,2.0988330841064453,0.07427530735731125,0.07427530735731125,0.0,0.0,-0.07073679566383362,-0.07073679566383362,0.0035385126248002052,0.0035385126248002052,0.5500251054763794,0.5500251054763794,-0.2386607527732849,-0.2386607527732849,0.13709986209869385,0.13709986209869385,-11.333057403564453,-11.333057403564453,-13.418386459350586,-13.418386459350586,1.8361934423446655,1.8361934423446655,16.168664932250977,16.168664932250977,0.0,0.0,180.0
243,1.0125,0.5221675843136716,0.6605286482120873,-211.09094351865494,0.5221675843136716,0.6605286482120873,-211.09094351865494,5.0,-5.0,0.0,0.0,15.0,0,0.5,0.0,0.0,3.2,3.2,3.2,0.6605283617973328,0.6605286598205566,0.6605286598205566,0.6605286598205566,0.5088680982589722,0.509564220905304,-5.083067893981934,-4.86307430267334,0.008767210878431797,0.008767210878431797,0.0,0.0,nan,nan,-1.482092261314392,-1.482092261314392,-2.964184522628784,0.0,2.861435890197754,0.017234567552804947,0.0,0.0,0.0,0.017234567552804947,0.0,2.861435890197754,0.0,0.0,0.0,-0.6548027396202087,1.207265853881836,2.5103495121002197,0.0,0.0,0.0,0.0,2.861435890197754,0.017234567552804947,0.0,0.0,0.0,0.017234567552804947,0.0,2.861435890197754,-0.0,-0.0,-0.0,-0.654802680015564,-1.2072665691375732,2.5103492736816406,0.0,0.0,0.0,4.470348358154297e-08,0.0,0.6000000238418579,-7.450580596923828e-08,0.05600002408027649,0.5999999642372131,7.450580596923828e-09,-0.055999964475631714,0.6000000238418579,-1.309605360031128,-7.152557373046875e-07,5.020698547363281,0.0,0.0,0.0,2.2351741790771484e-07,4.3180406805731764e-07,-5.960464477539063e-08,16.577594757080078,16.577594757080078,19.143943786621094,19.143943786621094,0.11794667690992355,0.11794667690992355,0.8820533156394958,0.8820533156394958,0.0,0.0,0.0,0.0,0.7112100124359131,0.7112100124359131,2.150225877761841,2.150225877761841,0.08820714801549911,0.08820714801549911,0.0,0.0,-0.07097258418798447,-0.07097258418798447,0.017234567552804947,0.017234567552804947,0.5500251054763794,0.5500251054763794,-0.2193046510219574,-0.2193046510219574,0.1574644297361374,0.1574644297361374,-5.019560813903809,-5.019560813903809,-9.766992568969727,-9.766992568969727,5.489840507507324,5.489840507507324,15.502325057983398,15.502325057983398,0.0,0.0,180.0
244,1.0166666666666666,0.5230852535940391,-0.22030504604098916,-211.46191958084287,0.5230852535940391,-0.22030504604098916,-211.46191958084287,5.0,-5.0,0.0,0.0,15.0,0,0.5,0.0,0.0,3.2,3.2,3.2,0.22030499577522278,0.22030504047870636,0.22030505537986755,0.22030505537986755,0.5071364045143127,0.507773756980896,-5.512950420379639,-5.314133644104004,-0.0029241135343909264,-0.0029241135343909264,0.0,0.0,nan,nan,-0.6195358633995056,-0.6195358633995056,-1.2390717267990112,0.0,3.2357661724090576,0.04613184928894043,0.0,0.0,0.0,0.04613184928894043,0.0,3.2357661724090576,0.0,0.0,0.0,-0.7144038677215576,1.3678911924362183,2.844435214996338,0.0,0.0,0.0,0.0,3.2357661724090576,0.04613184928894043,0.0,0.0,0.0,0.04613184928894043,0.0,3.2357661724090576,-0.0,-0.0,-0.0,-0.7144038081169128,-1.3678922653198242,2.844434976577759,0.0,0.0,0.0,4.470348358154297e-08,0.0,0.6000000238418579,-8.940696716308594e-08,0.05600002408027649,0.5999999642372131,1.4901161193847656e-08,-0.055999964475631714,0.6000000238418579,-1.4288077354431152,-1.0728836059570312e-06,5.688870429992676,0.0,0.0,0.0,2.682209014892578e-07,5.088210173198604e-07,-9.685754776000977e-08,14.4735689163208,14.473566055297852,15.14228343963623,15.14228343963623,0.8820533156394958,0.8820533156394958,0.11794667690992355,0.11794667690992355,0.0,0.0,0.0,0.0,1.0503664016723633,1.0503664016723633,2.1853995323181152,2.1853995323181152,0.11750885844230652,0.11750885844230652,0.0,0.0,-0.07137700915336609,-0.07137700915336609,0.04613184928894043,0.04613184928894043,0.5500251054763794,0.5500251054763794,-0.19915473461151123,-0.19915473461151123,0.17781640589237213,0.17781640589237213,1.3312814235687256,1.3312814235687256,-6.089845657348633,-6.089845657348633,9.167438507080078,9.167438507080078,14.8324613571167,14.8324613571167,0.0,0.0,180.0
245,1.0208333333333333,0.5203338556566807,-1.0995934586850082,-210.3496422123508,0.5203338556566807,-1.0995934586850082,-210.3496422123508,5.0,-5.0,0.0,0.0,15.0,0,0.5,0.0,0.0,3.2,3.2,3.2,1.0995932817459106,1.0995932817459106,1.0995935201644897,1.0995935201644897,0.5018335580825806,0.5024077296257019,-5.906364440917969,-5.730165958404541,-0.014594926498830318,-0.014594926498830318,0.0,0.0,nan,nan,0.5388026237487793,0.5388026237487793,1.0776052474975586,0.0,3.6110057830810547,0.09136626124382019,0.0,0.0,0.0,0.09136626124382019,0.0,3.6110057830810547,0.0,0.0,0.0,-0.7598087787628174,1.517511010169983,3.1886613368988037,0.0,0.0,0.0,0.0,3.6110057830810547,0.09136626124382019,0.0,0.0,0.0,0.09136626124382019,0.0,3.6110057830810547,-0.0,-0.0,-0.0,-0.7598087787628174,-1.5175114870071411,3.1886610984802246,0.0,0.0,0.0,4.470348358154297e-08,0.0,0.6000000238418579,-3.725290298461914e-08,0.05600002408027649,0.5999999642372131,-1.4901161193847656e-08,-0.055999964475631714,0.6000000238418579,-1.5196175575256348,-4.76837158203125e-07,6.377322196960449,0.0,0.0,0.0,2.980232238769531e-07,4.9667835355649e-07,1.1175870895385742e-08,12.42917251586914,12.429173469543457,15.713781356811523,15.713781356811523,0.8820533156394958,0.8820533156394958,0.11794667690992355,0.11794667690992355,0.0,0.0,0.0,0.0,1.406916618347168,1.406916618347168,2.2040891647338867,2.2040891647338867,0.16331566870212555,0.16331566870212555,0.0,0.0,-0.07194940745830536,-0.07194940745830536,0.09136626124382019,0.09136626124382019,0.5500251054763794,0.5500251054763794,-0.17836284637451172,-0.17836284637451172,0.19800248742103577,0.19800248742103577,7.672070026397705,7.672070026397705,-2.4143877029418945,-2.4143877029418945,12.841543197631836,12.841543197631836,14.163772583007812,14.163772583007812,0.0,0.0,180.0
246,1.025,0.5139326895812503,-1.9711690132731623,-207.76191323974854,0.5139326895812503,-1.9711690132731623,-207.76191323974854,5.0,-5.0,0.0,0.0,15.0,0,0.5,0.0,0.0,3.2,3.2,3.2,1.9711685180664062,1.9711686372756958,1.9711689949035645,1.9711689949035645,0.49299490451812744,0.4935021698474884,-6.260899543762207,-6.108605861663818,-0.026163367554545403,-0.026163367554545403,0.0,0.0,nan,nan,1.9827196598052979,1.9827196598052979,3.9654393196105957,0.0,3.987701416015625,0.15396104753017426,0.0,0.0,0.0,0.15396104753017426,0.0,3.987701416015625,0.0,0.0,0.0,-0.7905728220939636,1.65261971950531,3.5453221797943115,0.0,0.0,0.0,0.0,3.987701416015625,0.15396104753017426,0.0,0.0,0.0,0.15396104753017426,0.0,3.987701416015625,-0.0,-0.0,-0.0,-0.7905726432800293,-1.6526206731796265,3.5453217029571533,0.0,0.0,0.0,4.470348358154297e-08,0.0,0.6000000238418579,-1.4901161193847656e-07,0.05600002408027649,0.5999999642372131,-1.4901161193847656e-08,-0.0559999942779541,0.6000000238418579,-1.5811455249786377,-9.5367431640625e-07,7.090643882751465,0.0,0.0,0.0,2.384185791015625e-07,9.452218705519044e-07,-1.8998980522155762e-07,10.723983764648438,10.723981857299805,16.287385940551758,16.28736114501953,0.8820533156394958,0.8820533156394958,0.11794667690992355,0.11794667690992355,0.0,0.0,0.0,0.0,1.7814826965332031,1.7814826965332031,2.2062184810638428,2.2062184810638428,0.22664621472358704,0.22664621472358704,0.0,0.0,-0.07268518209457397,-0.07268518209457397,0.15396104753017426,0.15396104753017426,0.5500251054763794,0.5500251054763794,-0.15708649158477783,-0.15708649158477783,0.21786943078041077,0.21786943078041077,13.955520629882812,13.955520629882812,1.2319629192352295,1.2319629192352295,16.484745025634766,16.484745025634766,13.50094985961914,13.50094985961914,0.0,0.0,180.0
247,1.0291666666666666,0.5039266549485351,-2.8289182335162235,-203.716883722498,0.5039266549485351,-2.8289182335162235,-203.716883722498,5.0,-5.0,0.0,0.0,15.0,0,0.5,0.0,0.0,3.2,3.2,3.2,2.8289177417755127,2.828918218612671,2.828917980194092,2.828917980194092,0.48068034648895264,0.48111703991889954,-6.5743865966796875,-6.447120666503906,-0.03754828870296478,-0.03754828870296478,0.0,0.0,nan,nan,3.69795560836792,3.69795560836792,7.39591121673584,0.0,4.366135120391846,0.2347445785999298,0.0,0.0,0.0,0.2347445785999298,0.0,4.366135120391846,0.0,0.0,0.0,-0.8063147664070129,1.769605040550232,3.916196584701538,0.0,0.0,0.0,0.0,4.366135120391846,0.2347445785999298,0.0,0.0,0.0,0.2347445785999298,0.0,4.366135120391846,-0.0,-0.0,-0.0,-0.8063149452209473,-1.7696057558059692,3.916196346282959,0.0,0.0,0.0,4.470348358154297e-08,0.0,0.6000000238418579,-4.470348358154297e-08,0.0559999942779541,0.5999999642372131,-2.2351741790771484e-08,-0.055999934673309326,0.6000000238418579,-1.6126296520233154,-7.152557373046875e-07,7.832392692565918,0.0,0.0,0.0,3.5762786865234375e-07,6.607967861782527e-07,0.0,9.860907554626465,9.860910415649414,16.860544204711914,16.860544204711914,0.8820533156394958,0.8820533156394958,0.11794667690992355,0.11794667690992355,0.0,0.0,0.0,0.0,2.174238920211792,2.174238920211792,2.1918957233428955,2.1918957233428955,0.3083202838897705,0.3083202838897705,0.0,0.0,-0.0735757052898407,-0.0735757052898407,0.2347445785999298,0.2347445785999298,0.5500251054763794,0.5500251054763794,-0.1354868859052658,-0.1354868859052658,0.2372659295797348,0.2372659295797348,20.134971618652344,20.134971618652344,4.822103500366211,4.822103500366211,20.069965362548828,20.069965362548828,12.848642349243164,12.848642349243164,0.0,0.0,180.0
248,1.0333333333333332,0.49038593690215826,-3.666824624926079,-198.24292663631337,0.49038593690215826,-3.666824624926079,-198.24292663631337,5.0,-5.0,0.0,0.0,15.0,0,0.5,0.0,0.0,3.2,3.2,3.2,3.6668245792388916,3.666822910308838,3.6668243408203125,3.6668245792388916,0.464974582195282,0.46533799171447754,-6.844898700714111,-6.743621826171875,-0.04866983741521835,-0.04866983741521835,0.0,0.0,nan,nan,5.665409088134766,5.665409088134766,11.330818176269531,0.0,4.7461090087890625,0.33423638343811035,0.0,0.0,0.0,0.33423638343811035,0.0,4.7461090087890625,0.0,0.0,0.0,-0.8067562580108643,1.8646842241287231,4.302250862121582,0.0,0.0,0.0,0.0,4.7461090087890625,0.33423638343811035,0.0,0.0,0.0,0.33423638343811035,0.0,4.7461090087890625,-0.0,-0.0,-0.0,-0.8067558407783508,-1.8646845817565918,4.302250385284424,0.0,0.0,0.0,4.470348358154297e-08,0.0,0.6000000238418579,1.4901161193847656e-08,0.05600005388259888,0.6000000238418579,-3.725290298461914e-08,-0.055999934673309326,0.6000000238418579,-1.6135120391845703,-3.5762786865234375e-07,8.604501724243164,0.0,0.0,0.0,5.364418029785156e-07,4.808139237866271e-07,2.1606683731079102e-07,9.915624618530273,9.91562557220459,17.430112838745117,17.430112838745117,0.8820533156394958,0.8820533156394958,0.11794667690992355,0.11794667690992355,0.0,0.0,0.0,0.0,2.5847015380859375,2.5847015380859375,2.161406993865967,2.161406993865967,0.40884464979171753,0.40884464979171753,0.0,0.0,-0.07460828870534897,-0.07460828870534897,0.33423638343811035,0.33423638343811035,0.5500251054763794,0.5500251054763794,-0.1137271523475647,-0.1137271523475647,0.25604432821273804,0.25604432821273804,26.164875030517578,26.164875030517578,8.329535484313965,8.329535484313965,23.570735931396484,23.570735931396484,12.211423873901367,12.211423873901367,0.0,0.0,180.0
249,1.0375,0.47340551385022095,-4.479010876202005,-191.37843785712067,0.47340551385022095,-4.479010876202005,-191.37843785712067,5.0,-5.0,0.0,0.0,15.0,0,0.5,0.0,0.0,3.2,3.2,3.2,4.479009628295898,4.479009628295898,4.479011535644531,4.479011058807373,0.44598644971847534,0.446274071931839,-7.070744514465332,-6.996225357055664,-0.05945000424981117,-0.05945000424981117,0.0,0.0,nan,nan,7.860108375549316,7.860108375549316,15.720216751098633,0.0,5.126777648925781,0.45251691341400146,0.0,0.0,0.0,0.45251691341400146,0.0,5.126777648925781,0.0,0.0,0.0,-0.7917836308479309,1.9339008331298828,4.703373908996582,0.0,0.0,0.0,0.0,5.126777648925781,0.45251691341400146,0.0,0.0,0.0,0.45251691341400146,0.0,5.126777648925781,-0.0,-0.0,-0.0,-0.791783332824707,-1.9339021444320679,4.703373908996582,0.0,0.0,0.0,4.470348358154297e-08,0.0,0.6000000238418579,-1.4156103134155273e-07,0.05600002408027649,0.5999999642372131,-9.685754776000977e-08,-0.055999934673309326,0.6000000238418579,-1.5835669040679932,-1.3113021850585938e-06,9.406747817993164,0.0,0.0,0.0,5.364418029785156e-07,1.5890800568740815e-06,0.0,10.541055679321289,10.541057586669922,18.992504119873047,18.992504119873047,0.8289155960083008,0.8289155960083008,0.1710844784975052,0.1710844784975052,0.0,0.0,0.0,0.0,3.011575937271118,3.011575937271118,2.115201950073242,2.115201950073242,0.5282832384109497,0.5282832384109497,0.0,0.0,-0.07576628774404526,-0.07576628774404526,0.45251691341400146,0.45251691341400146,0.5500251054763794,0.5500251054763794,-0.09197031706571579,-0.09197031706571579,0.2740624248981476,0.2740624248981476,32.00127029418945,32.00127029418945,11.728643417358398,11.728643417358398,26.96149253845215,26.96149253845215,11.593766212463379,11.593766212463379,0.0,0.0,180.0
250,1.0416666666666667,0.4531044912600182,-5.259780084346179,-183.1715668415787,0.4531044912600182,-5.259780084346179,-183.1715668415787,5.0,-5.0,0.0,0.0,15.0,0,0.5,0.0,0.0,3.2,3.2,3.2,5.25977897644043,5.259779453277588,5.259780406951904,5.259780406951904,0.4238588809967041,0.424068808555603,-7.2487897872924805,-7.201590061187744,-0.06981316953897476,-0.06981316953897476,0.0,0.0,nan,nan,10.198176383972168,10.198176383972168,20.396352767944336,0.0,5.491161823272705,0.5754849910736084,0.0,0.0,0.0,0.5754849910736084,0.0,5.491161823272705,0.0,0.0,0.0,-0.770959198474884,1.9676939249038696,5.10076904296875,0.0,0.0,0.0,0.0,5.491161823272705,0.5754849910736084,0.0,0.0,0.0,0.5754849910736084,0.0,5.491161823272705,-0.0,-0.0,-0.0,-0.770959198474884,-1.9676947593688965,5.100768566131592,0.0,0.0,0.0,4.470348358154297e-08,0.0,0.6000000238418579,-9.685754776000977e-08,0.05600002408027649,0.5999999642372131,-8.940696716308594e-08,-0.055999934673309326,0.6000000238418579,-1.541918396949768,-8.344650268554688e-07,10.2015380859375,0.0,0.0,0.0,5.960464477539062e-07,1.4520892364089377e-06,5.587935447692871e-08,11.446121215820312,11.446121215820312,23.393863677978516,23.393863677978516,0.7445049285888672,0.7445049285888672,0.2554951012134552,0.2554951012134552,0.0,0.0,0.004546067211776972,0.004546067211776972,3.4526617527008057,3.4526617527008057,2.0538744926452637,2.0538744926452637,0.6661278605461121,0.6661278605461121,0.0,0.0,-0.0770290344953537,-0.0770290344953537,0.5754849910736084,0.5754849910736084,0.5500251054763794,0.5500251054763794,-0.07037768512964249,-0.07037768512964249,0.2911852300167084,0.2911852300167084,37.60215759277344,37.60215759277344,14.994908332824707,14.994908332824707,30.217771530151367,30.217771530151367,11.000000953674316,11.000000953674316,0.0,0.0,180.0
251,1.0458333333333334,0.42962526621875435,-6.0036557143454425,-173.67987889323234,0.42962526621875435,-6.0036557143454425,-173.67987889323234,5.0,-5.0,0.0,0.0,15.0,0,0.5,0.0,0.0,3.2,3.2,3.2,6.003655910491943,6.003654479980469,6.003655910491943,6.003655910491943,0.3987651467323303,0.398895800113678,-7.374887943267822,-7.355319023132324,-0.07968664914369583,-0.07968664914369583,0.0,0.0,nan,nan,12.525253295898438,12.525253295898438,25.050506591796875,0.0,5.809873104095459,0.6725378036499023,0.0,0.0,0.0,0.6725378036499023,0.0,5.809873104095459,0.0,0.0,0.0,-0.7664875984191895,1.9539835453033447,5.459063529968262,0.0,0.0,0.0,0.0,5.809873104095459,0.6725378036499023,0.0,0.0,0.0,0.6725378036499023,0.0,5.809873104095459,-0.0,-0.0,-0.0,-0.766487181186676,-1.9539846181869507,5.459063529968262,0.0,0.0,0.0,4.470348358154297e-08,0.0,0.6000000238418579,-2.9802322387695312e-08,0.05600005388259888,0.5999999642372131,-8.940696716308594e-08,-0.05599987506866455,0.6000000238418579,-1.5329747200012207,-1.0728836059570312e-06,10.918127059936523,0.0,0.0,0.0,1.0728836059570312e-06,1.1845356766571058e-06,2.7567148208618164e-07,12.45530891418457,12.45531177520752,27.2468204498291,27.2468204498291,0.6546194553375244,0.6546194553375244,0.34538063406944275,0.34538063406944275,0.0,0.0,0.023084618151187897,0.023084618151187897,3.904836654663086,3.904836654663086,1.978142261505127,1.978142261505127,0.8211922645568848,0.8211922645568848,0.0,0.0,-0.07837232202291489,-0.07837232202291489,0.6725378036499023,0.6725378036499023,0.5500251054763794,0.5500251054763794,-0.04910697415471077,-0.04910697415471077,0.3072863221168518,0.3072863221168518,42.92790222167969,42.92790222167969,18.10515785217285,18.10515785217285,33.31647491455078,33.31647491455078,10.43429183959961,10.43429183959961,0.0,0.0,180.0
252,1.05,0.4031325286202927,-6.705420013129283,-162.96995138327028,0.4031325286202927,-6.705420013129283,-162.96995138327028,5.0,-5.0,0.0,0.0,15.0,0,0.5,0.0,0.0,3.2,3.2,3.2,6.705420017242432,6.705419063568115,6.70542049407959,6.70542049407959,0.370892196893692,0.3709426820278168,-7.446378231048584,-7.454519271850586,-0.08900117874145508,-0.08900117874145508,0.0,0.0,nan,nan,14.70762825012207,14.70762825012207,29.41525650024414,0.0,6.064223289489746,0.7192525863647461,0.0,0.0,0.0,0.7192525863647461,0.0,6.064223289489746,0.0,0.0,0.0,-0.7968243956565857,1.8875319957733154,5.752775192260742,0.0,0.0,0.0,0.0,6.064223289489746,0.7192525863647461,0.0,0.0,0.0,0.7192525863647461,0.0,6.064223289489746,-0.0,-0.0,-0.0,-0.7968242764472961,-1.8875333070755005,5.752774715423584,0.0,0.0,0.0,4.470348358154297e-08,0.0,0.6000000238418579,-6.705522537231445e-08,0.05600005388259888,0.5999999642372131,-2.9802322387695312e-08,-0.055999964475631714,0.6000000238418579,-1.5936486721038818,-1.3113021850585938e-06,11.505550384521484,0.0,0.0,0.0,6.556510925292969e-07,1.1190322766196914e-06,7.450580596923828e-09,13.467970848083496,13.467973709106445,30.544343948364258,30.544349670410156,0.5998412370681763,0.5998412370681763,0.4001588523387909,0.4001588523387909,0.0,0.0,0.06213124841451645,0.06213124841451645,4.364091396331787,4.364091396331787,1.8888245820999146,1.8888245820999146,0.9915393590927124,0.9915393590927124,0.0,0.0,-0.0797685831785202,-0.0797685831785202,0.7192525863647461,0.7192525863647461,0.5500251054763794,0.5500251054763794,-0.02831096760928631,-0.02831096760928631,0.32224926352500916,0.32224926352500916,47.9415168762207,47.9415168762207,21.037723541259766,21.037723541259766,36.23600769042969,36.23600769042969,9.900609016418457,9.900609016418457,0.0,0.0,180.0
253,1.0541666666666667,0.37381210598388315,-7.360150608358624,-151.11690675810362,0.37381210598388315,-7.360150608358624,-151.11690675810362,5.0,-5.0,0.0,0.0,15.0,0,0.5,0.0,0.0,3.2,3.2,3.2,7.360148906707764,7.360150337219238,7.3601508140563965,7.3601508140563965,0.34042537212371826,0.3403951823711395,-7.4644246101379395,-7.500189781188965,-0.09769143164157867,-0.09769143164157867,0.0,0.0,nan,nan,16.74785614013672,16.74785614013672,33.49571228027344,0.0,6.267640113830566,0.7224792242050171,0.0,0.0,0.0,0.7224792242050171,0.0,6.267640113830566,0.0,0.0,0.0,-0.8578804135322571,1.7753887176513672,5.993106365203857,0.0,0.0,0.0,0.0,6.267640113830566,0.7224792242050171,0.0,0.0,0.0,0.7224792242050171,0.0,6.267640113830566,-0.0,-0.0,-0.0,-0.8578802347183228,-1.7753901481628418,5.993105888366699,0.0,0.0,0.0,4.470348358154297e-08,0.0,0.6000000238418579,-2.9802322387695312e-08,0.05600002408027649,0.5999999642372131,1.4901161193847656e-08,-0.055999964475631714,0.6000000238418579,-1.7157607078552246,-1.430511474609375e-06,11.986211776733398,0.0,0.0,0.0,4.76837158203125e-07,6.762633120160899e-07,-1.862645149230957e-08,14.427506446838379,14.427509307861328,33.324405670166016,33.324405670166016,0.557930588722229,0.557930588722229,0.4420694410800934,0.4420694410800934,0.0,0.0,0.11410718411207199,0.11410718411207199,4.825621604919434,4.825621604919434,1.7868167161941528,1.7868167161941528,1.1744575500488281,1.1744575500488281,0.0,0.0,-0.0811874270439148,-0.0811874270439148,0.7224792242050171,0.7224792242050171,0.5500251054763794,0.5500251054763794,-0.00813613086938858,-0.00813613086938858,0.33596837520599365,0.33596837520599365,52.6088752746582,52.6088752746582,23.77259063720703,23.77259063720703,38.956451416015625,38.956451416015625,9.402693748474121,9.402693748474121,0.0,0.0,180.0
254,1.0583333333333333,0.34186966000762287,-7.963255035331272,-138.20388560937602,0.34186966000762287,-7.963255035331272,-138.20388560937602,5.0,-5.0,0.0,0.0,15.0,0,0.5,0.0,0.0,3.2,3.2,3.2,7.963255405426025,7.963255882263184,7.963254928588867,7.963254928588867,0.30757272243499756,0.30746200680732727,-7.429779052734375,-7.49291467666626,-0.10569644719362259,-0.10569644719362259,0.0,0.0,nan,nan,18.644290924072266,18.644290924072266,37.28858184814453,0.0,6.426783561706543,0.6856058835983276,0.0,0.0,0.0,0.6856058835983276,0.0,6.426783561706543,0.0,0.0,0.0,-0.9472333788871765,1.622696876525879,6.184109210968018,0.0,0.0,0.0,0.0,6.426783561706543,0.6856058835983276,0.0,0.0,0.0,0.6856058835983276,0.0,6.426783561706543,-0.0,-0.0,-0.0,-0.9472336173057556,-1.6226974725723267,6.184109210968018,0.0,0.0,0.0,4.470348358154297e-08,0.0,0.6000000238418579,-2.2351741790771484e-08,0.05600005388259888,0.5999999642372131,7.450580596923828e-09,-0.0559999942779541,0.6000000238418579,-1.8944669961929321,-5.960464477539062e-07,12.368218421936035,0.0,0.0,0.0,4.76837158203125e-07,7.015123628661968e-07,-3.725290298461914e-09,15.303487777709961,15.303488731384277,35.64192581176758,35.64192581176758,0.5156482458114624,0.5156482458114624,0.4822954833507538,0.4822954833507538,0.002056337660178542,0.002056337660178542,0.17482061684131622,0.17482061684131622,5.283967971801758,5.283967971801758,1.6730680465698242,1.6730680465698242,1.3664886951446533,1.3664886951446533,0.0,0.0,-0.08259645849466324,-0.08259645849466324,0.6856058835983276,0.6856058835983276,0.5500251054763794,0.5500251054763794,0.011278410442173481,0.011278410442173481,0.3483498692512512,0.3483498692512512,56.898929595947266,56.898929595947266,26.291492462158203,26.291492462158203,41.45964431762695,41.45964431762695,8.944040298461914,8.944040298461914,0.0,0.0,180.0
255,1.0625,0.3075292439994223,-8.510502949821895,-124.32146350245402,0.3075292439994223,-8.510502949821895,-124.32146350245402,5.0,-5.0,0.0,0.0,15.0,0,0.5,0.0,0.0,3.2,3.2,3.2,8.51050090789795,8.51050090789795,8.510502815246582,8.510502815246582,0.27250900864601135,0.2723190188407898,-7.351630210876465,-7.441864967346191,-0.112960085272789,-0.112960085272789,0.0,0.0,nan,nan,20.681827545166016,20.681827545166016,41.36365509033203,0.0,6.622849464416504,0.6797236800193787,0.0,0.0,0.0,0.6797236800193787,0.0,6.622849464416504,0.0,0.0,0.0,-1.01589834690094,1.4511958360671997,6.417643070220947,0.0,0.0,0.0,0.0,6.622849464416504,0.6797236800193787,0.0,0.0,0.0,0.6797236800193787,0.0,6.622849464416504,-0.0,-0.0,-0.0,-1.01589834690094,-1.4511969089508057,6.417642593383789,0.0,0.0,0.0,4.470348358154297e-08,0.0,0.6000000238418579,-1.043081283569336e-07,0.05600002408027649,0.5999999642372131,0.0,-0.055999934673309326,0.6000000238418579,-2.03179669380188,-1.0728836059570312e-06,12.835285186767578,0.0,0.0,0.0,6.854534149169922e-07,1.3037465578236151e-06,-6.332993507385254e-08,16.081235885620117,16.081235885620117,37.554847717285156,37.554847717285156,0.4873591661453247,0.4873591661453247,0.49538251757621765,0.49538251757621765,0.017258400097489357,0.017258400097489357,0.21403278410434723,0.21403278410434723,5.733179092407227,5.733179092407227,1.5485601425170898,1.5485601425170898,1.5635099411010742,1.5635099411010742,0.0,0.0,-0.08396197110414505,-0.08396197110414505,0.6797236800193787,0.6797236800193787,0.5500251054763794,0.5500251054763794,0.02980169467628002,0.02980169467628002,0.35931217670440674,0.35931217670440674,60.78380584716797,60.78380584716797,28.57801055908203,28.57801055908203,43.729270935058594,43.729270935058594,8.527864456176758,8.527864456176758,0.0,0.0,180.0
256,1.0666666666666667,0.27103173130402286,-8.998055800907453,-109.56701565391063,0.27103173130402286,-8.998055800907453,-109.56701565391063,5.0,-5.0,0.0,0.0,15.0,0,0.5,0.0,0.0,3.2,3.2,3.2,8.998055458068848,8.998055458068848,8.998055458068848,8.998055458068848,0.23552395403385162,0.23525603115558624,-7.223499298095703,-7.340230464935303,-0.11943138390779495,-0.11943138390779495,0.0,0.0,nan,nan,22.578086853027344,22.578086853027344,45.15617370605469,0.0,6.789646148681641,0.6541298031806946,0.0,0.0,0.0,0.6541298031806946,0.0,6.789646148681641,0.0,0.0,0.0,-1.0956493616104126,1.245023250579834,6.616392612457275,0.0,0.0,0.0,0.0,6.789646148681641,0.6541298031806946,0.0,0.0,0.0,0.6541298031806946,0.0,6.789646148681641,-0.0,-0.0,-0.0,-1.0956496000289917,-1.24502432346344,6.616392135620117,0.0,0.0,0.0,4.470348358154297e-08,0.0,0.6000000238418579,-7.450580596923828e-09,0.05600002408027649,0.6000000238418579,4.470348358154297e-08,-0.0559999942779541,0.6000000238418579,-2.1912989616394043,-1.0728836059570312e-06,13.232784271240234,0.0,0.0,0.0,2.384185791015625e-07,3.450717542818893e-07,-4.470348358154297e-08,16.755664825439453,16.755666732788086,39.11737823486328,39.11737060546875,0.45904016494750977,0.45904016494750977,0.5041139721870422,0.5041139721870422,0.036845918744802475,0.036845918744802475,0.2546203136444092,0.2546203136444092,6.167004108428955,6.167004108428955,1.414288878440857,1.414288878440857,1.760864019393921,1.760864019393921,0.0,0.0,-0.08524999022483826,-0.08524999022483826,0.6541298031806946,0.6541298031806946,0.5500251054763794,0.5500251054763794,0.04731156304478645,0.04731156304478645,0.36878615617752075,0.36878615617752075,64.23880767822266,64.23880767822266,30.617563247680664,30.617563247680664,45.75087356567383,45.75087356567383,8.157086372375488,8.157086372375488,0.0,0.0,180.0
257,1.0708333333333333,0.23263312574955433,-9.422493755643838,-94.04403391434651,0.23263312574955433,-9.422493755643838,-94.04403391434651,5.0,-5.0,0.0,0.0,15.0,0,0.5,0.0,0.0,3.2,3.2,3.2,9.422493934631348,9.422493934631348,9.422493934631348,9.422493934631348,0.19685250520706177,0.19650885462760925,-7.050210952758789,-7.19273042678833,-0.12506495416164398,-0.12506495416164398,0.0,0.0,nan,nan,24.42749786376953,24.42749786376953,48.85499572753906,0.0,6.962028980255127,0.6466535925865173,0.0,0.0,0.0,0.6466535925865173,0.0,6.962028980255127,0.0,0.0,0.0,-1.158109426498413,1.0129553079605103,6.8206095695495605,0.0,0.0,0.0,0.0,6.962028980255127,0.6466535925865173,0.0,0.0,0.0,0.6466535925865173,0.0,6.962028980255127,-0.0,-0.0,-0.0,-1.158109188079834,-1.012956976890564,6.8206095695495605,0.0,0.0,0.0,4.470348358154297e-08,0.0,0.6000000238418579,0.0,0.0559999942779541,0.5999999642372131,2.2351741790771484e-08,-0.055999964475631714,0.6000000238418579,-2.316218614578247,-1.6689300537109375e-06,13.641219139099121,0.0,0.0,0.0,2.682209014892578e-07,5.263862021820387e-07,2.9802322387695312e-08,17.327505111694336,17.327505111694336,40.3770637512207,40.3770637512207,0.44487857818603516,0.44487857818603516,0.5019837021827698,0.5019837021827698,0.05313779413700104,0.05313779413700104,0.28221216797828674,0.28221216797828674,6.579092502593994,6.579092502593994,1.2712492942810059,1.2712492942810059,1.9535307884216309,1.9535307884216309,0.0,0.0,-0.08642737567424774,-0.08642737567424774,0.6466535925865173,0.6466535925865173,0.5500251054763794,0.5500251054763794,0.06369496881961823,0.06369496881961823,0.3767150342464447,0.3767150342464447,67.24253845214844,67.24253845214844,32.39746856689453,32.39746856689453,47.51189422607422,47.51189422607422,7.834306240081787,7.834306240081787,0.0,0.0,180.0
258,1.075,0.1926027659646246,-9.780839686736787,-77.86140084741909,0.1926027659646246,-9.780839686736787,-77.86140084741909,5.0,-5.0,0.0,0.0,15.0,0,0.5,0.0,0.0,3.2,3.2,3.2,9.780839920043945,9.780839920043945,9.780839920043945,9.780839920043945,0.15679268538951874,0.15637581050395966,-6.828676700592041,-6.996007442474365,-0.1298212856054306,-0.1298212856054306,0.0,0.0,nan,nan,26.036739349365234,26.036739349365234,52.07347869873047,0.0,7.099071502685547,0.6268520951271057,0.0,0.0,0.0,0.6268520951271057,0.0,7.099071502685547,0.0,0.0,0.0,-1.2215698957443237,0.7509896755218506,6.9809417724609375,0.0,0.0,0.0,0.0,7.099071502685547,0.6268520951271057,0.0,0.0,0.0,0.6268520951271057,0.0,7.099071502685547,-0.0,-0.0,-0.0,-1.221569538116455,-0.7509912252426147,6.980940818786621,0.0,0.0,0.0,4.470348358154297e-08,0.0,0.6000000238418579,0.0,0.05600005388259888,0.5999999642372131,0.0,-0.055999934673309326,0.5999999642372131,-2.4431395530700684,-1.5497207641601562e-06,13.961882591247559,0.0,0.0,0.0,8.940696716308594e-07,7.697672117501497e-07,1.7136335372924805e-07,17.80103874206543,17.801040649414062,41.37376022338867,41.37376022338867,0.43071863055229187,0.43071863055229187,0.4976421892642975,0.4976421892642975,0.07163921743631363,0.07163921743631363,0.31009846925735474,0.31009846925735474,6.963192939758301,6.963192939758301,1.1204257011413574,1.1204257011413574,2.1363277435302734,2.1363277435302734,0.0,0.0,-0.08746291697025299,-0.08746291697025299,0.6268520951271057,0.6268520951271057,0.5500251054763794,0.5500251054763794,0.07884810864925385,0.07884810864925385,0.38305437564849854,0.38305437564849854,69.77674102783203,69.77674102783203,33.906883239746094,33.906883239746094,49.001617431640625,49.001617431640625,7.561788558959961,7.561788558959961,0.0,0.0,180.0
259,1.0791666666666666,0.15122143616134773,-10.07058005495091,-61.13262599688564,0.15122143616134773,-10.07058005495091,-61.13262599688564,5.0,-5.0,0.0,0.0,15.0,0,0.5,0.0,0.0,3.2,3.2,3.2,10.070577621459961,10.070579528808594,10.070581436157227,10.070581436157227,0.1156020238995552,0.11511499434709549,-6.564230918884277,-6.7553019523620605,-0.1336670219898224,-0.1336670219898224,0.0,0.0,nan,nan,27.48976707458496,27.48976707458496,54.97953414916992,0.0,7.234575271606445,0.633175253868103,0.0,0.0,0.0,0.633175253868103,0.0,7.234575271606445,0.0,0.0,0.0,-1.2569366693496704,0.4670567512512207,7.137363910675049,0.0,0.0,0.0,0.0,7.234575271606445,0.633175253868103,0.0,0.0,0.0,0.633175253868103,0.0,7.234575271606445,-0.0,-0.0,-0.0,-1.256937026977539,-0.4670582711696625,7.137363433837891,0.0,0.0,0.0,4.470348358154297e-08,0.0,0.6000000238418579,-8.195638656616211e-08,0.0559999942779541,0.5999999642372131,-2.9802322387695312e-08,-0.055999964475631714,0.6000000238418579,-2.51387357711792,-1.519918441772461e-06,14.274726867675781,0.0,0.0,0.0,2.682209014892578e-07,1.510711854280089e-06,-7.450580596923828e-09,18.182992935180664,18.182992935180664,42.13975524902344,42.13975143432617,0.43071863055229187,0.43071863055229187,0.4772278070449829,0.4772278070449829,0.0920536071062088,0.0920536071062088,0.32412275671958923,0.32412275671958923,7.313354015350342,7.313354015350342,0.9627858996391296,0.9627858996391296,2.3041324615478516,2.3041324615478516,0.0,0.0,-0.08832844346761703,-0.08832844346761703,0.633175253868103,0.633175253868103,0.5500251054763794,0.5500251054763794,0.09267662465572357,0.09267662465572357,0.3877716362476349,0.3877716362476349,71.82636260986328,71.82636260986328,35.136810302734375,35.136810302734375,50.21118927001953,50.21118927001953,7.341444492340088,7.341444492340088,0.0,0.0,180.0
260,1.0833333333333333,0.10877939663585272,-10.289682539781326,-43.97504969871593,0.10877939663585272,-10.289682539781326,-43.97504969871593,5.0,-5.0,0.0,0.0,15.0,0,0.5,0.0,0.0,3.2,3.2,3.2,10.289684295654297,10.289681434631348,10.289682388305664,10.289682388305664,0.07357119768857956,0.07301768660545349,-6.2584333419799805,-6.471996784210205,-0.13657516241073608,-0.13657516241073608,0.0,0.0,nan,nan,28.733678817749023,28.733678817749023,57.46735763549805,0.0,7.364840507507324,0.6703808307647705,0.0,0.0,0.0,0.6703808307647705,0.0,7.364840507507324,0.0,0.0,0.0,-1.2581522464752197,0.16320762038230896,7.285650253295898,0.0,0.0,0.0,0.0,7.364840507507324,0.6703808307647705,0.0,0.0,0.0,0.6703808307647705,0.0,7.364840507507324,-0.0,-0.0,-0.0,-1.2581523656845093,-0.16320912539958954,7.285650253295898,0.0,0.0,0.0,4.470348358154297e-08,0.0,0.6000000238418579,-8.940696716308594e-08,0.05600005388259888,0.5999999642372131,1.4901161193847656e-08,-0.055999964475631714,0.6000000238418579,-2.5163044929504395,-1.5050172805786133e-06,14.571300506591797,0.0,0.0,0.0,6.556510925292969e-07,1.2692028121819021e-06,8.940696716308594e-08,18.48268699645996,18.482683181762695,42.7000846862793,42.7000846862793,0.4165618121623993,0.4165618121623993,0.48054662346839905,0.48054662346839905,0.10289160162210464,0.10289160162210464,0.32412275671958923,0.32412275671958923,7.6241068840026855,7.6241068840026855,0.79928058385849,0.79928058385849,2.452101707458496,2.452101707458496,0.0,0.0,-0.08899996429681778,-0.08899996429681778,0.6703808307647705,0.6703808307647705,0.5500251054763794,0.5500251054763794,0.1050952821969986,0.1050952821969986,0.39084550738334656,0.39084550738334656,73.3794174194336,73.3794174194336,36.08003616333008,36.08003616333008,51.133541107177734,51.133541107177734,7.1748199462890625,7.1748199462890625,0.0,0.0,180.0
261,1.0875,0.06557434780084591,-10.436610294721884,-26.50902002293936,0.06557434780084591,-10.436610294721884,-26.50902002293936,5.0,-5.0,0.0,0.0,15.0,0,0.5,0.0,0.0,3.2,3.2,3.2,10.436610221862793,10.436606407165527,10.43661117553711,10.43661117553711,0.031047694385051727,0.030431412160396576,-5.904993534088135,-6.139476776123047,-0.1385253518819809,-0.1385253518819809,0.0,0.0,nan,nan,29.45063018798828,29.45063018798828,58.90126037597656,0.0,7.411028861999512,0.6612308025360107,0.0,0.0,0.0,0.6612308025360107,0.0,7.411028861999512,0.0,0.0,0.0,-1.2789883613586426,-0.15593650937080383,7.328059196472168,0.0,0.0,0.0,0.0,7.411028861999512,0.6612308025360107,0.0,0.0,0.0,0.6612308025360107,0.0,7.411028861999512,-0.0,-0.0,-0.0,-1.2789881229400635,0.15593492984771729,7.328059196472168,0.0,0.0,0.0,4.470348358154297e-08,0.0,0.6000000238418579,5.960464477539063e-08,0.05600002408027649,0.6000000238418579,-1.2665987014770508e-07,-0.055999934673309326,0.6000000238418579,-2.557976484298706,-1.5795230865478516e-06,14.656118392944336,0.0,0.0,0.0,6.556510925292969e-07,1.146564272858086e-06,9.685754776000977e-08,18.71785545349121,18.717857360839844,43.07316207885742,43.07316589355469,0.4165618121623993,0.4165618121623993,0.4693310558795929,0.4693310558795929,0.11410718411207199,0.11410718411207199,0.3381875455379486,0.3381875455379486,7.890633583068848,7.890633583068848,0.6308459043502808,0.6308459043502808,2.575890302658081,2.575890302658081,0.0,0.0,-0.08945859223604202,-0.08945859223604202,0.6612308025360107,0.6612308025360107,0.5500251054763794,0.5500251054763794,0.11602812260389328,0.11602812260389328,0.39226555824279785,0.39226555824279785,74.4269790649414,74.4269790649414,36.731136322021484,36.731136322021484,51.763389587402344,51.763389587402344,7.063082695007324,7.063082695007324,0.0,0.0,180.0
262,1.0916666666666666,0.02190934203111819,-10.510332727139124,-8.857048618405729,0.02190934203111819,-10.510332727139124,-8.857048618405729,5.0,-5.0,0.0,0.0,15.0,0,0.5,0.0,0.0,3.2,3.2,3.2,10.510333061218262,10.510333061218262,10.510334014892578,10.510334014892578,-0.011719844304025173,-0.012394363060593605,-5.514342784881592,-5.768181324005127,-0.1395038664340973,-0.1395038664340973,0.0,0.0,nan,nan,29.88248062133789,29.88248062133789,59.76496124267578,0.0,7.446191787719727,0.6856005787849426,0.0,0.0,0.0,0.6856005787849426,0.0,7.446191787719727,0.0,0.0,0.0,-1.2609410285949707,-0.481493204832077,7.354863166809082,0.0,0.0,0.0,0.0,7.446191787719727,0.6856005787849426,0.0,0.0,0.0,0.6856005787849426,0.0,7.446191787719727,-0.0,-0.0,-0.0,-1.2609413862228394,0.4814916253089905,7.354863166809082,0.0,0.0,0.0,4.470348358154297e-08,0.0,0.6000000238418579,-5.960464477539063e-08,0.05600005388259888,0.5999999642372131,1.1175870895385742e-07,-0.055999964475631714,0.6000000238418579,-2.5218825340270996,-1.5795230865478516e-06,14.709726333618164,0.0,0.0,0.0,6.258487701416016e-07,3.491479674266884e-07,1.7136335372924805e-07,18.892709732055664,18.89270782470703,43.27115249633789,43.27115249633789,0.4024088680744171,0.4024088680744171,0.4834839999675751,0.4834839999675751,0.11410718411207199,0.11410718411207199,0.3381875455379486,0.3381875455379486,8.108901023864746,8.108901023864746,0.4584101438522339,0.4584101438522339,2.671840190887451,2.671840190887451,0.0,0.0,-0.08969122171401978,-0.08969122171401978,0.6856005787849426,0.6856005787849426,0.5500251054763794,0.5500251054763794,0.12540800869464874,0.12540800869464874,0.39203134179115295,0.39203134179115295,74.96306610107422,74.96306610107422,37.086395263671875,37.086395263671875,52.09716796875,52.09716796875,7.007017612457275,7.007017612457275,0.0,0.0,180.0
263,1.0958333333333332,-0.021909342031115435,-10.510332727139128,8.857048618404615,-0.021909342031115435,-10.510332727139128,8.857048618404615,5.0,-5.0,0.0,0.0,15.0,0,0.5,0.0,0.0,3.2,3.2,3.2,10.510333061218262,10.510333061218262,10.510334014892578,10.510334014892578,-0.05440491810441017,-0.05513295158743858,-5.084970951080322,-5.356385231018066,-0.1395038664340973,-0.1395038664340973,0.0,0.0,nan,nan,29.874126434326172,29.874126434326172,59.748252868652344,0.0,7.4308624267578125,0.7038624286651611,0.0,0.0,0.0,0.7038624286651611,0.0,7.4308624267578125,0.0,0.0,0.0,-1.2320528030395508,-0.8048616051673889,7.317607402801514,0.0,0.0,0.0,0.0,7.4308624267578125,0.7038624286651611,0.0,0.0,0.0,0.7038624286651611,0.0,7.4308624267578125,-0.0,-0.0,-0.0,-1.2320526838302612,0.8048602342605591,7.317607879638672,0.0,0.0,0.0,4.470348358154297e-08,0.0,0.6000000238418579,-2.9802322387695312e-08,0.05600005388259888,0.5999999642372131,7.450580596923828e-08,-0.055999964475631714,0.6000000238418579,-2.4641056060791016,-1.3709068298339844e-06,14.635215759277344,0.0,0.0,0.0,5.960464477539062e-07,4.005585765298747e-07,1.9371509552001953e-07,18.991512298583984,18.991512298583984,43.30036544799805,43.30036544799805,0.4024088680744171,0.4024088680744171,0.4834839999675751,0.4834839999675751,0.11410718411207199,0.11410718411207199,0.3381875455379486,0.3381875455379486,8.275781631469727,8.275781631469727,0.282903254032135,0.282903254032135,2.7371444702148438,2.7371444702148438,0.0,0.0,-0.08969122171401978,-0.08969122171401978,0.7038624286651611,0.7038624286651611,0.5500251054763794,0.5500251054763794,0.13317660987377167,0.13317660987377167,0.39015206694602966,0.39015206694602966,74.984619140625,74.984619140625,37.14377975463867,37.14377975463867,52.13300323486328,52.13300323486328,7.007017612457275,7.007017612457275,0.0,0.0,180.0
264,1.1,-0.065574347800845,-10.436610294721886,26.509020022938998,-0.065574347800845,-10.436610294721886,26.509020022938998,5.0,-5.0,0.0,0.0,15.0,0,0.5,0.0,0.0,3.2,3.2,3.2,10.43661117553711,10.43660831451416,10.436610221862793,10.436610221862793,-0.0967075526714325,-0.09748401492834091,-4.619799613952637,-4.906888961791992,-0.1385253518819809,-0.1385253518819809,0.0,0.0,nan,nan,29.422447204589844,29.422447204589844,58.84489440917969,0.0,7.364306449890137,0.7156174778938293,0.0,0.0,0.0,0.7156174778938293,0.0,7.364306449890137,0.0,0.0,0.0,-1.192755937576294,-1.1164649724960327,7.216367721557617,0.0,0.0,0.0,0.0,7.364306449890137,0.7156174778938293,0.0,0.0,0.0,0.7156174778938293,0.0,7.364306449890137,-0.0,-0.0,-0.0,-1.1927554607391357,1.1164631843566895,7.216367721557617,0.0,0.0,0.0,4.470348358154297e-08,0.0,0.6000000238418579,-1.4901161193847656e-08,0.05600005388259888,0.6000000238418579,-5.960464477539063e-08,-0.055999964475631714,0.5999999642372131,-2.3855113983154297,-1.7881393432617188e-06,14.432735443115234,0.0,0.0,0.0,7.152557373046875e-07,1.2539485396700911e-06,8.195638656616211e-08,19.008596420288086,19.008596420288086,43.16147232055664,43.16147994995117,0.4024088680744171,0.4024088680744171,0.4834839999675751,0.4834839999675751,0.11410718411207199,0.11410718411207199,0.3381875455379486,0.3381875455379486,8.389135360717773,8.389135360717773,0.1052677258849144,0.1052677258849144,2.7699661254882812,2.7699661254882812,0.0,0.0,-0.08945859223604202,-0.08945859223604202,0.7156174778938293,0.7156174778938293,0.5500251054763794,0.5500251054763794,0.1392844319343567,0.1392844319343567,0.3866458833217621,0.3866458833217621,74.49149322509766,74.49149322509766,36.902950286865234,36.902950286865234,51.870697021484375,51.870697021484375,7.063082695007324,7.063082695007324,0.0,0.0,180.0
265,1.1041666666666667,-0.10877939663585184,-10.28968253978133,43.97504969871558,-0.10877939663585184,-10.28968253978133,43.97504969871558,5.0,-5.0,0.0,0.0,15.0,0,0.5,0.0,0.0,3.2,3.2,3.2,10.289682388305664,10.289680480957031,10.289682388305664,10.289682388305664,-0.13835568726062775,-0.1391749083995819,-4.126043319702148,-4.426860809326172,-0.13657516241073608,-0.13657516241073608,0.0,0.0,nan,nan,28.66358184814453,28.66358184814453,57.32716369628906,0.0,7.283415794372559,0.7652413249015808,0.0,0.0,0.0,0.7652413249015808,0.0,7.283415794372559,0.0,0.0,0.0,-1.11004638671875,-1.4141161441802979,7.099423408508301,0.0,0.0,0.0,0.0,7.283415794372559,0.7652413249015808,0.0,0.0,0.0,0.7652413249015808,0.0,7.283415794372559,-0.0,-0.0,-0.0,-1.110046148300171,1.4141144752502441,7.099423885345459,0.0,0.0,0.0,4.470348358154297e-08,0.0,0.6000000238418579,0.0,0.05600005388259888,0.6000000238418579,-7.450580596923828e-08,-0.05599990487098694,0.5999999642372131,-2.220092535018921,-1.6689300537109375e-06,14.198846817016602,0.0,0.0,0.0,1.1324882507324219e-06,1.2298501133045647e-06,7.450580596923828e-08,18.93906593322754,18.939062118530273,42.849517822265625,42.84952163696289,0.4024088680744171,0.4024088680744171,0.4946995675563812,0.4946995675563812,0.10289160162210464,0.10289160162210464,0.32412275671958923,0.32412275671958923,8.447860717773438,8.447860717773438,-0.07353001832962036,-0.07353001832962036,2.769516944885254,2.769516944885254,0.0,0.0,-0.08899996429681778,-0.08899996429681778,0.7652413249015808,0.7652413249015808,0.5500251054763794,0.5500251054763794,0.14369076490402222,0.14369076490402222,0.38153937458992004,0.38153937458992004,73.4864273071289,73.4864273071289,36.36524963378906,36.36524963378906,51.311744689941406,51.311744689941406,7.1748199462890625,7.1748199462890625,0.0,0.0,180.0
266,1.1083333333333334,-0.15122143616134687,-10.070580054950915,61.13262599688529,-0.15122143616134687,-10.070580054950915,61.13262599688529,5.0,-5.0,0.0,0.0,15.0,0,0.5,0.0,0.0,3.2,3.2,3.2,10.070579528808594,10.070577621459961,10.07058048248291,10.07058048248291,-0.179032102227211,-0.17988836765289307,-3.6031477451324463,-3.915581226348877,-0.1336670219898224,-0.1336670219898224,0.0,0.0,nan,nan,27.493125915527344,27.493125915527344,54.98625183105469,0.0,7.1518144607543945,0.8090202808380127,0.0,0.0,0.0,0.8090202808380127,0.0,7.1518144607543945,0.0,0.0,0.0,-1.0174626111984253,-1.6849843263626099,6.923045635223389,0.0,0.0,0.0,0.0,7.1518144607543945,0.8090202808380127,0.0,0.0,0.0,0.8090202808380127,0.0,7.1518144607543945,-0.0,-0.0,-0.0,-1.0174624919891357,1.6849826574325562,6.923046112060547,0.0,0.0,0.0,4.470348358154297e-08,0.0,0.6000000238418579,-8.940696716308594e-08,0.0559999942779541,0.6000000238418579,-8.940696716308594e-08,-0.05599987506866455,0.5999999642372131,-2.0349249839782715,-1.6689300537109375e-06,13.846092224121094,0.0,0.0,0.0,8.940696716308594e-07,1.9175511170033133e-06,1.30385160446167e-07,18.77811050415039,18.778108596801758,42.35380172729492,42.35380935668945,0.4165618121623993,0.4165618121623993,0.4913846552371979,0.4913846552371979,0.0920536071062088,0.0920536071062088,0.31009846925735474,0.31009846925735474,8.451915740966797,8.451915740966797,-0.25248903036117554,-0.25248903036117554,2.7360782623291016,2.7360782623291016,0.0,0.0,-0.08832844346761703,-0.08832844346761703,0.8090202808380127,0.8090202808380127,0.5500251054763794,0.5500251054763794,0.14636383950710297,0.14636383950710297,0.37486761808395386,0.37486761808395386,71.97512817382812,71.97512817382812,35.533714294433594,35.533714294433594,50.45933532714844,50.45933532714844,7.341444492340088,7.341444492340088,0.0,0.0,180.0
267,1.1125,-0.19260276596462378,-9.780839686736794,77.86140084741875,-0.19260276596462378,-9.780839686736794,77.86140084741875,5.0,-5.0,0.0,0.0,15.0,0,0.5,0.0,0.0,3.2,3.2,3.2,9.780838966369629,9.780838012695312,9.780839920043945,9.780839920043945,-0.21845214068889618,-0.2193394899368286,-3.054877996444702,-3.3767385482788086,-0.1298212856054306,-0.1298212856054306,0.0,0.0,nan,nan,25.950607299804688,25.950607299804688,51.901214599609375,0.0,6.97137451171875,0.8454031944274902,0.0,0.0,0.0,0.8454031944274902,0.0,6.97137451171875,0.0,0.0,0.0,-0.9178453087806702,-1.9213507175445557,6.6918416023254395,0.0,0.0,0.0,0.0,6.97137451171875,0.8454031944274902,0.0,0.0,0.0,0.8454031944274902,0.0,6.97137451171875,-0.0,-0.0,-0.0,-0.9178454875946045,1.921349048614502,6.691842079162598,0.0,0.0,0.0,4.470348358154297e-08,0.0,0.6000000238418579,-4.470348358154297e-08,0.05600002408027649,0.5999999642372131,-5.960464477539063e-08,-0.055999934673309326,0.5999999642372131,-1.8356907367706299,-1.6689300537109375e-06,13.383684158325195,0.0,0.0,0.0,5.662441253662109e-07,1.4057266071176855e-06,4.0978193283081055e-08,18.520797729492188,18.520795822143555,41.657588958740234,41.6575813293457,0.4165618121623993,0.4165618121623993,0.5018131136894226,0.5018131136894226,0.08162510395050049,0.08162510395050049,0.296124666929245,0.296124666929245,8.402297019958496,8.402297019958496,-0.4305647313594818,-0.4305647313594818,2.67097806930542,2.67097806930542,0.0,0.0,-0.08746291697025299,-0.08746291697025299,0.8454031944274902,0.8454031944274902,0.5500251054763794,0.5500251054763794,0.14728103578090668,0.14728103578090668,0.36667361855506897,0.36667361855506897,69.96620178222656,69.96620178222656,34.4130744934082,34.4130744934082,49.31834030151367,49.31834030151367,7.561788558959961,7.561788558959961,0.0,0.0,180.0
268,1.1166666666666667,-0.23263312574955355,-9.422493755643846,94.0440339143462,-0.23263312574955355,-9.422493755643846,94.0440339143462,5.0,-5.0,0.0,0.0,15.0,0,0.5,0.0,0.0,3.2,3.2,3.2,9.422493934631348,9.422493934631348,9.422493934631348,9.422493934631348,-0.25634029507637024,-0.25725245475769043,-2.4852473735809326,-2.814276933670044,-0.12506495416164398,-0.12506495416164398,0.0,0.0,nan,nan,24.088478088378906,24.088478088378906,48.17695617675781,0.0,6.744940280914307,0.8729788661003113,0.0,0.0,0.0,0.8729788661003113,0.0,6.744940280914307,0.0,0.0,0.0,-0.8142746686935425,-2.116929292678833,6.4118547439575195,0.0,0.0,0.0,0.0,6.744940280914307,0.8729788661003113,0.0,0.0,0.0,0.8729788661003113,0.0,6.744940280914307,-0.0,-0.0,-0.0,-0.8142748475074768,2.1169278621673584,6.4118547439575195,0.0,0.0,0.0,4.470348358154297e-08,0.0,0.6000000238418579,-7.450580596923828e-08,0.05600002408027649,0.6000000238418579,0.0,-0.0559999942779541,0.5999999642372131,-1.628549575805664,-1.430511474609375e-06,12.823709487915039,0.0,0.0,0.0,2.980232238769531e-07,1.0995195225405041e-06,1.7508864402770996e-07,18.162250518798828,18.162248611450195,40.737701416015625,40.73769760131836,0.43071863055229187,0.43071863055229187,0.5071501731872559,0.5071501731872559,0.06213124841451645,0.06213124841451645,0.28221216797828674,0.28221216797828674,8.30100154876709,8.30100154876709,-0.6066631078720093,-0.6066631078720093,2.57651948928833,2.57651948928833,0.0,0.0,-0.08642737567424774,-0.08642737567424774,0.8729788661003113,0.8729788661003113,0.5500251054763794,0.5500251054763794,0.14642952382564545,0.14642952382564545,0.35700827836990356,0.35700827836990356,67.47138214111328,67.47138214111328,33.00986099243164,33.00986099243164,47.89543914794922,47.89543914794922,7.834306240081787,7.834306240081787,0.0,0.0,180.0
269,1.1208333333333333,-0.2710317313040221,-8.998055800907464,109.5670156539103,-0.2710317313040221,-8.998055800907464,109.5670156539103,5.0,-5.0,0.0,0.0,15.0,0,0.5,0.0,0.0,3.2,3.2,3.2,8.998056411743164,8.998054504394531,8.998054504394531,8.998054504394531,-0.29245525598526,-0.29338565468788147,-1.9021713733673096,-2.2361412048339844,-0.11943138390779495,-0.11943138390779495,0.0,0.0,nan,nan,22.07583999633789,22.07583999633789,44.15167999267578,0.0,6.510332107543945,0.9383443593978882,0.0,0.0,0.0,0.9383443593978882,0.0,6.510332107543945,0.0,0.0,0.0,-0.6720023155212402,-2.2790896892547607,6.133439064025879,0.0,0.0,0.0,0.0,6.510332107543945,0.9383443593978882,0.0,0.0,0.0,0.9383443593978882,0.0,6.510332107543945,-0.0,-0.0,-0.0,-0.6720024347305298,2.2790889739990234,6.133439540863037,0.0,0.0,0.0,4.470348358154297e-08,0.0,0.6000000238418579,1.4901161193847656e-08,0.05600005388259888,0.6000000238418579,1.4901161193847656e-08,-0.055999934673309326,0.6000000238418579,-1.34400475025177,-7.152557373046875e-07,12.266878128051758,0.0,0.0,0.0,7.152557373046875e-07,3.6558145666276687e-07,7.450580596923828e-08,17.698131561279297,17.698129653930664,39.564151763916016,39.564144134521484,0.44487857818603516,0.44487857818603516,0.5104252099990845,0.5104252099990845,0.04469626769423485,0.04469626769423485,0.2546203136444092,0.2546203136444092,8.15093994140625,8.15093994140625,-0.7796391248703003,-0.7796391248703003,2.455862283706665,2.455862283706665,0.0,0.0,-0.08524999022483826,-0.08524999022483826,0.9383443593978882,0.9383443593978882,0.5500251054763794,0.5500251054763794,0.14380641281604767,0.14380641281604767,0.34593066573143005,0.34593066573143005,64.50542449951172,64.50542449951172,31.33234214782715,31.33234214782715,46.19903564453125,46.19903564453125,8.157086372375488,8.157086372375488,0.0,0.0,180.0
270,1.125,-0.3075292439994216,-8.510502949821905,124.32146350245374,-0.3075292439994216,-8.510502949821905,124.32146350245374,5.0,-5.0,0.0,0.0,15.0,0,0.5,0.0,0.0,3.2,3.2,3.2,8.510499954223633,8.510503768920898,8.510502815246582,8.510502815246582,-0.3265213370323181,-0.32746338844299316,-1.3061444759368896,-1.6427136659622192,-0.112960085272789,-0.112960085272789,0.0,0.0,nan,nan,19.864784240722656,19.864784240722656,39.72956848144531,0.0,6.236120700836182,0.9913933873176575,0.0,0.0,0.0,0.9913933873176575,0.0,6.236120700836182,0.0,0.0,0.0,-0.5326560139656067,-2.3947958946228027,5.818358421325684,0.0,0.0,0.0,0.0,6.236120700836182,0.9913933873176575,0.0,0.0,0.0,0.9913933873176575,0.0,6.236120700836182,-0.0,-0.0,-0.0,-0.532656729221344,2.3947951793670654,5.818358421325684,0.0,0.0,0.0,4.470348358154297e-08,0.0,0.6000000238418579,-4.470348358154297e-08,0.0559999942779541,0.6000000238418579,-2.9802322387695312e-08,-0.055999934673309326,0.5999999642372131,-1.0653127431869507,-7.152557373046875e-07,11.636716842651367,0.0,0.0,0.0,5.066394805908203e-07,9.854520612861961e-07,2.60770320892334e-08,17.125476837158203,17.125471115112305,38.099796295166016,38.099796295166016,0.45904016494750977,0.45904016494750977,0.5178752541542053,0.5178752541542053,0.023084618151187897,0.023084618151187897,0.2274339199066162,0.2274339199066162,7.955837249755859,7.955837249755859,-0.948298454284668,-0.948298454284668,2.3128695487976074,2.3128695487976074,0.0,0.0,-0.08396197110414505,-0.08396197110414505,0.9913933873176575,0.9913933873176575,0.5500251054763794,0.5500251054763794,0.13941964507102966,0.13941964507102966,0.3335079848766327,0.3335079848766327,61.08632278442383,61.08632278442383,29.390655517578125,29.390655517578125,44.23939514160156,44.23939514160156,8.527864456176758,8.527864456176758,0.0,0.0,180.0
271,1.1291666666666667,-0.34186966000762214,-7.963255035331284,138.20388560937573,-0.34186966000762214,-7.963255035331284,138.20388560937573,5.0,-5.0,0.0,0.0,15.0,0,0.5,0.0,0.0,3.2,3.2,3.2,7.963255405426025,7.963254928588867,7.963255405426025,7.963255405426025,-0.35830140113830566,-0.3592485785484314,-0.7016515135765076,-1.0384833812713623,-0.10569644719362259,-0.10569644719362259,0.0,0.0,nan,nan,17.527917861938477,17.527917861938477,35.05583572387695,0.0,5.927194595336914,1.0289912223815918,0.0,0.0,0.0,1.0289912223815918,0.0,5.927194595336914,0.0,0.0,0.0,-0.40145277976989746,-2.462719678878784,5.473966598510742,0.0,0.0,0.0,0.0,5.927194595336914,1.0289912223815918,0.0,0.0,0.0,1.0289912223815918,0.0,5.927194595336914,-0.0,-0.0,-0.0,-0.4014529287815094,2.4627180099487305,5.4739670753479,0.0,0.0,0.0,4.470348358154297e-08,0.0,0.6000000238418579,-4.470348358154297e-08,0.05600005388259888,0.6000000238418579,0.0,-0.055999964475631714,0.5999999642372131,-0.8029056787490845,-1.6689300537109375e-06,10.947933197021484,0.0,0.0,0.0,6.258487701416016e-07,7.580446208521607e-07,1.3783574104309082e-07,16.44404411315918,16.444042205810547,36.300392150878906,36.300392150878906,0.4873591661453247,0.4873591661453247,0.508094847202301,0.508094847202301,0.004546067211776972,0.004546067211776972,0.20078371465206146,0.20078371465206146,7.720090389251709,7.720090389251709,-1.1114047765731812,-1.1114047765731812,2.151923179626465,2.151923179626465,0.0,0.0,-0.08259645849466324,-0.08259645849466324,1.0289912223815918,1.0289912223815918,0.5500251054763794,0.5500251054763794,0.1332883983850479,0.1332883983850479,0.3198157250881195,0.3198157250881195,57.23523712158203,57.23523712158203,27.196788787841797,27.196788787841797,42.02863693237305,42.02863693237305,8.944040298461914,8.944040298461914,0.0,0.0,180.0
272,1.1333333333333333,-0.3738121059838825,-7.360150608358637,151.11690675810337,-0.3738121059838825,-7.360150608358637,151.11690675810337,5.0,-5.0,0.0,0.0,15.0,0,0.5,0.0,0.0,3.2,3.2,3.2,7.360150337219238,7.360151290893555,7.3601508140563965,7.3601508140563965,-0.387596070766449,-0.38854140043258667,-0.09669208526611328,-0.4315067529678345,-0.09769143164157867,-0.09769143164157867,0.0,0.0,nan,nan,15.230308532714844,15.230308532714844,30.460617065429688,0.0,5.620377063751221,1.0939877033233643,0.0,0.0,0.0,1.0939877033233643,0.0,5.620377063751221,0.0,0.0,0.0,-0.2464625984430313,-2.4973156452178955,5.146661281585693,0.0,0.0,0.0,0.0,5.620377063751221,1.0939877033233643,0.0,0.0,0.0,1.0939877033233643,0.0,5.620377063751221,-0.0,-0.0,-0.0,-0.24646247923374176,2.497314691543579,5.146661758422852,0.0,0.0,0.0,4.470348358154297e-08,0.0,0.6000000238418579,-8.940696716308594e-08,0.05600002408027649,0.6000000238418579,2.9802322387695312e-08,-0.055999964475631714,0.5999999642372131,-0.49292507767677307,-9.5367431640625e-07,10.293323516845703,0.0,0.0,0.0,4.470348358154297e-07,7.816025799911586e-07,3.1944364309310913e-07,15.658474922180176,15.658474922180176,34.11574172973633,34.11574172973633,0.5156482458114624,0.5156482458114624,0.48435184359550476,0.48435184359550476,0.0,0.0,0.1621500849723816,0.1621500849723816,7.448616981506348,7.448616981506348,-1.2676914930343628,-1.2676914930343628,1.977723240852356,1.977723240852356,0.0,0.0,-0.0811874270439148,-0.0811874270439148,1.0939877033233643,1.0939877033233643,0.5500251054763794,0.5500251054763794,0.12544368207454681,0.12544368207454681,0.3049379885196686,0.3049379885196686,52.97660446166992,52.97660446166992,24.764602661132812,24.764602661132812,39.58074188232422,39.58074188232422,9.402693748474121,9.402693748474121,0.0,0.0,180.0
273,1.1375,-0.4031325286202922,-6.705420013129297,162.9699513832701,-0.4031325286202922,-6.705420013129297,162.9699513832701,5.0,-5.0,0.0,0.0,15.0,0,0.5,0.0,0.0,3.2,3.2,3.2,6.705418586730957,6.705418109893799,6.70542049407959,6.70542049407959,-0.41417956352233887,-0.41511639952659607,0.5077365040779114,0.17726129293441772,-0.08900117874145508,-0.08900117874145508,0.0,0.0,nan,nan,12.940351486206055,12.940351486206055,25.88070297241211,0.0,5.288064956665039,1.1325910091400146,0.0,0.0,0.0,1.1325910091400146,0.0,5.288064956665039,0.0,0.0,0.0,-0.11376692354679108,-2.4875328540802,4.800586223602295,0.0,0.0,0.0,0.0,5.288064956665039,1.1325910091400146,0.0,0.0,0.0,1.1325910091400146,0.0,5.288064956665039,-0.0,-0.0,-0.0,-0.11376704275608063,2.487531900405884,4.800586700439453,0.0,0.0,0.0,4.470348358154297e-08,0.0,0.6000000238418579,-8.940696716308594e-08,0.05600002408027649,0.6000000238418579,-2.9802322387695312e-08,-0.055999934673309326,0.5999999642372131,-0.2275339663028717,-9.5367431640625e-07,9.601173400878906,0.0,0.0,0.0,5.662441253662109e-07,1.008261392598797e-06,1.51805579662323e-07,14.781632423400879,14.781632423400879,31.4927978515625,31.4927978515625,0.557930588722229,0.557930588722229,0.4420694410800934,0.4420694410800934,0.0,0.0,0.12566909193992615,0.12566909193992615,7.146681785583496,7.146681785583496,-1.4158787727355957,-1.4158787727355957,1.795081615447998,1.795081615447998,0.0,0.0,-0.0797685831785202,-0.0797685831785202,1.1325910091400146,1.1325910091400146,0.5500251054763794,0.5500251054763794,0.11592897772789001,0.11592897772789001,0.2889675796031952,0.2889675796031952,48.338077545166016,48.338077545166016,22.109830856323242,22.109830856323242,36.91154861450195,36.91154861450195,9.900609016418457,9.900609016418457,0.0,0.0,180.0
274,1.1416666666666666,-0.42962526621875385,-6.003655714345458,173.67987889323211,-0.42962526621875385,-6.003655714345458,173.67987889323211,5.0,-5.0,0.0,0.0,15.0,0,0.5,0.0,0.0,3.2,3.2,3.2,6.003655433654785,6.003653526306152,6.003655910491943,6.003655910491943,-0.43786728382110596,-0.4387890100479126,1.107092022895813,0.7832431793212891,-0.07968664914369583,-0.07968664914369583,0.0,0.0,nan,nan,10.719152450561523,10.719152450561523,21.438304901123047,0.0,4.9354472160339355,1.1398613452911377,0.0,0.0,0.0,1.1398613452911377,0.0,4.9354472160339355,0.0,0.0,0.0,-0.009895790368318558,-2.436213254928589,4.441023349761963,0.0,0.0,0.0,0.0,4.9354472160339355,1.1398613452911377,0.0,0.0,0.0,1.1398613452911377,0.0,4.9354472160339355,-0.0,-0.0,-0.0,-0.009895648807287216,2.4362120628356934,4.441023826599121,0.0,0.0,0.0,4.470348358154297e-08,0.0,0.6000000238418579,-4.470348358154297e-08,0.05600002408027649,0.5999999642372131,-2.9802322387695312e-08,-0.055999964475631714,0.5999999642372131,-0.019791439175605774,-1.1920928955078125e-06,8.882047653198242,0.0,0.0,0.0,2.384185791015625e-07,7.291201882253517e-07,4.487810656428337e-08,13.839896202087402,13.839896202087402,28.38277816772461,28.38277816772461,0.6136804223060608,0.6136804223060608,0.3863196074962616,0.3863196074962616,0.0,0.0,0.0920536071062088,0.0920536071062088,6.819703578948975,6.819703578948975,-1.5546932220458984,-1.5546932220458984,1.6087157726287842,1.6087157726287842,0.0,0.0,-0.07837232202291489,-0.07837232202291489,1.1398613452911377,1.1398613452911377,0.5500251054763794,0.5500251054763794,0.10480060428380966,0.10480060428380966,0.272006094455719,0.272006094455719,43.35053634643555,43.35053634643555,19.250091552734375,19.250091552734375,34.03877639770508,34.03877639770508,10.43429183959961,10.43429183959961,0.0,0.0,180.0
275,1.1458333333333333,-0.4531044912600177,-5.259780084346194,183.1715668415785,-0.4531044912600177,-5.259780084346194,183.1715668415785,5.0,-5.0,0.0,0.0,15.0,0,0.5,0.0,0.0,3.2,3.2,3.2,5.2597784996032715,5.259779453277588,5.259779930114746,5.259779930114746,-0.4584939777851105,-0.4593939781188965,1.6970343589782715,1.382054090499878,-0.06981316953897476,-0.06981316953897476,0.0,0.0,nan,nan,8.61482048034668,8.61482048034668,17.22964096069336,0.0,4.5663228034973145,1.1124690771102905,0.0,0.0,0.0,1.1124690771102905,0.0,4.5663228034973145,0.0,0.0,0.0,0.060711055994033813,-2.34662127494812,4.071679592132568,0.0,0.0,0.0,0.0,4.5663228034973145,1.1124690771102905,0.0,0.0,0.0,1.1124690771102905,0.0,4.5663228034973145,-0.0,-0.0,-0.0,0.06071081757545471,2.346620798110962,4.071680068969727,0.0,0.0,0.0,4.470348358154297e-08,0.0,0.6000000238418579,-5.960464477539063e-08,0.05600002408027649,0.5999999642372131,1.4901161193847656e-08,-0.055999964475631714,0.6000000238418579,0.12142187356948853,-4.76837158203125e-07,8.143360137939453,0.0,0.0,0.0,8.940696716308594e-08,5.424361688710633e-07,1.578591763973236e-07,12.881732940673828,12.881729125976562,24.75605583190918,24.756046295166016,0.6812697052955627,0.6812697052955627,0.3187303841114044,0.3187303841114044,0.0,0.0,0.06213124841451645,0.06213124841451645,6.473064422607422,6.473064422607422,-1.6828923225402832,-1.6828923225402832,1.4230648279190063,1.4230648279190063,0.0,0.0,-0.0770290344953537,-0.0770290344953537,1.1124690771102905,1.1124690771102905,0.5500251054763794,0.5500251054763794,0.09212793409824371,0.09212793409824371,0.25416383147239685,0.25416383147239685,38.04788589477539,38.04788589477539,16.204755783081055,16.204755783081055,30.981895446777344,30.981895446777344,11.000000953674316,11.000000953674316,0.0,0.0,180.0
276,1.15,-0.47340551385022056,-4.479010876202021,191.3784378571205,-0.47340551385022056,-4.479010876202021,191.3784378571205,5.0,-5.0,0.0,0.0,15.0,0,0.5,0.0,0.0,3.2,3.2,3.2,4.479010105133057,4.479010105133057,4.479011058807373,4.479011058807373,-0.47594502568244934,-0.4768167734146118,2.2686071395874023,1.9645740985870361,-0.05945000424981117,-0.05945000424981117,0.0,0.0,nan,nan,6.778803825378418,6.778803825378418,13.557607650756836,0.0,4.227822303771973,1.0922282934188843,0.0,0.0,0.0,1.0922282934188843,0.0,4.227822303771973,0.0,0.0,0.0,0.12792456150054932,-2.2458412647247314,3.7426295280456543,0.0,0.0,0.0,0.0,4.227822303771973,1.0922282934188843,0.0,0.0,0.0,1.0922282934188843,0.0,4.227822303771973,-0.0,-0.0,-0.0,0.127924382686615,2.245840549468994,3.7426302433013916,0.0,0.0,0.0,4.470348358154297e-08,0.0,0.6000000238418579,-4.470348358154297e-08,0.05600002408027649,0.6000000238418579,-2.9802322387695312e-08,-0.055999934673309326,0.6000000238418579,0.2558489441871643,-7.152557373046875e-07,7.485260009765625,0.0,0.0,0.0,2.980232238769531e-07,6.134648629085859e-07,1.210719347000122e-08,11.991451263427734,11.991450309753418,20.632627487182617,20.632627487182617,0.779161810874939,0.779161810874939,0.2208382934331894,0.2208382934331894,0.0,0.0,0.023084618151187897,0.023084618151187897,6.11190938949585,6.11190938949585,-1.7992889881134033,-1.7992889881134033,1.2421317100524902,1.2421317100524902,0.0,0.0,-0.07576628774404526,-0.07576628774404526,1.0922282934188843,1.0922282934188843,0.5500251054763794,0.5500251054763794,0.07799354195594788,0.07799354195594788,0.2355595976114273,0.2355595976114273,32.46696853637695,32.46696853637695,12.994921684265137,12.994921684265137,27.762073516845703,27.762073516845703,11.593766212463379,11.593766212463379,0.0,0.0,180.0
277,1.1541666666666666,-0.4903859369021573,-3.666824624926131,198.24292663631297,-0.4903859369021573,-3.666824624926131,198.24292663631297,5.0,-5.0,0.0,0.0,15.0,0,0.5,0.0,0.0,3.2,3.2,3.2,3.6668248176574707,3.6668241024017334,3.6668245792388916,3.6668245792388916,-0.4900410771369934,-0.49087849259376526,2.826930522918701,2.5360305309295654,-0.04866983741521835,-0.04866983741521835,0.0,0.0,nan,nan,5.013413429260254,5.013413429260254,10.026826858520508,0.0,3.838183641433716,0.9947555065155029,0.0,0.0,0.0,0.9947555065155029,0.0,3.838183641433716,0.0,0.0,0.0,0.1282956898212433,-2.0937862396240234,3.3646388053894043,0.0,0.0,0.0,0.0,3.838183641433716,0.9947555065155029,0.0,0.0,0.0,0.9947555065155029,0.0,3.838183641433716,-0.0,-0.0,-0.0,0.12829560041427612,2.093785285949707,3.3646392822265625,0.0,0.0,0.0,4.470348358154297e-08,0.0,0.6000000238418579,0.0,0.05600003898143768,0.6000000238418579,-8.940696716308594e-08,-0.055999934673309326,0.5999999046325684,0.2565912902355194,-9.5367431640625e-07,6.729278087615967,0.0,0.0,0.0,5.811452865600586e-07,5.863503247383051e-07,-2.0582228899002075e-07,11.310935020446777,11.310933113098145,17.245126724243164,17.245126724243164,0.874110758304596,0.874110758304596,0.12588928639888763,0.12588928639888763,0.0,0.0,0.0,0.0,5.740962982177734,5.740962982177734,-1.9027791023254395,-1.9027791023254395,1.0693638324737549,1.0693638324737549,0.0,0.0,-0.07460828870534897,-0.07460828870534897,0.9947555065155029,0.9947555065155029,0.5500251054763794,0.5500251054763794,0.06249295175075531,0.06249295175075531,0.21632029116153717,0.21632029116153717,26.64727783203125,26.64727783203125,9.643239974975586,9.643239974975586,24.402040481567383,24.402040481567383,12.211423873901367,12.211423873901367,0.0,0.0,180.0
278,1.1583333333333332,-0.5039266549485343,-2.828918233516277,203.71688372249773,-0.5039266549485343,-2.828918233516277,203.71688372249773,5.0,-5.0,0.0,0.0,15.0,0,0.5,0.0,0.0,3.2,3.2,3.2,2.8289172649383545,2.8289172649383545,2.828917980194092,2.828918218612671,-0.5006639957427979,-0.5014616847038269,3.3711471557617188,3.095534086227417,-0.03754828870296478,-0.03754828870296478,0.0,0.0,nan,nan,3.3223369121551514,3.3223369121551514,6.644673824310303,0.0,3.371995449066162,0.8340057730674744,0.0,0.0,0.0,0.8340057730674744,0.0,3.371995449066162,0.0,0.0,0.0,0.08066068589687347,-1.877570390701294,2.921325206756592,0.0,0.0,0.0,0.0,3.371995449066162,0.8340057730674744,0.0,0.0,0.0,0.8340057730674744,0.0,3.371995449066162,-0.0,-0.0,-0.0,0.08066046237945557,1.8775697946548462,2.921325922012329,0.0,0.0,0.0,4.470348358154297e-08,0.0,0.6000000238418579,-1.4901161193847656e-07,0.0559999942779541,0.5999999642372131,-2.9802322387695312e-08,-0.055999934673309326,0.5999999642372131,0.16132114827632904,-5.960464477539062e-07,5.8426513671875,0.0,0.0,0.0,1.341104507446289e-07,7.739449756627437e-07,2.0675361156463623e-07,11.06464672088623,11.064643859863281,16.70958709716797,16.70958709716797,0.8820533156394958,0.8820533156394958,0.11794667690992355,0.11794667690992355,0.0,0.0,0.0,0.0,5.364361763000488,5.364361763000488,-1.992366909980774,-1.992366909980774,0.9075815081596375,0.9075815081596375,0.0,0.0,-0.0735757052898407,-0.0735757052898407,0.8340057730674744,0.8340057730674744,0.5500251054763794,0.5500251054763794,0.04573427140712738,0.04573427140712738,0.19658026099205017,0.19658026099205017,20.630693435668945,20.630693435668945,6.173776626586914,6.173776626586914,20.92591667175293,20.92591667175293,12.848642349243164,12.848642349243164,0.0,0.0,180.0
279,1.1625,-0.5139326895812502,-1.97116901327318,207.76191323974848,-0.5139326895812502,-1.97116901327318,207.76191323974848,5.0,-5.0,0.0,0.0,15.0,0,0.5,0.0,0.0,3.2,3.2,3.2,1.9711686372756958,1.971169114112854,1.971168875694275,1.971169114112854,-0.5077975988388062,-0.5085494518280029,3.88814115524292,3.6296777725219727,-0.026163367554545403,-0.026163367554545403,0.0,0.0,nan,nan,1.959706425666809,1.959706425666809,3.919412851333618,0.0,2.918328285217285,0.6862674951553345,0.0,0.0,0.0,0.6862674951553345,0.0,2.918328285217285,0.0,0.0,0.0,0.03972753509879112,-1.6491361856460571,2.503272533416748,0.0,0.0,0.0,0.0,2.918328285217285,0.6862674951553345,0.0,0.0,0.0,0.6862674951553345,0.0,2.918328285217285,-0.0,-0.0,-0.0,0.03972723335027695,1.649135947227478,2.5032730102539062,0.0,0.0,0.0,4.470348358154297e-08,0.0,0.6000000238418579,-1.4901161193847656e-07,0.056000009179115295,0.6000000238418579,2.9802322387695312e-08,-0.055999964475631714,0.5999999642372131,0.07945476472377777,-2.384185791015625e-07,5.006545543670654,0.0,0.0,0.0,1.7881393432617188e-07,5.198554049457016e-07,2.759043127298355e-07,11.530000686645508,11.530000686645508,16.17677116394043,16.17677116394043,0.8820533156394958,0.8820533156394958,0.11794667690992355,0.11794667690992355,0.0,0.0,0.0,0.0,4.985516548156738,4.985516548156738,-2.067188262939453,-2.067188262939453,0.7589526772499084,0.7589526772499084,0.0,0.0,-0.07268518209457397,-0.07268518209457397,0.6862674951553345,0.6862674951553345,0.5500251054763794,0.5500251054763794,0.02783733792603016,0.02783733792603016,0.176480233669281,0.176480233669281,14.46108341217041,14.46108341217041,2.6117823123931885,2.6117823123931885,17.35900115966797,17.35900115966797,13.50094985961914,13.50094985961914,0.0,0.0,180.0
280,1.1666666666666667,-0.5203338556566807,-1.0995934586850262,210.34964221235077,-0.5203338556566807,-1.0995934586850262,210.34964221235077,5.0,-5.0,0.0,0.0,15.0,0,0.5,0.0,0.0,3.2,3.2,3.2,1.0995932817459106,1.0995932817459106,1.0995934009552002,1.0995934009552002,-0.5113916397094727,-0.5120924711227417,4.374275207519531,4.134702682495117,-0.014594926498830318,-0.014594926498830318,0.0,0.0,nan,nan,0.9330373406410217,0.9330373406410217,1.8660746812820435,0.0,2.4804887771606445,0.5530703067779541,0.0,0.0,0.0,0.5530703067779541,0.0,2.4804887771606445,0.0,0.0,0.0,0.006894588470458984,-1.414785623550415,2.1111717224121094,0.0,0.0,0.0,0.0,2.4804887771606445,0.5530703067779541,0.0,0.0,0.0,0.5530703067779541,0.0,2.4804887771606445,-0.0,-0.0,-0.0,0.0068944282829761505,1.4147846698760986,2.1111721992492676,0.0,0.0,0.0,4.470348358154297e-08,0.0,0.6000000238418579,-7.450580596923828e-08,0.05600002408027649,0.6000000238418579,-4.470348358154297e-08,-0.055999964475631714,0.6000000238418579,0.013789016753435135,-9.5367431640625e-07,4.222343921661377,0.0,0.0,0.0,9.685754776000977e-08,4.4042479885320063e-07,3.2800016924738884e-08,12.784287452697754,12.784287452697754,15.64927864074707,15.64927864074707,0.8820533156394958,0.8820533156394958,0.11794667690992355,0.11794667690992355,0.0,0.0,0.0,0.0,4.607021808624268,4.607021808624268,-2.126532793045044,-2.126532793045044,0.6250196695327759,0.6250196695327759,0.0,0.0,-0.07194940745830536,-0.07194940745830536,0.5530703067779541,0.5530703067779541,0.5500251054763794,0.5500251054763794,0.008932924829423428,0.008932924829423428,0.1561664193868637,0.1561664193868637,8.183931350708008,8.183931350708008,-1.016519546508789,-1.016519546508789,13.72754955291748,13.72754955291748,14.163772583007812,14.163772583007812,0.0,0.0,180.0
281,1.1708333333333334,-0.5230852535940391,-0.22030504604100723,211.46191958084287,-0.5230852535940391,-0.22030504604100723,211.46191958084287,5.0,-5.0,0.0,0.0,15.0,0,0.5,0.0,0.0,3.2,3.2,3.2,0.22030499577522278,0.22030498087406158,0.22030505537986755,0.22030504047870636,-0.511420488357544,-0.5120651125907898,4.826229572296143,4.6071600914001465,-0.0029241135343909264,-0.0029241135343909264,0.0,0.0,nan,nan,0.23866429924964905,0.23866429924964905,0.4773285984992981,0.0,2.0607638359069824,0.435388445854187,0.0,0.0,0.0,0.435388445854187,0.0,2.0607638359069824,0.0,0.0,0.0,-0.01670883595943451,-1.1800415515899658,1.7445725202560425,0.0,0.0,0.0,0.0,2.0607638359069824,0.435388445854187,0.0,0.0,0.0,0.435388445854187,0.0,2.0607638359069824,-0.0,-0.0,-0.0,-0.016708921641111374,1.1800413131713867,1.7445728778839111,0.0,0.0,0.0,4.470348358154297e-08,0.0,0.6000000238418579,-5.960464477539063e-08,0.05600002408027649,0.6000000238418579,-1.1920928955078125e-07,-0.05599991977214813,0.5999999642372131,-0.03341775760054588,-2.384185791015625e-07,3.489145278930664,0.0,0.0,0.0,2.3096799850463867e-07,4.689267996127455e-07,-7.33998604118824e-08,14.527331352233887,14.527335166931152,15.128838539123535,15.128838539123535,0.8820533156394958,0.8820533156394958,0.11794667690992355,0.11794667690992355,0.0,0.0,0.0,0.0,4.230625152587891,4.230625152587891,-2.169861316680908,-2.169861316680908,0.5067654848098755,0.5067654848098755,0.0,0.0,-0.07137700915336609,-0.07137700915336609,0.435388445854187,0.435388445854187,0.5500251054763794,0.5500251054763794,-0.010838652960956097,-0.010838652960956097,0.13578905165195465,0.13578905165195465,1.845848798751831,1.845848798751831,-4.684210777282715,-4.684210777282715,10.05850601196289,10.05850601196289,14.8324613571167,14.8324613571167,0.0,0.0,180.0
282,1.175,-0.5221675843136717,0.6605286482120694,211.09094351865497,-0.5221675843136717,0.6605286482120694,211.09094351865497,5.0,-5.0,0.0,0.0,15.0,0,0.5,0.0,0.0,3.2,3.2,3.2,0.6605284810066223,0.6605284214019775,0.6605286598205566,0.6605286598205566,-0.5078827738761902,-0.5084665417671204,5.241014003753662,5.043916702270508,0.008767210878431797,0.008767210878431797,0.0,0.0,nan,nan,-0.13619016110897064,-0.13619016110897064,-0.2723803222179413,0.0,1.6604478359222412,0.33373790979385376,0.0,0.0,0.0,0.33373790979385376,0.0,1.6604478359222412,0.0,0.0,0.0,-0.030180659145116806,-0.949561357498169,1.402101993560791,0.0,0.0,0.0,0.0,1.6604478359222412,0.33373790979385376,0.0,0.0,0.0,0.33373790979385376,0.0,1.6604478359222412,-0.0,-0.0,-0.0,-0.03018070198595524,0.9495612382888794,1.4021022319793701,0.0,0.0,0.0,4.470348358154297e-08,0.0,0.6000000238418579,-1.043081283569336e-07,0.05600003898143768,0.6000000238418579,-4.470348358154297e-08,-0.055999934673309326,0.5999999642372131,-0.060361362993717194,-1.1920928955078125e-07,2.804204225540161,0.0,0.0,0.0,1.862645149230957e-07,3.360860887369199e-07,5.7392753660678864e-08,16.45307159423828,16.45307159423828,18.852121353149414,18.852121353149414,0.11794667690992355,0.11794667690992355,0.8820533156394958,0.8820533156394958,0.0,0.0,0.0,0.0,3.857262134552002,3.857262134552002,-2.1968142986297607,-2.1968142986297607,0.40471047163009644,0.40471047163009644,0.0,0.0,-0.07097258418798447,-0.07097258418798447,0.33373790979385376,0.33373790979385376,0.5500251054763794,0.5500251054763794,-0.03132893517613411,-0.03132893517613411,0.115500807762146,0.115500807762146,-4.50589656829834,-4.50589656829834,-8.363948822021484,-8.363948822021484,6.379219055175781,6.379219055175781,15.502325057983398,15.502325057983398,0.0,0.0,180.0
283,1.1791666666666667,-0.5175872846062356,1.53672920858708,209.2393161563174,-0.5175872846062356,1.53672920858708,209.2393161563174,5.0,-5.0,0.0,0.0,15.0,0,0.5,0.0,0.0,3.2,3.2,3.2,1.536728858947754,1.536729335784912,1.536729335784912,1.536729335784912,-0.5008018016815186,-0.501320481300354,5.615978240966797,5.442172527313232,0.020397039130330086,0.020397039130330086,0.0,0.0,nan,nan,-0.21110811829566956,-0.21110811829566956,-0.4222162365913391,0.0,1.279946208000183,0.24828621745109558,0.0,0.0,0.0,0.24828621745109558,0.0,1.279946208000183,0.0,0.0,0.0,-0.03279729560017586,-0.7271468639373779,1.0817070007324219,0.0,0.0,0.0,0.0,1.279946208000183,0.24828621745109558,0.0,0.0,0.0,0.24828621745109558,0.0,1.279946208000183,-0.0,-0.0,-0.0,-0.032797377556562424,0.7271467447280884,1.0817071199417114,0.0,0.0,0.0,4.470348358154297e-08,0.0,0.6000000238418579,-1.9371509552001953e-07,0.0559999942779541,0.5999999642372131,-2.9802322387695312e-08,-0.055999964475631714,0.5999999642372131,-0.06559467315673828,-1.1920928955078125e-07,2.1634140014648438,0.0,0.0,0.0,2.2351741790771484e-08,3.424022452236386e-07,1.1560041457414627e-07,18.39736557006836,18.397369384765625,23.946260452270508,23.946269989013672,0.11794667690992355,0.11794667690992355,0.8820533156394958,0.8820533156394958,0.0,0.0,0.0,0.0,3.4871673583984375,3.4871673583984375,-2.207221508026123,-2.207221508026123,0.3190230131149292,0.3190230131149292,0.0,0.0,-0.07073679566383362,-0.07073679566383362,0.24828621745109558,0.24828621745109558,0.5500251054763794,0.5500251054763794,-0.052383020520210266,-0.052383020520210266,0.09545519202947617,0.09545519202947617,-10.823899269104004,-10.823899269104004,-12.028267860412598,-12.028267860412598,2.7171530723571777,2.7171530723571777,16.168664932250977,16.168664932250977,0.0,0.0,180.0
284,1.1833333333333333,-0.5093764819832374,2.4021507177023023,205.92002532938437,-0.5093764819832374,2.4021507177023023,205.92002532938437,5.0,-5.0,0.0,0.0,15.0,0,0.5,0.0,0.0,3.2,3.2,3.2,2.4021506309509277,2.4021503925323486,2.402150869369507,2.4021506309509277,-0.49022507667541504,-0.490674763917923,5.948809623718262,5.799466133117676,0.03188379481434822,0.03188379481434822,0.0,0.0,nan,nan,-0.010292328894138336,-0.010292328894138336,-0.020584657788276672,0.0,0.9189502000808716,0.17895585298538208,0.0,0.0,0.0,0.17895585298538208,0.0,0.9189502000808716,0.0,0.0,0.0,-0.023977410048246384,-0.5158356428146362,0.7809182405471802,0.0,0.0,0.0,0.0,0.9189502000808716,0.17895585298538208,0.0,0.0,0.0,0.17895585298538208,0.0,0.9189502000808716,-0.0,-0.0,-0.0,-0.023977480828762054,0.5158354043960571,0.7809183597564697,0.0,0.0,0.0,4.470348358154297e-08,0.0,0.6000000238418579,-2.9802322387695312e-08,0.05600002408027649,0.5999999642372131,-2.9802322387695312e-08,-0.055999934673309326,0.6000000238418579,-0.04795489087700844,-2.384185791015625e-07,1.56183660030365,0.0,0.0,0.0,3.3527612686157227e-08,1.1779505371123378e-07,-1.862645149230957e-09,20.273359298706055,20.273359298706055,28.664392471313477,28.664392471313477,0.11794667690992355,0.11794667690992355,0.8820533156394958,0.8820533156394958,0.0,0.0,0.0,0.0,3.1200499534606934,3.1200499534606934,-2.2010998725891113,-2.2010998725891113,0.24962228536605835,0.24962228536605835,0.0,0.0,-0.07066641002893448,-0.07066641002893448,0.17895585298538208,0.17895585298538208,0.5500251054763794,0.5500251054763794,-0.07384130358695984,-0.07384130358695984,0.07580475509166718,0.07580475509166718,-17.06112289428711,-17.06112289428711,-15.649868965148926,-15.649868965148926,-0.900409460067749,-0.900409460067749,16.82680892944336,16.82680892944336,0.0,0.0,180.0
285,1.1875,-0.4975927693256245,3.250722865475716,201.1563534781,-0.4975927693256245,3.250722865475716,201.1563534781,5.0,-5.0,0.0,0.0,15.0,0,0.5,0.0,0.0,3.2,3.2,3.2,3.2507216930389404,3.250722885131836,3.250722885131836,3.250722885131836,-0.4762246310710907,-0.4766022562980652,6.237537384033203,6.113650798797607,0.04314691200852394,0.04314691200852394,0.0,0.0,nan,nan,0.43916523456573486,0.43916523456573486,0.8783304691314697,0.0,0.576674222946167,0.1255037784576416,0.0,0.0,0.0,0.1255037784576416,0.0,0.576674222946167,0.0,0.0,0.0,-0.003272656351327896,-0.31805920600891113,0.49712374806404114,0.0,0.0,0.0,0.0,0.576674222946167,0.1255037784576416,0.0,0.0,0.0,0.1255037784576416,0.0,0.576674222946167,-0.0,-0.0,-0.0,-0.00327268335968256,0.3180590569972992,0.4971238374710083,0.0,0.0,0.0,4.470348358154297e-08,0.0,0.6000000238418579,-1.4901161193847656e-07,0.05600002408027649,0.6000000238418579,-1.4901161193847656e-08,-0.055999964475631714,0.5999999642372131,-0.006545339711010456,-1.4901161193847656e-07,0.994247555732727,0.0,0.0,0.0,4.284083843231201e-08,1.2612633781827753e-07,4.132743924856186e-08,22.03261947631836,22.03261947631836,32.858890533447266,32.858890533447266,0.11794667690992355,0.11794667690992355,0.8820533156394958,0.8820533156394958,0.0,0.0,0.0,0.0,2.755321979522705,2.755321979522705,-2.178647994995117,-2.178647994995117,0.19625826179981232,0.19625826179981232,0.0,0.0,-0.07075448334217072,-0.07075448334217072,0.1255037784576416,0.1255037784576416,0.5500251054763794,0.5500251054763794,-0.09554140269756317,-0.09554140269756317,0.05669916793704033,0.05669916793704033,-23.17140769958496,-23.17140769958496,-19.201923370361328,-19.201923370361328,-4.446667194366455,-4.446667194366455,17.472135543823242,17.472135543823242,0.0,0.0,180.0
286,1.1916666666666667,-0.482318800911104,4.0764935279889745,194.98171433780732,-0.482318800911104,4.0764935279889745,194.98171433780732,5.0,-5.0,0.0,0.0,15.0,0,0.5,0.0,0.0,3.2,3.2,3.2,4.076493263244629,4.076493740081787,4.076493740081787,4.076493740081787,-0.45889633893966675,-0.45919913053512573,6.480495452880859,6.382896900177002,0.05410738289356232,0.05410738289356232,0.0,0.0,nan,nan,1.1083641052246094,1.1083641052246094,2.2167282104492188,0.0,0.2521173357963562,0.08756452798843384,0.0,0.0,0.0,0.08756452798843384,0.0,0.2521173357963562,0.0,0.0,0.0,0.02960710972547531,-0.13582462072372437,0.22782842814922333,0.0,0.0,0.0,0.0,0.2521173357963562,0.08756452798843384,0.0,0.0,0.0,0.08756452798843384,0.0,0.2521173357963562,-0.0,-0.0,-0.0,0.029607098549604416,0.1358245611190796,0.22782845795154572,0.0,0.0,0.0,4.470348358154297e-08,0.0,0.6000000238418579,-1.1920928955078125e-07,0.056000009179115295,0.6000000238418579,2.9802322387695312e-08,-0.0559999942779541,0.6000000238418579,0.05921420827507973,-5.960464477539063e-08,0.45565688610076904,0.0,0.0,0.0,1.862645149230957e-09,4.073890025324545e-08,1.9208528101444244e-08,23.64927864074707,23.64927864074707,36.49431228637695,36.49431228637695,0.11794667690992355,0.11794667690992355,0.864794909954071,0.864794909954071,0.017258400097489357,0.017258400097489357,0.0,0.0,2.39235258102417,2.39235258102417,-2.140235185623169,-2.140235185623169,0.15855492651462555,0.15855492651462555,0.0,0.0,-0.07099039852619171,-0.07099039852619171,0.08756452798843384,0.08756452798843384,0.5500251054763794,0.5500251054763794,-0.1173200011253357,-0.1173200011253357,0.03828355297446251,0.03828355297446251,-29.109941482543945,-29.109941482543945,-22.658329010009766,-22.658329010009766,-7.895561218261719,-7.895561218261719,18.10012435913086,18.10012435913086,0.0,0.0,180.0
287,1.1958333333333333,-0.4636617126537717,4.873670517359984,187.43941856560312,-0.4636617126537717,4.873670517359984,187.43941856560312,5.0,-5.0,0.0,0.0,15.0,0,0.5,0.0,0.0,3.2,3.2,3.2,4.87367057800293,4.873669147491455,4.87367057800293,4.87367057800293,-0.4383597671985626,-0.4385853707790375,6.676324367523193,6.605666637420654,0.06468833237886429,0.06468833237886429,0.0,0.0,nan,nan,1.966996431350708,1.966996431350708,3.933992862701416,0.0,-0.05567288398742676,0.06465335190296173,0.0,0.0,0.0,0.06465335190296173,0.0,-0.05567288398742676,0.0,0.0,0.0,0.07473243772983551,0.029112735763192177,-0.029103919863700867,0.0,0.0,0.0,0.0,-0.05567288398742676,0.06465335190296173,0.0,0.0,0.0,0.06465335190296173,0.0,-0.05567288398742676,-0.0,-0.0,-0.0,0.07473243027925491,-0.02911272458732128,-0.02910393476486206,0.0,0.0,0.0,4.470348358154297e-08,0.0,0.6000000238418579,2.9802322387695312e-08,0.05600005388259888,0.6000000238418579,-1.1920928955078125e-07,-0.055999934673309326,0.6000000238418579,0.14946487545967102,1.1175870895385742e-08,-0.05820785462856293,0.0,0.0,0.0,-2.561137080192566e-09,-5.204189079677235e-09,-5.122274160385132e-09,25.11191749572754,25.11191177368164,39.592567443847656,39.59256362915039,0.11794667690992355,0.11794667690992355,0.767946183681488,0.767946183681488,0.11410718411207199,0.11410718411207199,0.0,0.0,2.0307133197784424,2.0307133197784424,-2.086386203765869,-2.086386203765869,0.13601350784301758,0.13601350784301758,0.0,0.0,-0.07136015594005585,-0.07136015594005585,0.06465335190296173,0.06465335190296173,0.5500251054763794,0.5500251054763794,-0.13901470601558685,-0.13901470601558685,0.020696725696325302,0.020696725696325302,-34.83368682861328,-34.83368682861328,-25.99399757385254,-25.99399757385254,-11.222052574157715,-11.222052574157715,18.706369400024414,18.706369400024414,0.0,0.0,180.0
288,1.2,-0.44175237062265493,5.636662209779115,178.58236994719795,-0.44175237062265493,5.636662209779115,178.58236994719795,5.0,-5.0,0.0,0.0,15.0,0,0.5,0.0,0.0,3.2,3.2,3.2,5.636661052703857,5.636662483215332,5.636662006378174,5.636662006378174,-0.4147568345069885,-0.41490378975868225,6.823953628540039,6.780700206756592,0.074815534055233,0.074815534055233,0.0,0.0,nan,nan,2.9832041263580322,2.9832041263580322,5.9664082527160645,0.0,-0.34737056493759155,0.05613494664430618,0.0,0.0,0.0,0.05613494664430618,0.0,-0.34737056493759155,0.0,0.0,0.0,0.13186773657798767,0.17511847615242004,-0.2752487361431122,0.0,0.0,0.0,0.0,-0.34737056493759155,0.05613494664430618,0.0,0.0,0.0,0.05613494664430618,0.0,-0.34737056493759155,-0.0,-0.0,-0.0,0.13186776638031006,-0.17511847615242004,-0.2752487361431122,0.0,0.0,0.0,4.470348358154297e-08,0.0,0.6000000238418579,-1.043081283569336e-07,0.0559999942779541,0.5999999642372131,5.960464477539063e-08,-0.0559999942779541,0.6000000238418579,0.26373550295829773,0.0,-0.5504974722862244,0.0,0.0,0.0,1.0244548320770264e-08,-4.4773660334840315e-08,-2.7474015951156616e-08,26.418601989746094,26.418607711791992,42.20277786254883,42.20277786254883,0.11794667690992355,0.11794667690992355,0.6812697052955627,0.6812697052955627,0.20078371465206146,0.20078371465206146,0.0,0.0,1.670389175415039,1.670389175415039,-2.0177597999572754,-2.0177597999572754,0.12798134982585907,0.12798134982585907,0.0,0.0,-0.07184641063213348,-0.07184641063213348,0.05613494664430618,0.05613494664430618,0.5500251054763794,0.5500251054763794,-0.16046582162380219,-0.16046582162380219,0.0040695699863135815,0.0040695699863135815,-40.30179977416992,-40.30179977416992,-29.185060501098633,-29.185060501098633,-14.402338981628418,-14.402338981628418,19.2866153717041,19.2866153717041,0.0,0.0,180.0
289,1.2041666666666666,-0.41674445311025965,6.360116766732887,168.4726943148686,-0.41674445311025965,6.360116766732887,168.4726943148686,5.0,-5.0,0.0,0.0,15.0,0,0.5,0.0,0.0,3.2,3.2,3.2,6.360116004943848,6.3601155281066895,6.360117435455322,6.360117435455322,-0.3882518708705902,-0.3883189558982849,6.922579765319824,6.907018661499023,0.08441796153783798,0.08441796153783798,0.0,0.0,nan,nan,4.123132705688477,4.123132705688477,8.246265411376953,0.0,-0.623191237449646,0.061170704662799835,0.0,0.0,0.0,0.061170704662799835,0.0,-0.623191237449646,0.0,0.0,0.0,0.200374037027359,0.3006105124950409,-0.5114613771438599,0.0,0.0,0.0,0.0,-0.623191237449646,0.061170704662799835,0.0,0.0,0.0,0.061170704662799835,0.0,-0.623191237449646,-0.0,-0.0,-0.0,0.2003740519285202,-0.30061042308807373,-0.5114614367485046,0.0,0.0,0.0,4.470348358154297e-08,0.0,0.6000000238418579,-1.1920928955078125e-07,0.0559999942779541,0.5999999642372131,1.4901161193847656e-08,-0.055999964475631714,0.5999999642372131,0.400748074054718,8.940696716308594e-08,-1.0229227542877197,0.0,0.0,0.0,-1.1175870895385742e-08,-1.229642379030338e-07,-4.563480615615845e-08,27.573394775390625,27.573394775390625,44.38374328613281,44.38374328613281,0.11794667690992355,0.11794667690992355,0.6136804223060608,0.6136804223060608,0.26837289333343506,0.26837289333343506,0.0,0.0,1.3119357824325562,1.3119357824325562,-1.9351270198822021,-1.9351270198822021,0.13359972834587097,0.13359972834587097,0.0,0.0,-0.07242901623249054,-0.07242901623249054,0.061170704662799835,0.061170704662799835,0.5500251054763794,0.5500251054763794,-0.18151791393756866,-0.18151791393756866,-0.011476353742182255,-0.011476353742182255,-45.47592544555664,-45.47592544555664,-32.209083557128906,-32.209083557128906,-17.414060592651367,-17.414060592651367,19.836793899536133,19.836793899536133,0.0,0.0,180.0
290,1.2083333333333333,-0.3888133726897734,7.038959674305589,157.1813037793847,-0.3888133726897734,7.038959674305589,157.1813037793847,5.0,-5.0,0.0,0.0,15.0,0,0.5,0.0,0.0,3.2,3.2,3.2,7.0389580726623535,7.038959980010986,7.038959980010986,7.038959980010986,-0.359029620885849,-0.35901641845703125,6.971678256988525,6.983892917633057,0.09342825412750244,0.09342825412750244,0.0,0.0,nan,nan,5.350471019744873,5.350471019744873,10.700942039489746,0.0,-0.8827828168869019,0.07866059988737106,0.0,0.0,0.0,0.07866059988737106,0.0,-0.8827828168869019,0.0,0.0,0.0,0.2791215479373932,0.4040684401988983,-0.7377756237983704,0.0,0.0,0.0,0.0,-0.8827828168869019,0.07866059988737106,0.0,0.0,0.0,0.07866059988737106,0.0,-0.8827828168869019,-0.0,-0.0,-0.0,0.27912163734436035,-0.404068261384964,-0.7377756834030151,0.0,0.0,0.0,4.470348358154297e-08,0.0,0.6000000238418579,-1.1920928955078125e-07,0.05600005388259888,0.6000000238418579,7.450580596923828e-08,-0.055999964475631714,0.6000000238418579,0.5582431554794312,1.7881393432617188e-07,-1.4755513668060303,0.0,0.0,0.0,-6.332993507385254e-08,-9.894341701510712e-08,-9.872019290924072e-08,28.58386993408203,28.58387565612793,46.19440460205078,46.19440841674805,0.11794667690992355,0.11794667690992355,0.557930588722229,0.557930588722229,0.32412275671958923,0.32412275671958923,0.0,0.0,0.9565655589103699,0.9565655589103699,-1.839348316192627,-1.839348316192627,0.15174582600593567,0.15174582600593567,0.0,0.0,-0.0730852335691452,-0.0730852335691452,0.07866059988737106,0.07866059988737106,0.5500251054763794,0.5500251054763794,-0.20202119648456573,-0.20202119648456573,-0.025829829275608063,-0.025829829275608063,-50.320491790771484,-50.320491790771484,-35.045188903808594,-35.045188903808594,-20.23642921447754,-20.23642921447754,20.353044509887695,20.353044509887695,0.0,0.0,180.0
291,1.2125,-0.35815504582189134,7.668429337248588,144.78739933249943,-0.35815504582189134,7.668429337248588,144.78739933249943,5.0,-5.0,0.0,0.0,15.0,0,0.5,0.0,0.0,3.2,3.2,3.2,7.668429851531982,7.668428897857666,7.668429851531982,7.668429851531982,-0.32729458808898926,-0.3272010385990143,6.970983982086182,7.010876655578613,0.10178322345018387,0.10178322345018387,0.0,0.0,nan,nan,6.626235008239746,6.626235008239746,13.252470016479492,0.0,-1.1251857280731201,0.10719642043113708,0.0,0.0,0.0,0.10719642043113708,0.0,-1.1251857280731201,0.0,0.0,0.0,0.36642986536026,0.4841136634349823,-0.953360915184021,0.0,0.0,0.0,0.0,-1.1251857280731201,0.10719642043113708,0.0,0.0,0.0,0.10719642043113708,0.0,-1.1251857280731201,-0.0,-0.0,-0.0,0.36642986536026,-0.4841134250164032,-0.9533610343933105,0.0,0.0,0.0,4.470348358154297e-08,0.0,0.6000000238418579,1.4901161193847656e-08,0.05600005388259888,0.6000000238418579,2.9802322387695312e-08,-0.0559999942779541,0.6000000238418579,0.73285973072052,2.384185791015625e-07,-1.9067219495773315,0.0,0.0,0.0,-5.21540641784668e-08,-4.26185557955705e-08,-2.9802322387695312e-08,29.459508895874023,29.459508895874023,47.689090728759766,47.689090728759766,0.11794667690992355,0.11794667690992355,0.5156482458114624,0.5156482458114624,0.366405189037323,0.366405189037323,0.0,0.0,0.606163501739502,0.606163501739502,-1.7313491106033325,-1.7313491106033325,0.18098676204681396,0.18098676204681396,0.0,0.0,-0.07379033416509628,-0.07379033416509628,0.10719642043113708,0.10719642043113708,0.5500251054763794,0.5500251054763794,-0.22183279693126678,-0.22183279693126678,-0.03889114782214165,-0.03889114782214165,-54.80289077758789,-54.80289077758789,-37.67424774169922,-37.67424774169922,-22.85040855407715,-22.85040855407715,20.831748962402344,20.831748962402344,0.0,0.0,180.0
292,1.2166666666666666,-0.32498451864161276,8.244110478149691,131.37791530889902,-0.32498451864161276,8.244110478149691,131.37791530889902,5.0,-5.0,0.0,0.0,15.0,0,0.5,0.0,0.0,3.2,3.2,3.2,8.244109153747559,8.244107246398926,8.244110107421875,8.244110107421875,-0.2932693362236023,-0.293096125125885,6.920511722564697,6.987782001495361,0.10942424833774567,0.10942424833774567,0.0,0.0,nan,nan,7.908926963806152,7.908926963806152,15.817853927612305,0.0,-1.348850965499878,0.14503847062587738,0.0,0.0,0.0,0.14503847062587738,0.0,-1.348850965499878,0.0,0.0,0.0,0.46004724502563477,0.5396453738212585,-1.1565356254577637,0.0,0.0,0.0,0.0,-1.348850965499878,0.14503847062587738,0.0,0.0,0.0,0.14503847062587738,0.0,-1.348850965499878,-0.0,-0.0,-0.0,0.46004718542099,-0.5396449565887451,-1.1565357446670532,0.0,0.0,0.0,4.470348358154297e-08,0.0,0.6000000238418579,1.4901161193847656e-08,0.056000083684921265,0.6000000238418579,-1.4901161193847656e-08,-0.055999934673309326,0.5999999642372131,0.9200944304466248,4.172325134277344e-07,-2.3130712509155273,0.0,0.0,0.0,-2.0116567611694336e-07,-1.3082329530789139e-07,-5.774199962615967e-08,30.210477828979492,30.210477828979492,48.91554260253906,48.9155387878418,0.11794667690992355,0.11794667690992355,0.4873591661453247,0.4873591661453247,0.3946942090988159,0.3946942090988159,0.0,0.0,0.2632458209991455,0.2632458209991455,-1.6120967864990234,-1.6120967864990234,0.21955665946006775,0.21955665946006775,0.0,0.0,-0.07451818883419037,-0.07451818883419037,0.14503847062587738,0.14503847062587738,0.5500251054763794,0.5500251054763794,-0.24081756174564362,-0.24081756174564362,-0.050572484731674194,-0.050572484731674194,-58.89363479614258,-58.89363479614258,-40.07889175415039,-40.07889175415039,-25.238737106323242,-25.238737106323242,21.269546508789062,21.269546508789062,0.0,0.0,180.0
293,1.2208333333333332,-0.28953445856411913,8.761965107431756,117.04690960430918,-0.28953445856411913,8.761965107431756,117.04690960430918,5.0,-5.0,0.0,0.0,15.0,0,0.5,0.0,0.0,3.2,3.2,3.2,8.761962890625,8.761963844299316,8.761964797973633,8.76196575164795,-0.2571929097175598,-0.25694116950035095,6.820553302764893,6.914708137512207,0.11629774421453476,0.11629774421453476,0.0,0.0,nan,nan,9.155205726623535,9.155205726623535,18.31041145324707,0.0,-1.5517206192016602,0.1901247352361679,0.0,0.0,0.0,0.1901247352361679,0.0,-1.5517206192016602,0.0,0.0,0.0,0.5571818947792053,0.5700148940086365,-1.3448479175567627,0.0,0.0,0.0,0.0,-1.5517206192016602,0.1901247352361679,0.0,0.0,0.0,0.1901247352361679,0.0,-1.5517206192016602,-0.0,-0.0,-0.0,0.5571820139884949,-0.5700146555900574,-1.3448479175567627,0.0,0.0,0.0,4.470348358154297e-08,0.0,0.6000000238418579,-8.940696716308594e-08,0.0559999942779541,0.5999999642372131,2.9802322387695312e-08,-0.055999964475631714,0.6000000238418579,1.1143639087677002,2.384185791015625e-07,-2.6896958351135254,0.0,0.0,0.0,-7.450580596923828e-09,-2.3360857426268922e-07,-7.636845111846924e-08,30.846933364868164,30.846939086914062,49.914554595947266,49.91456604003906,0.11794667690992355,0.11794667690992355,0.45904016494750977,0.45904016494750977,0.42301318049430847,0.42301318049430847,0.0,0.0,-0.06913800537586212,-0.06913800537586212,-1.482582688331604,-1.482582688331604,0.265366792678833,0.265366792678833,0.0,0.0,-0.07524202764034271,-0.07524202764034271,0.1901247352361679,0.1901247352361679,0.5500251054763794,0.5500251054763794,-0.25884881615638733,-0.25884881615638733,-0.06079844385385513,-0.06079844385385513,-62.56645202636719,-62.56645202636719,-42.243629455566406,-42.243629455566406,-27.386035919189453,-27.386035919189453,21.66337013244629,21.66337013244629,0.0,0.0,180.0
294,1.225,-0.25205352229001654,9.21836084694847,101.89490392693236,-0.25205352229001654,9.21836084694847,101.89490392693236,5.0,-5.0,0.0,0.0,15.0,0,0.5,0.0,0.0,3.2,3.2,3.2,9.21835994720459,9.218358993530273,9.218360900878906,9.218361854553223,-0.21932414174079895,-0.218995600938797,6.670876979827881,6.79122257232666,0.12235549092292786,0.12235549092292786,0.0,0.0,nan,nan,10.279123306274414,10.279123306274414,20.558246612548828,0.0,-1.7239165306091309,0.23365774750709534,0.0,0.0,0.0,0.23365774750709534,0.0,-1.7239165306091309,0.0,0.0,0.0,0.6465334892272949,0.5727429389953613,-1.5101139545440674,0.0,0.0,0.0,0.0,-1.7239165306091309,0.23365774750709534,0.0,0.0,0.0,0.23365774750709534,0.0,-1.7239165306091309,-0.0,-0.0,-0.0,0.6465336084365845,-0.5727425217628479,-1.510114073753357,0.0,0.0,0.0,4.470348358154297e-08,0.0,0.6000000238418579,-7.450580596923828e-08,0.05600002408027649,0.6000000238418579,-5.960464477539063e-08,-0.055999934673309326,0.5999999642372131,1.2930670976638794,4.172325134277344e-07,-3.0202279090881348,0.0,0.0,0.0,-1.564621925354004e-07,-3.7607318859045336e-07,-5.960464477539063e-08,31.378517150878906,31.378522872924805,50.72021484375,50.72022247314453,0.11794667690992355,0.11794667690992355,0.43071863055229187,0.43071863055229187,0.45133471488952637,0.45133471488952637,0.002056337660178542,0.002056337660178542,-0.3875378966331482,-0.3875378966331482,-1.3438032865524292,-1.3438032865524292,0.3160493075847626,0.3160493075847626,0.0,0.0,-0.0759352296590805,-0.0759352296590805,0.23365774750709534,0.23365774750709534,0.5500251054763794,0.5500251054763794,-0.27580901980400085,-0.27580901980400085,-0.06950617581605911,-0.06950617581605911,-65.79830169677734,-65.79830169677734,-44.15483474731445,-44.15483474731445,-29.27880859375,-29.27880859375,22.010454177856445,22.010454177856445,0.0,0.0,180.0
295,1.2291666666666667,-0.21280461165725856,9.61009640850693,86.02817870989684,-0.21280461165725856,9.61009640850693,86.02817870989684,5.0,-5.0,0.0,0.0,15.0,0,0.5,0.0,0.0,3.2,3.2,3.2,9.610097885131836,9.610095024108887,9.610095977783203,9.610095977783203,-0.1799333244562149,-0.17953012883663177,6.471787452697754,6.617427349090576,0.1275550127029419,0.1275550127029419,0.0,0.0,nan,nan,11.205221176147461,11.205221176147461,22.410442352294922,0.0,-1.8574371337890625,0.2673576772212982,0.0,0.0,0.0,0.2673576772212982,0.0,-1.8574371337890625,0.0,0.0,0.0,0.7175978422164917,0.5478834509849548,-1.64512300491333,0.0,0.0,0.0,0.0,-1.8574371337890625,0.2673576772212982,0.0,0.0,0.0,0.2673576772212982,0.0,-1.8574371337890625,-0.0,-0.0,-0.0,0.7175978422164917,-0.5478828549385071,-1.6451232433319092,0.0,0.0,0.0,4.470348358154297e-08,0.0,0.6000000238418579,1.4901161193847656e-08,0.056000083684921265,0.6000000238418579,-1.4901161193847656e-08,-0.055999964475631714,0.6000000238418579,1.4351956844329834,5.960464477539062e-07,-3.2902462482452393,0.0,0.0,0.0,-1.7881393432617188e-07,-1.4708547269037808e-07,-6.705522537231445e-08,31.81400489807129,31.81400489807129,51.36043167114258,51.36043167114258,0.11794667690992355,0.11794667690992355,0.4165618121623993,0.4165618121623993,0.46549156308174133,0.46549156308174133,0.00794259924441576,0.00794259924441576,-0.6882556080818176,-0.6882556080818176,-1.1967494487762451,-1.1967494487762451,0.3690338730812073,0.3690338730812073,0.0,0.0,-0.0765722244977951,-0.0765722244977951,0.2673576772212982,0.2673576772212982,0.5500251054763794,0.5500251054763794,-0.2915896475315094,-0.2915896475315094,-0.07664507627487183,-0.07664507627487183,-68.5693359375,-68.5693359375,-45.80072021484375,-45.80072021484375,-30.9053897857666,-30.9053897857666,22.308364868164062,22.308364868164062,0.0,0.0,180.0
296,1.2333333333333334,-0.17206302957362749,9.93442404860446,69.55802763037254,-0.17206302957362749,9.93442404860446,69.55802763037254,5.0,-5.0,0.0,0.0,15.0,0,0.5,0.0,0.0,3.2,3.2,3.2,9.934426307678223,9.934422492980957,9.934423446655273,9.934423446655273,-0.13928596675395966,-0.1388108730316162,6.2264204025268555,6.396311283111572,0.13185980916023254,0.13185980916023254,0.0,0.0,nan,nan,11.99386978149414,11.99386978149414,23.98773956298828,0.0,-1.9674088954925537,0.3036646842956543,0.0,0.0,0.0,0.3036646842956543,0.0,-1.9674088954925537,0.0,0.0,0.0,0.7855778336524963,0.5032727122306824,-1.7585488557815552,0.0,0.0,0.0,0.0,-1.9674088954925537,0.3036646842956543,0.0,0.0,0.0,0.3036646842956543,0.0,-1.9674088954925537,-0.0,-0.0,-0.0,0.7855777740478516,-0.5032721757888794,-1.7585489749908447,0.0,0.0,0.0,4.470348358154297e-08,0.0,0.6000000238418579,4.470348358154297e-08,0.05600005388259888,0.5999999642372131,-5.960464477539063e-08,-0.055999934673309326,0.5999999642372131,1.5711555480957031,5.364418029785156e-07,-3.5170979499816895,0.0,0.0,0.0,-2.0116567611694336e-07,-2.7707912408914126e-07,-4.470348358154297e-08,32.1611328125,32.1611328125,51.85767364501953,51.85767364501953,0.11794667690992355,0.11794667690992355,0.4024088680744171,0.4024088680744171,0.4796445071697235,0.4796445071697235,0.012195754796266556,0.012195754796266556,-0.9675174355506897,-0.9675174355506897,-1.0423979759216309,-1.0423979759216309,0.42165058851242065,0.42165058851242065,0.0,0.0,-0.07712945342063904,-0.07712945342063904,0.3036646842956543,0.3036646842956543,0.5500251054763794,0.5500251054763794,-0.3060917258262634,-0.3060917258262634,-0.08217675238847733,-0.08217675238847733,-70.86294555664062,-70.86294555664062,-47.171409606933594,-47.171409606933594,-32.25603485107422,-32.25603485107422,22.555011749267578,22.555011749267578,0.0,0.0,180.0
297,1.2375,-0.1301145489646518,10.189068841874874,52.59997696439436,-0.1301145489646518,10.189068841874874,52.59997696439436,5.0,-5.0,0.0,0.0,15.0,0,0.5,0.0,0.0,3.2,3.2,3.2,10.189068794250488,10.189068794250488,10.189068794250488,10.189068794250488,-0.09767371416091919,-0.09713001549243927,5.935433864593506,6.128347396850586,0.13523972034454346,0.13523972034454346,0.0,0.0,nan,nan,12.566417694091797,12.566417694091797,25.132835388183594,0.0,-2.0433926582336426,0.3335074782371521,0.0,0.0,0.0,0.3335074782371521,0.0,-2.0433926582336426,0.0,0.0,0.0,0.8386393189430237,0.4394078850746155,-1.8412728309631348,0.0,0.0,0.0,0.0,-2.0433926582336426,0.3335074782371521,0.0,0.0,0.0,0.3335074782371521,0.0,-2.0433926582336426,-0.0,-0.0,-0.0,0.8386393189430237,-0.4394075870513916,-1.8412729501724243,0.0,0.0,0.0,4.470348358154297e-08,0.0,0.6000000238418579,-4.470348358154297e-08,0.05600005388259888,0.5999999642372131,-4.470348358154297e-08,-0.055999964475631714,0.6000000238418579,1.6772786378860474,2.980232238769531e-07,-3.6825456619262695,0.0,0.0,0.0,-1.2665987014770508e-07,-3.7923206264167675e-07,-7.450580596923828e-08,32.42644500732422,32.42644500732422,52.22949981689453,52.22949981689453,0.11794667690992355,0.11794667690992355,0.4024088680744171,0.4024088680744171,0.4796445071697235,0.4796445071697235,0.017258400097489357,0.017258400097489357,-1.221634864807129,-1.221634864807129,-0.8817076683044434,-0.8817076683044434,0.47124993801116943,0.47124993801116943,0.0,0.0,-0.07758612930774689,-0.07758612930774689,0.3335074782371521,0.3335074782371521,0.5500251054763794,0.5500251054763794,-0.31922540068626404,-0.31922540068626404,-0.08607429265975952,-0.08607429265975952,-72.66558837890625,-72.66558837890625,-48.2587776184082,-48.2587776184082,-33.322776794433594,-33.322776794433594,22.748666763305664,22.748666763305664,0.0,0.0,180.0
298,1.2416666666666667,-0.08725340828186534,10.372244638055388,35.272975253042986,-0.08725340828186534,10.372244638055388,35.272975253042986,5.0,-5.0,0.0,0.0,15.0,0,0.5,0.0,0.0,3.2,3.2,3.2,10.372241973876953,10.372241020202637,10.372243881225586,10.372243881225586,-0.05538944527506828,-0.05478084087371826,5.600714683532715,5.815255641937256,0.13767102360725403,0.13767102360725403,0.0,0.0,nan,nan,12.896720886230469,12.896720886230469,25.793441772460938,0.0,-2.083435297012329,0.355180025100708,0.0,0.0,0.0,0.355180025100708,0.0,-2.083435297012329,0.0,0.0,0.0,0.8741793632507324,0.36042553186416626,-1.8901745080947876,0.0,0.0,0.0,0.0,-2.083435297012329,0.355180025100708,0.0,0.0,0.0,0.355180025100708,0.0,-2.083435297012329,-0.0,-0.0,-0.0,0.8741793632507324,-0.36042505502700806,-1.8901745080947876,0.0,0.0,0.0,4.470348358154297e-08,0.0,0.6000000238418579,-5.960464477539063e-08,0.05600002408027649,0.5999999642372131,-5.960464477539063e-08,-0.055999934673309326,0.6000000238418579,1.7483587265014648,4.76837158203125e-07,-3.780349016189575,0.0,0.0,0.0,-1.4901161193847656e-07,-4.464262701731059e-07,-7.82310962677002e-08,32.615177154541016,32.615177154541016,52.489070892333984,52.489070892333984,0.11794667690992355,0.11794667690992355,0.3882598280906677,0.3882598280906677,0.4937935173511505,0.4937935173511505,0.023084618151187897,0.023084618151187897,-1.4471688270568848,-1.4471688270568848,-0.7156213521957397,-0.7156213521957397,0.5153317451477051,0.5153317451477051,0.0,0.0,-0.07792520523071289,-0.07792520523071289,0.355180025100708,0.355180025100708,0.5500251054763794,0.5500251054763794,-0.3309100866317749,-0.3309100866317749,-0.08832192420959473,-0.08832192420959473,-73.96683502197266,-73.96683502197266,-49.056514739990234,-49.056514739990234,-34.09943389892578,-34.09943389892578,22.887969970703125,22.887969970703125,0.0,0.0,180.0
299,1.2458333333333333,-0.04378024763146711,10.482666590547439,17.698558963888527,-0.04378024763146711,10.482666590547439,17.698558963888527,5.0,-5.0,0.0,0.0,15.0,0,0.5,0.0,0.0,3.2,3.2,3.2,10.48266315460205,10.48266315460205,10.482666969299316,10.482666969299316,-0.012718332931399345,-0.012049080803990364,5.226443767547607,5.46110200881958,0.1391366571187973,0.1391366571187973,0.0,0.0,nan,nan,13.069879531860352,13.069879531860352,26.139759063720703,0.0,-2.104294538497925,0.3865657448768616,0.0,0.0,0.0,0.3865657448768616,0.0,-2.104294538497925,0.0,0.0,0.0,0.9134008288383484,0.273617684841156,-1.9152859449386597,0.0,0.0,0.0,0.0,-2.104294538497925,0.3865657448768616,0.0,0.0,0.0,0.3865657448768616,0.0,-2.104294538497925,-0.0,-0.0,-0.0,0.9134008884429932,-0.2736172676086426,-1.9152860641479492,0.0,0.0,0.0,4.470348358154297e-08,0.0,0.6000000238418579,-1.043081283569336e-07,0.0559999942779541,0.5999999642372131,-2.9802322387695312e-08,-0.0559999942779541,0.6000000238418579,1.8268017768859863,4.172325134277344e-07,-3.8305721282958984,0.0,0.0,0.0,2.2351741790771484e-08,-4.825427026844409e-07,-1.862645149230957e-08,32.7312126159668,32.73121643066406,52.645591735839844,52.645591735839844,0.11794667690992355,0.11794667690992355,0.3882598280906677,0.3882598280906677,0.4937935173511505,0.4937935173511505,0.023084618151187897,0.023084618151187897,-1.6410667896270752,-1.6410667896270752,-0.545070230960846,-0.545070230960846,0.5516700148582458,0.5516700148582458,0.0,0.0,-0.07813388109207153,-0.07813388109207153,0.3865657448768616,0.3865657448768616,0.5500251054763794,0.5500251054763794,-0.34107425808906555,-0.34107425808906555,-0.08891429007053375,-0.08891429007053375,-74.75922393798828,-74.75922393798828,-49.560054779052734,-49.560054779052734,-34.58158493041992,-34.58158493041992,22.97194480895996,22.97194480895996,0.0,0.0,180.0
300,1.25,-5.125881642511161e-16,10.519560168692351,2.072183767793308e-13,-5.125881642511161e-16,10.519560168692351,2.072183767793308e-13,5.0,-5.0,0.0,0.0,15.0,0,0.5,0.0,0.0,3.2,3.2,3.2,10.519560813903809,10.51955795288086,10.519559860229492,10.519559860229492,0.030015669763088226,0.03074108436703682,4.811291694641113,5.064340591430664,0.13962633907794952,0.13962633907794952,0.0,0.0,nan,nan,12.874686241149902,12.874686241149902,25.749372482299805,0.0,-2.069366455078125,0.390383780002594,0.0,0.0,0.0,0.390383780002594,0.0,-2.069366455078125,0.0,0.0,0.0,0.9106646776199341,0.17901872098445892,-1.8903224468231201,0.0,0.0,0.0,0.0,-2.069366455078125,0.390383780002594,0.0,0.0,0.0,0.390383780002594,0.0,-2.069366455078125,-0.0,-0.0,-0.0,0.9106646776199341,-0.1790182739496231,-1.8903225660324097,0.0,0.0,0.0,4.470348358154297e-08,0.0,0.6000000238418579,0.0,0.05600005388259888,0.6000000238418579,-5.960464477539063e-08,-0.055999934673309326,0.6000000238418579,1.8213293552398682,4.470348358154297e-07,-3.7806448936462402,0.0,0.0,0.0,-2.2351741790771484e-07,-2.8168000199002563e-07,-9.685754776000977e-08,32.776981353759766,32.776981353759766,52.70455551147461,52.70454788208008,0.11794667690992355,0.11794667690992355,0.3882598280906677,0.3882598280906677,0.4937935173511505,0.4937935173511505,0.029628142714500427,0.029628142714500427,-1.8007855415344238,-1.8007855415344238,-0.37098217010498047,-0.37098217010498047,0.5784276127815247,0.5784276127815247,0.0,0.0,-0.07820433378219604,-0.07820433378219604,0.390383780002594,0.390383780002594,0.5500251054763794,0.5500251054763794,-0.34965524077415466,-0.34965524077415466,-0.08785582333803177,-0.08785582333803177,-75.03823852539062,-75.03823852539062,-49.766517639160156,-49.766517639160156,-34.766517639160156,-34.766517639160156,23.0,23.0,0.0,0.0,180.0
301,1.2541666666666667,0.04378024763146609,10.482666590547442,-17.698558963888114,0.04378024763146609,10.482666590547442,-17.698558963888114,5.0,-5.0,0.0,0.0,15.0,0,0.5,0.0,0.0,3.2,3.2,3.2,10.482664108276367,10.482666969299316,10.482666969299316,10.482666969299316,0.07253715395927429,0.0733136460185051,4.3620781898498535,4.631729602813721,0.1391366571187973,0.1391366571187973,0.0,0.0,nan,nan,12.51729965209961,12.51729965209961,25.03459930419922,0.0,-2.0148518085479736,0.4046951234340668,0.0,0.0,0.0,0.4046951234340668,0.0,-2.0148518085479736,0.0,0.0,0.0,0.9119084477424622,0.08628371357917786,-1.8396695852279663,0.0,0.0,0.0,0.0,-2.0148518085479736,0.4046951234340668,0.0,0.0,0.0,0.4046951234340668,0.0,-2.0148518085479736,-0.0,-0.0,-0.0,0.9119086265563965,-0.08628329634666443,-1.8396695852279663,0.0,0.0,0.0,4.470348358154297e-08,0.0,0.6000000238418579,-7.450580596923828e-08,0.05600005388259888,0.6000000238418579,1.4901161193847656e-08,-0.055999964475631714,0.6000000238418579,1.8238170146942139,4.172325134277344e-07,-3.6793391704559326,0.0,0.0,0.0,-1.7136335372924805e-07,-2.7413213388172153e-07,-8.195638656616211e-08,32.75340270996094,32.7534065246582,52.66787338256836,52.66787338256836,0.11794667690992355,0.11794667690992355,0.3882598280906677,0.3882598280906677,0.4937935173511505,0.4937935173511505,0.029628142714500427,0.029628142714500427,-1.9243860244750977,-1.9243860244750977,-0.1942918449640274,-0.1942918449640274,0.5942500829696655,0.5942500829696655,0.0,0.0,-0.07813388109207153,-0.07813388109207153,0.4046951234340668,0.4046951234340668,0.5500251054763794,0.5500251054763794,-0.3565990924835205,-0.3565990924835205,-0.0851602628827095,-0.0851602628827095,-74.80229187011719,-74.80229187011719,-49.67473220825195,-49.67473220825195,-34.653202056884766,-34.653202056884766,22.97194480895996,22.97194480895996,0.0,0.0,180.0
302,1.2583333333333333,0.08725340828186433,10.372244638055392,-35.272975253042574,0.08725340828186433,10.372244638055392,-35.272975253042574,5.0,-5.0,0.0,0.0,15.0,0,0.5,0.0,0.0,3.2,3.2,3.2,10.372241973876953,10.372245788574219,10.372244834899902,10.372244834899902,0.11453503370285034,0.11535727977752686,3.8798952102661133,4.164211750030518,0.13767102360725403,0.13767102360725403,0.0,0.0,nan,nan,11.90204906463623,11.90204906463623,23.80409812927246,0.0,-1.922234296798706,0.40977102518081665,0.0,0.0,0.0,0.40977102518081665,0.0,-1.922234296798706,0.0,0.0,0.0,0.8933185935020447,-0.001222682767547667,-1.7506791353225708,0.0,0.0,0.0,0.0,-1.922234296798706,0.40977102518081665,0.0,0.0,0.0,0.40977102518081665,0.0,-1.922234296798706,-0.0,-0.0,-0.0,0.8933185935020447,0.0012230859138071537,-1.7506791353225708,0.0,0.0,0.0,4.470348358154297e-08,0.0,0.6000000238418579,-1.1920928955078125e-07,0.05600002408027649,0.5999999642372131,0.0,-0.055999964475631714,0.6000000238418579,1.7866371870040894,4.0314625948667526e-07,-3.5013582706451416,0.0,0.0,0.0,-1.043081283569336e-07,-4.1846607246043277e-07,-5.21540641784668e-08,32.6599006652832,32.6599006652832,52.53401565551758,52.53401565551758,0.11794667690992355,0.11794667690992355,0.3882598280906677,0.3882598280906677,0.4937935173511505,0.4937935173511505,0.029628142714500427,0.029628142714500427,-2.0105960369110107,-2.0105960369110107,-0.01595245487987995,-0.01595245487987995,0.5983313322067261,0.5983313322067261,0.0,0.0,-0.07792520523071289,-0.07792520523071289,0.40977102518081665,0.40977102518081665,0.5500251054763794,0.5500251054763794,-0.3618607223033905,-0.3618607223033905,-0.08085006475448608,-0.08085006475448608,-74.05267333984375,-74.05267333984375,-49.28519821166992,-49.28519821166992,-34.242279052734375,-34.242279052734375,22.887969970703125,22.887969970703125,0.0,0.0,180.0
303,1.2625,0.1301145489646508,10.18906884187488,-52.59997696439396,0.1301145489646508,10.18906884187488,-52.59997696439396,5.0,-5.0,0.0,0.0,15.0,0,0.5,0.0,0.0,3.2,3.2,3.2,10.189065933227539,10.189068794250488,10.189068794250488,10.189068794250488,0.15572769939899445,0.15658995509147644,3.3701975345611572,3.6671864986419678,0.13523972034454346,0.13523972034454346,0.0,0.0,nan,nan,11.152164459228516,11.152164459228516,22.30432891845703,0.0,-1.8112328052520752,0.425319641828537,0.0,0.0,0.0,0.425319641828537,0.0,-1.8112328052520752,0.0,0.0,0.0,0.8791646957397461,-0.07875791192054749,-1.6377812623977661,0.0,0.0,0.0,0.0,-1.8112328052520752,0.425319641828537,0.0,0.0,0.0,0.425319641828537,0.0,-1.8112328052520752,-0.0,-0.0,-0.0,0.8791649341583252,0.07875831425189972,-1.6377812623977661,0.0,0.0,0.0,4.470348358154297e-08,0.0,0.6000000238418579,-1.1175870895385742e-07,0.05600002408027649,0.5999999642372131,-7.450580596923828e-09,-0.0559999942779541,0.6000000238418579,1.7583296298980713,4.023313522338867e-07,-3.2755625247955322,0.0,0.0,0.0,-5.960464477539063e-08,-3.940700992188795e-07,-3.725290298461914e-09,32.49432373046875,32.49433135986328,52.297916412353516,52.29792404174805,0.11794667690992355,0.11794667690992355,0.4024088680744171,0.4024088680744171,0.4796445071697235,0.4796445071697235,0.023084618151187897,0.023084618151187897,-2.0588457584381104,-2.0588457584381104,0.16305354237556458,0.16305354237556458,0.5904511213302612,0.5904511213302612,0.0,0.0,-0.07758612930774689,-0.07758612930774689,0.425319641828537,0.425319641828537,0.5500251054763794,0.5500251054763794,-0.36540380120277405,-0.36540380120277405,-0.07495608180761337,-0.07495608180761337,-72.7935791015625,-72.7935791015625,-48.6000862121582,-48.6000862121582,-33.53608703613281,-33.53608703613281,22.748666763305664,22.748666763305664,0.0,0.0,180.0
304,1.2666666666666666,0.17206302957362649,9.934424048604468,-69.55802763037214,0.17206302957362649,9.934424048604468,-69.55802763037214,5.0,-5.0,0.0,0.0,15.0,0,0.5,0.0,0.0,3.2,3.2,3.2,9.93442153930664,9.93442440032959,9.93442440032959,9.93442440032959,0.19580025970935822,0.1966966837644577,2.832411766052246,3.139897346496582,0.13185980916023254,0.13185980916023254,0.0,0.0,nan,nan,10.082258224487305,10.082258224487305,20.16451644897461,0.0,-1.6443266868591309,0.4107626676559448,0.0,0.0,0.0,0.4107626676559448,0.0,-1.6443266868591309,0.0,0.0,0.0,0.8207962512969971,-0.14032970368862152,-1.4761900901794434,0.0,0.0,0.0,0.0,-1.6443266868591309,0.4107626676559448,0.0,0.0,0.0,0.4107626676559448,0.0,-1.6443266868591309,-0.0,-0.0,-0.0,0.8207961916923523,0.14033003151416779,-1.4761900901794434,0.0,0.0,0.0,4.470348358154297e-08,0.0,0.6000000238418579,-1.043081283569336e-07,0.0559999942779541,0.5999999642372131,0.0,-0.055999964475631714,0.6000000238418579,1.6415925025939941,3.2782554626464844e-07,-2.9523801803588867,0.0,0.0,0.0,-5.21540641784668e-08,-3.348835662109195e-07,-1.1175870895385742e-08,32.253047943115234,32.25304412841797,51.95083236694336,51.950828552246094,0.11794667690992355,0.11794667690992355,0.4024088680744171,0.4024088680744171,0.4796445071697235,0.4796445071697235,0.023084618151187897,0.023084618151187897,-2.069272518157959,-2.069272518157959,0.341704398393631,0.341704398393631,0.5709775686264038,0.5709775686264038,0.0,0.0,-0.07712945342063904,-0.07712945342063904,0.4107626676559448,0.4107626676559448,0.5500251054763794,0.5500251054763794,-0.36720117926597595,-0.36720117926597595,-0.06751733273267746,-0.06751733273267746,-71.0322036743164,-71.0322036743164,-47.6233024597168,-47.6233024597168,-32.538673400878906,-32.538673400878906,22.555011749267578,22.555011749267578,0.0,0.0,180.0
305,1.2708333333333333,0.21280461165725761,9.610096408506939,-86.02817870989645,0.21280461165725761,9.610096408506939,-86.02817870989645,5.0,-5.0,0.0,0.0,15.0,0,0.5,0.0,0.0,3.2,3.2,3.2,9.610097885131836,9.610095024108887,9.610095977783203,9.610095977783203,0.23449741303920746,0.23542176187038422,2.2744338512420654,2.590254306793213,0.1275550127029419,0.1275550127029419,0.0,0.0,nan,nan,8.93236255645752,8.93236255645752,17.86472511291504,0.0,-1.4606562852859497,0.4043749272823334,0.0,0.0,0.0,0.4043749272823334,0.0,-1.4606562852859497,0.0,0.0,0.0,0.76563560962677,-0.1838270127773285,-1.2950079441070557,0.0,0.0,0.0,0.0,-1.4606562852859497,0.4043749272823334,0.0,0.0,0.0,0.4043749272823334,0.0,-1.4606562852859497,-0.0,-0.0,-0.0,0.7656355500221252,0.18382734060287476,-1.2950079441070557,0.0,0.0,0.0,4.470348358154297e-08,0.0,0.6000000238418579,-1.4901161193847656e-08,0.05600005388259888,0.5999999642372131,-8.940696716308594e-08,-0.055999964475631714,0.6000000238418579,1.53127121925354,3.2782554626464844e-07,-2.5900158882141113,0.0,0.0,0.0,-1.2665987014770508e-07,-2.9649802968378935e-07,-8.940696716308594e-08,31.930923461914062,31.930923461914062,51.480010986328125,51.480010986328125,0.11794667690992355,0.11794667690992355,0.4165618121623993,0.4165618121623993,0.46549156308174133,0.46549156308174133,0.017258400097489357,0.017258400097489357,-2.042686700820923,-2.042686700820923,0.5189313292503357,0.5189313292503357,0.540837287902832,0.540837287902832,0.0,0.0,-0.0765722244977951,-0.0765722244977951,0.4043749272823334,0.4043749272823334,0.5500251054763794,0.5500251054763794,-0.3672349750995636,-0.3672349750995636,-0.05858075991272926,-0.05858075991272926,-68.77867889404297,-68.77867889404297,-46.360450744628906,-46.360450744628906,-31.255783081054688,-31.255783081054688,22.308364868164062,22.308364868164062,0.0,0.0,180.0
306,1.275,0.25205352229001565,9.21836084694848,-101.89490392693199,0.25205352229001565,9.21836084694848,-101.89490392693199,5.0,-5.0,0.0,0.0,15.0,0,0.5,0.0,0.0,3.2,3.2,3.2,9.218358993530273,9.218360900878906,9.218360900878906,9.218360900878906,0.27154481410980225,0.2724905014038086,1.6997103691101074,2.021629571914673,0.12235549092292786,0.12235549092292786,0.0,0.0,nan,nan,7.713766574859619,7.713766574859619,15.427533149719238,0.0,-1.2570945024490356,0.3990020751953125,0.0,0.0,0.0,0.3990020751953125,0.0,-1.2570945024490356,0.0,0.0,0.0,0.7063237428665161,-0.20702169835567474,-1.0944122076034546,0.0,0.0,0.0,0.0,-1.2570945024490356,0.3990020751953125,0.0,0.0,0.0,0.3990020751953125,0.0,-1.2570945024490356,-0.0,-0.0,-0.0,0.7063238024711609,0.20702192187309265,-1.094412088394165,0.0,0.0,0.0,4.470348358154297e-08,0.0,0.6000000238418579,-7.450580596923828e-08,0.05600005388259888,0.5999999642372131,-5.21540641784668e-08,-0.055999934673309326,0.5999999642372131,1.4126474857330322,2.2351741790771484e-07,-2.18882417678833,0.0,0.0,0.0,-1.341104507446289e-07,-3.206665155630617e-07,-7.450580596923828e-08,31.52140998840332,31.52140998840332,50.868377685546875,50.86837387084961,0.11794667690992355,0.11794667690992355,0.43071863055229187,0.43071863055229187,0.45133471488952637,0.45133471488952637,0.00794259924441576,0.00794259924441576,-1.9805182218551636,-1.9805182218551636,0.6936150193214417,0.6936150193214417,0.5014570951461792,0.5014570951461792,0.0,0.0,-0.0759352296590805,-0.0759352296590805,0.3990020751953125,0.3990020751953125,0.5500251054763794,0.5500251054763794,-0.3654974102973938,-0.3654974102973938,-0.04820144921541214,-0.04820144921541214,-66.04624938964844,-66.04624938964844,-44.81893539428711,-44.81893539428711,-29.694961547851562,-29.694961547851562,22.010454177856445,22.010454177856445,0.0,0.0,180.0
307,1.2791666666666666,0.28953445856411675,8.761965107431788,-117.04690960430821,0.28953445856411675,8.761965107431788,-117.04690960430821,5.0,-5.0,0.0,0.0,15.0,0,0.5,0.0,0.0,3.2,3.2,3.2,8.761962890625,8.761963844299316,8.761964797973633,8.761964797973633,0.3066673278808594,0.30762800574302673,1.1098380088806152,1.435537338256836,0.11629774421453476,0.11629774421453476,0.0,0.0,nan,nan,6.345561981201172,6.345561981201172,12.691123962402344,0.0,-1.0125832557678223,0.3732264041900635,0.0,0.0,0.0,0.3732264041900635,0.0,-1.0125832557678223,0.0,0.0,0.0,0.6172075271606445,-0.20406323671340942,-0.8614150285720825,0.0,0.0,0.0,0.0,-1.0125832557678223,0.3732264041900635,0.0,0.0,0.0,0.3732264041900635,0.0,-1.0125832557678223,-0.0,-0.0,-0.0,0.6172074675559998,0.20406349003314972,-0.8614150285720825,0.0,0.0,0.0,4.470348358154297e-08,0.0,0.6000000238418579,-3.725290298461914e-08,0.0559999942779541,0.6000000238418579,-2.2351741790771484e-08,-0.055999964475631714,0.6000000238418579,1.234415054321289,2.5331974029541016e-07,-1.722830057144165,0.0,0.0,0.0,-2.2351741790771484e-08,-1.2836083840284118e-07,-2.2351741790771484e-08,31.016643524169922,31.016643524169922,50.093997955322266,50.093990325927734,0.11794667690992355,0.11794667690992355,0.44487857818603516,0.44487857818603516,0.43717479705810547,0.43717479705810547,0.002056337660178542,0.002056337660178542,-1.8847198486328125,-1.8847198486328125,0.8645848035812378,0.8645848035812378,0.45467689633369446,0.45467689633369446,0.0,0.0,-0.07524202764034271,-0.07524202764034271,0.3732264041900635,0.3732264041900635,0.5500251054763794,0.5500251054763794,-0.3619908094406128,-0.3619908094406128,-0.0364423431456089,-0.0364423431456089,-62.851280212402344,-62.851280212402344,-43.00796127319336,-43.00796127319336,-27.865549087524414,-27.865549087524414,21.66337013244629,21.66337013244629,0.0,0.0,180.0
308,1.2833333333333332,0.3249845186416105,8.244110478149727,-131.3779153088981,0.3249845186416105,8.244110478149727,-131.3779153088981,5.0,-5.0,0.0,0.0,15.0,0,0.5,0.0,0.0,3.2,3.2,3.2,8.244110107421875,8.244107246398926,8.244110107421875,8.244110107421875,0.3396175503730774,0.34058672189712524,0.5087685585021973,0.8358975052833557,0.10942424833774567,0.10942424833774567,0.0,0.0,nan,nan,4.864300727844238,4.864300727844238,9.728601455688477,0.0,-0.7270357608795166,0.3281308710575104,0.0,0.0,0.0,0.3281308710575104,0.0,-0.7270357608795166,0.0,0.0,0.0,0.49980002641677856,-0.1716650426387787,-0.5974796414375305,0.0,0.0,0.0,0.0,-0.7270357608795166,0.3281308710575104,0.0,0.0,0.0,0.3281308710575104,0.0,-0.7270357608795166,-0.0,-0.0,-0.0,0.49980002641677856,0.17166517674922943,-0.5974796414375305,0.0,0.0,0.0,4.470348358154297e-08,0.0,0.6000000238418579,2.2351741790771484e-08,0.05600005388259888,0.6000000238418579,-1.4901161193847656e-07,-0.055999964475631714,0.5999999642372131,0.9996000528335571,1.341104507446289e-07,-1.194959282875061,0.0,0.0,0.0,-4.470348358154297e-08,-1.5888593907220638e-07,-7.450580596923828e-08,30.40754508972168,30.40754508972168,49.12944030761719,49.12944030761719,0.11794667690992355,0.11794667690992355,0.4732013940811157,0.4732013940811157,0.4088520109653473,0.4088520109653473,0.0,0.0,-1.757659912109375,-1.757659912109375,1.030624270439148,1.030624270439148,0.40264904499053955,0.40264904499053955,0.0,0.0,-0.07451818883419037,-0.07451818883419037,0.3281308710575104,0.3281308710575104,0.5500251054763794,0.5500251054763794,-0.3567286431789398,-0.3567286431789398,-0.023374903947114944,-0.023374903947114944,-59.21332931518555,-59.21332931518555,-40.93856430053711,-40.93856430053711,-25.778715133666992,-25.778715133666992,21.269546508789062,21.269546508789062,0.0,0.0,180.0
309,1.2875,0.3581550458218906,7.668429337248602,-144.78739933249915,0.3581550458218906,7.668429337248602,-144.78739933249915,5.0,-5.0,0.0,0.0,15.0,0,0.5,0.0,0.0,3.2,3.2,3.2,7.668426990509033,7.668428897857666,7.668429374694824,7.668429851531982,0.370170533657074,0.37114134430885315,-0.09828627109527588,0.2279251217842102,0.10178322345018387,0.10178322345018387,0.0,0.0,nan,nan,3.36846923828125,3.36846923828125,6.7369384765625,0.0,-0.4114980697631836,0.2739322781562805,0.0,0.0,0.0,0.2739322781562805,0.0,-0.4114980697631836,0.0,0.0,0.0,0.3671993315219879,-0.11036916077136993,-0.3120141923427582,0.0,0.0,0.0,0.0,-0.4114980697631836,0.2739322781562805,0.0,0.0,0.0,0.2739322781562805,0.0,-0.4114980697631836,-0.0,-0.0,-0.0,0.3671993613243103,0.1103692427277565,-0.3120141327381134,0.0,0.0,0.0,4.470348358154297e-08,0.0,0.6000000238418579,-7.450580596923828e-08,0.0559999942779541,0.5999999642372131,-5.21540641784668e-08,-0.055999934673309326,0.6000000238418579,0.7343987226486206,8.195638656616211e-08,-0.6240283250808716,0.0,0.0,0.0,-2.7939677238464355e-08,-8.93027021220405e-08,-1.862645149230957e-08,29.683975219726562,29.683975219726562,47.94109344482422,47.941097259521484,0.11794667690992355,0.11794667690992355,0.5015096664428711,0.5015096664428711,0.38054367899894714,0.38054367899894714,0.0,0.0,-1.6019785404205322,-1.6019785404205322,1.1904804706573486,1.1904804706573486,0.347722589969635,0.347722589969635,0.0,0.0,-0.07379033416509628,-0.07379033416509628,0.2739322781562805,0.2739322781562805,0.5500251054763794,0.5500251054763794,-0.3497360348701477,-0.3497360348701477,-0.009078867733478546,-0.009078867733478546,-55.155208587646484,-55.155208587646484,-38.623680114746094,-38.623680114746094,-23.447521209716797,-23.447521209716797,20.831748962402344,20.831748962402344,0.0,0.0,180.0
310,1.2916666666666667,0.38881337268977273,7.038959674305604,-157.18130377938442,0.38881337268977273,7.038959674305604,-157.18130377938442,5.0,-5.0,0.0,0.0,15.0,0,0.5,0.0,0.0,3.2,3.2,3.2,7.038958549499512,7.038959980010986,7.038959980010986,7.038959980010986,0.3981183171272278,0.39908406138420105,-0.7060448527336121,-0.3830636143684387,0.09342825412750244,0.09342825412750244,0.0,0.0,nan,nan,1.9550371170043945,1.9550371170043945,3.910074234008789,0.0,-0.07755878567695618,0.21924376487731934,0.0,0.0,0.0,0.21924376487731934,0.0,-0.07755878567695618,0.0,0.0,0.0,0.23093727231025696,-0.023082848638296127,-0.014776848256587982,0.0,0.0,0.0,0.0,-0.07755878567695618,0.21924376487731934,0.0,0.0,0.0,0.21924376487731934,0.0,-0.07755878567695618,-0.0,-0.0,-0.0,0.23093727231025696,0.023082861676812172,-0.01477684173732996,0.0,0.0,0.0,4.470348358154297e-08,0.0,0.6000000238418579,-1.1920928955078125e-07,0.0559999942779541,0.5999999642372131,7.450580596923828e-08,-0.0559999942779541,0.6000000238418579,0.4618745446205139,1.30385160446167e-08,-0.029553689062595367,0.0,0.0,0.0,-1.7462298274040222e-09,-1.574666441683803e-08,4.6566128730773926e-09,28.83502769470215,28.83502769470215,46.488494873046875,46.488494873046875,0.11794667690992355,0.11794667690992355,0.5438657999038696,0.5438657999038696,0.3381875455379486,0.3381875455379486,0.0,0.0,-1.420436143875122,-1.420436143875122,1.3428773880004883,1.3428773880004883,0.29232901334762573,0.29232901334762573,0.0,0.0,-0.0730852335691452,-0.0730852335691452,0.21924376487731934,0.21924376487731934,0.5500251054763794,0.5500251054763794,-0.3410501182079315,-0.3410501182079315,0.006357371807098389,0.006357371807098389,-50.702972412109375,-50.702972412109375,-36.07811737060547,-36.07811737060547,-20.886877059936523,-20.886877059936523,20.353044509887695,20.353044509887695,0.0,0.0,180.0
311,1.2958333333333334,0.41674445311025904,6.360116766732903,-168.47269431486833,0.41674445311025904,6.360116766732903,-168.47269431486833,5.0,-5.0,0.0,0.0,15.0,0,0.5,0.0,0.0,3.2,3.2,3.2,6.360117435455322,6.360116004943848,6.360117435455322,6.360117435455322,0.42326608300209045,0.42422014474868774,-1.3100528717041016,-0.9925918579101562,0.08441796153783798,0.08441796153783798,0.0,0.0,nan,nan,0.6767458319664001,0.6767458319664001,1.3534916639328003,0.0,0.27078408002853394,0.16644757986068726,0.0,0.0,0.0,0.16644757986068726,0.0,0.27078408002853394,0.0,0.0,0.0,0.09447649866342545,0.08777827769517899,0.2905133068561554,0.0,0.0,0.0,0.0,0.27078408002853394,0.16644757986068726,0.0,0.0,0.0,0.16644757986068726,0.0,0.27078408002853394,-0.0,-0.0,-0.0,0.09447649121284485,-0.08777832984924316,0.290513277053833,0.0,0.0,0.0,4.470348358154297e-08,0.0,0.6000000238418579,7.450580596923828e-09,0.056000083684921265,0.5999999642372131,-5.21540641784668e-08,-0.055999964475631714,0.6000000238418579,0.1889529824256897,-5.21540641784668e-08,0.581026554107666,0.0,0.0,0.0,4.0978193283081055e-08,3.332963061097871e-08,-6.51925802230835e-09,27.84942054748535,27.84942054748535,44.72383499145508,44.72383499145508,0.11794667690992355,0.11794667690992355,0.5998412370681763,0.5998412370681763,0.28221216797828674,0.28221216797828674,0.0,0.0,-1.2157520055770874,-1.2157520055770874,1.4865360260009766,1.4865360260009766,0.238876610994339,0.238876610994339,0.0,0.0,-0.07242901623249054,-0.07242901623249054,0.16644757986068726,0.16644757986068726,0.5500251054763794,0.5500251054763794,-0.3307207226753235,-0.3307207226753235,0.022836556658148766,0.022836556658148766,-45.8858757019043,-45.8858757019043,-33.31854248046875,-33.31854248046875,-18.11356544494629,-18.11356544494629,19.836793899536133,19.836793899536133,0.0,0.0,180.0
312,1.3,0.4417523706226544,5.636662209779132,-178.58236994719772,0.4417523706226544,5.636662209779132,-178.58236994719772,5.0,-5.0,0.0,0.0,15.0,0,0.5,0.0,0.0,3.2,3.2,3.2,5.636661052703857,5.636661529541016,5.636662483215332,5.636662483215332,0.4454384744167328,0.4463741183280945,-1.9059172868728638,-1.5962255001068115,0.074815534055233,0.074815534055233,0.0,0.0,nan,nan,-0.41913580894470215,-0.41913580894470215,-0.8382716178894043,0.0,0.629759669303894,0.11781476438045502,0.0,0.0,0.0,0.11781476438045502,0.0,0.629759669303894,0.0,0.0,0.0,-0.03902236372232437,0.218978151679039,0.6008356213569641,0.0,0.0,0.0,0.0,0.629759669303894,0.11781476438045502,0.0,0.0,0.0,0.11781476438045502,0.0,0.629759669303894,-0.0,-0.0,-0.0,-0.03902237117290497,-0.21897825598716736,0.6008355617523193,0.0,0.0,0.0,4.470348358154297e-08,0.0,0.6000000238418579,-7.450580596923828e-08,0.05600005388259888,0.5999999642372131,-7.450580596923828e-09,-0.055999934673309326,0.6000000238418579,-0.07804473489522934,-1.043081283569336e-07,1.2016711235046387,0.0,0.0,0.0,8.940696716308594e-08,1.0528711413826386e-07,-1.0477378964424133e-08,26.71609115600586,26.71609115600586,42.59206008911133,42.592063903808594,0.11794667690992355,0.11794667690992355,0.6680206060409546,0.6680206060409546,0.21403278410434723,0.21403278410434723,0.0,0.0,-0.9904357194900513,-0.9904357194900513,1.6201953887939453,1.6201953887939453,0.1896611750125885,0.1896611750125885,0.0,0.0,-0.07184641063213348,-0.07184641063213348,0.11781476438045502,0.11781476438045502,0.5500251054763794,0.5500251054763794,-0.31881067156791687,-0.31881067156791687,0.04025277495384216,0.04025277495384216,-40.73635482788086,-40.73635482788086,-30.363475799560547,-30.363475799560547,-15.146197319030762,-15.146197319030762,19.2866153717041,19.2866153717041,0.0,0.0,180.0
313,1.3041666666666667,0.46366171265377126,4.873670517360002,-187.43941856560292,0.46366171265377126,4.873670517360002,-187.43941856560292,5.0,-5.0,0.0,0.0,15.0,0,0.5,0.0,0.0,3.2,3.2,3.2,4.873668670654297,4.8736701011657715,4.87367057800293,4.87367057800293,0.4644804298877716,0.46539121866226196,-2.489358901977539,-2.1896255016326904,0.06468833237886429,0.06468833237886429,0.0,0.0,nan,nan,-1.292433500289917,-1.292433500289917,-2.584867000579834,0.0,0.9959956407546997,0.07544393092393875,0.0,0.0,0.0,0.07544393092393875,0.0,0.9959956407546997,0.0,0.0,0.0,-0.16680161654949188,0.3666996955871582,0.9140064120292664,0.0,0.0,0.0,0.0,0.9959956407546997,0.07544393092393875,0.0,0.0,0.0,0.07544393092393875,0.0,0.9959956407546997,-0.0,-0.0,-0.0,-0.1668016016483307,-0.36669987440109253,0.9140063524246216,0.0,0.0,0.0,4.470348358154297e-08,0.0,0.6000000238418579,-1.1175870895385742e-07,0.055999964475631714,0.5999999642372131,-1.4901161193847656e-08,-0.055999964475631714,0.6000000238418579,-0.3336032032966614,-1.7881393432617188e-07,1.8280127048492432,0.0,0.0,0.0,2.60770320892334e-08,2.0742862716360833e-07,-3.632158041000366e-08,25.425172805786133,25.425172805786133,40.03216552734375,40.03216552734375,0.11794667690992355,0.11794667690992355,0.7563843131065369,0.7563843131065369,0.12566909193992615,0.12566909193992615,0.0,0.0,-0.7466413974761963,-0.7466413974761963,1.7426371574401855,1.7426371574401855,0.1468040943145752,0.1468040943145752,0.0,0.0,-0.07136015594005585,-0.07136015594005585,0.07544393092393875,0.07544393092393875,0.5500251054763794,0.5500251054763794,-0.30539602041244507,-0.30539602041244507,0.05849137529730797,0.05849137529730797,-35.289794921875,-35.289794921875,-27.233154296875,-27.233154296875,-12.005098342895508,-12.005098342895508,18.706369400024414,18.706369400024414,0.0,0.0,180.0
314,1.3083333333333333,0.4823188009111036,4.076493527988993,-194.98171433780715,0.4823188009111036,4.076493527988993,-194.98171433780715,5.0,-5.0,0.0,0.0,15.0,0,0.5,0.0,0.0,3.2,3.2,3.2,4.076492786407471,4.076493740081787,4.076493740081787,4.076493740081787,0.4802587926387787,0.4811382591724396,-3.056248664855957,-2.768594264984131,0.05410738289356232,0.05410738289356232,0.0,0.0,nan,nan,-1.9110987186431885,-1.9110987186431885,-3.822197437286377,0.0,1.3666765689849854,0.04122874140739441,0.0,0.0,0.0,0.04122874140739441,0.0,1.3666765689849854,0.0,0.0,0.0,-0.2865642309188843,0.5267929434776306,1.2287696599960327,0.0,0.0,0.0,0.0,1.3666765689849854,0.04122874140739441,0.0,0.0,0.0,0.04122874140739441,0.0,1.3666765689849854,-0.0,-0.0,-0.0,-0.2865642309188843,-0.5267933011054993,1.2287695407867432,0.0,0.0,0.0,4.470348358154297e-08,0.0,0.6000000238418579,-1.341104507446289e-07,0.05600002408027649,0.5999999046325684,2.9802322387695312e-08,-0.055999964475631714,0.6000000238418579,-0.5731284618377686,-3.5762786865234375e-07,2.4575390815734863,0.0,0.0,0.0,1.4156103134155273e-07,2.7219235221309646e-07,-7.078051567077637e-08,23.969369888305664,23.969371795654297,36.980777740478516,36.980777740478516,0.11794667690992355,0.11794667690992355,0.8524252772331238,0.8524252772331238,0.029628142714500427,0.029628142714500427,0.0,0.0,-0.4860359728336334,-0.4860359728336334,1.852712631225586,1.852712631225586,0.11221913993358612,0.11221913993358612,0.0,0.0,-0.07099039852619171,-0.07099039852619171,0.04122874140739441,0.04122874140739441,0.5500251054763794,0.5500251054763794,-0.2905657887458801,-0.2905657887458801,0.07742945849895477,0.07742945849895477,-29.58440399169922,-29.58440399169922,-23.94947624206543,-23.94947624206543,-8.712244033813477,-8.712244033813477,18.10012435913086,18.10012435913086,0.0,0.0,180.0
315,1.3125,0.4975927693256242,3.2507228654757356,-201.15635347809985,0.4975927693256242,3.2507228654757356,-201.15635347809985,5.0,-5.0,0.0,0.0,15.0,0,0.5,0.0,0.0,3.2,3.2,3.2,3.250722885131836,3.2507216930389404,3.250722885131836,3.250722885131836,0.492662638425827,0.49350470304489136,-3.6026487350463867,-3.3291125297546387,0.04314691200852394,0.04314691200852394,0.0,0.0,nan,nan,-2.251502275466919,-2.251502275466919,-4.503004550933838,0.0,1.7396504878997803,0.016857273876667023,0.0,0.0,0.0,0.016857273876667023,0.0,1.7396504878997803,0.0,0.0,0.0,-0.3964793086051941,0.6949969530105591,1.5448144674301147,0.0,0.0,0.0,0.0,1.7396504878997803,0.016857273876667023,0.0,0.0,0.0,0.016857273876667023,0.0,1.7396504878997803,-0.0,-0.0,-0.0,-0.39647915959358215,-0.6949969530105591,1.5448143482208252,0.0,0.0,0.0,4.470348358154297e-08,0.0,0.6000000238418579,2.2351741790771484e-08,0.05600005388259888,0.6000000238418579,-4.470348358154297e-08,-0.055999964475631714,0.6000000238418579,-0.7929584980010986,0.0,3.0896286964416504,0.0,0.0,0.0,1.4901161193847656e-07,1.7264646601233835e-07,8.940696716308594e-08,22.345958709716797,22.34595489501953,33.37980270385742,33.37980270385742,0.11794667690992355,0.11794667690992355,0.8820533156394958,0.8820533156394958,0.0,0.0,0.0,0.0,-0.2097177803516388,-0.2097177803516388,1.9493682384490967,1.9493682384490967,0.08761175721883774,0.08761175721883774,0.0,0.0,-0.07075448334217072,-0.07075448334217072,0.016857273876667023,0.016857273876667023,0.5500251054763794,0.5500251054763794,-0.27442190051078796,-0.27442190051078796,0.09693636000156403,0.09693636000156403,-23.660898208618164,-23.660898208618164,-20.535818099975586,-20.535818099975586,-5.291072368621826,-5.291072368621826,17.472135543823242,17.472135543823242,0.0,0.0,180.0
316,1.3166666666666667,0.5093764819832372,2.4021507177023222,-205.9200253293843,0.5093764819832372,2.4021507177023222,-205.9200253293843,5.0,-5.0,0.0,0.0,15.0,0,0.5,0.0,0.0,3.2,3.2,3.2,2.4021499156951904,2.4021503925323486,2.4021506309509277,2.4021506309509277,0.5016039609909058,0.5024028420448303,-4.124851703643799,-3.867370128631592,0.03188379481434822,0.03188379481434822,0.0,0.0,nan,nan,-2.2980763912200928,-2.2980763912200928,-4.5961527824401855,0.0,2.113485336303711,0.0038374122232198715,0.0,0.0,0.0,0.0038374122232198715,0.0,2.113485336303711,0.0,0.0,0.0,-0.4951443374156952,0.8671173453330994,1.862733006477356,0.0,0.0,0.0,0.0,2.113485336303711,0.0038374122232198715,0.0,0.0,0.0,0.0038374122232198715,0.0,2.113485336303711,-0.0,-0.0,-0.0,-0.4951443672180176,-0.8671180009841919,1.8627327680587769,0.0,0.0,0.0,4.470348358154297e-08,0.0,0.6000000238418579,-1.341104507446289e-07,0.05600002408027649,0.5999999046325684,7.450580596923828e-09,-0.055999934673309326,0.6000000238418579,-0.9902887344360352,-6.556510925292969e-07,3.725465774536133,0.0,0.0,0.0,2.8312206268310547e-07,4.615006332642224e-07,-8.009374141693115e-08,20.559574127197266,20.5595760345459,29.190431594848633,29.190431594848633,0.11794667690992355,0.11794667690992355,0.8820533156394958,0.8820533156394958,0.0,0.0,0.0,0.0,0.08181404322385788,0.08181404322385788,2.0316715240478516,2.0316715240478516,0.0745038241147995,0.0745038241147995,0.0,0.0,-0.07066641002893448,-0.07066641002893448,0.0038374122232198715,0.0038374122232198715,0.5500251054763794,0.5500251054763794,-0.2570783793926239,-0.2570783793926239,0.11687438935041428,0.11687438935041428,-17.562204360961914,-17.562204360961914,-17.016862869262695,-17.016862869262695,-1.7663218975067139,-1.7663218975067139,16.82680892944336,16.82680892944336,0.0,0.0,180.0
317,1.3208333333333333,0.5175872846062355,1.5367292085871005,-209.23931615631733,0.5175872846062355,1.5367292085871005,-209.23931615631733,5.0,-5.0,0.0,0.0,15.0,0,0.5,0.0,0.0,3.2,3.2,3.2,1.5367289781570435,1.536728858947754,1.536729335784912,1.536729335784912,0.50701904296875,0.5077692270278931,-4.619392395019531,-4.379798889160156,0.020397039130330086,0.020397039130330086,0.0,0.0,nan,nan,-2.0424132347106934,-2.0424132347106934,-4.084826469421387,0.0,2.487452983856201,0.0035385126248002052,0.0,0.0,0.0,0.0035385126248002052,0.0,2.487452983856201,0.0,0.0,0.0,-0.581512987613678,1.0391387939453125,2.1839113235473633,0.0,0.0,0.0,0.0,2.487452983856201,0.0035385126248002052,0.0,0.0,0.0,0.0035385126248002052,0.0,2.487452983856201,-0.0,-0.0,-0.0,-0.5815131068229675,-1.0391391515731812,2.183911085128784,0.0,0.0,0.0,4.470348358154297e-08,0.0,0.6000000238418579,-1.043081283569336e-07,0.05600002408027649,0.5999999642372131,-1.1920928955078125e-07,-0.055999964475631714,0.5999999642372131,-1.1630260944366455,-3.5762786865234375e-07,4.367822647094727,0.0,0.0,0.0,1.4156103134155273e-07,7.527207799284952e-07,4.0978193283081055e-08,18.62598419189453,18.625988006591797,24.416597366333008,24.416616439819336,0.11794667690992355,0.11794667690992355,0.8820533156394958,0.8820533156394958,0.0,0.0,0.0,0.0,0.3886198103427887,0.3886198103427887,2.0988330841064453,2.0988330841064453,0.07427530735731125,0.07427530735731125,0.0,0.0,-0.07073679566383362,-0.07073679566383362,0.0035385126248002052,0.0035385126248002052,0.5500251054763794,0.5500251054763794,-0.2386607527732849,-0.2386607527732849,0.13709986209869385,0.13709986209869385,-11.333057403564453,-11.333057403564453,-13.418386459350586,-13.418386459350586,1.8361934423446655,1.8361934423446655,16.168664932250977,16.168664932250977,0.0,0.0,180.0
318,1.325,0.5221675843136716,0.66052864821209,-211.09094351865494,0.5221675843136716,0.66052864821209,-211.09094351865494,5.0,-5.0,0.0,0.0,15.0,0,0.5,0.0,0.0,3.2,3.2,3.2,0.6605283617973328,0.6605286598205566,0.6605286598205566,0.6605286598205566,0.5088680982589722,0.509564220905304,-5.083067893981934,-4.86307430267334,0.008767210878431797,0.008767210878431797,0.0,0.0,nan,nan,-1.482092261314392,-1.482092261314392,-2.964184522628784,0.0,2.861435890197754,0.017234567552804947,0.0,0.0,0.0,0.017234567552804947,0.0,2.861435890197754,0.0,0.0,0.0,-0.6548027396202087,1.207265853881836,2.5103495121002197,0.0,0.0,0.0,0.0,2.861435890197754,0.017234567552804947,0.0,0.0,0.0,0.017234567552804947,0.0,2.861435890197754,-0.0,-0.0,-0.0,-0.654802680015564,-1.2072665691375732,2.5103492736816406,0.0,0.0,0.0,4.470348358154297e-08,0.0,0.6000000238418579,-7.450580596923828e-08,0.05600002408027649,0.5999999642372131,7.450580596923828e-09,-0.055999964475631714,0.6000000238418579,-1.309605360031128,-7.152557373046875e-07,5.020698547363281,0.0,0.0,0.0,2.2351741790771484e-07,4.3180406805731764e-07,-5.960464477539063e-08,16.577594757080078,16.577594757080078,19.143943786621094,19.143943786621094,0.11794667690992355,0.11794667690992355,0.8820533156394958,0.8820533156394958,0.0,0.0,0.0,0.0,0.7112100124359131,0.7112100124359131,2.150225877761841,2.150225877761841,0.08820714801549911,0.08820714801549911,0.0,0.0,-0.07097258418798447,-0.07097258418798447,0.017234567552804947,0.017234567552804947,0.5500251054763794,0.5500251054763794,-0.2193046510219574,-0.2193046510219574,0.1574644297361374,0.1574644297361374,-5.019560813903809,-5.019560813903809,-9.766992568969727,-9.766992568969727,5.489840507507324,5.489840507507324,15.502325057983398,15.502325057983398,0.0,0.0,180.0
319,1.3291666666666666,0.5230852535940391,-0.2203050460409866,-211.46191958084287,0.5230852535940391,-0.2203050460409866,-211.46191958084287,5.0,-5.0,0.0,0.0,15.0,0,0.5,0.0,0.0,3.2,3.2,3.2,0.22030499577522278,0.22030504047870636,0.22030505537986755,0.22030505537986755,0.5071364045143127,0.507773756980896,-5.512950420379639,-5.314133644104004,-0.0029241135343909264,-0.0029241135343909264,0.0,0.0,nan,nan,-0.6195358633995056,-0.6195358633995056,-1.2390717267990112,0.0,3.2357661724090576,0.04613184928894043,0.0,0.0,0.0,0.04613184928894043,0.0,3.2357661724090576,0.0,0.0,0.0,-0.7144038677215576,1.3678911924362183,2.844435214996338,0.0,0.0,0.0,0.0,3.2357661724090576,0.04613184928894043,0.0,0.0,0.0,0.04613184928894043,0.0,3.2357661724090576,-0.0,-0.0,-0.0,-0.7144038081169128,-1.3678922653198242,2.844434976577759,0.0,0.0,0.0,4.470348358154297e-08,0.0,0.6000000238418579,-8.940696716308594e-08,0.05600002408027649,0.5999999642372131,1.4901161193847656e-08,-0.055999964475631714,0.6000000238418579,-1.4288077354431152,-1.0728836059570312e-06,5.688870429992676,0.0,0.0,0.0,2.682209014892578e-07,5.088210173198604e-07,-9.685754776000977e-08,14.4735689163208,14.473566055297852,15.14228343963623,15.14228343963623,0.8820533156394958,0.8820533156394958,0.11794667690992355,0.11794667690992355,0.0,0.0,0.0,0.0,1.0503664016723633,1.0503664016723633,2.1853995323181152,2.1853995323181152,0.11750885844230652,0.11750885844230652,0.0,0.0,-0.07137700915336609,-0.07137700915336609,0.04613184928894043,0.04613184928894043,0.5500251054763794,0.5500251054763794,-0.19915473461151123,-0.19915473461151123,0.17781640589237213,0.17781640589237213,1.3312814235687256,1.3312814235687256,-6.089845657348633,-6.089845657348633,9.167438507080078,9.167438507080078,14.8324613571167,14.8324613571167,0.0,0.0,180.0
320,1.3333333333333333,0.5203338556566808,-1.0995934586850056,-210.3496422123508,0.5203338556566808,-1.0995934586850056,-210.3496422123508,5.0,-5.0,0.0,0.0,15.0,0,0.5,0.0,0.0,3.2,3.2,3.2,1.0995932817459106,1.0995932817459106,1.0995935201644897,1.0995935201644897,0.5018335580825806,0.5024077296257019,-5.906364440917969,-5.730165958404541,-0.014594926498830318,-0.014594926498830318,0.0,0.0,nan,nan,0.5388026237487793,0.5388026237487793,1.0776052474975586,0.0,3.6110057830810547,0.09136626124382019,0.0,0.0,0.0,0.09136626124382019,0.0,3.6110057830810547,0.0,0.0,0.0,-0.7598087787628174,1.517511010169983,3.1886613368988037,0.0,0.0,0.0,0.0,3.6110057830810547,0.09136626124382019,0.0,0.0,0.0,0.09136626124382019,0.0,3.6110057830810547,-0.0,-0.0,-0.0,-0.7598087787628174,-1.5175114870071411,3.1886610984802246,0.0,0.0,0.0,4.470348358154297e-08,0.0,0.6000000238418579,-3.725290298461914e-08,0.05600002408027649,0.5999999642372131,-1.4901161193847656e-08,-0.055999964475631714,0.6000000238418579,-1.5196175575256348,-4.76837158203125e-07,6.377322196960449,0.0,0.0,0.0,2.980232238769531e-07,4.9667835355649e-07,1.1175870895385742e-08,12.42917251586914,12.429173469543457,15.713781356811523,15.713781356811523,0.8820533156394958,0.8820533156394958,0.11794667690992355,0.11794667690992355,0.0,0.0,0.0,0.0,1.406916618347168,1.406916618347168,2.2040891647338867,2.2040891647338867,0.16331566870212555,0.16331566870212555,0.0,0.0,-0.07194940745830536,-0.07194940745830536,0.09136626124382019,0.09136626124382019,0.5500251054763794,0.5500251054763794,-0.17836284637451172,-0.17836284637451172,0.19800248742103577,0.19800248742103577,7.672070026397705,7.672070026397705,-2.4143877029418945,-2.4143877029418945,12.841543197631836,12.841543197631836,14.163772583007812,14.163772583007812,0.0,0.0,180.0
321,1.3375,0.5139326895812503,-1.9711690132731596,-207.76191323974854,0.5139326895812503,-1.9711690132731596,-207.76191323974854,5.0,-5.0,0.0,0.0,15.0,0,0.5,0.0,0.0,3.2,3.2,3.2,1.9711685180664062,1.9711686372756958,1.9711689949035645,1.9711689949035645,0.49299490451812744,0.4935021698474884,-6.260899543762207,-6.108605861663818,-0.026163367554545403,-0.026163367554545403,0.0,0.0,nan,nan,1.9827196598052979,1.9827196598052979,3.9654393196105957,0.0,3.987701416015625,0.15396104753017426,0.0,0.0,0.0,0.15396104753017426,0.0,3.987701416015625,0.0,0.0,0.0,-0.7905728220939636,1.65261971950531,3.5453221797943115,0.0,0.0,0.0,0.0,3.987701416015625,0.15396104753017426,0.0,0.0,0.0,0.15396104753017426,0.0,3.987701416015625,-0.0,-0.0,-0.0,-0.7905726432800293,-1.6526206731796265,3.5453217029571533,0.0,0.0,0.0,4.470348358154297e-08,0.0,0.6000000238418579,-1.4901161193847656e-07,0.05600002408027649,0.5999999642372131,-1.4901161193847656e-08,-0.0559999942779541,0.6000000238418579,-1.5811455249786377,-9.5367431640625e-07,7.090643882751465,0.0,0.0,0.0,2.384185791015625e-07,9.452218705519044e-07,-1.8998980522155762e-07,10.723983764648438,10.723981857299805,16.287385940551758,16.28736114501953,0.8820533156394958,0.8820533156394958,0.11794667690992355,0.11794667690992355,0.0,0.0,0.0,0.0,1.7814826965332031,1.7814826965332031,2.2062184810638428,2.2062184810638428,0.22664621472358704,0.22664621472358704,0.0,0.0,-0.07268518209457397,-0.07268518209457397,0.15396104753017426,0.15396104753017426,0.5500251054763794,0.5500251054763794,-0.15708649158477783,-0.15708649158477783,0.21786943078041077,0.21786943078041077,13.955520629882812,13.955520629882812,1.2319629192352295,1.2319629192352295,16.484745025634766,16.484745025634766,13.50094985961914,13.50094985961914,0.0,0.0,180.0
322,1.3416666666666666,0.5039266549485351,-2.828918233516221,-203.716883722498,0.5039266549485351,-2.828918233516221,-203.716883722498,5.0,-5.0,0.0,0.0,15.0,0,0.5,0.0,0.0,3.2,3.2,3.2,2.8289177417755127,2.828918218612671,2.828917980194092,2.828917980194092,0.48068034648895264,0.48111703991889954,-6.5743865966796875,-6.447120666503906,-0.03754828870296478,-0.03754828870296478,0.0,0.0,nan,nan,3.69795560836792,3.69795560836792,7.39591121673584,0.0,4.366135120391846,0.2347445785999298,0.0,0.0,0.0,0.2347445785999298,0.0,4.366135120391846,0.0,0.0,0.0,-0.8063147664070129,1.769605040550232,3.916196584701538,0.0,0.0,0.0,0.0,4.366135120391846,0.2347445785999298,0.0,0.0,0.0,0.2347445785999298,0.0,4.366135120391846,-0.0,-0.0,-0.0,-0.8063149452209473,-1.7696057558059692,3.916196346282959,0.0,0.0,0.0,4.470348358154297e-08,0.0,0.6000000238418579,-4.470348358154297e-08,0.0559999942779541,0.5999999642372131,-2.2351741790771484e-08,-0.055999934673309326,0.6000000238418579,-1.6126296520233154,-7.152557373046875e-07,7.832392692565918,0.0,0.0,0.0,3.5762786865234375e-07,6.607967861782527e-07,0.0,9.860907554626465,9.860910415649414,16.860544204711914,16.860544204711914,0.8820533156394958,0.8820533156394958,0.11794667690992355,0.11794667690992355,0.0,0.0,0.0,0.0,2.174238920211792,2.174238920211792,2.1918957233428955,2.1918957233428955,0.3083202838897705,0.3083202838897705,0.0,0.0,-0.0735757052898407,-0.0735757052898407,0.2347445785999298,0.2347445785999298,0.5500251054763794,0.5500251054763794,-0.1354868859052658,-0.1354868859052658,0.2372659295797348,0.2372659295797348,20.134971618652344,20.134971618652344,4.822103500366211,4.822103500366211,20.069965362548828,20.069965362548828,12.848642349243164,12.848642349243164,0.0,0.0,180.0
323,1.3458333333333332,0.4903859369021583,-3.6668246249260767,-198.24292663631337,0.4903859369021583,-3.6668246249260767,-198.24292663631337,5.0,-5.0,0.0,0.0,15.0,0,0.5,0.0,0.0,3.2,3.2,3.2,3.6668245792388916,3.666822910308838,3.6668243408203125,3.6668245792388916,0.464974582195282,0.46533799171447754,-6.844898700714111,-6.743621826171875,-0.04866983741521835,-0.04866983741521835,0.0,0.0,nan,nan,5.665409088134766,5.665409088134766,11.330818176269531,0.0,4.7461090087890625,0.33423638343811035,0.0,0.0,0.0,0.33423638343811035,0.0,4.7461090087890625,0.0,0.0,0.0,-0.8067562580108643,1.8646842241287231,4.302250862121582,0.0,0.0,0.0,0.0,4.7461090087890625,0.33423638343811035,0.0,0.0,0.0,0.33423638343811035,0.0,4.7461090087890625,-0.0,-0.0,-0.0,-0.8067558407783508,-1.8646845817565918,4.302250385284424,0.0,0.0,0.0,4.470348358154297e-08,0.0,0.6000000238418579,1.4901161193847656e-08,0.05600005388259888,0.6000000238418579,-3.725290298461914e-08,-0.055999934673309326,0.6000000238418579,-1.6135120391845703,-3.5762786865234375e-07,8.604501724243164,0.0,0.0,0.0,5.364418029785156e-07,4.808139237866271e-07,2.1606683731079102e-07,9.915624618530273,9.91562557220459,17.430112838745117,17.430112838745117,0.8820533156394958,0.8820533156394958,0.11794667690992355,0.11794667690992355,0.0,0.0,0.0,0.0,2.5847015380859375,2.5847015380859375,2.161406993865967,2.161406993865967,0.40884464979171753,0.40884464979171753,0.0,0.0,-0.07460828870534897,-0.07460828870534897,0.33423638343811035,0.33423638343811035,0.5500251054763794,0.5500251054763794,-0.1137271523475647,-0.1137271523475647,0.25604432821273804,0.25604432821273804,26.164875030517578,26.164875030517578,8.329535484313965,8.329535484313965,23.570735931396484,23.570735931396484,12.211423873901367,12.211423873901367,0.0,0.0,180.0
324,1.35,0.47340551385022106,-4.479010876202002,-191.37843785712067,0.47340551385022106,-4.479010876202002,-191.37843785712067,5.0,-5.0,0.0,0.0,15.0,0,0.5,0.0,0.0,3.2,3.2,3.2,4.479009628295898,4.479009628295898,4.479011535644531,4.479011058807373,0.44598644971847534,0.446274071931839,-7.070744514465332,-6.996225357055664,-0.05945000424981117,-0.05945000424981117,0.0,0.0,nan,nan,7.860108375549316,7.860108375549316,15.720216751098633,0.0,5.126777648925781,0.45251691341400146,0.0,0.0,0.0,0.45251691341400146,0.0,5.126777648925781,0.0,0.0,0.0,-0.7917836308479309,1.9339008331298828,4.703373908996582,0.0,0.0,0.0,0.0,5.126777648925781,0.45251691341400146,0.0,0.0,0.0,0.45251691341400146,0.0,5.126777648925781,-0.0,-0.0,-0.0,-0.791783332824707,-1.9339021444320679,4.703373908996582,0.0,0.0,0.0,4.470348358154297e-08,0.0,0.6000000238418579,-1.4156103134155273e-07,0.05600002408027649,0.5999999642372131,-9.685754776000977e-08,-0.055999934673309326,0.6000000238418579,-1.5835669040679932,-1.3113021850585938e-06,9.406747817993164,0.0,0.0,0.0,5.364418029785156e-07,1.5890800568740815e-06,0.0,10.541055679321289,10.541057586669922,18.992504119873047,18.992504119873047,0.8289155960083008,0.8289155960083008,0.1710844784975052,0.1710844784975052,0.0,0.0,0.0,0.0,3.011575937271118,3.011575937271118,2.115201950073242,2.115201950073242,0.5282832384109497,0.5282832384109497,0.0,0.0,-0.07576628774404526,-0.07576628774404526,0.45251691341400146,0.45251691341400146,0.5500251054763794,0.5500251054763794,-0.09197031706571579,-0.09197031706571579,0.2740624248981476,0.2740624248981476,32.00127029418945,32.00127029418945,11.728643417358398,11.728643417358398,26.96149253845215,26.96149253845215,11.593766212463379,11.593766212463379,0.0,0.0,180.0
325,1.3541666666666667,0.4531044912600183,-5.259780084346176,-183.17156684157874,0.4531044912600183,-5.259780084346176,-183.17156684157874,5.0,-5.0,0.0,0.0,15.0,0,0.5,0.0,0.0,3.2,3.2,3.2,5.25977897644043,5.259779453277588,5.259780406951904,5.259780406951904,0.4238588809967041,0.424068808555603,-7.2487897872924805,-7.201590061187744,-0.06981316953897476,-0.06981316953897476,0.0,0.0,nan,nan,10.198176383972168,10.198176383972168,20.396352767944336,0.0,5.491161823272705,0.5754849910736084,0.0,0.0,0.0,0.5754849910736084,0.0,5.491161823272705,0.0,0.0,0.0,-0.770959198474884,1.9676939249038696,5.10076904296875,0.0,0.0,0.0,0.0,5.491161823272705,0.5754849910736084,0.0,0.0,0.0,0.5754849910736084,0.0,5.491161823272705,-0.0,-0.0,-0.0,-0.770959198474884,-1.9676947593688965,5.100768566131592,0.0,0.0,0.0,4.470348358154297e-08,0.0,0.6000000238418579,-9.685754776000977e-08,0.05600002408027649,0.5999999642372131,-8.940696716308594e-08,-0.055999934673309326,0.6000000238418579,-1.541918396949768,-8.344650268554688e-07,10.2015380859375,0.0,0.0,0.0,5.960464477539062e-07,1.4520892364089377e-06,5.587935447692871e-08,11.446121215820312,11.446121215820312,23.393863677978516,23.393863677978516,0.7445049285888672,0.7445049285888672,0.2554951012134552,0.2554951012134552,0.0,0.0,0.004546067211776972,0.004546067211776972,3.4526617527008057,3.4526617527008057,2.0538744926452637,2.0538744926452637,0.6661278605461121,0.6661278605461121,0.0,0.0,-0.0770290344953537,-0.0770290344953537,0.5754849910736084,0.5754849910736084,0.5500251054763794,0.5500251054763794,-0.07037768512964249,-0.07037768512964249,0.2911852300167084,0.2911852300167084,37.60215759277344,37.60215759277344,14.994908332824707,14.994908332824707,30.217771530151367,30.217771530151367,11.000000953674316,11.000000953674316,0.0,0.0,180.0
326,1.3583333333333334,0.4296252662187544,-6.00365571434544,-173.67987889323237,0.4296252662187544,-6.00365571434544,-173.67987889323237,5.0,-5.0,0.0,0.0,15.0,0,0.5,0.0,0.0,3.2,3.2,3.2,6.003655910491943,6.003654479980469,6.003655910491943,6.003655910491943,0.3987651467323303,0.398895800113678,-7.374887943267822,-7.355319023132324,-0.07968664914369583,-0.07968664914369583,0.0,0.0,nan,nan,12.525253295898438,12.525253295898438,25.050506591796875,0.0,5.809873104095459,0.6725378036499023,0.0,0.0,0.0,0.6725378036499023,0.0,5.809873104095459,0.0,0.0,0.0,-0.7664875984191895,1.9539835453033447,5.459063529968262,0.0,0.0,0.0,0.0,5.809873104095459,0.6725378036499023,0.0,0.0,0.0,0.6725378036499023,0.0,5.809873104095459,-0.0,-0.0,-0.0,-0.766487181186676,-1.9539846181869507,5.459063529968262,0.0,0.0,0.0,4.470348358154297e-08,0.0,0.6000000238418579,-2.9802322387695312e-08,0.05600005388259888,0.5999999642372131,-8.940696716308594e-08,-0.05599987506866455,0.6000000238418579,-1.5329747200012207,-1.0728836059570312e-06,10.918127059936523,0.0,0.0,0.0,1.0728836059570312e-06,1.1845356766571058e-06,2.7567148208618164e-07,12.45530891418457,12.45531177520752,27.2468204498291,27.2468204498291,0.6546194553375244,0.6546194553375244,0.34538063406944275,0.34538063406944275,0.0,0.0,0.023084618151187897,0.023084618151187897,3.904836654663086,3.904836654663086,1.978142261505127,1.978142261505127,0.8211922645568848,0.8211922645568848,0.0,0.0,-0.07837232202291489,-0.07837232202291489,0.6725378036499023,0.6725378036499023,0.5500251054763794,0.5500251054763794,-0.04910697415471077,-0.04910697415471077,0.3072863221168518,0.3072863221168518,42.92790222167969,42.92790222167969,18.10515785217285,18.10515785217285,33.31647491455078,33.31647491455078,10.43429183959961,10.43429183959961,0.0,0.0,180.0
327,1.3625,0.4031325286202928,-6.70542001312928,-162.96995138327034,0.4031325286202928,-6.70542001312928,-162.96995138327034,5.0,-5.0,0.0,0.0,15.0,0,0.5,0.0,0.0,3.2,3.2,3.2,6.705420017242432,6.705419063568115,6.70542049407959,6.70542049407959,0.370892196893692,0.3709426820278168,-7.446378231048584,-7.454519271850586,-0.08900117874145508,-0.08900117874145508,0.0,0.0,nan,nan,14.70762825012207,14.70762825012207,29.41525650024414,0.0,6.064223289489746,0.7192525863647461,0.0,0.0,0.0,0.7192525863647461,0.0,6.064223289489746,0.0,0.0,0.0,-0.7968243956565857,1.8875319957733154,5.752775192260742,0.0,0.0,0.0,0.0,6.064223289489746,0.7192525863647461,0.0,0.0,0.0,0.7192525863647461,0.0,6.064223289489746,-0.0,-0.0,-0.0,-0.7968242764472961,-1.8875333070755005,5.752774715423584,0.0,0.0,0.0,4.470348358154297e-08,0.0,0.6000000238418579,-6.705522537231445e-08,0.05600005388259888,0.5999999642372131,-2.9802322387695312e-08,-0.055999964475631714,0.6000000238418579,-1.5936486721038818,-1.3113021850585938e-06,11.505550384521484,0.0,0.0,0.0,6.556510925292969e-07,1.1190322766196914e-06,7.450580596923828e-09,13.467970848083496,13.467973709106445,30.544343948364258,30.544349670410156,0.5998412370681763,0.5998412370681763,0.4001588523387909,0.4001588523387909,0.0,0.0,0.06213124841451645,0.06213124841451645,4.364091396331787,4.364091396331787,1.8888245820999146,1.8888245820999146,0.9915393590927124,0.9915393590927124,0.0,0.0,-0.0797685831785202,-0.0797685831785202,0.7192525863647461,0.7192525863647461,0.5500251054763794,0.5500251054763794,-0.02831096760928631,-0.02831096760928631,0.32224926352500916,0.32224926352500916,47.9415168762207,47.9415168762207,21.037723541259766,21.037723541259766,36.23600769042969,36.23600769042969,9.900609016418457,9.900609016418457,0.0,0.0,180.0
328,1.3666666666666667,0.3738121059838832,-7.360150608358622,-151.11690675810365,0.3738121059838832,-7.360150608358622,-151.11690675810365,5.0,-5.0,0.0,0.0,15.0,0,0.5,0.0,0.0,3.2,3.2,3.2,7.360148906707764,7.360150337219238,7.3601508140563965,7.3601508140563965,0.34042537212371826,0.3403951823711395,-7.4644246101379395,-7.500189781188965,-0.09769143164157867,-0.09769143164157867,0.0,0.0,nan,nan,16.74785614013672,16.74785614013672,33.49571228027344,0.0,6.267640113830566,0.7224792242050171,0.0,0.0,0.0,0.7224792242050171,0.0,6.267640113830566,0.0,0.0,0.0,-0.8578804135322571,1.7753887176513672,5.993106365203857,0.0,0.0,0.0,0.0,6.267640113830566,0.7224792242050171,0.0,0.0,0.0,0.7224792242050171,0.0,6.267640113830566,-0.0,-0.0,-0.0,-0.8578802347183228,-1.7753901481628418,5.993105888366699,0.0,0.0,0.0,4.470348358154297e-08,0.0,0.6000000238418579,-2.9802322387695312e-08,0.05600002408027649,0.5999999642372131,1.4901161193847656e-08,-0.055999964475631714,0.6000000238418579,-1.7157607078552246,-1.430511474609375e-06,11.986211776733398,0.0,0.0,0.0,4.76837158203125e-07,6.762633120160899e-07,-1.862645149230957e-08,14.427506446838379,14.427509307861328,33.324405670166016,33.324405670166016,0.557930588722229,0.557930588722229,0.4420694410800934,0.4420694410800934,0.0,0.0,0.11410718411207199,0.11410718411207199,4.825621604919434,4.825621604919434,1.7868167161941528,1.7868167161941528,1.1744575500488281,1.1744575500488281,0.0,0.0,-0.0811874270439148,-0.0811874270439148,0.7224792242050171,0.7224792242050171,0.5500251054763794,0.5500251054763794,-0.00813613086938858,-0.00813613086938858,0.33596837520599365,0.33596837520599365,52.6088752746582,52.6088752746582,23.77259063720703,23.77259063720703,38.956451416015625,38.956451416015625,9.402693748474121,9.402693748474121,0.0,0.0,180.0
329,1.3708333333333333,0.341869660007623,-7.9632550353312705,-138.20388560937607,0.341869660007623,-7.9632550353312705,-138.20388560937607,5.0,-5.0,0.0,0.0,15.0,0,0.5,0.0,0.0,3.2,3.2,3.2,7.963255405426025,7.963255882263184,7.963254928588867,7.963254928588867,0.30757272243499756,0.30746200680732727,-7.429779052734375,-7.49291467666626,-0.10569644719362259,-0.10569644719362259,0.0,0.0,nan,nan,18.644290924072266,18.644290924072266,37.28858184814453,0.0,6.426783561706543,0.6856058835983276,0.0,0.0,0.0,0.6856058835983276,0.0,6.426783561706543,0.0,0.0,0.0,-0.9472333788871765,1.622696876525879,6.184109210968018,0.0,0.0,0.0,0.0,6.426783561706543,0.6856058835983276,0.0,0.0,0.0,0.6856058835983276,0.0,6.426783561706543,-0.0,-0.0,-0.0,-0.9472336173057556,-1.6226974725723267,6.184109210968018,0.0,0.0,0.0,4.470348358154297e-08,0.0,0.6000000238418579,-2.2351741790771484e-08,0.05600005388259888,0.5999999642372131,7.450580596923828e-09,-0.0559999942779541,0.6000000238418579,-1.8944669961929321,-5.960464477539062e-07,12.368218421936035,0.0,0.0,0.0,4.76837158203125e-07,7.015123628661968e-07,-3.725290298461914e-09,15.303487777709961,15.303488731384277,35.64192581176758,35.64192581176758,0.5156482458114624,0.5156482458114624,0.4822954833507538,0.4822954833507538,0.002056337660178542,0.002056337660178542,0.17482061684131622,0.17482061684131622,5.283967971801758,5.283967971801758,1.6730680465698242,1.6730680465698242,1.3664886951446533,1.3664886951446533,0.0,0.0,-0.08259645849466324,-0.08259645849466324,0.6856058835983276,0.6856058835983276,0.5500251054763794,0.5500251054763794,0.011278410442173481,0.011278410442173481,0.3483498692512512,0.3483498692512512,56.898929595947266,56.898929595947266,26.291492462158203,26.291492462158203,41.45964431762695,41.45964431762695,8.944040298461914,8.944040298461914,0.0,0.0,180.0
330,1.375,0.3075292439994224,-8.510502949821895,-124.32146350245407,0.3075292439994224,-8.510502949821895,-124.32146350245407,5.0,-5.0,0.0,0.0,15.0,0,0.5,0.0,0.0,3.2,3.2,3.2,8.51050090789795,8.51050090789795,8.510502815246582,8.510502815246582,0.27250900864601135,0.2723190188407898,-7.351630210876465,-7.441864967346191,-0.112960085272789,-0.112960085272789,0.0,0.0,nan,nan,20.681827545166016,20.681827545166016,41.36365509033203,0.0,6.622849464416504,0.6797236800193787,0.0,0.0,0.0,0.6797236800193787,0.0,6.622849464416504,0.0,0.0,0.0,-1.01589834690094,1.4511958360671997,6.417643070220947,0.0,0.0,0.0,0.0,6.622849464416504,0.6797236800193787,0.0,0.0,0.0,0.6797236800193787,0.0,6.622849464416504,-0.0,-0.0,-0.0,-1.01589834690094,-1.4511969089508057,6.417642593383789,0.0,0.0,0.0,4.470348358154297e-08,0.0,0.6000000238418579,-1.043081283569336e-07,0.05600002408027649,0.5999999642372131,0.0,-0.055999934673309326,0.6000000238418579,-2.03179669380188,-1.0728836059570312e-06,12.835285186767578,0.0,0.0,0.0,6.854534149169922e-07,1.3037465578236151e-06,-6.332993507385254e-08,16.081235885620117,16.081235885620117,37.554847717285156,37.554847717285156,0.4873591661453247,0.4873591661453247,0.49538251757621765,0.49538251757621765,0.017258400097489357,0.017258400097489357,0.21403278410434723,0.21403278410434723,5.733179092407227,5.733179092407227,1.5485601425170898,1.5485601425170898,1.5635099411010742,1.5635099411010742,0.0,0.0,-0.08396197110414505,-0.08396197110414505,0.6797236800193787,0.6797236800193787,0.5500251054763794,0.5500251054763794,0.02980169467628002,0.02980169467628002,0.35931217670440674,0.35931217670440674,60.78380584716797,60.78380584716797,28.57801055908203,28.57801055908203,43.729270935058594,43.729270935058594,8.527864456176758,8.527864456176758,0.0,0.0,180.0
331,1.3791666666666667,0.2710317313040229,-8.998055800907453,-109.56701565391064,0.2710317313040229,-8.998055800907453,-109.56701565391064,5.0,-5.0,0.0,0.0,15.0,0,0.5,0.0,0.0,3.2,3.2,3.2,8.998055458068848,8.998055458068848,8.998055458068848,8.998055458068848,0.23552395403385162,0.23525603115558624,-7.223499298095703,-7.340230464935303,-0.11943138390779495,-0.11943138390779495,0.0,0.0,nan,nan,22.578086853027344,22.578086853027344,45.15617370605469,0.0,6.789646148681641,0.6541298031806946,0.0,0.0,0.0,0.6541298031806946,0.0,6.789646148681641,0.0,0.0,0.0,-1.0956493616104126,1.245023250579834,6.616392612457275,0.0,0.0,0.0,0.0,6.789646148681641,0.6541298031806946,0.0,0.0,0.0,0.6541298031806946,0.0,6.789646148681641,-0.0,-0.0,-0.0,-1.0956496000289917,-1.24502432346344,6.616392135620117,0.0,0.0,0.0,4.470348358154297e-08,0.0,0.6000000238418579,-7.450580596923828e-09,0.05600002408027649,0.6000000238418579,4.470348358154297e-08,-0.0559999942779541,0.6000000238418579,-2.1912989616394043,-1.0728836059570312e-06,13.232784271240234,0.0,0.0,0.0,2.384185791015625e-07,3.450717542818893e-07,-4.470348358154297e-08,16.755664825439453,16.755666732788086,39.11737823486328,39.11737060546875,0.45904016494750977,0.45904016494750977,0.5041139721870422,0.5041139721870422,0.036845918744802475,0.036845918744802475,0.2546203136444092,0.2546203136444092,6.167004108428955,6.167004108428955,1.414288878440857,1.414288878440857,1.760864019393921,1.760864019393921,0.0,0.0,-0.08524999022483826,-0.08524999022483826,0.6541298031806946,0.6541298031806946,0.5500251054763794,0.5500251054763794,0.04731156304478645,0.04731156304478645,0.36878615617752075,0.36878615617752075,64.23880767822266,64.23880767822266,30.617563247680664,30.617563247680664,45.75087356567383,45.75087356567383,8.157086372375488,8.157086372375488,0.0,0.0,180.0
332,1.3833333333333333,0.23263312574955444,-9.422493755643837,-94.04403391434656,0.23263312574955444,-9.422493755643837,-94.04403391434656,5.0,-5.0,0.0,0.0,15.0,0,0.5,0.0,0.0,3.2,3.2,3.2,9.422493934631348,9.422493934631348,9.422493934631348,9.422493934631348,0.19685250520706177,0.19650885462760925,-7.050210952758789,-7.19273042678833,-0.12506495416164398,-0.12506495416164398,0.0,0.0,nan,nan,24.42749786376953,24.42749786376953,48.85499572753906,0.0,6.962028980255127,0.6466535925865173,0.0,0.0,0.0,0.6466535925865173,0.0,6.962028980255127,0.0,0.0,0.0,-1.158109426498413,1.0129553079605103,6.8206095695495605,0.0,0.0,0.0,0.0,6.962028980255127,0.6466535925865173,0.0,0.0,0.0,0.6466535925865173,0.0,6.962028980255127,-0.0,-0.0,-0.0,-1.158109188079834,-1.012956976890564,6.8206095695495605,0.0,0.0,0.0,4.470348358154297e-08,0.0,0.6000000238418579,0.0,0.0559999942779541,0.5999999642372131,2.2351741790771484e-08,-0.055999964475631714,0.6000000238418579,-2.316218614578247,-1.6689300537109375e-06,13.641219139099121,0.0,0.0,0.0,2.682209014892578e-07,5.263862021820387e-07,2.9802322387695312e-08,17.327505111694336,17.327505111694336,40.3770637512207,40.3770637512207,0.44487857818603516,0.44487857818603516,0.5019837021827698,0.5019837021827698,0.05313779413700104,0.05313779413700104,0.28221216797828674,0.28221216797828674,6.579092502593994,6.579092502593994,1.2712492942810059,1.2712492942810059,1.9535307884216309,1.9535307884216309,0.0,0.0,-0.08642737567424774,-0.08642737567424774,0.6466535925865173,0.6466535925865173,0.5500251054763794,0.5500251054763794,0.06369496881961823,0.06369496881961823,0.3767150342464447,0.3767150342464447,67.24253845214844,67.24253845214844,32.39746856689453,32.39746856689453,47.51189422607422,47.51189422607422,7.834306240081787,7.834306240081787,0.0,0.0,180.0
333,1.3875,0.19260276596462472,-9.780839686736785,-77.86140084741913,0.19260276596462472,-9.780839686736785,-77.86140084741913,5.0,-5.0,0.0,0.0,15.0,0,0.5,0.0,0.0,3.2,3.2,3.2,9.780839920043945,9.780839920043945,9.780839920043945,9.780839920043945,0.15679268538951874,0.15637581050395966,-6.828676700592041,-6.996007442474365,-0.1298212856054306,-0.1298212856054306,0.0,0.0,nan,nan,26.036739349365234,26.036739349365234,52.07347869873047,0.0,7.099071502685547,0.6268520951271057,0.0,0.0,0.0,0.6268520951271057,0.0,7.099071502685547,0.0,0.0,0.0,-1.2215698957443237,0.7509896755218506,6.9809417724609375,0.0,0.0,0.0,0.0,7.099071502685547,0.6268520951271057,0.0,0.0,0.0,0.6268520951271057,0.0,7.099071502685547,-0.0,-0.0,-0.0,-1.221569538116455,-0.7509912252426147,6.980940818786621,0.0,0.0,0.0,4.470348358154297e-08,0.0,0.6000000238418579,0.0,0.05600005388259888,0.5999999642372131,0.0,-0.055999934673309326,0.5999999642372131,-2.4431395530700684,-1.5497207641601562e-06,13.961882591247559,0.0,0.0,0.0,8.940696716308594e-07,7.697672117501497e-07,1.7136335372924805e-07,17.80103874206543,17.801040649414062,41.37376022338867,41.37376022338867,0.43071863055229187,0.43071863055229187,0.4976421892642975,0.4976421892642975,0.07163921743631363,0.07163921743631363,0.31009846925735474,0.31009846925735474,6.963192939758301,6.963192939758301,1.1204257011413574,1.1204257011413574,2.1363277435302734,2.1363277435302734,0.0,0.0,-0.08746291697025299,-0.08746291697025299,0.6268520951271057,0.6268520951271057,0.5500251054763794,0.5500251054763794,0.07884810864925385,0.07884810864925385,0.38305437564849854,0.38305437564849854,69.77674102783203,69.77674102783203,33.906883239746094,33.906883239746094,49.001617431640625,49.001617431640625,7.561788558959961,7.561788558959961,0.0,0.0,180.0
334,1.3916666666666666,0.15122143616134784,-10.07058005495091,-61.132625996885686,0.15122143616134784,-10.07058005495091,-61.132625996885686,5.0,-5.0,0.0,0.0,15.0,0,0.5,0.0,0.0,3.2,3.2,3.2,10.070577621459961,10.070579528808594,10.070581436157227,10.070581436157227,0.1156020238995552,0.11511499434709549,-6.564230918884277,-6.7553019523620605,-0.1336670219898224,-0.1336670219898224,0.0,0.0,nan,nan,27.48976707458496,27.48976707458496,54.97953414916992,0.0,7.234575271606445,0.633175253868103,0.0,0.0,0.0,0.633175253868103,0.0,7.234575271606445,0.0,0.0,0.0,-1.2569366693496704,0.4670567512512207,7.137363910675049,0.0,0.0,0.0,0.0,7.234575271606445,0.633175253868103,0.0,0.0,0.0,0.633175253868103,0.0,7.234575271606445,-0.0,-0.0,-0.0,-1.256937026977539,-0.4670582711696625,7.137363433837891,0.0,0.0,0.0,4.470348358154297e-08,0.0,0.6000000238418579,-8.195638656616211e-08,0.0559999942779541,0.5999999642372131,-2.9802322387695312e-08,-0.055999964475631714,0.6000000238418579,-2.51387357711792,-1.519918441772461e-06,14.274726867675781,0.0,0.0,0.0,2.682209014892578e-07,1.510711854280089e-06,-7.450580596923828e-09,18.182992935180664,18.182992935180664,42.13975524902344,42.13975143432617,0.43071863055229187,0.43071863055229187,0.4772278070449829,0.4772278070449829,0.0920536071062088,0.0920536071062088,0.32412275671958923,0.32412275671958923,7.313354015350342,7.313354015350342,0.9627858996391296,0.9627858996391296,2.3041324615478516,2.3041324615478516,0.0,0.0,-0.08832844346761703,-0.08832844346761703,0.633175253868103,0.633175253868103,0.5500251054763794,0.5500251054763794,0.09267662465572357,0.09267662465572357,0.3877716362476349,0.3877716362476349,71.82636260986328,71.82636260986328,35.136810302734375,35.136810302734375,50.21118927001953,50.21118927001953,7.341444492340088,7.341444492340088,0.0,0.0,180.0
335,1.3958333333333333,0.10877939663585284,-10.289682539781326,-43.975049698715985,0.10877939663585284,-10.289682539781326,-43.975049698715985,5.0,-5.0,0.0,0.0,15.0,0,0.5,0.0,0.0,3.2,3.2,3.2,10.289684295654297,10.289681434631348,10.289682388305664,10.289682388305664,0.07357119768857956,0.07301768660545349,-6.2584333419799805,-6.471996784210205,-0.13657516241073608,-0.13657516241073608,0.0,0.0,nan,nan,28.733678817749023,28.733678817749023,57.46735763549805,0.0,7.364840507507324,0.6703808307647705,0.0,0.0,0.0,0.6703808307647705,0.0,7.364840507507324,0.0,0.0,0.0,-1.2581522464752197,0.16320762038230896,7.285650253295898,0.0,0.0,0.0,0.0,7.364840507507324,0.6703808307647705,0.0,0.0,0.0,0.6703808307647705,0.0,7.364840507507324,-0.0,-0.0,-0.0,-1.2581523656845093,-0.16320912539958954,7.285650253295898,0.0,0.0,0.0,4.470348358154297e-08,0.0,0.6000000238418579,-8.940696716308594e-08,0.05600005388259888,0.5999999642372131,1.4901161193847656e-08,-0.055999964475631714,0.6000000238418579,-2.5163044929504395,-1.5050172805786133e-06,14.571300506591797,0.0,0.0,0.0,6.556510925292969e-07,1.2692028121819021e-06,8.940696716308594e-08,18.48268699645996,18.482683181762695,42.7000846862793,42.7000846862793,0.4165618121623993,0.4165618121623993,0.48054662346839905,0.48054662346839905,0.10289160162210464,0.10289160162210464,0.32412275671958923,0.32412275671958923,7.6241068840026855,7.6241068840026855,0.79928058385849,0.79928058385849,2.452101707458496,2.452101707458496,0.0,0.0,-0.08899996429681778,-0.08899996429681778,0.6703808307647705,0.6703808307647705,0.5500251054763794,0.5500251054763794,0.1050952821969986,0.1050952821969986,0.39084550738334656,0.39084550738334656,73.3794174194336,73.3794174194336,36.08003616333008,36.08003616333008,51.133541107177734,51.133541107177734,7.1748199462890625,7.1748199462890625,0.0,0.0,180.0
336,1.4,0.06557434780084602,-10.436610294721884,-26.509020022939406,0.06557434780084602,-10.436610294721884,-26.509020022939406,5.0,-5.0,0.0,0.0,15.0,0,0.5,0.0,0.0,3.2,3.2,3.2,10.436610221862793,10.436606407165527,10.43661117553711,10.43661117553711,0.031047694385051727,0.030431412160396576,-5.904993534088135,-6.139476776123047,-0.1385253518819809,-0.1385253518819809,0.0,0.0,nan,nan,29.45063018798828,29.45063018798828,58.90126037597656,0.0,7.411028861999512,0.6612308025360107,0.0,0.0,0.0,0.6612308025360107,0.0,7.411028861999512,0.0,0.0,0.0,-1.2789883613586426,-0.15593650937080383,7.328059196472168,0.0,0.0,0.0,0.0,7.411028861999512,0.6612308025360107,0.0,0.0,0.0,0.6612308025360107,0.0,7.411028861999512,-0.0,-0.0,-0.0,-1.2789881229400635,0.15593492984771729,7.328059196472168,0.0,0.0,0.0,4.470348358154297e-08,0.0,0.6000000238418579,5.960464477539063e-08,0.05600002408027649,0.6000000238418579,-1.2665987014770508e-07,-0.055999934673309326,0.6000000238418579,-2.557976484298706,-1.5795230865478516e-06,14.656118392944336,0.0,0.0,0.0,6.556510925292969e-07,1.146564272858086e-06,9.685754776000977e-08,18.71785545349121,18.717857360839844,43.07316207885742,43.07316589355469,0.4165618121623993,0.4165618121623993,0.4693310558795929,0.4693310558795929,0.11410718411207199,0.11410718411207199,0.3381875455379486,0.3381875455379486,7.890633583068848,7.890633583068848,0.6308459043502808,0.6308459043502808,2.575890302658081,2.575890302658081,0.0,0.0,-0.08945859223604202,-0.08945859223604202,0.6612308025360107,0.6612308025360107,0.5500251054763794,0.5500251054763794,0.11602812260389328,0.11602812260389328,0.39226555824279785,0.39226555824279785,74.4269790649414,74.4269790649414,36.731136322021484,36.731136322021484,51.763389587402344,51.763389587402344,7.063082695007324,7.063082695007324,0.0,0.0,180.0
337,1.4041666666666666,0.021909342031118318,-10.510332727139124,-8.85704861840578,0.021909342031118318,-10.510332727139124,-8.85704861840578,5.0,-5.0,0.0,0.0,15.0,0,0.5,0.0,0.0,3.2,3.2,3.2,10.510333061218262,10.510333061218262,10.510334014892578,10.510334014892578,-0.011719844304025173,-0.012394363060593605,-5.514342784881592,-5.768181324005127,-0.1395038664340973,-0.1395038664340973,0.0,0.0,nan,nan,29.88248062133789,29.88248062133789,59.76496124267578,0.0,7.446191787719727,0.6856005787849426,0.0,0.0,0.0,0.6856005787849426,0.0,7.446191787719727,0.0,0.0,0.0,-1.2609410285949707,-0.481493204832077,7.354863166809082,0.0,0.0,0.0,0.0,7.446191787719727,0.6856005787849426,0.0,0.0,0.0,0.6856005787849426,0.0,7.446191787719727,-0.0,-0.0,-0.0,-1.2609413862228394,0.4814916253089905,7.354863166809082,0.0,0.0,0.0,4.470348358154297e-08,0.0,0.6000000238418579,-5.960464477539063e-08,0.05600005388259888,0.5999999642372131,1.1175870895385742e-07,-0.055999964475631714,0.6000000238418579,-2.5218825340270996,-1.5795230865478516e-06,14.709726333618164,0.0,0.0,0.0,6.258487701416016e-07,3.491479674266884e-07,1.7136335372924805e-07,18.892709732055664,18.89270782470703,43.27115249633789,43.27115249633789,0.4024088680744171,0.4024088680744171,0.4834839999675751,0.4834839999675751,0.11410718411207199,0.11410718411207199,0.3381875455379486,0.3381875455379486,8.108901023864746,8.108901023864746,0.4584101438522339,0.4584101438522339,2.671840190887451,2.671840190887451,0.0,0.0,-0.08969122171401978,-0.08969122171401978,0.6856005787849426,0.6856005787849426,0.5500251054763794,0.5500251054763794,0.12540800869464874,0.12540800869464874,0.39203134179115295,0.39203134179115295,74.96306610107422,74.96306610107422,37.086395263671875,37.086395263671875,52.09716796875,52.09716796875,7.007017612457275,7.007017612457275,0.0,0.0,180.0
338,1.4083333333333332,-0.021909342031115307,-10.510332727139128,8.857048618404564,-0.021909342031115307,-10.510332727139128,8.857048618404564,5.0,-5.0,0.0,0.0,15.0,0,0.5,0.0,0.0,3.2,3.2,3.2,10.510333061218262,10.510333061218262,10.510334014892578,10.510334014892578,-0.05440491810441017,-0.05513295158743858,-5.084970951080322,-5.356385231018066,-0.1395038664340973,-0.1395038664340973,0.0,0.0,nan,nan,29.874126434326172,29.874126434326172,59.748252868652344,0.0,7.4308624267578125,0.7038624286651611,0.0,0.0,0.0,0.7038624286651611,0.0,7.4308624267578125,0.0,0.0,0.0,-1.2320528030395508,-0.8048616051673889,7.317607402801514,0.0,0.0,0.0,0.0,7.4308624267578125,0.7038624286651611,0.0,0.0,0.0,0.7038624286651611,0.0,7.4308624267578125,-0.0,-0.0,-0.0,-1.2320526838302612,0.8048602342605591,7.317607879638672,0.0,0.0,0.0,4.470348358154297e-08,0.0,0.6000000238418579,-2.9802322387695312e-08,0.05600005388259888,0.5999999642372131,7.450580596923828e-08,-0.055999964475631714,0.6000000238418579,-2.4641056060791016,-1.3709068298339844e-06,14.635215759277344,0.0,0.0,0.0,5.960464477539062e-07,4.005585765298747e-07,1.9371509552001953e-07,18.991512298583984,18.991512298583984,43.30036544799805,43.30036544799805,0.4024088680744171,0.4024088680744171,0.4834839999675751,0.4834839999675751,0.11410718411207199,0.11410718411207199,0.3381875455379486,0.3381875455379486,8.275781631469727,8.275781631469727,0.282903254032135,0.282903254032135,2.7371444702148438,2.7371444702148438,0.0,0.0,-0.08969122171401978,-0.08969122171401978,0.7038624286651611,0.7038624286651611,0.5500251054763794,0.5500251054763794,0.13317660987377167,0.13317660987377167,0.39015206694602966,0.39015206694602966,74.984619140625,74.984619140625,37.14377975463867,37.14377975463867,52.13300323486328,52.13300323486328,7.007017612457275,7.007017612457275,0.0,0.0,180.0
339,1.4125,-0.06557434780084488,-10.436610294721888,26.50902002293895,-0.06557434780084488,-10.436610294721888,26.50902002293895,5.0,-5.0,0.0,0.0,15.0,0,0.5,0.0,0.0,3.2,3.2,3.2,10.43661117553711,10.43660831451416,10.436610221862793,10.436610221862793,-0.0967075526714325,-0.09748401492834091,-4.619799613952637,-4.906888961791992,-0.1385253518819809,-0.1385253518819809,0.0,0.0,nan,nan,29.422447204589844,29.422447204589844,58.84489440917969,0.0,7.364306449890137,0.7156174778938293,0.0,0.0,0.0,0.7156174778938293,0.0,7.364306449890137,0.0,0.0,0.0,-1.192755937576294,-1.1164649724960327,7.216367721557617,0.0,0.0,0.0,0.0,7.364306449890137,0.7156174778938293,0.0,0.0,0.0,0.7156174778938293,0.0,7.364306449890137,-0.0,-0.0,-0.0,-1.1927554607391357,1.1164631843566895,7.216367721557617,0.0,0.0,0.0,4.470348358154297e-08,0.0,0.6000000238418579,-1.4901161193847656e-08,0.05600005388259888,0.6000000238418579,-5.960464477539063e-08,-0.055999964475631714,0.5999999642372131,-2.3855113983154297,-1.7881393432617188e-06,14.432735443115234,0.0,0.0,0.0,7.152557373046875e-07,1.2539485396700911e-06,8.195638656616211e-08,19.008596420288086,19.008596420288086,43.16147232055664,43.16147994995117,0.4024088680744171,0.4024088680744171,0.4834839999675751,0.4834839999675751,0.11410718411207199,0.11410718411207199,0.3381875455379486,0.3381875455379486,8.389135360717773,8.389135360717773,0.1052677258849144,0.1052677258849144,2.7699661254882812,2.7699661254882812,0.0,0.0,-0.08945859223604202,-0.08945859223604202,0.7156174778938293,0.7156174778938293,0.5500251054763794,0.5500251054763794,0.1392844319343567,0.1392844319343567,0.3866458833217621,0.3866458833217621,74.49149322509766,74.49149322509766,36.902950286865234,36.902950286865234,51.870697021484375,51.870697021484375,7.063082695007324,7.063082695007324,0.0,0.0,180.0
340,1.4166666666666667,-0.10877939663585172,-10.28968253978133,43.97504969871552,-0.10877939663585172,-10.28968253978133,43.97504969871552,5.0,-5.0,0.0,0.0,15.0,0,0.5,0.0,0.0,3.2,3.2,3.2,10.289682388305664,10.289680480957031,10.289682388305664,10.289682388305664,-0.13835568726062775,-0.1391749083995819,-4.126043319702148,-4.426860809326172,-0.13657516241073608,-0.13657516241073608,0.0,0.0,nan,nan,28.66358184814453,28.66358184814453,57.32716369628906,0.0,7.283415794372559,0.7652413249015808,0.0,0.0,0.0,0.7652413249015808,0.0,7.283415794372559,0.0,0.0,0.0,-1.11004638671875,-1.4141161441802979,7.099423408508301,0.0,0.0,0.0,0.0,7.283415794372559,0.7652413249015808,0.0,0.0,0.0,0.7652413249015808,0.0,7.283415794372559,-0.0,-0.0,-0.0,-1.110046148300171,1.4141144752502441,7.099423885345459,0.0,0.0,0.0,4.470348358154297e-08,0.0,0.6000000238418579,0.0,0.05600005388259888,0.6000000238418579,-7.450580596923828e-08,-0.05599990487098694,0.5999999642372131,-2.220092535018921,-1.6689300537109375e-06,14.198846817016602,0.0,0.0,0.0,1.1324882507324219e-06,1.2298501133045647e-06,7.450580596923828e-08,18.93906593322754,18.939062118530273,42.849517822265625,42.84952163696289,0.4024088680744171,0.4024088680744171,0.4946995675563812,0.4946995675563812,0.10289160162210464,0.10289160162210464,0.32412275671958923,0.32412275671958923,8.447860717773438,8.447860717773438,-0.07353001832962036,-0.07353001832962036,2.769516944885254,2.769516944885254,0.0,0.0,-0.08899996429681778,-0.08899996429681778,0.7652413249015808,0.7652413249015808,0.5500251054763794,0.5500251054763794,0.14369076490402222,0.14369076490402222,0.38153937458992004,0.38153937458992004,73.4864273071289,73.4864273071289,36.36524963378906,36.36524963378906,51.311744689941406,51.311744689941406,7.1748199462890625,7.1748199462890625,0.0,0.0,180.0
341,1.4208333333333334,-0.15122143616134673,-10.070580054950915,61.132625996885245,-0.15122143616134673,-10.070580054950915,61.132625996885245,5.0,-5.0,0.0,0.0,15.0,0,0.5,0.0,0.0,3.2,3.2,3.2,10.070579528808594,10.070577621459961,10.07058048248291,10.07058048248291,-0.179032102227211,-0.17988836765289307,-3.6031477451324463,-3.915581226348877,-0.1336670219898224,-0.1336670219898224,0.0,0.0,nan,nan,27.493125915527344,27.493125915527344,54.98625183105469,0.0,7.1518144607543945,0.8090202808380127,0.0,0.0,0.0,0.8090202808380127,0.0,7.1518144607543945,0.0,0.0,0.0,-1.0174626111984253,-1.6849843263626099,6.923045635223389,0.0,0.0,0.0,0.0,7.1518144607543945,0.8090202808380127,0.0,0.0,0.0,0.8090202808380127,0.0,7.1518144607543945,-0.0,-0.0,-0.0,-1.0174624919891357,1.6849826574325562,6.923046112060547,0.0,0.0,0.0,4.470348358154297e-08,0.0,0.6000000238418579,-8.940696716308594e-08,0.0559999942779541,0.6000000238418579,-8.940696716308594e-08,-0.05599987506866455,0.5999999642372131,-2.0349249839782715,-1.6689300537109375e-06,13.846092224121094,0.0,0.0,0.0,8.940696716308594e-07,1.9175511170033133e-06,1.30385160446167e-07,18.77811050415039,18.778108596801758,42.35380172729492,42.35380935668945,0.4165618121623993,0.4165618121623993,0.4913846552371979,0.4913846552371979,0.0920536071062088,0.0920536071062088,0.31009846925735474,0.31009846925735474,8.451915740966797,8.451915740966797,-0.25248903036117554,-0.25248903036117554,2.7360782623291016,2.7360782623291016,0.0,0.0,-0.08832844346761703,-0.08832844346761703,0.8090202808380127,0.8090202808380127,0.5500251054763794,0.5500251054763794,0.14636383950710297,0.14636383950710297,0.37486761808395386,0.37486761808395386,71.97512817382812,71.97512817382812,35.533714294433594,35.533714294433594,50.45933532714844,50.45933532714844,7.341444492340088,7.341444492340088,0.0,0.0,180.0
342,1.425,-0.19260276596462367,-9.780839686736794,77.86140084741871,-0.19260276596462367,-9.780839686736794,77.86140084741871,5.0,-5.0,0.0,0.0,15.0,0,0.5,0.0,0.0,3.2,3.2,3.2,9.780838966369629,9.780838012695312,9.780839920043945,9.780839920043945,-0.21845214068889618,-0.2193394899368286,-3.054877996444702,-3.3767385482788086,-0.1298212856054306,-0.1298212856054306,0.0,0.0,nan,nan,25.950607299804688,25.950607299804688,51.901214599609375,0.0,6.97137451171875,0.8454031944274902,0.0,0.0,0.0,0.8454031944274902,0.0,6.97137451171875,0.0,0.0,0.0,-0.9178453087806702,-1.9213507175445557,6.6918416023254395,0.0,0.0,0.0,0.0,6.97137451171875,0.8454031944274902,0.0,0.0,0.0,0.8454031944274902,0.0,6.97137451171875,-0.0,-0.0,-0.0,-0.9178454875946045,1.921349048614502,6.691842079162598,0.0,0.0,0.0,4.470348358154297e-08,0.0,0.6000000238418579,-4.470348358154297e-08,0.05600002408027649,0.5999999642372131,-5.960464477539063e-08,-0.055999934673309326,0.5999999642372131,-1.8356907367706299,-1.6689300537109375e-06,13.383684158325195,0.0,0.0,0.0,5.662441253662109e-07,1.4057266071176855e-06,4.0978193283081055e-08,18.520797729492188,18.520795822143555,41.657588958740234,41.6575813293457,0.4165618121623993,0.4165618121623993,0.5018131136894226,0.5018131136894226,0.08162510395050049,0.08162510395050049,0.296124666929245,0.296124666929245,8.402297019958496,8.402297019958496,-0.4305647313594818,-0.4305647313594818,2.67097806930542,2.67097806930542,0.0,0.0,-0.08746291697025299,-0.08746291697025299,0.8454031944274902,0.8454031944274902,0.5500251054763794,0.5500251054763794,0.14728103578090668,0.14728103578090668,0.36667361855506897,0.36667361855506897,69.96620178222656,69.96620178222656,34.4130744934082,34.4130744934082,49.31834030151367,49.31834030151367,7.561788558959961,7.561788558959961,0.0,0.0,180.0
343,1.4291666666666667,-0.23263312574955344,-9.422493755643847,94.04403391434614,-0.23263312574955344,-9.422493755643847,94.04403391434614,5.0,-5.0,0.0,0.0,15.0,0,0.5,0.0,0.0,3.2,3.2,3.2,9.422493934631348,9.422493934631348,9.422493934631348,9.422493934631348,-0.25634029507637024,-0.25725245475769043,-2.4852473735809326,-2.814276933670044,-0.12506495416164398,-0.12506495416164398,0.0,0.0,nan,nan,24.088478088378906,24.088478088378906,48.17695617675781,0.0,6.744940280914307,0.8729788661003113,0.0,0.0,0.0,0.8729788661003113,0.0,6.744940280914307,0.0,0.0,0.0,-0.8142746686935425,-2.116929292678833,6.4118547439575195,0.0,0.0,0.0,0.0,6.744940280914307,0.8729788661003113,0.0,0.0,0.0,0.8729788661003113,0.0,6.744940280914307,-0.0,-0.0,-0.0,-0.8142748475074768,2.1169278621673584,6.4118547439575195,0.0,0.0,0.0,4.470348358154297e-08,0.0,0.6000000238418579,-7.450580596923828e-08,0.05600002408027649,0.6000000238418579,0.0,-0.0559999942779541,0.5999999642372131,-1.628549575805664,-1.430511474609375e-06,12.823709487915039,0.0,0.0,0.0,2.980232238769531e-07,1.0995195225405041e-06,1.7508864402770996e-07,18.162250518798828,18.162248611450195,40.737701416015625,40.73769760131836,0.43071863055229187,0.43071863055229187,0.5071501731872559,0.5071501731872559,0.06213124841451645,0.06213124841451645,0.28221216797828674,0.28221216797828674,8.30100154876709,8.30100154876709,-0.6066631078720093,-0.6066631078720093,2.57651948928833,2.57651948928833,0.0,0.0,-0.08642737567424774,-0.08642737567424774,0.8729788661003113,0.8729788661003113,0.5500251054763794,0.5500251054763794,0.14642952382564545,0.14642952382564545,0.35700827836990356,0.35700827836990356,67.47138214111328,67.47138214111328,33.00986099243164,33.00986099243164,47.89543914794922,47.89543914794922,7.834306240081787,7.834306240081787,0.0,0.0,180.0
344,1.4333333333333333,-0.2710317313040219,-8.998055800907464,109.56701565391025,-0.2710317313040219,-8.998055800907464,109.56701565391025,5.0,-5.0,0.0,0.0,15.0,0,0.5,0.0,0.0,3.2,3.2,3.2,8.998056411743164,8.998054504394531,8.998054504394531,8.998054504394531,-0.29245525598526,-0.29338565468788147,-1.9021713733673096,-2.2361412048339844,-0.11943138390779495,-0.11943138390779495,0.0,0.0,nan,nan,22.07583999633789,22.07583999633789,44.15167999267578,0.0,6.510332107543945,0.9383443593978882,0.0,0.0,0.0,0.9383443593978882,0.0,6.510332107543945,0.0,0.0,0.0,-0.6720023155212402,-2.2790896892547607,6.133439064025879,0.0,0.0,0.0,0.0,6.510332107543945,0.9383443593978882,0.0,0.0,0.0,0.9383443593978882,0.0,6.510332107543945,-0.0,-0.0,-0.0,-0.6720024347305298,2.2790889739990234,6.133439540863037,0.0,0.0,0.0,4.470348358154297e-08,0.0,0.6000000238418579,1.4901161193847656e-08,0.05600005388259888,0.6000000238418579,1.4901161193847656e-08,-0.055999934673309326,0.6000000238418579,-1.34400475025177,-7.152557373046875e-07,12.266878128051758,0.0,0.0,0.0,7.152557373046875e-07,3.6558145666276687e-07,7.450580596923828e-08,17.698131561279297,17.698129653930664,39.564151763916016,39.564144134521484,0.44487857818603516,0.44487857818603516,0.5104252099990845,0.5104252099990845,0.04469626769423485,0.04469626769423485,0.2546203136444092,0.2546203136444092,8.15093994140625,8.15093994140625,-0.7796391248703003,-0.7796391248703003,2.455862283706665,2.455862283706665,0.0,0.0,-0.08524999022483826,-0.08524999022483826,0.9383443593978882,0.9383443593978882,0.5500251054763794,0.5500251054763794,0.14380641281604767,0.14380641281604767,0.34593066573143005,0.34593066573143005,64.50542449951172,64.50542449951172,31.33234214782715,31.33234214782715,46.19903564453125,46.19903564453125,8.157086372375488,8.157086372375488,0.0,0.0,180.0
345,1.4375,-0.3075292439994215,-8.510502949821907,124.32146350245368,-0.3075292439994215,-8.510502949821907,124.32146350245368,5.0,-5.0,0.0,0.0,15.0,0,0.5,0.0,0.0,3.2,3.2,3.2,8.510499954223633,8.510503768920898,8.510502815246582,8.510502815246582,-0.3265213370323181,-0.32746338844299316,-1.3061444759368896,-1.6427136659622192,-0.112960085272789,-0.112960085272789,0.0,0.0,nan,nan,19.864784240722656,19.864784240722656,39.72956848144531,0.0,6.236120700836182,0.9913933873176575,0.0,0.0,0.0,0.9913933873176575,0.0,6.236120700836182,0.0,0.0,0.0,-0.5326560139656067,-2.3947958946228027,5.818358421325684,0.0,0.0,0.0,0.0,6.236120700836182,0.9913933873176575,0.0,0.0,0.0,0.9913933873176575,0.0,6.236120700836182,-0.0,-0.0,-0.0,-0.532656729221344,2.3947951793670654,5.818358421325684,0.0,0.0,0.0,4.470348358154297e-08,0.0,0.6000000238418579,-4.470348358154297e-08,0.0559999942779541,0.6000000238418579,-2.9802322387695312e-08,-0.055999934673309326,0.5999999642372131,-1.0653127431869507,-7.152557373046875e-07,11.636716842651367,0.0,0.0,0.0,5.066394805908203e-07,9.854520612861961e-07,2.60770320892334e-08,17.125476837158203,17.125471115112305,38.099796295166016,38.099796295166016,0.45904016494750977,0.45904016494750977,0.5178752541542053,0.5178752541542053,0.023084618151187897,0.023084618151187897,0.2274339199066162,0.2274339199066162,7.955837249755859,7.955837249755859,-0.948298454284668,-0.948298454284668,2.3128695487976074,2.3128695487976074,0.0,0.0,-0.08396197110414505,-0.08396197110414505,0.9913933873176575,0.9913933873176575,0.5500251054763794,0.5500251054763794,0.13941964507102966,0.13941964507102966,0.3335079848766327,0.3335079848766327,61.08632278442383,61.08632278442383,29.390655517578125,29.390655517578125,44.23939514160156,44.23939514160156,8.527864456176758,8.527864456176758,0.0,0.0,180.0
346,1.4416666666666667,-0.3418696600076221,-7.963255035331286,138.20388560937573,-0.3418696600076221,-7.963255035331286,138.20388560937573,5.0,-5.0,0.0,0.0,15.0,0,0.5,0.0,0.0,3.2,3.2,3.2,7.963255405426025,7.963254928588867,7.963255405426025,7.963255405426025,-0.35830140113830566,-0.3592485785484314,-0.7016515135765076,-1.0384833812713623,-0.10569644719362259,-0.10569644719362259,0.0,0.0,nan,nan,17.527917861938477,17.527917861938477,35.05583572387695,0.0,5.927194595336914,1.0289912223815918,0.0,0.0,0.0,1.0289912223815918,0.0,5.927194595336914,0.0,0.0,0.0,-0.40145277976989746,-2.462719678878784,5.473966598510742,0.0,0.0,0.0,0.0,5.927194595336914,1.0289912223815918,0.0,0.0,0.0,1.0289912223815918,0.0,5.927194595336914,-0.0,-0.0,-0.0,-0.4014529287815094,2.4627180099487305,5.4739670753479,0.0,0.0,0.0,4.470348358154297e-08,0.0,0.6000000238418579,-4.470348358154297e-08,0.05600005388259888,0.6000000238418579,0.0,-0.055999964475631714,0.5999999642372131,-0.8029056787490845,-1.6689300537109375e-06,10.947933197021484,0.0,0.0,0.0,6.258487701416016e-07,7.580446208521607e-07,1.3783574104309082e-07,16.44404411315918,16.444042205810547,36.300392150878906,36.300392150878906,0.4873591661453247,0.4873591661453247,0.508094847202301,0.508094847202301,0.004546067211776972,0.004546067211776972,0.20078371465206146,0.20078371465206146,7.720090389251709,7.720090389251709,-1.1114047765731812,-1.1114047765731812,2.151923179626465,2.151923179626465,0.0,0.0,-0.08259645849466324,-0.08259645849466324,1.0289912223815918,1.0289912223815918,0.5500251054763794,0.5500251054763794,0.1332883983850479,0.1332883983850479,0.3198157250881195,0.3198157250881195,57.23523712158203,57.23523712158203,27.196788787841797,27.196788787841797,42.02863693237305,42.02863693237305,8.944040298461914,8.944040298461914,0.0,0.0,180.0
347,1.4458333333333333,-0.37381210598388237,-7.360150608358639,151.1169067581033,-0.37381210598388237,-7.360150608358639,151.1169067581033,5.0,-5.0,0.0,0.0,15.0,0,0.5,0.0,0.0,3.2,3.2,3.2,7.360150337219238,7.360151290893555,7.3601508140563965,7.3601508140563965,-0.387596070766449,-0.38854140043258667,-0.09669208526611328,-0.4315067529678345,-0.09769143164157867,-0.09769143164157867,0.0,0.0,nan,nan,15.230308532714844,15.230308532714844,30.460617065429688,0.0,5.620377063751221,1.0939877033233643,0.0,0.0,0.0,1.0939877033233643,0.0,5.620377063751221,0.0,0.0,0.0,-0.2464625984430313,-2.4973156452178955,5.146661281585693,0.0,0.0,0.0,0.0,5.620377063751221,1.0939877033233643,0.0,0.0,0.0,1.0939877033233643,0.0,5.620377063751221,-0.0,-0.0,-0.0,-0.24646247923374176,2.497314691543579,5.146661758422852,0.0,0.0,0.0,4.470348358154297e-08,0.0,0.6000000238418579,-8.940696716308594e-08,0.05600002408027649,0.6000000238418579,2.9802322387695312e-08,-0.055999964475631714,0.5999999642372131,-0.49292507767677307,-9.5367431640625e-07,10.293323516845703,0.0,0.0,0.0,4.470348358154297e-07,7.816025799911586e-07,3.1944364309310913e-07,15.658474922180176,15.658474922180176,34.11574172973633,34.11574172973633,0.5156482458114624,0.5156482458114624,0.48435184359550476,0.48435184359550476,0.0,0.0,0.1621500849723816,0.1621500849723816,7.448616981506348,7.448616981506348,-1.2676914930343628,-1.2676914930343628,1.977723240852356,1.977723240852356,0.0,0.0,-0.0811874270439148,-0.0811874270439148,1.0939877033233643,1.0939877033233643,0.5500251054763794,0.5500251054763794,0.12544368207454681,0.12544368207454681,0.3049379885196686,0.3049379885196686,52.97660446166992,52.97660446166992,24.764602661132812,24.764602661132812,39.58074188232422,39.58074188232422,9.402693748474121,9.402693748474121,0.0,0.0,180.0
348,1.45,-0.4031325286202921,-6.705420013129298,162.96995138327003,-0.4031325286202921,-6.705420013129298,162.96995138327003,5.0,-5.0,0.0,0.0,15.0,0,0.5,0.0,0.0,3.2,3.2,3.2,6.705418586730957,6.705418109893799,6.70542049407959,6.70542049407959,-0.41417956352233887,-0.41511639952659607,0.5077365040779114,0.17726129293441772,-0.08900117874145508,-0.08900117874145508,0.0,0.0,nan,nan,12.940351486206055,12.940351486206055,25.88070297241211,0.0,5.288064956665039,1.1325910091400146,0.0,0.0,0.0,1.1325910091400146,0.0,5.288064956665039,0.0,0.0,0.0,-0.11376692354679108,-2.4875328540802,4.800586223602295,0.0,0.0,0.0,0.0,5.288064956665039,1.1325910091400146,0.0,0.0,0.0,1.1325910091400146,0.0,5.288064956665039,-0.0,-0.0,-0.0,-0.11376704275608063,2.487531900405884,4.800586700439453,0.0,0.0,0.0,4.470348358154297e-08,0.0,0.6000000238418579,-8.940696716308594e-08,0.05600002408027649,0.6000000238418579,-2.9802322387695312e-08,-0.055999934673309326,0.5999999642372131,-0.2275339663028717,-9.5367431640625e-07,9.601173400878906,0.0,0.0,0.0,5.662441253662109e-07,1.008261392598797e-06,1.51805579662323e-07,14.781632423400879,14.781632423400879,31.4927978515625,31.4927978515625,0.557930588722229,0.557930588722229,0.4420694410800934,0.4420694410800934,0.0,0.0,0.12566909193992615,0.12566909193992615,7.146681785583496,7.146681785583496,-1.4158787727355957,-1.4158787727355957,1.795081615447998,1.795081615447998,0.0,0.0,-0.0797685831785202,-0.0797685831785202,1.1325910091400146,1.1325910091400146,0.5500251054763794,0.5500251054763794,0.11592897772789001,0.11592897772789001,0.2889675796031952,0.2889675796031952,48.338077545166016,48.338077545166016,22.109830856323242,22.109830856323242,36.91154861450195,36.91154861450195,9.900609016418457,9.900609016418457,0.0,0.0,180.0
349,1.4541666666666666,-0.4296252662187538,-6.003655714345459,173.6798788932321,-0.4296252662187538,-6.003655714345459,173.6798788932321,5.0,-5.0,0.0,0.0,15.0,0,0.5,0.0,0.0,3.2,3.2,3.2,6.003655433654785,6.003653526306152,6.003655910491943,6.003655910491943,-0.43786728382110596,-0.4387890100479126,1.107092022895813,0.7832431793212891,-0.07968664914369583,-0.07968664914369583,0.0,0.0,nan,nan,10.719152450561523,10.719152450561523,21.438304901123047,0.0,4.9354472160339355,1.1398613452911377,0.0,0.0,0.0,1.1398613452911377,0.0,4.9354472160339355,0.0,0.0,0.0,-0.009895790368318558,-2.436213254928589,4.441023349761963,0.0,0.0,0.0,0.0,4.9354472160339355,1.1398613452911377,0.0,0.0,0.0,1.1398613452911377,0.0,4.9354472160339355,-0.0,-0.0,-0.0,-0.009895648807287216,2.4362120628356934,4.441023826599121,0.0,0.0,0.0,4.470348358154297e-08,0.0,0.6000000238418579,-4.470348358154297e-08,0.05600002408027649,0.5999999642372131,-2.9802322387695312e-08,-0.055999964475631714,0.5999999642372131,-0.019791439175605774,-1.1920928955078125e-06,8.882047653198242,0.0,0.0,0.0,2.384185791015625e-07,7.291201882253517e-07,4.487810656428337e-08,13.839896202087402,13.839896202087402,28.38277816772461,28.38277816772461,0.6136804223060608,0.6136804223060608,0.3863196074962616,0.3863196074962616,0.0,0.0,0.0920536071062088,0.0920536071062088,6.819703578948975,6.819703578948975,-1.5546932220458984,-1.5546932220458984,1.6087157726287842,1.6087157726287842,0.0,0.0,-0.07837232202291489,-0.07837232202291489,1.1398613452911377,1.1398613452911377,0.5500251054763794,0.5500251054763794,0.10480060428380966,0.10480060428380966,0.272006094455719,0.272006094455719,43.35053634643555,43.35053634643555,19.250091552734375,19.250091552734375,34.03877639770508,34.03877639770508,10.43429183959961,10.43429183959961,0.0,0.0,180.0
350,1.4583333333333333,-0.45310449126001767,-5.259780084346197,183.1715668415785,-0.45310449126001767,-5.259780084346197,183.1715668415785,5.0,-5.0,0.0,0.0,15.0,0,0.5,0.0,0.0,3.2,3.2,3.2,5.2597784996032715,5.259779453277588,5.259779930114746,5.259779930114746,-0.4584939777851105,-0.4593939781188965,1.6970343589782715,1.382054090499878,-0.06981316953897476,-0.06981316953897476,0.0,0.0,nan,nan,8.61482048034668,8.61482048034668,17.22964096069336,0.0,4.5663228034973145,1.1124690771102905,0.0,0.0,0.0,1.1124690771102905,0.0,4.5663228034973145,0.0,0.0,0.0,0.060711055994033813,-2.34662127494812,4.071679592132568,0.0,0.0,0.0,0.0,4.5663228034973145,1.1124690771102905,0.0,0.0,0.0,1.1124690771102905,0.0,4.5663228034973145,-0.0,-0.0,-0.0,0.06071081757545471,2.346620798110962,4.071680068969727,0.0,0.0,0.0,4.470348358154297e-08,0.0,0.6000000238418579,-5.960464477539063e-08,0.05600002408027649,0.5999999642372131,1.4901161193847656e-08,-0.055999964475631714,0.6000000238418579,0.12142187356948853,-4.76837158203125e-07,8.143360137939453,0.0,0.0,0.0,8.940696716308594e-08,5.424361688710633e-07,1.578591763973236e-07,12.881732940673828,12.881729125976562,24.75605583190918,24.756046295166016,0.6812697052955627,0.6812697052955627,0.3187303841114044,0.3187303841114044,0.0,0.0,0.06213124841451645,0.06213124841451645,6.473064422607422,6.473064422607422,-1.6828923225402832,-1.6828923225402832,1.4230648279190063,1.4230648279190063,0.0,0.0,-0.0770290344953537,-0.0770290344953537,1.1124690771102905,1.1124690771102905,0.5500251054763794,0.5500251054763794,0.09212793409824371,0.09212793409824371,0.25416383147239685,0.25416383147239685,38.04788589477539,38.04788589477539,16.204755783081055,16.204755783081055,30.981895446777344,30.981895446777344,11.000000953674316,11.000000953674316,0.0,0.0,180.0
351,1.4625,-0.4734055138502205,-4.4790108762020235,191.37843785712047,-0.4734055138502205,-4.4790108762020235,191.37843785712047,5.0,-5.0,0.0,0.0,15.0,0,0.5,0.0,0.0,3.2,3.2,3.2,4.479010105133057,4.479010105133057,4.479011058807373,4.479011058807373,-0.47594502568244934,-0.4768167734146118,2.2686071395874023,1.9645740985870361,-0.05945000424981117,-0.05945000424981117,0.0,0.0,nan,nan,6.778803825378418,6.778803825378418,13.557607650756836,0.0,4.227822303771973,1.0922282934188843,0.0,0.0,0.0,1.0922282934188843,0.0,4.227822303771973,0.0,0.0,0.0,0.12792456150054932,-2.2458412647247314,3.7426295280456543,0.0,0.0,0.0,0.0,4.227822303771973,1.0922282934188843,0.0,0.0,0.0,1.0922282934188843,0.0,4.227822303771973,-0.0,-0.0,-0.0,0.127924382686615,2.245840549468994,3.7426302433013916,0.0,0.0,0.0,4.470348358154297e-08,0.0,0.6000000238418579,-4.470348358154297e-08,0.05600002408027649,0.6000000238418579,-2.9802322387695312e-08,-0.055999934673309326,0.6000000238418579,0.2558489441871643,-7.152557373046875e-07,7.485260009765625,0.0,0.0,0.0,2.980232238769531e-07,6.134648629085859e-07,1.210719347000122e-08,11.991451263427734,11.991450309753418,20.632627487182617,20.632627487182617,0.779161810874939,0.779161810874939,0.2208382934331894,0.2208382934331894,0.0,0.0,0.023084618151187897,0.023084618151187897,6.11190938949585,6.11190938949585,-1.7992889881134033,-1.7992889881134033,1.2421317100524902,1.2421317100524902,0.0,0.0,-0.07576628774404526,-0.07576628774404526,1.0922282934188843,1.0922282934188843,0.5500251054763794,0.5500251054763794,0.07799354195594788,0.07799354195594788,0.2355595976114273,0.2355595976114273,32.46696853637695,32.46696853637695,12.994921684265137,12.994921684265137,27.762073516845703,27.762073516845703,11.593766212463379,11.593766212463379,0.0,0.0,180.0
352,1.4666666666666666,-0.49038593690215726,-3.666824624926133,198.24292663631297,-0.49038593690215726,-3.666824624926133,198.24292663631297,5.0,-5.0,0.0,0.0,15.0,0,0.5,0.0,0.0,3.2,3.2,3.2,3.6668248176574707,3.6668241024017334,3.6668245792388916,3.6668245792388916,-0.4900410771369934,-0.49087849259376526,2.826930522918701,2.5360305309295654,-0.04866983741521835,-0.04866983741521835,0.0,0.0,nan,nan,5.013413429260254,5.013413429260254,10.026826858520508,0.0,3.838183641433716,0.9947555065155029,0.0,0.0,0.0,0.9947555065155029,0.0,3.838183641433716,0.0,0.0,0.0,0.1282956898212433,-2.0937862396240234,3.3646388053894043,0.0,0.0,0.0,0.0,3.838183641433716,0.9947555065155029,0.0,0.0,0.0,0.9947555065155029,0.0,3.838183641433716,-0.0,-0.0,-0.0,0.12829560041427612,2.093785285949707,3.3646392822265625,0.0,0.0,0.0,4.470348358154297e-08,0.0,0.6000000238418579,0.0,0.05600003898143768,0.6000000238418579,-8.940696716308594e-08,-0.055999934673309326,0.5999999046325684,0.2565912902355194,-9.5367431640625e-07,6.729278087615967,0.0,0.0,0.0,5.811452865600586e-07,5.863503247383051e-07,-2.0582228899002075e-07,11.310935020446777,11.310933113098145,17.245126724243164,17.245126724243164,0.874110758304596,0.874110758304596,0.12588928639888763,0.12588928639888763,0.0,0.0,0.0,0.0,5.740962982177734,5.740962982177734,-1.9027791023254395,-1.9027791023254395,1.0693638324737549,1.0693638324737549,0.0,0.0,-0.07460828870534897,-0.07460828870534897,0.9947555065155029,0.9947555065155029,0.5500251054763794,0.5500251054763794,0.06249295175075531,0.06249295175075531,0.21632029116153717,0.21632029116153717,26.64727783203125,26.64727783203125,9.643239974975586,9.643239974975586,24.402040481567383,24.402040481567383,12.211423873901367,12.211423873901367,0.0,0.0,180.0
353,1.4708333333333332,-0.5039266549485342,-2.828918233516279,203.7168837224977,-0.5039266549485342,-2.828918233516279,203.7168837224977,5.0,-5.0,0.0,0.0,15.0,0,0.5,0.0,0.0,3.2,3.2,3.2,2.8289172649383545,2.8289172649383545,2.828917980194092,2.828918218612671,-0.5006639957427979,-0.5014616847038269,3.3711471557617188,3.095534086227417,-0.03754828870296478,-0.03754828870296478,0.0,0.0,nan,nan,3.3223369121551514,3.3223369121551514,6.644673824310303,0.0,3.371995449066162,0.8340057730674744,0.0,0.0,0.0,0.8340057730674744,0.0,3.371995449066162,0.0,0.0,0.0,0.08066068589687347,-1.877570390701294,2.921325206756592,0.0,0.0,0.0,0.0,3.371995449066162,0.8340057730674744,0.0,0.0,0.0,0.8340057730674744,0.0,3.371995449066162,-0.0,-0.0,-0.0,0.08066046237945557,1.8775697946548462,2.921325922012329,0.0,0.0,0.0,4.470348358154297e-08,0.0,0.6000000238418579,-1.4901161193847656e-07,0.0559999942779541,0.5999999642372131,-2.9802322387695312e-08,-0.055999934673309326,0.5999999642372131,0.16132114827632904,-5.960464477539062e-07,5.8426513671875,0.0,0.0,0.0,1.341104507446289e-07,7.739449756627437e-07,2.0675361156463623e-07,11.06464672088623,11.064643859863281,16.70958709716797,16.70958709716797,0.8820533156394958,0.8820533156394958,0.11794667690992355,0.11794667690992355,0.0,0.0,0.0,0.0,5.364361763000488,5.364361763000488,-1.992366909980774,-1.992366909980774,0.9075815081596375,0.9075815081596375,0.0,0.0,-0.0735757052898407,-0.0735757052898407,0.8340057730674744,0.8340057730674744,0.5500251054763794,0.5500251054763794,0.04573427140712738,0.04573427140712738,0.19658026099205017,0.19658026099205017,20.630693435668945,20.630693435668945,6.173776626586914,6.173776626586914,20.92591667175293,20.92591667175293,12.848642349243164,12.848642349243164,0.0,0.0,180.0
354,1.475,-0.51393268958125,-1.9711690132731823,207.76191323974845,-0.51393268958125,-1.9711690132731823,207.76191323974845,5.0,-5.0,0.0,0.0,15.0,0,0.5,0.0,0.0,3.2,3.2,3.2,1.9711686372756958,1.971169114112854,1.971168875694275,1.971169114112854,-0.5077975988388062,-0.5085494518280029,3.88814115524292,3.6296777725219727,-0.026163367554545403,-0.026163367554545403,0.0,0.0,nan,nan,1.959706425666809,1.959706425666809,3.919412851333618,0.0,2.918328285217285,0.6862674951553345,0.0,0.0,0.0,0.6862674951553345,0.0,2.918328285217285,0.0,0.0,0.0,0.03972753509879112,-1.6491361856460571,2.503272533416748,0.0,0.0,0.0,0.0,2.918328285217285,0.6862674951553345,0.0,0.0,0.0,0.6862674951553345,0.0,2.918328285217285,-0.0,-0.0,-0.0,0.03972723335027695,1.649135947227478,2.5032730102539062,0.0,0.0,0.0,4.470348358154297e-08,0.0,0.6000000238418579,-1.4901161193847656e-07,0.056000009179115295,0.6000000238418579,2.9802322387695312e-08,-0.055999964475631714,0.5999999642372131,0.07945476472377777,-2.384185791015625e-07,5.006545543670654,0.0,0.0,0.0,1.7881393432617188e-07,5.198554049457016e-07,2.759043127298355e-07,11.530000686645508,11.530000686645508,16.17677116394043,16.17677116394043,0.8820533156394958,0.8820533156394958,0.11794667690992355,0.11794667690992355,0.0,0.0,0.0,0.0,4.985516548156738,4.985516548156738,-2.067188262939453,-2.067188262939453,0.7589526772499084,0.7589526772499084,0.0,0.0,-0.07268518209457397,-0.07268518209457397,0.6862674951553345,0.6862674951553345,0.5500251054763794,0.5500251054763794,0.02783733792603016,0.02783733792603016,0.176480233669281,0.176480233669281,14.46108341217041,14.46108341217041,2.6117823123931885,2.6117823123931885,17.35900115966797,17.35900115966797,13.50094985961914,13.50094985961914,0.0,0.0,180.0
355,1.4791666666666667,-0.5203338556566806,-1.0995934586850287,210.34964221235074,-0.5203338556566806,-1.0995934586850287,210.34964221235074,5.0,-5.0,0.0,0.0,15.0,0,0.5,0.0,0.0,3.2,3.2,3.2,1.0995932817459106,1.0995932817459106,1.0995934009552002,1.0995934009552002,-0.5113916397094727,-0.5120924711227417,4.374275207519531,4.134702682495117,-0.014594926498830318,-0.014594926498830318,0.0,0.0,nan,nan,0.9330373406410217,0.9330373406410217,1.8660746812820435,0.0,2.4804887771606445,0.5530703067779541,0.0,0.0,0.0,0.5530703067779541,0.0,2.4804887771606445,0.0,0.0,0.0,0.006894588470458984,-1.414785623550415,2.1111717224121094,0.0,0.0,0.0,0.0,2.4804887771606445,0.5530703067779541,0.0,0.0,0.0,0.5530703067779541,0.0,2.4804887771606445,-0.0,-0.0,-0.0,0.0068944282829761505,1.4147846698760986,2.1111721992492676,0.0,0.0,0.0,4.470348358154297e-08,0.0,0.6000000238418579,-7.450580596923828e-08,0.05600002408027649,0.6000000238418579,-4.470348358154297e-08,-0.055999964475631714,0.6000000238418579,0.013789016753435135,-9.5367431640625e-07,4.222343921661377,0.0,0.0,0.0,9.685754776000977e-08,4.4042479885320063e-07,3.2800016924738884e-08,12.784287452697754,12.784287452697754,15.64927864074707,15.64927864074707,0.8820533156394958,0.8820533156394958,0.11794667690992355,0.11794667690992355,0.0,0.0,0.0,0.0,4.607021808624268,4.607021808624268,-2.126532793045044,-2.126532793045044,0.6250196695327759,0.6250196695327759,0.0,0.0,-0.07194940745830536,-0.07194940745830536,0.5530703067779541,0.5530703067779541,0.5500251054763794,0.5500251054763794,0.008932924829423428,0.008932924829423428,0.1561664193868637,0.1561664193868637,8.183931350708008,8.183931350708008,-1.016519546508789,-1.016519546508789,13.72754955291748,13.72754955291748,14.163772583007812,14.163772583007812,0.0,0.0,180.0
356,1.4833333333333334,-0.5230852535940391,-0.22030504604100978,211.46191958084287,-0.5230852535940391,-0.22030504604100978,211.46191958084287,5.0,-5.0,0.0,0.0,15.0,0,0.5,0.0,0.0,3.2,3.2,3.2,0.22030499577522278,0.22030498087406158,0.22030505537986755,0.22030504047870636,-0.511420488357544,-0.5120651125907898,4.826229572296143,4.6071600914001465,-0.0029241135343909264,-0.0029241135343909264,0.0,0.0,nan,nan,0.23866429924964905,0.23866429924964905,0.4773285984992981,0.0,2.0607638359069824,0.435388445854187,0.0,0.0,0.0,0.435388445854187,0.0,2.0607638359069824,0.0,0.0,0.0,-0.01670883595943451,-1.1800415515899658,1.7445725202560425,0.0,0.0,0.0,0.0,2.0607638359069824,0.435388445854187,0.0,0.0,0.0,0.435388445854187,0.0,2.0607638359069824,-0.0,-0.0,-0.0,-0.016708921641111374,1.1800413131713867,1.7445728778839111,0.0,0.0,0.0,4.470348358154297e-08,0.0,0.6000000238418579,-5.960464477539063e-08,0.05600002408027649,0.6000000238418579,-1.1920928955078125e-07,-0.05599991977214813,0.5999999642372131,-0.03341775760054588,-2.384185791015625e-07,3.489145278930664,0.0,0.0,0.0,2.3096799850463867e-07,4.689267996127455e-07,-7.33998604118824e-08,14.527331352233887,14.527335166931152,15.128838539123535,15.128838539123535,0.8820533156394958,0.8820533156394958,0.11794667690992355,0.11794667690992355,0.0,0.0,0.0,0.0,4.230625152587891,4.230625152587891,-2.169861316680908,-2.169861316680908,0.5067654848098755,0.5067654848098755,0.0,0.0,-0.07137700915336609,-0.07137700915336609,0.435388445854187,0.435388445854187,0.5500251054763794,0.5500251054763794,-0.010838652960956097,-0.010838652960956097,0.13578905165195465,0.13578905165195465,1.845848798751831,1.845848798751831,-4.684210777282715,-4.684210777282715,10.05850601196289,10.05850601196289,14.8324613571167,14.8324613571167,0.0,0.0,180.0
357,1.4875,-0.5221675843136717,0.6605286482120669,211.09094351865497,-0.5221675843136717,0.6605286482120669,211.09094351865497,5.0,-5.0,0.0,0.0,15.0,0,0.5,0.0,0.0,3.2,3.2,3.2,0.6605284810066223,0.6605284214019775,0.6605286598205566,0.6605286598205566,-0.5078827738761902,-0.5084665417671204,5.241014003753662,5.043916702270508,0.008767210878431797,0.008767210878431797,0.0,0.0,nan,nan,-0.13619016110897064,-0.13619016110897064,-0.2723803222179413,0.0,1.6604478359222412,0.33373790979385376,0.0,0.0,0.0,0.33373790979385376,0.0,1.6604478359222412,0.0,0.0,0.0,-0.030180659145116806,-0.949561357498169,1.402101993560791,0.0,0.0,0.0,0.0,1.6604478359222412,0.33373790979385376,0.0,0.0,0.0,0.33373790979385376,0.0,1.6604478359222412,-0.0,-0.0,-0.0,-0.03018070198595524,0.9495612382888794,1.4021022319793701,0.0,0.0,0.0,4.470348358154297e-08,0.0,0.6000000238418579,-1.043081283569336e-07,0.05600003898143768,0.6000000238418579,-4.470348358154297e-08,-0.055999934673309326,0.5999999642372131,-0.060361362993717194,-1.1920928955078125e-07,2.804204225540161,0.0,0.0,0.0,1.862645149230957e-07,3.360860887369199e-07,5.7392753660678864e-08,16.45307159423828,16.45307159423828,18.852121353149414,18.852121353149414,0.11794667690992355,0.11794667690992355,0.8820533156394958,0.8820533156394958,0.0,0.0,0.0,0.0,3.857262134552002,3.857262134552002,-2.1968142986297607,-2.1968142986297607,0.40471047163009644,0.40471047163009644,0.0,0.0,-0.07097258418798447,-0.07097258418798447,0.33373790979385376,0.33373790979385376,0.5500251054763794,0.5500251054763794,-0.03132893517613411,-0.03132893517613411,0.115500807762146,0.115500807762146,-4.50589656829834,-4.50589656829834,-8.363948822021484,-8.363948822021484,6.379219055175781,6.379219055175781,15.502325057983398,15.502325057983398,0.0,0.0,180.0
358,1.4916666666666667,-0.5175872846062356,1.5367292085870776,209.23931615631741,-0.5175872846062356,1.5367292085870776,209.23931615631741,5.0,-5.0,0.0,0.0,15.0,0,0.5,0.0,0.0,3.2,3.2,3.2,1.536728858947754,1.536729335784912,1.536729335784912,1.536729335784912,-0.5008018016815186,-0.501320481300354,5.615978240966797,5.442172527313232,0.020397039130330086,0.020397039130330086,0.0,0.0,nan,nan,-0.21110811829566956,-0.21110811829566956,-0.4222162365913391,0.0,1.279946208000183,0.24828621745109558,0.0,0.0,0.0,0.24828621745109558,0.0,1.279946208000183,0.0,0.0,0.0,-0.03279729560017586,-0.7271468639373779,1.0817070007324219,0.0,0.0,0.0,0.0,1.279946208000183,0.24828621745109558,0.0,0.0,0.0,0.24828621745109558,0.0,1.279946208000183,-0.0,-0.0,-0.0,-0.032797377556562424,0.7271467447280884,1.0817071199417114,0.0,0.0,0.0,4.470348358154297e-08,0.0,0.6000000238418579,-1.9371509552001953e-07,0.0559999942779541,0.5999999642372131,-2.9802322387695312e-08,-0.055999964475631714,0.5999999642372131,-0.06559467315673828,-1.1920928955078125e-07,2.1634140014648438,0.0,0.0,0.0,2.2351741790771484e-08,3.424022452236386e-07,1.1560041457414627e-07,18.39736557006836,18.397369384765625,23.946260452270508,23.946269989013672,0.11794667690992355,0.11794667690992355,0.8820533156394958,0.8820533156394958,0.0,0.0,0.0,0.0,3.4871673583984375,3.4871673583984375,-2.207221508026123,-2.207221508026123,0.3190230131149292,0.3190230131149292,0.0,0.0,-0.07073679566383362,-0.07073679566383362,0.24828621745109558,0.24828621745109558,0.5500251054763794,0.5500251054763794,-0.052383020520210266,-0.052383020520210266,0.09545519202947617,0.09545519202947617,-10.823899269104004,-10.823899269104004,-12.028267860412598,-12.028267860412598,2.7171530723571777,2.7171530723571777,16.168664932250977,16.168664932250977,0.0,0.0,180.0
359,1.4958333333333333,-0.5093764819832374,2.4021507177023,205.9200253293844,-0.5093764819832374,2.4021507177023,205.9200253293844,5.0,-5.0,0.0,0.0,15.0,0,0.5,0.0,0.0,3.2,3.2,3.2,2.4021506309509277,2.4021503925323486,2.402150869369507,2.4021506309509277,-0.49022507667541504,-0.490674763917923,5.948809623718262,5.799466133117676,0.03188379481434822,0.03188379481434822,0.0,0.0,nan,nan,-0.010292328894138336,-0.010292328894138336,-0.020584657788276672,0.0,0.9189502000808716,0.17895585298538208,0.0,0.0,0.0,0.17895585298538208,0.0,0.9189502000808716,0.0,0.0,0.0,-0.023977410048246384,-0.5158356428146362,0.7809182405471802,0.0,0.0,0.0,0.0,0.9189502000808716,0.17895585298538208,0.0,0.0,0.0,0.17895585298538208,0.0,0.9189502000808716,-0.0,-0.0,-0.0,-0.023977480828762054,0.5158354043960571,0.7809183597564697,0.0,0.0,0.0,4.470348358154297e-08,0.0,0.6000000238418579,-2.9802322387695312e-08,0.05600002408027649,0.5999999642372131,-2.9802322387695312e-08,-0.055999934673309326,0.6000000238418579,-0.04795489087700844,-2.384185791015625e-07,1.56183660030365,0.0,0.0,0.0,3.3527612686157227e-08,1.1779505371123378e-07,-1.862645149230957e-09,20.273359298706055,20.273359298706055,28.664392471313477,28.664392471313477,0.11794667690992355,0.11794667690992355,0.8820533156394958,0.8820533156394958,0.0,0.0,0.0,0.0,3.1200499534606934,3.1200499534606934,-2.2010998725891113,-2.2010998725891113,0.24962228536605835,0.24962228536605835,0.0,0.0,-0.07066641002893448,-0.07066641002893448,0.17895585298538208,0.17895585298538208,0.5500251054763794,0.5500251054763794,-0.07384130358695984,-0.07384130358695984,0.07580475509166718,0.07580475509166718,-17.06112289428711,-17.06112289428711,-15.649868965148926,-15.649868965148926,-0.900409460067749,-0.900409460067749,16.82680892944336,16.82680892944336,0.0,0.0,180.0
360,1.5,-0.4975927693256246,3.2507228654757134,201.1563534781,-0.4975927693256246,3.2507228654757134,201.1563534781,5.0,-5.0,0.0,0.0,15.0,0,0.5,0.0,0.0,3.2,3.2,3.2,3.2507216930389404,3.250722885131836,3.250722885131836,3.250722885131836,-0.4762246310710907,-0.4766022562980652,6.237537384033203,6.113650798797607,0.04314691200852394,0.04314691200852394,0.0,0.0,nan,nan,0.43916523456573486,0.43916523456573486,0.8783304691314697,0.0,0.576674222946167,0.1255037784576416,0.0,0.0,0.0,0.1255037784576416,0.0,0.576674222946167,0.0,0.0,0.0,-0.003272656351327896,-0.31805920600891113,0.49712374806404114,0.0,0.0,0.0,0.0,0.576674222946167,0.1255037784576416,0.0,0.0,0.0,0.1255037784576416,0.0,0.576674222946167,-0.0,-0.0,-0.0,-0.00327268335968256,0.3180590569972992,0.4971238374710083,0.0,0.0,0.0,4.470348358154297e-08,0.0,0.6000000238418579,-1.4901161193847656e-07,0.05600002408027649,0.6000000238418579,-1.4901161193847656e-08,-0.055999964475631714,0.5999999642372131,-0.006545339711010456,-1.4901161193847656e-07,0.994247555732727,0.0,0.0,0.0,4.284083843231201e-08,1.2612633781827753e-07,4.132743924856186e-08,22.03261947631836,22.03261947631836,32.858890533447266,32.858890533447266,0.11794667690992355,0.11794667690992355,0.8820533156394958,0.8820533156394958,0.0,0.0,0.0,0.0,2.755321979522705,2.755321979522705,-2.178647994995117,-2.178647994995117,0.19625826179981232,0.19625826179981232,0.0,0.0,-0.07075448334217072,-0.07075448334217072,0.1255037784576416,0.1255037784576416,0.5500251054763794,0.5500251054763794,-0.09554140269756317,-0.09554140269756317,0.05669916793704033,0.05669916793704033,-23.17140769958496,-23.17140769958496,-19.201923370361328,-19.201923370361328,-4.446667194366455,-4.446667194366455,17.472135543823242,17.472135543823242,0.0,0.0,180.0
361,1.5041666666666667,-0.4823188009111041,4.076493527988973,194.98171433780732,-0.4823188009111041,4.076493527988973,194.98171433780732,5.0,-5.0,0.0,0.0,15.0,0,0.5,0.0,0.0,3.2,3.2,3.2,4.076493263244629,4.076493740081787,4.076493740081787,4.076493740081787,-0.45889633893966675,-0.45919913053512573,6.480495452880859,6.382896900177002,0.05410738289356232,0.05410738289356232,0.0,0.0,nan,nan,1.1083641052246094,1.1083641052246094,2.2167282104492188,0.0,0.2521173357963562,0.08756452798843384,0.0,0.0,0.0,0.08756452798843384,0.0,0.2521173357963562,0.0,0.0,0.0,0.02960710972547531,-0.13582462072372437,0.22782842814922333,0.0,0.0,0.0,0.0,0.2521173357963562,0.08756452798843384,0.0,0.0,0.0,0.08756452798843384,0.0,0.2521173357963562,-0.0,-0.0,-0.0,0.029607098549604416,0.1358245611190796,0.22782845795154572,0.0,0.0,0.0,4.470348358154297e-08,0.0,0.6000000238418579,-1.1920928955078125e-07,0.056000009179115295,0.6000000238418579,2.9802322387695312e-08,-0.0559999942779541,0.6000000238418579,0.05921420827507973,-5.960464477539063e-08,0.45565688610076904,0.0,0.0,0.0,1.862645149230957e-09,4.073890025324545e-08,1.9208528101444244e-08,23.64927864074707,23.64927864074707,36.49431228637695,36.49431228637695,0.11794667690992355,0.11794667690992355,0.864794909954071,0.864794909954071,0.017258400097489357,0.017258400097489357,0.0,0.0,2.39235258102417,2.39235258102417,-2.140235185623169,-2.140235185623169,0.15855492651462555,0.15855492651462555,0.0,0.0,-0.07099039852619171,-0.07099039852619171,0.08756452798843384,0.08756452798843384,0.5500251054763794,0.5500251054763794,-0.1173200011253357,-0.1173200011253357,0.03828355297446251,0.03828355297446251,-29.109941482543945,-29.109941482543945,-22.658329010009766,-22.658329010009766,-7.895561218261719,-7.895561218261719,18.10012435913086,18.10012435913086,0.0,0.0,180.0
362,1.5083333333333333,-0.46366171265377176,4.873670517359981,187.43941856560312,-0.46366171265377176,4.873670517359981,187.43941856560312,5.0,-5.0,0.0,0.0,15.0,0,0.5,0.0,0.0,3.2,3.2,3.2,4.87367057800293,4.873669147491455,4.87367057800293,4.87367057800293,-0.4383597671985626,-0.4385853707790375,6.676324367523193,6.605666637420654,0.06468833237886429,0.06468833237886429,0.0,0.0,nan,nan,1.966996431350708,1.966996431350708,3.933992862701416,0.0,-0.05567288398742676,0.06465335190296173,0.0,0.0,0.0,0.06465335190296173,0.0,-0.05567288398742676,0.0,0.0,0.0,0.07473243772983551,0.029112735763192177,-0.029103919863700867,0.0,0.0,0.0,0.0,-0.05567288398742676,0.06465335190296173,0.0,0.0,0.0,0.06465335190296173,0.0,-0.05567288398742676,-0.0,-0.0,-0.0,0.07473243027925491,-0.02911272458732128,-0.02910393476486206,0.0,0.0,0.0,4.470348358154297e-08,0.0,0.6000000238418579,2.9802322387695312e-08,0.05600005388259888,0.6000000238418579,-1.1920928955078125e-07,-0.055999934673309326,0.6000000238418579,0.14946487545967102,1.1175870895385742e-08,-0.05820785462856293,0.0,0.0,0.0,-2.561137080192566e-09,-5.204189079677235e-09,-5.122274160385132e-09,25.11191749572754,25.11191177368164,39.592567443847656,39.59256362915039,0.11794667690992355,0.11794667690992355,0.767946183681488,0.767946183681488,0.11410718411207199,0.11410718411207199,0.0,0.0,2.0307133197784424,2.0307133197784424,-2.086386203765869,-2.086386203765869,0.13601350784301758,0.13601350784301758,0.0,0.0,-0.07136015594005585,-0.07136015594005585,0.06465335190296173,0.06465335190296173,0.5500251054763794,0.5500251054763794,-0.13901470601558685,-0.13901470601558685,0.020696725696325302,0.020696725696325302,-34.83368682861328,-34.83368682861328,-25.99399757385254,-25.99399757385254,-11.222052574157715,-11.222052574157715,18.706369400024414,18.706369400024414,0.0,0.0,180.0
363,1.5125,-0.44175237062265504,5.636662209779113,178.58236994719798,-0.44175237062265504,5.636662209779113,178.58236994719798,5.0,-5.0,0.0,0.0,15.0,0,0.5,0.0,0.0,3.2,3.2,3.2,5.636661052703857,5.636662483215332,5.636662006378174,5.636662006378174,-0.4147568345069885,-0.41490378975868225,6.823953628540039,6.780700206756592,0.074815534055233,0.074815534055233,0.0,0.0,nan,nan,2.9832041263580322,2.9832041263580322,5.9664082527160645,0.0,-0.34737056493759155,0.05613494664430618,0.0,0.0,0.0,0.05613494664430618,0.0,-0.34737056493759155,0.0,0.0,0.0,0.13186773657798767,0.17511847615242004,-0.2752487361431122,0.0,0.0,0.0,0.0,-0.34737056493759155,0.05613494664430618,0.0,0.0,0.0,0.05613494664430618,0.0,-0.34737056493759155,-0.0,-0.0,-0.0,0.13186776638031006,-0.17511847615242004,-0.2752487361431122,0.0,0.0,0.0,4.470348358154297e-08,0.0,0.6000000238418579,-1.043081283569336e-07,0.0559999942779541,0.5999999642372131,5.960464477539063e-08,-0.0559999942779541,0.6000000238418579,0.26373550295829773,0.0,-0.5504974722862244,0.0,0.0,0.0,1.0244548320770264e-08,-4.4773660334840315e-08,-2.7474015951156616e-08,26.418601989746094,26.418607711791992,42.20277786254883,42.20277786254883,0.11794667690992355,0.11794667690992355,0.6812697052955627,0.6812697052955627,0.20078371465206146,0.20078371465206146,0.0,0.0,1.670389175415039,1.670389175415039,-2.0177597999572754,-2.0177597999572754,0.12798134982585907,0.12798134982585907,0.0,0.0,-0.07184641063213348,-0.07184641063213348,0.05613494664430618,0.05613494664430618,0.5500251054763794,0.5500251054763794,-0.16046582162380219,-0.16046582162380219,0.0040695699863135815,0.0040695699863135815,-40.30179977416992,-40.30179977416992,-29.185060501098633,-29.185060501098633,-14.402338981628418,-14.402338981628418,19.2866153717041,19.2866153717041,0.0,0.0,180.0
364,1.5166666666666666,-0.4167444531102597,6.360116766732884,168.4726943148686,-0.4167444531102597,6.360116766732884,168.4726943148686,5.0,-5.0,0.0,0.0,15.0,0,0.5,0.0,0.0,3.2,3.2,3.2,6.360116004943848,6.3601155281066895,6.360117435455322,6.360117435455322,-0.3882518708705902,-0.3883189558982849,6.922579765319824,6.907018661499023,0.08441796153783798,0.08441796153783798,0.0,0.0,nan,nan,4.123132705688477,4.123132705688477,8.246265411376953,0.0,-0.623191237449646,0.061170704662799835,0.0,0.0,0.0,0.061170704662799835,0.0,-0.623191237449646,0.0,0.0,0.0,0.200374037027359,0.3006105124950409,-0.5114613771438599,0.0,0.0,0.0,0.0,-0.623191237449646,0.061170704662799835,0.0,0.0,0.0,0.061170704662799835,0.0,-0.623191237449646,-0.0,-0.0,-0.0,0.2003740519285202,-0.30061042308807373,-0.5114614367485046,0.0,0.0,0.0,4.470348358154297e-08,0.0,0.6000000238418579,-1.1920928955078125e-07,0.0559999942779541,0.5999999642372131,1.4901161193847656e-08,-0.055999964475631714,0.5999999642372131,0.400748074054718,8.940696716308594e-08,-1.0229227542877197,0.0,0.0,0.0,-1.1175870895385742e-08,-1.229642379030338e-07,-4.563480615615845e-08,27.573394775390625,27.573394775390625,44.38374328613281,44.38374328613281,0.11794667690992355,0.11794667690992355,0.6136804223060608,0.6136804223060608,0.26837289333343506,0.26837289333343506,0.0,0.0,1.3119357824325562,1.3119357824325562,-1.9351270198822021,-1.9351270198822021,0.13359972834587097,0.13359972834587097,0.0,0.0,-0.07242901623249054,-0.07242901623249054,0.061170704662799835,0.061170704662799835,0.5500251054763794,0.5500251054763794,-0.18151791393756866,-0.18151791393756866,-0.011476353742182255,-0.011476353742182255,-45.47592544555664,-45.47592544555664,-32.209083557128906,-32.209083557128906,-17.414060592651367,-17.414060592651367,19.836793899536133,19.836793899536133,0.0,0.0,180.0
365,1.5208333333333333,-0.3888133726897735,7.0389596743055876,157.18130377938473,-0.3888133726897735,7.0389596743055876,157.18130377938473,5.0,-5.0,0.0,0.0,15.0,0,0.5,0.0,0.0,3.2,3.2,3.2,7.0389580726623535,7.038959980010986,7.038959980010986,7.038959980010986,-0.359029620885849,-0.35901641845703125,6.971678256988525,6.983892917633057,0.09342825412750244,0.09342825412750244,0.0,0.0,nan,nan,5.350471019744873,5.350471019744873,10.700942039489746,0.0,-0.8827828168869019,0.07866059988737106,0.0,0.0,0.0,0.07866059988737106,0.0,-0.8827828168869019,0.0,0.0,0.0,0.2791215479373932,0.4040684401988983,-0.7377756237983704,0.0,0.0,0.0,0.0,-0.8827828168869019,0.07866059988737106,0.0,0.0,0.0,0.07866059988737106,0.0,-0.8827828168869019,-0.0,-0.0,-0.0,0.27912163734436035,-0.404068261384964,-0.7377756834030151,0.0,0.0,0.0,4.470348358154297e-08,0.0,0.6000000238418579,-1.1920928955078125e-07,0.05600005388259888,0.6000000238418579,7.450580596923828e-08,-0.055999964475631714,0.6000000238418579,0.5582431554794312,1.7881393432617188e-07,-1.4755513668060303,0.0,0.0,0.0,-6.332993507385254e-08,-9.894341701510712e-08,-9.872019290924072e-08,28.58386993408203,28.58387565612793,46.19440460205078,46.19440841674805,0.11794667690992355,0.11794667690992355,0.557930588722229,0.557930588722229,0.32412275671958923,0.32412275671958923,0.0,0.0,0.9565655589103699,0.9565655589103699,-1.839348316192627,-1.839348316192627,0.15174582600593567,0.15174582600593567,0.0,0.0,-0.0730852335691452,-0.0730852335691452,0.07866059988737106,0.07866059988737106,0.5500251054763794,0.5500251054763794,-0.20202119648456573,-0.20202119648456573,-0.025829829275608063,-0.025829829275608063,-50.320491790771484,-50.320491790771484,-35.045188903808594,-35.045188903808594,-20.23642921447754,-20.23642921447754,20.353044509887695,20.353044509887695,0.0,0.0,180.0
366,1.525,-0.35815504582189145,7.668429337248586,144.7873993324995,-0.35815504582189145,7.668429337248586,144.7873993324995,5.0,-5.0,0.0,0.0,15.0,0,0.5,0.0,0.0,3.2,3.2,3.2,7.668429851531982,7.668428897857666,7.668429851531982,7.668429851531982,-0.32729458808898926,-0.3272010385990143,6.970983982086182,7.010876655578613,0.10178322345018387,0.10178322345018387,0.0,0.0,nan,nan,6.626235008239746,6.626235008239746,13.252470016479492,0.0,-1.1251857280731201,0.10719642043113708,0.0,0.0,0.0,0.10719642043113708,0.0,-1.1251857280731201,0.0,0.0,0.0,0.36642986536026,0.4841136634349823,-0.953360915184021,0.0,0.0,0.0,0.0,-1.1251857280731201,0.10719642043113708,0.0,0.0,0.0,0.10719642043113708,0.0,-1.1251857280731201,-0.0,-0.0,-0.0,0.36642986536026,-0.4841134250164032,-0.9533610343933105,0.0,0.0,0.0,4.470348358154297e-08,0.0,0.6000000238418579,1.4901161193847656e-08,0.05600005388259888,0.6000000238418579,2.9802322387695312e-08,-0.0559999942779541,0.6000000238418579,0.73285973072052,2.384185791015625e-07,-1.9067219495773315,0.0,0.0,0.0,-5.21540641784668e-08,-4.26185557955705e-08,-2.9802322387695312e-08,29.459508895874023,29.459508895874023,47.689090728759766,47.689090728759766,0.11794667690992355,0.11794667690992355,0.5156482458114624,0.5156482458114624,0.366405189037323,0.366405189037323,0.0,0.0,0.606163501739502,0.606163501739502,-1.7313491106033325,-1.7313491106033325,0.18098676204681396,0.18098676204681396,0.0,0.0,-0.07379033416509628,-0.07379033416509628,0.10719642043113708,0.10719642043113708,0.5500251054763794,0.5500251054763794,-0.22183279693126678,-0.22183279693126678,-0.03889114782214165,-0.03889114782214165,-54.80289077758789,-54.80289077758789,-37.67424774169922,-37.67424774169922,-22.85040855407715,-22.85040855407715,20.831748962402344,20.831748962402344,0.0,0.0,180.0
367,1.5291666666666666,-0.3249845186416129,8.24411047814969,131.37791530889908,-0.3249845186416129,8.24411047814969,131.37791530889908,5.0,-5.0,0.0,0.0,15.0,0,0.5,0.0,0.0,3.2,3.2,3.2,8.244109153747559,8.244107246398926,8.244110107421875,8.244110107421875,-0.2932693362236023,-0.293096125125885,6.920511722564697,6.987782001495361,0.10942424833774567,0.10942424833774567,0.0,0.0,nan,nan,7.908926963806152,7.908926963806152,15.817853927612305,0.0,-1.348850965499878,0.14503847062587738,0.0,0.0,0.0,0.14503847062587738,0.0,-1.348850965499878,0.0,0.0,0.0,0.46004724502563477,0.5396453738212585,-1.1565356254577637,0.0,0.0,0.0,0.0,-1.348850965499878,0.14503847062587738,0.0,0.0,0.0,0.14503847062587738,0.0,-1.348850965499878,-0.0,-0.0,-0.0,0.46004718542099,-0.5396449565887451,-1.1565357446670532,0.0,0.0,0.0,4.470348358154297e-08,0.0,0.6000000238418579,1.4901161193847656e-08,0.056000083684921265,0.6000000238418579,-1.4901161193847656e-08,-0.055999934673309326,0.5999999642372131,0.9200944304466248,4.172325134277344e-07,-2.3130712509155273,0.0,0.0,0.0,-2.0116567611694336e-07,-1.3082329530789139e-07,-5.774199962615967e-08,30.210477828979492,30.210477828979492,48.91554260253906,48.9155387878418,0.11794667690992355,0.11794667690992355,0.4873591661453247,0.4873591661453247,0.3946942090988159,0.3946942090988159,0.0,0.0,0.2632458209991455,0.2632458209991455,-1.6120967864990234,-1.6120967864990234,0.21955665946006775,0.21955665946006775,0.0,0.0,-0.07451818883419037,-0.07451818883419037,0.14503847062587738,0.14503847062587738,0.5500251054763794,0.5500251054763794,-0.24081756174564362,-0.24081756174564362,-0.050572484731674194,-0.050572484731674194,-58.89363479614258,-58.89363479614258,-40.07889175415039,-40.07889175415039,-25.238737106323242,-25.238737106323242,21.269546508789062,21.269546508789062,0.0,0.0,180.0
368,1.5333333333333332,-0.28953445856411925,8.761965107431754,117.04690960430923,-0.28953445856411925,8.761965107431754,117.04690960430923,5.0,-5.0,0.0,0.0,15.0,0,0.5,0.0,0.0,3.2,3.2,3.2,8.761962890625,8.761963844299316,8.761964797973633,8.76196575164795,-0.2571929097175598,-0.25694116950035095,6.820553302764893,6.914708137512207,0.11629774421453476,0.11629774421453476,0.0,0.0,nan,nan,9.155205726623535,9.155205726623535,18.31041145324707,0.0,-1.5517206192016602,0.1901247352361679,0.0,0.0,0.0,0.1901247352361679,0.0,-1.5517206192016602,0.0,0.0,0.0,0.5571818947792053,0.5700148940086365,-1.3448479175567627,0.0,0.0,0.0,0.0,-1.5517206192016602,0.1901247352361679,0.0,0.0,0.0,0.1901247352361679,0.0,-1.5517206192016602,-0.0,-0.0,-0.0,0.5571820139884949,-0.5700146555900574,-1.3448479175567627,0.0,0.0,0.0,4.470348358154297e-08,0.0,0.6000000238418579,-8.940696716308594e-08,0.0559999942779541,0.5999999642372131,2.9802322387695312e-08,-0.055999964475631714,0.6000000238418579,1.1143639087677002,2.384185791015625e-07,-2.6896958351135254,0.0,0.0,0.0,-7.450580596923828e-09,-2.3360857426268922e-07,-7.636845111846924e-08,30.846933364868164,30.846939086914062,49.914554595947266,49.91456604003906,0.11794667690992355,0.11794667690992355,0.45904016494750977,0.45904016494750977,0.42301318049430847,0.42301318049430847,0.0,0.0,-0.06913800537586212,-0.06913800537586212,-1.482582688331604,-1.482582688331604,0.265366792678833,0.265366792678833,0.0,0.0,-0.07524202764034271,-0.07524202764034271,0.1901247352361679,0.1901247352361679,0.5500251054763794,0.5500251054763794,-0.25884881615638733,-0.25884881615638733,-0.06079844385385513,-0.06079844385385513,-62.56645202636719,-62.56645202636719,-42.243629455566406,-42.243629455566406,-27.386035919189453,-27.386035919189453,21.66337013244629,21.66337013244629,0.0,0.0,180.0
369,1.5375,-0.25205352229001665,9.218360846948467,101.8949039269324,-0.25205352229001665,9.218360846948467,101.8949039269324,5.0,-5.0,0.0,0.0,15.0,0,0.5,0.0,0.0,3.2,3.2,3.2,9.21835994720459,9.218358993530273,9.218360900878906,9.218361854553223,-0.21932414174079895,-0.218995600938797,6.670876979827881,6.79122257232666,0.12235549092292786,0.12235549092292786,0.0,0.0,nan,nan,10.279123306274414,10.279123306274414,20.558246612548828,0.0,-1.7239165306091309,0.23365774750709534,0.0,0.0,0.0,0.23365774750709534,0.0,-1.7239165306091309,0.0,0.0,0.0,0.6465334892272949,0.5727429389953613,-1.5101139545440674,0.0,0.0,0.0,0.0,-1.7239165306091309,0.23365774750709534,0.0,0.0,0.0,0.23365774750709534,0.0,-1.7239165306091309,-0.0,-0.0,-0.0,0.6465336084365845,-0.5727425217628479,-1.510114073753357,0.0,0.0,0.0,4.470348358154297e-08,0.0,0.6000000238418579,-7.450580596923828e-08,0.05600002408027649,0.6000000238418579,-5.960464477539063e-08,-0.055999934673309326,0.5999999642372131,1.2930670976638794,4.172325134277344e-07,-3.0202279090881348,0.0,0.0,0.0,-1.564621925354004e-07,-3.7607318859045336e-07,-5.960464477539063e-08,31.378517150878906,31.378522872924805,50.72021484375,50.72022247314453,0.11794667690992355,0.11794667690992355,0.43071863055229187,0.43071863055229187,0.45133471488952637,0.45133471488952637,0.002056337660178542,0.002056337660178542,-0.3875378966331482,-0.3875378966331482,-1.3438032865524292,-1.3438032865524292,0.3160493075847626,0.3160493075847626,0.0,0.0,-0.0759352296590805,-0.0759352296590805,0.23365774750709534,0.23365774750709534,0.5500251054763794,0.5500251054763794,-0.27580901980400085,-0.27580901980400085,-0.06950617581605911,-0.06950617581605911,-65.79830169677734,-65.79830169677734,-44.15483474731445,-44.15483474731445,-29.27880859375,-29.27880859375,22.010454177856445,22.010454177856445,0.0,0.0,180.0
370,1.5416666666666667,-0.21280461165725867,9.61009640850693,86.02817870989688,-0.21280461165725867,9.61009640850693,86.02817870989688,5.0,-5.0,0.0,0.0,15.0,0,0.5,0.0,0.0,3.2,3.2,3.2,9.610097885131836,9.610095024108887,9.610095977783203,9.610095977783203,-0.1799333244562149,-0.17953012883663177,6.471787452697754,6.617427349090576,0.1275550127029419,0.1275550127029419,0.0,0.0,nan,nan,11.205221176147461,11.205221176147461,22.410442352294922,0.0,-1.8574371337890625,0.2673576772212982,0.0,0.0,0.0,0.2673576772212982,0.0,-1.8574371337890625,0.0,0.0,0.0,0.7175978422164917,0.5478834509849548,-1.64512300491333,0.0,0.0,0.0,0.0,-1.8574371337890625,0.2673576772212982,0.0,0.0,0.0,0.2673576772212982,0.0,-1.8574371337890625,-0.0,-0.0,-0.0,0.7175978422164917,-0.5478828549385071,-1.6451232433319092,0.0,0.0,0.0,4.470348358154297e-08,0.0,0.6000000238418579,1.4901161193847656e-08,0.056000083684921265,0.6000000238418579,-1.4901161193847656e-08,-0.055999964475631714,0.6000000238418579,1.4351956844329834,5.960464477539062e-07,-3.2902462482452393,0.0,0.0,0.0,-1.7881393432617188e-07,-1.4708547269037808e-07,-6.705522537231445e-08,31.81400489807129,31.81400489807129,51.36043167114258,51.36043167114258,0.11794667690992355,0.11794667690992355,0.4165618121623993,0.4165618121623993,0.46549156308174133,0.46549156308174133,0.00794259924441576,0.00794259924441576,-0.6882556080818176,-0.6882556080818176,-1.1967494487762451,-1.1967494487762451,0.3690338730812073,0.3690338730812073,0.0,0.0,-0.0765722244977951,-0.0765722244977951,0.2673576772212982,0.2673576772212982,0.5500251054763794,0.5500251054763794,-0.2915896475315094,-0.2915896475315094,-0.07664507627487183,-0.07664507627487183,-68.5693359375,-68.5693359375,-45.80072021484375,-45.80072021484375,-30.9053897857666,-30.9053897857666,22.308364868164062,22.308364868164062,0.0,0.0,180.0
371,1.5458333333333334,-0.1720630295736276,9.93442404860446,69.55802763037259,-0.1720630295736276,9.93442404860446,69.55802763037259,5.0,-5.0,0.0,0.0,15.0,0,0.5,0.0,0.0,3.2,3.2,3.2,9.934426307678223,9.934422492980957,9.934423446655273,9.934423446655273,-0.13928596675395966,-0.1388108730316162,6.2264204025268555,6.396311283111572,0.13185980916023254,0.13185980916023254,0.0,0.0,nan,nan,11.99386978149414,11.99386978149414,23.98773956298828,0.0,-1.9674088954925537,0.3036646842956543,0.0,0.0,0.0,0.3036646842956543,0.0,-1.9674088954925537,0.0,0.0,0.0,0.7855778336524963,0.5032727122306824,-1.7585488557815552,0.0,0.0,0.0,0.0,-1.9674088954925537,0.3036646842956543,0.0,0.0,0.0,0.3036646842956543,0.0,-1.9674088954925537,-0.0,-0.0,-0.0,0.7855777740478516,-0.5032721757888794,-1.7585489749908447,0.0,0.0,0.0,4.470348358154297e-08,0.0,0.6000000238418579,4.470348358154297e-08,0.05600005388259888,0.5999999642372131,-5.960464477539063e-08,-0.055999934673309326,0.5999999642372131,1.5711555480957031,5.364418029785156e-07,-3.5170979499816895,0.0,0.0,0.0,-2.0116567611694336e-07,-2.7707912408914126e-07,-4.470348358154297e-08,32.1611328125,32.1611328125,51.85767364501953,51.85767364501953,0.11794667690992355,0.11794667690992355,0.4024088680744171,0.4024088680744171,0.4796445071697235,0.4796445071697235,0.012195754796266556,0.012195754796266556,-0.9675174355506897,-0.9675174355506897,-1.0423979759216309,-1.0423979759216309,0.42165058851242065,0.42165058851242065,0.0,0.0,-0.07712945342063904,-0.07712945342063904,0.3036646842956543,0.3036646842956543,0.5500251054763794,0.5500251054763794,-0.3060917258262634,-0.3060917258262634,-0.08217675238847733,-0.08217675238847733,-70.86294555664062,-70.86294555664062,-47.171409606933594,-47.171409606933594,-32.25603485107422,-32.25603485107422,22.555011749267578,22.555011749267578,0.0,0.0,180.0
372,1.55,-0.13011454896465194,10.189068841874874,52.59997696439441,-0.13011454896465194,10.189068841874874,52.59997696439441,5.0,-5.0,0.0,0.0,15.0,0,0.5,0.0,0.0,3.2,3.2,3.2,10.189068794250488,10.189068794250488,10.189068794250488,10.189068794250488,-0.09767371416091919,-0.09713001549243927,5.935433864593506,6.128347396850586,0.13523972034454346,0.13523972034454346,0.0,0.0,nan,nan,12.566417694091797,12.566417694091797,25.132835388183594,0.0,-2.0433926582336426,0.3335074782371521,0.0,0.0,0.0,0.3335074782371521,0.0,-2.0433926582336426,0.0,0.0,0.0,0.8386393189430237,0.4394078850746155,-1.8412728309631348,0.0,0.0,0.0,0.0,-2.0433926582336426,0.3335074782371521,0.0,0.0,0.0,0.3335074782371521,0.0,-2.0433926582336426,-0.0,-0.0,-0.0,0.8386393189430237,-0.4394075870513916,-1.8412729501724243,0.0,0.0,0.0,4.470348358154297e-08,0.0,0.6000000238418579,-4.470348358154297e-08,0.05600005388259888,0.5999999642372131,-4.470348358154297e-08,-0.055999964475631714,0.6000000238418579,1.6772786378860474,2.980232238769531e-07,-3.6825456619262695,0.0,0.0,0.0,-1.2665987014770508e-07,-3.7923206264167675e-07,-7.450580596923828e-08,32.42644500732422,32.42644500732422,52.22949981689453,52.22949981689453,0.11794667690992355,0.11794667690992355,0.4024088680744171,0.4024088680744171,0.4796445071697235,0.4796445071697235,0.017258400097489357,0.017258400097489357,-1.221634864807129,-1.221634864807129,-0.8817076683044434,-0.8817076683044434,0.47124993801116943,0.47124993801116943,0.0,0.0,-0.07758612930774689,-0.07758612930774689,0.3335074782371521,0.3335074782371521,0.5500251054763794,0.5500251054763794,-0.31922540068626404,-0.31922540068626404,-0.08607429265975952,-0.08607429265975952,-72.66558837890625,-72.66558837890625,-48.2587776184082,-48.2587776184082,-33.322776794433594,-33.322776794433594,22.748666763305664,22.748666763305664,0.0,0.0,180.0
373,1.5541666666666667,-0.08725340828186545,10.372244638055388,35.272975253043036,-0.08725340828186545,10.372244638055388,35.272975253043036,5.0,-5.0,0.0,0.0,15.0,0,0.5,0.0,0.0,3.2,3.2,3.2,10.372241973876953,10.372241020202637,10.372243881225586,10.372243881225586,-0.05538944527506828,-0.05478084087371826,5.600714683532715,5.815255641937256,0.13767102360725403,0.13767102360725403,0.0,0.0,nan,nan,12.896720886230469,12.896720886230469,25.793441772460938,0.0,-2.083435297012329,0.355180025100708,0.0,0.0,0.0,0.355180025100708,0.0,-2.083435297012329,0.0,0.0,0.0,0.8741793632507324,0.36042553186416626,-1.8901745080947876,0.0,0.0,0.0,0.0,-2.083435297012329,0.355180025100708,0.0,0.0,0.0,0.355180025100708,0.0,-2.083435297012329,-0.0,-0.0,-0.0,0.8741793632507324,-0.36042505502700806,-1.8901745080947876,0.0,0.0,0.0,4.470348358154297e-08,0.0,0.6000000238418579,-5.960464477539063e-08,0.05600002408027649,0.5999999642372131,-5.960464477539063e-08,-0.055999934673309326,0.6000000238418579,1.7483587265014648,4.76837158203125e-07,-3.780349016189575,0.0,0.0,0.0,-1.4901161193847656e-07,-4.464262701731059e-07,-7.82310962677002e-08,32.615177154541016,32.615177154541016,52.489070892333984,52.489070892333984,0.11794667690992355,0.11794667690992355,0.3882598280906677,0.3882598280906677,0.4937935173511505,0.4937935173511505,0.023084618151187897,0.023084618151187897,-1.4471688270568848,-1.4471688270568848,-0.7156213521957397,-0.7156213521957397,0.5153317451477051,0.5153317451477051,0.0,0.0,-0.07792520523071289,-0.07792520523071289,0.355180025100708,0.355180025100708,0.5500251054763794,0.5500251054763794,-0.3309100866317749,-0.3309100866317749,-0.08832192420959473,-0.08832192420959473,-73.96683502197266,-73.96683502197266,-49.056514739990234,-49.056514739990234,-34.09943389892578,-34.09943389892578,22.887969970703125,22.887969970703125,0.0,0.0,180.0
374,1.5583333333333333,-0.043780247631467234,10.482666590547439,17.698558963888576,-0.043780247631467234,10.482666590547439,17.698558963888576,5.0,-5.0,0.0,0.0,15.0,0,0.5,0.0,0.0,3.2,3.2,3.2,10.48266315460205,10.48266315460205,10.482666969299316,10.482666969299316,-0.012718332931399345,-0.012049080803990364,5.226443767547607,5.46110200881958,0.1391366571187973,0.1391366571187973,0.0,0.0,nan,nan,13.069879531860352,13.069879531860352,26.139759063720703,0.0,-2.104294538497925,0.3865657448768616,0.0,0.0,0.0,0.3865657448768616,0.0,-2.104294538497925,0.0,0.0,0.0,0.9134008288383484,0.273617684841156,-1.9152859449386597,0.0,0.0,0.0,0.0,-2.104294538497925,0.3865657448768616,0.0,0.0,0.0,0.3865657448768616,0.0,-2.104294538497925,-0.0,-0.0,-0.0,0.9134008884429932,-0.2736172676086426,-1.9152860641479492,0.0,0.0,0.0,4.470348358154297e-08,0.0,0.6000000238418579,-1.043081283569336e-07,0.0559999942779541,0.5999999642372131,-2.9802322387695312e-08,-0.0559999942779541,0.6000000238418579,1.8268017768859863,4.172325134277344e-07,-3.8305721282958984,0.0,0.0,0.0,2.2351741790771484e-08,-4.825427026844409e-07,-1.862645149230957e-08,32.7312126159668,32.73121643066406,52.645591735839844,52.645591735839844,0.11794667690992355,0.11794667690992355,0.3882598280906677,0.3882598280906677,0.4937935173511505,0.4937935173511505,0.023084618151187897,0.023084618151187897,-1.6410667896270752,-1.6410667896270752,-0.545070230960846,-0.545070230960846,0.5516700148582458,0.5516700148582458,0.0,0.0,-0.07813388109207153,-0.07813388109207153,0.3865657448768616,0.3865657448768616,0.5500251054763794,0.5500251054763794,-0.34107425808906555,-0.34107425808906555,-0.08891429007053375,-0.08891429007053375,-74.75922393798828,-74.75922393798828,-49.560054779052734,-49.560054779052734,-34.58158493041992,-34.58158493041992,22.97194480895996,22.97194480895996,0.0,0.0,180.0
375,1.5625,-6.407352053138953e-16,10.519560168692351,2.590229709741635e-13,-6.407352053138953e-16,10.519560168692351,2.590229709741635e-13,5.0,-5.0,0.0,0.0,15.0,0,0.5,0.0,0.0,3.2,3.2,3.2,10.519560813903809,10.51955795288086,10.519559860229492,10.519559860229492,0.030015669763088226,0.03074108436703682,4.811291694641113,5.064340591430664,0.13962633907794952,0.13962633907794952,0.0,0.0,nan,nan,12.874686241149902,12.874686241149902,25.749372482299805,0.0,-2.069366455078125,0.390383780002594,0.0,0.0,0.0,0.390383780002594,0.0,-2.069366455078125,0.0,0.0,0.0,0.9106646776199341,0.17901872098445892,-1.8903224468231201,0.0,0.0,0.0,0.0,-2.069366455078125,0.390383780002594,0.0,0.0,0.0,0.390383780002594,0.0,-2.069366455078125,-0.0,-0.0,-0.0,0.9106646776199341,-0.1790182739496231,-1.8903225660324097,0.0,0.0,0.0,4.470348358154297e-08,0.0,0.6000000238418579,0.0,0.05600005388259888,0.6000000238418579,-5.960464477539063e-08,-0.055999934673309326,0.6000000238418579,1.8213293552398682,4.470348358154297e-07,-3.7806448936462402,0.0,0.0,0.0,-2.2351741790771484e-07,-2.8168000199002563e-07,-9.685754776000977e-08,32.776981353759766,32.776981353759766,52.70455551147461,52.70454788208008,0.11794667690992355,0.11794667690992355,0.3882598280906677,0.3882598280906677,0.4937935173511505,0.4937935173511505,0.029628142714500427,0.029628142714500427,-1.8007855415344238,-1.8007855415344238,-0.37098217010498047,-0.37098217010498047,0.5784276127815247,0.5784276127815247,0.0,0.0,-0.07820433378219604,-0.07820433378219604,0.390383780002594,0.390383780002594,0.5500251054763794,0.5500251054763794,-0.34965524077415466,-0.34965524077415466,-0.08785582333803177,-0.08785582333803177,-75.03823852539062,-75.03823852539062,-49.766517639160156,-49.766517639160156,-34.766517639160156,-34.766517639160156,23.0,23.0,0.0,0.0,180.0
376,1.5666666666666667,0.04378024763146596,10.482666590547442,-17.69855896388806,0.04378024763146596,10.482666590547442,-17.69855896388806,5.0,-5.0,0.0,0.0,15.0,0,0.5,0.0,0.0,3.2,3.2,3.2,10.482664108276367,10.482666969299316,10.482666969299316,10.482666969299316,0.07253715395927429,0.0733136460185051,4.3620781898498535,4.631729602813721,0.1391366571187973,0.1391366571187973,0.0,0.0,nan,nan,12.51729965209961,12.51729965209961,25.03459930419922,0.0,-2.0148518085479736,0.4046951234340668,0.0,0.0,0.0,0.4046951234340668,0.0,-2.0148518085479736,0.0,0.0,0.0,0.9119084477424622,0.08628371357917786,-1.8396695852279663,0.0,0.0,0.0,0.0,-2.0148518085479736,0.4046951234340668,0.0,0.0,0.0,0.4046951234340668,0.0,-2.0148518085479736,-0.0,-0.0,-0.0,0.9119086265563965,-0.08628329634666443,-1.8396695852279663,0.0,0.0,0.0,4.470348358154297e-08,0.0,0.6000000238418579,-7.450580596923828e-08,0.05600005388259888,0.6000000238418579,1.4901161193847656e-08,-0.055999964475631714,0.6000000238418579,1.8238170146942139,4.172325134277344e-07,-3.6793391704559326,0.0,0.0,0.0,-1.7136335372924805e-07,-2.7413213388172153e-07,-8.195638656616211e-08,32.75340270996094,32.7534065246582,52.66787338256836,52.66787338256836,0.11794667690992355,0.11794667690992355,0.3882598280906677,0.3882598280906677,0.4937935173511505,0.4937935173511505,0.029628142714500427,0.029628142714500427,-1.9243860244750977,-1.9243860244750977,-0.1942918449640274,-0.1942918449640274,0.5942500829696655,0.5942500829696655,0.0,0.0,-0.07813388109207153,-0.07813388109207153,0.4046951234340668,0.4046951234340668,0.5500251054763794,0.5500251054763794,-0.3565990924835205,-0.3565990924835205,-0.0851602628827095,-0.0851602628827095,-74.80229187011719,-74.80229187011719,-49.67473220825195,-49.67473220825195,-34.653202056884766,-34.653202056884766,22.97194480895996,22.97194480895996,0.0,0.0,180.0
377,1.5708333333333333,0.08725340828186419,10.372244638055392,-35.272975253042524,0.08725340828186419,10.372244638055392,-35.272975253042524,5.0,-5.0,0.0,0.0,15.0,0,0.5,0.0,0.0,3.2,3.2,3.2,10.372241973876953,10.372245788574219,10.372244834899902,10.372244834899902,0.11453503370285034,0.11535727977752686,3.8798952102661133,4.164211750030518,0.13767102360725403,0.13767102360725403,0.0,0.0,nan,nan,11.90204906463623,11.90204906463623,23.80409812927246,0.0,-1.922234296798706,0.40977102518081665,0.0,0.0,0.0,0.40977102518081665,0.0,-1.922234296798706,0.0,0.0,0.0,0.8933185935020447,-0.001222682767547667,-1.7506791353225708,0.0,0.0,0.0,0.0,-1.922234296798706,0.40977102518081665,0.0,0.0,0.0,0.40977102518081665,0.0,-1.922234296798706,-0.0,-0.0,-0.0,0.8933185935020447,0.0012230859138071537,-1.7506791353225708,0.0,0.0,0.0,4.470348358154297e-08,0.0,0.6000000238418579,-1.1920928955078125e-07,0.05600002408027649,0.5999999642372131,0.0,-0.055999964475631714,0.6000000238418579,1.7866371870040894,4.0314625948667526e-07,-3.5013582706451416,0.0,0.0,0.0,-1.043081283569336e-07,-4.1846607246043277e-07,-5.21540641784668e-08,32.6599006652832,32.6599006652832,52.53401565551758,52.53401565551758,0.11794667690992355,0.11794667690992355,0.3882598280906677,0.3882598280906677,0.4937935173511505,0.4937935173511505,0.029628142714500427,0.029628142714500427,-2.0105960369110107,-2.0105960369110107,-0.01595245487987995,-0.01595245487987995,0.5983313322067261,0.5983313322067261,0.0,0.0,-0.07792520523071289,-0.07792520523071289,0.40977102518081665,0.40977102518081665,0.5500251054763794,0.5500251054763794,-0.3618607223033905,-0.3618607223033905,-0.08085006475448608,-0.08085006475448608,-74.05267333984375,-74.05267333984375,-49.28519821166992,-49.28519821166992,-34.242279052734375,-34.242279052734375,22.887969970703125,22.887969970703125,0.0,0.0,180.0
378,1.575,0.1301145489646507,10.18906884187488,-52.5999769643939,0.1301145489646507,10.18906884187488,-52.5999769643939,5.0,-5.0,0.0,0.0,15.0,0,0.5,0.0,0.0,3.2,3.2,3.2,10.189065933227539,10.189068794250488,10.189068794250488,10.189068794250488,0.15572769939899445,0.15658995509147644,3.3701975345611572,3.6671864986419678,0.13523972034454346,0.13523972034454346,0.0,0.0,nan,nan,11.152164459228516,11.152164459228516,22.30432891845703,0.0,-1.8112328052520752,0.425319641828537,0.0,0.0,0.0,0.425319641828537,0.0,-1.8112328052520752,0.0,0.0,0.0,0.8791646957397461,-0.07875791192054749,-1.6377812623977661,0.0,0.0,0.0,0.0,-1.8112328052520752,0.425319641828537,0.0,0.0,0.0,0.425319641828537,0.0,-1.8112328052520752,-0.0,-0.0,-0.0,0.8791649341583252,0.07875831425189972,-1.6377812623977661,0.0,0.0,0.0,4.470348358154297e-08,0.0,0.6000000238418579,-1.1175870895385742e-07,0.05600002408027649,0.5999999642372131,-7.450580596923828e-09,-0.0559999942779541,0.6000000238418579,1.7583296298980713,4.023313522338867e-07,-3.2755625247955322,0.0,0.0,0.0,-5.960464477539063e-08,-3.940700992188795e-07,-3.725290298461914e-09,32.49432373046875,32.49433135986328,52.297916412353516,52.29792404174805,0.11794667690992355,0.11794667690992355,0.4024088680744171,0.4024088680744171,0.4796445071697235,0.4796445071697235,0.023084618151187897,0.023084618151187897,-2.0588457584381104,-2.0588457584381104,0.16305354237556458,0.16305354237556458,0.5904511213302612,0.5904511213302612,0.0,0.0,-0.07758612930774689,-0.07758612930774689,0.425319641828537,0.425319641828537,0.5500251054763794,0.5500251054763794,-0.36540380120277405,-0.36540380120277405,-0.07495608180761337,-0.07495608180761337,-72.7935791015625,-72.7935791015625,-48.6000862121582,-48.6000862121582,-33.53608703613281,-33.53608703613281,22.748666763305664,22.748666763305664,0.0,0.0,180.0
379,1.5791666666666666,0.17206302957362637,9.93442404860447,-69.5580276303721,0.17206302957362637,9.93442404860447,-69.5580276303721,5.0,-5.0,0.0,0.0,15.0,0,0.5,0.0,0.0,3.2,3.2,3.2,9.93442153930664,9.93442440032959,9.93442440032959,9.93442440032959,0.19580025970935822,0.1966966837644577,2.832411766052246,3.139897346496582,0.13185980916023254,0.13185980916023254,0.0,0.0,nan,nan,10.082258224487305,10.082258224487305,20.16451644897461,0.0,-1.6443266868591309,0.4107626676559448,0.0,0.0,0.0,0.4107626676559448,0.0,-1.6443266868591309,0.0,0.0,0.0,0.8207962512969971,-0.14032970368862152,-1.4761900901794434,0.0,0.0,0.0,0.0,-1.6443266868591309,0.4107626676559448,0.0,0.0,0.0,0.4107626676559448,0.0,-1.6443266868591309,-0.0,-0.0,-0.0,0.8207961916923523,0.14033003151416779,-1.4761900901794434,0.0,0.0,0.0,4.470348358154297e-08,0.0,0.6000000238418579,-1.043081283569336e-07,0.0559999942779541,0.5999999642372131,0.0,-0.055999964475631714,0.6000000238418579,1.6415925025939941,3.2782554626464844e-07,-2.9523801803588867,0.0,0.0,0.0,-5.21540641784668e-08,-3.348835662109195e-07,-1.1175870895385742e-08,32.253047943115234,32.25304412841797,51.95083236694336,51.950828552246094,0.11794667690992355,0.11794667690992355,0.4024088680744171,0.4024088680744171,0.4796445071697235,0.4796445071697235,0.023084618151187897,0.023084618151187897,-2.069272518157959,-2.069272518157959,0.341704398393631,0.341704398393631,0.5709775686264038,0.5709775686264038,0.0,0.0,-0.07712945342063904,-0.07712945342063904,0.4107626676559448,0.4107626676559448,0.5500251054763794,0.5500251054763794,-0.36720117926597595,-0.36720117926597595,-0.06751733273267746,-0.06751733273267746,-71.0322036743164,-71.0322036743164,-47.6233024597168,-47.6233024597168,-32.538673400878906,-32.538673400878906,22.555011749267578,22.555011749267578,0.0,0.0,180.0
380,1.5833333333333333,0.2128046116572575,9.61009640850694,-86.02817870989641,0.2128046116572575,9.61009640850694,-86.02817870989641,5.0,-5.0,0.0,0.0,15.0,0,0.5,0.0,0.0,3.2,3.2,3.2,9.610097885131836,9.610095024108887,9.610095977783203,9.610095977783203,0.23449741303920746,0.23542176187038422,2.2744338512420654,2.590254306793213,0.1275550127029419,0.1275550127029419,0.0,0.0,nan,nan,8.93236255645752,8.93236255645752,17.86472511291504,0.0,-1.4606562852859497,0.4043749272823334,0.0,0.0,0.0,0.4043749272823334,0.0,-1.4606562852859497,0.0,0.0,0.0,0.76563560962677,-0.1838270127773285,-1.2950079441070557,0.0,0.0,0.0,0.0,-1.4606562852859497,0.4043749272823334,0.0,0.0,0.0,0.4043749272823334,0.0,-1.4606562852859497,-0.0,-0.0,-0.0,0.7656355500221252,0.18382734060287476,-1.2950079441070557,0.0,0.0,0.0,4.470348358154297e-08,0.0,0.6000000238418579,-1.4901161193847656e-08,0.05600005388259888,0.5999999642372131,-8.940696716308594e-08,-0.055999964475631714,0.6000000238418579,1.53127121925354,3.2782554626464844e-07,-2.5900158882141113,0.0,0.0,0.0,-1.2665987014770508e-07,-2.9649802968378935e-07,-8.940696716308594e-08,31.930923461914062,31.930923461914062,51.480010986328125,51.480010986328125,0.11794667690992355,0.11794667690992355,0.4165618121623993,0.4165618121623993,0.46549156308174133,0.46549156308174133,0.017258400097489357,0.017258400097489357,-2.042686700820923,-2.042686700820923,0.5189313292503357,0.5189313292503357,0.540837287902832,0.540837287902832,0.0,0.0,-0.0765722244977951,-0.0765722244977951,0.4043749272823334,0.4043749272823334,0.5500251054763794,0.5500251054763794,-0.3672349750995636,-0.3672349750995636,-0.05858075991272926,-0.05858075991272926,-68.77867889404297,-68.77867889404297,-46.360450744628906,-46.360450744628906,-31.255783081054688,-31.255783081054688,22.308364868164062,22.308364868164062,0.0,0.0,180.0
381,1.5875,0.25205352229001554,9.21836084694848,-101.89490392693196,0.25205352229001554,9.21836084694848,-101.89490392693196,5.0,-5.0,0.0,0.0,15.0,0,0.5,0.0,0.0,3.2,3.2,3.2,9.218358993530273,9.218360900878906,9.218360900878906,9.218360900878906,0.27154481410980225,0.2724905014038086,1.6997103691101074,2.021629571914673,0.12235549092292786,0.12235549092292786,0.0,0.0,nan,nan,7.713766574859619,7.713766574859619,15.427533149719238,0.0,-1.2570945024490356,0.3990020751953125,0.0,0.0,0.0,0.3990020751953125,0.0,-1.2570945024490356,0.0,0.0,0.0,0.7063237428665161,-0.20702169835567474,-1.0944122076034546,0.0,0.0,0.0,0.0,-1.2570945024490356,0.3990020751953125,0.0,0.0,0.0,0.3990020751953125,0.0,-1.2570945024490356,-0.0,-0.0,-0.0,0.7063238024711609,0.20702192187309265,-1.094412088394165,0.0,0.0,0.0,4.470348358154297e-08,0.0,0.6000000238418579,-7.450580596923828e-08,0.05600005388259888,0.5999999642372131,-5.21540641784668e-08,-0.055999934673309326,0.5999999642372131,1.4126474857330322,2.2351741790771484e-07,-2.18882417678833,0.0,0.0,0.0,-1.341104507446289e-07,-3.206665155630617e-07,-7.450580596923828e-08,31.52140998840332,31.52140998840332,50.868377685546875,50.86837387084961,0.11794667690992355,0.11794667690992355,0.43071863055229187,0.43071863055229187,0.45133471488952637,0.45133471488952637,0.00794259924441576,0.00794259924441576,-1.9805182218551636,-1.9805182218551636,0.6936150193214417,0.6936150193214417,0.5014570951461792,0.5014570951461792,0.0,0.0,-0.0759352296590805,-0.0759352296590805,0.3990020751953125,0.3990020751953125,0.5500251054763794,0.5500251054763794,-0.3654974102973938,-0.3654974102973938,-0.04820144921541214,-0.04820144921541214,-66.04624938964844,-66.04624938964844,-44.81893539428711,-44.81893539428711,-29.694961547851562,-29.694961547851562,22.010454177856445,22.010454177856445,0.0,0.0,180.0
382,1.5916666666666666,0.28953445856411664,8.761965107431788,-117.04690960430817,0.28953445856411664,8.761965107431788,-117.04690960430817,5.0,-5.0,0.0,0.0,15.0,0,0.5,0.0,0.0,3.2,3.2,3.2,8.761962890625,8.761963844299316,8.761964797973633,8.761964797973633,0.3066673278808594,0.30762800574302673,1.1098380088806152,1.435537338256836,0.11629774421453476,0.11629774421453476,0.0,0.0,nan,nan,6.345561981201172,6.345561981201172,12.691123962402344,0.0,-1.0125832557678223,0.3732264041900635,0.0,0.0,0.0,0.3732264041900635,0.0,-1.0125832557678223,0.0,0.0,0.0,0.6172075271606445,-0.20406323671340942,-0.8614150285720825,0.0,0.0,0.0,0.0,-1.0125832557678223,0.3732264041900635,0.0,0.0,0.0,0.3732264041900635,0.0,-1.0125832557678223,-0.0,-0.0,-0.0,0.6172074675559998,0.20406349003314972,-0.8614150285720825,0.0,0.0,0.0,4.470348358154297e-08,0.0,0.6000000238418579,-3.725290298461914e-08,0.0559999942779541,0.6000000238418579,-2.2351741790771484e-08,-0.055999964475631714,0.6000000238418579,1.234415054321289,2.5331974029541016e-07,-1.722830057144165,0.0,0.0,0.0,-2.2351741790771484e-08,-1.2836083840284118e-07,-2.2351741790771484e-08,31.016643524169922,31.016643524169922,50.093997955322266,50.093990325927734,0.11794667690992355,0.11794667690992355,0.44487857818603516,0.44487857818603516,0.43717479705810547,0.43717479705810547,0.002056337660178542,0.002056337660178542,-1.8847198486328125,-1.8847198486328125,0.8645848035812378,0.8645848035812378,0.45467689633369446,0.45467689633369446,0.0,0.0,-0.07524202764034271,-0.07524202764034271,0.3732264041900635,0.3732264041900635,0.5500251054763794,0.5500251054763794,-0.3619908094406128,-0.3619908094406128,-0.0364423431456089,-0.0364423431456089,-62.851280212402344,-62.851280212402344,-43.00796127319336,-43.00796127319336,-27.865549087524414,-27.865549087524414,21.66337013244629,21.66337013244629,0.0,0.0,180.0
383,1.5958333333333332,0.3249845186416118,8.244110478149704,-131.37791530889865,0.3249845186416118,8.244110478149704,-131.37791530889865,5.0,-5.0,0.0,0.0,15.0,0,0.5,0.0,0.0,3.2,3.2,3.2,8.244110107421875,8.244107246398926,8.244110107421875,8.244110107421875,0.3396175503730774,0.34058672189712524,0.5087685585021973,0.8358975052833557,0.10942424833774567,0.10942424833774567,0.0,0.0,nan,nan,4.864300727844238,4.864300727844238,9.728601455688477,0.0,-0.7270357608795166,0.3281308710575104,0.0,0.0,0.0,0.3281308710575104,0.0,-0.7270357608795166,0.0,0.0,0.0,0.49980002641677856,-0.1716650426387787,-0.5974796414375305,0.0,0.0,0.0,0.0,-0.7270357608795166,0.3281308710575104,0.0,0.0,0.0,0.3281308710575104,0.0,-0.7270357608795166,-0.0,-0.0,-0.0,0.49980002641677856,0.17166517674922943,-0.5974796414375305,0.0,0.0,0.0,4.470348358154297e-08,0.0,0.6000000238418579,2.2351741790771484e-08,0.05600005388259888,0.6000000238418579,-1.4901161193847656e-07,-0.055999964475631714,0.5999999642372131,0.9996000528335571,1.341104507446289e-07,-1.194959282875061,0.0,0.0,0.0,-4.470348358154297e-08,-1.5888593907220638e-07,-7.450580596923828e-08,30.40754508972168,30.40754508972168,49.12944030761719,49.12944030761719,0.11794667690992355,0.11794667690992355,0.4732013940811157,0.4732013940811157,0.4088520109653473,0.4088520109653473,0.0,0.0,-1.757659912109375,-1.757659912109375,1.030624270439148,1.030624270439148,0.40264904499053955,0.40264904499053955,0.0,0.0,-0.07451818883419037,-0.07451818883419037,0.3281308710575104,0.3281308710575104,0.5500251054763794,0.5500251054763794,-0.3567286431789398,-0.3567286431789398,-0.023374903947114944,-0.023374903947114944,-59.21332931518555,-59.21332931518555,-40.93856430053711,-40.93856430053711,-25.778715133666992,-25.778715133666992,21.269546508789062,21.269546508789062,0.0,0.0,180.0
384,1.6,0.3581550458218905,7.668429337248604,-144.7873993324991,0.3581550458218905,7.668429337248604,-144.7873993324991,5.0,-5.0,0.0,0.0,15.0,0,0.5,0.0,0.0,3.2,3.2,3.2,7.668426990509033,7.668428897857666,7.668429374694824,7.668429851531982,0.370170533657074,0.37114134430885315,-0.09828627109527588,0.2279251217842102,0.10178322345018387,0.10178322345018387,0.0,0.0,nan,nan,3.36846923828125,3.36846923828125,6.7369384765625,0.0,-0.4114980697631836,0.2739322781562805,0.0,0.0,0.0,0.2739322781562805,0.0,-0.4114980697631836,0.0,0.0,0.0,0.3671993315219879,-0.11036916077136993,-0.3120141923427582,0.0,0.0,0.0,0.0,-0.4114980697631836,0.2739322781562805,0.0,0.0,0.0,0.2739322781562805,0.0,-0.4114980697631836,-0.0,-0.0,-0.0,0.3671993613243103,0.1103692427277565,-0.3120141327381134,0.0,0.0,0.0,4.470348358154297e-08,0.0,0.6000000238418579,-7.450580596923828e-08,0.0559999942779541,0.5999999642372131,-5.21540641784668e-08,-0.055999934673309326,0.6000000238418579,0.7343987226486206,8.195638656616211e-08,-0.6240283250808716,0.0,0.0,0.0,-2.7939677238464355e-08,-8.93027021220405e-08,-1.862645149230957e-08,29.683975219726562,29.683975219726562,47.94109344482422,47.941097259521484,0.11794667690992355,0.11794667690992355,0.5015096664428711,0.5015096664428711,0.38054367899894714,0.38054367899894714,0.0,0.0,-1.6019785404205322,-1.6019785404205322,1.1904804706573486,1.1904804706573486,0.347722589969635,0.347722589969635,0.0,0.0,-0.07379033416509628,-0.07379033416509628,0.2739322781562805,0.2739322781562805,0.5500251054763794,0.5500251054763794,-0.3497360348701477,-0.3497360348701477,-0.009078867733478546,-0.009078867733478546,-55.155208587646484,-55.155208587646484,-38.623680114746094,-38.623680114746094,-23.447521209716797,-23.447521209716797,20.831748962402344,20.831748962402344,0.0,0.0,180.0
385,1.6041666666666667,0.3888133726897739,7.038959674305578,-157.1813037793849,0.3888133726897739,7.038959674305578,-157.1813037793849,5.0,-5.0,0.0,0.0,15.0,0,0.5,0.0,0.0,3.2,3.2,3.2,7.038958549499512,7.038959980010986,7.038959980010986,7.038959980010986,0.3981183171272278,0.39908406138420105,-0.7060448527336121,-0.3830636143684387,0.09342825412750244,0.09342825412750244,0.0,0.0,nan,nan,1.9550371170043945,1.9550371170043945,3.910074234008789,0.0,-0.07755878567695618,0.21924376487731934,0.0,0.0,0.0,0.21924376487731934,0.0,-0.07755878567695618,0.0,0.0,0.0,0.23093727231025696,-0.023082848638296127,-0.014776848256587982,0.0,0.0,0.0,0.0,-0.07755878567695618,0.21924376487731934,0.0,0.0,0.0,0.21924376487731934,0.0,-0.07755878567695618,-0.0,-0.0,-0.0,0.23093727231025696,0.023082861676812172,-0.01477684173732996,0.0,0.0,0.0,4.470348358154297e-08,0.0,0.6000000238418579,-1.1920928955078125e-07,0.0559999942779541,0.5999999642372131,7.450580596923828e-08,-0.0559999942779541,0.6000000238418579,0.4618745446205139,1.30385160446167e-08,-0.029553689062595367,0.0,0.0,0.0,-1.7462298274040222e-09,-1.574666441683803e-08,4.6566128730773926e-09,28.83502769470215,28.83502769470215,46.488494873046875,46.488494873046875,0.11794667690992355,0.11794667690992355,0.5438657999038696,0.5438657999038696,0.3381875455379486,0.3381875455379486,0.0,0.0,-1.420436143875122,-1.420436143875122,1.3428773880004883,1.3428773880004883,0.29232901334762573,0.29232901334762573,0.0,0.0,-0.0730852335691452,-0.0730852335691452,0.21924376487731934,0.21924376487731934,0.5500251054763794,0.5500251054763794,-0.3410501182079315,-0.3410501182079315,0.006357371807098389,0.006357371807098389,-50.702972412109375,-50.702972412109375,-36.07811737060547,-36.07811737060547,-20.886877059936523,-20.886877059936523,20.353044509887695,20.353044509887695,0.0,0.0,180.0
386,1.6083333333333334,0.416744453110259,6.360116766732905,-168.4726943148683,0.416744453110259,6.360116766732905,-168.4726943148683,5.0,-5.0,0.0,0.0,15.0,0,0.5,0.0,0.0,3.2,3.2,3.2,6.360117435455322,6.360116004943848,6.360117435455322,6.360117435455322,0.42326608300209045,0.42422014474868774,-1.3100528717041016,-0.9925918579101562,0.08441796153783798,0.08441796153783798,0.0,0.0,nan,nan,0.6767458319664001,0.6767458319664001,1.3534916639328003,0.0,0.27078408002853394,0.16644757986068726,0.0,0.0,0.0,0.16644757986068726,0.0,0.27078408002853394,0.0,0.0,0.0,0.09447649866342545,0.08777827769517899,0.2905133068561554,0.0,0.0,0.0,0.0,0.27078408002853394,0.16644757986068726,0.0,0.0,0.0,0.16644757986068726,0.0,0.27078408002853394,-0.0,-0.0,-0.0,0.09447649121284485,-0.08777832984924316,0.290513277053833,0.0,0.0,0.0,4.470348358154297e-08,0.0,0.6000000238418579,7.450580596923828e-09,0.056000083684921265,0.5999999642372131,-5.21540641784668e-08,-0.055999964475631714,0.6000000238418579,0.1889529824256897,-5.21540641784668e-08,0.581026554107666,0.0,0.0,0.0,4.0978193283081055e-08,3.332963061097871e-08,-6.51925802230835e-09,27.84942054748535,27.84942054748535,44.72383499145508,44.72383499145508,0.11794667690992355,0.11794667690992355,0.5998412370681763,0.5998412370681763,0.28221216797828674,0.28221216797828674,0.0,0.0,-1.2157520055770874,-1.2157520055770874,1.4865360260009766,1.4865360260009766,0.238876610994339,0.238876610994339,0.0,0.0,-0.07242901623249054,-0.07242901623249054,0.16644757986068726,0.16644757986068726,0.5500251054763794,0.5500251054763794,-0.3307207226753235,-0.3307207226753235,0.022836556658148766,0.022836556658148766,-45.8858757019043,-45.8858757019043,-33.31854248046875,-33.31854248046875,-18.11356544494629,-18.11356544494629,19.836793899536133,19.836793899536133,0.0,0.0,180.0
387,1.6125,0.4417523706226543,5.636662209779134,-178.5823699471977,0.4417523706226543,5.636662209779134,-178.5823699471977,5.0,-5.0,0.0,0.0,15.0,0,0.5,0.0,0.0,3.2,3.2,3.2,5.636661052703857,5.636661529541016,5.636662483215332,5.636662483215332,0.4454384744167328,0.4463741183280945,-1.9059172868728638,-1.5962255001068115,0.074815534055233,0.074815534055233,0.0,0.0,nan,nan,-0.41913580894470215,-0.41913580894470215,-0.8382716178894043,0.0,0.629759669303894,0.11781476438045502,0.0,0.0,0.0,0.11781476438045502,0.0,0.629759669303894,0.0,0.0,0.0,-0.03902236372232437,0.218978151679039,0.6008356213569641,0.0,0.0,0.0,0.0,0.629759669303894,0.11781476438045502,0.0,0.0,0.0,0.11781476438045502,0.0,0.629759669303894,-0.0,-0.0,-0.0,-0.03902237117290497,-0.21897825598716736,0.6008355617523193,0.0,0.0,0.0,4.470348358154297e-08,0.0,0.6000000238418579,-7.450580596923828e-08,0.05600005388259888,0.5999999642372131,-7.450580596923828e-09,-0.055999934673309326,0.6000000238418579,-0.07804473489522934,-1.043081283569336e-07,1.2016711235046387,0.0,0.0,0.0,8.940696716308594e-08,1.0528711413826386e-07,-1.0477378964424133e-08,26.71609115600586,26.71609115600586,42.59206008911133,42.592063903808594,0.11794667690992355,0.11794667690992355,0.6680206060409546,0.6680206060409546,0.21403278410434723,0.21403278410434723,0.0,0.0,-0.9904357194900513,-0.9904357194900513,1.6201953887939453,1.6201953887939453,0.1896611750125885,0.1896611750125885,0.0,0.0,-0.07184641063213348,-0.07184641063213348,0.11781476438045502,0.11781476438045502,0.5500251054763794,0.5500251054763794,-0.31881067156791687,-0.31881067156791687,0.04025277495384216,0.04025277495384216,-40.73635482788086,-40.73635482788086,-30.363475799560547,-30.363475799560547,-15.146197319030762,-15.146197319030762,19.2866153717041,19.2866153717041,0.0,0.0,180.0
388,1.6166666666666667,0.463661712653772,4.873670517359971,-187.43941856560323,0.463661712653772,4.873670517359971,-187.43941856560323,5.0,-5.0,0.0,0.0,15.0,0,0.5,0.0,0.0,3.2,3.2,3.2,4.873668670654297,4.8736701011657715,4.87367057800293,4.87367057800293,0.4644804298877716,0.46539121866226196,-2.489358901977539,-2.1896255016326904,0.06468833237886429,0.06468833237886429,0.0,0.0,nan,nan,-1.292433500289917,-1.292433500289917,-2.584867000579834,0.0,0.9959956407546997,0.07544393092393875,0.0,0.0,0.0,0.07544393092393875,0.0,0.9959956407546997,0.0,0.0,0.0,-0.16680161654949188,0.3666996955871582,0.9140064120292664,0.0,0.0,0.0,0.0,0.9959956407546997,0.07544393092393875,0.0,0.0,0.0,0.07544393092393875,0.0,0.9959956407546997,-0.0,-0.0,-0.0,-0.1668016016483307,-0.36669987440109253,0.9140063524246216,0.0,0.0,0.0,4.470348358154297e-08,0.0,0.6000000238418579,-1.1175870895385742e-07,0.055999964475631714,0.5999999642372131,-1.4901161193847656e-08,-0.055999964475631714,0.6000000238418579,-0.3336032032966614,-1.7881393432617188e-07,1.8280127048492432,0.0,0.0,0.0,2.60770320892334e-08,2.0742862716360833e-07,-3.632158041000366e-08,25.425172805786133,25.425172805786133,40.03216552734375,40.03216552734375,0.11794667690992355,0.11794667690992355,0.7563843131065369,0.7563843131065369,0.12566909193992615,0.12566909193992615,0.0,0.0,-0.7466413974761963,-0.7466413974761963,1.7426371574401855,1.7426371574401855,0.1468040943145752,0.1468040943145752,0.0,0.0,-0.07136015594005585,-0.07136015594005585,0.07544393092393875,0.07544393092393875,0.5500251054763794,0.5500251054763794,-0.30539602041244507,-0.30539602041244507,0.05849137529730797,0.05849137529730797,-35.289794921875,-35.289794921875,-27.233154296875,-27.233154296875,-12.005098342895508,-12.005098342895508,18.706369400024414,18.706369400024414,0.0,0.0,180.0
389,1.6208333333333333,0.48231880091110285,4.07649352798903,-194.98171433780684,0.48231880091110285,4.07649352798903,-194.98171433780684,5.0,-5.0,0.0,0.0,15.0,0,0.5,0.0,0.0,3.2,3.2,3.2,4.076492786407471,4.076493740081787,4.076493740081787,4.076493740081787,0.4802587926387787,0.4811382591724396,-3.056248664855957,-2.768594264984131,0.05410738289356232,0.05410738289356232,0.0,0.0,nan,nan,-1.9110987186431885,-1.9110987186431885,-3.822197437286377,0.0,1.3666765689849854,0.04122874140739441,0.0,0.0,0.0,0.04122874140739441,0.0,1.3666765689849854,0.0,0.0,0.0,-0.2865642309188843,0.5267929434776306,1.2287696599960327,0.0,0.0,0.0,0.0,1.3666765689849854,0.04122874140739441,0.0,0.0,0.0,0.04122874140739441,0.0,1.3666765689849854,-0.0,-0.0,-0.0,-0.2865642309188843,-0.5267933011054993,1.2287695407867432,0.0,0.0,0.0,4.470348358154297e-08,0.0,0.6000000238418579,-1.341104507446289e-07,0.05600002408027649,0.5999999046325684,2.9802322387695312e-08,-0.055999964475631714,0.6000000238418579,-0.5731284618377686,-3.5762786865234375e-07,2.4575390815734863,0.0,0.0,0.0,1.4156103134155273e-07,2.7219235221309646e-07,-7.078051567077637e-08,23.969369888305664,23.969371795654297,36.980777740478516,36.980777740478516,0.11794667690992355,0.11794667690992355,0.8524252772331238,0.8524252772331238,0.029628142714500427,0.029628142714500427,0.0,0.0,-0.4860359728336334,-0.4860359728336334,1.852712631225586,1.852712631225586,0.11221913993358612,0.11221913993358612,0.0,0.0,-0.07099039852619171,-0.07099039852619171,0.04122874140739441,0.04122874140739441,0.5500251054763794,0.5500251054763794,-0.2905657887458801,-0.2905657887458801,0.07742945849895477,0.07742945849895477,-29.58440399169922,-29.58440399169922,-23.94947624206543,-23.94947624206543,-8.712244033813477,-8.712244033813477,18.10012435913086,18.10012435913086,0.0,0.0,180.0
390,1.625,0.49759276932562413,3.250722865475738,-201.15635347809985,0.49759276932562413,3.250722865475738,-201.15635347809985,5.0,-5.0,0.0,0.0,15.0,0,0.5,0.0,0.0,3.2,3.2,3.2,3.250722885131836,3.2507216930389404,3.250722885131836,3.250722885131836,0.492662638425827,0.49350470304489136,-3.6026487350463867,-3.3291125297546387,0.04314691200852394,0.04314691200852394,0.0,0.0,nan,nan,-2.251502275466919,-2.251502275466919,-4.503004550933838,0.0,1.7396504878997803,0.016857273876667023,0.0,0.0,0.0,0.016857273876667023,0.0,1.7396504878997803,0.0,0.0,0.0,-0.3964793086051941,0.6949969530105591,1.5448144674301147,0.0,0.0,0.0,0.0,1.7396504878997803,0.016857273876667023,0.0,0.0,0.0,0.016857273876667023,0.0,1.7396504878997803,-0.0,-0.0,-0.0,-0.39647915959358215,-0.6949969530105591,1.5448143482208252,0.0,0.0,0.0,4.470348358154297e-08,0.0,0.6000000238418579,2.2351741790771484e-08,0.05600005388259888,0.6000000238418579,-4.470348358154297e-08,-0.055999964475631714,0.6000000238418579,-0.7929584980010986,0.0,3.0896286964416504,0.0,0.0,0.0,1.4901161193847656e-07,1.7264646601233835e-07,8.940696716308594e-08,22.345958709716797,22.34595489501953,33.37980270385742,33.37980270385742,0.11794667690992355,0.11794667690992355,0.8820533156394958,0.8820533156394958,0.0,0.0,0.0,0.0,-0.2097177803516388,-0.2097177803516388,1.9493682384490967,1.9493682384490967,0.08761175721883774,0.08761175721883774,0.0,0.0,-0.07075448334217072,-0.07075448334217072,0.016857273876667023,0.016857273876667023,0.5500251054763794,0.5500251054763794,-0.27442190051078796,-0.27442190051078796,0.09693636000156403,0.09693636000156403,-23.660898208618164,-23.660898208618164,-20.535818099975586,-20.535818099975586,-5.291072368621826,-5.291072368621826,17.472135543823242,17.472135543823242,0.0,0.0,180.0
391,1.6291666666666667,0.5093764819832375,2.4021507177022885,-205.92002532938446,0.5093764819832375,2.4021507177022885,-205.92002532938446,5.0,-5.0,0.0,0.0,15.0,0,0.5,0.0,0.0,3.2,3.2,3.2,2.4021499156951904,2.4021503925323486,2.4021506309509277,2.4021506309509277,0.5016039609909058,0.5024028420448303,-4.124851703643799,-3.867370128631592,0.03188379481434822,0.03188379481434822,0.0,0.0,nan,nan,-2.2980763912200928,-2.2980763912200928,-4.5961527824401855,0.0,2.113485336303711,0.0038374122232198715,0.0,0.0,0.0,0.0038374122232198715,0.0,2.113485336303711,0.0,0.0,0.0,-0.4951443374156952,0.8671173453330994,1.862733006477356,0.0,0.0,0.0,0.0,2.113485336303711,0.0038374122232198715,0.0,0.0,0.0,0.0038374122232198715,0.0,2.113485336303711,-0.0,-0.0,-0.0,-0.4951443672180176,-0.8671180009841919,1.8627327680587769,0.0,0.0,0.0,4.470348358154297e-08,0.0,0.6000000238418579,-1.341104507446289e-07,0.05600002408027649,0.5999999046325684,7.450580596923828e-09,-0.055999934673309326,0.6000000238418579,-0.9902887344360352,-6.556510925292969e-07,3.725465774536133,0.0,0.0,0.0,2.8312206268310547e-07,4.615006332642224e-07,-8.009374141693115e-08,20.559574127197266,20.5595760345459,29.190431594848633,29.190431594848633,0.11794667690992355,0.11794667690992355,0.8820533156394958,0.8820533156394958,0.0,0.0,0.0,0.0,0.08181404322385788,0.08181404322385788,2.0316715240478516,2.0316715240478516,0.0745038241147995,0.0745038241147995,0.0,0.0,-0.07066641002893448,-0.07066641002893448,0.0038374122232198715,0.0038374122232198715,0.5500251054763794,0.5500251054763794,-0.2570783793926239,-0.2570783793926239,0.11687438935041428,0.11687438935041428,-17.562204360961914,-17.562204360961914,-17.016862869262695,-17.016862869262695,-1.7663218975067139,-1.7663218975067139,16.82680892944336,16.82680892944336,0.0,0.0,180.0
392,1.6333333333333333,0.5175872846062352,1.5367292085871402,-209.23931615631722,0.5175872846062352,1.5367292085871402,-209.23931615631722,5.0,-5.0,0.0,0.0,15.0,0,0.5,0.0,0.0,3.2,3.2,3.2,1.5367289781570435,1.536728858947754,1.536729335784912,1.536729335784912,0.50701904296875,0.5077692270278931,-4.619392395019531,-4.379798889160156,0.020397039130330086,0.020397039130330086,0.0,0.0,nan,nan,-2.0424132347106934,-2.0424132347106934,-4.084826469421387,0.0,2.487452983856201,0.0035385126248002052,0.0,0.0,0.0,0.0035385126248002052,0.0,2.487452983856201,0.0,0.0,0.0,-0.581512987613678,1.0391387939453125,2.1839113235473633,0.0,0.0,0.0,0.0,2.487452983856201,0.0035385126248002052,0.0,0.0,0.0,0.0035385126248002052,0.0,2.487452983856201,-0.0,-0.0,-0.0,-0.5815131068229675,-1.0391391515731812,2.183911085128784,0.0,0.0,0.0,4.470348358154297e-08,0.0,0.6000000238418579,-1.043081283569336e-07,0.05600002408027649,0.5999999642372131,-1.1920928955078125e-07,-0.055999964475631714,0.5999999642372131,-1.1630260944366455,-3.5762786865234375e-07,4.367822647094727,0.0,0.0,0.0,1.4156103134155273e-07,7.527207799284952e-07,4.0978193283081055e-08,18.62598419189453,18.625988006591797,24.416597366333008,24.416616439819336,0.11794667690992355,0.11794667690992355,0.8820533156394958,0.8820533156394958,0.0,0.0,0.0,0.0,0.3886198103427887,0.3886198103427887,2.0988330841064453,2.0988330841064453,0.07427530735731125,0.07427530735731125,0.0,0.0,-0.07073679566383362,-0.07073679566383362,0.0035385126248002052,0.0035385126248002052,0.5500251054763794,0.5500251054763794,-0.2386607527732849,-0.2386607527732849,0.13709986209869385,0.13709986209869385,-11.333057403564453,-11.333057403564453,-13.418386459350586,-13.418386459350586,1.8361934423446655,1.8361934423446655,16.168664932250977,16.168664932250977,0.0,0.0,180.0
393,1.6375,0.5221675843136716,0.6605286482120927,-211.0909435186549,0.5221675843136716,0.6605286482120927,-211.0909435186549,5.0,-5.0,0.0,0.0,15.0,0,0.5,0.0,0.0,3.2,3.2,3.2,0.6605283617973328,0.6605286598205566,0.6605286598205566,0.6605286598205566,0.5088680982589722,0.509564220905304,-5.083067893981934,-4.86307430267334,0.008767210878431797,0.008767210878431797,0.0,0.0,nan,nan,-1.482092261314392,-1.482092261314392,-2.964184522628784,0.0,2.861435890197754,0.017234567552804947,0.0,0.0,0.0,0.017234567552804947,0.0,2.861435890197754,0.0,0.0,0.0,-0.6548027396202087,1.207265853881836,2.5103495121002197,0.0,0.0,0.0,0.0,2.861435890197754,0.017234567552804947,0.0,0.0,0.0,0.017234567552804947,0.0,2.861435890197754,-0.0,-0.0,-0.0,-0.654802680015564,-1.2072665691375732,2.5103492736816406,0.0,0.0,0.0,4.470348358154297e-08,0.0,0.6000000238418579,-7.450580596923828e-08,0.05600002408027649,0.5999999642372131,7.450580596923828e-09,-0.055999964475631714,0.6000000238418579,-1.309605360031128,-7.152557373046875e-07,5.020698547363281,0.0,0.0,0.0,2.2351741790771484e-07,4.3180406805731764e-07,-5.960464477539063e-08,16.577594757080078,16.577594757080078,19.143943786621094,19.143943786621094,0.11794667690992355,0.11794667690992355,0.8820533156394958,0.8820533156394958,0.0,0.0,0.0,0.0,0.7112100124359131,0.7112100124359131,2.150225877761841,2.150225877761841,0.08820714801549911,0.08820714801549911,0.0,0.0,-0.07097258418798447,-0.07097258418798447,0.017234567552804947,0.017234567552804947,0.5500251054763794,0.5500251054763794,-0.2193046510219574,-0.2193046510219574,0.1574644297361374,0.1574644297361374,-5.019560813903809,-5.019560813903809,-9.766992568969727,-9.766992568969727,5.489840507507324,5.489840507507324,15.502325057983398,15.502325057983398,0.0,0.0,180.0
394,1.6416666666666666,0.5230852535940391,-0.22030504604098403,-211.46191958084287,0.5230852535940391,-0.22030504604098403,-211.46191958084287,5.0,-5.0,0.0,0.0,15.0,0,0.5,0.0,0.0,3.2,3.2,3.2,0.22030499577522278,0.22030504047870636,0.22030505537986755,0.22030505537986755,0.5071364045143127,0.507773756980896,-5.512950420379639,-5.314133644104004,-0.0029241135343909264,-0.0029241135343909264,0.0,0.0,nan,nan,-0.6195358633995056,-0.6195358633995056,-1.2390717267990112,0.0,3.2357661724090576,0.04613184928894043,0.0,0.0,0.0,0.04613184928894043,0.0,3.2357661724090576,0.0,0.0,0.0,-0.7144038677215576,1.3678911924362183,2.844435214996338,0.0,0.0,0.0,0.0,3.2357661724090576,0.04613184928894043,0.0,0.0,0.0,0.04613184928894043,0.0,3.2357661724090576,-0.0,-0.0,-0.0,-0.7144038081169128,-1.3678922653198242,2.844434976577759,0.0,0.0,0.0,4.470348358154297e-08,0.0,0.6000000238418579,-8.940696716308594e-08,0.05600002408027649,0.5999999642372131,1.4901161193847656e-08,-0.055999964475631714,0.6000000238418579,-1.4288077354431152,-1.0728836059570312e-06,5.688870429992676,0.0,0.0,0.0,2.682209014892578e-07,5.088210173198604e-07,-9.685754776000977e-08,14.4735689163208,14.473566055297852,15.14228343963623,15.14228343963623,0.8820533156394958,0.8820533156394958,0.11794667690992355,0.11794667690992355,0.0,0.0,0.0,0.0,1.0503664016723633,1.0503664016723633,2.1853995323181152,2.1853995323181152,0.11750885844230652,0.11750885844230652,0.0,0.0,-0.07137700915336609,-0.07137700915336609,0.04613184928894043,0.04613184928894043,0.5500251054763794,0.5500251054763794,-0.19915473461151123,-0.19915473461151123,0.17781640589237213,0.17781640589237213,1.3312814235687256,1.3312814235687256,-6.089845657348633,-6.089845657348633,9.167438507080078,9.167438507080078,14.8324613571167,14.8324613571167,0.0,0.0,180.0
395,1.6458333333333333,0.5203338556566809,-1.0995934586849658,-210.3496422123509,0.5203338556566809,-1.0995934586849658,-210.3496422123509,5.0,-5.0,0.0,0.0,15.0,0,0.5,0.0,0.0,3.2,3.2,3.2,1.0995932817459106,1.0995932817459106,1.0995935201644897,1.0995935201644897,0.5018335580825806,0.5024077296257019,-5.906364440917969,-5.730165958404541,-0.014594926498830318,-0.014594926498830318,0.0,0.0,nan,nan,0.5388026237487793,0.5388026237487793,1.0776052474975586,0.0,3.6110057830810547,0.09136626124382019,0.0,0.0,0.0,0.09136626124382019,0.0,3.6110057830810547,0.0,0.0,0.0,-0.7598087787628174,1.517511010169983,3.1886613368988037,0.0,0.0,0.0,0.0,3.6110057830810547,0.09136626124382019,0.0,0.0,0.0,0.09136626124382019,0.0,3.6110057830810547,-0.0,-0.0,-0.0,-0.7598087787628174,-1.5175114870071411,3.1886610984802246,0.0,0.0,0.0,4.470348358154297e-08,0.0,0.6000000238418579,-3.725290298461914e-08,0.05600002408027649,0.5999999642372131,-1.4901161193847656e-08,-0.055999964475631714,0.6000000238418579,-1.5196175575256348,-4.76837158203125e-07,6.377322196960449,0.0,0.0,0.0,2.980232238769531e-07,4.9667835355649e-07,1.1175870895385742e-08,12.42917251586914,12.429173469543457,15.713781356811523,15.713781356811523,0.8820533156394958,0.8820533156394958,0.11794667690992355,0.11794667690992355,0.0,0.0,0.0,0.0,1.406916618347168,1.406916618347168,2.2040891647338867,2.2040891647338867,0.16331566870212555,0.16331566870212555,0.0,0.0,-0.07194940745830536,-0.07194940745830536,0.09136626124382019,0.09136626124382019,0.5500251054763794,0.5500251054763794,-0.17836284637451172,-0.17836284637451172,0.19800248742103577,0.19800248742103577,7.672070026397705,7.672070026397705,-2.4143877029418945,-2.4143877029418945,12.841543197631836,12.841543197631836,14.163772583007812,14.163772583007812,0.0,0.0,180.0
396,1.65,0.5139326895812504,-1.9711690132731572,-207.76191323974857,0.5139326895812504,-1.9711690132731572,-207.76191323974857,5.0,-5.0,0.0,0.0,15.0,0,0.5,0.0,0.0,3.2,3.2,3.2,1.9711685180664062,1.9711686372756958,1.9711689949035645,1.9711689949035645,0.49299490451812744,0.4935021698474884,-6.260899543762207,-6.108605861663818,-0.026163367554545403,-0.026163367554545403,0.0,0.0,nan,nan,1.9827196598052979,1.9827196598052979,3.9654393196105957,0.0,3.987701416015625,0.15396104753017426,0.0,0.0,0.0,0.15396104753017426,0.0,3.987701416015625,0.0,0.0,0.0,-0.7905728220939636,1.65261971950531,3.5453221797943115,0.0,0.0,0.0,0.0,3.987701416015625,0.15396104753017426,0.0,0.0,0.0,0.15396104753017426,0.0,3.987701416015625,-0.0,-0.0,-0.0,-0.7905726432800293,-1.6526206731796265,3.5453217029571533,0.0,0.0,0.0,4.470348358154297e-08,0.0,0.6000000238418579,-1.4901161193847656e-07,0.05600002408027649,0.5999999642372131,-1.4901161193847656e-08,-0.0559999942779541,0.6000000238418579,-1.5811455249786377,-9.5367431640625e-07,7.090643882751465,0.0,0.0,0.0,2.384185791015625e-07,9.452218705519044e-07,-1.8998980522155762e-07,10.723983764648438,10.723981857299805,16.287385940551758,16.28736114501953,0.8820533156394958,0.8820533156394958,0.11794667690992355,0.11794667690992355,0.0,0.0,0.0,0.0,1.7814826965332031,1.7814826965332031,2.2062184810638428,2.2062184810638428,0.22664621472358704,0.22664621472358704,0.0,0.0,-0.07268518209457397,-0.07268518209457397,0.15396104753017426,0.15396104753017426,0.5500251054763794,0.5500251054763794,-0.15708649158477783,-0.15708649158477783,0.21786943078041077,0.21786943078041077,13.955520629882812,13.955520629882812,1.2319629192352295,1.2319629192352295,16.484745025634766,16.484745025634766,13.50094985961914,13.50094985961914,0.0,0.0,180.0
397,1.6541666666666666,0.5039266549485351,-2.8289182335162186,-203.71688372249804,0.5039266549485351,-2.8289182335162186,-203.71688372249804,5.0,-5.0,0.0,0.0,15.0,0,0.5,0.0,0.0,3.2,3.2,3.2,2.8289177417755127,2.828918218612671,2.828917980194092,2.828917980194092,0.48068034648895264,0.48111703991889954,-6.5743865966796875,-6.447120666503906,-0.03754828870296478,-0.03754828870296478,0.0,0.0,nan,nan,3.69795560836792,3.69795560836792,7.39591121673584,0.0,4.366135120391846,0.2347445785999298,0.0,0.0,0.0,0.2347445785999298,0.0,4.366135120391846,0.0,0.0,0.0,-0.8063147664070129,1.769605040550232,3.916196584701538,0.0,0.0,0.0,0.0,4.366135120391846,0.2347445785999298,0.0,0.0,0.0,0.2347445785999298,0.0,4.366135120391846,-0.0,-0.0,-0.0,-0.8063149452209473,-1.7696057558059692,3.916196346282959,0.0,0.0,0.0,4.470348358154297e-08,0.0,0.6000000238418579,-4.470348358154297e-08,0.0559999942779541,0.5999999642372131,-2.2351741790771484e-08,-0.055999934673309326,0.6000000238418579,-1.6126296520233154,-7.152557373046875e-07,7.832392692565918,0.0,0.0,0.0,3.5762786865234375e-07,6.607967861782527e-07,0.0,9.860907554626465,9.860910415649414,16.860544204711914,16.860544204711914,0.8820533156394958,0.8820533156394958,0.11794667690992355,0.11794667690992355,0.0,0.0,0.0,0.0,2.174238920211792,2.174238920211792,2.1918957233428955,2.1918957233428955,0.3083202838897705,0.3083202838897705,0.0,0.0,-0.0735757052898407,-0.0735757052898407,0.2347445785999298,0.2347445785999298,0.5500251054763794,0.5500251054763794,-0.1354868859052658,-0.1354868859052658,0.2372659295797348,0.2372659295797348,20.134971618652344,20.134971618652344,4.822103500366211,4.822103500366211,20.069965362548828,20.069965362548828,12.848642349243164,12.848642349243164,0.0,0.0,180.0
398,1.6583333333333332,0.4903859369021577,-3.666824624926109,-198.24292663631314,0.4903859369021577,-3.666824624926109,-198.24292663631314,5.0,-5.0,0.0,0.0,15.0,0,0.5,0.0,0.0,3.2,3.2,3.2,3.6668245792388916,3.666822910308838,3.6668243408203125,3.6668245792388916,0.464974582195282,0.46533799171447754,-6.844898700714111,-6.743621826171875,-0.04866983741521835,-0.04866983741521835,0.0,0.0,nan,nan,5.665409088134766,5.665409088134766,11.330818176269531,0.0,4.7461090087890625,0.33423638343811035,0.0,0.0,0.0,0.33423638343811035,0.0,4.7461090087890625,0.0,0.0,0.0,-0.8067562580108643,1.8646842241287231,4.302250862121582,0.0,0.0,0.0,0.0,4.7461090087890625,0.33423638343811035,0.0,0.0,0.0,0.33423638343811035,0.0,4.7461090087890625,-0.0,-0.0,-0.0,-0.8067558407783508,-1.8646845817565918,4.302250385284424,0.0,0.0,0.0,4.470348358154297e-08,0.0,0.6000000238418579,1.4901161193847656e-08,0.05600005388259888,0.6000000238418579,-3.725290298461914e-08,-0.055999934673309326,0.6000000238418579,-1.6135120391845703,-3.5762786865234375e-07,8.604501724243164,0.0,0.0,0.0,5.364418029785156e-07,4.808139237866271e-07,2.1606683731079102e-07,9.915624618530273,9.91562557220459,17.430112838745117,17.430112838745117,0.8820533156394958,0.8820533156394958,0.11794667690992355,0.11794667690992355,0.0,0.0,0.0,0.0,2.5847015380859375,2.5847015380859375,2.161406993865967,2.161406993865967,0.40884464979171753,0.40884464979171753,0.0,0.0,-0.07460828870534897,-0.07460828870534897,0.33423638343811035,0.33423638343811035,0.5500251054763794,0.5500251054763794,-0.1137271523475647,-0.1137271523475647,0.25604432821273804,0.25604432821273804,26.164875030517578,26.164875030517578,8.329535484313965,8.329535484313965,23.570735931396484,23.570735931396484,12.211423873901367,12.211423873901367,0.0,0.0,180.0
399,1.6624999999999999,0.47340551385022267,-4.479010876201932,-191.37843785712136,0.47340551385022267,-4.479010876201932,-191.37843785712136,5.0,-5.0,0.0,0.0,15.0,0,0.5,0.0,0.0,3.2,3.2,3.2,4.479009628295898,4.479009628295898,4.479011535644531,4.479011058807373,0.44598644971847534,0.446274071931839,-7.070744514465332,-6.996225357055664,-0.05945000424981117,-0.05945000424981117,0.0,0.0,nan,nan,7.860108375549316,7.860108375549316,15.720216751098633,0.0,5.126777648925781,0.45251691341400146,0.0,0.0,0.0,0.45251691341400146,0.0,5.126777648925781,0.0,0.0,0.0,-0.7917836308479309,1.9339008331298828,4.703373908996582,0.0,0.0,0.0,0.0,5.126777648925781,0.45251691341400146,0.0,0.0,0.0,0.45251691341400146,0.0,5.126777648925781,-0.0,-0.0,-0.0,-0.791783332824707,-1.9339021444320679,4.703373908996582,0.0,0.0,0.0,4.470348358154297e-08,0.0,0.6000000238418579,-1.4156103134155273e-07,0.05600002408027649,0.5999999642372131,-9.685754776000977e-08,-0.055999934673309326,0.6000000238418579,-1.5835669040679932,-1.3113021850585938e-06,9.406747817993164,0.0,0.0,0.0,5.364418029785156e-07,1.5890800568740815e-06,0.0,10.541055679321289,10.541057586669922,18.992504119873047,18.992504119873047,0.8289155960083008,0.8289155960083008,0.1710844784975052,0.1710844784975052,0.0,0.0,0.0,0.0,3.011575937271118,3.011575937271118,2.115201950073242,2.115201950073242,0.5282832384109497,0.5282832384109497,0.0,0.0,-0.07576628774404526,-0.07576628774404526,0.45251691341400146,0.45251691341400146,0.5500251054763794,0.5500251054763794,-0.09197031706571579,-0.09197031706571579,0.2740624248981476,0.2740624248981476,32.00127029418945,32.00127029418945,11.728643417358398,11.728643417358398,26.96149253845215,26.96149253845215,11.593766212463379,11.593766212463379,0.0,0.0,180.0
400,1.6666666666666667,0.4531044912600174,-5.2597800843462075,-183.17156684157837,0.4531044912600174,-5.2597800843462075,-183.17156684157837,5.0,-5.0,0.0,0.0,15.0,0,0.5,0.0,0.0,3.2,3.2,3.2,5.25977897644043,5.259779453277588,5.259780406951904,5.259780406951904,0.4238588809967041,0.424068808555603,-7.2487897872924805,-7.201590061187744,-0.06981316953897476,-0.06981316953897476,0.0,0.0,nan,nan,10.198176383972168,10.198176383972168,20.396352767944336,0.0,5.491161823272705,0.5754849910736084,0.0,0.0,0.0,0.5754849910736084,0.0,5.491161823272705,0.0,0.0,0.0,-0.770959198474884,1.9676939249038696,5.10076904296875,0.0,0.0,0.0,0.0,5.491161823272705,0.5754849910736084,0.0,0.0,0.0,0.5754849910736084,0.0,5.491161823272705,-0.0,-0.0,-0.0,-0.770959198474884,-1.9676947593688965,5.100768566131592,0.0,0.0,0.0,4.470348358154297e-08,0.0,0.6000000238418579,-9.685754776000977e-08,0.05600002408027649,0.5999999642372131,-8.940696716308594e-08,-0.055999934673309326,0.6000000238418579,-1.541918396949768,-8.344650268554688e-07,10.2015380859375,0.0,0.0,0.0,5.960464477539062e-07,1.4520892364089377e-06,5.587935447692871e-08,11.446121215820312,11.446121215820312,23.393863677978516,23.393863677978516,0.7445049285888672,0.7445049285888672,0.2554951012134552,0.2554951012134552,0.0,0.0,0.004546067211776972,0.004546067211776972,3.4526617527008057,3.4526617527008057,2.0538744926452637,2.0538744926452637,0.6661278605461121,0.6661278605461121,0.0,0.0,-0.0770290344953537,-0.0770290344953537,0.5754849910736084,0.5754849910736084,0.5500251054763794,0.5500251054763794,-0.07037768512964249,-0.07037768512964249,0.2911852300167084,0.2911852300167084,37.60215759277344,37.60215759277344,14.994908332824707,14.994908332824707,30.217771530151367,30.217771530151367,11.000000953674316,11.000000953674316,0.0,0.0,180.0
401,1.6708333333333334,0.42962526621875446,-6.003655714345439,-173.67987889323237,0.42962526621875446,-6.003655714345439,-173.67987889323237,5.0,-5.0,0.0,0.0,15.0,0,0.5,0.0,0.0,3.2,3.2,3.2,6.003655910491943,6.003654479980469,6.003655910491943,6.003655910491943,0.3987651467323303,0.398895800113678,-7.374887943267822,-7.355319023132324,-0.07968664914369583,-0.07968664914369583,0.0,0.0,nan,nan,12.525253295898438,12.525253295898438,25.050506591796875,0.0,5.809873104095459,0.6725378036499023,0.0,0.0,0.0,0.6725378036499023,0.0,5.809873104095459,0.0,0.0,0.0,-0.7664875984191895,1.9539835453033447,5.459063529968262,0.0,0.0,0.0,0.0,5.809873104095459,0.6725378036499023,0.0,0.0,0.0,0.6725378036499023,0.0,5.809873104095459,-0.0,-0.0,-0.0,-0.766487181186676,-1.9539846181869507,5.459063529968262,0.0,0.0,0.0,4.470348358154297e-08,0.0,0.6000000238418579,-2.9802322387695312e-08,0.05600005388259888,0.5999999642372131,-8.940696716308594e-08,-0.05599987506866455,0.6000000238418579,-1.5329747200012207,-1.0728836059570312e-06,10.918127059936523,0.0,0.0,0.0,1.0728836059570312e-06,1.1845356766571058e-06,2.7567148208618164e-07,12.45530891418457,12.45531177520752,27.2468204498291,27.2468204498291,0.6546194553375244,0.6546194553375244,0.34538063406944275,0.34538063406944275,0.0,0.0,0.023084618151187897,0.023084618151187897,3.904836654663086,3.904836654663086,1.978142261505127,1.978142261505127,0.8211922645568848,0.8211922645568848,0.0,0.0,-0.07837232202291489,-0.07837232202291489,0.6725378036499023,0.6725378036499023,0.5500251054763794,0.5500251054763794,-0.04910697415471077,-0.04910697415471077,0.3072863221168518,0.3072863221168518,42.92790222167969,42.92790222167969,18.10515785217285,18.10515785217285,33.31647491455078,33.31647491455078,10.43429183959961,10.43429183959961,0.0,0.0,180.0
402,1.675,0.40313252862029286,-6.705420013129278,-162.96995138327037,0.40313252862029286,-6.705420013129278,-162.96995138327037,5.0,-5.0,0.0,0.0,15.0,0,0.5,0.0,0.0,3.2,3.2,3.2,6.705420017242432,6.705419063568115,6.70542049407959,6.70542049407959,0.370892196893692,0.3709426820278168,-7.446378231048584,-7.454519271850586,-0.08900117874145508,-0.08900117874145508,0.0,0.0,nan,nan,14.70762825012207,14.70762825012207,29.41525650024414,0.0,6.064223289489746,0.7192525863647461,0.0,0.0,0.0,0.7192525863647461,0.0,6.064223289489746,0.0,0.0,0.0,-0.7968243956565857,1.8875319957733154,5.752775192260742,0.0,0.0,0.0,0.0,6.064223289489746,0.7192525863647461,0.0,0.0,0.0,0.7192525863647461,0.0,6.064223289489746,-0.0,-0.0,-0.0,-0.7968242764472961,-1.8875333070755005,5.752774715423584,0.0,0.0,0.0,4.470348358154297e-08,0.0,0.6000000238418579,-6.705522537231445e-08,0.05600005388259888,0.5999999642372131,-2.9802322387695312e-08,-0.055999964475631714,0.6000000238418579,-1.5936486721038818,-1.3113021850585938e-06,11.505550384521484,0.0,0.0,0.0,6.556510925292969e-07,1.1190322766196914e-06,7.450580596923828e-09,13.467970848083496,13.467973709106445,30.544343948364258,30.544349670410156,0.5998412370681763,0.5998412370681763,0.4001588523387909,0.4001588523387909,0.0,0.0,0.06213124841451645,0.06213124841451645,4.364091396331787,4.364091396331787,1.8888245820999146,1.8888245820999146,0.9915393590927124,0.9915393590927124,0.0,0.0,-0.0797685831785202,-0.0797685831785202,0.7192525863647461,0.7192525863647461,0.5500251054763794,0.5500251054763794,-0.02831096760928631,-0.02831096760928631,0.32224926352500916,0.32224926352500916,47.9415168762207,47.9415168762207,21.037723541259766,21.037723541259766,36.23600769042969,36.23600769042969,9.900609016418457,9.900609016418457,0.0,0.0,180.0
403,1.6791666666666667,0.373812105983882,-7.360150608358647,-151.11690675810317,0.373812105983882,-7.360150608358647,-151.11690675810317,5.0,-5.0,0.0,0.0,15.0,0,0.5,0.0,0.0,3.2,3.2,3.2,7.360148906707764,7.360150337219238,7.3601508140563965,7.3601508140563965,0.34042537212371826,0.3403951823711395,-7.4644246101379395,-7.500189781188965,-0.09769143164157867,-0.09769143164157867,0.0,0.0,nan,nan,16.74785614013672,16.74785614013672,33.49571228027344,0.0,6.267640113830566,0.7224792242050171,0.0,0.0,0.0,0.7224792242050171,0.0,6.267640113830566,0.0,0.0,0.0,-0.8578804135322571,1.7753887176513672,5.993106365203857,0.0,0.0,0.0,0.0,6.267640113830566,0.7224792242050171,0.0,0.0,0.0,0.7224792242050171,0.0,6.267640113830566,-0.0,-0.0,-0.0,-0.8578802347183228,-1.7753901481628418,5.993105888366699,0.0,0.0,0.0,4.470348358154297e-08,0.0,0.6000000238418579,-2.9802322387695312e-08,0.05600002408027649,0.5999999642372131,1.4901161193847656e-08,-0.055999964475631714,0.6000000238418579,-1.7157607078552246,-1.430511474609375e-06,11.986211776733398,0.0,0.0,0.0,4.76837158203125e-07,6.762633120160899e-07,-1.862645149230957e-08,14.427506446838379,14.427509307861328,33.324405670166016,33.324405670166016,0.557930588722229,0.557930588722229,0.4420694410800934,0.4420694410800934,0.0,0.0,0.11410718411207199,0.11410718411207199,4.825621604919434,4.825621604919434,1.7868167161941528,1.7868167161941528,1.1744575500488281,1.1744575500488281,0.0,0.0,-0.0811874270439148,-0.0811874270439148,0.7224792242050171,0.7224792242050171,0.5500251054763794,0.5500251054763794,-0.00813613086938858,-0.00813613086938858,0.33596837520599365,0.33596837520599365,52.6088752746582,52.6088752746582,23.77259063720703,23.77259063720703,38.956451416015625,38.956451416015625,9.402693748474121,9.402693748474121,0.0,0.0,180.0
404,1.6833333333333333,0.3418696600076244,-7.963255035331244,-138.20388560937667,0.3418696600076244,-7.963255035331244,-138.20388560937667,5.0,-5.0,0.0,0.0,15.0,0,0.5,0.0,0.0,3.2,3.2,3.2,7.963255405426025,7.963255882263184,7.963254928588867,7.963254928588867,0.30757272243499756,0.30746200680732727,-7.429779052734375,-7.49291467666626,-0.10569644719362259,-0.10569644719362259,0.0,0.0,nan,nan,18.644290924072266,18.644290924072266,37.28858184814453,0.0,6.426783561706543,0.6856058835983276,0.0,0.0,0.0,0.6856058835983276,0.0,6.426783561706543,0.0,0.0,0.0,-0.9472333788871765,1.622696876525879,6.184109210968018,0.0,0.0,0.0,0.0,6.426783561706543,0.6856058835983276,0.0,0.0,0.0,0.6856058835983276,0.0,6.426783561706543,-0.0,-0.0,-0.0,-0.9472336173057556,-1.6226974725723267,6.184109210968018,0.0,0.0,0.0,4.470348358154297e-08,0.0,0.6000000238418579,-2.2351741790771484e-08,0.05600005388259888,0.5999999642372131,7.450580596923828e-09,-0.0559999942779541,0.6000000238418579,-1.8944669961929321,-5.960464477539062e-07,12.368218421936035,0.0,0.0,0.0,4.76837158203125e-07,7.015123628661968e-07,-3.725290298461914e-09,15.303487777709961,15.303488731384277,35.64192581176758,35.64192581176758,0.5156482458114624,0.5156482458114624,0.4822954833507538,0.4822954833507538,0.002056337660178542,0.002056337660178542,0.17482061684131622,0.17482061684131622,5.283967971801758,5.283967971801758,1.6730680465698242,1.6730680465698242,1.3664886951446533,1.3664886951446533,0.0,0.0,-0.08259645849466324,-0.08259645849466324,0.6856058835983276,0.6856058835983276,0.5500251054763794,0.5500251054763794,0.011278410442173481,0.011278410442173481,0.3483498692512512,0.3483498692512512,56.898929595947266,56.898929595947266,26.291492462158203,26.291492462158203,41.45964431762695,41.45964431762695,8.944040298461914,8.944040298461914,0.0,0.0,180.0
405,1.6875,0.30752924399942255,-8.510502949821893,-124.32146350245411,0.30752924399942255,-8.510502949821893,-124.32146350245411,5.0,-5.0,0.0,0.0,15.0,0,0.5,0.0,0.0,3.2,3.2,3.2,8.51050090789795,8.51050090789795,8.510502815246582,8.510502815246582,0.27250900864601135,0.2723190188407898,-7.351630210876465,-7.441864967346191,-0.112960085272789,-0.112960085272789,0.0,0.0,nan,nan,20.681827545166016,20.681827545166016,41.36365509033203,0.0,6.622849464416504,0.6797236800193787,0.0,0.0,0.0,0.6797236800193787,0.0,6.622849464416504,0.0,0.0,0.0,-1.01589834690094,1.4511958360671997,6.417643070220947,0.0,0.0,0.0,0.0,6.622849464416504,0.6797236800193787,0.0,0.0,0.0,0.6797236800193787,0.0,6.622849464416504,-0.0,-0.0,-0.0,-1.01589834690094,-1.4511969089508057,6.417642593383789,0.0,0.0,0.0,4.470348358154297e-08,0.0,0.6000000238418579,-1.043081283569336e-07,0.05600002408027649,0.5999999642372131,0.0,-0.055999934673309326,0.6000000238418579,-2.03179669380188,-1.0728836059570312e-06,12.835285186767578,0.0,0.0,0.0,6.854534149169922e-07,1.3037465578236151e-06,-6.332993507385254e-08,16.081235885620117,16.081235885620117,37.554847717285156,37.554847717285156,0.4873591661453247,0.4873591661453247,0.49538251757621765,0.49538251757621765,0.017258400097489357,0.017258400097489357,0.21403278410434723,0.21403278410434723,5.733179092407227,5.733179092407227,1.5485601425170898,1.5485601425170898,1.5635099411010742,1.5635099411010742,0.0,0.0,-0.08396197110414505,-0.08396197110414505,0.6797236800193787,0.6797236800193787,0.5500251054763794,0.5500251054763794,0.02980169467628002,0.02980169467628002,0.35931217670440674,0.35931217670440674,60.78380584716797,60.78380584716797,28.57801055908203,28.57801055908203,43.729270935058594,43.729270935058594,8.527864456176758,8.527864456176758,0.0,0.0,180.0
406,1.6916666666666667,0.2710317313040215,-8.998055800907471,-109.56701565391006,0.2710317313040215,-8.998055800907471,-109.56701565391006,5.0,-5.0,0.0,0.0,15.0,0,0.5,0.0,0.0,3.2,3.2,3.2,8.998055458068848,8.998055458068848,8.998055458068848,8.998055458068848,0.23552395403385162,0.23525603115558624,-7.223499298095703,-7.340230464935303,-0.11943138390779495,-0.11943138390779495,0.0,0.0,nan,nan,22.578086853027344,22.578086853027344,45.15617370605469,0.0,6.789646148681641,0.6541298031806946,0.0,0.0,0.0,0.6541298031806946,0.0,6.789646148681641,0.0,0.0,0.0,-1.0956493616104126,1.245023250579834,6.616392612457275,0.0,0.0,0.0,0.0,6.789646148681641,0.6541298031806946,0.0,0.0,0.0,0.6541298031806946,0.0,6.789646148681641,-0.0,-0.0,-0.0,-1.0956496000289917,-1.24502432346344,6.616392135620117,0.0,0.0,0.0,4.470348358154297e-08,0.0,0.6000000238418579,-7.450580596923828e-09,0.05600002408027649,0.6000000238418579,4.470348358154297e-08,-0.0559999942779541,0.6000000238418579,-2.1912989616394043,-1.0728836059570312e-06,13.232784271240234,0.0,0.0,0.0,2.384185791015625e-07,3.450717542818893e-07,-4.470348358154297e-08,16.755664825439453,16.755666732788086,39.11737823486328,39.11737060546875,0.45904016494750977,0.45904016494750977,0.5041139721870422,0.5041139721870422,0.036845918744802475,0.036845918744802475,0.2546203136444092,0.2546203136444092,6.167004108428955,6.167004108428955,1.414288878440857,1.414288878440857,1.760864019393921,1.760864019393921,0.0,0.0,-0.08524999022483826,-0.08524999022483826,0.6541298031806946,0.6541298031806946,0.5500251054763794,0.5500251054763794,0.04731156304478645,0.04731156304478645,0.36878615617752075,0.36878615617752075,64.23880767822266,64.23880767822266,30.617563247680664,30.617563247680664,45.75087356567383,45.75087356567383,8.157086372375488,8.157086372375488,0.0,0.0,180.0
407,1.6958333333333333,0.23263312574955622,-9.422493755643819,-94.04403391434728,0.23263312574955622,-9.422493755643819,-94.04403391434728,5.0,-5.0,0.0,0.0,15.0,0,0.5,0.0,0.0,3.2,3.2,3.2,9.422493934631348,9.422493934631348,9.422493934631348,9.422493934631348,0.19685250520706177,0.19650885462760925,-7.050210952758789,-7.19273042678833,-0.12506495416164398,-0.12506495416164398,0.0,0.0,nan,nan,24.42749786376953,24.42749786376953,48.85499572753906,0.0,6.962028980255127,0.6466535925865173,0.0,0.0,0.0,0.6466535925865173,0.0,6.962028980255127,0.0,0.0,0.0,-1.158109426498413,1.0129553079605103,6.8206095695495605,0.0,0.0,0.0,0.0,6.962028980255127,0.6466535925865173,0.0,0.0,0.0,0.6466535925865173,0.0,6.962028980255127,-0.0,-0.0,-0.0,-1.158109188079834,-1.012956976890564,6.8206095695495605,0.0,0.0,0.0,4.470348358154297e-08,0.0,0.6000000238418579,0.0,0.0559999942779541,0.5999999642372131,2.2351741790771484e-08,-0.055999964475631714,0.6000000238418579,-2.316218614578247,-1.6689300537109375e-06,13.641219139099121,0.0,0.0,0.0,2.682209014892578e-07,5.263862021820387e-07,2.9802322387695312e-08,17.327505111694336,17.327505111694336,40.3770637512207,40.3770637512207,0.44487857818603516,0.44487857818603516,0.5019837021827698,0.5019837021827698,0.05313779413700104,0.05313779413700104,0.28221216797828674,0.28221216797828674,6.579092502593994,6.579092502593994,1.2712492942810059,1.2712492942810059,1.9535307884216309,1.9535307884216309,0.0,0.0,-0.08642737567424774,-0.08642737567424774,0.6466535925865173,0.6466535925865173,0.5500251054763794,0.5500251054763794,0.06369496881961823,0.06369496881961823,0.3767150342464447,0.3767150342464447,67.24253845214844,67.24253845214844,32.39746856689453,32.39746856689453,47.51189422607422,47.51189422607422,7.834306240081787,7.834306240081787,0.0,0.0,180.0
408,1.7,0.19260276596462486,-9.780839686736783,-77.86140084741919,0.19260276596462486,-9.780839686736783,-77.86140084741919,5.0,-5.0,0.0,0.0,15.0,0,0.5,0.0,0.0,3.2,3.2,3.2,9.780839920043945,9.780839920043945,9.780839920043945,9.780839920043945,0.15679268538951874,0.15637581050395966,-6.828676700592041,-6.996007442474365,-0.1298212856054306,-0.1298212856054306,0.0,0.0,nan,nan,26.036739349365234,26.036739349365234,52.07347869873047,0.0,7.099071502685547,0.6268520951271057,0.0,0.0,0.0,0.6268520951271057,0.0,7.099071502685547,0.0,0.0,0.0,-1.2215698957443237,0.7509896755218506,6.9809417724609375,0.0,0.0,0.0,0.0,7.099071502685547,0.6268520951271057,0.0,0.0,0.0,0.6268520951271057,0.0,7.099071502685547,-0.0,-0.0,-0.0,-1.221569538116455,-0.7509912252426147,6.980940818786621,0.0,0.0,0.0,4.470348358154297e-08,0.0,0.6000000238418579,0.0,0.05600005388259888,0.5999999642372131,0.0,-0.055999934673309326,0.5999999642372131,-2.4431395530700684,-1.5497207641601562e-06,13.961882591247559,0.0,0.0,0.0,8.940696716308594e-07,7.697672117501497e-07,1.7136335372924805e-07,17.80103874206543,17.801040649414062,41.37376022338867,41.37376022338867,0.43071863055229187,0.43071863055229187,0.4976421892642975,0.4976421892642975,0.07163921743631363,0.07163921743631363,0.31009846925735474,0.31009846925735474,6.963192939758301,6.963192939758301,1.1204257011413574,1.1204257011413574,2.1363277435302734,2.1363277435302734,0.0,0.0,-0.08746291697025299,-0.08746291697025299,0.6268520951271057,0.6268520951271057,0.5500251054763794,0.5500251054763794,0.07884810864925385,0.07884810864925385,0.38305437564849854,0.38305437564849854,69.77674102783203,69.77674102783203,33.906883239746094,33.906883239746094,49.001617431640625,49.001617431640625,7.561788558959961,7.561788558959961,0.0,0.0,180.0
409,1.7041666666666666,0.15122143616134795,-10.070580054950907,-61.132625996885736,0.15122143616134795,-10.070580054950907,-61.132625996885736,5.0,-5.0,0.0,0.0,15.0,0,0.5,0.0,0.0,3.2,3.2,3.2,10.070577621459961,10.070579528808594,10.070581436157227,10.070581436157227,0.1156020238995552,0.11511499434709549,-6.564230918884277,-6.7553019523620605,-0.1336670219898224,-0.1336670219898224,0.0,0.0,nan,nan,27.48976707458496,27.48976707458496,54.97953414916992,0.0,7.234575271606445,0.633175253868103,0.0,0.0,0.0,0.633175253868103,0.0,7.234575271606445,0.0,0.0,0.0,-1.2569366693496704,0.4670567512512207,7.137363910675049,0.0,0.0,0.0,0.0,7.234575271606445,0.633175253868103,0.0,0.0,0.0,0.633175253868103,0.0,7.234575271606445,-0.0,-0.0,-0.0,-1.256937026977539,-0.4670582711696625,7.137363433837891,0.0,0.0,0.0,4.470348358154297e-08,0.0,0.6000000238418579,-8.195638656616211e-08,0.0559999942779541,0.5999999642372131,-2.9802322387695312e-08,-0.055999964475631714,0.6000000238418579,-2.51387357711792,-1.519918441772461e-06,14.274726867675781,0.0,0.0,0.0,2.682209014892578e-07,1.510711854280089e-06,-7.450580596923828e-09,18.182992935180664,18.182992935180664,42.13975524902344,42.13975143432617,0.43071863055229187,0.43071863055229187,0.4772278070449829,0.4772278070449829,0.0920536071062088,0.0920536071062088,0.32412275671958923,0.32412275671958923,7.313354015350342,7.313354015350342,0.9627858996391296,0.9627858996391296,2.3041324615478516,2.3041324615478516,0.0,0.0,-0.08832844346761703,-0.08832844346761703,0.633175253868103,0.633175253868103,0.5500251054763794,0.5500251054763794,0.09267662465572357,0.09267662465572357,0.3877716362476349,0.3877716362476349,71.82636260986328,71.82636260986328,35.136810302734375,35.136810302734375,50.21118927001953,50.21118927001953,7.341444492340088,7.341444492340088,0.0,0.0,180.0
410,1.7083333333333333,0.1087793966358548,-10.289682539781317,-43.97504969871677,0.1087793966358548,-10.289682539781317,-43.97504969871677,5.0,-5.0,0.0,0.0,15.0,0,0.5,0.0,0.0,3.2,3.2,3.2,10.289684295654297,10.289681434631348,10.289682388305664,10.289682388305664,0.07357119768857956,0.07301768660545349,-6.2584333419799805,-6.471996784210205,-0.13657516241073608,-0.13657516241073608,0.0,0.0,nan,nan,28.733678817749023,28.733678817749023,57.46735763549805,0.0,7.364840507507324,0.6703808307647705,0.0,0.0,0.0,0.6703808307647705,0.0,7.364840507507324,0.0,0.0,0.0,-1.2581522464752197,0.16320762038230896,7.285650253295898,0.0,0.0,0.0,0.0,7.364840507507324,0.6703808307647705,0.0,0.0,0.0,0.6703808307647705,0.0,7.364840507507324,-0.0,-0.0,-0.0,-1.2581523656845093,-0.16320912539958954,7.285650253295898,0.0,0.0,0.0,4.470348358154297e-08,0.0,0.6000000238418579,-8.940696716308594e-08,0.05600005388259888,0.5999999642372131,1.4901161193847656e-08,-0.055999964475631714,0.6000000238418579,-2.5163044929504395,-1.5050172805786133e-06,14.571300506591797,0.0,0.0,0.0,6.556510925292969e-07,1.2692028121819021e-06,8.940696716308594e-08,18.48268699645996,18.482683181762695,42.7000846862793,42.7000846862793,0.4165618121623993,0.4165618121623993,0.48054662346839905,0.48054662346839905,0.10289160162210464,0.10289160162210464,0.32412275671958923,0.32412275671958923,7.6241068840026855,7.6241068840026855,0.79928058385849,0.79928058385849,2.452101707458496,2.452101707458496,0.0,0.0,-0.08899996429681778,-0.08899996429681778,0.6703808307647705,0.6703808307647705,0.5500251054763794,0.5500251054763794,0.1050952821969986,0.1050952821969986,0.39084550738334656,0.39084550738334656,73.3794174194336,73.3794174194336,36.08003616333008,36.08003616333008,51.133541107177734,51.133541107177734,7.1748199462890625,7.1748199462890625,0.0,0.0,180.0
411,1.7125,0.06557434780084616,-10.436610294721884,-26.50902002293946,0.06557434780084616,-10.436610294721884,-26.50902002293946,5.0,-5.0,0.0,0.0,15.0,0,0.5,0.0,0.0,3.2,3.2,3.2,10.436610221862793,10.436606407165527,10.43661117553711,10.43661117553711,0.031047694385051727,0.030431412160396576,-5.904993534088135,-6.139476776123047,-0.1385253518819809,-0.1385253518819809,0.0,0.0,nan,nan,29.45063018798828,29.45063018798828,58.90126037597656,0.0,7.411028861999512,0.6612308025360107,0.0,0.0,0.0,0.6612308025360107,0.0,7.411028861999512,0.0,0.0,0.0,-1.2789883613586426,-0.15593650937080383,7.328059196472168,0.0,0.0,0.0,0.0,7.411028861999512,0.6612308025360107,0.0,0.0,0.0,0.6612308025360107,0.0,7.411028861999512,-0.0,-0.0,-0.0,-1.2789881229400635,0.15593492984771729,7.328059196472168,0.0,0.0,0.0,4.470348358154297e-08,0.0,0.6000000238418579,5.960464477539063e-08,0.05600002408027649,0.6000000238418579,-1.2665987014770508e-07,-0.055999934673309326,0.6000000238418579,-2.557976484298706,-1.5795230865478516e-06,14.656118392944336,0.0,0.0,0.0,6.556510925292969e-07,1.146564272858086e-06,9.685754776000977e-08,18.71785545349121,18.717857360839844,43.07316207885742,43.07316589355469,0.4165618121623993,0.4165618121623993,0.4693310558795929,0.4693310558795929,0.11410718411207199,0.11410718411207199,0.3381875455379486,0.3381875455379486,7.890633583068848,7.890633583068848,0.6308459043502808,0.6308459043502808,2.575890302658081,2.575890302658081,0.0,0.0,-0.08945859223604202,-0.08945859223604202,0.6612308025360107,0.6612308025360107,0.5500251054763794,0.5500251054763794,0.11602812260389328,0.11602812260389328,0.39226555824279785,0.39226555824279785,74.4269790649414,74.4269790649414,36.731136322021484,36.731136322021484,51.763389587402344,51.763389587402344,7.063082695007324,7.063082695007324,0.0,0.0,180.0
412,1.7166666666666666,0.021909342031118443,-10.510332727139124,-8.857048618405832,0.021909342031118443,-10.510332727139124,-8.857048618405832,5.0,-5.0,0.0,0.0,15.0,0,0.5,0.0,0.0,3.2,3.2,3.2,10.510333061218262,10.510333061218262,10.510334014892578,10.510334014892578,-0.011719844304025173,-0.012394363060593605,-5.514342784881592,-5.768181324005127,-0.1395038664340973,-0.1395038664340973,0.0,0.0,nan,nan,29.88248062133789,29.88248062133789,59.76496124267578,0.0,7.446191787719727,0.6856005787849426,0.0,0.0,0.0,0.6856005787849426,0.0,7.446191787719727,0.0,0.0,0.0,-1.2609410285949707,-0.481493204832077,7.354863166809082,0.0,0.0,0.0,0.0,7.446191787719727,0.6856005787849426,0.0,0.0,0.0,0.6856005787849426,0.0,7.446191787719727,-0.0,-0.0,-0.0,-1.2609413862228394,0.4814916253089905,7.354863166809082,0.0,0.0,0.0,4.470348358154297e-08,0.0,0.6000000238418579,-5.960464477539063e-08,0.05600005388259888,0.5999999642372131,1.1175870895385742e-07,-0.055999964475631714,0.6000000238418579,-2.5218825340270996,-1.5795230865478516e-06,14.709726333618164,0.0,0.0,0.0,6.258487701416016e-07,3.491479674266884e-07,1.7136335372924805e-07,18.892709732055664,18.89270782470703,43.27115249633789,43.27115249633789,0.4024088680744171,0.4024088680744171,0.4834839999675751,0.4834839999675751,0.11410718411207199,0.11410718411207199,0.3381875455379486,0.3381875455379486,8.108901023864746,8.108901023864746,0.4584101438522339,0.4584101438522339,2.671840190887451,2.671840190887451,0.0,0.0,-0.08969122171401978,-0.08969122171401978,0.6856005787849426,0.6856005787849426,0.5500251054763794,0.5500251054763794,0.12540800869464874,0.12540800869464874,0.39203134179115295,0.39203134179115295,74.96306610107422,74.96306610107422,37.086395263671875,37.086395263671875,52.09716796875,52.09716796875,7.007017612457275,7.007017612457275,0.0,0.0,180.0
413,1.7208333333333332,-0.021909342031117034,-10.510332727139126,8.857048618405264,-0.021909342031117034,-10.510332727139126,8.857048618405264,5.0,-5.0,0.0,0.0,15.0,0,0.5,0.0,0.0,3.2,3.2,3.2,10.510333061218262,10.510333061218262,10.510334014892578,10.510334014892578,-0.05440491810441017,-0.05513295158743858,-5.084970951080322,-5.356385231018066,-0.1395038664340973,-0.1395038664340973,0.0,0.0,nan,nan,29.874126434326172,29.874126434326172,59.748252868652344,0.0,7.4308624267578125,0.7038624286651611,0.0,0.0,0.0,0.7038624286651611,0.0,7.4308624267578125,0.0,0.0,0.0,-1.2320528030395508,-0.8048616051673889,7.317607402801514,0.0,0.0,0.0,0.0,7.4308624267578125,0.7038624286651611,0.0,0.0,0.0,0.7038624286651611,0.0,7.4308624267578125,-0.0,-0.0,-0.0,-1.2320526838302612,0.8048602342605591,7.317607879638672,0.0,0.0,0.0,4.470348358154297e-08,0.0,0.6000000238418579,-2.9802322387695312e-08,0.05600005388259888,0.5999999642372131,7.450580596923828e-08,-0.055999964475631714,0.6000000238418579,-2.4641056060791016,-1.3709068298339844e-06,14.635215759277344,0.0,0.0,0.0,5.960464477539062e-07,4.005585765298747e-07,1.9371509552001953e-07,18.991512298583984,18.991512298583984,43.30036544799805,43.30036544799805,0.4024088680744171,0.4024088680744171,0.4834839999675751,0.4834839999675751,0.11410718411207199,0.11410718411207199,0.3381875455379486,0.3381875455379486,8.275781631469727,8.275781631469727,0.282903254032135,0.282903254032135,2.7371444702148438,2.7371444702148438,0.0,0.0,-0.08969122171401978,-0.08969122171401978,0.7038624286651611,0.7038624286651611,0.5500251054763794,0.5500251054763794,0.13317660987377167,0.13317660987377167,0.39015206694602966,0.39015206694602966,74.984619140625,74.984619140625,37.14377975463867,37.14377975463867,52.13300323486328,52.13300323486328,7.007017612457275,7.007017612457275,0.0,0.0,180.0
414,1.7249999999999999,-0.06557434780084107,-10.436610294721897,26.509020022937406,-0.06557434780084107,-10.436610294721897,26.509020022937406,5.0,-5.0,0.0,0.0,15.0,0,0.5,0.0,0.0,3.2,3.2,3.2,10.43661117553711,10.43660831451416,10.436610221862793,10.436610221862793,-0.0967075526714325,-0.09748401492834091,-4.619799613952637,-4.906888961791992,-0.1385253518819809,-0.1385253518819809,0.0,0.0,nan,nan,29.422447204589844,29.422447204589844,58.84489440917969,0.0,7.364306449890137,0.7156174778938293,0.0,0.0,0.0,0.7156174778938293,0.0,7.364306449890137,0.0,0.0,0.0,-1.192755937576294,-1.1164649724960327,7.216367721557617,0.0,0.0,0.0,0.0,7.364306449890137,0.7156174778938293,0.0,0.0,0.0,0.7156174778938293,0.0,7.364306449890137,-0.0,-0.0,-0.0,-1.1927554607391357,1.1164631843566895,7.216367721557617,0.0,0.0,0.0,4.470348358154297e-08,0.0,0.6000000238418579,-1.4901161193847656e-08,0.05600005388259888,0.6000000238418579,-5.960464477539063e-08,-0.055999964475631714,0.5999999642372131,-2.3855113983154297,-1.7881393432617188e-06,14.432735443115234,0.0,0.0,0.0,7.152557373046875e-07,1.2539485396700911e-06,8.195638656616211e-08,19.008596420288086,19.008596420288086,43.16147232055664,43.16147994995117,0.4024088680744171,0.4024088680744171,0.4834839999675751,0.4834839999675751,0.11410718411207199,0.11410718411207199,0.3381875455379486,0.3381875455379486,8.389135360717773,8.389135360717773,0.1052677258849144,0.1052677258849144,2.7699661254882812,2.7699661254882812,0.0,0.0,-0.08945859223604202,-0.08945859223604202,0.7156174778938293,0.7156174778938293,0.5500251054763794,0.5500251054763794,0.1392844319343567,0.1392844319343567,0.3866458833217621,0.3866458833217621,74.49149322509766,74.49149322509766,36.902950286865234,36.902950286865234,51.870697021484375,51.870697021484375,7.063082695007324,7.063082695007324,0.0,0.0,180.0
415,1.7291666666666667,-0.10877939663585341,-10.289682539781323,43.97504969871621,-0.10877939663585341,-10.289682539781323,43.97504969871621,5.0,-5.0,0.0,0.0,15.0,0,0.5,0.0,0.0,3.2,3.2,3.2,10.289682388305664,10.289680480957031,10.289682388305664,10.289682388305664,-0.13835568726062775,-0.1391749083995819,-4.126043319702148,-4.426860809326172,-0.13657516241073608,-0.13657516241073608,0.0,0.0,nan,nan,28.66358184814453,28.66358184814453,57.32716369628906,0.0,7.283415794372559,0.7652413249015808,0.0,0.0,0.0,0.7652413249015808,0.0,7.283415794372559,0.0,0.0,0.0,-1.11004638671875,-1.4141161441802979,7.099423408508301,0.0,0.0,0.0,0.0,7.283415794372559,0.7652413249015808,0.0,0.0,0.0,0.7652413249015808,0.0,7.283415794372559,-0.0,-0.0,-0.0,-1.110046148300171,1.4141144752502441,7.099423885345459,0.0,0.0,0.0,4.470348358154297e-08,0.0,0.6000000238418579,0.0,0.05600005388259888,0.6000000238418579,-7.450580596923828e-08,-0.05599990487098694,0.5999999642372131,-2.220092535018921,-1.6689300537109375e-06,14.198846817016602,0.0,0.0,0.0,1.1324882507324219e-06,1.2298501133045647e-06,7.450580596923828e-08,18.93906593322754,18.939062118530273,42.849517822265625,42.84952163696289,0.4024088680744171,0.4024088680744171,0.4946995675563812,0.4946995675563812,0.10289160162210464,0.10289160162210464,0.32412275671958923,0.32412275671958923,8.447860717773438,8.447860717773438,-0.07353001832962036,-0.07353001832962036,2.769516944885254,2.769516944885254,0.0,0.0,-0.08899996429681778,-0.08899996429681778,0.7652413249015808,0.7652413249015808,0.5500251054763794,0.5500251054763794,0.14369076490402222,0.14369076490402222,0.38153937458992004,0.38153937458992004,73.4864273071289,73.4864273071289,36.36524963378906,36.36524963378906,51.311744689941406,51.311744689941406,7.1748199462890625,7.1748199462890625,0.0,0.0,180.0
416,1.7333333333333334,-0.15122143616134662,-10.070580054950916,61.132625996885196,-0.15122143616134662,-10.070580054950916,61.132625996885196,5.0,-5.0,0.0,0.0,15.0,0,0.5,0.0,0.0,3.2,3.2,3.2,10.070579528808594,10.070577621459961,10.07058048248291,10.07058048248291,-0.179032102227211,-0.17988836765289307,-3.6031477451324463,-3.915581226348877,-0.1336670219898224,-0.1336670219898224,0.0,0.0,nan,nan,27.493125915527344,27.493125915527344,54.98625183105469,0.0,7.1518144607543945,0.8090202808380127,0.0,0.0,0.0,0.8090202808380127,0.0,7.1518144607543945,0.0,0.0,0.0,-1.0174626111984253,-1.6849843263626099,6.923045635223389,0.0,0.0,0.0,0.0,7.1518144607543945,0.8090202808380127,0.0,0.0,0.0,0.8090202808380127,0.0,7.1518144607543945,-0.0,-0.0,-0.0,-1.0174624919891357,1.6849826574325562,6.923046112060547,0.0,0.0,0.0,4.470348358154297e-08,0.0,0.6000000238418579,-8.940696716308594e-08,0.0559999942779541,0.6000000238418579,-8.940696716308594e-08,-0.05599987506866455,0.5999999642372131,-2.0349249839782715,-1.6689300537109375e-06,13.846092224121094,0.0,0.0,0.0,8.940696716308594e-07,1.9175511170033133e-06,1.30385160446167e-07,18.77811050415039,18.778108596801758,42.35380172729492,42.35380935668945,0.4165618121623993,0.4165618121623993,0.4913846552371979,0.4913846552371979,0.0920536071062088,0.0920536071062088,0.31009846925735474,0.31009846925735474,8.451915740966797,8.451915740966797,-0.25248903036117554,-0.25248903036117554,2.7360782623291016,2.7360782623291016,0.0,0.0,-0.08832844346761703,-0.08832844346761703,0.8090202808380127,0.8090202808380127,0.5500251054763794,0.5500251054763794,0.14636383950710297,0.14636383950710297,0.37486761808395386,0.37486761808395386,71.97512817382812,71.97512817382812,35.533714294433594,35.533714294433594,50.45933532714844,50.45933532714844,7.341444492340088,7.341444492340088,0.0,0.0,180.0
417,1.7375,-0.19260276596462356,-9.780839686736794,77.86140084741866,-0.19260276596462356,-9.780839686736794,77.86140084741866,5.0,-5.0,0.0,0.0,15.0,0,0.5,0.0,0.0,3.2,3.2,3.2,9.780838966369629,9.780838012695312,9.780839920043945,9.780839920043945,-0.21845214068889618,-0.2193394899368286,-3.054877996444702,-3.3767385482788086,-0.1298212856054306,-0.1298212856054306,0.0,0.0,nan,nan,25.950607299804688,25.950607299804688,51.901214599609375,0.0,6.97137451171875,0.8454031944274902,0.0,0.0,0.0,0.8454031944274902,0.0,6.97137451171875,0.0,0.0,0.0,-0.9178453087806702,-1.9213507175445557,6.6918416023254395,0.0,0.0,0.0,0.0,6.97137451171875,0.8454031944274902,0.0,0.0,0.0,0.8454031944274902,0.0,6.97137451171875,-0.0,-0.0,-0.0,-0.9178454875946045,1.921349048614502,6.691842079162598,0.0,0.0,0.0,4.470348358154297e-08,0.0,0.6000000238418579,-4.470348358154297e-08,0.05600002408027649,0.5999999642372131,-5.960464477539063e-08,-0.055999934673309326,0.5999999642372131,-1.8356907367706299,-1.6689300537109375e-06,13.383684158325195,0.0,0.0,0.0,5.662441253662109e-07,1.4057266071176855e-06,4.0978193283081055e-08,18.520797729492188,18.520795822143555,41.657588958740234,41.6575813293457,0.4165618121623993,0.4165618121623993,0.5018131136894226,0.5018131136894226,0.08162510395050049,0.08162510395050049,0.296124666929245,0.296124666929245,8.402297019958496,8.402297019958496,-0.4305647313594818,-0.4305647313594818,2.67097806930542,2.67097806930542,0.0,0.0,-0.08746291697025299,-0.08746291697025299,0.8454031944274902,0.8454031944274902,0.5500251054763794,0.5500251054763794,0.14728103578090668,0.14728103578090668,0.36667361855506897,0.36667361855506897,69.96620178222656,69.96620178222656,34.4130744934082,34.4130744934082,49.31834030151367,49.31834030151367,7.561788558959961,7.561788558959961,0.0,0.0,180.0
418,1.7416666666666667,-0.23263312574955497,-9.422493755643831,94.04403391434677,-0.23263312574955497,-9.422493755643831,94.04403391434677,5.0,-5.0,0.0,0.0,15.0,0,0.5,0.0,0.0,3.2,3.2,3.2,9.422493934631348,9.422493934631348,9.422493934631348,9.422493934631348,-0.25634029507637024,-0.25725245475769043,-2.4852473735809326,-2.814276933670044,-0.12506495416164398,-0.12506495416164398,0.0,0.0,nan,nan,24.088478088378906,24.088478088378906,48.17695617675781,0.0,6.744940280914307,0.8729788661003113,0.0,0.0,0.0,0.8729788661003113,0.0,6.744940280914307,0.0,0.0,0.0,-0.8142746686935425,-2.116929292678833,6.4118547439575195,0.0,0.0,0.0,0.0,6.744940280914307,0.8729788661003113,0.0,0.0,0.0,0.8729788661003113,0.0,6.744940280914307,-0.0,-0.0,-0.0,-0.8142748475074768,2.1169278621673584,6.4118547439575195,0.0,0.0,0.0,4.470348358154297e-08,0.0,0.6000000238418579,-7.450580596923828e-08,0.05600002408027649,0.6000000238418579,0.0,-0.0559999942779541,0.5999999642372131,-1.628549575805664,-1.430511474609375e-06,12.823709487915039,0.0,0.0,0.0,2.980232238769531e-07,1.0995195225405041e-06,1.7508864402770996e-07,18.162250518798828,18.162248611450195,40.737701416015625,40.73769760131836,0.43071863055229187,0.43071863055229187,0.5071501731872559,0.5071501731872559,0.06213124841451645,0.06213124841451645,0.28221216797828674,0.28221216797828674,8.30100154876709,8.30100154876709,-0.6066631078720093,-0.6066631078720093,2.57651948928833,2.57651948928833,0.0,0.0,-0.08642737567424774,-0.08642737567424774,0.8729788661003113,0.8729788661003113,0.5500251054763794,0.5500251054763794,0.14642952382564545,0.14642952382564545,0.35700827836990356,0.35700827836990356,67.47138214111328,67.47138214111328,33.00986099243164,33.00986099243164,47.89543914794922,47.89543914794922,7.834306240081787,7.834306240081787,0.0,0.0,180.0
419,1.7458333333333333,-0.27103173130402025,-8.998055800907485,109.56701565390956,-0.27103173130402025,-8.998055800907485,109.56701565390956,5.0,-5.0,0.0,0.0,15.0,0,0.5,0.0,0.0,3.2,3.2,3.2,8.998056411743164,8.998054504394531,8.998054504394531,8.998054504394531,-0.29245525598526,-0.29338565468788147,-1.9021713733673096,-2.2361412048339844,-0.11943138390779495,-0.11943138390779495,0.0,0.0,nan,nan,22.07583999633789,22.07583999633789,44.15167999267578,0.0,6.510332107543945,0.9383443593978882,0.0,0.0,0.0,0.9383443593978882,0.0,6.510332107543945,0.0,0.0,0.0,-0.6720023155212402,-2.2790896892547607,6.133439064025879,0.0,0.0,0.0,0.0,6.510332107543945,0.9383443593978882,0.0,0.0,0.0,0.9383443593978882,0.0,6.510332107543945,-0.0,-0.0,-0.0,-0.6720024347305298,2.2790889739990234,6.133439540863037,0.0,0.0,0.0,4.470348358154297e-08,0.0,0.6000000238418579,1.4901161193847656e-08,0.05600005388259888,0.6000000238418579,1.4901161193847656e-08,-0.055999934673309326,0.6000000238418579,-1.34400475025177,-7.152557373046875e-07,12.266878128051758,0.0,0.0,0.0,7.152557373046875e-07,3.6558145666276687e-07,7.450580596923828e-08,17.698131561279297,17.698129653930664,39.564151763916016,39.564144134521484,0.44487857818603516,0.44487857818603516,0.5104252099990845,0.5104252099990845,0.04469626769423485,0.04469626769423485,0.2546203136444092,0.2546203136444092,8.15093994140625,8.15093994140625,-0.7796391248703003,-0.7796391248703003,2.455862283706665,2.455862283706665,0.0,0.0,-0.08524999022483826,-0.08524999022483826,0.9383443593978882,0.9383443593978882,0.5500251054763794,0.5500251054763794,0.14380641281604767,0.14380641281604767,0.34593066573143005,0.34593066573143005,64.50542449951172,64.50542449951172,31.33234214782715,31.33234214782715,46.19903564453125,46.19903564453125,8.157086372375488,8.157086372375488,0.0,0.0,180.0
420,1.75,-0.3075292439994214,-8.510502949821909,124.32146350245364,-0.3075292439994214,-8.510502949821909,124.32146350245364,5.0,-5.0,0.0,0.0,15.0,0,0.5,0.0,0.0,3.2,3.2,3.2,8.510499954223633,8.510503768920898,8.510502815246582,8.510502815246582,-0.3265213370323181,-0.32746338844299316,-1.3061444759368896,-1.6427136659622192,-0.112960085272789,-0.112960085272789,0.0,0.0,nan,nan,19.864784240722656,19.864784240722656,39.72956848144531,0.0,6.236120700836182,0.9913933873176575,0.0,0.0,0.0,0.9913933873176575,0.0,6.236120700836182,0.0,0.0,0.0,-0.5326560139656067,-2.3947958946228027,5.818358421325684,0.0,0.0,0.0,0.0,6.236120700836182,0.9913933873176575,0.0,0.0,0.0,0.9913933873176575,0.0,6.236120700836182,-0.0,-0.0,-0.0,-0.532656729221344,2.3947951793670654,5.818358421325684,0.0,0.0,0.0,4.470348358154297e-08,0.0,0.6000000238418579,-4.470348358154297e-08,0.0559999942779541,0.6000000238418579,-2.9802322387695312e-08,-0.055999934673309326,0.5999999642372131,-1.0653127431869507,-7.152557373046875e-07,11.636716842651367,0.0,0.0,0.0,5.066394805908203e-07,9.854520612861961e-07,2.60770320892334e-08,17.125476837158203,17.125471115112305,38.099796295166016,38.099796295166016,0.45904016494750977,0.45904016494750977,0.5178752541542053,0.5178752541542053,0.023084618151187897,0.023084618151187897,0.2274339199066162,0.2274339199066162,7.955837249755859,7.955837249755859,-0.948298454284668,-0.948298454284668,2.3128695487976074,2.3128695487976074,0.0,0.0,-0.08396197110414505,-0.08396197110414505,0.9913933873176575,0.9913933873176575,0.5500251054763794,0.5500251054763794,0.13941964507102966,0.13941964507102966,0.3335079848766327,0.3335079848766327,61.08632278442383,61.08632278442383,29.390655517578125,29.390655517578125,44.23939514160156,44.23939514160156,8.527864456176758,8.527864456176758,0.0,0.0,180.0
421,1.7541666666666667,-0.34186966000762337,-7.9632550353312626,138.20388560937624,-0.34186966000762337,-7.9632550353312626,138.20388560937624,5.0,-5.0,0.0,0.0,15.0,0,0.5,0.0,0.0,3.2,3.2,3.2,7.963255405426025,7.963254928588867,7.963255405426025,7.963255405426025,-0.35830140113830566,-0.3592485785484314,-0.7016515135765076,-1.0384833812713623,-0.10569644719362259,-0.10569644719362259,0.0,0.0,nan,nan,17.527917861938477,17.527917861938477,35.05583572387695,0.0,5.927194595336914,1.0289912223815918,0.0,0.0,0.0,1.0289912223815918,0.0,5.927194595336914,0.0,0.0,0.0,-0.40145277976989746,-2.462719678878784,5.473966598510742,0.0,0.0,0.0,0.0,5.927194595336914,1.0289912223815918,0.0,0.0,0.0,1.0289912223815918,0.0,5.927194595336914,-0.0,-0.0,-0.0,-0.4014529287815094,2.4627180099487305,5.4739670753479,0.0,0.0,0.0,4.470348358154297e-08,0.0,0.6000000238418579,-4.470348358154297e-08,0.05600005388259888,0.6000000238418579,0.0,-0.055999964475631714,0.5999999642372131,-0.8029056787490845,-1.6689300537109375e-06,10.947933197021484,0.0,0.0,0.0,6.258487701416016e-07,7.580446208521607e-07,1.3783574104309082e-07,16.44404411315918,16.444042205810547,36.300392150878906,36.300392150878906,0.4873591661453247,0.4873591661453247,0.508094847202301,0.508094847202301,0.004546067211776972,0.004546067211776972,0.20078371465206146,0.20078371465206146,7.720090389251709,7.720090389251709,-1.1114047765731812,-1.1114047765731812,2.151923179626465,2.151923179626465,0.0,0.0,-0.08259645849466324,-0.08259645849466324,1.0289912223815918,1.0289912223815918,0.5500251054763794,0.5500251054763794,0.1332883983850479,0.1332883983850479,0.3198157250881195,0.3198157250881195,57.23523712158203,57.23523712158203,27.196788787841797,27.196788787841797,42.02863693237305,42.02863693237305,8.944040298461914,8.944040298461914,0.0,0.0,180.0
422,1.7583333333333333,-0.373812105983881,-7.360150608358667,151.11690675810277,-0.373812105983881,-7.360150608358667,151.11690675810277,5.0,-5.0,0.0,0.0,15.0,0,0.5,0.0,0.0,3.2,3.2,3.2,7.360150337219238,7.360151290893555,7.3601508140563965,7.3601508140563965,-0.387596070766449,-0.38854140043258667,-0.09669208526611328,-0.4315067529678345,-0.09769143164157867,-0.09769143164157867,0.0,0.0,nan,nan,15.230308532714844,15.230308532714844,30.460617065429688,0.0,5.620377063751221,1.0939877033233643,0.0,0.0,0.0,1.0939877033233643,0.0,5.620377063751221,0.0,0.0,0.0,-0.2464625984430313,-2.4973156452178955,5.146661281585693,0.0,0.0,0.0,0.0,5.620377063751221,1.0939877033233643,0.0,0.0,0.0,1.0939877033233643,0.0,5.620377063751221,-0.0,-0.0,-0.0,-0.24646247923374176,2.497314691543579,5.146661758422852,0.0,0.0,0.0,4.470348358154297e-08,0.0,0.6000000238418579,-8.940696716308594e-08,0.05600002408027649,0.6000000238418579,2.9802322387695312e-08,-0.055999964475631714,0.5999999642372131,-0.49292507767677307,-9.5367431640625e-07,10.293323516845703,0.0,0.0,0.0,4.470348358154297e-07,7.816025799911586e-07,3.1944364309310913e-07,15.658474922180176,15.658474922180176,34.11574172973633,34.11574172973633,0.5156482458114624,0.5156482458114624,0.48435184359550476,0.48435184359550476,0.0,0.0,0.1621500849723816,0.1621500849723816,7.448616981506348,7.448616981506348,-1.2676914930343628,-1.2676914930343628,1.977723240852356,1.977723240852356,0.0,0.0,-0.0811874270439148,-0.0811874270439148,1.0939877033233643,1.0939877033233643,0.5500251054763794,0.5500251054763794,0.12544368207454681,0.12544368207454681,0.3049379885196686,0.3049379885196686,52.97660446166992,52.97660446166992,24.764602661132812,24.764602661132812,39.58074188232422,39.58074188232422,9.402693748474121,9.402693748474121,0.0,0.0,180.0
423,1.7625,-0.40313252862029203,-6.7054200131293005,162.96995138327,-0.40313252862029203,-6.7054200131293005,162.96995138327,5.0,-5.0,0.0,0.0,15.0,0,0.5,0.0,0.0,3.2,3.2,3.2,6.705418586730957,6.705418109893799,6.70542049407959,6.70542049407959,-0.41417956352233887,-0.41511639952659607,0.5077365040779114,0.17726129293441772,-0.08900117874145508,-0.08900117874145508,0.0,0.0,nan,nan,12.940351486206055,12.940351486206055,25.88070297241211,0.0,5.288064956665039,1.1325910091400146,0.0,0.0,0.0,1.1325910091400146,0.0,5.288064956665039,0.0,0.0,0.0,-0.11376692354679108,-2.4875328540802,4.800586223602295,0.0,0.0,0.0,0.0,5.288064956665039,1.1325910091400146,0.0,0.0,0.0,1.1325910091400146,0.0,5.288064956665039,-0.0,-0.0,-0.0,-0.11376704275608063,2.487531900405884,4.800586700439453,0.0,0.0,0.0,4.470348358154297e-08,0.0,0.6000000238418579,-8.940696716308594e-08,0.05600002408027649,0.6000000238418579,-2.9802322387695312e-08,-0.055999934673309326,0.5999999642372131,-0.2275339663028717,-9.5367431640625e-07,9.601173400878906,0.0,0.0,0.0,5.662441253662109e-07,1.008261392598797e-06,1.51805579662323e-07,14.781632423400879,14.781632423400879,31.4927978515625,31.4927978515625,0.557930588722229,0.557930588722229,0.4420694410800934,0.4420694410800934,0.0,0.0,0.12566909193992615,0.12566909193992615,7.146681785583496,7.146681785583496,-1.4158787727355957,-1.4158787727355957,1.795081615447998,1.795081615447998,0.0,0.0,-0.0797685831785202,-0.0797685831785202,1.1325910091400146,1.1325910091400146,0.5500251054763794,0.5500251054763794,0.11592897772789001,0.11592897772789001,0.2889675796031952,0.2889675796031952,48.338077545166016,48.338077545166016,22.109830856323242,22.109830856323242,36.91154861450195,36.91154861450195,9.900609016418457,9.900609016418457,0.0,0.0,180.0
424,1.7666666666666666,-0.4296252662187537,-6.003655714345462,173.67987889323206,-0.4296252662187537,-6.003655714345462,173.67987889323206,5.0,-5.0,0.0,0.0,15.0,0,0.5,0.0,0.0,3.2,3.2,3.2,6.003655433654785,6.003653526306152,6.003655910491943,6.003655910491943,-0.43786728382110596,-0.4387890100479126,1.107092022895813,0.7832431793212891,-0.07968664914369583,-0.07968664914369583,0.0,0.0,nan,nan,10.719152450561523,10.719152450561523,21.438304901123047,0.0,4.9354472160339355,1.1398613452911377,0.0,0.0,0.0,1.1398613452911377,0.0,4.9354472160339355,0.0,0.0,0.0,-0.009895790368318558,-2.436213254928589,4.441023349761963,0.0,0.0,0.0,0.0,4.9354472160339355,1.1398613452911377,0.0,0.0,0.0,1.1398613452911377,0.0,4.9354472160339355,-0.0,-0.0,-0.0,-0.009895648807287216,2.4362120628356934,4.441023826599121,0.0,0.0,0.0,4.470348358154297e-08,0.0,0.6000000238418579,-4.470348358154297e-08,0.05600002408027649,0.5999999642372131,-2.9802322387695312e-08,-0.055999964475631714,0.5999999642372131,-0.019791439175605774,-1.1920928955078125e-06,8.882047653198242,0.0,0.0,0.0,2.384185791015625e-07,7.291201882253517e-07,4.487810656428337e-08,13.839896202087402,13.839896202087402,28.38277816772461,28.38277816772461,0.6136804223060608,0.6136804223060608,0.3863196074962616,0.3863196074962616,0.0,0.0,0.0920536071062088,0.0920536071062088,6.819703578948975,6.819703578948975,-1.5546932220458984,-1.5546932220458984,1.6087157726287842,1.6087157726287842,0.0,0.0,-0.07837232202291489,-0.07837232202291489,1.1398613452911377,1.1398613452911377,0.5500251054763794,0.5500251054763794,0.10480060428380966,0.10480060428380966,0.272006094455719,0.272006094455719,43.35053634643555,43.35053634643555,19.250091552734375,19.250091552734375,34.03877639770508,34.03877639770508,10.43429183959961,10.43429183959961,0.0,0.0,180.0
425,1.7708333333333333,-0.45310449126001673,-5.2597800843462315,183.1715668415781,-0.45310449126001673,-5.2597800843462315,183.1715668415781,5.0,-5.0,0.0,0.0,15.0,0,0.5,0.0,0.0,3.2,3.2,3.2,5.2597784996032715,5.259779453277588,5.259779930114746,5.259779930114746,-0.4584939777851105,-0.4593939781188965,1.6970343589782715,1.382054090499878,-0.06981316953897476,-0.06981316953897476,0.0,0.0,nan,nan,8.61482048034668,8.61482048034668,17.22964096069336,0.0,4.5663228034973145,1.1124690771102905,0.0,0.0,0.0,1.1124690771102905,0.0,4.5663228034973145,0.0,0.0,0.0,0.060711055994033813,-2.34662127494812,4.071679592132568,0.0,0.0,0.0,0.0,4.5663228034973145,1.1124690771102905,0.0,0.0,0.0,1.1124690771102905,0.0,4.5663228034973145,-0.0,-0.0,-0.0,0.06071081757545471,2.346620798110962,4.071680068969727,0.0,0.0,0.0,4.470348358154297e-08,0.0,0.6000000238418579,-5.960464477539063e-08,0.05600002408027649,0.5999999642372131,1.4901161193847656e-08,-0.055999964475631714,0.6000000238418579,0.12142187356948853,-4.76837158203125e-07,8.143360137939453,0.0,0.0,0.0,8.940696716308594e-08,5.424361688710633e-07,1.578591763973236e-07,12.881732940673828,12.881729125976562,24.75605583190918,24.756046295166016,0.6812697052955627,0.6812697052955627,0.3187303841114044,0.3187303841114044,0.0,0.0,0.06213124841451645,0.06213124841451645,6.473064422607422,6.473064422607422,-1.6828923225402832,-1.6828923225402832,1.4230648279190063,1.4230648279190063,0.0,0.0,-0.0770290344953537,-0.0770290344953537,1.1124690771102905,1.1124690771102905,0.5500251054763794,0.5500251054763794,0.09212793409824371,0.09212793409824371,0.25416383147239685,0.25416383147239685,38.04788589477539,38.04788589477539,16.204755783081055,16.204755783081055,30.981895446777344,30.981895446777344,11.000000953674316,11.000000953674316,0.0,0.0,180.0
426,1.775,-0.47340551385022045,-4.479010876202025,191.37843785712045,-0.47340551385022045,-4.479010876202025,191.37843785712045,5.0,-5.0,0.0,0.0,15.0,0,0.5,0.0,0.0,3.2,3.2,3.2,4.479010105133057,4.479010105133057,4.479011058807373,4.479011058807373,-0.47594502568244934,-0.4768167734146118,2.2686071395874023,1.9645740985870361,-0.05945000424981117,-0.05945000424981117,0.0,0.0,nan,nan,6.778803825378418,6.778803825378418,13.557607650756836,0.0,4.227822303771973,1.0922282934188843,0.0,0.0,0.0,1.0922282934188843,0.0,4.227822303771973,0.0,0.0,0.0,0.12792456150054932,-2.2458412647247314,3.7426295280456543,0.0,0.0,0.0,0.0,4.227822303771973,1.0922282934188843,0.0,0.0,0.0,1.0922282934188843,0.0,4.227822303771973,-0.0,-0.0,-0.0,0.127924382686615,2.245840549468994,3.7426302433013916,0.0,0.0,0.0,4.470348358154297e-08,0.0,0.6000000238418579,-4.470348358154297e-08,0.05600002408027649,0.6000000238418579,-2.9802322387695312e-08,-0.055999934673309326,0.6000000238418579,0.2558489441871643,-7.152557373046875e-07,7.485260009765625,0.0,0.0,0.0,2.980232238769531e-07,6.134648629085859e-07,1.210719347000122e-08,11.991451263427734,11.991450309753418,20.632627487182617,20.632627487182617,0.779161810874939,0.779161810874939,0.2208382934331894,0.2208382934331894,0.0,0.0,0.023084618151187897,0.023084618151187897,6.11190938949585,6.11190938949585,-1.7992889881134033,-1.7992889881134033,1.2421317100524902,1.2421317100524902,0.0,0.0,-0.07576628774404526,-0.07576628774404526,1.0922282934188843,1.0922282934188843,0.5500251054763794,0.5500251054763794,0.07799354195594788,0.07799354195594788,0.2355595976114273,0.2355595976114273,32.46696853637695,32.46696853637695,12.994921684265137,12.994921684265137,27.762073516845703,27.762073516845703,11.593766212463379,11.593766212463379,0.0,0.0,180.0
427,1.7791666666666666,-0.4903859369021572,-3.666824624926136,198.24292663631294,-0.4903859369021572,-3.666824624926136,198.24292663631294,5.0,-5.0,0.0,0.0,15.0,0,0.5,0.0,0.0,3.2,3.2,3.2,3.6668248176574707,3.6668241024017334,3.6668245792388916,3.6668245792388916,-0.4900410771369934,-0.49087849259376526,2.826930522918701,2.5360305309295654,-0.04866983741521835,-0.04866983741521835,0.0,0.0,nan,nan,5.013413429260254,5.013413429260254,10.026826858520508,0.0,3.838183641433716,0.9947555065155029,0.0,0.0,0.0,0.9947555065155029,0.0,3.838183641433716,0.0,0.0,0.0,0.1282956898212433,-2.0937862396240234,3.3646388053894043,0.0,0.0,0.0,0.0,3.838183641433716,0.9947555065155029,0.0,0.0,0.0,0.9947555065155029,0.0,3.838183641433716,-0.0,-0.0,-0.0,0.12829560041427612,2.093785285949707,3.3646392822265625,0.0,0.0,0.0,4.470348358154297e-08,0.0,0.6000000238418579,0.0,0.05600003898143768,0.6000000238418579,-8.940696716308594e-08,-0.055999934673309326,0.5999999046325684,0.2565912902355194,-9.5367431640625e-07,6.729278087615967,0.0,0.0,0.0,5.811452865600586e-07,5.863503247383051e-07,-2.0582228899002075e-07,11.310935020446777,11.310933113098145,17.245126724243164,17.245126724243164,0.874110758304596,0.874110758304596,0.12588928639888763,0.12588928639888763,0.0,0.0,0.0,0.0,5.740962982177734,5.740962982177734,-1.9027791023254395,-1.9027791023254395,1.0693638324737549,1.0693638324737549,0.0,0.0,-0.07460828870534897,-0.07460828870534897,0.9947555065155029,0.9947555065155029,0.5500251054763794,0.5500251054763794,0.06249295175075531,0.06249295175075531,0.21632029116153717,0.21632029116153717,26.64727783203125,26.64727783203125,9.643239974975586,9.643239974975586,24.402040481567383,24.402040481567383,12.211423873901367,12.211423873901367,0.0,0.0,180.0
428,1.7833333333333332,-0.5039266549485346,-2.8289182335162457,203.71688372249787,-0.5039266549485346,-2.8289182335162457,203.71688372249787,5.0,-5.0,0.0,0.0,15.0,0,0.5,0.0,0.0,3.2,3.2,3.2,2.8289172649383545,2.8289172649383545,2.828917980194092,2.828918218612671,-0.5006639957427979,-0.5014616847038269,3.3711471557617188,3.095534086227417,-0.03754828870296478,-0.03754828870296478,0.0,0.0,nan,nan,3.3223369121551514,3.3223369121551514,6.644673824310303,0.0,3.371995449066162,0.8340057730674744,0.0,0.0,0.0,0.8340057730674744,0.0,3.371995449066162,0.0,0.0,0.0,0.08066068589687347,-1.877570390701294,2.921325206756592,0.0,0.0,0.0,0.0,3.371995449066162,0.8340057730674744,0.0,0.0,0.0,0.8340057730674744,0.0,3.371995449066162,-0.0,-0.0,-0.0,0.08066046237945557,1.8775697946548462,2.921325922012329,0.0,0.0,0.0,4.470348358154297e-08,0.0,0.6000000238418579,-1.4901161193847656e-07,0.0559999942779541,0.5999999642372131,-2.9802322387695312e-08,-0.055999934673309326,0.5999999642372131,0.16132114827632904,-5.960464477539062e-07,5.8426513671875,0.0,0.0,0.0,1.341104507446289e-07,7.739449756627437e-07,2.0675361156463623e-07,11.06464672088623,11.064643859863281,16.70958709716797,16.70958709716797,0.8820533156394958,0.8820533156394958,0.11794667690992355,0.11794667690992355,0.0,0.0,0.0,0.0,5.364361763000488,5.364361763000488,-1.992366909980774,-1.992366909980774,0.9075815081596375,0.9075815081596375,0.0,0.0,-0.0735757052898407,-0.0735757052898407,0.8340057730674744,0.8340057730674744,0.5500251054763794,0.5500251054763794,0.04573427140712738,0.04573427140712738,0.19658026099205017,0.19658026099205017,20.630693435668945,20.630693435668945,6.173776626586914,6.173776626586914,20.92591667175293,20.92591667175293,12.848642349243164,12.848642349243164,0.0,0.0,180.0
429,1.7874999999999999,-0.5139326895812494,-1.9711690132732587,207.76191323974817,-0.5139326895812494,-1.9711690132732587,207.76191323974817,5.0,-5.0,0.0,0.0,15.0,0,0.5,0.0,0.0,3.2,3.2,3.2,1.9711686372756958,1.971169114112854,1.971168875694275,1.971169114112854,-0.5077975988388062,-0.5085494518280029,3.88814115524292,3.6296777725219727,-0.026163367554545403,-0.026163367554545403,0.0,0.0,nan,nan,1.959706425666809,1.959706425666809,3.919412851333618,0.0,2.918328285217285,0.6862674951553345,0.0,0.0,0.0,0.6862674951553345,0.0,2.918328285217285,0.0,0.0,0.0,0.03972753509879112,-1.6491361856460571,2.503272533416748,0.0,0.0,0.0,0.0,2.918328285217285,0.6862674951553345,0.0,0.0,0.0,0.6862674951553345,0.0,2.918328285217285,-0.0,-0.0,-0.0,0.03972723335027695,1.649135947227478,2.5032730102539062,0.0,0.0,0.0,4.470348358154297e-08,0.0,0.6000000238418579,-1.4901161193847656e-07,0.056000009179115295,0.6000000238418579,2.9802322387695312e-08,-0.055999964475631714,0.5999999642372131,0.07945476472377777,-2.384185791015625e-07,5.006545543670654,0.0,0.0,0.0,1.7881393432617188e-07,5.198554049457016e-07,2.759043127298355e-07,11.530000686645508,11.530000686645508,16.17677116394043,16.17677116394043,0.8820533156394958,0.8820533156394958,0.11794667690992355,0.11794667690992355,0.0,0.0,0.0,0.0,4.985516548156738,4.985516548156738,-2.067188262939453,-2.067188262939453,0.7589526772499084,0.7589526772499084,0.0,0.0,-0.07268518209457397,-0.07268518209457397,0.6862674951553345,0.6862674951553345,0.5500251054763794,0.5500251054763794,0.02783733792603016,0.02783733792603016,0.176480233669281,0.176480233669281,14.46108341217041,14.46108341217041,2.6117823123931885,2.6117823123931885,17.35900115966797,17.35900115966797,13.50094985961914,13.50094985961914,0.0,0.0,180.0
430,1.7916666666666667,-0.5203338556566808,-1.099593458684994,210.34964221235083,-0.5203338556566808,-1.099593458684994,210.34964221235083,5.0,-5.0,0.0,0.0,15.0,0,0.5,0.0,0.0,3.2,3.2,3.2,1.0995932817459106,1.0995932817459106,1.0995934009552002,1.0995934009552002,-0.5113916397094727,-0.5120924711227417,4.374275207519531,4.134702682495117,-0.014594926498830318,-0.014594926498830318,0.0,0.0,nan,nan,0.9330373406410217,0.9330373406410217,1.8660746812820435,0.0,2.4804887771606445,0.5530703067779541,0.0,0.0,0.0,0.5530703067779541,0.0,2.4804887771606445,0.0,0.0,0.0,0.006894588470458984,-1.414785623550415,2.1111717224121094,0.0,0.0,0.0,0.0,2.4804887771606445,0.5530703067779541,0.0,0.0,0.0,0.5530703067779541,0.0,2.4804887771606445,-0.0,-0.0,-0.0,0.0068944282829761505,1.4147846698760986,2.1111721992492676,0.0,0.0,0.0,4.470348358154297e-08,0.0,0.6000000238418579,-7.450580596923828e-08,0.05600002408027649,0.6000000238418579,-4.470348358154297e-08,-0.055999964475631714,0.6000000238418579,0.013789016753435135,-9.5367431640625e-07,4.222343921661377,0.0,0.0,0.0,9.685754776000977e-08,4.4042479885320063e-07,3.2800016924738884e-08,12.784287452697754,12.784287452697754,15.64927864074707,15.64927864074707,0.8820533156394958,0.8820533156394958,0.11794667690992355,0.11794667690992355,0.0,0.0,0.0,0.0,4.607021808624268,4.607021808624268,-2.126532793045044,-2.126532793045044,0.6250196695327759,0.6250196695327759,0.0,0.0,-0.07194940745830536,-0.07194940745830536,0.5530703067779541,0.5530703067779541,0.5500251054763794,0.5500251054763794,0.008932924829423428,0.008932924829423428,0.1561664193868637,0.1561664193868637,8.183931350708008,8.183931350708008,-1.016519546508789,-1.016519546508789,13.72754955291748,13.72754955291748,14.163772583007812,14.163772583007812,0.0,0.0,180.0
431,1.7958333333333334,-0.5230852535940391,-0.22030504604101236,211.46191958084287,-0.5230852535940391,-0.22030504604101236,211.46191958084287,5.0,-5.0,0.0,0.0,15.0,0,0.5,0.0,0.0,3.2,3.2,3.2,0.22030499577522278,0.22030498087406158,0.22030505537986755,0.22030504047870636,-0.511420488357544,-0.5120651125907898,4.826229572296143,4.6071600914001465,-0.0029241135343909264,-0.0029241135343909264,0.0,0.0,nan,nan,0.23866429924964905,0.23866429924964905,0.4773285984992981,0.0,2.0607638359069824,0.435388445854187,0.0,0.0,0.0,0.435388445854187,0.0,2.0607638359069824,0.0,0.0,0.0,-0.01670883595943451,-1.1800415515899658,1.7445725202560425,0.0,0.0,0.0,0.0,2.0607638359069824,0.435388445854187,0.0,0.0,0.0,0.435388445854187,0.0,2.0607638359069824,-0.0,-0.0,-0.0,-0.016708921641111374,1.1800413131713867,1.7445728778839111,0.0,0.0,0.0,4.470348358154297e-08,0.0,0.6000000238418579,-5.960464477539063e-08,0.05600002408027649,0.6000000238418579,-1.1920928955078125e-07,-0.05599991977214813,0.5999999642372131,-0.03341775760054588,-2.384185791015625e-07,3.489145278930664,0.0,0.0,0.0,2.3096799850463867e-07,4.689267996127455e-07,-7.33998604118824e-08,14.527331352233887,14.527335166931152,15.128838539123535,15.128838539123535,0.8820533156394958,0.8820533156394958,0.11794667690992355,0.11794667690992355,0.0,0.0,0.0,0.0,4.230625152587891,4.230625152587891,-2.169861316680908,-2.169861316680908,0.5067654848098755,0.5067654848098755,0.0,0.0,-0.07137700915336609,-0.07137700915336609,0.435388445854187,0.435388445854187,0.5500251054763794,0.5500251054763794,-0.010838652960956097,-0.010838652960956097,0.13578905165195465,0.13578905165195465,1.845848798751831,1.845848798751831,-4.684210777282715,-4.684210777282715,10.05850601196289,10.05850601196289,14.8324613571167,14.8324613571167,0.0,0.0,180.0
432,1.8,-0.5221675843136717,0.6605286482120643,211.09094351865497,-0.5221675843136717,0.6605286482120643,211.09094351865497,5.0,-5.0,0.0,0.0,15.0,0,0.5,0.0,0.0,3.2,3.2,3.2,0.6605284810066223,0.6605284214019775,0.6605286598205566,0.6605286598205566,-0.5078827738761902,-0.5084665417671204,5.241014003753662,5.043916702270508,0.008767210878431797,0.008767210878431797,0.0,0.0,nan,nan,-0.13619016110897064,-0.13619016110897064,-0.2723803222179413,0.0,1.6604478359222412,0.33373790979385376,0.0,0.0,0.0,0.33373790979385376,0.0,1.6604478359222412,0.0,0.0,0.0,-0.030180659145116806,-0.949561357498169,1.402101993560791,0.0,0.0,0.0,0.0,1.6604478359222412,0.33373790979385376,0.0,0.0,0.0,0.33373790979385376,0.0,1.6604478359222412,-0.0,-0.0,-0.0,-0.03018070198595524,0.9495612382888794,1.4021022319793701,0.0,0.0,0.0,4.470348358154297e-08,0.0,0.6000000238418579,-1.043081283569336e-07,0.05600003898143768,0.6000000238418579,-4.470348358154297e-08,-0.055999934673309326,0.5999999642372131,-0.060361362993717194,-1.1920928955078125e-07,2.804204225540161,0.0,0.0,0.0,1.862645149230957e-07,3.360860887369199e-07,5.7392753660678864e-08,16.45307159423828,16.45307159423828,18.852121353149414,18.852121353149414,0.11794667690992355,0.11794667690992355,0.8820533156394958,0.8820533156394958,0.0,0.0,0.0,0.0,3.857262134552002,3.857262134552002,-2.1968142986297607,-2.1968142986297607,0.40471047163009644,0.40471047163009644,0.0,0.0,-0.07097258418798447,-0.07097258418798447,0.33373790979385376,0.33373790979385376,0.5500251054763794,0.5500251054763794,-0.03132893517613411,-0.03132893517613411,0.115500807762146,0.115500807762146,-4.50589656829834,-4.50589656829834,-8.363948822021484,-8.363948822021484,6.379219055175781,6.379219055175781,15.502325057983398,15.502325057983398,0.0,0.0,180.0
433,1.8041666666666667,-0.5175872846062353,1.5367292085871123,209.2393161563173,-0.5175872846062353,1.5367292085871123,209.2393161563173,5.0,-5.0,0.0,0.0,15.0,0,0.5,0.0,0.0,3.2,3.2,3.2,1.536728858947754,1.536729335784912,1.536729335784912,1.536729335784912,-0.5008018016815186,-0.501320481300354,5.615978240966797,5.442172527313232,0.020397039130330086,0.020397039130330086,0.0,0.0,nan,nan,-0.21110811829566956,-0.21110811829566956,-0.4222162365913391,0.0,1.279946208000183,0.24828621745109558,0.0,0.0,0.0,0.24828621745109558,0.0,1.279946208000183,0.0,0.0,0.0,-0.03279729560017586,-0.7271468639373779,1.0817070007324219,0.0,0.0,0.0,0.0,1.279946208000183,0.24828621745109558,0.0,0.0,0.0,0.24828621745109558,0.0,1.279946208000183,-0.0,-0.0,-0.0,-0.032797377556562424,0.7271467447280884,1.0817071199417114,0.0,0.0,0.0,4.470348358154297e-08,0.0,0.6000000238418579,-1.9371509552001953e-07,0.0559999942779541,0.5999999642372131,-2.9802322387695312e-08,-0.055999964475631714,0.5999999642372131,-0.06559467315673828,-1.1920928955078125e-07,2.1634140014648438,0.0,0.0,0.0,2.2351741790771484e-08,3.424022452236386e-07,1.1560041457414627e-07,18.39736557006836,18.397369384765625,23.946260452270508,23.946269989013672,0.11794667690992355,0.11794667690992355,0.8820533156394958,0.8820533156394958,0.0,0.0,0.0,0.0,3.4871673583984375,3.4871673583984375,-2.207221508026123,-2.207221508026123,0.3190230131149292,0.3190230131149292,0.0,0.0,-0.07073679566383362,-0.07073679566383362,0.24828621745109558,0.24828621745109558,0.5500251054763794,0.5500251054763794,-0.052383020520210266,-0.052383020520210266,0.09545519202947617,0.09545519202947617,-10.823899269104004,-10.823899269104004,-12.028267860412598,-12.028267860412598,2.7171530723571777,2.7171530723571777,16.168664932250977,16.168664932250977,0.0,0.0,180.0
434,1.8083333333333333,-0.5093764819832378,2.402150717702261,205.9200253293846,-0.5093764819832378,2.402150717702261,205.9200253293846,5.0,-5.0,0.0,0.0,15.0,0,0.5,0.0,0.0,3.2,3.2,3.2,2.4021506309509277,2.4021503925323486,2.402150869369507,2.4021506309509277,-0.49022507667541504,-0.490674763917923,5.948809623718262,5.799466133117676,0.03188379481434822,0.03188379481434822,0.0,0.0,nan,nan,-0.010292328894138336,-0.010292328894138336,-0.020584657788276672,0.0,0.9189502000808716,0.17895585298538208,0.0,0.0,0.0,0.17895585298538208,0.0,0.9189502000808716,0.0,0.0,0.0,-0.023977410048246384,-0.5158356428146362,0.7809182405471802,0.0,0.0,0.0,0.0,0.9189502000808716,0.17895585298538208,0.0,0.0,0.0,0.17895585298538208,0.0,0.9189502000808716,-0.0,-0.0,-0.0,-0.023977480828762054,0.5158354043960571,0.7809183597564697,0.0,0.0,0.0,4.470348358154297e-08,0.0,0.6000000238418579,-2.9802322387695312e-08,0.05600002408027649,0.5999999642372131,-2.9802322387695312e-08,-0.055999934673309326,0.6000000238418579,-0.04795489087700844,-2.384185791015625e-07,1.56183660030365,0.0,0.0,0.0,3.3527612686157227e-08,1.1779505371123378e-07,-1.862645149230957e-09,20.273359298706055,20.273359298706055,28.664392471313477,28.664392471313477,0.11794667690992355,0.11794667690992355,0.8820533156394958,0.8820533156394958,0.0,0.0,0.0,0.0,3.1200499534606934,3.1200499534606934,-2.2010998725891113,-2.2010998725891113,0.24962228536605835,0.24962228536605835,0.0,0.0,-0.07066641002893448,-0.07066641002893448,0.17895585298538208,0.17895585298538208,0.5500251054763794,0.5500251054763794,-0.07384130358695984,-0.07384130358695984,0.07580475509166718,0.07580475509166718,-17.06112289428711,-17.06112289428711,-15.649868965148926,-15.649868965148926,-0.900409460067749,-0.900409460067749,16.82680892944336,16.82680892944336,0.0,0.0,180.0
435,1.8125,-0.4975927693256246,3.2507228654757108,201.1563534781,-0.4975927693256246,3.2507228654757108,201.1563534781,5.0,-5.0,0.0,0.0,15.0,0,0.5,0.0,0.0,3.2,3.2,3.2,3.2507216930389404,3.250722885131836,3.250722885131836,3.250722885131836,-0.4762246310710907,-0.4766022562980652,6.237537384033203,6.113650798797607,0.04314691200852394,0.04314691200852394,0.0,0.0,nan,nan,0.43916523456573486,0.43916523456573486,0.8783304691314697,0.0,0.576674222946167,0.1255037784576416,0.0,0.0,0.0,0.1255037784576416,0.0,0.576674222946167,0.0,0.0,0.0,-0.003272656351327896,-0.31805920600891113,0.49712374806404114,0.0,0.0,0.0,0.0,0.576674222946167,0.1255037784576416,0.0,0.0,0.0,0.1255037784576416,0.0,0.576674222946167,-0.0,-0.0,-0.0,-0.00327268335968256,0.3180590569972992,0.4971238374710083,0.0,0.0,0.0,4.470348358154297e-08,0.0,0.6000000238418579,-1.4901161193847656e-07,0.05600002408027649,0.6000000238418579,-1.4901161193847656e-08,-0.055999964475631714,0.5999999642372131,-0.006545339711010456,-1.4901161193847656e-07,0.994247555732727,0.0,0.0,0.0,4.284083843231201e-08,1.2612633781827753e-07,4.132743924856186e-08,22.03261947631836,22.03261947631836,32.858890533447266,32.858890533447266,0.11794667690992355,0.11794667690992355,0.8820533156394958,0.8820533156394958,0.0,0.0,0.0,0.0,2.755321979522705,2.755321979522705,-2.178647994995117,-2.178647994995117,0.19625826179981232,0.19625826179981232,0.0,0.0,-0.07075448334217072,-0.07075448334217072,0.1255037784576416,0.1255037784576416,0.5500251054763794,0.5500251054763794,-0.09554140269756317,-0.09554140269756317,0.05669916793704033,0.05669916793704033,-23.17140769958496,-23.17140769958496,-19.201923370361328,-19.201923370361328,-4.446667194366455,-4.446667194366455,17.472135543823242,17.472135543823242,0.0,0.0,180.0
436,1.8166666666666667,-0.48231880091110335,4.076493527989005,194.98171433780706,-0.48231880091110335,4.076493527989005,194.98171433780706,5.0,-5.0,0.0,0.0,15.0,0,0.5,0.0,0.0,3.2,3.2,3.2,4.076493263244629,4.076493740081787,4.076493740081787,4.076493740081787,-0.45889633893966675,-0.45919913053512573,6.480495452880859,6.382896900177002,0.05410738289356232,0.05410738289356232,0.0,0.0,nan,nan,1.1083641052246094,1.1083641052246094,2.2167282104492188,0.0,0.2521173357963562,0.08756452798843384,0.0,0.0,0.0,0.08756452798843384,0.0,0.2521173357963562,0.0,0.0,0.0,0.02960710972547531,-0.13582462072372437,0.22782842814922333,0.0,0.0,0.0,0.0,0.2521173357963562,0.08756452798843384,0.0,0.0,0.0,0.08756452798843384,0.0,0.2521173357963562,-0.0,-0.0,-0.0,0.029607098549604416,0.1358245611190796,0.22782845795154572,0.0,0.0,0.0,4.470348358154297e-08,0.0,0.6000000238418579,-1.1920928955078125e-07,0.056000009179115295,0.6000000238418579,2.9802322387695312e-08,-0.0559999942779541,0.6000000238418579,0.05921420827507973,-5.960464477539063e-08,0.45565688610076904,0.0,0.0,0.0,1.862645149230957e-09,4.073890025324545e-08,1.9208528101444244e-08,23.64927864074707,23.64927864074707,36.49431228637695,36.49431228637695,0.11794667690992355,0.11794667690992355,0.864794909954071,0.864794909954071,0.017258400097489357,0.017258400097489357,0.0,0.0,2.39235258102417,2.39235258102417,-2.140235185623169,-2.140235185623169,0.15855492651462555,0.15855492651462555,0.0,0.0,-0.07099039852619171,-0.07099039852619171,0.08756452798843384,0.08756452798843384,0.5500251054763794,0.5500251054763794,-0.1173200011253357,-0.1173200011253357,0.03828355297446251,0.03828355297446251,-29.109941482543945,-29.109941482543945,-22.658329010009766,-22.658329010009766,-7.895561218261719,-7.895561218261719,18.10012435913086,18.10012435913086,0.0,0.0,180.0
437,1.8208333333333333,-0.4636617126537727,4.873670517359946,187.43941856560352,-0.4636617126537727,4.873670517359946,187.43941856560352,5.0,-5.0,0.0,0.0,15.0,0,0.5,0.0,0.0,3.2,3.2,3.2,4.87367057800293,4.873669147491455,4.87367057800293,4.87367057800293,-0.4383597671985626,-0.4385853707790375,6.676324367523193,6.605666637420654,0.06468833237886429,0.06468833237886429,0.0,0.0,nan,nan,1.966996431350708,1.966996431350708,3.933992862701416,0.0,-0.05567288398742676,0.06465335190296173,0.0,0.0,0.0,0.06465335190296173,0.0,-0.05567288398742676,0.0,0.0,0.0,0.07473243772983551,0.029112735763192177,-0.029103919863700867,0.0,0.0,0.0,0.0,-0.05567288398742676,0.06465335190296173,0.0,0.0,0.0,0.06465335190296173,0.0,-0.05567288398742676,-0.0,-0.0,-0.0,0.07473243027925491,-0.02911272458732128,-0.02910393476486206,0.0,0.0,0.0,4.470348358154297e-08,0.0,0.6000000238418579,2.9802322387695312e-08,0.05600005388259888,0.6000000238418579,-1.1920928955078125e-07,-0.055999934673309326,0.6000000238418579,0.14946487545967102,1.1175870895385742e-08,-0.05820785462856293,0.0,0.0,0.0,-2.561137080192566e-09,-5.204189079677235e-09,-5.122274160385132e-09,25.11191749572754,25.11191177368164,39.592567443847656,39.59256362915039,0.11794667690992355,0.11794667690992355,0.767946183681488,0.767946183681488,0.11410718411207199,0.11410718411207199,0.0,0.0,2.0307133197784424,2.0307133197784424,-2.086386203765869,-2.086386203765869,0.13601350784301758,0.13601350784301758,0.0,0.0,-0.07136015594005585,-0.07136015594005585,0.06465335190296173,0.06465335190296173,0.5500251054763794,0.5500251054763794,-0.13901470601558685,-0.13901470601558685,0.020696725696325302,0.020696725696325302,-34.83368682861328,-34.83368682861328,-25.99399757385254,-25.99399757385254,-11.222052574157715,-11.222052574157715,18.706369400024414,18.706369400024414,0.0,0.0,180.0
438,1.825,-0.4417523706226551,5.63666220977911,178.582369947198,-0.4417523706226551,5.63666220977911,178.582369947198,5.0,-5.0,0.0,0.0,15.0,0,0.5,0.0,0.0,3.2,3.2,3.2,5.636661052703857,5.636662483215332,5.636662006378174,5.636662006378174,-0.4147568345069885,-0.41490378975868225,6.823953628540039,6.780700206756592,0.074815534055233,0.074815534055233,0.0,0.0,nan,nan,2.9832041263580322,2.9832041263580322,5.9664082527160645,0.0,-0.34737056493759155,0.05613494664430618,0.0,0.0,0.0,0.05613494664430618,0.0,-0.34737056493759155,0.0,0.0,0.0,0.13186773657798767,0.17511847615242004,-0.2752487361431122,0.0,0.0,0.0,0.0,-0.34737056493759155,0.05613494664430618,0.0,0.0,0.0,0.05613494664430618,0.0,-0.34737056493759155,-0.0,-0.0,-0.0,0.13186776638031006,-0.17511847615242004,-0.2752487361431122,0.0,0.0,0.0,4.470348358154297e-08,0.0,0.6000000238418579,-1.043081283569336e-07,0.0559999942779541,0.5999999642372131,5.960464477539063e-08,-0.0559999942779541,0.6000000238418579,0.26373550295829773,0.0,-0.5504974722862244,0.0,0.0,0.0,1.0244548320770264e-08,-4.4773660334840315e-08,-2.7474015951156616e-08,26.418601989746094,26.418607711791992,42.20277786254883,42.20277786254883,0.11794667690992355,0.11794667690992355,0.6812697052955627,0.6812697052955627,0.20078371465206146,0.20078371465206146,0.0,0.0,1.670389175415039,1.670389175415039,-2.0177597999572754,-2.0177597999572754,0.12798134982585907,0.12798134982585907,0.0,0.0,-0.07184641063213348,-0.07184641063213348,0.05613494664430618,0.05613494664430618,0.5500251054763794,0.5500251054763794,-0.16046582162380219,-0.16046582162380219,0.0040695699863135815,0.0040695699863135815,-40.30179977416992,-40.30179977416992,-29.185060501098633,-29.185060501098633,-14.402338981628418,-14.402338981628418,19.2866153717041,19.2866153717041,0.0,0.0,180.0
439,1.8291666666666666,-0.41674445311025976,6.360116766732881,168.47269431486862,-0.41674445311025976,6.360116766732881,168.47269431486862,5.0,-5.0,0.0,0.0,15.0,0,0.5,0.0,0.0,3.2,3.2,3.2,6.360116004943848,6.3601155281066895,6.360117435455322,6.360117435455322,-0.3882518708705902,-0.3883189558982849,6.922579765319824,6.907018661499023,0.08441796153783798,0.08441796153783798,0.0,0.0,nan,nan,4.123132705688477,4.123132705688477,8.246265411376953,0.0,-0.623191237449646,0.061170704662799835,0.0,0.0,0.0,0.061170704662799835,0.0,-0.623191237449646,0.0,0.0,0.0,0.200374037027359,0.3006105124950409,-0.5114613771438599,0.0,0.0,0.0,0.0,-0.623191237449646,0.061170704662799835,0.0,0.0,0.0,0.061170704662799835,0.0,-0.623191237449646,-0.0,-0.0,-0.0,0.2003740519285202,-0.30061042308807373,-0.5114614367485046,0.0,0.0,0.0,4.470348358154297e-08,0.0,0.6000000238418579,-1.1920928955078125e-07,0.0559999942779541,0.5999999642372131,1.4901161193847656e-08,-0.055999964475631714,0.5999999642372131,0.400748074054718,8.940696716308594e-08,-1.0229227542877197,0.0,0.0,0.0,-1.1175870895385742e-08,-1.229642379030338e-07,-4.563480615615845e-08,27.573394775390625,27.573394775390625,44.38374328613281,44.38374328613281,0.11794667690992355,0.11794667690992355,0.6136804223060608,0.6136804223060608,0.26837289333343506,0.26837289333343506,0.0,0.0,1.3119357824325562,1.3119357824325562,-1.9351270198822021,-1.9351270198822021,0.13359972834587097,0.13359972834587097,0.0,0.0,-0.07242901623249054,-0.07242901623249054,0.061170704662799835,0.061170704662799835,0.5500251054763794,0.5500251054763794,-0.18151791393756866,-0.18151791393756866,-0.011476353742182255,-0.011476353742182255,-45.47592544555664,-45.47592544555664,-32.209083557128906,-32.209083557128906,-17.414060592651367,-17.414060592651367,19.836793899536133,19.836793899536133,0.0,0.0,180.0
440,1.8333333333333333,-0.38881337268977484,7.0389596743055565,157.18130377938527,-0.38881337268977484,7.0389596743055565,157.18130377938527,5.0,-5.0,0.0,0.0,15.0,0,0.5,0.0,0.0,3.2,3.2,3.2,7.0389580726623535,7.038959980010986,7.038959980010986,7.038959980010986,-0.359029620885849,-0.35901641845703125,6.971678256988525,6.983892917633057,0.09342825412750244,0.09342825412750244,0.0,0.0,nan,nan,5.350471019744873,5.350471019744873,10.700942039489746,0.0,-0.8827828168869019,0.07866059988737106,0.0,0.0,0.0,0.07866059988737106,0.0,-0.8827828168869019,0.0,0.0,0.0,0.2791215479373932,0.4040684401988983,-0.7377756237983704,0.0,0.0,0.0,0.0,-0.8827828168869019,0.07866059988737106,0.0,0.0,0.0,0.07866059988737106,0.0,-0.8827828168869019,-0.0,-0.0,-0.0,0.27912163734436035,-0.404068261384964,-0.7377756834030151,0.0,0.0,0.0,4.470348358154297e-08,0.0,0.6000000238418579,-1.1920928955078125e-07,0.05600005388259888,0.6000000238418579,7.450580596923828e-08,-0.055999964475631714,0.6000000238418579,0.5582431554794312,1.7881393432617188e-07,-1.4755513668060303,0.0,0.0,0.0,-6.332993507385254e-08,-9.894341701510712e-08,-9.872019290924072e-08,28.58386993408203,28.58387565612793,46.19440460205078,46.19440841674805,0.11794667690992355,0.11794667690992355,0.557930588722229,0.557930588722229,0.32412275671958923,0.32412275671958923,0.0,0.0,0.9565655589103699,0.9565655589103699,-1.839348316192627,-1.839348316192627,0.15174582600593567,0.15174582600593567,0.0,0.0,-0.0730852335691452,-0.0730852335691452,0.07866059988737106,0.07866059988737106,0.5500251054763794,0.5500251054763794,-0.20202119648456573,-0.20202119648456573,-0.025829829275608063,-0.025829829275608063,-50.320491790771484,-50.320491790771484,-35.045188903808594,-35.045188903808594,-20.23642921447754,-20.23642921447754,20.353044509887695,20.353044509887695,0.0,0.0,180.0
441,1.8375,-0.35815504582189156,7.668429337248584,144.78739933249952,-0.35815504582189156,7.668429337248584,144.78739933249952,5.0,-5.0,0.0,0.0,15.0,0,0.5,0.0,0.0,3.2,3.2,3.2,7.668429851531982,7.668428897857666,7.668429851531982,7.668429851531982,-0.32729458808898926,-0.3272010385990143,6.970983982086182,7.010876655578613,0.10178322345018387,0.10178322345018387,0.0,0.0,nan,nan,6.626235008239746,6.626235008239746,13.252470016479492,0.0,-1.1251857280731201,0.10719642043113708,0.0,0.0,0.0,0.10719642043113708,0.0,-1.1251857280731201,0.0,0.0,0.0,0.36642986536026,0.4841136634349823,-0.953360915184021,0.0,0.0,0.0,0.0,-1.1251857280731201,0.10719642043113708,0.0,0.0,0.0,0.10719642043113708,0.0,-1.1251857280731201,-0.0,-0.0,-0.0,0.36642986536026,-0.4841134250164032,-0.9533610343933105,0.0,0.0,0.0,4.470348358154297e-08,0.0,0.6000000238418579,1.4901161193847656e-08,0.05600005388259888,0.6000000238418579,2.9802322387695312e-08,-0.0559999942779541,0.6000000238418579,0.73285973072052,2.384185791015625e-07,-1.9067219495773315,0.0,0.0,0.0,-5.21540641784668e-08,-4.26185557955705e-08,-2.9802322387695312e-08,29.459508895874023,29.459508895874023,47.689090728759766,47.689090728759766,0.11794667690992355,0.11794667690992355,0.5156482458114624,0.5156482458114624,0.366405189037323,0.366405189037323,0.0,0.0,0.606163501739502,0.606163501739502,-1.7313491106033325,-1.7313491106033325,0.18098676204681396,0.18098676204681396,0.0,0.0,-0.07379033416509628,-0.07379033416509628,0.10719642043113708,0.10719642043113708,0.5500251054763794,0.5500251054763794,-0.22183279693126678,-0.22183279693126678,-0.03889114782214165,-0.03889114782214165,-54.80289077758789,-54.80289077758789,-37.67424774169922,-37.67424774169922,-22.85040855407715,-22.85040855407715,20.831748962402344,20.831748962402344,0.0,0.0,180.0
442,1.8416666666666666,-0.32498451864161293,8.244110478149688,131.3779153088991,-0.32498451864161293,8.244110478149688,131.3779153088991,5.0,-5.0,0.0,0.0,15.0,0,0.5,0.0,0.0,3.2,3.2,3.2,8.244109153747559,8.244107246398926,8.244110107421875,8.244110107421875,-0.2932693362236023,-0.293096125125885,6.920511722564697,6.987782001495361,0.10942424833774567,0.10942424833774567,0.0,0.0,nan,nan,7.908926963806152,7.908926963806152,15.817853927612305,0.0,-1.348850965499878,0.14503847062587738,0.0,0.0,0.0,0.14503847062587738,0.0,-1.348850965499878,0.0,0.0,0.0,0.46004724502563477,0.5396453738212585,-1.1565356254577637,0.0,0.0,0.0,0.0,-1.348850965499878,0.14503847062587738,0.0,0.0,0.0,0.14503847062587738,0.0,-1.348850965499878,-0.0,-0.0,-0.0,0.46004718542099,-0.5396449565887451,-1.1565357446670532,0.0,0.0,0.0,4.470348358154297e-08,0.0,0.6000000238418579,1.4901161193847656e-08,0.056000083684921265,0.6000000238418579,-1.4901161193847656e-08,-0.055999934673309326,0.5999999642372131,0.9200944304466248,4.172325134277344e-07,-2.3130712509155273,0.0,0.0,0.0,-2.0116567611694336e-07,-1.3082329530789139e-07,-5.774199962615967e-08,30.210477828979492,30.210477828979492,48.91554260253906,48.9155387878418,0.11794667690992355,0.11794667690992355,0.4873591661453247,0.4873591661453247,0.3946942090988159,0.3946942090988159,0.0,0.0,0.2632458209991455,0.2632458209991455,-1.6120967864990234,-1.6120967864990234,0.21955665946006775,0.21955665946006775,0.0,0.0,-0.07451818883419037,-0.07451818883419037,0.14503847062587738,0.14503847062587738,0.5500251054763794,0.5500251054763794,-0.24081756174564362,-0.24081756174564362,-0.050572484731674194,-0.050572484731674194,-58.89363479614258,-58.89363479614258,-40.07889175415039,-40.07889175415039,-25.238737106323242,-25.238737106323242,21.269546508789062,21.269546508789062,0.0,0.0,180.0
443,1.8458333333333332,-0.28953445856411786,8.761965107431774,117.04690960430867,-0.28953445856411786,8.761965107431774,117.04690960430867,5.0,-5.0,0.0,0.0,15.0,0,0.5,0.0,0.0,3.2,3.2,3.2,8.761962890625,8.761963844299316,8.761964797973633,8.76196575164795,-0.2571929097175598,-0.25694116950035095,6.820553302764893,6.914708137512207,0.11629774421453476,0.11629774421453476,0.0,0.0,nan,nan,9.155205726623535,9.155205726623535,18.31041145324707,0.0,-1.5517206192016602,0.1901247352361679,0.0,0.0,0.0,0.1901247352361679,0.0,-1.5517206192016602,0.0,0.0,0.0,0.5571818947792053,0.5700148940086365,-1.3448479175567627,0.0,0.0,0.0,0.0,-1.5517206192016602,0.1901247352361679,0.0,0.0,0.0,0.1901247352361679,0.0,-1.5517206192016602,-0.0,-0.0,-0.0,0.5571820139884949,-0.5700146555900574,-1.3448479175567627,0.0,0.0,0.0,4.470348358154297e-08,0.0,0.6000000238418579,-8.940696716308594e-08,0.0559999942779541,0.5999999642372131,2.9802322387695312e-08,-0.055999964475631714,0.6000000238418579,1.1143639087677002,2.384185791015625e-07,-2.6896958351135254,0.0,0.0,0.0,-7.450580596923828e-09,-2.3360857426268922e-07,-7.636845111846924e-08,30.846933364868164,30.846939086914062,49.914554595947266,49.91456604003906,0.11794667690992355,0.11794667690992355,0.45904016494750977,0.45904016494750977,0.42301318049430847,0.42301318049430847,0.0,0.0,-0.06913800537586212,-0.06913800537586212,-1.482582688331604,-1.482582688331604,0.265366792678833,0.265366792678833,0.0,0.0,-0.07524202764034271,-0.07524202764034271,0.1901247352361679,0.1901247352361679,0.5500251054763794,0.5500251054763794,-0.25884881615638733,-0.25884881615638733,-0.06079844385385513,-0.06079844385385513,-62.56645202636719,-62.56645202636719,-42.243629455566406,-42.243629455566406,-27.386035919189453,-27.386035919189453,21.66337013244629,21.66337013244629,0.0,0.0,180.0
444,1.8499999999999999,-0.25205352229002004,9.21836084694843,101.89490392693376,-0.25205352229002004,9.21836084694843,101.89490392693376,5.0,-5.0,0.0,0.0,15.0,0,0.5,0.0,0.0,3.2,3.2,3.2,9.21835994720459,9.218358993530273,9.218360900878906,9.218361854553223,-0.21932414174079895,-0.218995600938797,6.670876979827881,6.79122257232666,0.12235549092292786,0.12235549092292786,0.0,0.0,nan,nan,10.279123306274414,10.279123306274414,20.558246612548828,0.0,-1.7239165306091309,0.23365774750709534,0.0,0.0,0.0,0.23365774750709534,0.0,-1.7239165306091309,0.0,0.0,0.0,0.6465334892272949,0.5727429389953613,-1.5101139545440674,0.0,0.0,0.0,0.0,-1.7239165306091309,0.23365774750709534,0.0,0.0,0.0,0.23365774750709534,0.0,-1.7239165306091309,-0.0,-0.0,-0.0,0.6465336084365845,-0.5727425217628479,-1.510114073753357,0.0,0.0,0.0,4.470348358154297e-08,0.0,0.6000000238418579,-7.450580596923828e-08,0.05600002408027649,0.6000000238418579,-5.960464477539063e-08,-0.055999934673309326,0.5999999642372131,1.2930670976638794,4.172325134277344e-07,-3.0202279090881348,0.0,0.0,0.0,-1.564621925354004e-07,-3.7607318859045336e-07,-5.960464477539063e-08,31.378517150878906,31.378522872924805,50.72021484375,50.72022247314453,0.11794667690992355,0.11794667690992355,0.43071863055229187,0.43071863055229187,0.45133471488952637,0.45133471488952637,0.002056337660178542,0.002056337660178542,-0.3875378966331482,-0.3875378966331482,-1.3438032865524292,-1.3438032865524292,0.3160493075847626,0.3160493075847626,0.0,0.0,-0.0759352296590805,-0.0759352296590805,0.23365774750709534,0.23365774750709534,0.5500251054763794,0.5500251054763794,-0.27580901980400085,-0.27580901980400085,-0.06950617581605911,-0.06950617581605911,-65.79830169677734,-65.79830169677734,-44.15483474731445,-44.15483474731445,-29.27880859375,-29.27880859375,22.010454177856445,22.010454177856445,0.0,0.0,180.0
445,1.8541666666666667,-0.2128046116572571,9.610096408506944,86.02817870989625,-0.2128046116572571,9.610096408506944,86.02817870989625,5.0,-5.0,0.0,0.0,15.0,0,0.5,0.0,0.0,3.2,3.2,3.2,9.610097885131836,9.610095024108887,9.610095977783203,9.610095977783203,-0.1799333244562149,-0.17953012883663177,6.471787452697754,6.617427349090576,0.1275550127029419,0.1275550127029419,0.0,0.0,nan,nan,11.205221176147461,11.205221176147461,22.410442352294922,0.0,-1.8574371337890625,0.2673576772212982,0.0,0.0,0.0,0.2673576772212982,0.0,-1.8574371337890625,0.0,0.0,0.0,0.7175978422164917,0.5478834509849548,-1.64512300491333,0.0,0.0,0.0,0.0,-1.8574371337890625,0.2673576772212982,0.0,0.0,0.0,0.2673576772212982,0.0,-1.8574371337890625,-0.0,-0.0,-0.0,0.7175978422164917,-0.5478828549385071,-1.6451232433319092,0.0,0.0,0.0,4.470348358154297e-08,0.0,0.6000000238418579,1.4901161193847656e-08,0.056000083684921265,0.6000000238418579,-1.4901161193847656e-08,-0.055999964475631714,0.6000000238418579,1.4351956844329834,5.960464477539062e-07,-3.2902462482452393,0.0,0.0,0.0,-1.7881393432617188e-07,-1.4708547269037808e-07,-6.705522537231445e-08,31.81400489807129,31.81400489807129,51.36043167114258,51.36043167114258,0.11794667690992355,0.11794667690992355,0.4165618121623993,0.4165618121623993,0.46549156308174133,0.46549156308174133,0.00794259924441576,0.00794259924441576,-0.6882556080818176,-0.6882556080818176,-1.1967494487762451,-1.1967494487762451,0.3690338730812073,0.3690338730812073,0.0,0.0,-0.0765722244977951,-0.0765722244977951,0.2673576772212982,0.2673576772212982,0.5500251054763794,0.5500251054763794,-0.2915896475315094,-0.2915896475315094,-0.07664507627487183,-0.07664507627487183,-68.5693359375,-68.5693359375,-45.80072021484375,-45.80072021484375,-30.9053897857666,-30.9053897857666,22.308364868164062,22.308364868164062,0.0,0.0,180.0
446,1.8583333333333334,-0.1720630295736277,9.934424048604459,69.55802763037264,-0.1720630295736277,9.934424048604459,69.55802763037264,5.0,-5.0,0.0,0.0,15.0,0,0.5,0.0,0.0,3.2,3.2,3.2,9.934426307678223,9.934422492980957,9.934423446655273,9.934423446655273,-0.13928596675395966,-0.1388108730316162,6.2264204025268555,6.396311283111572,0.13185980916023254,0.13185980916023254,0.0,0.0,nan,nan,11.99386978149414,11.99386978149414,23.98773956298828,0.0,-1.9674088954925537,0.3036646842956543,0.0,0.0,0.0,0.3036646842956543,0.0,-1.9674088954925537,0.0,0.0,0.0,0.7855778336524963,0.5032727122306824,-1.7585488557815552,0.0,0.0,0.0,0.0,-1.9674088954925537,0.3036646842956543,0.0,0.0,0.0,0.3036646842956543,0.0,-1.9674088954925537,-0.0,-0.0,-0.0,0.7855777740478516,-0.5032721757888794,-1.7585489749908447,0.0,0.0,0.0,4.470348358154297e-08,0.0,0.6000000238418579,4.470348358154297e-08,0.05600005388259888,0.5999999642372131,-5.960464477539063e-08,-0.055999934673309326,0.5999999642372131,1.5711555480957031,5.364418029785156e-07,-3.5170979499816895,0.0,0.0,0.0,-2.0116567611694336e-07,-2.7707912408914126e-07,-4.470348358154297e-08,32.1611328125,32.1611328125,51.85767364501953,51.85767364501953,0.11794667690992355,0.11794667690992355,0.4024088680744171,0.4024088680744171,0.4796445071697235,0.4796445071697235,0.012195754796266556,0.012195754796266556,-0.9675174355506897,-0.9675174355506897,-1.0423979759216309,-1.0423979759216309,0.42165058851242065,0.42165058851242065,0.0,0.0,-0.07712945342063904,-0.07712945342063904,0.3036646842956543,0.3036646842956543,0.5500251054763794,0.5500251054763794,-0.3060917258262634,-0.3060917258262634,-0.08217675238847733,-0.08217675238847733,-70.86294555664062,-70.86294555664062,-47.171409606933594,-47.171409606933594,-32.25603485107422,-32.25603485107422,22.555011749267578,22.555011749267578,0.0,0.0,180.0
447,1.8625,-0.13011454896465205,10.189068841874873,52.59997696439446,-0.13011454896465205,10.189068841874873,52.59997696439446,5.0,-5.0,0.0,0.0,15.0,0,0.5,0.0,0.0,3.2,3.2,3.2,10.189068794250488,10.189068794250488,10.189068794250488,10.189068794250488,-0.09767371416091919,-0.09713001549243927,5.935433864593506,6.128347396850586,0.13523972034454346,0.13523972034454346,0.0,0.0,nan,nan,12.566417694091797,12.566417694091797,25.132835388183594,0.0,-2.0433926582336426,0.3335074782371521,0.0,0.0,0.0,0.3335074782371521,0.0,-2.0433926582336426,0.0,0.0,0.0,0.8386393189430237,0.4394078850746155,-1.8412728309631348,0.0,0.0,0.0,0.0,-2.0433926582336426,0.3335074782371521,0.0,0.0,0.0,0.3335074782371521,0.0,-2.0433926582336426,-0.0,-0.0,-0.0,0.8386393189430237,-0.4394075870513916,-1.8412729501724243,0.0,0.0,0.0,4.470348358154297e-08,0.0,0.6000000238418579,-4.470348358154297e-08,0.05600005388259888,0.5999999642372131,-4.470348358154297e-08,-0.055999964475631714,0.6000000238418579,1.6772786378860474,2.980232238769531e-07,-3.6825456619262695,0.0,0.0,0.0,-1.2665987014770508e-07,-3.7923206264167675e-07,-7.450580596923828e-08,32.42644500732422,32.42644500732422,52.22949981689453,52.22949981689453,0.11794667690992355,0.11794667690992355,0.4024088680744171,0.4024088680744171,0.4796445071697235,0.4796445071697235,0.017258400097489357,0.017258400097489357,-1.221634864807129,-1.221634864807129,-0.8817076683044434,-0.8817076683044434,0.47124993801116943,0.47124993801116943,0.0,0.0,-0.07758612930774689,-0.07758612930774689,0.3335074782371521,0.3335074782371521,0.5500251054763794,0.5500251054763794,-0.31922540068626404,-0.31922540068626404,-0.08607429265975952,-0.08607429265975952,-72.66558837890625,-72.66558837890625,-48.2587776184082,-48.2587776184082,-33.322776794433594,-33.322776794433594,22.748666763305664,22.748666763305664,0.0,0.0,180.0
448,1.8666666666666667,-0.08725340828186376,10.372244638055394,35.27297525304235,-0.08725340828186376,10.372244638055394,35.27297525304235,5.0,-5.0,0.0,0.0,15.0,0,0.5,0.0,0.0,3.2,3.2,3.2,10.372241973876953,10.372241020202637,10.372243881225586,10.372243881225586,-0.05538944527506828,-0.05478084087371826,5.600714683532715,5.815255641937256,0.13767102360725403,0.13767102360725403,0.0,0.0,nan,nan,12.896720886230469,12.896720886230469,25.793441772460938,0.0,-2.083435297012329,0.355180025100708,0.0,0.0,0.0,0.355180025100708,0.0,-2.083435297012329,0.0,0.0,0.0,0.8741793632507324,0.36042553186416626,-1.8901745080947876,0.0,0.0,0.0,0.0,-2.083435297012329,0.355180025100708,0.0,0.0,0.0,0.355180025100708,0.0,-2.083435297012329,-0.0,-0.0,-0.0,0.8741793632507324,-0.36042505502700806,-1.8901745080947876,0.0,0.0,0.0,4.470348358154297e-08,0.0,0.6000000238418579,-5.960464477539063e-08,0.05600002408027649,0.5999999642372131,-5.960464477539063e-08,-0.055999934673309326,0.6000000238418579,1.7483587265014648,4.76837158203125e-07,-3.780349016189575,0.0,0.0,0.0,-1.4901161193847656e-07,-4.464262701731059e-07,-7.82310962677002e-08,32.615177154541016,32.615177154541016,52.489070892333984,52.489070892333984,0.11794667690992355,0.11794667690992355,0.3882598280906677,0.3882598280906677,0.4937935173511505,0.4937935173511505,0.023084618151187897,0.023084618151187897,-1.4471688270568848,-1.4471688270568848,-0.7156213521957397,-0.7156213521957397,0.5153317451477051,0.5153317451477051,0.0,0.0,-0.07792520523071289,-0.07792520523071289,0.355180025100708,0.355180025100708,0.5500251054763794,0.5500251054763794,-0.3309100866317749,-0.3309100866317749,-0.08832192420959473,-0.08832192420959473,-73.96683502197266,-73.96683502197266,-49.056514739990234,-49.056514739990234,-34.09943389892578,-34.09943389892578,22.887969970703125,22.887969970703125,0.0,0.0,180.0
449,1.8708333333333333,-0.04378024763146922,10.482666590547435,17.69855896388938,-0.04378024763146922,10.482666590547435,17.69855896388938,5.0,-5.0,0.0,0.0,15.0,0,0.5,0.0,0.0,3.2,3.2,3.2,10.48266315460205,10.48266315460205,10.482666969299316,10.482666969299316,-0.012718332931399345,-0.012049080803990364,5.226443767547607,5.46110200881958,0.1391366571187973,0.1391366571187973,0.0,0.0,nan,nan,13.069879531860352,13.069879531860352,26.139759063720703,0.0,-2.104294538497925,0.3865657448768616,0.0,0.0,0.0,0.3865657448768616,0.0,-2.104294538497925,0.0,0.0,0.0,0.9134008288383484,0.273617684841156,-1.9152859449386597,0.0,0.0,0.0,0.0,-2.104294538497925,0.3865657448768616,0.0,0.0,0.0,0.3865657448768616,0.0,-2.104294538497925,-0.0,-0.0,-0.0,0.9134008884429932,-0.2736172676086426,-1.9152860641479492,0.0,0.0,0.0,4.470348358154297e-08,0.0,0.6000000238418579,-1.043081283569336e-07,0.0559999942779541,0.5999999642372131,-2.9802322387695312e-08,-0.0559999942779541,0.6000000238418579,1.8268017768859863,4.172325134277344e-07,-3.8305721282958984,0.0,0.0,0.0,2.2351741790771484e-08,-4.825427026844409e-07,-1.862645149230957e-08,32.7312126159668,32.73121643066406,52.645591735839844,52.645591735839844,0.11794667690992355,0.11794667690992355,0.3882598280906677,0.3882598280906677,0.4937935173511505,0.4937935173511505,0.023084618151187897,0.023084618151187897,-1.6410667896270752,-1.6410667896270752,-0.545070230960846,-0.545070230960846,0.5516700148582458,0.5516700148582458,0.0,0.0,-0.07813388109207153,-0.07813388109207153,0.3865657448768616,0.3865657448768616,0.5500251054763794,0.5500251054763794,-0.34107425808906555,-0.34107425808906555,-0.08891429007053375,-0.08891429007053375,-74.75922393798828,-74.75922393798828,-49.560054779052734,-49.560054779052734,-34.58158493041992,-34.58158493041992,22.97194480895996,22.97194480895996,0.0,0.0,180.0
450,1.875,-7.688822463766742e-16,10.519560168692351,3.1082756516899615e-13,-7.688822463766742e-16,10.519560168692351,3.1082756516899615e-13,5.0,-5.0,0.0,0.0,15.0,0,0.5,0.0,0.0,3.2,3.2,3.2,10.519560813903809,10.51955795288086,10.519559860229492,10.519559860229492,0.030015669763088226,0.03074108436703682,4.811291694641113,5.064340591430664,0.13962633907794952,0.13962633907794952,0.0,0.0,nan,nan,12.874686241149902,12.874686241149902,25.749372482299805,0.0,-2.069366455078125,0.390383780002594,0.0,0.0,0.0,0.390383780002594,0.0,-2.069366455078125,0.0,0.0,0.0,0.9106646776199341,0.17901872098445892,-1.8903224468231201,0.0,0.0,0.0,0.0,-2.069366455078125,0.390383780002594,0.0,0.0,0.0,0.390383780002594,0.0,-2.069366455078125,-0.0,-0.0,-0.0,0.9106646776199341,-0.1790182739496231,-1.8903225660324097,0.0,0.0,0.0,4.470348358154297e-08,0.0,0.6000000238418579,0.0,0.05600005388259888,0.6000000238418579,-5.960464477539063e-08,-0.055999934673309326,0.6000000238418579,1.8213293552398682,4.470348358154297e-07,-3.7806448936462402,0.0,0.0,0.0,-2.2351741790771484e-07,-2.8168000199002563e-07,-9.685754776000977e-08,32.776981353759766,32.776981353759766,52.70455551147461,52.70454788208008,0.11794667690992355,0.11794667690992355,0.3882598280906677,0.3882598280906677,0.4937935173511505,0.4937935173511505,0.029628142714500427,0.029628142714500427,-1.8007855415344238,-1.8007855415344238,-0.37098217010498047,-0.37098217010498047,0.5784276127815247,0.5784276127815247,0.0,0.0,-0.07820433378219604,-0.07820433378219604,0.390383780002594,0.390383780002594,0.5500251054763794,0.5500251054763794,-0.34965524077415466,-0.34965524077415466,-0.08785582333803177,-0.08785582333803177,-75.03823852539062,-75.03823852539062,-49.766517639160156,-49.766517639160156,-34.766517639160156,-34.766517639160156,23.0,23.0,0.0,0.0,180.0
451,1.8791666666666667,0.043780247631467685,10.482666590547439,-17.698558963888757,0.043780247631467685,10.482666590547439,-17.698558963888757,5.0,-5.0,0.0,0.0,15.0,0,0.5,0.0,0.0,3.2,3.2,3.2,10.482664108276367,10.482666969299316,10.482666969299316,10.482666969299316,0.07253715395927429,0.0733136460185051,4.3620781898498535,4.631729602813721,0.1391366571187973,0.1391366571187973,0.0,0.0,nan,nan,12.51729965209961,12.51729965209961,25.03459930419922,0.0,-2.0148518085479736,0.4046951234340668,0.0,0.0,0.0,0.4046951234340668,0.0,-2.0148518085479736,0.0,0.0,0.0,0.9119084477424622,0.08628371357917786,-1.8396695852279663,0.0,0.0,0.0,0.0,-2.0148518085479736,0.4046951234340668,0.0,0.0,0.0,0.4046951234340668,0.0,-2.0148518085479736,-0.0,-0.0,-0.0,0.9119086265563965,-0.08628329634666443,-1.8396695852279663,0.0,0.0,0.0,4.470348358154297e-08,0.0,0.6000000238418579,-7.450580596923828e-08,0.05600005388259888,0.6000000238418579,1.4901161193847656e-08,-0.055999964475631714,0.6000000238418579,1.8238170146942139,4.172325134277344e-07,-3.6793391704559326,0.0,0.0,0.0,-1.7136335372924805e-07,-2.7413213388172153e-07,-8.195638656616211e-08,32.75340270996094,32.7534065246582,52.66787338256836,52.66787338256836,0.11794667690992355,0.11794667690992355,0.3882598280906677,0.3882598280906677,0.4937935173511505,0.4937935173511505,0.029628142714500427,0.029628142714500427,-1.9243860244750977,-1.9243860244750977,-0.1942918449640274,-0.1942918449640274,0.5942500829696655,0.5942500829696655,0.0,0.0,-0.07813388109207153,-0.07813388109207153,0.4046951234340668,0.4046951234340668,0.5500251054763794,0.5500251054763794,-0.3565990924835205,-0.3565990924835205,-0.0851602628827095,-0.0851602628827095,-74.80229187011719,-74.80229187011719,-49.67473220825195,-49.67473220825195,-34.653202056884766,-34.653202056884766,22.97194480895996,22.97194480895996,0.0,0.0,180.0
452,1.8833333333333333,0.08725340828186223,10.372244638055399,-35.27297525304173,0.08725340828186223,10.372244638055399,-35.27297525304173,5.0,-5.0,0.0,0.0,15.0,0,0.5,0.0,0.0,3.2,3.2,3.2,10.372241973876953,10.372245788574219,10.372244834899902,10.372244834899902,0.11453503370285034,0.11535727977752686,3.8798952102661133,4.164211750030518,0.13767102360725403,0.13767102360725403,0.0,0.0,nan,nan,11.90204906463623,11.90204906463623,23.80409812927246,0.0,-1.922234296798706,0.40977102518081665,0.0,0.0,0.0,0.40977102518081665,0.0,-1.922234296798706,0.0,0.0,0.0,0.8933185935020447,-0.001222682767547667,-1.7506791353225708,0.0,0.0,0.0,0.0,-1.922234296798706,0.40977102518081665,0.0,0.0,0.0,0.40977102518081665,0.0,-1.922234296798706,-0.0,-0.0,-0.0,0.8933185935020447,0.0012230859138071537,-1.7506791353225708,0.0,0.0,0.0,4.470348358154297e-08,0.0,0.6000000238418579,-1.1920928955078125e-07,0.05600002408027649,0.5999999642372131,0.0,-0.055999964475631714,0.6000000238418579,1.7866371870040894,4.0314625948667526e-07,-3.5013582706451416,0.0,0.0,0.0,-1.043081283569336e-07,-4.1846607246043277e-07,-5.21540641784668e-08,32.6599006652832,32.6599006652832,52.53401565551758,52.53401565551758,0.11794667690992355,0.11794667690992355,0.3882598280906677,0.3882598280906677,0.4937935173511505,0.4937935173511505,0.029628142714500427,0.029628142714500427,-2.0105960369110107,-2.0105960369110107,-0.01595245487987995,-0.01595245487987995,0.5983313322067261,0.5983313322067261,0.0,0.0,-0.07792520523071289,-0.07792520523071289,0.40977102518081665,0.40977102518081665,0.5500251054763794,0.5500251054763794,-0.3618607223033905,-0.3618607223033905,-0.08085006475448608,-0.08085006475448608,-74.05267333984375,-74.05267333984375,-49.28519821166992,-49.28519821166992,-34.242279052734375,-34.242279052734375,22.887969970703125,22.887969970703125,0.0,0.0,180.0
453,1.8875,0.13011454896465055,10.189068841874882,-52.59997696439386,0.13011454896465055,10.189068841874882,-52.59997696439386,5.0,-5.0,0.0,0.0,15.0,0,0.5,0.0,0.0,3.2,3.2,3.2,10.189065933227539,10.189068794250488,10.189068794250488,10.189068794250488,0.15572769939899445,0.15658995509147644,3.3701975345611572,3.6671864986419678,0.13523972034454346,0.13523972034454346,0.0,0.0,nan,nan,11.152164459228516,11.152164459228516,22.30432891845703,0.0,-1.8112328052520752,0.425319641828537,0.0,0.0,0.0,0.425319641828537,0.0,-1.8112328052520752,0.0,0.0,0.0,0.8791646957397461,-0.07875791192054749,-1.6377812623977661,0.0,0.0,0.0,0.0,-1.8112328052520752,0.425319641828537,0.0,0.0,0.0,0.425319641828537,0.0,-1.8112328052520752,-0.0,-0.0,-0.0,0.8791649341583252,0.07875831425189972,-1.6377812623977661,0.0,0.0,0.0,4.470348358154297e-08,0.0,0.6000000238418579,-1.1175870895385742e-07,0.05600002408027649,0.5999999642372131,-7.450580596923828e-09,-0.0559999942779541,0.6000000238418579,1.7583296298980713,4.023313522338867e-07,-3.2755625247955322,0.0,0.0,0.0,-5.960464477539063e-08,-3.940700992188795e-07,-3.725290298461914e-09,32.49432373046875,32.49433135986328,52.297916412353516,52.29792404174805,0.11794667690992355,0.11794667690992355,0.4024088680744171,0.4024088680744171,0.4796445071697235,0.4796445071697235,0.023084618151187897,0.023084618151187897,-2.0588457584381104,-2.0588457584381104,0.16305354237556458,0.16305354237556458,0.5904511213302612,0.5904511213302612,0.0,0.0,-0.07758612930774689,-0.07758612930774689,0.425319641828537,0.425319641828537,0.5500251054763794,0.5500251054763794,-0.36540380120277405,-0.36540380120277405,-0.07495608180761337,-0.07495608180761337,-72.7935791015625,-72.7935791015625,-48.6000862121582,-48.6000862121582,-33.53608703613281,-33.53608703613281,22.748666763305664,22.748666763305664,0.0,0.0,180.0
454,1.8916666666666666,0.17206302957362626,9.93442404860447,-69.55802763037204,0.17206302957362626,9.93442404860447,-69.55802763037204,5.0,-5.0,0.0,0.0,15.0,0,0.5,0.0,0.0,3.2,3.2,3.2,9.93442153930664,9.93442440032959,9.93442440032959,9.93442440032959,0.19580025970935822,0.1966966837644577,2.832411766052246,3.139897346496582,0.13185980916023254,0.13185980916023254,0.0,0.0,nan,nan,10.082258224487305,10.082258224487305,20.16451644897461,0.0,-1.6443266868591309,0.4107626676559448,0.0,0.0,0.0,0.4107626676559448,0.0,-1.6443266868591309,0.0,0.0,0.0,0.8207962512969971,-0.14032970368862152,-1.4761900901794434,0.0,0.0,0.0,0.0,-1.6443266868591309,0.4107626676559448,0.0,0.0,0.0,0.4107626676559448,0.0,-1.6443266868591309,-0.0,-0.0,-0.0,0.8207961916923523,0.14033003151416779,-1.4761900901794434,0.0,0.0,0.0,4.470348358154297e-08,0.0,0.6000000238418579,-1.043081283569336e-07,0.0559999942779541,0.5999999642372131,0.0,-0.055999964475631714,0.6000000238418579,1.6415925025939941,3.2782554626464844e-07,-2.9523801803588867,0.0,0.0,0.0,-5.21540641784668e-08,-3.348835662109195e-07,-1.1175870895385742e-08,32.253047943115234,32.25304412841797,51.95083236694336,51.950828552246094,0.11794667690992355,0.11794667690992355,0.4024088680744171,0.4024088680744171,0.4796445071697235,0.4796445071697235,0.023084618151187897,0.023084618151187897,-2.069272518157959,-2.069272518157959,0.341704398393631,0.341704398393631,0.5709775686264038,0.5709775686264038,0.0,0.0,-0.07712945342063904,-0.07712945342063904,0.4107626676559448,0.4107626676559448,0.5500251054763794,0.5500251054763794,-0.36720117926597595,-0.36720117926597595,-0.06751733273267746,-0.06751733273267746,-71.0322036743164,-71.0322036743164,-47.6233024597168,-47.6233024597168,-32.538673400878906,-32.538673400878906,22.555011749267578,22.555011749267578,0.0,0.0,180.0
455,1.8958333333333333,0.2128046116572557,9.610096408506957,-86.02817870989568,0.2128046116572557,9.610096408506957,-86.02817870989568,5.0,-5.0,0.0,0.0,15.0,0,0.5,0.0,0.0,3.2,3.2,3.2,9.610097885131836,9.610095024108887,9.610095977783203,9.610095977783203,0.23449741303920746,0.23542176187038422,2.2744338512420654,2.590254306793213,0.1275550127029419,0.1275550127029419,0.0,0.0,nan,nan,8.93236255645752,8.93236255645752,17.86472511291504,0.0,-1.4606562852859497,0.4043749272823334,0.0,0.0,0.0,0.4043749272823334,0.0,-1.4606562852859497,0.0,0.0,0.0,0.76563560962677,-0.1838270127773285,-1.2950079441070557,0.0,0.0,0.0,0.0,-1.4606562852859497,0.4043749272823334,0.0,0.0,0.0,0.4043749272823334,0.0,-1.4606562852859497,-0.0,-0.0,-0.0,0.7656355500221252,0.18382734060287476,-1.2950079441070557,0.0,0.0,0.0,4.470348358154297e-08,0.0,0.6000000238418579,-1.4901161193847656e-08,0.05600005388259888,0.5999999642372131,-8.940696716308594e-08,-0.055999964475631714,0.6000000238418579,1.53127121925354,3.2782554626464844e-07,-2.5900158882141113,0.0,0.0,0.0,-1.2665987014770508e-07,-2.9649802968378935e-07,-8.940696716308594e-08,31.930923461914062,31.930923461914062,51.480010986328125,51.480010986328125,0.11794667690992355,0.11794667690992355,0.4165618121623993,0.4165618121623993,0.46549156308174133,0.46549156308174133,0.017258400097489357,0.017258400097489357,-2.042686700820923,-2.042686700820923,0.5189313292503357,0.5189313292503357,0.540837287902832,0.540837287902832,0.0,0.0,-0.0765722244977951,-0.0765722244977951,0.4043749272823334,0.4043749272823334,0.5500251054763794,0.5500251054763794,-0.3672349750995636,-0.3672349750995636,-0.05858075991272926,-0.05858075991272926,-68.77867889404297,-68.77867889404297,-46.360450744628906,-46.360450744628906,-31.255783081054688,-31.255783081054688,22.308364868164062,22.308364868164062,0.0,0.0,180.0
456,1.9,0.25205352229001543,9.218360846948482,-101.8949039269319,0.25205352229001543,9.218360846948482,-101.8949039269319,5.0,-5.0,0.0,0.0,15.0,0,0.5,0.0,0.0,3.2,3.2,3.2,9.218358993530273,9.218360900878906,9.218360900878906,9.218360900878906,0.27154481410980225,0.2724905014038086,1.6997103691101074,2.021629571914673,0.12235549092292786,0.12235549092292786,0.0,0.0,nan,nan,7.713766574859619,7.713766574859619,15.427533149719238,0.0,-1.2570945024490356,0.3990020751953125,0.0,0.0,0.0,0.3990020751953125,0.0,-1.2570945024490356,0.0,0.0,0.0,0.7063237428665161,-0.20702169835567474,-1.0944122076034546,0.0,0.0,0.0,0.0,-1.2570945024490356,0.3990020751953125,0.0,0.0,0.0,0.3990020751953125,0.0,-1.2570945024490356,-0.0,-0.0,-0.0,0.7063238024711609,0.20702192187309265,-1.094412088394165,0.0,0.0,0.0,4.470348358154297e-08,0.0,0.6000000238418579,-7.450580596923828e-08,0.05600005388259888,0.5999999642372131,-5.21540641784668e-08,-0.055999934673309326,0.5999999642372131,1.4126474857330322,2.2351741790771484e-07,-2.18882417678833,0.0,0.0,0.0,-1.341104507446289e-07,-3.206665155630617e-07,-7.450580596923828e-08,31.52140998840332,31.52140998840332,50.868377685546875,50.86837387084961,0.11794667690992355,0.11794667690992355,0.43071863055229187,0.43071863055229187,0.45133471488952637,0.45133471488952637,0.00794259924441576,0.00794259924441576,-1.9805182218551636,-1.9805182218551636,0.6936150193214417,0.6936150193214417,0.5014570951461792,0.5014570951461792,0.0,0.0,-0.0759352296590805,-0.0759352296590805,0.3990020751953125,0.3990020751953125,0.5500251054763794,0.5500251054763794,-0.3654974102973938,-0.3654974102973938,-0.04820144921541214,-0.04820144921541214,-66.04624938964844,-66.04624938964844,-44.81893539428711,-44.81893539428711,-29.694961547851562,-29.694961547851562,22.010454177856445,22.010454177856445,0.0,0.0,180.0
457,1.9041666666666666,0.2895344585641165,8.761965107431791,-117.04690960430813,0.2895344585641165,8.761965107431791,-117.04690960430813,5.0,-5.0,0.0,0.0,15.0,0,0.5,0.0,0.0,3.2,3.2,3.2,8.761962890625,8.761963844299316,8.761964797973633,8.761964797973633,0.3066673278808594,0.30762800574302673,1.1098380088806152,1.435537338256836,0.11629774421453476,0.11629774421453476,0.0,0.0,nan,nan,6.345561981201172,6.345561981201172,12.691123962402344,0.0,-1.0125832557678223,0.3732264041900635,0.0,0.0,0.0,0.3732264041900635,0.0,-1.0125832557678223,0.0,0.0,0.0,0.6172075271606445,-0.20406323671340942,-0.8614150285720825,0.0,0.0,0.0,0.0,-1.0125832557678223,0.3732264041900635,0.0,0.0,0.0,0.3732264041900635,0.0,-1.0125832557678223,-0.0,-0.0,-0.0,0.6172074675559998,0.20406349003314972,-0.8614150285720825,0.0,0.0,0.0,4.470348358154297e-08,0.0,0.6000000238418579,-3.725290298461914e-08,0.0559999942779541,0.6000000238418579,-2.2351741790771484e-08,-0.055999964475631714,0.6000000238418579,1.234415054321289,2.5331974029541016e-07,-1.722830057144165,0.0,0.0,0.0,-2.2351741790771484e-08,-1.2836083840284118e-07,-2.2351741790771484e-08,31.016643524169922,31.016643524169922,50.093997955322266,50.093990325927734,0.11794667690992355,0.11794667690992355,0.44487857818603516,0.44487857818603516,0.43717479705810547,0.43717479705810547,0.002056337660178542,0.002056337660178542,-1.8847198486328125,-1.8847198486328125,0.8645848035812378,0.8645848035812378,0.45467689633369446,0.45467689633369446,0.0,0.0,-0.07524202764034271,-0.07524202764034271,0.3732264041900635,0.3732264041900635,0.5500251054763794,0.5500251054763794,-0.3619908094406128,-0.3619908094406128,-0.0364423431456089,-0.0364423431456089,-62.851280212402344,-62.851280212402344,-43.00796127319336,-43.00796127319336,-27.865549087524414,-27.865549087524414,21.66337013244629,21.66337013244629,0.0,0.0,180.0
458,1.9083333333333332,0.32498451864161176,8.244110478149707,-131.37791530889862,0.32498451864161176,8.244110478149707,-131.37791530889862,5.0,-5.0,0.0,0.0,15.0,0,0.5,0.0,0.0,3.2,3.2,3.2,8.244110107421875,8.244107246398926,8.244110107421875,8.244110107421875,0.3396175503730774,0.34058672189712524,0.5087685585021973,0.8358975052833557,0.10942424833774567,0.10942424833774567,0.0,0.0,nan,nan,4.864300727844238,4.864300727844238,9.728601455688477,0.0,-0.7270357608795166,0.3281308710575104,0.0,0.0,0.0,0.3281308710575104,0.0,-0.7270357608795166,0.0,0.0,0.0,0.49980002641677856,-0.1716650426387787,-0.5974796414375305,0.0,0.0,0.0,0.0,-0.7270357608795166,0.3281308710575104,0.0,0.0,0.0,0.3281308710575104,0.0,-0.7270357608795166,-0.0,-0.0,-0.0,0.49980002641677856,0.17166517674922943,-0.5974796414375305,0.0,0.0,0.0,4.470348358154297e-08,0.0,0.6000000238418579,2.2351741790771484e-08,0.05600005388259888,0.6000000238418579,-1.4901161193847656e-07,-0.055999964475631714,0.5999999642372131,0.9996000528335571,1.341104507446289e-07,-1.194959282875061,0.0,0.0,0.0,-4.470348358154297e-08,-1.5888593907220638e-07,-7.450580596923828e-08,30.40754508972168,30.40754508972168,49.12944030761719,49.12944030761719,0.11794667690992355,0.11794667690992355,0.4732013940811157,0.4732013940811157,0.4088520109653473,0.4088520109653473,0.0,0.0,-1.757659912109375,-1.757659912109375,1.030624270439148,1.030624270439148,0.40264904499053955,0.40264904499053955,0.0,0.0,-0.07451818883419037,-0.07451818883419037,0.3281308710575104,0.3281308710575104,0.5500251054763794,0.5500251054763794,-0.3567286431789398,-0.3567286431789398,-0.023374903947114944,-0.023374903947114944,-59.21332931518555,-59.21332931518555,-40.93856430053711,-40.93856430053711,-25.778715133666992,-25.778715133666992,21.269546508789062,21.269546508789062,0.0,0.0,180.0
459,1.9124999999999999,0.35815504582188773,7.668429337248656,-144.78739933249798,0.35815504582188773,7.668429337248656,-144.78739933249798,5.0,-5.0,0.0,0.0,15.0,0,0.5,0.0,0.0,3.2,3.2,3.2,7.668426990509033,7.668428897857666,7.668429374694824,7.668429851531982,0.370170533657074,0.37114134430885315,-0.09828627109527588,0.2279251217842102,0.10178322345018387,0.10178322345018387,0.0,0.0,nan,nan,3.36846923828125,3.36846923828125,6.7369384765625,0.0,-0.4114980697631836,0.2739322781562805,0.0,0.0,0.0,0.2739322781562805,0.0,-0.4114980697631836,0.0,0.0,0.0,0.3671993315219879,-0.11036916077136993,-0.3120141923427582,0.0,0.0,0.0,0.0,-0.4114980697631836,0.2739322781562805,0.0,0.0,0.0,0.2739322781562805,0.0,-0.4114980697631836,-0.0,-0.0,-0.0,0.3671993613243103,0.1103692427277565,-0.3120141327381134,0.0,0.0,0.0,4.470348358154297e-08,0.0,0.6000000238418579,-7.450580596923828e-08,0.0559999942779541,0.5999999642372131,-5.21540641784668e-08,-0.055999934673309326,0.6000000238418579,0.7343987226486206,8.195638656616211e-08,-0.6240283250808716,0.0,0.0,0.0,-2.7939677238464355e-08,-8.93027021220405e-08,-1.862645149230957e-08,29.683975219726562,29.683975219726562,47.94109344482422,47.941097259521484,0.11794667690992355,0.11794667690992355,0.5015096664428711,0.5015096664428711,0.38054367899894714,0.38054367899894714,0.0,0.0,-1.6019785404205322,-1.6019785404205322,1.1904804706573486,1.1904804706573486,0.347722589969635,0.347722589969635,0.0,0.0,-0.07379033416509628,-0.07379033416509628,0.2739322781562805,0.2739322781562805,0.5500251054763794,0.5500251054763794,-0.3497360348701477,-0.3497360348701477,-0.009078867733478546,-0.009078867733478546,-55.155208587646484,-55.155208587646484,-38.623680114746094,-38.623680114746094,-23.447521209716797,-23.447521209716797,20.831748962402344,20.831748962402344,0.0,0.0,180.0
460,1.9166666666666667,0.3888133726897738,7.0389596743055804,-157.18130377938485,0.3888133726897738,7.0389596743055804,-157.18130377938485,5.0,-5.0,0.0,0.0,15.0,0,0.5,0.0,0.0,3.2,3.2,3.2,7.038958549499512,7.038959980010986,7.038959980010986,7.038959980010986,0.3981183171272278,0.39908406138420105,-0.7060448527336121,-0.3830636143684387,0.09342825412750244,0.09342825412750244,0.0,0.0,nan,nan,1.9550371170043945,1.9550371170043945,3.910074234008789,0.0,-0.07755878567695618,0.21924376487731934,0.0,0.0,0.0,0.21924376487731934,0.0,-0.07755878567695618,0.0,0.0,0.0,0.23093727231025696,-0.023082848638296127,-0.014776848256587982,0.0,0.0,0.0,0.0,-0.07755878567695618,0.21924376487731934,0.0,0.0,0.0,0.21924376487731934,0.0,-0.07755878567695618,-0.0,-0.0,-0.0,0.23093727231025696,0.023082861676812172,-0.01477684173732996,0.0,0.0,0.0,4.470348358154297e-08,0.0,0.6000000238418579,-1.1920928955078125e-07,0.0559999942779541,0.5999999642372131,7.450580596923828e-08,-0.0559999942779541,0.6000000238418579,0.4618745446205139,1.30385160446167e-08,-0.029553689062595367,0.0,0.0,0.0,-1.7462298274040222e-09,-1.574666441683803e-08,4.6566128730773926e-09,28.83502769470215,28.83502769470215,46.488494873046875,46.488494873046875,0.11794667690992355,0.11794667690992355,0.5438657999038696,0.5438657999038696,0.3381875455379486,0.3381875455379486,0.0,0.0,-1.420436143875122,-1.420436143875122,1.3428773880004883,1.3428773880004883,0.29232901334762573,0.29232901334762573,0.0,0.0,-0.0730852335691452,-0.0730852335691452,0.21924376487731934,0.21924376487731934,0.5500251054763794,0.5500251054763794,-0.3410501182079315,-0.3410501182079315,0.006357371807098389,0.006357371807098389,-50.702972412109375,-50.702972412109375,-36.07811737060547,-36.07811737060547,-20.886877059936523,-20.886877059936523,20.353044509887695,20.353044509887695,0.0,0.0,180.0
461,1.9208333333333334,0.4167444531102588,6.360116766732906,-168.47269431486825,0.4167444531102588,6.360116766732906,-168.47269431486825,5.0,-5.0,0.0,0.0,15.0,0,0.5,0.0,0.0,3.2,3.2,3.2,6.360117435455322,6.360116004943848,6.360117435455322,6.360117435455322,0.42326608300209045,0.42422014474868774,-1.3100528717041016,-0.9925918579101562,0.08441796153783798,0.08441796153783798,0.0,0.0,nan,nan,0.6767458319664001,0.6767458319664001,1.3534916639328003,0.0,0.27078408002853394,0.16644757986068726,0.0,0.0,0.0,0.16644757986068726,0.0,0.27078408002853394,0.0,0.0,0.0,0.09447649866342545,0.08777827769517899,0.2905133068561554,0.0,0.0,0.0,0.0,0.27078408002853394,0.16644757986068726,0.0,0.0,0.0,0.16644757986068726,0.0,0.27078408002853394,-0.0,-0.0,-0.0,0.09447649121284485,-0.08777832984924316,0.290513277053833,0.0,0.0,0.0,4.470348358154297e-08,0.0,0.6000000238418579,7.450580596923828e-09,0.056000083684921265,0.5999999642372131,-5.21540641784668e-08,-0.055999964475631714,0.6000000238418579,0.1889529824256897,-5.21540641784668e-08,0.581026554107666,0.0,0.0,0.0,4.0978193283081055e-08,3.332963061097871e-08,-6.51925802230835e-09,27.84942054748535,27.84942054748535,44.72383499145508,44.72383499145508,0.11794667690992355,0.11794667690992355,0.5998412370681763,0.5998412370681763,0.28221216797828674,0.28221216797828674,0.0,0.0,-1.2157520055770874,-1.2157520055770874,1.4865360260009766,1.4865360260009766,0.238876610994339,0.238876610994339,0.0,0.0,-0.07242901623249054,-0.07242901623249054,0.16644757986068726,0.16644757986068726,0.5500251054763794,0.5500251054763794,-0.3307207226753235,-0.3307207226753235,0.022836556658148766,0.022836556658148766,-45.8858757019043,-45.8858757019043,-33.31854248046875,-33.31854248046875,-18.11356544494629,-18.11356544494629,19.836793899536133,19.836793899536133,0.0,0.0,180.0
462,1.925,0.44175237062265427,5.636662209779136,-178.5823699471977,0.44175237062265427,5.636662209779136,-178.5823699471977,5.0,-5.0,0.0,0.0,15.0,0,0.5,0.0,0.0,3.2,3.2,3.2,5.636661052703857,5.636661529541016,5.636662483215332,5.636662483215332,0.4454384744167328,0.4463741183280945,-1.9059172868728638,-1.5962255001068115,0.074815534055233,0.074815534055233,0.0,0.0,nan,nan,-0.41913580894470215,-0.41913580894470215,-0.8382716178894043,0.0,0.629759669303894,0.11781476438045502,0.0,0.0,0.0,0.11781476438045502,0.0,0.629759669303894,0.0,0.0,0.0,-0.03902236372232437,0.218978151679039,0.6008356213569641,0.0,0.0,0.0,0.0,0.629759669303894,0.11781476438045502,0.0,0.0,0.0,0.11781476438045502,0.0,0.629759669303894,-0.0,-0.0,-0.0,-0.03902237117290497,-0.21897825598716736,0.6008355617523193,0.0,0.0,0.0,4.470348358154297e-08,0.0,0.6000000238418579,-7.450580596923828e-08,0.05600005388259888,0.5999999642372131,-7.450580596923828e-09,-0.055999934673309326,0.6000000238418579,-0.07804473489522934,-1.043081283569336e-07,1.2016711235046387,0.0,0.0,0.0,8.940696716308594e-08,1.0528711413826386e-07,-1.0477378964424133e-08,26.71609115600586,26.71609115600586,42.59206008911133,42.592063903808594,0.11794667690992355,0.11794667690992355,0.6680206060409546,0.6680206060409546,0.21403278410434723,0.21403278410434723,0.0,0.0,-0.9904357194900513,-0.9904357194900513,1.6201953887939453,1.6201953887939453,0.1896611750125885,0.1896611750125885,0.0,0.0,-0.07184641063213348,-0.07184641063213348,0.11781476438045502,0.11781476438045502,0.5500251054763794,0.5500251054763794,-0.31881067156791687,-0.31881067156791687,0.04025277495384216,0.04025277495384216,-40.73635482788086,-40.73635482788086,-30.363475799560547,-30.363475799560547,-15.146197319030762,-15.146197319030762,19.2866153717041,19.2866153717041,0.0,0.0,180.0
463,1.9291666666666667,0.46366171265377193,4.873670517359973,-187.4394185656032,0.46366171265377193,4.873670517359973,-187.4394185656032,5.0,-5.0,0.0,0.0,15.0,0,0.5,0.0,0.0,3.2,3.2,3.2,4.873668670654297,4.8736701011657715,4.87367057800293,4.87367057800293,0.4644804298877716,0.46539121866226196,-2.489358901977539,-2.1896255016326904,0.06468833237886429,0.06468833237886429,0.0,0.0,nan,nan,-1.292433500289917,-1.292433500289917,-2.584867000579834,0.0,0.9959956407546997,0.07544393092393875,0.0,0.0,0.0,0.07544393092393875,0.0,0.9959956407546997,0.0,0.0,0.0,-0.16680161654949188,0.3666996955871582,0.9140064120292664,0.0,0.0,0.0,0.0,0.9959956407546997,0.07544393092393875,0.0,0.0,0.0,0.07544393092393875,0.0,0.9959956407546997,-0.0,-0.0,-0.0,-0.1668016016483307,-0.36669987440109253,0.9140063524246216,0.0,0.0,0.0,4.470348358154297e-08,0.0,0.6000000238418579,-1.1175870895385742e-07,0.055999964475631714,0.5999999642372131,-1.4901161193847656e-08,-0.055999964475631714,0.6000000238418579,-0.3336032032966614,-1.7881393432617188e-07,1.8280127048492432,0.0,0.0,0.0,2.60770320892334e-08,2.0742862716360833e-07,-3.632158041000366e-08,25.425172805786133,25.425172805786133,40.03216552734375,40.03216552734375,0.11794667690992355,0.11794667690992355,0.7563843131065369,0.7563843131065369,0.12566909193992615,0.12566909193992615,0.0,0.0,-0.7466413974761963,-0.7466413974761963,1.7426371574401855,1.7426371574401855,0.1468040943145752,0.1468040943145752,0.0,0.0,-0.07136015594005585,-0.07136015594005585,0.07544393092393875,0.07544393092393875,0.5500251054763794,0.5500251054763794,-0.30539602041244507,-0.30539602041244507,0.05849137529730797,0.05849137529730797,-35.289794921875,-35.289794921875,-27.233154296875,-27.233154296875,-12.005098342895508,-12.005098342895508,18.706369400024414,18.706369400024414,0.0,0.0,180.0
464,1.9333333333333333,0.4823188009111028,4.076493527989032,-194.9817143378068,0.4823188009111028,4.076493527989032,-194.9817143378068,5.0,-5.0,0.0,0.0,15.0,0,0.5,0.0,0.0,3.2,3.2,3.2,4.076492786407471,4.076493740081787,4.076493740081787,4.076493740081787,0.4802587926387787,0.4811382591724396,-3.056248664855957,-2.768594264984131,0.05410738289356232,0.05410738289356232,0.0,0.0,nan,nan,-1.9110987186431885,-1.9110987186431885,-3.822197437286377,0.0,1.3666765689849854,0.04122874140739441,0.0,0.0,0.0,0.04122874140739441,0.0,1.3666765689849854,0.0,0.0,0.0,-0.2865642309188843,0.5267929434776306,1.2287696599960327,0.0,0.0,0.0,0.0,1.3666765689849854,0.04122874140739441,0.0,0.0,0.0,0.04122874140739441,0.0,1.3666765689849854,-0.0,-0.0,-0.0,-0.2865642309188843,-0.5267933011054993,1.2287695407867432,0.0,0.0,0.0,4.470348358154297e-08,0.0,0.6000000238418579,-1.341104507446289e-07,0.05600002408027649,0.5999999046325684,2.9802322387695312e-08,-0.055999964475631714,0.6000000238418579,-0.5731284618377686,-3.5762786865234375e-07,2.4575390815734863,0.0,0.0,0.0,1.4156103134155273e-07,2.7219235221309646e-07,-7.078051567077637e-08,23.969369888305664,23.969371795654297,36.980777740478516,36.980777740478516,0.11794667690992355,0.11794667690992355,0.8524252772331238,0.8524252772331238,0.029628142714500427,0.029628142714500427,0.0,0.0,-0.4860359728336334,-0.4860359728336334,1.852712631225586,1.852712631225586,0.11221913993358612,0.11221913993358612,0.0,0.0,-0.07099039852619171,-0.07099039852619171,0.04122874140739441,0.04122874140739441,0.5500251054763794,0.5500251054763794,-0.2905657887458801,-0.2905657887458801,0.07742945849895477,0.07742945849895477,-29.58440399169922,-29.58440399169922,-23.94947624206543,-23.94947624206543,-8.712244033813477,-8.712244033813477,18.10012435913086,18.10012435913086,0.0,0.0,180.0
465,1.9375,0.4975927693256241,3.2507228654757405,-201.15635347809982,0.4975927693256241,3.2507228654757405,-201.15635347809982,5.0,-5.0,0.0,0.0,15.0,0,0.5,0.0,0.0,3.2,3.2,3.2,3.250722885131836,3.2507216930389404,3.250722885131836,3.250722885131836,0.492662638425827,0.49350470304489136,-3.6026487350463867,-3.3291125297546387,0.04314691200852394,0.04314691200852394,0.0,0.0,nan,nan,-2.251502275466919,-2.251502275466919,-4.503004550933838,0.0,1.7396504878997803,0.016857273876667023,0.0,0.0,0.0,0.016857273876667023,0.0,1.7396504878997803,0.0,0.0,0.0,-0.3964793086051941,0.6949969530105591,1.5448144674301147,0.0,0.0,0.0,0.0,1.7396504878997803,0.016857273876667023,0.0,0.0,0.0,0.016857273876667023,0.0,1.7396504878997803,-0.0,-0.0,-0.0,-0.39647915959358215,-0.6949969530105591,1.5448143482208252,0.0,0.0,0.0,4.470348358154297e-08,0.0,0.6000000238418579,2.2351741790771484e-08,0.05600005388259888,0.6000000238418579,-4.470348358154297e-08,-0.055999964475631714,0.6000000238418579,-0.7929584980010986,0.0,3.0896286964416504,0.0,0.0,0.0,1.4901161193847656e-07,1.7264646601233835e-07,8.940696716308594e-08,22.345958709716797,22.34595489501953,33.37980270385742,33.37980270385742,0.11794667690992355,0.11794667690992355,0.8820533156394958,0.8820533156394958,0.0,0.0,0.0,0.0,-0.2097177803516388,-0.2097177803516388,1.9493682384490967,1.9493682384490967,0.08761175721883774,0.08761175721883774,0.0,0.0,-0.07075448334217072,-0.07075448334217072,0.016857273876667023,0.016857273876667023,0.5500251054763794,0.5500251054763794,-0.27442190051078796,-0.27442190051078796,0.09693636000156403,0.09693636000156403,-23.660898208618164,-23.660898208618164,-20.535818099975586,-20.535818099975586,-5.291072368621826,-5.291072368621826,17.472135543823242,17.472135543823242,0.0,0.0,180.0
466,1.9416666666666667,0.5093764819832375,2.402150717702291,-205.92002532938446,0.5093764819832375,2.402150717702291,-205.92002532938446,5.0,-5.0,0.0,0.0,15.0,0,0.5,0.0,0.0,3.2,3.2,3.2,2.4021499156951904,2.4021503925323486,2.4021506309509277,2.4021506309509277,0.5016039609909058,0.5024028420448303,-4.124851703643799,-3.867370128631592,0.03188379481434822,0.03188379481434822,0.0,0.0,nan,nan,-2.2980763912200928,-2.2980763912200928,-4.5961527824401855,0.0,2.113485336303711,0.0038374122232198715,0.0,0.0,0.0,0.0038374122232198715,0.0,2.113485336303711,0.0,0.0,0.0,-0.4951443374156952,0.8671173453330994,1.862733006477356,0.0,0.0,0.0,0.0,2.113485336303711,0.0038374122232198715,0.0,0.0,0.0,0.0038374122232198715,0.0,2.113485336303711,-0.0,-0.0,-0.0,-0.4951443672180176,-0.8671180009841919,1.8627327680587769,0.0,0.0,0.0,4.470348358154297e-08,0.0,0.6000000238418579,-1.341104507446289e-07,0.05600002408027649,0.5999999046325684,7.450580596923828e-09,-0.055999934673309326,0.6000000238418579,-0.9902887344360352,-6.556510925292969e-07,3.725465774536133,0.0,0.0,0.0,2.8312206268310547e-07,4.615006332642224e-07,-8.009374141693115e-08,20.559574127197266,20.5595760345459,29.190431594848633,29.190431594848633,0.11794667690992355,0.11794667690992355,0.8820533156394958,0.8820533156394958,0.0,0.0,0.0,0.0,0.08181404322385788,0.08181404322385788,2.0316715240478516,2.0316715240478516,0.0745038241147995,0.0745038241147995,0.0,0.0,-0.07066641002893448,-0.07066641002893448,0.0038374122232198715,0.0038374122232198715,0.5500251054763794,0.5500251054763794,-0.2570783793926239,-0.2570783793926239,0.11687438935041428,0.11687438935041428,-17.562204360961914,-17.562204360961914,-17.016862869262695,-17.016862869262695,-1.7663218975067139,-1.7663218975067139,16.82680892944336,16.82680892944336,0.0,0.0,180.0
467,1.9458333333333333,0.5175872846062352,1.5367292085871425,-209.23931615631722,0.5175872846062352,1.5367292085871425,-209.23931615631722,5.0,-5.0,0.0,0.0,15.0,0,0.5,0.0,0.0,3.2,3.2,3.2,1.5367289781570435,1.536728858947754,1.536729335784912,1.536729335784912,0.50701904296875,0.5077692270278931,-4.619392395019531,-4.379798889160156,0.020397039130330086,0.020397039130330086,0.0,0.0,nan,nan,-2.0424132347106934,-2.0424132347106934,-4.084826469421387,0.0,2.487452983856201,0.0035385126248002052,0.0,0.0,0.0,0.0035385126248002052,0.0,2.487452983856201,0.0,0.0,0.0,-0.581512987613678,1.0391387939453125,2.1839113235473633,0.0,0.0,0.0,0.0,2.487452983856201,0.0035385126248002052,0.0,0.0,0.0,0.0035385126248002052,0.0,2.487452983856201,-0.0,-0.0,-0.0,-0.5815131068229675,-1.0391391515731812,2.183911085128784,0.0,0.0,0.0,4.470348358154297e-08,0.0,0.6000000238418579,-1.043081283569336e-07,0.05600002408027649,0.5999999642372131,-1.1920928955078125e-07,-0.055999964475631714,0.5999999642372131,-1.1630260944366455,-3.5762786865234375e-07,4.367822647094727,0.0,0.0,0.0,1.4156103134155273e-07,7.527207799284952e-07,4.0978193283081055e-08,18.62598419189453,18.625988006591797,24.416597366333008,24.416616439819336,0.11794667690992355,0.11794667690992355,0.8820533156394958,0.8820533156394958,0.0,0.0,0.0,0.0,0.3886198103427887,0.3886198103427887,2.0988330841064453,2.0988330841064453,0.07427530735731125,0.07427530735731125,0.0,0.0,-0.07073679566383362,-0.07073679566383362,0.0035385126248002052,0.0035385126248002052,0.5500251054763794,0.5500251054763794,-0.2386607527732849,-0.2386607527732849,0.13709986209869385,0.13709986209869385,-11.333057403564453,-11.333057403564453,-13.418386459350586,-13.418386459350586,1.8361934423446655,1.8361934423446655,16.168664932250977,16.168664932250977,0.0,0.0,180.0
468,1.95,0.5221675843136716,0.6605286482120951,-211.0909435186549,0.5221675843136716,0.6605286482120951,-211.0909435186549,5.0,-5.0,0.0,0.0,15.0,0,0.5,0.0,0.0,3.2,3.2,3.2,0.6605283617973328,0.6605286598205566,0.6605286598205566,0.6605286598205566,0.5088680982589722,0.509564220905304,-5.083067893981934,-4.86307430267334,0.008767210878431797,0.008767210878431797,0.0,0.0,nan,nan,-1.482092261314392,-1.482092261314392,-2.964184522628784,0.0,2.861435890197754,0.017234567552804947,0.0,0.0,0.0,0.017234567552804947,0.0,2.861435890197754,0.0,0.0,0.0,-0.6548027396202087,1.207265853881836,2.5103495121002197,0.0,0.0,0.0,0.0,2.861435890197754,0.017234567552804947,0.0,0.0,0.0,0.017234567552804947,0.0,2.861435890197754,-0.0,-0.0,-0.0,-0.654802680015564,-1.2072665691375732,2.5103492736816406,0.0,0.0,0.0,4.470348358154297e-08,0.0,0.6000000238418579,-7.450580596923828e-08,0.05600002408027649,0.5999999642372131,7.450580596923828e-09,-0.055999964475631714,0.6000000238418579,-1.309605360031128,-7.152557373046875e-07,5.020698547363281,0.0,0.0,0.0,2.2351741790771484e-07,4.3180406805731764e-07,-5.960464477539063e-08,16.577594757080078,16.577594757080078,19.143943786621094,19.143943786621094,0.11794667690992355,0.11794667690992355,0.8820533156394958,0.8820533156394958,0.0,0.0,0.0,0.0,0.7112100124359131,0.7112100124359131,2.150225877761841,2.150225877761841,0.08820714801549911,0.08820714801549911,0.0,0.0,-0.07097258418798447,-0.07097258418798447,0.017234567552804947,0.017234567552804947,0.5500251054763794,0.5500251054763794,-0.2193046510219574,-0.2193046510219574,0.1574644297361374,0.1574644297361374,-5.019560813903809,-5.019560813903809,-9.766992568969727,-9.766992568969727,5.489840507507324,5.489840507507324,15.502325057983398,15.502325057983398,0.0,0.0,180.0
469,1.9541666666666666,0.5230852535940391,-0.22030504604098147,-211.46191958084287,0.5230852535940391,-0.22030504604098147,-211.46191958084287,5.0,-5.0,0.0,0.0,15.0,0,0.5,0.0,0.0,3.2,3.2,3.2,0.22030499577522278,0.22030504047870636,0.22030505537986755,0.22030505537986755,0.5071364045143127,0.507773756980896,-5.512950420379639,-5.314133644104004,-0.0029241135343909264,-0.0029241135343909264,0.0,0.0,nan,nan,-0.6195358633995056,-0.6195358633995056,-1.2390717267990112,0.0,3.2357661724090576,0.04613184928894043,0.0,0.0,0.0,0.04613184928894043,0.0,3.2357661724090576,0.0,0.0,0.0,-0.7144038677215576,1.3678911924362183,2.844435214996338,0.0,0.0,0.0,0.0,3.2357661724090576,0.04613184928894043,0.0,0.0,0.0,0.04613184928894043,0.0,3.2357661724090576,-0.0,-0.0,-0.0,-0.7144038081169128,-1.3678922653198242,2.844434976577759,0.0,0.0,0.0,4.470348358154297e-08,0.0,0.6000000238418579,-8.940696716308594e-08,0.05600002408027649,0.5999999642372131,1.4901161193847656e-08,-0.055999964475631714,0.6000000238418579,-1.4288077354431152,-1.0728836059570312e-06,5.688870429992676,0.0,0.0,0.0,2.682209014892578e-07,5.088210173198604e-07,-9.685754776000977e-08,14.4735689163208,14.473566055297852,15.14228343963623,15.14228343963623,0.8820533156394958,0.8820533156394958,0.11794667690992355,0.11794667690992355,0.0,0.0,0.0,0.0,1.0503664016723633,1.0503664016723633,2.1853995323181152,2.1853995323181152,0.11750885844230652,0.11750885844230652,0.0,0.0,-0.07137700915336609,-0.07137700915336609,0.04613184928894043,0.04613184928894043,0.5500251054763794,0.5500251054763794,-0.19915473461151123,-0.19915473461151123,0.17781640589237213,0.17781640589237213,1.3312814235687256,1.3312814235687256,-6.089845657348633,-6.089845657348633,9.167438507080078,9.167438507080078,14.8324613571167,14.8324613571167,0.0,0.0,180.0
470,1.9583333333333333,0.5203338556566809,-1.0995934586849634,-210.3496422123509,0.5203338556566809,-1.0995934586849634,-210.3496422123509,5.0,-5.0,0.0,0.0,15.0,0,0.5,0.0,0.0,3.2,3.2,3.2,1.0995932817459106,1.0995932817459106,1.0995935201644897,1.0995935201644897,0.5018335580825806,0.5024077296257019,-5.906364440917969,-5.730165958404541,-0.014594926498830318,-0.014594926498830318,0.0,0.0,nan,nan,0.5388026237487793,0.5388026237487793,1.0776052474975586,0.0,3.6110057830810547,0.09136626124382019,0.0,0.0,0.0,0.09136626124382019,0.0,3.6110057830810547,0.0,0.0,0.0,-0.7598087787628174,1.517511010169983,3.1886613368988037,0.0,0.0,0.0,0.0,3.6110057830810547,0.09136626124382019,0.0,0.0,0.0,0.09136626124382019,0.0,3.6110057830810547,-0.0,-0.0,-0.0,-0.7598087787628174,-1.5175114870071411,3.1886610984802246,0.0,0.0,0.0,4.470348358154297e-08,0.0,0.6000000238418579,-3.725290298461914e-08,0.05600002408027649,0.5999999642372131,-1.4901161193847656e-08,-0.055999964475631714,0.6000000238418579,-1.5196175575256348,-4.76837158203125e-07,6.377322196960449,0.0,0.0,0.0,2.980232238769531e-07,4.9667835355649e-07,1.1175870895385742e-08,12.42917251586914,12.429173469543457,15.713781356811523,15.713781356811523,0.8820533156394958,0.8820533156394958,0.11794667690992355,0.11794667690992355,0.0,0.0,0.0,0.0,1.406916618347168,1.406916618347168,2.2040891647338867,2.2040891647338867,0.16331566870212555,0.16331566870212555,0.0,0.0,-0.07194940745830536,-0.07194940745830536,0.09136626124382019,0.09136626124382019,0.5500251054763794,0.5500251054763794,-0.17836284637451172,-0.17836284637451172,0.19800248742103577,0.19800248742103577,7.672070026397705,7.672070026397705,-2.4143877029418945,-2.4143877029418945,12.841543197631836,12.841543197631836,14.163772583007812,14.163772583007812,0.0,0.0,180.0
471,1.9625,0.5139326895812504,-1.9711690132731545,-207.76191323974857,0.5139326895812504,-1.9711690132731545,-207.76191323974857,5.0,-5.0,0.0,0.0,15.0,0,0.5,0.0,0.0,3.2,3.2,3.2,1.9711685180664062,1.9711686372756958,1.9711689949035645,1.9711689949035645,0.49299490451812744,0.4935021698474884,-6.260899543762207,-6.108605861663818,-0.026163367554545403,-0.026163367554545403,0.0,0.0,nan,nan,1.9827196598052979,1.9827196598052979,3.9654393196105957,0.0,3.987701416015625,0.15396104753017426,0.0,0.0,0.0,0.15396104753017426,0.0,3.987701416015625,0.0,0.0,0.0,-0.7905728220939636,1.65261971950531,3.5453221797943115,0.0,0.0,0.0,0.0,3.987701416015625,0.15396104753017426,0.0,0.0,0.0,0.15396104753017426,0.0,3.987701416015625,-0.0,-0.0,-0.0,-0.7905726432800293,-1.6526206731796265,3.5453217029571533,0.0,0.0,0.0,4.470348358154297e-08,0.0,0.6000000238418579,-1.4901161193847656e-07,0.05600002408027649,0.5999999642372131,-1.4901161193847656e-08,-0.0559999942779541,0.6000000238418579,-1.5811455249786377,-9.5367431640625e-07,7.090643882751465,0.0,0.0,0.0,2.384185791015625e-07,9.452218705519044e-07,-1.8998980522155762e-07,10.723983764648438,10.723981857299805,16.287385940551758,16.28736114501953,0.8820533156394958,0.8820533156394958,0.11794667690992355,0.11794667690992355,0.0,0.0,0.0,0.0,1.7814826965332031,1.7814826965332031,2.2062184810638428,2.2062184810638428,0.22664621472358704,0.22664621472358704,0.0,0.0,-0.07268518209457397,-0.07268518209457397,0.15396104753017426,0.15396104753017426,0.5500251054763794,0.5500251054763794,-0.15708649158477783,-0.15708649158477783,0.21786943078041077,0.21786943078041077,13.955520629882812,13.955520629882812,1.2319629192352295,1.2319629192352295,16.484745025634766,16.484745025634766,13.50094985961914,13.50094985961914,0.0,0.0,180.0
472,1.9666666666666666,0.5039266549485352,-2.828918233516216,-203.71688372249807,0.5039266549485352,-2.828918233516216,-203.71688372249807,5.0,-5.0,0.0,0.0,15.0,0,0.5,0.0,0.0,3.2,3.2,3.2,2.8289177417755127,2.828918218612671,2.828917980194092,2.828917980194092,0.48068034648895264,0.48111703991889954,-6.5743865966796875,-6.447120666503906,-0.03754828870296478,-0.03754828870296478,0.0,0.0,nan,nan,3.69795560836792,3.69795560836792,7.39591121673584,0.0,4.366135120391846,0.2347445785999298,0.0,0.0,0.0,0.2347445785999298,0.0,4.366135120391846,0.0,0.0,0.0,-0.8063147664070129,1.769605040550232,3.916196584701538,0.0,0.0,0.0,0.0,4.366135120391846,0.2347445785999298,0.0,0.0,0.0,0.2347445785999298,0.0,4.366135120391846,-0.0,-0.0,-0.0,-0.8063149452209473,-1.7696057558059692,3.916196346282959,0.0,0.0,0.0,4.470348358154297e-08,0.0,0.6000000238418579,-4.470348358154297e-08,0.0559999942779541,0.5999999642372131,-2.2351741790771484e-08,-0.055999934673309326,0.6000000238418579,-1.6126296520233154,-7.152557373046875e-07,7.832392692565918,0.0,0.0,0.0,3.5762786865234375e-07,6.607967861782527e-07,0.0,9.860907554626465,9.860910415649414,16.860544204711914,16.860544204711914,0.8820533156394958,0.8820533156394958,0.11794667690992355,0.11794667690992355,0.0,0.0,0.0,0.0,2.174238920211792,2.174238920211792,2.1918957233428955,2.1918957233428955,0.3083202838897705,0.3083202838897705,0.0,0.0,-0.0735757052898407,-0.0735757052898407,0.2347445785999298,0.2347445785999298,0.5500251054763794,0.5500251054763794,-0.1354868859052658,-0.1354868859052658,0.2372659295797348,0.2372659295797348,20.134971618652344,20.134971618652344,4.822103500366211,4.822103500366211,20.069965362548828,20.069965362548828,12.848642349243164,12.848642349243164,0.0,0.0,180.0
473,1.9708333333333332,0.4903859369021577,-3.666824624926107,-198.24292663631314,0.4903859369021577,-3.666824624926107,-198.24292663631314,5.0,-5.0,0.0,0.0,15.0,0,0.5,0.0,0.0,3.2,3.2,3.2,3.6668245792388916,3.666822910308838,3.6668243408203125,3.6668245792388916,0.464974582195282,0.46533799171447754,-6.844898700714111,-6.743621826171875,-0.04866983741521835,-0.04866983741521835,0.0,0.0,nan,nan,5.665409088134766,5.665409088134766,11.330818176269531,0.0,4.7461090087890625,0.33423638343811035,0.0,0.0,0.0,0.33423638343811035,0.0,4.7461090087890625,0.0,0.0,0.0,-0.8067562580108643,1.8646842241287231,4.302250862121582,0.0,0.0,0.0,0.0,4.7461090087890625,0.33423638343811035,0.0,0.0,0.0,0.33423638343811035,0.0,4.7461090087890625,-0.0,-0.0,-0.0,-0.8067558407783508,-1.8646845817565918,4.302250385284424,0.0,0.0,0.0,4.470348358154297e-08,0.0,0.6000000238418579,1.4901161193847656e-08,0.05600005388259888,0.6000000238418579,-3.725290298461914e-08,-0.055999934673309326,0.6000000238418579,-1.6135120391845703,-3.5762786865234375e-07,8.604501724243164,0.0,0.0,0.0,5.364418029785156e-07,4.808139237866271e-07,2.1606683731079102e-07,9.915624618530273,9.91562557220459,17.430112838745117,17.430112838745117,0.8820533156394958,0.8820533156394958,0.11794667690992355,0.11794667690992355,0.0,0.0,0.0,0.0,2.5847015380859375,2.5847015380859375,2.161406993865967,2.161406993865967,0.40884464979171753,0.40884464979171753,0.0,0.0,-0.07460828870534897,-0.07460828870534897,0.33423638343811035,0.33423638343811035,0.5500251054763794,0.5500251054763794,-0.1137271523475647,-0.1137271523475647,0.25604432821273804,0.25604432821273804,26.164875030517578,26.164875030517578,8.329535484313965,8.329535484313965,23.570735931396484,23.570735931396484,12.211423873901367,12.211423873901367,0.0,0.0,180.0
474,1.9749999999999999,0.4734055138502227,-4.47901087620193,-191.37843785712136,0.4734055138502227,-4.47901087620193,-191.37843785712136,5.0,-5.0,0.0,0.0,15.0,0,0.5,0.0,0.0,3.2,3.2,3.2,4.479009628295898,4.479009628295898,4.479011535644531,4.479011058807373,0.44598644971847534,0.446274071931839,-7.070744514465332,-6.996225357055664,-0.05945000424981117,-0.05945000424981117,0.0,0.0,nan,nan,7.860108375549316,7.860108375549316,15.720216751098633,0.0,5.126777648925781,0.45251691341400146,0.0,0.0,0.0,0.45251691341400146,0.0,5.126777648925781,0.0,0.0,0.0,-0.7917836308479309,1.9339008331298828,4.703373908996582,0.0,0.0,0.0,0.0,5.126777648925781,0.45251691341400146,0.0,0.0,0.0,0.45251691341400146,0.0,5.126777648925781,-0.0,-0.0,-0.0,-0.791783332824707,-1.9339021444320679,4.703373908996582,0.0,0.0,0.0,4.470348358154297e-08,0.0,0.6000000238418579,-1.4156103134155273e-07,0.05600002408027649,0.5999999642372131,-9.685754776000977e-08,-0.055999934673309326,0.6000000238418579,-1.5835669040679932,-1.3113021850585938e-06,9.406747817993164,0.0,0.0,0.0,5.364418029785156e-07,1.5890800568740815e-06,0.0,10.541055679321289,10.541057586669922,18.992504119873047,18.992504119873047,0.8289155960083008,0.8289155960083008,0.1710844784975052,0.1710844784975052,0.0,0.0,0.0,0.0,3.011575937271118,3.011575937271118,2.115201950073242,2.115201950073242,0.5282832384109497,0.5282832384109497,0.0,0.0,-0.07576628774404526,-0.07576628774404526,0.45251691341400146,0.45251691341400146,0.5500251054763794,0.5500251054763794,-0.09197031706571579,-0.09197031706571579,0.2740624248981476,0.2740624248981476,32.00127029418945,32.00127029418945,11.728643417358398,11.728643417358398,26.96149253845215,26.96149253845215,11.593766212463379,11.593766212463379,0.0,0.0,180.0
475,1.9791666666666667,0.45310449126001745,-5.259780084346205,-183.1715668415784,0.45310449126001745,-5.259780084346205,-183.1715668415784,5.0,-5.0,0.0,0.0,15.0,0,0.5,0.0,0.0,3.2,3.2,3.2,5.25977897644043,5.259779453277588,5.259780406951904,5.259780406951904,0.4238588809967041,0.424068808555603,-7.2487897872924805,-7.201590061187744,-0.06981316953897476,-0.06981316953897476,0.0,0.0,nan,nan,10.198176383972168,10.198176383972168,20.396352767944336,0.0,5.491161823272705,0.5754849910736084,0.0,0.0,0.0,0.5754849910736084,0.0,5.491161823272705,0.0,0.0,0.0,-0.770959198474884,1.9676939249038696,5.10076904296875,0.0,0.0,0.0,0.0,5.491161823272705,0.5754849910736084,0.0,0.0,0.0,0.5754849910736084,0.0,5.491161823272705,-0.0,-0.0,-0.0,-0.770959198474884,-1.9676947593688965,5.100768566131592,0.0,0.0,0.0,4.470348358154297e-08,0.0,0.6000000238418579,-9.685754776000977e-08,0.05600002408027649,0.5999999642372131,-8.940696716308594e-08,-0.055999934673309326,0.6000000238418579,-1.541918396949768,-8.344650268554688e-07,10.2015380859375,0.0,0.0,0.0,5.960464477539062e-07,1.4520892364089377e-06,5.587935447692871e-08,11.446121215820312,11.446121215820312,23.393863677978516,23.393863677978516,0.7445049285888672,0.7445049285888672,0.2554951012134552,0.2554951012134552,0.0,0.0,0.004546067211776972,0.004546067211776972,3.4526617527008057,3.4526617527008057,2.0538744926452637,2.0538744926452637,0.6661278605461121,0.6661278605461121,0.0,0.0,-0.0770290344953537,-0.0770290344953537,0.5754849910736084,0.5754849910736084,0.5500251054763794,0.5500251054763794,-0.07037768512964249,-0.07037768512964249,0.2911852300167084,0.2911852300167084,37.60215759277344,37.60215759277344,14.994908332824707,14.994908332824707,30.217771530151367,30.217771530151367,11.000000953674316,11.000000953674316,0.0,0.0,180.0
476,1.9833333333333334,0.4296252662187545,-6.003655714345436,-173.6798788932324,0.4296252662187545,-6.003655714345436,-173.6798788932324,5.0,-5.0,0.0,0.0,15.0,0,0.5,0.0,0.0,3.2,3.2,3.2,6.003655910491943,6.003654479980469,6.003655910491943,6.003655910491943,0.3987651467323303,0.398895800113678,-7.374887943267822,-7.355319023132324,-0.07968664914369583,-0.07968664914369583,0.0,0.0,nan,nan,12.525253295898438,12.525253295898438,25.050506591796875,0.0,5.809873104095459,0.6725378036499023,0.0,0.0,0.0,0.6725378036499023,0.0,5.809873104095459,0.0,0.0,0.0,-0.7664875984191895,1.9539835453033447,5.459063529968262,0.0,0.0,0.0,0.0,5.809873104095459,0.6725378036499023,0.0,0.0,0.0,0.6725378036499023,0.0,5.809873104095459,-0.0,-0.0,-0.0,-0.766487181186676,-1.9539846181869507,5.459063529968262,0.0,0.0,0.0,4.470348358154297e-08,0.0,0.6000000238418579,-2.9802322387695312e-08,0.05600005388259888,0.5999999642372131,-8.940696716308594e-08,-0.05599987506866455,0.6000000238418579,-1.5329747200012207,-1.0728836059570312e-06,10.918127059936523,0.0,0.0,0.0,1.0728836059570312e-06,1.1845356766571058e-06,2.7567148208618164e-07,12.45530891418457,12.45531177520752,27.2468204498291,27.2468204498291,0.6546194553375244,0.6546194553375244,0.34538063406944275,0.34538063406944275,0.0,0.0,0.023084618151187897,0.023084618151187897,3.904836654663086,3.904836654663086,1.978142261505127,1.978142261505127,0.8211922645568848,0.8211922645568848,0.0,0.0,-0.07837232202291489,-0.07837232202291489,0.6725378036499023,0.6725378036499023,0.5500251054763794,0.5500251054763794,-0.04910697415471077,-0.04910697415471077,0.3072863221168518,0.3072863221168518,42.92790222167969,42.92790222167969,18.10515785217285,18.10515785217285,33.31647491455078,33.31647491455078,10.43429183959961,10.43429183959961,0.0,0.0,180.0
477,1.9875,0.403132528620293,-6.705420013129277,-162.9699513832704,0.403132528620293,-6.705420013129277,-162.9699513832704,5.0,-5.0,0.0,0.0,15.0,0,0.5,0.0,0.0,3.2,3.2,3.2,6.705420017242432,6.705419063568115,6.70542049407959,6.70542049407959,0.370892196893692,0.3709426820278168,-7.446378231048584,-7.454519271850586,-0.08900117874145508,-0.08900117874145508,0.0,0.0,nan,nan,14.70762825012207,14.70762825012207,29.41525650024414,0.0,6.064223289489746,0.7192525863647461,0.0,0.0,0.0,0.7192525863647461,0.0,6.064223289489746,0.0,0.0,0.0,-0.7968243956565857,1.8875319957733154,5.752775192260742,0.0,0.0,0.0,0.0,6.064223289489746,0.7192525863647461,0.0,0.0,0.0,0.7192525863647461,0.0,6.064223289489746,-0.0,-0.0,-0.0,-0.7968242764472961,-1.8875333070755005,5.752774715423584,0.0,0.0,0.0,4.470348358154297e-08,0.0,0.6000000238418579,-6.705522537231445e-08,0.05600005388259888,0.5999999642372131,-2.9802322387695312e-08,-0.055999964475631714,0.6000000238418579,-1.5936486721038818,-1.3113021850585938e-06,11.505550384521484,0.0,0.0,0.0,6.556510925292969e-07,1.1190322766196914e-06,7.450580596923828e-09,13.467970848083496,13.467973709106445,30.544343948364258,30.544349670410156,0.5998412370681763,0.5998412370681763,0.4001588523387909,0.4001588523387909,0.0,0.0,0.06213124841451645,0.06213124841451645,4.364091396331787,4.364091396331787,1.8888245820999146,1.8888245820999146,0.9915393590927124,0.9915393590927124,0.0,0.0,-0.0797685831785202,-0.0797685831785202,0.7192525863647461,0.7192525863647461,0.5500251054763794,0.5500251054763794,-0.02831096760928631,-0.02831096760928631,0.32224926352500916,0.32224926352500916,47.9415168762207,47.9415168762207,21.037723541259766,21.037723541259766,36.23600769042969,36.23600769042969,9.900609016418457,9.900609016418457,0.0,0.0,180.0
478,1.9916666666666667,0.3738121059838821,-7.360150608358645,-151.1169067581032,0.3738121059838821,-7.360150608358645,-151.1169067581032,5.0,-5.0,0.0,0.0,15.0,0,0.5,0.0,0.0,3.2,3.2,3.2,7.360148906707764,7.360150337219238,7.3601508140563965,7.3601508140563965,0.34042537212371826,0.3403951823711395,-7.4644246101379395,-7.500189781188965,-0.09769143164157867,-0.09769143164157867,0.0,0.0,nan,nan,16.74785614013672,16.74785614013672,33.49571228027344,0.0,6.267640113830566,0.7224792242050171,0.0,0.0,0.0,0.7224792242050171,0.0,6.267640113830566,0.0,0.0,0.0,-0.8578804135322571,1.7753887176513672,5.993106365203857,0.0,0.0,0.0,0.0,6.267640113830566,0.7224792242050171,0.0,0.0,0.0,0.7224792242050171,0.0,6.267640113830566,-0.0,-0.0,-0.0,-0.8578802347183228,-1.7753901481628418,5.993105888366699,0.0,0.0,0.0,4.470348358154297e-08,0.0,0.6000000238418579,-2.9802322387695312e-08,0.05600002408027649,0.5999999642372131,1.4901161193847656e-08,-0.055999964475631714,0.6000000238418579,-1.7157607078552246,-1.430511474609375e-06,11.986211776733398,0.0,0.0,0.0,4.76837158203125e-07,6.762633120160899e-07,-1.862645149230957e-08,14.427506446838379,14.427509307861328,33.324405670166016,33.324405670166016,0.557930588722229,0.557930588722229,0.4420694410800934,0.4420694410800934,0.0,0.0,0.11410718411207199,0.11410718411207199,4.825621604919434,4.825621604919434,1.7868167161941528,1.7868167161941528,1.1744575500488281,1.1744575500488281,0.0,0.0,-0.0811874270439148,-0.0811874270439148,0.7224792242050171,0.7224792242050171,0.5500251054763794,0.5500251054763794,-0.00813613086938858,-0.00813613086938858,0.33596837520599365,0.33596837520599365,52.6088752746582,52.6088752746582,23.77259063720703,23.77259063720703,38.956451416015625,38.956451416015625,9.402693748474121,9.402693748474121,0.0,0.0,180.0
479,1.9958333333333333,0.34186966000762453,-7.963255035331243,-138.2038856093767,0.34186966000762453,-7.963255035331243,-138.2038856093767,5.0,-5.0,0.0,0.0,15.0,0,0.5,0.0,0.0,3.2,3.2,3.2,7.963255405426025,7.963255882263184,7.963254928588867,7.963254928588867,0.30757272243499756,0.30746200680732727,-7.429779052734375,-7.49291467666626,-0.10569644719362259,-0.10569644719362259,0.0,0.0,nan,nan,18.644290924072266,18.644290924072266,37.28858184814453,0.0,6.426783561706543,0.6856058835983276,0.0,0.0,0.0,0.6856058835983276,0.0,6.426783561706543,0.0,0.0,0.0,-0.9472333788871765,1.622696876525879,6.184109210968018,0.0,0.0,0.0,0.0,6.426783561706543,0.6856058835983276,0.0,0.0,0.0,0.6856058835983276,0.0,6.426783561706543,-0.0,-0.0,-0.0,-0.9472336173057556,-1.6226974725723267,6.184109210968018,0.0,0.0,0.0,4.470348358154297e-08,0.0,0.6000000238418579,-2.2351741790771484e-08,0.05600005388259888,0.5999999642372131,7.450580596923828e-09,-0.0559999942779541,0.6000000238418579,-1.8944669961929321,-5.960464477539062e-07,12.368218421936035,0.0,0.0,0.0,4.76837158203125e-07,7.015123628661968e-07,-3.725290298461914e-09,15.303487777709961,15.303488731384277,35.64192581176758,35.64192581176758,0.5156482458114624,0.5156482458114624,0.4822954833507538,0.4822954833507538,0.002056337660178542,0.002056337660178542,0.17482061684131622,0.17482061684131622,5.283967971801758,5.283967971801758,1.6730680465698242,1.6730680465698242,1.3664886951446533,1.3664886951446533,0.0,0.0,-0.08259645849466324,-0.08259645849466324,0.6856058835983276,0.6856058835983276,0.5500251054763794,0.5500251054763794,0.011278410442173481,0.011278410442173481,0.3483498692512512,0.3483498692512512,56.898929595947266,56.898929595947266,26.291492462158203,26.291492462158203,41.45964431762695,41.45964431762695,8.944040298461914,8.944040298461914,0.0,0.0,180.0
