step,t,wing_q,wing_qd,wing_qdd,wing_q_R,wing_qd_R,wing_qdd_R,airspeed,v_air_wx,v_air_wy,v_air_wz,body_pitch_deg,mod_enabled,mod_delta,mod_mode,mod_smooth,mod_f_eff_hz,mod_fd_hz,mod_fu_hz,omega_w_norm_L,omega_w_norm_R,omega_c_norm_L,omega_c_norm_R,joint_pos_L,joint_pos_R,joint_vel_L,joint_vel_R,eta_tip_L,eta_tip_R,tau_twist_x_L,tau_twist_x_R,tau_hinge_L,tau_hinge_R,power_in_L,power_in_R,power_in_T,F_wang_x_L,F_wang_y_L,F_wang_z_L,tau_wang_x_L,tau_wang_y_L,tau_wang_z_L,F_link_x_L,F_link_y_L,F_link_z_L,tau_link_x_L,tau_link_y_L,tau_link_z_L,F_world_x_L,F_world_y_L,F_world_z_L,tau_world_x_L,tau_world_y_L,tau_world_z_L,F_wang_x_R,F_wang_y_R,F_wang_z_R,tau_wang_x_R,tau_wang_y_R,tau_wang_z_R,F_link_x_R,F_link_y_R,F_link_z_R,tau_link_x_R,tau_link_y_R,tau_link_z_R,F_world_x_R,F_world_y_R,F_world_z_R,tau_world_x_R,tau_world_y_R,tau_world_z_R,p_base_wx,p_base_wy,p_base_wz,p_wing_L_wx,p_wing_L_wy,p_wing_L_wz,p_wing_R_wx,p_wing_R_wy,p_wing_R_wz,F_world_x_T,F_world_y_T,F_world_z_T,tau_world_x_T,tau_world_y_T,tau_world_z_T,tau_world_x_T_about_base,tau_world_y_T_about_base,tau_world_z_T_about_base,aoa_mean_deg_L,aoa_mean_deg_R,aoa_max_deg_L,aoa_max_deg_R,aoa_frac_pre_L,aoa_frac_pre_R,aoa_frac_mid_L,aoa_frac_mid_R,aoa_frac_post_L,aoa_frac_post_R,del_sep_ratio_L,del_sep_ratio_R,del_Nc_L,del_Nc_R,del_Na_L,del_Na_R,del_Fx_suction_L,del_Fx_suction_R,del_Fx_camber_L,del_Fx_camber_R,del_Fx_friction_L,del_Fx_friction_R,del_Fx_total_L,del_Fx_total_R,del_k_mean_L,del_k_mean_R,del_alpha_prime_mean_L,del_alpha_prime_mean_R,del_alpha_le_mean_L,del_alpha_le_mean_R,del_alpha_tip_deg_L,del_alpha_tip_deg_R,del_alpha_prime_tip_deg_L,del_alpha_prime_tip_deg_R,del_alpha_le_tip_deg_L,del_alpha_le_tip_deg_R,del_theta_tip_deg_L,del_theta_tip_deg_R,mod_profile,mod_ff_amp,mod_ff_shift_deg
0,0.0,0.0,10.519560168692351,-0.0,0.0,10.519560168692351,-0.0,5.0,-5.0,0.0,0.0,12.0,0,0.5,0.0,0.0,3.2,3.2,3.2,10.519556045532227,10.519559860229492,10.519559860229492,10.519560813903809,0.0303034670650959,0.031026676297187805,4.857425689697266,5.111388206481934,0.13962633907794952,0.13962633907794952,0.0,0.0,nan,nan,14.002890586853027,14.002890586853027,28.005781173706055,0.0,-2.4895291328430176,0.28657329082489014,0.0,0.0,0.0,0.28657329082489014,0.0,-2.4895291328430176,0.0,0.0,0.0,0.7959718704223633,0.21536652743816376,-2.3664162158966064,0.0,0.0,0.0,0.0,-2.4895291328430176,0.28657329082489014,0.0,0.0,0.0,0.28657329082489014,0.0,-2.4895291328430176,-0.0,-0.0,-0.0,0.7959719896316528,-0.21536600589752197,-2.3664162158966064,0.0,0.0,0.0,2.9802322387695312e-08,5.820766091346741e-11,0.6000000238418579,-8.940696716308594e-08,0.05600005388259888,0.6000000238418579,4.470348358154297e-08,-0.055999964475631714,0.6000000238418579,1.5919438600540161,5.21540641784668e-07,-4.732832431793213,0.0,0.0,0.0,-2.086162567138672e-07,-2.4683643573553127e-07,-9.685754776000977e-08,30.720157623291016,30.72016143798828,51.65367126464844,51.65367889404297,0.16216474771499634,0.16216474771499634,0.3865005671977997,0.3865005671977997,0.45133471488952637,0.45133471488952637,0.10289160162210464,0.10289160162210464,-2.3977932929992676,-2.3977932929992676,-0.37098217010498047,-0.37098217010498047,0.6755634546279907,0.6755634546279907,0.0,0.0,-0.08119413256645203,-0.08119413256645203,0.28657329082489014,0.28657329082489014,0.5500251054763794,0.5500251054763794,-0.3276394307613373,-0.3276394307613373,-0.11819988489151001,-0.11819988489151001,-75.03823852539062,-75.03823852539062,-48.505104064941406,-48.505104064941406,-36.505104064941406,-36.505104064941406,20.0,20.0,0.0,0.0,180.0
1,0.004166666666666667,0.04378024763146746,10.482666590547439,-17.69855896388867,0.04378024763146746,10.482666590547439,-17.69855896388867,5.0,-5.0,0.0,0.0,12.0,0,0.5,0.0,0.0,3.2,3.2,3.2,10.482666969299316,10.482665061950684,10.482666969299316,10.482666969299316,0.07282542437314987,0.07359971851110458,4.408284664154053,4.678859233856201,0.1391366571187973,0.1391366571187973,0.0,0.0,nan,nan,13.65489387512207,13.65489387512207,27.30978775024414,0.0,-2.4357106685638428,0.2984921932220459,0.0,0.0,0.0,0.2984921932220459,0.0,-2.4357106685638428,0.0,0.0,0.0,0.797916829586029,0.10430653393268585,-2.318239212036133,0.0,0.0,0.0,0.0,-2.4357106685638428,0.2984921932220459,0.0,0.0,0.0,0.2984921932220459,0.0,-2.4357106685638428,-0.0,-0.0,-0.0,0.7979167103767395,-0.10430599749088287,-2.318239212036133,0.0,0.0,0.0,2.9802322387695312e-08,5.820766091346741e-11,0.6000000238418579,0.0,0.05600002408027649,0.6000000238418579,-7.450580596923828e-09,-0.055999964475631714,0.6000000238418579,1.5958335399627686,5.364418029785156e-07,-4.636478424072266,0.0,0.0,0.0,-1.341104507446289e-07,-1.5545005283001956e-07,-5.587935447692871e-08,30.692440032958984,30.69243812561035,51.6121711730957,51.6121711730957,0.16216474771499634,0.16216474771499634,0.3865005671977997,0.3865005671977997,0.45133471488952637,0.45133471488952637,0.10289160162210464,0.10289160162210464,-2.5241403579711914,-2.5241403579711914,-0.1942918449640274,-0.1942918449640274,0.6945055723190308,0.6945055723190308,0.0,0.0,-0.081118643283844,-0.081118643283844,0.2984921932220459,0.2984921932220459,0.5500251054763794,0.5500251054763794,-0.3345832824707031,-0.3345832824707031,-0.11550433188676834,-0.11550433188676834,-74.80229187011719,-74.80229187011719,-48.41332244873047,-48.41332244873047,-36.391788482666016,-36.391788482666016,19.97194480895996,19.97194480895996,0.0,0.0,180.0
2,0.008333333333333333,0.0872534082818647,10.37224463805539,-35.27297525304273,0.0872534082818647,10.37224463805539,-35.27297525304273,5.0,-5.0,0.0,0.0,12.0,0,0.5,0.0,0.0,3.2,3.2,3.2,10.372244834899902,10.372241973876953,10.372244834899902,10.372244834899902,0.11483742296695709,0.11565737426280975,3.9283628463745117,4.213652610778809,0.13767102360725403,0.13767102360725403,0.0,0.0,nan,nan,13.138277053833008,13.138277053833008,26.276554107666016,0.0,-2.3639440536499023,0.3253336548805237,0.0,0.0,0.0,0.3253336548805237,0.0,-2.3639440536499023,0.0,0.0,0.0,0.8097151517868042,-0.0015036483528092504,-2.244645357131958,0.0,0.0,0.0,0.0,-2.3639440536499023,0.3253336548805237,0.0,0.0,0.0,0.3253336548805237,0.0,-2.3639440536499023,-0.0,-0.0,-0.0,0.8097150921821594,0.0015041462611407042,-2.244645357131958,0.0,0.0,0.0,2.9802322387695312e-08,5.820766091346741e-11,0.6000000238418579,-7.450580596923828e-08,0.05600002408027649,0.6000000238418579,-5.960464477539063e-08,-0.055999934673309326,0.6000000238418579,1.6194303035736084,4.979083314538002e-07,-4.489290714263916,0.0,0.0,0.0,-1.9371509552001953e-07,-4.348216862126719e-07,-7.82310962677002e-08,30.58956527709961,30.589563369750977,51.4663200378418,51.46631622314453,0.16216474771499634,0.16216474771499634,0.40066051483154297,0.40066051483154297,0.43717479705810547,0.43717479705810547,0.0920536071062088,0.0920536071062088,-2.6114978790283203,-2.6114978790283203,-0.01595245487987995,-0.01595245487987995,0.6999051570892334,0.6999051570892334,0.0,0.0,-0.08089495450258255,-0.08089495450258255,0.3253336548805237,0.3253336548805237,0.5500251054763794,0.5500251054763794,-0.3398449420928955,-0.3398449420928955,-0.11119413375854492,-0.11119413375854492,-74.05267333984375,-74.05267333984375,-48.02378463745117,-48.02378463745117,-35.980865478515625,-35.980865478515625,19.887969970703125,19.887969970703125,0.0,0.0,180.0
3,0.0125,0.13011454896465202,10.189068841874873,-52.59997696439445,0.13011454896465202,10.189068841874873,-52.59997696439445,5.0,-5.0,0.0,0.0,12.0,0,0.5,0.0,0.0,3.2,3.2,3.2,10.189068794250488,10.189066886901855,10.189069747924805,10.189069747924805,0.15601707994937897,0.15687713027000427,3.4165797233581543,3.7144956588745117,0.13523972034454346,0.13523972034454346,0.0,0.0,nan,nan,12.26901912689209,12.26901912689209,24.53803825378418,0.0,-2.233710289001465,0.32290419936180115,0.0,0.0,0.0,0.32290419936180115,0.0,-2.233710289001465,0.0,0.0,0.0,0.7798225283622742,-0.09712855517864227,-2.115696668624878,0.0,0.0,0.0,0.0,-2.233710289001465,0.32290419936180115,0.0,0.0,0.0,0.32290419936180115,0.0,-2.233710289001465,-0.0,-0.0,-0.0,0.779822587966919,0.0971289798617363,-2.115696668624878,0.0,0.0,0.0,2.9802322387695312e-08,5.820766091346741e-11,0.6000000238418579,-2.9802322387695312e-08,0.05600005388259888,0.6000000238418579,-2.2351741790771484e-08,-0.055999964475631714,0.6000000238418579,1.559645175933838,4.246830940246582e-07,-4.231393337249756,0.0,0.0,0.0,-1.862645149230957e-07,-2.3644753355256398e-07,-6.332993507385254e-08,30.40932273864746,30.40932273864746,51.21076583862305,51.21076583862305,0.16216474771499634,0.16216474771499634,0.40066051483154297,0.40066051483154297,0.43717479705810547,0.43717479705810547,0.0920536071062088,0.0920536071062088,-2.659290075302124,-2.659290075302124,0.16305354237556458,0.16305354237556458,0.691534161567688,0.691534161567688,0.0,0.0,-0.08053116500377655,-0.08053116500377655,0.32290419936180115,0.32290419936180115,0.5500251054763794,0.5500251054763794,-0.34338799118995667,-0.34338799118995667,-0.10530014336109161,-0.10530014336109161,-72.7935791015625,-72.7935791015625,-47.33867263793945,-47.33867263793945,-35.27467346191406,-35.27467346191406,19.74866485595703,19.74866485595703,0.0,0.0,180.0
4,0.016666666666666666,0.17206302957362674,9.934424048604466,-69.55802763037225,0.17206302957362674,9.934424048604466,-69.55802763037225,5.0,-5.0,0.0,0.0,12.0,0,0.5,0.0,0.0,3.2,3.2,3.2,9.93442153930664,9.934420585632324,9.934423446655273,9.934423446655273,0.1961033046245575,0.19699741899967194,2.880990505218506,3.189445972442627,0.13185980916023254,0.13185980916023254,0.0,0.0,nan,nan,11.273716926574707,11.273716926574707,22.547433853149414,0.0,-2.08703875541687,0.33459872007369995,0.0,0.0,0.0,0.33459872007369995,0.0,-2.08703875541687,0.0,0.0,0.0,0.7596229314804077,-0.1781114935874939,-1.9644176959991455,0.0,0.0,0.0,0.0,-2.08703875541687,0.33459872007369995,0.0,0.0,0.0,0.33459872007369995,0.0,-2.08703875541687,-0.0,-0.0,-0.0,0.7596229314804077,0.1781119406223297,-1.964417576789856,0.0,0.0,0.0,2.9802322387695312e-08,5.820766091346741e-11,0.6000000238418579,-9.685754776000977e-08,0.055999964475631714,0.6000000238418579,-1.043081283569336e-07,-0.055999934673309326,0.6000000238418579,1.5192458629608154,4.470348358154297e-07,-3.928835391998291,0.0,0.0,0.0,-6.705522537231445e-08,-5.12261806306924e-07,-2.60770320892334e-08,30.147859573364258,30.147859573364258,50.836212158203125,50.836212158203125,0.16216474771499634,0.16216474771499634,0.4148221015930176,0.4148221015930176,0.42301318049430847,0.42301318049430847,0.08162510395050049,0.08162510395050049,-2.667684555053711,-2.667684555053711,0.341704398393631,0.341704398393631,0.6697961688041687,0.6697961688041687,0.0,0.0,-0.08004043996334076,-0.08004043996334076,0.33459872007369995,0.33459872007369995,0.5500251054763794,0.5500251054763794,-0.34518536925315857,-0.34518536925315857,-0.0978614017367363,-0.0978614017367363,-71.0322036743164,-71.0322036743164,-46.36188888549805,-46.36188888549805,-34.277259826660156,-34.277259826660156,19.555011749267578,19.555011749267578,0.0,0.0,180.0
5,0.020833333333333332,0.21280461165725864,9.61009640850693,-86.02817870989686,0.21280461165725864,9.61009640850693,-86.02817870989686,5.0,-5.0,0.0,0.0,12.0,0,0.5,0.0,0.0,3.2,3.2,3.2,9.610095024108887,9.61009407043457,9.610095977783203,9.610095977783203,0.23480167984962463,0.23572362959384918,2.3232007026672363,2.6399898529052734,0.1275550127029419,0.1275550127029419,0.0,0.0,nan,nan,10.088447570800781,10.088447570800781,20.176895141601562,0.0,-1.9051073789596558,0.3375093936920166,0.0,0.0,0.0,0.3375093936920166,0.0,-1.9051073789596558,0.0,0.0,0.0,0.7230781316757202,-0.23976221680641174,-1.7784876823425293,0.0,0.0,0.0,0.0,-1.9051073789596558,0.3375093936920166,0.0,0.0,0.0,0.3375093936920166,0.0,-1.9051073789596558,-0.0,-0.0,-0.0,0.7230781316757202,0.23976269364356995,-1.7784876823425293,0.0,0.0,0.0,2.9802322387695312e-08,5.820766091346741e-11,0.6000000238418579,-5.960464477539063e-08,0.05600005388259888,0.6000000238418579,-8.940696716308594e-08,-0.055999934673309326,0.6000000834465027,1.4461562633514404,4.76837158203125e-07,-3.5569753646850586,0.0,0.0,0.0,-2.2351741790771484e-07,-3.279226348240627e-07,-9.313225746154785e-08,29.7998104095459,29.7998104095459,50.329254150390625,50.329254150390625,0.17686083912849426,0.17686083912849426,0.4142872393131256,0.4142872393131256,0.4088520109653473,0.4088520109653473,0.07163921743631363,0.07163921743631363,-2.637561559677124,-2.637561559677124,0.5189313292503357,0.5189313292503357,0.6356925964355469,0.6356925964355469,0.0,0.0,-0.07944038510322571,-0.07944038510322571,0.3375093936920166,0.3375093936920166,0.5500251054763794,0.5500251054763794,-0.3452191650867462,-0.3452191650867462,-0.0889248326420784,-0.0889248326420784,-68.77867889404297,-68.77867889404297,-45.09904098510742,-45.09904098510742,-32.99436950683594,-32.99436950683594,19.308364868164062,19.308364868164062,0.0,0.0,180.0
6,0.025,0.25205352229001743,9.21836084694846,-101.89490392693271,0.25205352229001743,9.21836084694846,-101.89490392693271,5.0,-5.0,0.0,0.0,12.0,0,0.5,0.0,0.0,3.2,3.2,3.2,9.218360900878906,9.218358993530273,9.21835994720459,9.218360900878906,0.27184125781059265,0.2727847099304199,1.7472285032272339,2.070098638534546,0.12235549092292786,0.12235549092292786,0.0,0.0,nan,nan,8.756246566772461,8.756246566772461,17.512493133544922,0.0,-1.690088152885437,0.33104151487350464,0.0,0.0,0.0,0.33104151487350464,0.0,-1.690088152885437,0.0,0.0,0.0,0.6703983545303345,-0.27832818031311035,-1.5617573261260986,0.0,0.0,0.0,0.0,-1.690088152885437,0.33104151487350464,0.0,0.0,0.0,0.33104151487350464,0.0,-1.690088152885437,-0.0,-0.0,-0.0,0.6703983545303345,0.2783285677433014,-1.561757206916809,0.0,0.0,0.0,2.9802322387695312e-08,5.820766091346741e-11,0.6000000238418579,-1.4901161193847656e-08,0.05600002408027649,0.6000000238418579,-7.450580596923828e-08,-0.055999964475631714,0.6000000238418579,1.340796709060669,3.8743019104003906e-07,-3.1235146522521973,0.0,0.0,0.0,-9.685754776000977e-08,-2.3271996951734764e-07,-5.960464477539063e-08,29.358362197875977,29.35836410522461,49.671852111816406,49.67185974121094,0.17686083912849426,0.17686083912849426,0.4284450113773346,0.4284450113773346,0.3946942090988159,0.3946942090988159,0.06213124841451645,0.06213124841451645,-2.5704574584960938,-2.5704574584960938,0.6936150193214417,0.6936150193214417,0.5907623767852783,0.5907623767852783,0.0,0.0,-0.07875247299671173,-0.07875247299671173,0.33104151487350464,0.33104151487350464,0.5500251054763794,0.5500251054763794,-0.3434816300868988,-0.3434816300868988,-0.07854551076889038,-0.07854551076889038,-66.04624938964844,-66.04624938964844,-43.557525634765625,-43.557525634765625,-31.433547973632812,-31.433547973632812,19.010454177856445,19.010454177856445,0.0,0.0,180.0
7,0.029166666666666667,0.28953445856411764,8.761965107431775,-117.04690960430857,0.28953445856411764,8.761965107431775,-117.04690960430857,5.0,-5.0,0.0,0.0,12.0,0,0.5,0.0,0.0,3.2,3.2,3.2,8.761963844299316,8.761962890625,8.761964797973633,8.761964797973633,0.30696311593055725,0.3079216182231903,1.1572511196136475,1.4838964939117432,0.11629774421453476,0.11629774421453476,0.0,0.0,nan,nan,7.325468063354492,7.325468063354492,14.650936126708984,0.0,-1.4446325302124023,0.315110981464386,0.0,0.0,0.0,0.315110981464386,0.0,-1.4446325302124023,0.0,0.0,0.0,0.6024181246757507,-0.29113295674324036,-1.318556785583496,0.0,0.0,0.0,0.0,-1.4446325302124023,0.315110981464386,0.0,0.0,0.0,0.315110981464386,0.0,-1.4446325302124023,-0.0,-0.0,-0.0,0.6024181246757507,0.2911333441734314,-1.318556785583496,0.0,0.0,0.0,2.9802322387695312e-08,5.820766091346741e-11,0.6000000238418579,5.21540641784668e-08,0.056000083684921265,0.6000000238418579,-1.4901161193847656e-08,-0.055999934673309326,0.6000000238418579,1.2048362493515015,3.8743019104003906e-07,-2.637113571166992,0.0,0.0,0.0,-2.0116567611694336e-07,-2.9472040807831945e-08,-1.0803341865539551e-07,28.815385818481445,28.815385818481445,48.84086227416992,48.84086227416992,0.17686083912849426,0.17686083912849426,0.442595511674881,0.442595511674881,0.38054367899894714,0.38054367899894714,0.05313779413700104,0.05313779413700104,-2.468468427658081,-2.468468427658081,0.8645848035812378,0.8645848035812378,0.5369886755943298,0.5369886755943298,0.0,0.0,-0.07800103724002838,-0.07800103724002838,0.315110981464386,0.315110981464386,0.5500251054763794,0.5500251054763794,-0.339974969625473,-0.339974969625473,-0.06678640842437744,-0.06678640842437744,-62.851280212402344,-62.851280212402344,-41.74654769897461,-41.74654769897461,-29.604137420654297,-29.604137420654297,18.66337013244629,18.66337013244629,0.0,0.0,180.0
8,0.03333333333333333,0.32498451864161193,8.244110478149704,-131.3779153088987,0.32498451864161193,8.244110478149704,-131.3779153088987,5.0,-5.0,0.0,0.0,12.0,0,0.5,0.0,0.0,3.2,3.2,3.2,8.244109153747559,8.244109153747559,8.244110107421875,8.244110107421875,0.33993449807167053,0.3409012258052826,0.5595709681510925,0.8877114057540894,0.10942424833774567,0.10942424833774567,0.0,0.0,nan,nan,5.931056022644043,5.931056022644043,11.862112045288086,0.0,-1.1903667449951172,0.3062489628791809,0.0,0.0,0.0,0.3062489628791809,0.0,-1.1903667449951172,0.0,0.0,0.0,0.5400496125221252,-0.28106507658958435,-1.067759394645691,0.0,0.0,0.0,0.0,-1.1903667449951172,0.3062489628791809,0.0,0.0,0.0,0.3062489628791809,0.0,-1.1903667449951172,-0.0,-0.0,-0.0,0.5400496125221252,0.28106531500816345,-1.067759394645691,0.0,0.0,0.0,2.9802322387695312e-08,5.820766091346741e-11,0.6000000238418579,2.2351741790771484e-08,0.05600002408027649,0.6000000238418579,-5.960464477539063e-08,-0.055999964475631714,0.6000000238418579,1.0800992250442505,2.384185791015625e-07,-2.135518789291382,0.0,0.0,0.0,-6.332993507385254e-08,-1.0342055389855886e-07,-5.4016709327697754e-08,28.16154670715332,28.16154670715332,47.80735778808594,47.80735778808594,0.17686083912849426,0.17686083912849426,0.4708550274372101,0.4708550274372101,0.35228419303894043,0.35228419303894043,0.036845918744802475,0.036845918744802475,-2.3341426849365234,-2.3341426849365234,1.030624270439148,1.030624270439148,0.4766918122768402,0.4766918122768402,0.0,0.0,-0.07721249014139175,-0.07721249014139175,0.3062489628791809,0.3062489628791809,0.5500251054763794,0.5500251054763794,-0.3347128629684448,-0.3347128629684448,-0.05371897295117378,-0.05371897295117378,-59.21332931518555,-59.21332931518555,-39.67715072631836,-39.67715072631836,-27.517303466796875,-27.517303466796875,18.269546508789062,18.269546508789062,0.0,0.0,180.0
9,0.0375,0.3581550458218899,7.668429337248615,-144.78739933249884,0.3581550458218899,7.668429337248615,-144.78739933249884,5.0,-5.0,0.0,0.0,12.0,0,0.5,0.0,0.0,3.2,3.2,3.2,7.668428897857666,7.668426990509033,7.668429374694824,7.668429374694824,0.370510458946228,0.3714786767959595,-0.04379791021347046,0.28349900245666504,0.10178322345018387,0.10178322345018387,0.0,0.0,nan,nan,4.524198055267334,4.524198055267334,9.048396110534668,0.0,-0.9088667631149292,0.28370341658592224,0.0,0.0,0.0,0.28370341658592224,0.0,-0.9088667631149292,0.0,0.0,0.0,0.4595438241958618,-0.24376994371414185,-0.7974472045898438,0.0,0.0,0.0,0.0,-0.9088667631149292,0.28370341658592224,0.0,0.0,0.0,0.28370341658592224,0.0,-0.9088667631149292,-0.0,-0.0,-0.0,0.4595438539981842,0.24377010762691498,-0.7974472045898438,0.0,0.0,0.0,2.9802322387695312e-08,5.820766091346741e-11,0.6000000238418579,7.450580596923828e-09,0.05600002408027649,0.6000000238418579,-7.450580596923828e-08,-0.055999934673309326,0.6000000238418579,0.9190876483917236,1.6391277313232422e-07,-1.5948944091796875,0.0,0.0,0.0,-7.078051567077637e-08,-1.0100455938300001e-07,-5.960464477539063e-08,27.38654899597168,27.38654899597168,46.53596496582031,46.53596496582031,0.17686083912849426,0.17686083912849426,0.5130407214164734,0.5130407214164734,0.31009846925735474,0.31009846925735474,0.023084618151187897,0.023084618151187897,-2.1703362464904785,-2.1703362464904785,1.1904804706573486,1.1904804706573486,0.41240477561950684,0.41240477561950684,0.0,0.0,-0.0764143317937851,-0.0764143317937851,0.28370341658592224,0.28370341658592224,0.5500251054763794,0.5500251054763794,-0.3277202248573303,-0.3277202248573303,-0.039422933012247086,-0.039422933012247086,-55.155208587646484,-55.155208587646484,-37.36227035522461,-37.36227035522461,-25.186107635498047,-25.186107635498047,17.831748962402344,17.831748962402344,0.0,0.0,180.0
10,0.041666666666666664,0.3888133726897726,7.038959674305606,-157.1813037793844,0.3888133726897726,7.038959674305606,-157.1813037793844,5.0,-5.0,0.0,0.0,12.0,0,0.5,0.0,0.0,3.2,3.2,3.2,7.038959980010986,7.038959503173828,7.038959503173828,7.038959503173828,0.39849087595939636,0.39945387840270996,-0.6463235020637512,-0.3221508860588074,0.09342825412750244,0.09342825412750244,0.0,0.0,nan,nan,3.2416629791259766,3.2416629791259766,6.483325958251953,0.0,-0.6232374906539917,0.26232975721359253,0.0,0.0,0.0,0.26232975721359253,0.0,-0.6232374906539917,0.0,0.0,0.0,0.38030362129211426,-0.18548639118671417,-0.5274522304534912,0.0,0.0,0.0,0.0,-0.6232374906539917,0.26232975721359253,0.0,0.0,0.0,0.26232975721359253,0.0,-0.6232374906539917,-0.0,-0.0,-0.0,0.38030359148979187,0.18548646569252014,-0.5274522304534912,0.0,0.0,0.0,2.9802322387695312e-08,5.820766091346741e-11,0.6000000238418579,-4.470348358154297e-08,0.0559999942779541,0.6000000238418579,8.195638656616211e-08,-0.0559999942779541,0.6000000834465027,0.7606072425842285,7.450580596923828e-08,-1.0549044609069824,0.0,0.0,0.0,-1.1175870895385742e-08,1.0878384415491382e-08,2.0489096641540527e-08,26.479398727416992,26.479394912719727,44.98423385620117,44.984230041503906,0.1915258765220642,0.1915258765220642,0.5401012301445007,0.5401012301445007,0.26837289333343506,0.26837289333343506,0.004546067211776972,0.004546067211776972,-1.980057954788208,-1.980057954788208,1.3428773880004883,1.3428773880004883,0.3467501997947693,0.3467501997947693,0.0,0.0,-0.07563425600528717,-0.07563425600528717,0.26232975721359253,0.26232975721359253,0.5500251054763794,0.5500251054763794,-0.31903430819511414,-0.31903430819511414,-0.02398669347167015,-0.02398669347167015,-50.702972412109375,-50.702972412109375,-34.81670379638672,-34.81670379638672,-22.625465393066406,-22.625465393066406,17.353044509887695,17.353044509887695,0.0,0.0,180.0
11,0.04583333333333333,0.4167444531102595,6.360116766732891,-168.4726943148685,0.4167444531102595,6.360116766732891,-168.4726943148685,5.0,-5.0,0.0,0.0,12.0,0,0.5,0.0,0.0,3.2,3.2,3.2,6.360116004943848,6.360115051269531,6.360116958618164,6.360116958618164,0.4236419200897217,0.42459312081336975,-1.2498058080673218,-0.9311451315879822,0.08441796153783798,0.08441796153783798,0.0,0.0,nan,nan,1.8842790126800537,1.8842790126800537,3.7685580253601074,0.0,-0.2797703146934509,0.20742464065551758,0.0,0.0,0.0,0.20742464065551758,0.0,-0.2797703146934509,0.0,0.0,0.0,0.2579183876514435,-0.09069126844406128,-0.21575358510017395,0.0,0.0,0.0,0.0,-0.2797703146934509,0.20742464065551758,0.0,0.0,0.0,0.20742464065551758,0.0,-0.2797703146934509,-0.0,-0.0,-0.0,0.2579183876514435,0.09069131314754486,-0.21575358510017395,0.0,0.0,0.0,2.9802322387695312e-08,5.820766091346741e-11,0.6000000238418579,-5.21540641784668e-08,0.0559999942779541,0.6000000238418579,-8.940696716308594e-08,-0.055999964475631714,0.6000000238418579,0.515836775302887,4.470348358154297e-08,-0.4315071702003479,0.0,0.0,0.0,-6.51925802230835e-09,-4.3402216931553994e-08,-1.1175870895385742e-08,25.428874969482422,25.42887306213379,43.102203369140625,43.102203369140625,0.1915258765220642,0.1915258765220642,0.5944413542747498,0.5944413542747498,0.21403278410434723,0.21403278410434723,0.0,0.0,-1.7663062810897827,-1.7663062810897827,1.4865360260009766,1.4865360260009766,0.2823239266872406,0.2823239266872406,0.0,0.0,-0.07489929348230362,-0.07489929348230362,0.20742464065551758,0.20742464065551758,0.5500251054763794,0.5500251054763794,-0.30870485305786133,-0.30870485305786133,-0.00750750582665205,-0.00750750582665205,-45.8858757019043,-45.8858757019043,-32.057132720947266,-32.057132720947266,-19.85215187072754,-19.85215187072754,16.836793899536133,16.836793899536133,0.0,0.0,180.0
12,0.05,0.44175237062265427,5.636662209779135,-178.5823699471977,0.44175237062265427,5.636662209779135,-178.5823699471977,5.0,-5.0,0.0,0.0,12.0,0,0.5,0.0,0.0,3.2,3.2,3.2,5.636660099029541,5.636661052703857,5.636662006378174,5.636662006378174,0.4458081126213074,0.446740984916687,-1.8466615676879883,-1.5357905626296997,0.074815534055233,0.074815534055233,0.0,0.0,nan,nan,0.6426632404327393,0.6426632404327393,1.2853264808654785,0.0,0.0882977768778801,0.1473601758480072,0.0,0.0,0.0,0.1473601758480072,0.0,0.0882977768778801,0.0,0.0,0.0,0.1269274652004242,0.030702628195285797,0.11161670088768005,0.0,0.0,0.0,0.0,0.0882977768778801,0.1473601758480072,0.0,0.0,0.0,0.1473601758480072,0.0,0.0882977768778801,-0.0,-0.0,-0.0,0.1269274652004242,-0.030702654272317886,0.11161669343709946,0.0,0.0,0.0,2.9802322387695312e-08,5.820766091346741e-11,0.6000000238418579,-1.1175870895385742e-07,0.05600005388259888,0.6000000238418579,-2.2351741790771484e-08,-0.055999964475631714,0.6000000238418579,0.2538549304008484,-2.60770320892334e-08,0.2232334017753601,0.0,0.0,0.0,1.0244548320770264e-08,2.16218403181756e-08,-1.3969838619232178e-08,24.224254608154297,24.224254608154297,40.83285140991211,40.83285140991211,0.20615608990192413,0.20615608990192413,0.6562954783439636,0.6562954783439636,0.13754841685295105,0.13754841685295105,0.0,0.0,-1.531897783279419,-1.531897783279419,1.6201953887939453,1.6201953887939453,0.2215951830148697,0.2215951830148697,0.0,0.0,-0.07423502206802368,-0.07423502206802368,0.1473601758480072,0.1473601758480072,0.5500251054763794,0.5500251054763794,-0.2967948317527771,-0.2967948317527771,0.0099087068811059,0.0099087068811059,-40.73635482788086,-40.73635482788086,-29.102060317993164,-29.102060317993164,-16.884780883789062,-16.884780883789062,16.2866153717041,16.2866153717041,0.0,0.0,180.0
13,0.05416666666666667,0.46366171265377154,4.873670517359991,-187.43941856560303,0.46366171265377154,4.873670517359991,-187.43941856560303,5.0,-5.0,0.0,0.0,12.0,0,0.5,0.0,0.0,3.2,3.2,3.2,4.873669147491455,4.873669147491455,4.87367057800293,4.87367057800293,0.4648441672325134,0.46575209498405457,-2.4310598373413086,-2.13016676902771,0.06468833237886429,0.06468833237886429,0.0,0.0,nan,nan,-0.3780896067619324,-0.3780896067619324,-0.7561792135238647,0.0,0.4633260667324066,0.09316865354776382,0.0,0.0,0.0,0.09316865354776382,0.0,0.4633260667324066,0.0,0.0,0.0,0.0015685046091675758,0.17058458924293518,0.44073787331581116,0.0,0.0,0.0,0.0,0.4633260667324066,0.09316865354776382,0.0,0.0,0.0,0.09316865354776382,0.0,0.4633260667324066,-0.0,-0.0,-0.0,0.0015685235848650336,-0.17058470845222473,0.44073784351348877,0.0,0.0,0.0,2.9802322387695312e-08,5.820766091346741e-11,0.6000000238418579,-9.685754776000977e-08,0.05600005388259888,0.6000000238418579,-5.21540641784668e-08,-0.055999934673309326,0.6000000238418579,0.0031370283104479313,-1.1920928955078125e-07,0.8814756870269775,0.0,0.0,0.0,5.4016709327697754e-08,9.194508265863988e-08,-6.759364623576403e-09,22.856346130371094,22.856342315673828,38.1137809753418,38.1137809753418,0.22074872255325317,0.22074872255325317,0.726113498210907,0.726113498210907,0.05313779413700104,0.05313779413700104,0.0,0.0,-1.279310941696167,-1.279310941696167,1.7426371574401855,1.7426371574401855,0.16683363914489746,0.16683363914489746,0.0,0.0,-0.07366497814655304,-0.07366497814655304,0.09316865354776382,0.09316865354776382,0.5500251054763794,0.5500251054763794,-0.2833802103996277,-0.2833802103996277,0.02814730815589428,0.02814730815589428,-35.289794921875,-35.289794921875,-25.971742630004883,-25.971742630004883,-13.743685722351074,-13.743685722351074,15.706368446350098,15.706368446350098,0.0,0.0,180.0
14,0.058333333333333334,0.48231880091110346,4.076493527988999,-194.9817143378071,0.48231880091110346,4.076493527988999,-194.9817143378071,5.0,-5.0,0.0,0.0,12.0,0,0.5,0.0,0.0,3.2,3.2,3.2,4.0764923095703125,4.076493740081787,4.076493740081787,4.076493740081787,0.4806169867515564,0.4814937114715576,-2.998837471008301,-2.71004056930542,0.05410738289356232,0.05410738289356232,0.0,0.0,nan,nan,-1.1440224647521973,-1.1440224647521973,-2.2880449295043945,0.0,0.8421628475189209,0.046856749802827835,0.0,0.0,0.0,0.046856749802827835,0.0,0.8421628475189209,0.0,0.0,0.0,-0.11573216319084167,0.3246162235736847,0.7698469161987305,0.0,0.0,0.0,0.0,0.8421628475189209,0.046856749802827835,0.0,0.0,0.0,0.046856749802827835,0.0,0.8421628475189209,-0.0,-0.0,-0.0,-0.11573216319084167,-0.3246164321899414,0.7698467969894409,0.0,0.0,0.0,2.9802322387695312e-08,5.820766091346741e-11,0.6000000238418579,-1.341104507446289e-07,0.05600002408027649,0.6000000238418579,1.4901161193847656e-08,-0.05600002408027649,0.6000000834465027,-0.23146432638168335,-2.086162567138672e-07,1.5396937131881714,0.0,0.0,0.0,2.60770320892334e-08,1.3076117966193124e-07,-4.842877388000488e-08,21.31908416748047,21.31908416748047,34.881690979003906,34.881690979003906,0.23530198633670807,0.23530198633670807,0.7646980285644531,0.7646980285644531,0.0,0.0,0.0,0.0,-1.010549783706665,-1.010549783706665,1.852712631225586,1.852712631225586,0.12006686627864838,0.12006686627864838,0.0,0.0,-0.07321010529994965,-0.07321010529994965,0.046856749802827835,0.046856749802827835,0.5500251054763794,0.5500251054763794,-0.26854994893074036,-0.26854994893074036,0.04708539694547653,0.04708539694547653,-29.58440399169922,-29.58440399169922,-22.68806266784668,-22.68806266784668,-10.450830459594727,-10.450830459594727,15.10012435913086,15.10012435913086,0.0,0.0,180.0
15,0.0625,0.49759276932562435,3.2507228654757254,-201.1563534780999,0.49759276932562435,3.2507228654757254,-201.1563534780999,5.0,-5.0,0.0,0.0,12.0,0,0.5,0.0,0.0,3.2,3.2,3.2,3.250722646713257,3.2507224082946777,3.250722885131836,3.250722885131836,0.493015855550766,0.4938552677631378,-3.546020746231079,-3.2713561058044434,0.04314691200852394,0.04314691200852394,0.0,0.0,nan,nan,-1.63008713722229,-1.63008713722229,-3.26017427444458,0.0,1.2223224639892578,0.010183332487940788,0.0,0.0,0.0,0.010183332487940788,0.0,1.2223224639892578,0.0,0.0,0.0,-0.2230125367641449,0.4883224368095398,1.0981723070144653,0.0,0.0,0.0,0.0,1.2223224639892578,0.010183332487940788,0.0,0.0,0.0,0.010183332487940788,0.0,1.2223224639892578,-0.0,-0.0,-0.0,-0.2230125367641449,-0.4883226752281189,1.0981721878051758,0.0,0.0,0.0,2.9802322387695312e-08,5.820766091346741e-11,0.6000000238418579,7.450580596923828e-09,0.05600002408027649,0.6000000238418579,5.21540641784668e-08,-0.055999934673309326,0.6000000834465027,-0.4460250735282898,-2.384185791015625e-07,2.1963443756103516,0.0,0.0,0.0,1.341104507446289e-07,-1.329258125792876e-08,-2.7939677238464355e-09,19.611724853515625,19.611726760864258,31.081329345703125,31.081329345703125,0.26428744196891785,0.26428744196891785,0.7357125878334045,0.7357125878334045,0.0,0.0,0.0,0.0,-0.7270458936691284,-0.7270458936691284,1.9493682384490967,1.9493682384490967,0.08307168632745743,0.08307168632745743,0.0,0.0,-0.07288835942745209,-0.07288835942745209,0.010183332487940788,0.010183332487940788,0.5500251054763794,0.5500251054763794,-0.2524060606956482,-0.2524060606956482,0.06659229844808578,0.06659229844808578,-23.660898208618164,-23.660898208618164,-19.274402618408203,-19.274402618408203,-7.02965784072876,-7.02965784072876,14.472136497497559,14.472136497497559,0.0,0.0,180.0
16,0.06666666666666667,0.5093764819832374,2.4021507177022965,-205.9200253293844,0.5093764819832374,2.4021507177022965,-205.9200253293844,5.0,-5.0,0.0,0.0,12.0,0,0.5,0.0,0.0,3.2,3.2,3.2,2.4021506309509277,2.4021506309509277,2.4021506309509277,2.4021506309509277,0.5019533038139343,0.5027493834495544,-4.068864345550537,-3.8102686405181885,0.03188379481434822,0.03188379481434822,0.0,0.0,nan,nan,-1.819875955581665,-1.819875955581665,-3.63975191116333,0.0,1.6020572185516357,-0.015319506637752056,0.0,0.0,0.0,-0.015319506637752056,0.0,1.6020572185516357,0.0,0.0,0.0,-0.318745881319046,0.6572895050048828,1.4259010553359985,0.0,0.0,0.0,0.0,1.6020572185516357,-0.015319506637752056,0.0,0.0,0.0,-0.015319506637752056,0.0,1.6020572185516357,-0.0,-0.0,-0.0,-0.318745881319046,-0.6572899222373962,1.425900936126709,0.0,0.0,0.0,2.9802322387695312e-08,5.820766091346741e-11,0.6000000238418579,-7.450580596923828e-08,0.05600002408027649,0.6000000238418579,7.450580596923828e-09,-0.055999934673309326,0.6000000238418579,-0.637491762638092,-4.172325134277344e-07,2.851801872253418,0.0,0.0,0.0,1.341104507446289e-07,1.8060443096601375e-07,-2.60770320892334e-08,17.741853713989258,17.741853713989258,26.6810359954834,26.681020736694336,0.3217938542366028,0.3217938542366028,0.678206205368042,0.678206205368042,0.0,0.0,0.0,0.0,-0.42961424589157104,-0.42961424589157104,2.0316715240478516,2.0316715240478516,0.05739481747150421,0.05739481747150421,0.0,0.0,-0.07271432876586914,-0.07271432876586914,-0.015319506637752056,-0.015319506637752056,0.5500251054763794,0.5500251054763794,-0.23506256937980652,-0.23506256937980652,0.08653030544519424,0.08653030544519424,-17.562206268310547,-17.562206268310547,-15.755450248718262,-15.755450248718262,-3.504908800125122,-3.504908800125122,13.826807022094727,13.826807022094727,0.0,0.0,180.0
17,0.07083333333333333,0.5175872846062355,1.5367292085870927,-209.23931615631736,0.5175872846062355,1.5367292085870927,-209.23931615631736,5.0,-5.0,0.0,0.0,12.0,0,0.5,0.0,0.0,3.2,3.2,3.2,1.536728858947754,1.536728858947754,1.5367292165756226,1.5367292165756226,0.5073654651641846,0.5081128478050232,-4.563878059387207,-4.323179244995117,0.020397039130330086,0.020397039130330086,0.0,0.0,nan,nan,-1.7047626972198486,-1.7047626972198486,-3.4095253944396973,0.0,1.9803595542907715,-0.028304435312747955,0.0,0.0,0.0,-0.028304435312747955,0.0,1.9803595542907715,0.0,0.0,0.0,-0.40177613496780396,0.8272994160652161,1.7540743350982666,0.0,0.0,0.0,0.0,1.9803595542907715,-0.028304435312747955,0.0,0.0,0.0,-0.028304435312747955,0.0,1.9803595542907715,-0.0,-0.0,-0.0,-0.40177610516548157,-0.8272997140884399,1.754074215888977,0.0,0.0,0.0,2.9802322387695312e-08,5.820766091346741e-11,0.6000000238418579,-9.685754776000977e-08,0.056000083684921265,0.6000000238418579,-1.341104507446289e-07,-0.055999934673309326,0.6000000238418579,-0.8035522699356079,-2.980232238769531e-07,3.508148670196533,0.0,0.0,0.0,2.682209014892578e-07,5.096860036246653e-07,9.313225746154785e-08,15.729498863220215,15.729498863220215,21.69786262512207,21.69786262512207,0.43548205494880676,0.43548205494880676,0.5645179748535156,0.5645179748535156,0.0,0.0,0.0,0.0,-0.11847339570522308,-0.11847339570522308,2.0988330841064453,2.0988330841064453,0.044394686818122864,0.044394686818122864,0.0,0.0,-0.07269912958145142,-0.07269912958145142,-0.028304435312747955,-0.028304435312747955,0.5500251054763794,0.5500251054763794,-0.21664491295814514,-0.21664491295814514,0.1067558005452156,0.1067558005452156,-11.333057403564453,-11.333057403564453,-12.156973838806152,-12.156973838806152,0.09760631620883942,0.09760631620883942,13.168664932250977,13.168664932250977,0.0,0.0,180.0
18,0.075,0.5221675843136717,0.6605286482120658,-211.09094351865497,0.5221675843136717,0.6605286482120658,-211.09094351865497,5.0,-5.0,0.0,0.0,12.0,0,0.5,0.0,0.0,3.2,3.2,3.2,0.6605286598205566,0.6605285406112671,0.6605286598205566,0.6605286598205566,0.5092127919197083,0.5099062323570251,-5.027831077575684,-4.806737899780273,0.008767210878431797,0.008767210878431797,0.0,0.0,nan,nan,-1.2826855182647705,-1.2826855182647705,-2.565371036529541,0.0,2.356888771057129,-0.027560193091630936,0.0,0.0,0.0,-0.027560193091630936,0.0,2.356888771057129,0.0,0.0,0.0,-0.47123241424560547,0.994392991065979,2.0844199657440186,0.0,0.0,0.0,0.0,2.356888771057129,-0.027560193091630936,0.0,0.0,0.0,-0.027560193091630936,0.0,2.356888771057129,-0.0,-0.0,-0.0,-0.47123226523399353,-0.9943932890892029,2.0844199657440186,0.0,0.0,0.0,2.9802322387695312e-08,5.820766091346741e-11,0.6000000238418579,2.2351741790771484e-08,0.05600005388259888,0.6000000238418579,0.0,-0.055999964475631714,0.6000000238418579,-0.9424647092819214,-2.980232238769531e-07,4.168839931488037,0.0,0.0,0.0,1.862645149230957e-07,7.765069653942192e-08,7.264316082000732e-08,13.613553047180176,13.613551139831543,16.239486694335938,16.239486694335938,0.837850034236908,0.837850034236908,0.1621500849723816,0.1621500849723816,0.0,0.0,0.0,0.0,0.20666280388832092,0.20666280388832092,2.150225877761841,2.150225877761841,0.04528995603322983,0.04528995603322983,0.0,0.0,-0.07285015285015106,-0.07285015285015106,-0.027560193091630936,-0.027560193091630936,0.5500251054763794,0.5500251054763794,-0.19728884100914001,-0.19728884100914001,0.12712036073207855,0.12712036073207855,-5.019560813903809,-5.019560813903809,-8.505578994750977,-8.505578994750977,3.751253604888916,3.751253604888916,12.502325057983398,12.502325057983398,0.0,0.0,180.0
19,0.07916666666666666,0.5230852535940391,-0.22030504604099224,-211.46191958084287,0.5230852535940391,-0.22030504604099224,-211.46191958084287,5.0,-5.0,0.0,0.0,12.0,0,0.5,0.0,0.0,3.2,3.2,3.2,0.22030504047870636,0.22030498087406158,0.22030504047870636,0.22030504047870636,0.5074805617332458,0.508115291595459,-5.4577789306640625,-5.257864952087402,-0.0029241135343909264,-0.0029241135343909264,0.0,0.0,nan,nan,-0.5568866729736328,-0.5568866729736328,-1.1137733459472656,0.0,2.731822967529297,-0.011972621083259583,0.0,0.0,0.0,-0.011972621083259583,0.0,2.731822967529297,0.0,0.0,0.0,-0.5264405608177185,1.1548540592193604,2.419126510620117,0.0,0.0,0.0,0.0,2.731822967529297,-0.011972621083259583,0.0,0.0,0.0,-0.011972621083259583,0.0,2.731822967529297,-0.0,-0.0,-0.0,-0.5264403223991394,-1.154854416847229,2.419126272201538,0.0,0.0,0.0,2.9802322387695312e-08,5.820766091346741e-11,0.6000000238418579,-3.725290298461914e-08,0.05600002408027649,0.6000000238418579,-2.2351741790771484e-08,-0.055999934673309326,0.6000000238418579,-1.052880883216858,-3.5762786865234375e-07,4.838253021240234,0.0,0.0,0.0,2.384185791015625e-07,2.8838235266448464e-07,4.284083843231201e-08,11.466571807861328,11.466565132141113,12.14219856262207,12.14219856262207,1.0,1.0,0.0,0.0,0.0,0.0,0.0,0.0,0.5464234948158264,0.5464234948158264,2.1853995323181152,2.1853995323181152,0.061198294162750244,0.061198294162750244,0.0,0.0,-0.07317091524600983,-0.07317091524600983,-0.011972621083259583,-0.011972621083259583,0.5500251054763794,0.5500251054763794,-0.17713890969753265,-0.17713890969753265,0.1474723219871521,0.1474723219871521,1.3312814235687256,1.3312814235687256,-4.828432559967041,-4.828432559967041,7.428852081298828,7.428852081298828,11.8324613571167,11.8324613571167,0.0,0.0,180.0
20,0.08333333333333333,0.5203338556566807,-1.0995934586850276,-210.34964221235077,0.5203338556566807,-1.0995934586850276,-210.34964221235077,5.0,-5.0,0.0,0.0,12.0,0,0.5,0.0,0.0,3.2,3.2,3.2,1.099593162536621,1.0995930433273315,1.0995934009552002,1.0995934009552002,0.5021786689758301,0.5027503967285156,-5.851040840148926,-5.673740863800049,-0.014594926498830318,-0.014594926498830318,0.0,0.0,nan,nan,0.4650883376598358,0.4650883376598358,0.9301766753196716,0.0,3.1056549549102783,0.019488101825118065,0.0,0.0,0.0,0.019488101825118065,0.0,3.1056549549102783,0.0,0.0,0.0,-0.566853404045105,1.305139422416687,2.760572671890259,0.0,0.0,0.0,0.0,3.1056549549102783,0.019488101825118065,0.0,0.0,0.0,0.019488101825118065,0.0,3.1056549549102783,-0.0,-0.0,-0.0,-0.5668532252311707,-1.3051396608352661,2.7605724334716797,0.0,0.0,0.0,2.9802322387695312e-08,5.820766091346741e-11,0.6000000238418579,-4.470348358154297e-08,0.05600005388259888,0.6000000238418579,-8.195638656616211e-08,-0.055999964475631714,0.6000000238418579,-1.1337065696716309,-2.384185791015625e-07,5.521144866943359,0.0,0.0,0.0,2.5331974029541016e-07,5.14196699441527e-07,1.0803341865539551e-07,9.454729080200195,9.454727172851562,12.714000701904297,12.714000701904297,1.0,1.0,0.0,0.0,0.0,0.0,0.0,0.0,0.901565670967102,0.901565670967102,2.2040891647338867,2.2040891647338867,0.09314921498298645,0.09314921498298645,0.0,0.0,-0.07366111874580383,-0.07366111874580383,0.019488101825118065,0.019488101825118065,0.5500251054763794,0.5500251054763794,-0.15634702146053314,-0.15634702146053314,0.16765843331813812,0.16765843331813812,7.672070026397705,7.672070026397705,-1.1529743671417236,-1.1529743671417236,11.102956771850586,11.102956771850586,11.163772583007812,11.163772583007812,0.0,0.0,180.0
21,0.0875,0.5139326895812499,-1.9711690132731972,-207.7619132397484,0.5139326895812499,-1.9711690132731972,-207.7619132397484,5.0,-5.0,0.0,0.0,12.0,0,0.5,0.0,0.0,3.2,3.2,3.2,1.9711692333221436,1.9711686372756958,1.9711689949035645,1.9711689949035645,0.4933423697948456,0.49384698271751404,-6.205203533172607,-6.0518012046813965,-0.026163367554545403,-0.026163367554545403,0.0,0.0,nan,nan,1.7718980312347412,1.7718980312347412,3.5437960624694824,0.0,3.4789464473724365,0.06774330884218216,0.0,0.0,0.0,0.06774330884218216,0.0,3.4789464473724365,0.0,0.0,0.0,-0.5920105576515198,1.441777229309082,3.1110222339630127,0.0,0.0,0.0,0.0,3.4789464473724365,0.06774330884218216,0.0,0.0,0.0,0.06774330884218216,0.0,3.4789464473724365,-0.0,-0.0,-0.0,-0.5920103192329407,-1.4417777061462402,3.1110219955444336,0.0,0.0,0.0,2.9802322387695312e-08,5.820766091346741e-11,0.6000000238418579,-5.21540641784668e-08,0.05600002408027649,0.6000000238418579,7.450580596923828e-09,-0.055999964475631714,0.6000000238418579,-1.1840208768844604,-4.76837158203125e-07,6.222043991088867,0.0,0.0,0.0,1.9371509552001953e-07,3.245048958433472e-07,-3.725290298461914e-08,8.087492942810059,8.087493896484375,13.288700103759766,13.288700103759766,1.0,1.0,0.0,0.0,0.0,0.0,0.0,0.0,1.2727279663085938,1.2727279663085938,2.2062184810638428,2.2062184810638428,0.14205969870090485,0.14205969870090485,0.0,0.0,-0.07431638240814209,-0.07431638240814209,0.06774330884218216,0.06774330884218216,0.5500251054763794,0.5500251054763794,-0.13507066667079926,-0.13507066667079926,0.18752539157867432,0.18752539157867432,13.955520629882812,13.955520629882812,2.4933764934539795,2.4933764934539795,14.746158599853516,14.746158599853516,10.50094985961914,10.50094985961914,0.0,0.0,180.0
22,0.09166666666666666,0.5039266549485347,-2.82891823351624,-203.71688372249793,0.5039266549485347,-2.82891823351624,-203.71688372249793,5.0,-5.0,0.0,0.0,12.0,0,0.5,0.0,0.0,3.2,3.2,3.2,2.8289177417755127,2.82891845703125,2.82891845703125,2.82891845703125,0.48103147745132446,0.48146548867225647,-6.518115520477295,-6.389728546142578,-0.03754828870296478,-0.03754828870296478,0.0,0.0,nan,nan,3.348324775695801,3.348324775695801,6.696649551391602,0.0,3.852079153060913,0.13354140520095825,0.0,0.0,0.0,0.13354140520095825,0.0,3.852079153060913,0.0,0.0,0.0,-0.6015374660491943,1.5612568855285645,3.472315788269043,0.0,0.0,0.0,0.0,3.852079153060913,0.13354140520095825,0.0,0.0,0.0,0.13354140520095825,0.0,3.852079153060913,-0.0,-0.0,-0.0,-0.6015374064445496,-1.5612576007843018,3.472315549850464,0.0,0.0,0.0,2.9802322387695312e-08,5.820766091346741e-11,0.6000000238418579,-3.725290298461914e-08,0.05600005388259888,0.6000000238418579,-2.2351741790771484e-08,-0.055999964475631714,0.6000000238418579,-1.2030749320983887,-7.152557373046875e-07,6.944631576538086,0.0,0.0,0.0,3.2782554626464844e-07,4.139322982155136e-07,3.725290298461914e-08,7.9226975440979,7.922696590423584,13.863348007202148,13.863348007202148,1.0,1.0,0.0,0.0,0.0,0.0,0.0,0.0,1.660183310508728,1.660183310508728,2.1918957233428955,2.1918957233428955,0.2086697518825531,0.2086697518825531,0.0,0.0,-0.07512834668159485,-0.07512834668159485,0.13354140520095825,0.13354140520095825,0.5500251054763794,0.5500251054763794,-0.11347106844186783,-0.11347106844186783,0.20692189037799835,0.20692189037799835,20.134971618652344,20.134971618652344,6.083516597747803,6.083516597747803,18.331377029418945,18.331377029418945,9.848642349243164,9.848642349243164,0.0,0.0,180.0
23,0.09583333333333333,0.49038593690215765,-3.6668246249261105,-198.24292663631311,0.49038593690215765,-3.6668246249261105,-198.24292663631311,5.0,-5.0,0.0,0.0,12.0,0,0.5,0.0,0.0,3.2,3.2,3.2,3.666823625564575,3.6668245792388916,3.6668245792388916,3.6668245792388916,0.46533045172691345,0.46569108963012695,-6.787863731384277,-6.685445785522461,-0.04866983741521835,-0.04866983741521835,0.0,0.0,nan,nan,5.174678325653076,5.174678325653076,10.349356651306152,0.0,4.2250261306762695,0.21735914051532745,0.0,0.0,0.0,0.21735914051532745,0.0,4.2250261306762695,0.0,0.0,0.0,-0.5951840281486511,1.6599572896957397,3.845567464828491,0.0,0.0,0.0,0.0,4.2250261306762695,0.21735914051532745,0.0,0.0,0.0,0.21735914051532745,0.0,4.2250261306762695,-0.0,-0.0,-0.0,-0.5951841473579407,-1.6599583625793457,3.845566987991333,0.0,0.0,0.0,2.9802322387695312e-08,5.820766091346741e-11,0.6000000238418579,-7.450580596923828e-08,0.05600002408027649,0.6000000238418579,7.450580596923828e-08,-0.0559999942779541,0.6000000834465027,-1.1903681755065918,-1.0728836059570312e-06,7.691134452819824,0.0,0.0,0.0,2.384185791015625e-07,1.937379607852563e-07,-2.3469328880310059e-07,8.610852241516113,8.610852241516113,15.916553497314453,15.916553497314453,0.995453953742981,0.995453953742981,0.004546067211776972,0.004546067211776972,0.0,0.0,0.0,0.0,2.063619375228882,2.063619375228882,2.161406993865967,2.161406993865967,0.2934437096118927,0.2934437096118927,0.0,0.0,-0.07608456164598465,-0.07608456164598465,0.21735914051532745,0.21735914051532745,0.5500251054763794,0.5500251054763794,-0.09171133488416672,-0.09171133488416672,0.2257002294063568,0.2257002294063568,26.164875030517578,26.164875030517578,9.590948104858398,9.590948104858398,21.8321475982666,21.8321475982666,9.211423873901367,9.211423873901367,0.0,0.0,180.0
24,0.1,0.4734055138502214,-4.479010876201986,-191.37843785712082,0.4734055138502214,-4.479010876201986,-191.37843785712082,5.0,-5.0,0.0,0.0,12.0,0,0.5,0.0,0.0,3.2,3.2,3.2,4.479011535644531,4.479009628295898,4.479011535644531,4.479011535644531,0.44635695219039917,0.4466417729854584,-7.011359214782715,-6.9356608390808105,-0.05945000424981117,-0.05945000424981117,0.0,0.0,nan,nan,7.187305450439453,7.187305450439453,14.374610900878906,0.0,4.584090709686279,0.3105057179927826,0.0,0.0,0.0,0.3105057179927826,0.0,4.584090709686279,0.0,0.0,0.0,-0.5789554715156555,1.7291911840438843,4.217227458953857,0.0,0.0,0.0,0.0,4.584090709686279,0.3105057179927826,0.0,0.0,0.0,0.3105057179927826,0.0,4.584090709686279,-0.0,-0.0,-0.0,-0.5789550542831421,-1.7291918992996216,4.217227458953857,0.0,0.0,0.0,2.9802322387695312e-08,5.820766091346741e-11,0.6000000238418579,-4.470348358154297e-08,0.05600002408027649,0.6000000238418579,-1.341104507446289e-07,-0.055999964475631714,0.6000000238418579,-1.1579105854034424,-7.152557373046875e-07,8.434454917907715,0.0,0.0,0.0,2.5331974029541016e-07,1.0054653785118717e-06,2.123415470123291e-07,9.699289321899414,9.699292182922363,20.763591766357422,20.763591766357422,0.9079464077949524,0.9079464077949524,0.0920536071062088,0.0920536071062088,0.0,0.0,0.004546067211776972,0.004546067211776972,2.4819700717926025,2.4819700717926025,2.115201950073242,2.115201950073242,0.3964509963989258,0.3964509963989258,0.0,0.0,-0.07716859877109528,-0.07716859877109528,0.3105057179927826,0.3105057179927826,0.5500251054763794,0.5500251054763794,-0.06995449960231781,-0.06995449960231781,0.24371835589408875,0.24371835589408875,32.00127029418945,32.00127029418945,12.990056991577148,12.990056991577148,25.2229061126709,25.2229061126709,8.593766212463379,8.593766212463379,0.0,0.0,180.0
25,0.10416666666666667,0.4531044912600182,-5.259780084346178,-183.1715668415787,0.4531044912600182,-5.259780084346178,-183.1715668415787,5.0,-5.0,0.0,0.0,12.0,0,0.5,0.0,0.0,3.2,3.2,3.2,5.2597784996032715,5.259778022766113,5.259779930114746,5.259779930114746,0.4242704510688782,0.424477219581604,-7.182823657989502,-7.134311199188232,-0.06981316953897476,-0.06981316953897476,0.0,0.0,nan,nan,9.207113265991211,9.207113265991211,18.414226531982422,0.0,4.887799263000488,0.3825123906135559,0.0,0.0,0.0,0.3825123906135559,0.0,4.887799263000488,0.0,0.0,0.0,-0.5745894908905029,1.7514859437942505,4.543021202087402,0.0,0.0,0.0,0.0,4.887799263000488,0.3825123906135559,0.0,0.0,0.0,0.3825123906135559,0.0,4.887799263000488,-0.0,-0.0,-0.0,-0.5745893120765686,-1.7514867782592773,4.543021202087402,0.0,0.0,0.0,2.9802322387695312e-08,5.820766091346741e-11,0.6000000238418579,-7.450580596923828e-08,0.05600005388259888,0.6000000238418579,-1.1920928955078125e-07,-0.055999964475631714,0.6000000238418579,-1.1491787433624268,-8.344650268554688e-07,9.086042404174805,0.0,0.0,0.0,4.172325134277344e-07,1.1508369652801775e-06,1.3783574104309082e-07,10.934762954711914,10.93476390838623,25.070392608642578,25.070398330688477,0.7828142046928406,0.7828142046928406,0.2171858847141266,0.2171858847141266,0.0,0.0,0.029628142714500427,0.029628142714500427,2.9133074283599854,2.9133074283599854,2.0538744926452637,2.0538744926452637,0.5172436237335205,0.5172436237335205,0.0,0.0,-0.0783601626753807,-0.0783601626753807,0.3825123906135559,0.3825123906135559,0.5500251054763794,0.5500251054763794,-0.04836186766624451,-0.04836186766624451,0.2608411908149719,0.2608411908149719,37.60215759277344,37.60215759277344,16.25632095336914,16.25632095336914,28.479185104370117,28.479185104370117,8.000000953674316,8.000000953674316,0.0,0.0,180.0
26,0.10833333333333334,0.429625266218754,-6.003655714345453,-173.6798788932322,0.429625266218754,-6.003655714345453,-173.6798788932322,5.0,-5.0,0.0,0.0,12.0,0,0.5,0.0,0.0,3.2,3.2,3.2,6.0036540031433105,6.0036540031433105,6.003655910491943,6.003655910491943,0.3992544710636139,0.39938151836395264,-7.296445369720459,-7.2753119468688965,-0.07968664914369583,-0.07968664914369583,0.0,0.0,nan,nan,11.010102272033691,11.010102272033691,22.020204544067383,0.0,5.091468334197998,0.4009166359901428,0.0,0.0,0.0,0.4009166359901428,0.0,5.091468334197998,0.0,0.0,0.0,-0.6047536730766296,1.7123684883117676,4.7734527587890625,0.0,0.0,0.0,0.0,5.091468334197998,0.4009166359901428,0.0,0.0,0.0,0.4009166359901428,0.0,5.091468334197998,-0.0,-0.0,-0.0,-0.6047536134719849,-1.712369680404663,4.773452281951904,0.0,0.0,0.0,2.9802322387695312e-08,5.820766091346741e-11,0.6000000238418579,-1.1920928955078125e-07,0.05600002408027649,0.6000000238418579,-9.685754776000977e-08,-0.05599990487098694,0.6000000238418579,-1.2095072269439697,-1.1920928955078125e-06,9.546905517578125,0.0,0.0,0.0,5.960464477539062e-07,1.3159046829969157e-06,3.725290298461914e-08,12.183587074279785,12.183587074279785,28.79570960998535,28.79570960998535,0.7021473050117493,0.7021473050117493,0.2978527545928955,0.2978527545928955,0.0,0.0,0.0920536071062088,0.0920536071062088,3.3548061847686768,3.3548061847686768,1.978142261505127,1.978142261505127,0.654750406742096,0.654750406742096,0.0,0.0,-0.07963529229164124,-0.07963529229164124,0.4009166359901428,0.4009166359901428,0.5500251054763794,0.5500251054763794,-0.027091151103377342,-0.027091151103377342,0.27694228291511536,0.27694228291511536,42.92790222167969,42.92790222167969,19.3665714263916,19.3665714263916,31.57788848876953,31.57788848876953,7.434292316436768,7.434292316436768,0.0,0.0,180.0
27,0.1125,0.4031325286202929,-6.705420013129278,-162.9699513832704,0.4031325286202929,-6.705420013129278,-162.9699513832704,5.0,-5.0,0.0,0.0,12.0,0,0.5,0.0,0.0,3.2,3.2,3.2,6.705418109893799,6.705418586730957,6.705420017242432,6.705420017242432,0.3714636266231537,0.37150973081588745,-7.354782581329346,-7.361095428466797,-0.08900117874145508,-0.08900117874145508,0.0,0.0,nan,nan,12.644268035888672,12.644268035888672,25.288536071777344,0.0,5.224552154541016,0.3771008253097534,0.0,0.0,0.0,0.3771008253097534,0.0,5.224552154541016,0.0,0.0,0.0,-0.6634249687194824,1.6261781454086304,4.934932708740234,0.0,0.0,0.0,0.0,5.224552154541016,0.3771008253097534,0.0,0.0,0.0,0.3771008253097534,0.0,5.224552154541016,-0.0,-0.0,-0.0,-0.6634250283241272,-1.6261789798736572,4.934932231903076,0.0,0.0,0.0,2.9802322387695312e-08,5.820766091346741e-11,0.6000000238418579,-1.341104507446289e-07,0.0559999942779541,0.5999999642372131,-2.2351741790771484e-08,-0.055999964475631714,0.6000000238418579,-1.3268499374389648,-8.344650268554688e-07,9.869865417480469,0.0,0.0,0.0,2.682209014892578e-07,1.105818455471308e-06,-1.6391277313232422e-07,13.374344825744629,13.374345779418945,31.962621688842773,31.962621688842773,0.6316575407981873,0.6316575407981873,0.3683425188064575,0.3683425188064575,0.0,0.0,0.17482061684131622,0.17482061684131622,3.802764892578125,3.802764892578125,1.8888245820999146,1.8888245820999146,0.807201623916626,0.807201623916626,0.0,0.0,-0.0809667780995369,-0.0809667780995369,0.3771008253097534,0.3771008253097534,0.5500251054763794,0.5500251054763794,-0.006295147351920605,-0.006295147351920605,0.2919051945209503,0.2919051945209503,47.9415168762207,47.9415168762207,22.299137115478516,22.299137115478516,34.49742126464844,34.49742126464844,6.900608539581299,6.900608539581299,0.0,0.0,180.0
28,0.11666666666666667,0.37381210598388265,-7.360150608358634,-151.11690675810345,0.37381210598388265,-7.360150608358634,-151.11690675810345,5.0,-5.0,0.0,0.0,12.0,0,0.5,0.0,0.0,3.2,3.2,3.2,7.3601484298706055,7.360150337219238,7.3601508140563965,7.3601508140563965,0.3410504460334778,0.341015487909317,-7.364224910736084,-7.397993564605713,-0.09769143164157867,-0.09769143164157867,0.0,0.0,nan,nan,14.300511360168457,14.300511360168457,28.601022720336914,0.0,5.348702430725098,0.33862167596817017,0.0,0.0,0.0,0.33862167596817017,0.0,5.348702430725098,0.0,0.0,0.0,-0.7352867722511292,1.5150879621505737,5.0879411697387695,0.0,0.0,0.0,0.0,5.348702430725098,0.33862167596817017,0.0,0.0,0.0,0.33862167596817017,0.0,5.348702430725098,-0.0,-0.0,-0.0,-0.7352867126464844,-1.5150889158248901,5.087940692901611,0.0,0.0,0.0,2.9802322387695312e-08,5.820766091346741e-11,0.6000000238418579,-2.9802322387695312e-08,0.05600005388259888,0.6000000238418579,2.9802322387695312e-08,-0.0559999942779541,0.6000000834465027,-1.4705734252929688,-9.5367431640625e-07,10.175882339477539,0.0,0.0,0.0,4.172325134277344e-07,2.594384227450064e-07,-4.0978193283081055e-08,14.469561576843262,14.469564437866211,34.62179183959961,34.62179183959961,0.5893751382827759,0.5893751382827759,0.4106249213218689,0.4106249213218689,0.0,0.0,0.2546203136444092,0.2546203136444092,4.252692699432373,4.252692699432373,1.7868167161941528,1.7868167161941528,0.9720991849899292,0.9720991849899292,0.0,0.0,-0.08232466876506805,-0.08232466876506805,0.33862167596817017,0.33862167596817017,0.5500251054763794,0.5500251054763794,0.0138796865940094,0.0138796865940094,0.3056243062019348,0.3056243062019348,52.6088752746582,52.6088752746582,25.03400230407715,25.03400230407715,37.217864990234375,37.217864990234375,6.402693748474121,6.402693748474121,0.0,0.0,180.0
29,0.12083333333333333,0.34186966000762326,-7.963255035331265,-138.2038856093762,0.34186966000762326,-7.963255035331265,-138.2038856093762,5.0,-5.0,0.0,0.0,12.0,0,0.5,0.0,0.0,3.2,3.2,3.2,7.963254451751709,7.963253974914551,7.963254928588867,7.963254928588867,0.30816760659217834,0.3080523610115051,-7.334432125091553,-7.395669937133789,-0.10569644719362259,-0.10569644719362259,0.0,0.0,nan,nan,16.252084732055664,16.252084732055664,32.50416946411133,0.0,5.552639961242676,0.3359174132347107,0.0,0.0,0.0,0.3359174132347107,0.0,5.552639961242676,0.0,0.0,0.0,-0.7884750366210938,1.4019843339920044,5.32516622543335,0.0,0.0,0.0,0.0,5.552639961242676,0.3359174132347107,0.0,0.0,0.0,0.3359174132347107,0.0,5.552639961242676,-0.0,-0.0,-0.0,-0.7884750366210938,-1.4019852876663208,5.32516622543335,0.0,0.0,0.0,2.9802322387695312e-08,5.820766091346741e-11,0.6000000238418579,-3.725290298461914e-08,0.05600002408027649,0.6000000238418579,-4.470348358154297e-08,-0.055999934673309326,0.6000000238418579,-1.5769500732421875,-9.5367431640625e-07,10.6503324508667,0.0,0.0,0.0,4.76837158203125e-07,7.538360478065442e-07,8.195638656616211e-08,15.45125675201416,15.45125675201416,36.83287811279297,36.83287811279297,0.532188355922699,0.532188355922699,0.45561593770980835,0.45561593770980835,0.012195754796266556,0.012195754796266556,0.296124666929245,0.296124666929245,4.699432373046875,4.699432373046875,1.6730680465698242,1.6730680465698242,1.146235466003418,1.146235466003418,0.0,0.0,-0.08367697894573212,-0.08367697894573212,0.3359174132347107,0.3359174132347107,0.5500251054763794,0.5500251054763794,0.03329422324895859,0.03329422324895859,0.31800583004951477,0.31800583004951477,56.898929595947266,56.898929595947266,27.55290412902832,27.55290412902832,39.7210578918457,39.7210578918457,5.944040298461914,5.944040298461914,0.0,0.0,180.0
30,0.125,0.307529243999422,-8.5105029498219,-124.3214635024539,0.307529243999422,-8.5105029498219,-124.3214635024539,5.0,-5.0,0.0,0.0,12.0,0,0.5,0.0,0.0,3.2,3.2,3.2,8.510502815246582,8.510501861572266,8.510502815246582,8.510503768920898,0.27311211824417114,0.2729175388813019,-7.254956245422363,-7.343265533447266,-0.112960085272789,-0.112960085272789,0.0,0.0,nan,nan,18.14739990234375,18.14739990234375,36.2947998046875,0.0,5.7365264892578125,0.32125532627105713,0.0,0.0,0.0,0.32125532627105713,0.0,5.7365264892578125,0.0,0.0,0.0,-0.8494693636894226,1.2569851875305176,5.541599750518799,0.0,0.0,0.0,0.0,5.7365264892578125,0.32125532627105713,0.0,0.0,0.0,0.32125532627105713,0.0,5.7365264892578125,-0.0,-0.0,-0.0,-0.8494691252708435,-1.256986141204834,5.541599750518799,0.0,0.0,0.0,2.9802322387695312e-08,5.820766091346741e-11,0.6000000238418579,-7.450580596923828e-09,0.05600005388259888,0.6000000238418579,5.21540641784668e-08,-0.0559999942779541,0.6000000238418579,-1.6989384889602661,-9.5367431640625e-07,11.083199501037598,0.0,0.0,0.0,3.2782554626464844e-07,8.257626404883922e-08,-1.4901161193847656e-08,16.312816619873047,16.312816619873047,38.654823303222656,38.65483093261719,0.5038655400276184,0.5038655400276184,0.46650639176368713,0.46650639176368713,0.029628142714500427,0.029628142714500427,0.3381875455379486,0.3381875455379486,5.137321472167969,5.137321472167969,1.5485601425170898,1.5485601425170898,1.3257648944854736,1.3257648944854736,0.0,0.0,-0.08499044924974442,-0.08499044924974442,0.32125532627105713,0.32125532627105713,0.5500251054763794,0.5500251054763794,0.05181751400232315,0.05181751400232315,0.3289681375026703,0.3289681375026703,60.78380584716797,60.78380584716797,29.83942413330078,29.83942413330078,41.990684509277344,41.990684509277344,5.527864456176758,5.527864456176758,0.0,0.0,180.0
31,0.12916666666666665,0.2710317313040219,-8.998055800907464,-109.56701565391025,0.2710317313040219,-8.998055800907464,-109.56701565391025,5.0,-5.0,0.0,0.0,12.0,0,0.5,0.0,0.0,3.2,3.2,3.2,8.998055458068848,8.998052597045898,8.998054504394531,8.998054504394531,0.23610863089561462,0.23583625257015228,-7.1297831535339355,-7.244651794433594,-0.11943138390779495,-0.11943138390779495,0.0,0.0,nan,nan,20.050453186035156,20.050453186035156,40.10090637207031,0.0,5.930610179901123,0.31744155287742615,0.0,0.0,0.0,0.31744155287742615,0.0,5.930610179901123,0.0,0.0,0.0,-0.901628851890564,1.087500810623169,5.768649101257324,0.0,0.0,0.0,0.0,5.930610179901123,0.31744155287742615,0.0,0.0,0.0,0.31744155287742615,0.0,5.930610179901123,-0.0,-0.0,-0.0,-0.9016287922859192,-1.0875020027160645,5.768649101257324,0.0,0.0,0.0,2.9802322387695312e-08,5.820766091346741e-11,0.6000000238418579,-1.4901161193847656e-08,0.05600002408027649,0.6000000238418579,-3.725290298461914e-08,-0.055999934673309326,0.6000000834465027,-1.803257703781128,-1.1920928955078125e-06,11.537298202514648,0.0,0.0,0.0,5.662441253662109e-07,5.909554943173134e-07,1.0803341865539551e-07,17.054298400878906,17.054298400878906,40.14113998413086,40.14113998413086,0.4897056221961975,0.4897056221961975,0.45715662837028503,0.45715662837028503,0.05313779413700104,0.05313779413700104,0.366405189037323,0.366405189037323,5.560380935668945,5.560380935668945,1.414288878440857,1.414288878440857,1.506323218345642,1.506323218345642,0.0,0.0,-0.08623160421848297,-0.08623160421848297,0.31744155287742615,0.31744155287742615,0.5500251054763794,0.5500251054763794,0.06932736933231354,0.06932736933231354,0.3384420573711395,0.3384420573711395,64.23880767822266,64.23880767822266,31.878976821899414,31.878976821899414,44.01228332519531,44.01228332519531,5.157086372375488,5.157086372375488,0.0,0.0,180.0
32,0.13333333333333333,0.23263312574955422,-9.422493755643838,-94.04403391434647,0.23263312574955422,-9.422493755643838,-94.04403391434647,5.0,-5.0,0.0,0.0,12.0,0,0.5,0.0,0.0,3.2,3.2,3.2,9.422491073608398,9.422492980957031,9.422493934631348,9.422493934631348,0.19744154810905457,0.1970934271812439,-6.955789566040039,-7.096426486968994,-0.12506495416164398,-0.12506495416164398,0.0,0.0,nan,nan,21.795703887939453,21.795703887939453,43.591407775878906,0.0,6.096504211425781,0.3062756657600403,0.0,0.0,0.0,0.3062756657600403,0.0,6.096504211425781,0.0,0.0,0.0,-0.9544613361358643,0.8870238065719604,5.963502407073975,0.0,0.0,0.0,0.0,6.096504211425781,0.3062756657600403,0.0,0.0,0.0,0.3062756657600403,0.0,6.096504211425781,-0.0,-0.0,-0.0,-0.9544614553451538,-0.8870252966880798,5.963501930236816,0.0,0.0,0.0,2.9802322387695312e-08,5.820766091346741e-11,0.6000000238418579,-5.960464477539063e-08,0.05600002408027649,0.6000000238418579,2.9802322387695312e-08,-0.055999964475631714,0.6000000834465027,-1.908922791481018,-1.4901161193847656e-06,11.927003860473633,0.0,0.0,0.0,4.172325134277344e-07,4.7628830657231447e-07,-2.60770320892334e-08,17.679561614990234,17.6795597076416,41.337974548339844,41.33796691894531,0.47554877400398254,0.47554877400398254,0.44282615184783936,0.44282615184783936,0.08162510395050049,0.08162510395050049,0.3946942090988159,0.3946942090988159,5.962506294250488,5.962506294250488,1.2712492942810059,1.2712492942810059,1.6831891536712646,1.6831891536712646,0.0,0.0,-0.08736775070428848,-0.08736775070428848,0.3062756657600403,0.3062756657600403,0.5500251054763794,0.5500251054763794,0.0857107862830162,0.0857107862830162,0.3463709354400635,0.3463709354400635,67.24253845214844,67.24253845214844,33.65888214111328,33.65888214111328,45.7733039855957,45.7733039855957,4.834306240081787,4.834306240081787,0.0,0.0,180.0
33,0.1375,0.1926027659646234,-9.780839686736796,-77.8614008474186,0.1926027659646234,-9.780839686736796,-77.8614008474186,5.0,-5.0,0.0,0.0,12.0,0,0.5,0.0,0.0,3.2,3.2,3.2,9.780838966369629,9.780838966369629,9.780840873718262,9.780840873718262,0.1573616862297058,0.15694047510623932,-6.7374701499938965,-6.902985572814941,-0.1298212856054306,-0.1298212856054306,0.0,0.0,nan,nan,23.434749603271484,23.434749603271484,46.86949920654297,0.0,6.263230323791504,0.3109843134880066,0.0,0.0,0.0,0.3109843134880066,0.0,6.263230323791504,0.0,0.0,0.0,-0.9907011985778809,0.6625684499740601,6.156644821166992,0.0,0.0,0.0,0.0,6.263230323791504,0.3109843134880066,0.0,0.0,0.0,0.3109843134880066,0.0,6.263230323791504,-0.0,-0.0,-0.0,-0.9907010793685913,-0.6625697612762451,6.156644821166992,0.0,0.0,0.0,2.9802322387695312e-08,5.820766091346741e-11,0.6000000238418579,-5.960464477539063e-08,0.05600005388259888,0.6000000238418579,-2.9802322387695312e-08,-0.055999934673309326,0.6000000238418579,-1.9814022779464722,-1.3113021850585938e-06,12.313289642333984,0.0,0.0,0.0,7.152557373046875e-07,9.174115689347673e-07,1.0803341865539551e-07,18.19452476501465,18.19452667236328,42.283695220947266,42.283695220947266,0.44665592908859253,0.44665592908859253,0.4504525065422058,0.4504525065422058,0.10289160162210464,0.10289160162210464,0.4088520109653473,0.4088520109653473,6.337667465209961,6.337667465209961,1.1204257011413574,1.1204257011413574,1.8514717817306519,1.8514717817306519,0.0,0.0,-0.08836811780929565,-0.08836811780929565,0.3109843134880066,0.3109843134880066,0.5500251054763794,0.5500251054763794,0.10086392611265182,0.10086392611265182,0.3527103066444397,0.3527103066444397,69.77674102783203,69.77674102783203,35.168296813964844,35.168296813964844,47.263031005859375,47.263031005859375,4.561788558959961,4.561788558959961,0.0,0.0,180.0
34,0.14166666666666666,0.1512214361613476,-10.07058005495091,-61.13262599688559,0.1512214361613476,-10.07058005495091,-61.13262599688559,5.0,-5.0,0.0,0.0,12.0,0,0.5,0.0,0.0,3.2,3.2,3.2,10.070581436157227,10.070579528808594,10.07058048248291,10.07058048248291,0.11617493629455566,0.11568352580070496,-6.472394943237305,-6.661638259887695,-0.1336670219898224,-0.1336670219898224,0.0,0.0,nan,nan,24.802902221679688,24.802902221679688,49.605804443359375,0.0,6.392971992492676,0.31104379892349243,0.0,0.0,0.0,0.31104379892349243,0.0,6.392971992492676,0.0,0.0,0.0,-1.0221521854400635,0.4127238392829895,6.304894924163818,0.0,0.0,0.0,0.0,6.392971992492676,0.31104379892349243,0.0,0.0,0.0,0.31104379892349243,0.0,6.392971992492676,-0.0,-0.0,-0.0,-1.0221519470214844,-0.412725031375885,6.304894924163818,0.0,0.0,0.0,2.9802322387695312e-08,5.820766091346741e-11,0.6000000238418579,0.0,0.05600002408027649,0.6000000238418579,-4.470348358154297e-08,-0.055999934673309326,0.6000000238418579,-2.044304132461548,-1.1920928955078125e-06,12.609789848327637,0.0,0.0,0.0,5.662441253662109e-07,6.576518103429407e-07,1.2293457984924316e-07,18.606306076049805,18.606307983398438,43.00917053222656,43.00917053222656,0.43250685930252075,0.43250685930252075,0.45338597893714905,0.45338597893714905,0.11410718411207199,0.11410718411207199,0.42301318049430847,0.42301318049430847,6.68010950088501,6.68010950088501,0.9627858996391296,0.9627858996391296,2.0063235759735107,2.0063235759735107,0.0,0.0,-0.08920497447252274,-0.08920497447252274,0.31104379892349243,0.31104379892349243,0.5500251054763794,0.5500251054763794,0.11469244211912155,0.11469244211912155,0.35742756724357605,0.35742756724357605,71.82636260986328,71.82636260986328,36.39822006225586,36.39822006225586,48.47260284423828,48.47260284423828,4.34144401550293,4.34144401550293,0.0,0.0,180.0
35,0.14583333333333334,0.10877939663585168,-10.289682539781332,-43.97504969871551,0.10877939663585168,-10.289682539781332,-43.97504969871551,5.0,-5.0,0.0,0.0,12.0,0,0.5,0.0,0.0,3.2,3.2,3.2,10.289682388305664,10.289680480957031,10.289682388305664,10.289682388305664,0.07414934784173965,0.0735914409160614,-6.165760040283203,-6.377477169036865,-0.13657516241073608,-0.13657516241073608,0.0,0.0,nan,nan,25.95825958251953,25.95825958251953,51.91651916503906,0.0,6.515475273132324,0.3310202956199646,0.0,0.0,0.0,0.3310202956199646,0.0,6.515475273132324,0.0,0.0,0.0,-1.0305219888687134,0.14438533782958984,6.440354824066162,0.0,0.0,0.0,0.0,6.515475273132324,0.3310202956199646,0.0,0.0,0.0,0.3310202956199646,0.0,6.515475273132324,-0.0,-0.0,-0.0,-1.0305218696594238,-0.14438670873641968,6.440354824066162,0.0,0.0,0.0,2.9802322387695312e-08,5.820766091346741e-11,0.6000000238418579,-8.195638656616211e-08,0.05600002408027649,0.6000000238418579,1.4901161193847656e-08,-0.055999934673309326,0.6000000238418579,-2.0610437393188477,-1.3709068298339844e-06,12.880709648132324,0.0,0.0,0.0,5.662441253662109e-07,8.15734495063225e-07,8.940696716308594e-08,18.923763275146484,18.923763275146484,43.53828048706055,43.53828048706055,0.4183611571788788,0.4183611571788788,0.45596975088119507,0.45596975088119507,0.12566909193992615,0.12566909193992615,0.42301318049430847,0.42301318049430847,6.9845290184021,6.9845290184021,0.79928058385849,0.79928058385849,2.14315128326416,2.14315128326416,0.0,0.0,-0.08985468745231628,-0.08985468745231628,0.3310202956199646,0.3310202956199646,0.5500251054763794,0.5500251054763794,0.12711112201213837,0.12711112201213837,0.3605014681816101,0.3605014681816101,73.3794174194336,73.3794174194336,37.34144973754883,37.34144973754883,49.394954681396484,49.394954681396484,4.1748199462890625,4.1748199462890625,0.0,0.0,180.0
36,0.15,0.06557434780084413,-10.43661029472189,-26.509020022938646,0.06557434780084413,-10.43661029472189,-26.509020022938646,5.0,-5.0,0.0,0.0,12.0,0,0.5,0.0,0.0,3.2,3.2,3.2,10.436609268188477,10.436607360839844,10.436609268188477,10.436610221862793,0.03162653371691704,0.031005842611193657,-5.812209606170654,-6.044843673706055,-0.1385253518819809,-0.1385253518819809,0.0,0.0,nan,nan,26.64267921447754,26.64267921447754,53.28535842895508,0.0,6.5606560707092285,0.3228163719177246,0.0,0.0,0.0,0.3228163719177246,0.0,6.5606560707092285,0.0,0.0,0.0,-1.0479708909988403,-0.13804365694522858,6.482986927032471,0.0,0.0,0.0,0.0,6.5606560707092285,0.3228163719177246,0.0,0.0,0.0,0.3228163719177246,0.0,6.5606560707092285,-0.0,-0.0,-0.0,-1.0479707717895508,0.13804227113723755,6.482986927032471,0.0,0.0,0.0,2.9802322387695312e-08,5.820766091346741e-11,0.6000000238418579,0.0,0.05600002408027649,0.6000000238418579,-1.341104507446289e-07,-0.055999934673309326,0.6000000238418579,-2.0959415435791016,-1.385807991027832e-06,12.965973854064941,0.0,0.0,0.0,5.662441253662109e-07,1.255852453141415e-06,8.195638656616211e-08,19.159120559692383,19.159122467041016,43.888465881347656,43.88846969604492,0.4183611571788788,0.4183611571788788,0.44409045577049255,0.44409045577049255,0.13754841685295105,0.13754841685295105,0.43717479705810547,0.43717479705810547,7.246242523193359,7.246242523193359,0.6308459043502808,0.6308459043502808,2.257823944091797,2.257823944091797,0.0,0.0,-0.090298593044281,-0.090298593044281,0.3228163719177246,0.3228163719177246,0.5500251054763794,0.5500251054763794,0.13804394006729126,0.13804394006729126,0.3619214594364166,0.3619214594364166,74.4269790649414,74.4269790649414,37.992549896240234,37.992549896240234,50.02479934692383,50.02479934692383,4.063082218170166,4.063082218170166,0.0,0.0,180.0
37,0.15416666666666667,0.02190934203111734,-10.510332727139126,-8.857048618405386,0.02190934203111734,-10.510332727139126,-8.857048618405386,5.0,-5.0,0.0,0.0,12.0,0,0.5,0.0,0.0,3.2,3.2,3.2,10.510330200195312,10.510333061218262,10.510333061218262,10.510333061218262,-0.011139171198010445,-0.011818110942840576,-5.421266555786133,-5.673248291015625,-0.1395038664340973,-0.1395038664340973,0.0,0.0,nan,nan,27.04131317138672,27.04131317138672,54.08262634277344,0.0,6.59307861328125,0.33616775274276733,0.0,0.0,0.0,0.33616775274276733,0.0,6.59307861328125,0.0,0.0,0.0,-1.039085030555725,-0.4263283312320709,6.505400657653809,0.0,0.0,0.0,0.0,6.59307861328125,0.33616775274276733,0.0,0.0,0.0,0.33616775274276733,0.0,6.59307861328125,-0.0,-0.0,-0.0,-1.0390855073928833,0.42632684111595154,6.505400657653809,0.0,0.0,0.0,2.9802322387695312e-08,5.820766091346741e-11,0.6000000238418579,-8.940696716308594e-08,0.05600002408027649,0.6000000238418579,1.1175870895385742e-07,-0.055999964475631714,0.6000000238418579,-2.0781705379486084,-1.4901161193847656e-06,13.010801315307617,0.0,0.0,0.0,3.8743019104003906e-07,2.423450382593728e-07,1.2293457984924316e-07,19.315876007080078,19.315874099731445,44.071250915527344,44.071250915527344,0.4183611571788788,0.4183611571788788,0.44409045577049255,0.44409045577049255,0.13754841685295105,0.13754841685295105,0.43717479705810547,0.43717479705810547,7.461321830749512,7.461321830749512,0.4584101438522339,0.4584101438522339,2.346858024597168,2.346858024597168,0.0,0.0,-0.09052383154630661,-0.09052383154630661,0.33616775274276733,0.33616775274276733,0.5500251054763794,0.5500251054763794,0.14742381870746613,0.14742381870746613,0.3616873323917389,0.3616873323917389,74.96306610107422,74.96306610107422,38.347808837890625,38.347808837890625,50.35858154296875,50.35858154296875,4.007017612457275,4.007017612457275,0.0,0.0,180.0
38,0.15833333333333333,-0.021909342031117215,-10.510332727139126,8.857048618405335,-0.021909342031117215,-10.510332727139126,8.857048618405335,5.0,-5.0,0.0,0.0,12.0,0,0.5,0.0,0.0,3.2,3.2,3.2,10.510331153869629,10.510333061218262,10.510333061218262,10.510333061218262,-0.053846850991249084,-0.05457914248108864,-4.995519638061523,-5.265151023864746,-0.1395038664340973,-0.1395038664340973,0.0,0.0,nan,nan,27.134788513183594,27.134788513183594,54.26957702636719,0.0,6.611141204833984,0.37391239404678345,0.0,0.0,0.0,0.37391239404678345,0.0,6.611141204833984,0.0,0.0,0.0,-1.00070321559906,-0.7160748243331909,6.506368160247803,0.0,0.0,0.0,0.0,6.611141204833984,0.37391239404678345,0.0,0.0,0.0,0.37391239404678345,0.0,6.611141204833984,-0.0,-0.0,-0.0,-1.0007034540176392,0.7160735726356506,6.506368160247803,0.0,0.0,0.0,2.9802322387695312e-08,5.820766091346741e-11,0.6000000238418579,-4.470348358154297e-08,0.05600002408027649,0.6000000238418579,5.960464477539063e-08,-0.055999964475631714,0.6000000238418579,-2.001406669616699,-1.2516975402832031e-06,13.012736320495605,0.0,0.0,0.0,3.8743019104003906e-07,2.908573151216842e-07,1.1920928955078125e-07,19.38606071472168,19.38606071472168,44.092491149902344,44.092491149902344,0.4183611571788788,0.4183611571788788,0.44409045577049255,0.44409045577049255,0.13754841685295105,0.13754841685295105,0.42301318049430847,0.42301318049430847,7.626713752746582,7.626713752746582,0.282903254032135,0.282903254032135,2.40757417678833,2.40757417678833,0.0,0.0,-0.09052383154630661,-0.09052383154630661,0.37391239404678345,0.37391239404678345,0.5500251054763794,0.5500251054763794,0.15519241988658905,0.15519241988658905,0.3598079979419708,0.3598079979419708,74.984619140625,74.984619140625,38.405189514160156,38.405189514160156,50.39441680908203,50.39441680908203,4.007017612457275,4.007017612457275,0.0,0.0,180.0
39,0.1625,-0.06557434780084401,-10.43661029472189,26.509020022938593,-0.06557434780084401,-10.43661029472189,26.509020022938593,5.0,-5.0,0.0,0.0,12.0,0,0.5,0.0,0.0,3.2,3.2,3.2,10.436607360839844,10.436606407165527,10.436609268188477,10.436609268188477,-0.0961511954665184,-0.09693190455436707,-4.530622482299805,-4.815932750701904,-0.1385253518819809,-0.1385253518819809,0.0,0.0,nan,nan,26.705408096313477,26.705408096313477,53.41081619262695,0.0,6.547080039978027,0.3814905285835266,0.0,0.0,0.0,0.3814905285835266,0.0,6.547080039978027,0.0,0.0,0.0,-0.9723239541053772,-0.9925692677497864,6.409304618835449,0.0,0.0,0.0,0.0,6.547080039978027,0.3814905285835266,0.0,0.0,0.0,0.3814905285835266,0.0,6.547080039978027,-0.0,-0.0,-0.0,-0.9723240733146667,0.9925678968429565,6.409304618835449,0.0,0.0,0.0,2.9802322387695312e-08,5.820766091346741e-11,0.6000000238418579,-7.450580596923828e-08,0.05600005388259888,0.6000000238418579,-1.1920928955078125e-07,-0.055999934673309326,0.6000000238418579,-1.944648027420044,-1.3709068298339844e-06,12.818609237670898,0.0,0.0,0.0,7.748603820800781e-07,1.6236033388850046e-06,6.705522537231445e-08,19.36542510986328,19.365421295166016,43.95269012451172,43.95268630981445,0.4183611571788788,0.4183611571788788,0.44409045577049255,0.44409045577049255,0.13754841685295105,0.13754841685295105,0.42301318049430847,0.42301318049430847,7.74031925201416,7.74031925201416,0.1052677258849144,0.1052677258849144,2.438213586807251,2.438213586807251,0.0,0.0,-0.090298593044281,-0.090298593044281,0.3814905285835266,0.3814905285835266,0.5500251054763794,0.5500251054763794,0.16130024194717407,0.16130024194717407,0.35630175471305847,0.35630175471305847,74.49149322509766,74.49149322509766,38.164363861083984,38.164363861083984,50.132110595703125,50.132110595703125,4.063082218170166,4.063082218170166,0.0,0.0,180.0
40,0.16666666666666666,-0.10877939663585154,-10.289682539781332,43.97504969871545,-0.10877939663585154,-10.289682539781332,43.97504969871545,5.0,-5.0,0.0,0.0,12.0,0,0.5,0.0,0.0,3.2,3.2,3.2,10.289682388305664,10.289679527282715,10.289682388305664,10.289682388305664,-0.13780046999454498,-0.1386239379644394,-4.037047386169434,-4.336092472076416,-0.13657516241073608,-0.13657516241073608,0.0,0.0,nan,nan,25.975873947143555,25.975873947143555,51.95174789428711,0.0,6.467865943908691,0.4148210883140564,0.0,0.0,0.0,0.4148210883140564,0.0,6.467865943908691,0.0,0.0,0.0,-0.9133970141410828,-1.2557722330093384,6.292385101318359,0.0,0.0,0.0,0.0,6.467865943908691,0.4148210883140564,0.0,0.0,0.0,0.4148210883140564,0.0,6.467865943908691,-0.0,-0.0,-0.0,-0.9133968949317932,1.2557708024978638,6.292385101318359,0.0,0.0,0.0,2.9802322387695312e-08,5.820766091346741e-11,0.6000000238418579,0.0,0.05600002408027649,0.6000000834465027,-8.940696716308594e-08,-0.05599990487098694,0.6000000238418579,-1.826793909072876,-1.430511474609375e-06,12.584770202636719,0.0,0.0,0.0,8.046627044677734e-07,8.831957529764622e-07,3.725290298461914e-09,19.250272750854492,19.250272750854492,43.646888732910156,43.646888732910156,0.4183611571788788,0.4183611571788788,0.45596975088119507,0.45596975088119507,0.12566909193992615,0.12566909193992615,0.4088520109653473,0.4088520109653473,7.80104923248291,7.80104923248291,-0.07353001832962036,-0.07353001832962036,2.4380125999450684,2.4380125999450684,0.0,0.0,-0.08985468745231628,-0.08985468745231628,0.4148210883140564,0.4148210883140564,0.5500251054763794,0.5500251054763794,0.1657065749168396,0.1657065749168396,0.3511953055858612,0.3511953055858612,73.4864273071289,73.4864273071289,37.62666320800781,37.62666320800781,49.573158264160156,49.573158264160156,4.1748199462890625,4.1748199462890625,0.0,0.0,180.0
41,0.17083333333333334,-0.15122143616134745,-10.070580054950911,61.13262599688554,-0.15122143616134745,-10.070580054950911,61.13262599688554,5.0,-5.0,0.0,0.0,12.0,0,0.5,0.0,0.0,3.2,3.2,3.2,10.070578575134277,10.070581436157227,10.070581436157227,10.070581436157227,-0.1784578114748001,-0.17931848764419556,-3.511092185974121,-3.821690320968628,-0.1336670219898224,-0.1336670219898224,0.0,0.0,nan,nan,24.762571334838867,24.762571334838867,49.525142669677734,0.0,6.307977199554443,0.4147847294807434,0.0,0.0,0.0,0.4147847294807434,0.0,6.307977199554443,0.0,0.0,0.0,-0.8688599467277527,-1.4861743450164795,6.082679748535156,0.0,0.0,0.0,0.0,6.307977199554443,0.4147847294807434,0.0,0.0,0.0,0.4147847294807434,0.0,6.307977199554443,-0.0,-0.0,-0.0,-0.8688603639602661,1.486173152923584,6.0826802253723145,0.0,0.0,0.0,2.9802322387695312e-08,5.820766091346741e-11,0.6000000238418579,-1.043081283569336e-07,0.055999964475631714,0.6000000238418579,-2.9802322387695312e-08,-0.055999934673309326,0.6000000238418579,-1.737720251083374,-1.1920928955078125e-06,12.165359497070312,0.0,0.0,0.0,1.4901161193847656e-07,1.1783068885051762e-06,1.1175870895385742e-07,19.03638458251953,19.0363826751709,43.16464614868164,43.16463851928711,0.4183611571788788,0.4183611571788788,0.467531681060791,0.467531681060791,0.11410718411207199,0.11410718411207199,0.4088520109653473,0.4088520109653473,7.808837890625,7.808837890625,-0.25248903036117554,-0.25248903036117554,2.4072256088256836,2.4072256088256836,0.0,0.0,-0.08920497447252274,-0.08920497447252274,0.4147847294807434,0.4147847294807434,0.5500251054763794,0.5500251054763794,0.16837964951992035,0.16837964951992035,0.3445235788822174,0.3445235788822174,71.97512817382812,71.97512817382812,36.795127868652344,36.795127868652344,48.72074890136719,48.72074890136719,4.34144401550293,4.34144401550293,0.0,0.0,180.0
42,0.175,-0.19260276596462325,-9.780839686736797,77.86140084741854,-0.19260276596462325,-9.780839686736797,77.86140084741854,5.0,-5.0,0.0,0.0,12.0,0,0.5,0.0,0.0,3.2,3.2,3.2,9.780838966369629,9.780837059020996,9.780839920043945,9.780839920043945,-0.21788321435451508,-0.2187749147415161,-2.963686943054199,-3.2837302684783936,-0.1298212856054306,-0.1298212856054306,0.0,0.0,nan,nan,23.308979034423828,23.308979034423828,46.617958068847656,0.0,6.135438919067383,0.44081294536590576,0.0,0.0,0.0,0.44081294536590576,0.0,6.135438919067383,0.0,0.0,0.0,-0.7950432896614075,-1.6909619569778442,5.860587120056152,0.0,0.0,0.0,0.0,6.135438919067383,0.44081294536590576,0.0,0.0,0.0,0.44081294536590576,0.0,6.135438919067383,-0.0,-0.0,-0.0,-0.7950432300567627,1.6909606456756592,5.8605875968933105,0.0,0.0,0.0,2.9802322387695312e-08,5.820766091346741e-11,0.6000000238418579,-5.960464477539063e-08,0.05600005388259888,0.6000000238418579,-4.470348358154297e-08,-0.055999934673309326,0.6000000238418579,-1.5900864601135254,-1.3113021850585938e-06,11.721174240112305,0.0,0.0,0.0,6.556510925292969e-07,9.606251296645496e-07,1.2665987014770508e-07,18.718904495239258,18.718902587890625,42.48963928222656,42.48963928222656,0.44724681973457336,0.44724681973457336,0.44986164569854736,0.44986164569854736,0.10289160162210464,0.10289160162210464,0.3946942090988159,0.3946942090988159,7.7646307945251465,7.7646307945251465,-0.4305647313594818,-0.4305647313594818,2.347101926803589,2.347101926803589,0.0,0.0,-0.08836811780929565,-0.08836811780929565,0.44081294536590576,0.44081294536590576,0.5500251054763794,0.5500251054763794,0.16929684579372406,0.16929684579372406,0.33632954955101013,0.33632954955101013,69.96620178222656,69.96620178222656,35.67448806762695,35.67448806762695,47.57975387573242,47.57975387573242,4.561788558959961,4.561788558959961,0.0,0.0,180.0
43,0.17916666666666667,-0.2326331257495541,-9.42249375564384,94.04403391434641,-0.2326331257495541,-9.42249375564384,94.04403391434641,5.0,-5.0,0.0,0.0,12.0,0,0.5,0.0,0.0,3.2,3.2,3.2,9.422494888305664,9.422491073608398,9.422493934631348,9.422493934631348,-0.2558003067970276,-0.25671660900115967,-2.3986968994140625,-2.7260031700134277,-0.12506495416164398,-0.12506495416164398,0.0,0.0,nan,nan,21.65645980834961,21.65645980834961,43.31291961669922,0.0,5.951742172241211,0.4944838583469391,0.0,0.0,0.0,0.4944838583469391,0.0,5.951742172241211,0.0,0.0,0.0,-0.6912305355072021,-1.8679810762405396,5.63032865524292,0.0,0.0,0.0,0.0,5.951742172241211,0.4944838583469391,0.0,0.0,0.0,0.4944838583469391,0.0,5.951742172241211,-0.0,-0.0,-0.0,-0.6912302374839783,1.8679792881011963,5.630329132080078,0.0,0.0,0.0,2.9802322387695312e-08,5.820766091346741e-11,0.6000000238418579,-7.450580596923828e-08,0.05600002408027649,0.6000000238418579,-7.450580596923828e-08,-0.055999934673309326,0.6000000238418579,-1.3824608325958252,-1.7881393432617188e-06,11.260658264160156,0.0,0.0,0.0,4.76837158203125e-07,1.1745780739147449e-06,7.82310962677002e-08,18.29248809814453,18.29248809814453,41.59932327270508,41.599327087402344,0.46139582991600037,0.46139582991600037,0.45697909593582153,0.45697909593582153,0.08162510395050049,0.08162510395050049,0.366405189037323,0.366405189037323,7.670340538024902,7.670340538024902,-0.6066631078720093,-0.6066631078720093,2.2598178386688232,2.2598178386688232,0.0,0.0,-0.08736775070428848,-0.08736775070428848,0.4944838583469391,0.4944838583469391,0.5500251054763794,0.5500251054763794,0.16844533383846283,0.16844533383846283,0.3266642093658447,0.3266642093658447,67.47138214111328,67.47138214111328,34.27127456665039,34.27127456665039,46.15685272216797,46.15685272216797,4.834306240081787,4.834306240081787,0.0,0.0,180.0
44,0.18333333333333332,-0.2710317313040216,-8.99805580090747,109.5670156539101,-0.2710317313040216,-8.99805580090747,109.5670156539101,5.0,-5.0,0.0,0.0,12.0,0,0.5,0.0,0.0,3.2,3.2,3.2,8.998055458068848,8.998054504394531,8.998055458068848,8.998055458068848,-0.2919009327888489,-0.2928355932235718,-1.8133223056793213,-2.145521402359009,-0.11943138390779495,-0.11943138390779495,0.0,0.0,nan,nan,19.671497344970703,19.671497344970703,39.342994689941406,0.0,5.695868492126465,0.5109235644340515,0.0,0.0,0.0,0.5109235644340515,0.0,5.695868492126465,0.0,0.0,0.0,-0.6095415949821472,-1.9939682483673096,5.325082778930664,0.0,0.0,0.0,0.0,5.695868492126465,0.5109235644340515,0.0,0.0,0.0,0.5109235644340515,0.0,5.695868492126465,-0.0,-0.0,-0.0,-0.6095418334007263,1.9939674139022827,5.3250837326049805,0.0,0.0,0.0,2.9802322387695312e-08,5.820766091346741e-11,0.6000000238418579,0.0,0.05600005388259888,0.6000000834465027,2.9802322387695312e-08,-0.055999934673309326,0.6000000238418579,-1.2190834283828735,-8.344650268554688e-07,10.650166511535645,0.0,0.0,0.0,7.152557373046875e-07,1.223683199214065e-07,1.1920928955078125e-07,17.751686096191406,17.751686096191406,40.464385986328125,40.464385986328125,0.47554877400398254,0.47554877400398254,0.4623199999332428,0.4623199999332428,0.06213124841451645,0.06213124841451645,0.35228419303894043,0.35228419303894043,7.5287628173828125,7.5287628173828125,-0.7796391248703003,-0.7796391248703003,2.148360252380371,2.148360252380371,0.0,0.0,-0.08623160421848297,-0.08623160421848297,0.5109235644340515,0.5109235644340515,0.5500251054763794,0.5500251054763794,0.16582222282886505,0.16582222282886505,0.31558656692504883,0.31558656692504883,64.50542449951172,64.50542449951172,32.593753814697266,32.593753814697266,44.46044921875,44.46044921875,5.157086372375488,5.157086372375488,0.0,0.0,180.0
45,0.1875,-0.3075292439994219,-8.510502949821902,124.32146350245385,-0.3075292439994219,-8.510502949821902,124.32146350245385,5.0,-5.0,0.0,0.0,12.0,0,0.5,0.0,0.0,3.2,3.2,3.2,8.51050090789795,8.510502815246582,8.510502815246582,8.510502815246582,-0.3259761333465576,-0.32692238688468933,-1.2187550067901611,-1.5535856485366821,-0.112960085272789,-0.112960085272789,0.0,0.0,nan,nan,17.60468864440918,17.60468864440918,35.20937728881836,0.0,5.435044765472412,0.5536211133003235,0.0,0.0,0.0,0.5536211133003235,0.0,5.435044765472412,0.0,0.0,0.0,-0.5018406510353088,-2.0871670246124268,5.0237531661987305,0.0,0.0,0.0,0.0,5.435044765472412,0.5536211133003235,0.0,0.0,0.0,0.5536211133003235,0.0,5.435044765472412,-0.0,-0.0,-0.0,-0.5018408298492432,2.0871660709381104,5.023754119873047,0.0,0.0,0.0,2.9802322387695312e-08,5.820766091346741e-11,0.6000000238418579,-1.4901161193847656e-08,0.05600002408027649,0.6000000238418579,-2.9802322387695312e-08,-0.055999964475631714,0.6000000238418579,-1.0036814212799072,-9.5367431640625e-07,10.047507286071777,0.0,0.0,0.0,2.384185791015625e-07,5.240183327259729e-07,-1.1175870895385742e-08,17.091583251953125,17.091581344604492,39.048309326171875,39.048309326171875,0.4897056221961975,0.4897056221961975,0.4734485149383545,0.4734485149383545,0.036845918744802475,0.036845918744802475,0.32412275671958923,0.32412275671958923,7.343477249145508,7.343477249145508,-0.948298454284668,-0.948298454284668,2.016382932662964,2.016382932662964,0.0,0.0,-0.08499044924974442,-0.08499044924974442,0.5536211133003235,0.5536211133003235,0.5500251054763794,0.5500251054763794,0.16143545508384705,0.16143545508384705,0.30316388607025146,0.30316388607025146,61.08632278442383,61.08632278442383,30.652069091796875,30.652069091796875,42.50080871582031,42.50080871582031,5.527864456176758,5.527864456176758,0.0,0.0,180.0
46,0.19166666666666665,-0.341869660007623,-7.96325503533127,138.20388560937607,-0.341869660007623,-7.96325503533127,138.20388560937607,5.0,-5.0,0.0,0.0,12.0,0,0.5,0.0,0.0,3.2,3.2,3.2,7.963253498077393,7.963254928588867,7.963255405426025,7.963255405426025,-0.35776686668395996,-0.35871806740760803,-0.6159710884094238,-0.9510952234268188,-0.10569644719362259,-0.10569644719362259,0.0,0.0,nan,nan,15.429966926574707,15.429966926574707,30.859933853149414,0.0,5.141781806945801,0.5882567167282104,0.0,0.0,0.0,0.5882567167282104,0.0,5.141781806945801,0.0,0.0,0.0,-0.3969871997833252,-2.1363842487335205,4.697044849395752,0.0,0.0,0.0,0.0,5.141781806945801,0.5882567167282104,0.0,0.0,0.0,0.5882567167282104,0.0,5.141781806945801,-0.0,-0.0,-0.0,-0.3969876766204834,2.136383533477783,4.69704532623291,0.0,0.0,0.0,2.9802322387695312e-08,5.820766091346741e-11,0.6000000238418579,-7.450580596923828e-08,0.05600002408027649,0.6000000238418579,4.470348358154297e-08,-0.0559999942779541,0.6000000238418579,-0.7939748764038086,-7.152557373046875e-07,9.39409065246582,0.0,0.0,0.0,8.940696716308594e-08,4.1994854882432264e-07,2.4028122425079346e-07,16.308868408203125,16.30886459350586,37.30712127685547,37.30712127685547,0.518027126789093,0.518027126789093,0.46471449732780457,0.46471449732780457,0.017258400097489357,0.017258400097489357,0.296124666929245,0.296124666929245,7.118704795837402,7.118704795837402,-1.1114047765731812,-1.1114047765731812,1.8680243492126465,1.8680243492126465,0.0,0.0,-0.08367697894573212,-0.08367697894573212,0.5882567167282104,0.5882567167282104,0.5500251054763794,0.5500251054763794,0.1553042083978653,0.1553042083978653,0.28947165608406067,0.28947165608406067,57.23523712158203,57.23523712158203,28.458202362060547,28.458202362060547,40.2900505065918,40.2900505065918,5.944040298461914,5.944040298461914,0.0,0.0,180.0
47,0.19583333333333333,-0.3738121059838826,-7.3601506083586345,151.11690675810343,-0.3738121059838826,-7.3601506083586345,151.11690675810343,5.0,-5.0,0.0,0.0,12.0,0,0.5,0.0,0.0,3.2,3.2,3.2,7.360151290893555,7.360148906707764,7.3601508140563965,7.3601508140563965,-0.3870713412761688,-0.38802066445350647,-0.012581586837768555,-0.34572112560272217,-0.09769143164157867,-0.09769143164157867,0.0,0.0,nan,nan,13.290740013122559,13.290740013122559,26.581480026245117,0.0,4.849392890930176,0.6459274291992188,0.0,0.0,0.0,0.6459274291992188,0.0,4.849392890930176,0.0,0.0,0.0,-0.27143508195877075,-2.1547422409057617,4.383747577667236,0.0,0.0,0.0,0.0,4.849392890930176,0.6459274291992188,0.0,0.0,0.0,0.6459274291992188,0.0,4.849392890930176,-0.0,-0.0,-0.0,-0.27143508195877075,2.1547415256500244,4.3837480545043945,0.0,0.0,0.0,2.9802322387695312e-08,5.820766091346741e-11,0.6000000238418579,-4.470348358154297e-08,0.05600005388259888,0.6000000238418579,-1.4901161193847656e-08,-0.05599990487098694,0.6000000238418579,-0.5428701639175415,-7.152557373046875e-07,8.767496109008789,0.0,0.0,0.0,6.258487701416016e-07,5.225834343036695e-07,1.0523945093154907e-07,15.403518676757812,15.403512954711914,35.189964294433594,35.189964294433594,0.5610860586166382,0.5610860586166382,0.4383901059627533,0.4383901059627533,0.0005239031161181629,0.0005239031161181629,0.2546203136444092,0.2546203136444092,6.859159469604492,6.859159469604492,-1.2676914930343628,-1.2676914930343628,1.7077196836471558,1.7077196836471558,0.0,0.0,-0.08232466876506805,-0.08232466876506805,0.6459274291992188,0.6459274291992188,0.5500251054763794,0.5500251054763794,0.1474594920873642,0.1474594920873642,0.27459391951560974,0.27459391951560974,52.97660446166992,52.97660446166992,26.026016235351562,26.026016235351562,37.84215545654297,37.84215545654297,6.402693748474121,6.402693748474121,0.0,0.0,180.0
48,0.2,-0.403132528620293,-6.705420013129276,162.9699513832704,-0.403132528620293,-6.705420013129276,162.9699513832704,5.0,-5.0,0.0,0.0,12.0,0,0.5,0.0,0.0,3.2,3.2,3.2,6.705420017242432,6.70542049407959,6.70542049407959,6.70542049407959,-0.413665235042572,-0.4146060347557068,0.5901787877082825,0.2613442540168762,-0.08900117874145508,-0.08900117874145508,0.0,0.0,nan,nan,11.16700553894043,11.16700553894043,22.33401107788086,0.0,4.532406330108643,0.6893078088760376,0.0,0.0,0.0,0.6893078088760376,0.0,4.532406330108643,0.0,0.0,0.0,-0.15732260048389435,-2.1320672035217285,4.055538177490234,0.0,0.0,0.0,0.0,4.532406330108643,0.6893078088760376,0.0,0.0,0.0,0.6893078088760376,0.0,4.532406330108643,-0.0,-0.0,-0.0,-0.15732260048389435,2.132066249847412,4.055538654327393,0.0,0.0,0.0,2.9802322387695312e-08,5.820766091346741e-11,0.6000000238418579,-4.470348358154297e-08,0.05600005388259888,0.6000000238418579,7.450580596923828e-08,-0.0559999942779541,0.6000000238418579,-0.3146452009677887,-9.5367431640625e-07,8.111076354980469,0.0,0.0,0.0,2.086162567138672e-07,1.2086442779946083e-07,2.635642886161804e-07,14.381449699401855,14.381446838378906,32.64098358154297,32.64098358154297,0.6034961342811584,0.6034961342811584,0.3965039849281311,0.3965039849281311,0.0,0.0,0.21403278410434723,0.21403278410434723,6.56987190246582,6.56987190246582,-1.4158787727355957,-1.4158787727355957,1.5399997234344482,1.5399997234344482,0.0,0.0,-0.0809667780995369,-0.0809667780995369,0.6893078088760376,0.6893078088760376,0.5500251054763794,0.5500251054763794,0.1379447877407074,0.1379447877407074,0.25862351059913635,0.25862351059913635,48.338077545166016,48.338077545166016,23.371244430541992,23.371244430541992,35.1729621887207,35.1729621887207,6.900608539581299,6.900608539581299,0.0,0.0,180.0
49,0.20416666666666666,-0.4296252662187538,-6.0036557143454585,173.6798788932321,-0.4296252662187538,-6.0036557143454585,173.6798788932321,5.0,-5.0,0.0,0.0,12.0,0,0.5,0.0,0.0,3.2,3.2,3.2,6.0036540031433105,6.003655433654785,6.003655910491943,6.003655910491943,-0.4373640716075897,-0.4382895529270172,1.1877635717391968,0.8655243515968323,-0.07968664914369583,-0.07968664914369583,0.0,0.0,nan,nan,9.119154930114746,9.119154930114746,18.238309860229492,0.0,4.19601583480835,0.7142279148101807,0.0,0.0,0.0,0.7142279148101807,0.0,4.19601583480835,0.0,0.0,0.0,-0.06008794158697128,-2.071218490600586,3.717944860458374,0.0,0.0,0.0,0.0,4.19601583480835,0.7142279148101807,0.0,0.0,0.0,0.7142279148101807,0.0,4.19601583480835,-0.0,-0.0,-0.0,-0.060088299214839935,2.0712177753448486,3.7179453372955322,0.0,0.0,0.0,2.9802322387695312e-08,5.820766091346741e-11,0.6000000238418579,-1.043081283569336e-07,0.05600002408027649,0.6000000238418579,2.9802322387695312e-08,-0.055999934673309326,0.6000000238418579,-0.12017624080181122,-7.152557373046875e-07,7.435890197753906,0.0,0.0,0.0,2.980232238769531e-07,4.986152362107532e-07,2.630986273288727e-07,13.258806228637695,13.258800506591797,29.604267120361328,29.604267120361328,0.6604217886924744,0.6604217886924744,0.3395783007144928,0.3395783007144928,0.0,0.0,0.17482061684131622,0.17482061684131622,6.256000518798828,6.256000518798828,-1.5546932220458984,-1.5546932220458984,1.3692982196807861,1.3692982196807861,0.0,0.0,-0.07963529229164124,-0.07963529229164124,0.7142279148101807,0.7142279148101807,0.5500251054763794,0.5500251054763794,0.12681642174720764,0.12681642174720764,0.24166204035282135,0.24166204035282135,43.35053634643555,43.35053634643555,20.511503219604492,20.511503219604492,32.30018615722656,32.30018615722656,7.434292316436768,7.434292316436768,0.0,0.0,180.0
50,0.20833333333333334,-0.4531044912600184,-5.259780084346171,183.1715668415788,-0.4531044912600184,-5.259780084346171,183.1715668415788,5.0,-5.0,0.0,0.0,12.0,0,0.5,0.0,0.0,3.2,3.2,3.2,5.25977897644043,5.259778022766113,5.259779930114746,5.259779930114746,-0.45802024006843567,-0.4589238464832306,1.7729783058166504,1.4595117568969727,-0.06981316953897476,-0.06981316953897476,0.0,0.0,nan,nan,7.25789737701416,7.25789737701416,14.51579475402832,0.0,3.8704288005828857,0.7454786896705627,0.0,0.0,0.0,0.7454786896705627,0.0,3.8704288005828857,0.0,0.0,0.0,0.03886964172124863,-1.989003300666809,3.4026918411254883,0.0,0.0,0.0,0.0,3.8704288005828857,0.7454786896705627,0.0,0.0,0.0,0.7454786896705627,0.0,3.8704288005828857,-0.0,-0.0,-0.0,0.03886972367763519,1.9890024662017822,3.4026923179626465,0.0,0.0,0.0,2.9802322387695312e-08,5.820766091346741e-11,0.6000000238418579,-2.9802322387695312e-08,0.05600002408027649,0.6000000238418579,-1.4901161193847656e-08,-0.055999964475631714,0.6000000238418579,0.07773936539888382,-8.344650268554688e-07,6.805384159088135,0.0,0.0,0.0,1.6391277313232422e-07,3.5492843153406284e-07,3.189779818058014e-08,12.069087028503418,12.069087028503418,26.034015655517578,26.034015655517578,0.7442913055419922,0.7442913055419922,0.255708783864975,0.255708783864975,0.0,0.0,0.12566909193992615,0.12566909193992615,5.922638893127441,5.922638893127441,-1.6828923225402832,-1.6828923225402832,1.1997759342193604,1.1997759342193604,0.0,0.0,-0.0783601626753807,-0.0783601626753807,0.7454786896705627,0.7454786896705627,0.5500251054763794,0.5500251054763794,0.1141437441110611,0.1141437441110611,0.2238197773694992,0.2238197773694992,38.04788589477539,38.04788589477539,17.466169357299805,17.466169357299805,29.243305206298828,29.243305206298828,8.000000953674316,8.000000953674316,0.0,0.0,180.0
51,0.2125,-0.47340551385022134,-4.479010876201988,191.37843785712082,-0.47340551385022134,-4.479010876201988,191.37843785712082,5.0,-5.0,0.0,0.0,12.0,0,0.5,0.0,0.0,3.2,3.2,3.2,4.479009628295898,4.479009628295898,4.479011535644531,4.479011058807373,-0.4754877984523773,-0.47636300325393677,2.3418989181518555,2.0393247604370117,-0.05945000424981117,-0.05945000424981117,0.0,0.0,nan,nan,5.609025001525879,5.609025001525879,11.218050003051758,0.0,3.5563316345214844,0.767498254776001,0.0,0.0,0.0,0.767498254776001,0.0,3.5563316345214844,0.0,0.0,0.0,0.12427349388599396,-1.8891416788101196,3.106806516647339,0.0,0.0,0.0,0.0,3.5563316345214844,0.767498254776001,0.0,0.0,0.0,0.767498254776001,0.0,3.5563316345214844,-0.0,-0.0,-0.0,0.1242733746767044,1.88914155960083,3.106806993484497,0.0,0.0,0.0,2.9802322387695312e-08,5.820766091346741e-11,0.6000000238418579,-8.940696716308594e-08,0.05600002408027649,0.6000000834465027,-7.450580596923828e-08,-0.055999934673309326,0.6000000238418579,0.24854686856269836,-1.1920928955078125e-07,6.213613510131836,0.0,0.0,0.0,3.5762786865234375e-07,7.018326755314774e-07,1.0710209608078003e-08,10.875359535217285,10.875356674194336,21.91472816467285,21.91472816467285,0.8624516129493713,0.8624516129493713,0.13754841685295105,0.13754841685295105,0.0,0.0,0.07163921743631363,0.07163921743631363,5.5746259689331055,5.5746259689331055,-1.7992889881134033,-1.7992889881134033,1.0351756811141968,1.0351756811141968,0.0,0.0,-0.07716859877109528,-0.07716859877109528,0.767498254776001,0.767498254776001,0.5500251054763794,0.5500251054763794,0.10000934451818466,0.10000934451818466,0.20521552860736847,0.20521552860736847,32.46696853637695,32.46696853637695,14.25633430480957,14.25633430480957,26.023487091064453,26.023487091064453,8.593766212463379,8.593766212463379,0.0,0.0,180.0
52,0.21666666666666667,-0.4903859369021576,-3.6668246249261154,198.24292663631311,-0.4903859369021576,-3.6668246249261154,198.24292663631311,5.0,-5.0,0.0,0.0,12.0,0,0.5,0.0,0.0,3.2,3.2,3.2,3.666823625564575,3.6668243408203125,3.6668243408203125,3.6668245792388916,-0.489621639251709,-0.4904622435569763,2.8941586017608643,2.6045982837677,-0.04866983741521835,-0.04866983741521835,0.0,0.0,nan,nan,4.116861343383789,4.116861343383789,8.233722686767578,0.0,3.2225522994995117,0.7382102012634277,0.0,0.0,0.0,0.7382102012634277,0.0,3.2225522994995117,0.0,0.0,0.0,0.1605464220046997,-1.757949709892273,2.7952880859375,0.0,0.0,0.0,0.0,3.2225522994995117,0.7382102012634277,0.0,0.0,0.0,0.7382102012634277,0.0,3.2225522994995117,-0.0,-0.0,-0.0,0.16054630279541016,1.7579495906829834,2.7952880859375,0.0,0.0,0.0,2.9802322387695312e-08,5.820766091346741e-11,0.6000000238418579,-8.940696716308594e-08,0.0559999942779541,0.6000000834465027,-5.960464477539063e-08,-0.055999964475631714,0.6000000238418579,0.32109272480010986,-1.1920928955078125e-07,5.590576171875,0.0,0.0,0.0,1.9371509552001953e-07,5.927118422732747e-07,4.0978193283081055e-08,9.792529106140137,9.792529106140137,17.303022384643555,17.303022384643555,0.9703718423843384,0.9703718423843384,0.029628142714500427,0.029628142714500427,0.0,0.0,0.029628142714500427,0.029628142714500427,5.2163591384887695,5.2163591384887695,-1.9027791023254395,-1.9027791023254395,0.878713846206665,0.878713846206665,0.0,0.0,-0.07608456164598465,-0.07608456164598465,0.7382102012634277,0.7382102012634277,0.5500251054763794,0.5500251054763794,0.08450876921415329,0.08450876921415329,0.18597623705863953,0.18597623705863953,26.64727783203125,26.64727783203125,10.904653549194336,10.904653549194336,22.663454055786133,22.663454055786133,9.211423873901367,9.211423873901367,0.0,0.0,180.0
53,0.22083333333333333,-0.5039266549485347,-2.8289182335162426,203.7168837224979,-0.5039266549485347,-2.8289182335162426,203.7168837224979,5.0,-5.0,0.0,0.0,12.0,0,0.5,0.0,0.0,3.2,3.2,3.2,2.8289172649383545,2.828917980194092,2.828918218612671,2.82891845703125,-0.5003143548965454,-0.5011144876480103,3.427211284637451,3.1527154445648193,-0.03754828870296478,-0.03754828870296478,0.0,0.0,nan,nan,2.7792484760284424,2.7792484760284424,5.558496952056885,0.0,2.85927152633667,0.6578900218009949,0.0,0.0,0.0,0.6578900218009949,0.0,2.85927152633667,0.0,0.0,0.0,0.14972007274627686,-1.5920790433883667,2.45990252494812,0.0,0.0,0.0,0.0,2.85927152633667,0.6578900218009949,0.0,0.0,0.0,0.6578900218009949,0.0,2.85927152633667,-0.0,-0.0,-0.0,0.14971989393234253,1.5920790433883667,2.459902763366699,0.0,0.0,0.0,2.9802322387695312e-08,5.820766091346741e-11,0.6000000238418579,-1.341104507446289e-07,0.0559999942779541,0.6000000238418579,2.9802322387695312e-08,-0.055999934673309326,0.6000000238418579,0.2994399666786194,0.0,4.919805526733398,0.0,0.0,0.0,1.341104507446289e-07,4.0320944094673905e-07,2.4121254682540894e-07,9.027963638305664,9.027965545654297,13.71657943725586,13.716593742370605,1.0,1.0,0.0,0.0,0.0,0.0,0.0,0.0,4.8516387939453125,4.8516387939453125,-1.992366909980774,-1.992366909980774,0.7330183386802673,0.7330183386802673,0.0,0.0,-0.07512834668159485,-0.07512834668159485,0.6578900218009949,0.6578900218009949,0.5500251054763794,0.5500251054763794,0.06775008887052536,0.06775008887052536,0.16623619198799133,0.16623619198799133,20.630693435668945,20.630693435668945,7.435190200805664,7.435190200805664,19.18733024597168,19.18733024597168,9.848642349243164,9.848642349243164,0.0,0.0,180.0
54,0.225,-0.5139326895812499,-1.9711690132731998,207.7619132397484,-0.5139326895812499,-1.9711690132731998,207.7619132397484,5.0,-5.0,0.0,0.0,12.0,0,0.5,0.0,0.0,3.2,3.2,3.2,1.9711689949035645,1.9711685180664062,1.9711689949035645,1.9711689949035645,-0.5074551701545715,-0.5082095861434937,3.943037509918213,3.685668468475342,-0.026163367554545403,-0.026163367554545403,0.0,0.0,nan,nan,1.5595908164978027,1.5595908164978027,3.1191816329956055,0.0,2.4163477420806885,0.5257968306541443,0.0,0.0,0.0,0.5257968306541443,0.0,2.4163477420806885,0.0,0.0,0.0,0.09982585161924362,-1.3654690980911255,2.059302568435669,0.0,0.0,0.0,0.0,2.4163477420806885,0.5257968306541443,0.0,0.0,0.0,0.5257968306541443,0.0,2.4163477420806885,-0.0,-0.0,-0.0,0.09982575476169586,1.3654687404632568,2.059303045272827,0.0,0.0,0.0,2.9802322387695312e-08,5.820766091346741e-11,0.6000000238418579,-8.940696716308594e-08,0.05600005388259888,0.6000000834465027,-4.470348358154297e-08,-0.055999934673309326,0.6000000238418579,0.1996515989303589,-3.5762786865234375e-07,4.118605613708496,0.0,0.0,0.0,2.980232238769531e-07,4.04868103487388e-07,4.423782229423523e-08,8.931037902832031,8.931035995483398,13.180313110351562,13.180313110351562,1.0,1.0,0.0,0.0,0.0,0.0,0.0,0.0,4.4835357666015625,4.4835357666015625,-2.067188262939453,-2.067188262939453,0.6001132130622864,0.6001132130622864,0.0,0.0,-0.07431638240814209,-0.07431638240814209,0.5257968306541443,0.5257968306541443,0.5500251054763794,0.5500251054763794,0.049853164702653885,0.049853164702653885,0.14613616466522217,0.14613616466522217,14.46108341217041,14.46108341217041,3.8731958866119385,3.8731958866119385,15.620413780212402,15.620413780212402,10.50094985961914,10.50094985961914,0.0,0.0,180.0
55,0.22916666666666666,-0.5203338556566806,-1.0995934586850369,210.34964221235074,-0.5203338556566806,-1.0995934586850369,210.34964221235074,5.0,-5.0,0.0,0.0,12.0,0,0.5,0.0,0.0,3.2,3.2,3.2,1.099593162536621,1.0995930433273315,1.0995934009552002,1.0995934009552002,-0.5110554099082947,-0.5117588043212891,4.428164005279541,4.189666748046875,-0.014594926498830318,-0.014594926498830318,0.0,0.0,nan,nan,0.6719070672988892,0.6719070672988892,1.3438141345977783,0.0,1.9877941608428955,0.4077901840209961,0.0,0.0,0.0,0.4077901840209961,0.0,1.9877941608428955,0.0,0.0,0.0,0.05941050499677658,-1.1337692737579346,1.6818609237670898,0.0,0.0,0.0,0.0,1.9877941608428955,0.4077901840209961,0.0,0.0,0.0,0.4077901840209961,0.0,1.9877941608428955,-0.0,-0.0,-0.0,0.05941047519445419,1.1337690353393555,1.6818610429763794,0.0,0.0,0.0,2.9802322387695312e-08,5.820766091346741e-11,0.6000000238418579,-1.043081283569336e-07,0.05600002408027649,0.6000000238418579,-1.043081283569336e-07,-0.055999934673309326,0.6000000238418579,0.11882098019123077,-2.384185791015625e-07,3.3637218475341797,0.0,0.0,0.0,1.4156103134155273e-07,4.511102815740742e-07,-6.984919309616089e-09,9.841299057006836,9.841296195983887,12.650269508361816,12.650269508361816,1.0,1.0,0.0,0.0,0.0,0.0,0.0,0.0,4.1143269538879395,4.1143269538879395,-2.126532793045044,-2.126532793045044,0.4814513027667999,0.4814513027667999,0.0,0.0,-0.07366111874580383,-0.07366111874580383,0.4077901840209961,0.4077901840209961,0.5500251054763794,0.5500251054763794,0.030948743224143982,0.030948743224143982,0.12582235038280487,0.12582235038280487,8.183931350708008,8.183931350708008,0.244893878698349,0.244893878698349,11.988964080810547,11.988964080810547,11.163772583007812,11.163772583007812,0.0,0.0,180.0
56,0.23333333333333334,-0.5230852535940391,-0.22030504604099016,211.46191958084287,-0.5230852535940391,-0.22030504604099016,211.46191958084287,5.0,-5.0,0.0,0.0,12.0,0,0.5,0.0,0.0,3.2,3.2,3.2,0.22030501067638397,0.2203049510717392,0.22030504047870636,0.22030504047870636,-0.5110893845558167,-0.5117365717887878,4.879299163818359,4.661288261413574,-0.0029241135343909264,-0.0029241135343909264,0.0,0.0,nan,nan,0.11267130076885223,0.11267130076885223,0.22534260153770447,0.0,1.5756070613861084,0.30481189489364624,0.0,0.0,0.0,0.30481189489364624,0.0,1.5756070613861084,0.0,0.0,0.0,0.029589463025331497,-0.9022295475006104,1.3268588781356812,0.0,0.0,0.0,0.0,1.5756070613861084,0.30481189489364624,0.0,0.0,0.0,0.30481189489364624,0.0,1.5756070613861084,-0.0,-0.0,-0.0,0.02958948165178299,0.9022291302680969,1.3268589973449707,0.0,0.0,0.0,2.9802322387695312e-08,5.820766091346741e-11,0.6000000238418579,-1.4901161193847656e-08,0.05600002408027649,0.6000000238418579,-1.341104507446289e-07,-0.05599990487098694,0.6000000238418579,0.05917894467711449,-4.172325134277344e-07,2.6537179946899414,0.0,0.0,0.0,1.4901161193847656e-07,2.7680437142407754e-07,-1.100124791264534e-07,11.521893501281738,11.521890640258789,12.128795623779297,12.128795623779297,1.0,1.0,0.0,0.0,0.0,0.0,0.0,0.0,3.7454681396484375,3.7454681396484375,-2.169861316680908,-2.169861316680908,0.3779827952384949,0.3779827952384949,0.0,0.0,-0.07317091524600983,-0.07317091524600983,0.30481189489364624,0.30481189489364624,0.5500251054763794,0.5500251054763794,0.011177164502441883,0.011177164502441883,0.10544498264789581,0.10544498264789581,1.845848798751831,1.845848798751831,-3.422797441482544,-3.422797441482544,8.31991958618164,8.31991958618164,11.8324613571167,11.8324613571167,0.0,0.0,180.0
57,0.2375,-0.5221675843136717,0.6605286482120585,211.09094351865497,-0.5221675843136717,0.6605286482120585,211.09094351865497,5.0,-5.0,0.0,0.0,12.0,0,0.5,0.0,0.0,3.2,3.2,3.2,0.6605286598205566,0.6605285406112671,0.6605286598205566,0.6605286598205566,-0.5075554847717285,-0.508141815662384,5.293479919433594,5.0974297523498535,0.008767210878431797,0.008767210878431797,0.0,0.0,nan,nan,-0.13018538057804108,-0.13018538057804108,-0.26037076115608215,0.0,1.1808414459228516,0.2173997163772583,0.0,0.0,0.0,0.2173997163772583,0.0,1.1808414459228516,0.0,0.0,0.0,0.011246182024478912,-0.6752885580062866,0.992727518081665,0.0,0.0,0.0,0.0,1.1808414459228516,0.2173997163772583,0.0,0.0,0.0,0.2173997163772583,0.0,1.1808414459228516,-0.0,-0.0,-0.0,0.011246081441640854,0.6752884387969971,0.9927276372909546,0.0,0.0,0.0,2.9802322387695312e-08,5.820766091346741e-11,0.6000000238418579,-2.9802322387695312e-08,0.05600006878376007,0.6000000834465027,1.4901161193847656e-08,-0.055999934673309326,0.6000000834465027,0.022492263466119766,-1.1920928955078125e-07,1.9854551553726196,0.0,0.0,0.0,1.2665987014770508e-07,7.53046123236345e-08,2.2992026060819626e-08,13.490616798400879,13.490619659423828,15.957026481628418,15.957026481628418,0.874330997467041,0.874330997467041,0.12566909193992615,0.12566909193992615,0.0,0.0,0.0,0.0,3.3776557445526123,3.3776557445526123,-2.1968142986297607,-2.1968142986297607,0.29024985432624817,0.29024985432624817,0.0,0.0,-0.07285015285015106,-0.07285015285015106,0.2173997163772583,0.2173997163772583,0.5500251054763794,0.5500251054763794,-0.009313114918768406,-0.009313114918768406,0.08515674620866776,0.08515674620866776,-4.50589656829834,-4.50589656829834,-7.102536201477051,-7.102536201477051,4.640632152557373,4.640632152557373,12.502325057983398,12.502325057983398,0.0,0.0,180.0
58,0.24166666666666667,-0.5175872846062355,1.5367292085870878,209.23931615631736,-0.5175872846062355,1.5367292085870878,209.23931615631736,5.0,-5.0,0.0,0.0,12.0,0,0.5,0.0,0.0,3.2,3.2,3.2,1.5367292165756226,1.536728858947754,1.5367292165756226,1.5367292165756226,-0.5004768967628479,-0.5009978413581848,5.668078899383545,5.495315074920654,0.020397039130330086,0.020397039130330086,0.0,0.0,nan,nan,-0.07510049641132355,-0.07510049641132355,-0.1502009928226471,0.0,0.8037296533584595,0.14578893780708313,0.0,0.0,0.0,0.14578893780708313,0.0,0.8037296533584595,0.0,0.0,0.0,0.005083676893264055,-0.4566047787666321,0.6772902011871338,0.0,0.0,0.0,0.0,0.8037296533584595,0.14578893780708313,0.0,0.0,0.0,0.14578893780708313,0.0,0.8037296533584595,-0.0,-0.0,-0.0,0.005083705764263868,0.45660459995269775,0.6772903203964233,0.0,0.0,0.0,2.9802322387695312e-08,5.820766091346741e-11,0.6000000238418579,-8.940696716308594e-08,0.056000009179115295,0.6000000238418579,-8.940696716308594e-08,-0.055999934673309326,0.6000000238418579,0.010167382657527924,-1.7881393432617188e-07,1.3545805215835571,0.0,0.0,0.0,4.470348358154297e-08,1.6147858161730255e-07,1.2223608791828156e-09,15.509336471557617,15.509331703186035,21.25790786743164,21.25790786743164,0.44963017106056213,0.44963017106056213,0.5503698587417603,0.5503698587417603,0.0,0.0,0.0,0.0,3.010951042175293,3.010951042175293,-2.207221508026123,-2.207221508026123,0.21848806738853455,0.21848806738853455,0.0,0.0,-0.07269912958145142,-0.07269912958145142,0.14578893780708313,0.14578893780708313,0.5500251054763794,0.5500251054763794,-0.030367203056812286,-0.030367203056812286,0.06511113047599792,0.06511113047599792,-10.823899269104004,-10.823899269104004,-10.766854286193848,-10.766854286193848,0.9785668849945068,0.9785668849945068,13.168664932250977,13.168664932250977,0.0,0.0,180.0
59,0.24583333333333332,-0.5093764819832375,2.4021507177022916,205.92002532938443,-0.5093764819832375,2.4021507177022916,205.92002532938443,5.0,-5.0,0.0,0.0,12.0,0,0.5,0.0,0.0,3.2,3.2,3.2,2.4021501541137695,2.4021501541137695,2.4021506309509277,2.4021506309509277,-0.48990073800086975,-0.490352988243103,6.000790596008301,5.852482795715332,0.03188379481434822,0.03188379481434822,0.0,0.0,nan,nan,0.2551005184650421,0.2551005184650421,0.5102010369300842,0.0,0.4438759684562683,0.09000234305858612,0.0,0.0,0.0,0.09000234305858612,0.0,0.4438759684562683,0.0,0.0,0.0,0.01165979914367199,-0.24916155636310577,0.3780328929424286,0.0,0.0,0.0,0.0,0.4438759684562683,0.09000234305858612,0.0,0.0,0.0,0.09000234305858612,0.0,0.4438759684562683,-0.0,-0.0,-0.0,0.011659790761768818,0.24916145205497742,0.37803298234939575,0.0,0.0,0.0,2.9802322387695312e-08,5.820766091346741e-11,0.6000000238418579,-5.960464477539063e-08,0.05600002408027649,0.6000000238418579,-4.470348358154297e-08,-0.055999964475631714,0.6000000238418579,0.023319590836763382,-1.043081283569336e-07,0.756065845489502,0.0,0.0,0.0,1.6763806343078613e-08,6.19644282551235e-08,2.561137080192566e-09,17.470495223999023,17.47049331665039,26.19782257080078,26.19782257080078,0.3360842764377594,0.3360842764377594,0.663915753364563,0.663915753364563,0.0,0.0,0.0,0.0,2.6449756622314453,2.6449756622314453,-2.2010998725891113,-2.2010998725891113,0.16271667182445526,0.16271667182445526,0.0,0.0,-0.07271432876586914,-0.07271432876586914,0.09000234305858612,0.09000234305858612,0.5500251054763794,0.5500251054763794,-0.051825493574142456,-0.051825493574142456,0.04546068236231804,0.04546068236231804,-17.061124801635742,-17.061124801635742,-14.388456344604492,-14.388456344604492,-2.6389966011047363,-2.6389966011047363,13.826807022094727,13.826807022094727,0.0,0.0,180.0
60,0.25,-0.4975927693256244,3.250722865475723,201.15635347809993,-0.4975927693256244,3.250722865475723,201.15635347809993,5.0,-5.0,0.0,0.0,12.0,0,0.5,0.0,0.0,3.2,3.2,3.2,3.250723123550415,3.2507224082946777,3.250722885131836,3.250722885131836,-0.4758995473384857,-0.47627967596054077,6.2896409034729,6.166794300079346,0.04314691200852394,0.04314691200852394,0.0,0.0,nan,nan,0.8346932530403137,0.8346932530403137,1.6693865060806274,0.0,0.10049530863761902,0.049911979585886,0.0,0.0,0.0,0.049911979585886,0.0,0.10049530863761902,0.0,0.0,0.0,0.03139249607920647,-0.055427227169275284,0.09237340837717056,0.0,0.0,0.0,0.0,0.10049530863761902,0.049911979585886,0.0,0.0,0.0,0.049911979585886,0.0,0.10049530863761902,-0.0,-0.0,-0.0,0.03139249607920647,0.05542721226811409,0.09237341582775116,0.0,0.0,0.0,2.9802322387695312e-08,5.820766091346741e-11,0.6000000238418579,-5.960464477539063e-08,0.05600005388259888,0.6000000238418579,-2.9802322387695312e-08,-0.055999934673309326,0.6000000238418579,0.06278499215841293,-1.4901161193847656e-08,0.18474683165550232,0.0,0.0,0.0,1.0710209608078003e-08,1.3764711148667175e-08,-1.979060471057892e-09,19.317766189575195,19.317766189575195,30.6079158782959,30.6079158782959,0.27872011065483093,0.27872011065483093,0.7212798595428467,0.7212798595428467,0.0,0.0,0.0,0.0,2.2791430950164795,2.2791430950164795,-2.178647994995117,-2.178647994995117,0.1228003278374672,0.1228003278374672,0.0,0.0,-0.07288835942745209,-0.07288835942745209,0.049911979585886,0.049911979585886,0.5500251054763794,0.5500251054763794,-0.07352558523416519,-0.07352558523416519,0.02635510265827179,0.02635510265827179,-23.17140769958496,-23.17140769958496,-17.940507888793945,-17.940507888793945,-6.185252666473389,-6.185252666473389,14.472136497497559,14.472136497497559,0.0,0.0,180.0
61,0.25416666666666665,-0.48231880091110346,4.0764935279889984,194.9817143378071,-0.48231880091110346,4.0764935279889984,194.9817143378071,5.0,-5.0,0.0,0.0,12.0,0,0.5,0.0,0.0,3.2,3.2,3.2,4.076493740081787,4.076493263244629,4.076493740081787,4.076493740081787,-0.45856907963752747,-0.45887428522109985,6.532957077026367,6.436406135559082,0.05410738289356232,0.05410738289356232,0.0,0.0,nan,nan,1.6358922719955444,1.6358922719955444,3.271784543991089,0.0,-0.22732111811637878,0.02526325359940529,0.0,0.0,0.0,0.02526325359940529,0.0,-0.22732111811637878,0.0,0.0,0.0,0.06452878564596176,0.12246600538492203,-0.18207481503486633,0.0,0.0,0.0,0.0,-0.22732111811637878,0.02526325359940529,0.0,0.0,0.0,0.02526325359940529,0.0,-0.22732111811637878,-0.0,-0.0,-0.0,0.06452878564596176,-0.12246596068143845,-0.18207484483718872,0.0,0.0,0.0,2.9802322387695312e-08,5.820766091346741e-11,0.6000000238418579,-5.960464477539063e-08,0.056000009179115295,0.6000000238418579,2.9802322387695312e-08,-0.055999964475631714,0.6000000238418579,0.12905757129192352,4.470348358154297e-08,-0.36414965987205505,0.0,0.0,0.0,-6.51925802230835e-09,-1.627875789722566e-08,-1.3969838619232178e-08,21.021068572998047,21.021068572998047,34.44263458251953,34.44263458251953,0.2498149424791336,0.2498149424791336,0.7501851320266724,0.7501851320266724,0.0,0.0,0.0,0.0,1.9129141569137573,1.9129141569137573,-2.140235185623169,-2.140235185623169,0.09847337007522583,0.09847337007522583,0.0,0.0,-0.07321010529994965,-0.07321010529994965,0.02526325359940529,0.02526325359940529,0.5500251054763794,0.5500251054763794,-0.09530418366193771,-0.09530418366193771,0.007939491420984268,0.007939491420984268,-29.109941482543945,-29.109941482543945,-21.39691734313965,-21.39691734313965,-9.634148597717285,-9.634148597717285,15.10012435913086,15.10012435913086,0.0,0.0,180.0
62,0.2583333333333333,-0.4636617126537717,4.873670517359982,187.43941856560312,-0.4636617126537717,4.873670517359982,187.43941856560312,5.0,-5.0,0.0,0.0,12.0,0,0.5,0.0,0.0,3.2,3.2,3.2,4.87367057800293,4.873669147491455,4.87367057800293,4.87367057800293,-0.43802884221076965,-0.43825697898864746,6.729360103607178,6.659762382507324,0.06468833237886429,0.06468833237886429,0.0,0.0,nan,nan,2.6290488243103027,2.6290488243103027,5.2580976486206055,0.0,-0.5403508543968201,0.015660196542739868,0.0,0.0,0.0,0.015660196542739868,0.0,-0.5403508543968201,0.0,0.0,0.0,0.11107855290174484,0.28256288170814514,-0.44726285338401794,0.0,0.0,0.0,0.0,-0.5403508543968201,0.015660196542739868,0.0,0.0,0.0,0.015660196542739868,0.0,-0.5403508543968201,-0.0,-0.0,-0.0,0.11107854545116425,-0.28256282210350037,-0.44726288318634033,0.0,0.0,0.0,2.9802322387695312e-08,5.820766091346741e-11,0.6000000238418579,1.4901161193847656e-08,0.05600002408027649,0.6000000238418579,-1.1920928955078125e-07,-0.055999934673309326,0.5999999642372131,0.2221570909023285,5.960464477539063e-08,-0.8945257663726807,0.0,0.0,0.0,-5.587935447692871e-08,-7.993288875240978e-08,2.7474015951156616e-08,22.56642723083496,22.56642723083496,37.71895217895508,37.71895217895508,0.22074872255325317,0.22074872255325317,0.7345550656318665,0.7345550656318665,0.04469626769423485,0.04469626769423485,0.0,0.0,1.5460352897644043,1.5460352897644043,-2.086386203765869,-2.086386203765869,0.08932517468929291,0.08932517468929291,0.0,0.0,-0.07366497814655304,-0.07366497814655304,0.015660196542739868,0.015660196542739868,0.5500251054763794,0.5500251054763794,-0.11699888110160828,-0.11699888110160828,-0.009647335857152939,-0.009647335857152939,-34.83368682861328,-34.83368682861328,-24.73258399963379,-24.73258399963379,-12.960639953613281,-12.960639953613281,15.706368446350098,15.706368446350098,0.0,0.0,180.0
63,0.2625,-0.4417523706226542,5.636662209779137,178.58236994719766,-0.4417523706226542,5.636662209779137,178.58236994719766,5.0,-5.0,0.0,0.0,12.0,0,0.5,0.0,0.0,3.2,3.2,3.2,5.636661529541016,5.636662483215332,5.636662006378174,5.636662006378174,-0.4144212305545807,-0.414570689201355,6.87775182723999,6.835572242736816,0.074815534055233,0.074815534055233,0.0,0.0,nan,nan,3.782374858856201,3.782374858856201,7.564749717712402,0.0,-0.8390243649482727,0.02051977813243866,0.0,0.0,0.0,0.02051977813243866,0.0,-0.8390243649482727,0.0,0.0,0.0,0.17072536051273346,0.4229738712310791,-0.7045061588287354,0.0,0.0,0.0,0.0,-0.8390243649482727,0.02051977813243866,0.0,0.0,0.0,0.02051977813243866,0.0,-0.8390243649482727,-0.0,-0.0,-0.0,0.17072540521621704,-0.4229738116264343,-0.7045062184333801,0.0,0.0,0.0,2.9802322387695312e-08,5.820766091346741e-11,0.6000000238418579,-5.960464477539063e-08,0.0559999942779541,0.6000000834465027,7.450580596923828e-08,-0.055999964475631714,0.6000000238418579,0.3414507508277893,5.960464477539063e-08,-1.4090123176574707,0.0,0.0,0.0,-4.470348358154297e-08,-2.1317852372249035e-08,-5.960464477539063e-08,23.950321197509766,23.950326919555664,40.4844970703125,40.4844970703125,0.20615608990192413,0.20615608990192413,0.6681748628616333,0.6681748628616333,0.12566909193992615,0.12566909193992615,0.0,0.0,1.178735375404358,1.178735375404358,-2.0177597999572754,-2.0177597999572754,0.09475480020046234,0.09475480020046234,0.0,0.0,-0.07423502206802368,-0.07423502206802368,0.02051977813243866,0.02051977813243866,0.5500251054763794,0.5500251054763794,-0.1384499967098236,-0.1384499967098236,-0.026274491101503372,-0.026274491101503372,-40.30179977416992,-40.30179977416992,-27.923646926879883,-27.923646926879883,-16.140926361083984,-16.140926361083984,16.2866153717041,16.2866153717041,0.0,0.0,180.0
64,0.26666666666666666,-0.4167444531102597,6.360116766732885,168.4726943148686,-0.4167444531102597,6.360116766732885,168.4726943148686,5.0,-5.0,0.0,0.0,12.0,0,0.5,0.0,0.0,3.2,3.2,3.2,6.360115051269531,6.360115051269531,6.360116958618164,6.360116958618164,-0.3879104256629944,-0.3879801332950592,6.977301597595215,6.96282958984375,0.08441796153783798,0.08441796153783798,0.0,0.0,nan,nan,5.0614495277404785,5.0614495277404785,10.122899055480957,0.0,-1.1232632398605347,0.03900986164808273,0.0,0.0,0.0,0.03900986164808273,0.0,-1.1232632398605347,0.0,0.0,0.0,0.2427297830581665,0.5418316721916199,-0.9543284773826599,0.0,0.0,0.0,0.0,-1.1232632398605347,0.03900986164808273,0.0,0.0,0.0,0.03900986164808273,0.0,-1.1232632398605347,-0.0,-0.0,-0.0,0.2427297979593277,-0.5418314933776855,-0.9543285369873047,0.0,0.0,0.0,2.9802322387695312e-08,5.820766091346741e-11,0.6000000238418579,-1.341104507446289e-07,0.0559999942779541,0.6000000238418579,0.0,-0.055999964475631714,0.5999999642372131,0.485459566116333,1.7881393432617188e-07,-1.9086570739746094,0.0,0.0,0.0,-5.587935447692871e-08,-1.993356590901385e-07,-7.916241884231567e-08,25.17588233947754,25.17588233947754,42.79875564575195,42.79875564575195,0.20615608990192413,0.20615608990192413,0.5930602550506592,0.5930602550506592,0.20078371465206146,0.20078371465206146,0.0,0.0,0.8118637800216675,0.8118637800216675,-1.9351270198822021,-1.9351270198822021,0.11390915513038635,0.11390915513038635,0.0,0.0,-0.07489929348230362,-0.07489929348230362,0.03900986164808273,0.03900986164808273,0.5500251054763794,0.5500251054763794,-0.1595020890235901,-0.1595020890235901,-0.04182041436433792,-0.04182041436433792,-45.47592544555664,-45.47592544555664,-30.94766616821289,-30.94766616821289,-19.152645111083984,-19.152645111083984,16.836793899536133,16.836793899536133,0.0,0.0,180.0
65,0.2708333333333333,-0.38881337268977284,7.038959674305601,157.18130377938448,-0.38881337268977284,7.038959674305601,157.18130377938448,5.0,-5.0,0.0,0.0,12.0,0,0.5,0.0,0.0,3.2,3.2,3.2,7.03895902633667,7.038956642150879,7.038959503173828,7.038959503173828,-0.3586817681789398,-0.3586711883544922,7.027439117431641,7.040770053863525,0.09342825412750244,0.09342825412750244,0.0,0.0,nan,nan,6.428779602050781,6.428779602050781,12.857559204101562,0.0,-1.392388105392456,0.06998728960752487,0.0,0.0,0.0,0.06998728960752487,0.0,-1.392388105392456,0.0,0.0,0.0,0.3258451819419861,0.637325644493103,-1.1963627338409424,0.0,0.0,0.0,0.0,-1.392388105392456,0.06998728960752487,0.0,0.0,0.0,0.06998728960752487,0.0,-1.392388105392456,-0.0,-0.0,-0.0,0.3258451819419861,-0.6373252868652344,-1.1963629722595215,0.0,0.0,0.0,2.9802322387695312e-08,5.820766091346741e-11,0.6000000238418579,-2.9802322387695312e-08,0.05600002408027649,0.6000000238418579,0.0,-0.05599990487098694,0.6000000238418579,0.6516903638839722,3.5762786865234375e-07,-2.392725706100464,0.0,0.0,0.0,-1.341104507446289e-07,-1.0696317076508421e-07,-5.774199962615967e-08,26.250259399414062,26.250255584716797,44.72241973876953,44.72241973876953,0.1915258765220642,0.1915258765220642,0.5538538098335266,0.5538538098335266,0.2546203136444092,0.2546203136444092,0.0,0.0,0.4469602704048157,0.4469602704048157,-1.839348316192627,-1.839348316192627,0.14562153816223145,0.14562153816223145,0.0,0.0,-0.07563425600528717,-0.07563425600528717,0.06998728960752487,0.06998728960752487,0.5500251054763794,0.5500251054763794,-0.18000538647174835,-0.18000538647174835,-0.0561738982796669,-0.0561738982796669,-50.320491790771484,-50.320491790771484,-33.783775329589844,-33.783775329589844,-21.97501564025879,-21.97501564025879,17.353044509887695,17.353044509887695,0.0,0.0,180.0
66,0.275,-0.35815504582188973,7.668429337248619,144.78739933249878,-0.35815504582188973,7.668429337248619,144.78739933249878,5.0,-5.0,0.0,0.0,12.0,0,0.5,0.0,0.0,3.2,3.2,3.2,7.668426990509033,7.66842794418335,7.668429374694824,7.668429374694824,-0.32694393396377563,-0.32685303688049316,7.027197360992432,7.068207740783691,0.10178322345018387,0.10178322345018387,0.0,0.0,nan,nan,7.813022136688232,7.813022136688232,15.626044273376465,0.0,-1.6388477087020874,0.10775946080684662,0.0,0.0,0.0,0.10775946080684662,0.0,-1.6388477087020874,0.0,0.0,0.0,0.41298916935920715,0.7051178216934204,-1.4246693849563599,0.0,0.0,0.0,0.0,-1.6388477087020874,0.10775946080684662,0.0,0.0,0.0,0.10775946080684662,0.0,-1.6388477087020874,-0.0,-0.0,-0.0,0.41298919916152954,-0.7051175832748413,-1.4246695041656494,0.0,0.0,0.0,2.9802322387695312e-08,5.820766091346741e-11,0.6000000238418579,-4.470348358154297e-08,0.056000083684921265,0.6000000834465027,2.9802322387695312e-08,-0.055999964475631714,0.6000000834465027,0.8259783983230591,2.384185791015625e-07,-2.849339008331299,0.0,0.0,0.0,-1.6391277313232422e-07,-5.691399351803739e-08,-9.872019290924072e-08,27.182748794555664,27.182748794555664,46.31201934814453,46.31201934814453,0.1915258765220642,0.1915258765220642,0.5123494863510132,0.5123494863510132,0.296124666929245,0.296124666929245,0.002056337660178542,0.002056337660178542,0.08625268191099167,0.08625268191099167,-1.7313491106033325,-1.7313491106033325,0.18836668133735657,0.18836668133735657,0.0,0.0,-0.0764143317937851,-0.0764143317937851,0.10775946080684662,0.10775946080684662,0.5500251054763794,0.5500251054763794,-0.1998169720172882,-0.1998169720172882,-0.06923521310091019,-0.06923521310091019,-54.80289077758789,-54.80289077758789,-36.41283416748047,-36.41283416748047,-24.5889949798584,-24.5889949798584,17.831748962402344,17.831748962402344,0.0,0.0,180.0
67,0.2791666666666667,-0.3249845186416121,8.2441104781497,131.37791530889876,-0.3249845186416121,8.2441104781497,131.37791530889876,5.0,-5.0,0.0,0.0,12.0,0,0.5,0.0,0.0,3.2,3.2,3.2,8.244108200073242,8.244109153747559,8.244111061096191,8.244111061096191,-0.292923241853714,-0.2927526533603668,6.9759907722473145,7.0443644523620605,0.10942424833774567,0.10942424833774567,0.0,0.0,nan,nan,9.140432357788086,9.140432357788086,18.280864715576172,0.0,-1.855682611465454,0.14566856622695923,0.0,0.0,0.0,0.14566856622695923,0.0,-1.855682611465454,0.0,0.0,0.0,0.49607983231544495,0.7424173951148987,-1.633247971534729,0.0,0.0,0.0,0.0,-1.855682611465454,0.14566856622695923,0.0,0.0,0.0,0.14566856622695923,0.0,-1.855682611465454,-0.0,-0.0,-0.0,0.4960799217224121,-0.7424169778823853,-1.6332480907440186,0.0,0.0,0.0,2.9802322387695312e-08,5.820766091346741e-11,0.6000000238418579,-1.4901161193847656e-08,0.05600005388259888,0.6000000834465027,4.470348358154297e-08,-0.055999964475631714,0.6000000834465027,0.9921597242355347,4.172325134277344e-07,-3.266496181488037,0.0,0.0,0.0,-1.341104507446289e-07,1.0462745336781154e-08,-8.381903171539307e-08,27.98357582092285,27.98358154296875,47.61754608154297,47.61754608154297,0.17686083912849426,0.17686083912849426,0.4849516749382019,0.4849516749382019,0.3381875455379486,0.3381875455379486,0.00794259924441576,0.00794259924441576,-0.26739850640296936,-0.26739850640296936,-1.6120967864990234,-1.6120967864990234,0.2402433454990387,0.2402433454990387,0.0,0.0,-0.07721249014139175,-0.07721249014139175,0.14566856622695923,0.14566856622695923,0.5500251054763794,0.5500251054763794,-0.21880172193050385,-0.21880172193050385,-0.08091655373573303,-0.08091655373573303,-58.89363479614258,-58.89363479614258,-38.81747817993164,-38.81747817993164,-26.977325439453125,-26.977325439453125,18.269546508789062,18.269546508789062,0.0,0.0,180.0
68,0.2833333333333333,-0.2895344585641177,8.761965107431775,117.0469096043086,-0.2895344585641177,8.761965107431775,117.0469096043086,5.0,-5.0,0.0,0.0,12.0,0,0.5,0.0,0.0,3.2,3.2,3.2,8.761963844299316,8.761962890625,8.76196575164795,8.76196575164795,-0.256866991519928,-0.2566177546977997,6.872795104980469,6.967991352081299,0.11629774421453476,0.11629774421453476,0.0,0.0,nan,nan,10.29942512512207,10.29942512512207,20.59885025024414,0.0,-2.0286412239074707,0.17085041105747223,0.0,0.0,0.0,0.17085041105747223,0.0,-2.0286412239074707,0.0,0.0,0.0,0.5594059824943542,0.7452086210250854,-1.810056447982788,0.0,0.0,0.0,0.0,-2.0286412239074707,0.17085041105747223,0.0,0.0,0.0,0.17085041105747223,0.0,-2.0286412239074707,-0.0,-0.0,-0.0,0.5594061017036438,-0.745208203792572,-1.8100565671920776,0.0,0.0,0.0,2.9802322387695312e-08,5.820766091346741e-11,0.6000000238418579,-2.9802322387695312e-08,0.05600002408027649,0.6000000238418579,2.9802322387695312e-08,-0.055999934673309326,0.6000000238418579,1.118812084197998,4.172325134277344e-07,-3.620112895965576,0.0,0.0,0.0,-1.564621925354004e-07,-1.078877716054194e-07,-8.940696716308594e-08,28.663042068481445,28.663043975830078,48.681819915771484,48.681819915771484,0.17686083912849426,0.17686083912849426,0.4567340612411499,0.4567340612411499,0.366405189037323,0.366405189037323,0.023084618151187897,0.023084618151187897,-0.6106096506118774,-0.6106096506118774,-1.482582688331604,-1.482582688331604,0.2989925146102905,0.2989925146102905,0.0,0.0,-0.07800103724002838,-0.07800103724002838,0.17085041105747223,0.17085041105747223,0.5500251054763794,0.5500251054763794,-0.23683299124240875,-0.23683299124240875,-0.09114251285791397,-0.09114251285791397,-62.56645202636719,-62.56645202636719,-40.982215881347656,-40.982215881347656,-29.124624252319336,-29.124624252319336,18.66337013244629,18.66337013244629,0.0,0.0,180.0
69,0.2875,-0.2520535222900179,9.218360846948455,101.89490392693288,-0.2520535222900179,9.218360846948455,101.89490392693288,5.0,-5.0,0.0,0.0,12.0,0,0.5,0.0,0.0,3.2,3.2,3.2,9.21835994720459,9.21835708618164,9.218360900878906,9.218360900878906,-0.21901091933250427,-0.21868474781513214,6.7210893630981445,6.84243631362915,0.12235549092292786,0.12235549092292786,0.0,0.0,nan,nan,11.382169723510742,11.382169723510742,22.764339447021484,0.0,-2.1820452213287354,0.19822004437446594,0.0,0.0,0.0,0.19822004437446594,0.0,-2.1820452213287354,0.0,0.0,0.0,0.6217905879020691,0.7249486446380615,-1.9719123840332031,0.0,0.0,0.0,0.0,-2.1820452213287354,0.19822004437446594,0.0,0.0,0.0,0.19822004437446594,0.0,-2.1820452213287354,-0.0,-0.0,-0.0,0.6217905879020691,-0.7249481081962585,-1.9719126224517822,0.0,0.0,0.0,2.9802322387695312e-08,5.820766091346741e-11,0.6000000238418579,-2.9802322387695312e-08,0.05600005388259888,0.6000000238418579,-8.940696716308594e-08,-0.05599990487098694,0.6000000238418579,1.2435811758041382,5.364418029785156e-07,-3.9438250064849854,0.0,0.0,0.0,-2.8312206268310547e-07,-3.5260543995718763e-07,-5.21540641784668e-08,29.230958938598633,29.23095703125,49.5406494140625,49.5406494140625,0.17686083912849426,0.17686083912849426,0.4284450113773346,0.4284450113773346,0.3946942090988159,0.3946942090988159,0.036845918744802475,0.036845918744802475,-0.9396151900291443,-0.9396151900291443,-1.3438032865524292,-1.3438032865524292,0.3620516061782837,0.3620516061782837,0.0,0.0,-0.07875247299671173,-0.07875247299671173,0.19822004437446594,0.19822004437446594,0.5500251054763794,0.5500251054763794,-0.25379320979118347,-0.25379320979118347,-0.09985024482011795,-0.09985024482011795,-65.79830169677734,-65.79830169677734,-42.8934211730957,-42.8934211730957,-31.01739501953125,-31.01739501953125,19.010454177856445,19.010454177856445,0.0,0.0,180.0
70,0.2916666666666667,-0.21280461165725864,9.61009640850693,86.02817870989686,-0.21280461165725864,9.61009640850693,86.02817870989686,5.0,-5.0,0.0,0.0,12.0,0,0.5,0.0,0.0,3.2,3.2,3.2,9.610095024108887,9.61009407043457,9.610095977783203,9.610095977783203,-0.17962811887264252,-0.17922723293304443,6.520716190338135,6.667327404022217,0.1275550127029419,0.1275550127029419,0.0,0.0,nan,nan,12.299224853515625,12.299224853515625,24.59844970703125,0.0,-2.3036234378814697,0.2183850258588791,0.0,0.0,0.0,0.2183850258588791,0.0,-2.3036234378814697,0.0,0.0,0.0,0.6712524890899658,0.6794937252998352,-2.1076245307922363,0.0,0.0,0.0,0.0,-2.3036234378814697,0.2183850258588791,0.0,0.0,0.0,0.2183850258588791,0.0,-2.3036234378814697,-0.0,-0.0,-0.0,0.6712526082992554,-0.6794933080673218,-2.1076245307922363,0.0,0.0,0.0,2.9802322387695312e-08,5.820766091346741e-11,0.6000000238418579,-1.4901161193847656e-08,0.05600002408027649,0.6000000238418579,-1.4901161193847656e-08,-0.055999964475631714,0.6000000238418579,1.3425050973892212,4.172325134277344e-07,-4.215249061584473,0.0,0.0,0.0,-1.2665987014770508e-07,-1.8843631721665588e-07,-3.3527612686157227e-08,29.69633674621582,29.696338653564453,50.22344207763672,50.22344207763672,0.17686083912849426,0.17686083912849426,0.4142872393131256,0.4142872393131256,0.4088520109653473,0.4088520109653473,0.05313779413700104,0.05313779413700104,-1.2504260540008545,-1.2504260540008545,-1.1967494487762451,-1.1967494487762451,0.42664146423339844,0.42664146423339844,0.0,0.0,-0.07944038510322571,-0.07944038510322571,0.2183850258588791,0.2183850258588791,0.5500251054763794,0.5500251054763794,-0.269573837518692,-0.269573837518692,-0.10698913782835007,-0.10698913782835007,-68.5693359375,-68.5693359375,-44.539310455322266,-44.539310455322266,-32.643978118896484,-32.643978118896484,19.308364868164062,19.308364868164062,0.0,0.0,180.0
71,0.29583333333333334,-0.17206302957362665,9.934424048604466,69.55802763037221,-0.17206302957362665,9.934424048604466,69.55802763037221,5.0,-5.0,0.0,0.0,12.0,0,0.5,0.0,0.0,3.2,3.2,3.2,9.934423446655273,9.93442440032959,9.93442440032959,9.93442440032959,-0.13898254930973053,-0.13850978016853333,6.275050163269043,6.445908069610596,0.13185980916023254,0.13185980916023254,0.0,0.0,nan,nan,13.11876392364502,13.11876392364502,26.23752784729004,0.0,-2.410797357559204,0.24606427550315857,0.0,0.0,0.0,0.24606427550315857,0.0,-2.410797357559204,0.0,0.0,0.0,0.7252426743507385,0.6166935563087463,-2.2284979820251465,0.0,0.0,0.0,0.0,-2.410797357559204,0.24606427550315857,0.0,0.0,0.0,0.24606427550315857,0.0,-2.410797357559204,-0.0,-0.0,-0.0,0.7252426743507385,-0.6166930198669434,-2.2284982204437256,0.0,0.0,0.0,2.9802322387695312e-08,5.820766091346741e-11,0.6000000238418579,0.0,0.05600005388259888,0.6000000834465027,0.0,-0.055999964475631714,0.6000000834465027,1.450485348701477,5.364418029785156e-07,-4.456995964050293,0.0,0.0,0.0,-1.7881393432617188e-07,-4.637317374545091e-08,-6.332993507385254e-08,30.067142486572266,30.067142486572266,50.75382995605469,50.75382995605469,0.16216474771499634,0.16216474771499634,0.4148221015930176,0.4148221015930176,0.42301318049430847,0.42301318049430847,0.06213124841451645,0.06213124841451645,-1.539008378982544,-1.539008378982544,-1.0423979759216309,-1.0423979759216309,0.4898812174797058,0.4898812174797058,0.0,0.0,-0.08004043996334076,-0.08004043996334076,0.24606427550315857,0.24606427550315857,0.5500251054763794,0.5500251054763794,-0.28407591581344604,-0.28407591581344604,-0.11252082139253616,-0.11252082139253616,-70.86294555664062,-70.86294555664062,-45.909996032714844,-45.909996032714844,-33.994625091552734,-33.994625091552734,19.555011749267578,19.555011749267578,0.0,0.0,180.0
72,0.3,-0.13011454896465233,10.189068841874871,52.59997696439457,-0.13011454896465233,10.189068841874871,52.59997696439457,5.0,-5.0,0.0,0.0,12.0,0,0.5,0.0,0.0,3.2,3.2,3.2,10.189066886901855,10.189064979553223,10.189069747924805,10.189069747924805,-0.09737163782119751,-0.09683024883270264,5.983852386474609,6.177731037139893,0.13523972034454346,0.13523972034454346,0.0,0.0,nan,nan,13.721851348876953,13.721851348876953,27.443702697753906,0.0,-2.4847750663757324,0.26751089096069336,0.0,0.0,0.0,0.26751089096069336,0.0,-2.4847750663757324,0.0,0.0,0.0,0.7661922574043274,0.5343220829963684,-2.3179988861083984,0.0,0.0,0.0,0.0,-2.4847750663757324,0.26751089096069336,0.0,0.0,0.0,0.26751089096069336,0.0,-2.4847750663757324,-0.0,-0.0,-0.0,0.7661920785903931,-0.5343216061592102,-2.3179991245269775,0.0,0.0,0.0,2.9802322387695312e-08,5.820766091346741e-11,0.6000000238418579,-5.960464477539063e-08,0.05600002408027649,0.6000000238418579,-1.043081283569336e-07,-0.055999934673309326,0.5999999642372131,1.5323843955993652,4.76837158203125e-07,-4.635997772216797,0.0,0.0,0.0,-2.2351741790771484e-07,-5.637817821479985e-07,-5.587935447692871e-08,30.350154876708984,30.350149154663086,51.15026092529297,51.1502571105957,0.16216474771499634,0.16216474771499634,0.40066051483154297,0.40066051483154297,0.43717479705810547,0.43717479705810547,0.07163921743631363,0.07163921743631363,-1.8014448881149292,-1.8014448881149292,-0.8817076683044434,-0.8817076683044434,0.5489175319671631,0.5489175319671631,0.0,0.0,-0.08053116500377655,-0.08053116500377655,0.26751089096069336,0.26751089096069336,0.5500251054763794,0.5500251054763794,-0.29720956087112427,-0.29720956087112427,-0.11641835421323776,-0.11641835421323776,-72.66558837890625,-72.66558837890625,-46.99736404418945,-46.99736404418945,-35.061363220214844,-35.061363220214844,19.74866485595703,19.74866485595703,0.0,0.0,180.0
73,0.30416666666666664,-0.08725340828186495,10.37224463805539,35.27297525304283,-0.08725340828186495,10.37224463805539,35.27297525304283,5.0,-5.0,0.0,0.0,12.0,0,0.5,0.0,0.0,3.2,3.2,3.2,10.37224292755127,10.372241973876953,10.372244834899902,10.372244834899902,-0.05510183423757553,-0.05449541658163071,5.646818161010742,5.862277984619141,0.13767102360725403,0.13767102360725403,0.0,0.0,nan,nan,13.97764778137207,13.97764778137207,27.95529556274414,0.0,-2.5034337043762207,0.26274335384368896,0.0,0.0,0.0,0.26274335384368896,0.0,-2.5034337043762207,0.0,0.0,0.0,0.7696464657783508,0.4330834746360779,-2.357180118560791,0.0,0.0,0.0,0.0,-2.5034337043762207,0.26274335384368896,0.0,0.0,0.0,0.26274335384368896,0.0,-2.5034337043762207,-0.0,-0.0,-0.0,0.769646406173706,-0.4330829083919525,-2.357180118560791,0.0,0.0,0.0,2.9802322387695312e-08,5.820766091346741e-11,0.6000000238418579,-2.9802322387695312e-08,0.05600005388259888,0.6000000238418579,-2.9802322387695312e-08,-0.05599990487098694,0.6000000238418579,1.539292812347412,5.662441253662109e-07,-4.714360237121582,0.0,0.0,0.0,-3.5762786865234375e-07,-2.809977672768582e-07,-1.1920928955078125e-07,30.550846099853516,30.550840377807617,51.42658996582031,51.42658996582031,0.16216474771499634,0.16216474771499634,0.40066051483154297,0.40066051483154297,0.43717479705810547,0.43717479705810547,0.0920536071062088,0.0920536071062088,-2.0341031551361084,-2.0341031551361084,-0.7156213521957397,-0.7156213521957397,0.601064145565033,0.601064145565033,0.0,0.0,-0.08089495450258255,-0.08089495450258255,0.26274335384368896,0.26274335384368896,0.5500251054763794,0.5500251054763794,-0.3088942766189575,-0.3088942766189575,-0.11866599321365356,-0.11866599321365356,-73.96683502197266,-73.96683502197266,-47.795101165771484,-47.795101165771484,-35.83802032470703,-35.83802032470703,19.887969970703125,19.887969970703125,0.0,0.0,180.0
74,0.30833333333333335,-0.04378024763146765,10.482666590547439,17.698558963888743,-0.04378024763146765,10.482666590547439,17.698558963888743,5.0,-5.0,0.0,0.0,12.0,0,0.5,0.0,0.0,3.2,3.2,3.2,10.482666015625,10.482665061950684,10.482666969299316,10.482666969299316,-0.012429925613105297,-0.011762860231101513,5.272672176361084,5.508254051208496,0.1391366571187973,0.1391366571187973,0.0,0.0,nan,nan,14.178279876708984,14.178279876708984,28.35655975341797,0.0,-2.5254220962524414,0.28805485367774963,0.0,0.0,0.0,0.28805485367774963,0.0,-2.5254220962524414,0.0,0.0,0.0,0.8023664951324463,0.3283762037754059,-2.389374256134033,0.0,0.0,0.0,0.0,-2.5254220962524414,0.28805485367774963,0.0,0.0,0.0,0.28805485367774963,0.0,-2.5254220962524414,-0.0,-0.0,-0.0,0.8023664951324463,-0.3283756375312805,-2.389374256134033,0.0,0.0,0.0,2.9802322387695312e-08,5.820766091346741e-11,0.6000000238418579,-7.450580596923828e-08,0.05600002408027649,0.6000000238418579,1.4901161193847656e-08,-0.055999964475631714,0.6000000238418579,1.6047329902648926,5.662441253662109e-07,-4.778748512268066,0.0,0.0,0.0,-1.4901161193847656e-07,-2.848356075446645e-07,-7.82310962677002e-08,30.673311233520508,30.673315048217773,51.59248352050781,51.592491149902344,0.16216474771499634,0.16216474771499634,0.3865005671977997,0.3865005671977997,0.45133471488952637,0.45133471488952637,0.0920536071062088,0.0920536071062088,-2.233773708343506,-2.233773708343506,-0.545070230960846,-0.545070230960846,0.6439345479011536,0.6439345479011536,0.0,0.0,-0.081118643283844,-0.081118643283844,0.28805485367774963,0.28805485367774963,0.5500251054763794,0.5500251054763794,-0.31905844807624817,-0.31905844807624817,-0.11925835907459259,-0.11925835907459259,-74.75922393798828,-74.75922393798828,-48.298641204833984,-48.298641204833984,-36.32017517089844,-36.32017517089844,19.97194480895996,19.97194480895996,0.0,0.0,180.0
75,0.3125,-1.2814704106277904e-16,10.519560168692351,5.18045941948327e-14,-1.2814704106277904e-16,10.519560168692351,5.18045941948327e-14,5.0,-5.0,0.0,0.0,12.0,0,0.5,0.0,0.0,3.2,3.2,3.2,10.519556045532227,10.519559860229492,10.519559860229492,10.519560813903809,0.0303034670650959,0.031026676297187805,4.857425689697266,5.111388206481934,0.13962633907794952,0.13962633907794952,0.0,0.0,nan,nan,14.002890586853027,14.002890586853027,28.005781173706055,0.0,-2.4895291328430176,0.28657329082489014,0.0,0.0,0.0,0.28657329082489014,0.0,-2.4895291328430176,0.0,0.0,0.0,0.7959718704223633,0.21536652743816376,-2.3664162158966064,0.0,0.0,0.0,0.0,-2.4895291328430176,0.28657329082489014,0.0,0.0,0.0,0.28657329082489014,0.0,-2.4895291328430176,-0.0,-0.0,-0.0,0.7959719896316528,-0.21536600589752197,-2.3664162158966064,0.0,0.0,0.0,2.9802322387695312e-08,5.820766091346741e-11,0.6000000238418579,-8.940696716308594e-08,0.05600005388259888,0.6000000238418579,4.470348358154297e-08,-0.055999964475631714,0.6000000238418579,1.5919438600540161,5.21540641784668e-07,-4.732832431793213,0.0,0.0,0.0,-2.086162567138672e-07,-2.4683643573553127e-07,-9.685754776000977e-08,30.720157623291016,30.72016143798828,51.65367126464844,51.65367889404297,0.16216474771499634,0.16216474771499634,0.3865005671977997,0.3865005671977997,0.45133471488952637,0.45133471488952637,0.10289160162210464,0.10289160162210464,-2.3977932929992676,-2.3977932929992676,-0.37098217010498047,-0.37098217010498047,0.6755634546279907,0.6755634546279907,0.0,0.0,-0.08119413256645203,-0.08119413256645203,0.28657329082489014,0.28657329082489014,0.5500251054763794,0.5500251054763794,-0.3276394307613373,-0.3276394307613373,-0.11819988489151001,-0.11819988489151001,-75.03823852539062,-75.03823852539062,-48.505104064941406,-48.505104064941406,-36.505104064941406,-36.505104064941406,20.0,20.0,0.0,0.0,180.0
76,0.31666666666666665,0.043780247631467394,10.482666590547439,-17.69855896388864,0.043780247631467394,10.482666590547439,-17.69855896388864,5.0,-5.0,0.0,0.0,12.0,0,0.5,0.0,0.0,3.2,3.2,3.2,10.482666969299316,10.482665061950684,10.482666969299316,10.482666969299316,0.07282542437314987,0.07359971851110458,4.408284664154053,4.678859233856201,0.1391366571187973,0.1391366571187973,0.0,0.0,nan,nan,13.65489387512207,13.65489387512207,27.30978775024414,0.0,-2.4357106685638428,0.2984921932220459,0.0,0.0,0.0,0.2984921932220459,0.0,-2.4357106685638428,0.0,0.0,0.0,0.797916829586029,0.10430653393268585,-2.318239212036133,0.0,0.0,0.0,0.0,-2.4357106685638428,0.2984921932220459,0.0,0.0,0.0,0.2984921932220459,0.0,-2.4357106685638428,-0.0,-0.0,-0.0,0.7979167103767395,-0.10430599749088287,-2.318239212036133,0.0,0.0,0.0,2.9802322387695312e-08,5.820766091346741e-11,0.6000000238418579,0.0,0.05600002408027649,0.6000000238418579,-7.450580596923828e-09,-0.055999964475631714,0.6000000238418579,1.5958335399627686,5.364418029785156e-07,-4.636478424072266,0.0,0.0,0.0,-1.341104507446289e-07,-1.5545005283001956e-07,-5.587935447692871e-08,30.692440032958984,30.69243812561035,51.6121711730957,51.6121711730957,0.16216474771499634,0.16216474771499634,0.3865005671977997,0.3865005671977997,0.45133471488952637,0.45133471488952637,0.10289160162210464,0.10289160162210464,-2.5241403579711914,-2.5241403579711914,-0.1942918449640274,-0.1942918449640274,0.6945055723190308,0.6945055723190308,0.0,0.0,-0.081118643283844,-0.081118643283844,0.2984921932220459,0.2984921932220459,0.5500251054763794,0.5500251054763794,-0.3345832824707031,-0.3345832824707031,-0.11550433188676834,-0.11550433188676834,-74.80229187011719,-74.80229187011719,-48.41332244873047,-48.41332244873047,-36.391788482666016,-36.391788482666016,19.97194480895996,19.97194480895996,0.0,0.0,180.0
77,0.3208333333333333,0.08725340828186423,10.372244638055392,-35.27297525304254,0.08725340828186423,10.372244638055392,-35.27297525304254,5.0,-5.0,0.0,0.0,12.0,0,0.5,0.0,0.0,3.2,3.2,3.2,10.372244834899902,10.372241973876953,10.372244834899902,10.372244834899902,0.11483742296695709,0.11565737426280975,3.9283628463745117,4.213652610778809,0.13767102360725403,0.13767102360725403,0.0,0.0,nan,nan,13.138277053833008,13.138277053833008,26.276554107666016,0.0,-2.3639440536499023,0.3253336548805237,0.0,0.0,0.0,0.3253336548805237,0.0,-2.3639440536499023,0.0,0.0,0.0,0.8097151517868042,-0.0015036483528092504,-2.244645357131958,0.0,0.0,0.0,0.0,-2.3639440536499023,0.3253336548805237,0.0,0.0,0.0,0.3253336548805237,0.0,-2.3639440536499023,-0.0,-0.0,-0.0,0.8097150921821594,0.0015041462611407042,-2.244645357131958,0.0,0.0,0.0,2.9802322387695312e-08,5.820766091346741e-11,0.6000000238418579,-7.450580596923828e-08,0.05600002408027649,0.6000000238418579,-5.960464477539063e-08,-0.055999934673309326,0.6000000238418579,1.6194303035736084,4.979083314538002e-07,-4.489290714263916,0.0,0.0,0.0,-1.9371509552001953e-07,-4.348216862126719e-07,-7.82310962677002e-08,30.58956527709961,30.589563369750977,51.4663200378418,51.46631622314453,0.16216474771499634,0.16216474771499634,0.40066051483154297,0.40066051483154297,0.43717479705810547,0.43717479705810547,0.0920536071062088,0.0920536071062088,-2.6114978790283203,-2.6114978790283203,-0.01595245487987995,-0.01595245487987995,0.6999051570892334,0.6999051570892334,0.0,0.0,-0.08089495450258255,-0.08089495450258255,0.3253336548805237,0.3253336548805237,0.5500251054763794,0.5500251054763794,-0.3398449420928955,-0.3398449420928955,-0.11119413375854492,-0.11119413375854492,-74.05267333984375,-74.05267333984375,-48.02378463745117,-48.02378463745117,-35.980865478515625,-35.980865478515625,19.887969970703125,19.887969970703125,0.0,0.0,180.0
78,0.325,0.13011454896465208,10.189068841874873,-52.59997696439447,0.13011454896465208,10.189068841874873,-52.59997696439447,5.0,-5.0,0.0,0.0,12.0,0,0.5,0.0,0.0,3.2,3.2,3.2,10.189068794250488,10.189066886901855,10.189069747924805,10.189069747924805,0.15601707994937897,0.15687713027000427,3.4165797233581543,3.7144956588745117,0.13523972034454346,0.13523972034454346,0.0,0.0,nan,nan,12.26901912689209,12.26901912689209,24.53803825378418,0.0,-2.233710289001465,0.32290419936180115,0.0,0.0,0.0,0.32290419936180115,0.0,-2.233710289001465,0.0,0.0,0.0,0.7798225283622742,-0.09712855517864227,-2.115696668624878,0.0,0.0,0.0,0.0,-2.233710289001465,0.32290419936180115,0.0,0.0,0.0,0.32290419936180115,0.0,-2.233710289001465,-0.0,-0.0,-0.0,0.779822587966919,0.0971289798617363,-2.115696668624878,0.0,0.0,0.0,2.9802322387695312e-08,5.820766091346741e-11,0.6000000238418579,-2.9802322387695312e-08,0.05600005388259888,0.6000000238418579,-2.2351741790771484e-08,-0.055999964475631714,0.6000000238418579,1.559645175933838,4.246830940246582e-07,-4.231393337249756,0.0,0.0,0.0,-1.862645149230957e-07,-2.3644753355256398e-07,-6.332993507385254e-08,30.40932273864746,30.40932273864746,51.21076583862305,51.21076583862305,0.16216474771499634,0.16216474771499634,0.40066051483154297,0.40066051483154297,0.43717479705810547,0.43717479705810547,0.0920536071062088,0.0920536071062088,-2.659290075302124,-2.659290075302124,0.16305354237556458,0.16305354237556458,0.691534161567688,0.691534161567688,0.0,0.0,-0.08053116500377655,-0.08053116500377655,0.32290419936180115,0.32290419936180115,0.5500251054763794,0.5500251054763794,-0.34338799118995667,-0.34338799118995667,-0.10530014336109161,-0.10530014336109161,-72.7935791015625,-72.7935791015625,-47.33867263793945,-47.33867263793945,-35.27467346191406,-35.27467346191406,19.74866485595703,19.74866485595703,0.0,0.0,180.0
79,0.32916666666666666,0.17206302957362643,9.934424048604468,-69.55802763037211,0.17206302957362643,9.934424048604468,-69.55802763037211,5.0,-5.0,0.0,0.0,12.0,0,0.5,0.0,0.0,3.2,3.2,3.2,9.93442153930664,9.934420585632324,9.934423446655273,9.934423446655273,0.1961033046245575,0.19699741899967194,2.880990505218506,3.189445972442627,0.13185980916023254,0.13185980916023254,0.0,0.0,nan,nan,11.273716926574707,11.273716926574707,22.547433853149414,0.0,-2.08703875541687,0.33459872007369995,0.0,0.0,0.0,0.33459872007369995,0.0,-2.08703875541687,0.0,0.0,0.0,0.7596229314804077,-0.1781114935874939,-1.9644176959991455,0.0,0.0,0.0,0.0,-2.08703875541687,0.33459872007369995,0.0,0.0,0.0,0.33459872007369995,0.0,-2.08703875541687,-0.0,-0.0,-0.0,0.7596229314804077,0.1781119406223297,-1.964417576789856,0.0,0.0,0.0,2.9802322387695312e-08,5.820766091346741e-11,0.6000000238418579,-9.685754776000977e-08,0.055999964475631714,0.6000000238418579,-1.043081283569336e-07,-0.055999934673309326,0.6000000238418579,1.5192458629608154,4.470348358154297e-07,-3.928835391998291,0.0,0.0,0.0,-6.705522537231445e-08,-5.12261806306924e-07,-2.60770320892334e-08,30.147859573364258,30.147859573364258,50.836212158203125,50.836212158203125,0.16216474771499634,0.16216474771499634,0.4148221015930176,0.4148221015930176,0.42301318049430847,0.42301318049430847,0.08162510395050049,0.08162510395050049,-2.667684555053711,-2.667684555053711,0.341704398393631,0.341704398393631,0.6697961688041687,0.6697961688041687,0.0,0.0,-0.08004043996334076,-0.08004043996334076,0.33459872007369995,0.33459872007369995,0.5500251054763794,0.5500251054763794,-0.34518536925315857,-0.34518536925315857,-0.0978614017367363,-0.0978614017367363,-71.0322036743164,-71.0322036743164,-46.36188888549805,-46.36188888549805,-34.277259826660156,-34.277259826660156,19.555011749267578,19.555011749267578,0.0,0.0,180.0
80,0.3333333333333333,0.21280461165725842,9.610096408506932,-86.02817870989678,0.21280461165725842,9.610096408506932,-86.02817870989678,5.0,-5.0,0.0,0.0,12.0,0,0.5,0.0,0.0,3.2,3.2,3.2,9.610095024108887,9.61009407043457,9.610095977783203,9.610095977783203,0.23480167984962463,0.23572362959384918,2.3232007026672363,2.6399898529052734,0.1275550127029419,0.1275550127029419,0.0,0.0,nan,nan,10.088447570800781,10.088447570800781,20.176895141601562,0.0,-1.9051073789596558,0.3375093936920166,0.0,0.0,0.0,0.3375093936920166,0.0,-1.9051073789596558,0.0,0.0,0.0,0.7230781316757202,-0.23976221680641174,-1.7784876823425293,0.0,0.0,0.0,0.0,-1.9051073789596558,0.3375093936920166,0.0,0.0,0.0,0.3375093936920166,0.0,-1.9051073789596558,-0.0,-0.0,-0.0,0.7230781316757202,0.23976269364356995,-1.7784876823425293,0.0,0.0,0.0,2.9802322387695312e-08,5.820766091346741e-11,0.6000000238418579,-5.960464477539063e-08,0.05600005388259888,0.6000000238418579,-8.940696716308594e-08,-0.055999934673309326,0.6000000834465027,1.4461562633514404,4.76837158203125e-07,-3.5569753646850586,0.0,0.0,0.0,-2.2351741790771484e-07,-3.279226348240627e-07,-9.313225746154785e-08,29.7998104095459,29.7998104095459,50.329254150390625,50.329254150390625,0.17686083912849426,0.17686083912849426,0.4142872393131256,0.4142872393131256,0.4088520109653473,0.4088520109653473,0.07163921743631363,0.07163921743631363,-2.637561559677124,-2.637561559677124,0.5189313292503357,0.5189313292503357,0.6356925964355469,0.6356925964355469,0.0,0.0,-0.07944038510322571,-0.07944038510322571,0.3375093936920166,0.3375093936920166,0.5500251054763794,0.5500251054763794,-0.3452191650867462,-0.3452191650867462,-0.0889248326420784,-0.0889248326420784,-68.77867889404297,-68.77867889404297,-45.09904098510742,-45.09904098510742,-32.99436950683594,-32.99436950683594,19.308364868164062,19.308364868164062,0.0,0.0,180.0
81,0.3375,0.25205352229001765,9.218360846948457,-101.89490392693278,0.25205352229001765,9.218360846948457,-101.89490392693278,5.0,-5.0,0.0,0.0,12.0,0,0.5,0.0,0.0,3.2,3.2,3.2,9.218360900878906,9.218358993530273,9.21835994720459,9.218360900878906,0.27184125781059265,0.2727847099304199,1.7472285032272339,2.070098638534546,0.12235549092292786,0.12235549092292786,0.0,0.0,nan,nan,8.756246566772461,8.756246566772461,17.512493133544922,0.0,-1.690088152885437,0.33104151487350464,0.0,0.0,0.0,0.33104151487350464,0.0,-1.690088152885437,0.0,0.0,0.0,0.6703983545303345,-0.27832818031311035,-1.5617573261260986,0.0,0.0,0.0,0.0,-1.690088152885437,0.33104151487350464,0.0,0.0,0.0,0.33104151487350464,0.0,-1.690088152885437,-0.0,-0.0,-0.0,0.6703983545303345,0.2783285677433014,-1.561757206916809,0.0,0.0,0.0,2.9802322387695312e-08,5.820766091346741e-11,0.6000000238418579,-1.4901161193847656e-08,0.05600002408027649,0.6000000238418579,-7.450580596923828e-08,-0.055999964475631714,0.6000000238418579,1.340796709060669,3.8743019104003906e-07,-3.1235146522521973,0.0,0.0,0.0,-9.685754776000977e-08,-2.3271996951734764e-07,-5.960464477539063e-08,29.358362197875977,29.35836410522461,49.671852111816406,49.67185974121094,0.17686083912849426,0.17686083912849426,0.4284450113773346,0.4284450113773346,0.3946942090988159,0.3946942090988159,0.06213124841451645,0.06213124841451645,-2.5704574584960938,-2.5704574584960938,0.6936150193214417,0.6936150193214417,0.5907623767852783,0.5907623767852783,0.0,0.0,-0.07875247299671173,-0.07875247299671173,0.33104151487350464,0.33104151487350464,0.5500251054763794,0.5500251054763794,-0.3434816300868988,-0.3434816300868988,-0.07854551076889038,-0.07854551076889038,-66.04624938964844,-66.04624938964844,-43.557525634765625,-43.557525634765625,-31.433547973632812,-31.433547973632812,19.010454177856445,19.010454177856445,0.0,0.0,180.0
82,0.3416666666666667,0.28953445856411747,8.761965107431779,-117.0469096043085,0.28953445856411747,8.761965107431779,-117.0469096043085,5.0,-5.0,0.0,0.0,12.0,0,0.5,0.0,0.0,3.2,3.2,3.2,8.761963844299316,8.761962890625,8.761964797973633,8.761964797973633,0.30696311593055725,0.3079216182231903,1.1572511196136475,1.4838964939117432,0.11629774421453476,0.11629774421453476,0.0,0.0,nan,nan,7.325468063354492,7.325468063354492,14.650936126708984,0.0,-1.4446325302124023,0.315110981464386,0.0,0.0,0.0,0.315110981464386,0.0,-1.4446325302124023,0.0,0.0,0.0,0.6024181246757507,-0.29113295674324036,-1.318556785583496,0.0,0.0,0.0,0.0,-1.4446325302124023,0.315110981464386,0.0,0.0,0.0,0.315110981464386,0.0,-1.4446325302124023,-0.0,-0.0,-0.0,0.6024181246757507,0.2911333441734314,-1.318556785583496,0.0,0.0,0.0,2.9802322387695312e-08,5.820766091346741e-11,0.6000000238418579,5.21540641784668e-08,0.056000083684921265,0.6000000238418579,-1.4901161193847656e-08,-0.055999934673309326,0.6000000238418579,1.2048362493515015,3.8743019104003906e-07,-2.637113571166992,0.0,0.0,0.0,-2.0116567611694336e-07,-2.9472040807831945e-08,-1.0803341865539551e-07,28.815385818481445,28.815385818481445,48.84086227416992,48.84086227416992,0.17686083912849426,0.17686083912849426,0.442595511674881,0.442595511674881,0.38054367899894714,0.38054367899894714,0.05313779413700104,0.05313779413700104,-2.468468427658081,-2.468468427658081,0.8645848035812378,0.8645848035812378,0.5369886755943298,0.5369886755943298,0.0,0.0,-0.07800103724002838,-0.07800103724002838,0.315110981464386,0.315110981464386,0.5500251054763794,0.5500251054763794,-0.339974969625473,-0.339974969625473,-0.06678640842437744,-0.06678640842437744,-62.851280212402344,-62.851280212402344,-41.74654769897461,-41.74654769897461,-29.604137420654297,-29.604137420654297,18.66337013244629,18.66337013244629,0.0,0.0,180.0
83,0.3458333333333333,0.3249845186416119,8.244110478149704,-131.37791530889868,0.3249845186416119,8.244110478149704,-131.37791530889868,5.0,-5.0,0.0,0.0,12.0,0,0.5,0.0,0.0,3.2,3.2,3.2,8.244109153747559,8.244109153747559,8.244110107421875,8.244110107421875,0.33993449807167053,0.3409012258052826,0.5595709681510925,0.8877114057540894,0.10942424833774567,0.10942424833774567,0.0,0.0,nan,nan,5.931056022644043,5.931056022644043,11.862112045288086,0.0,-1.1903667449951172,0.3062489628791809,0.0,0.0,0.0,0.3062489628791809,0.0,-1.1903667449951172,0.0,0.0,0.0,0.5400496125221252,-0.28106507658958435,-1.067759394645691,0.0,0.0,0.0,0.0,-1.1903667449951172,0.3062489628791809,0.0,0.0,0.0,0.3062489628791809,0.0,-1.1903667449951172,-0.0,-0.0,-0.0,0.5400496125221252,0.28106531500816345,-1.067759394645691,0.0,0.0,0.0,2.9802322387695312e-08,5.820766091346741e-11,0.6000000238418579,2.2351741790771484e-08,0.05600002408027649,0.6000000238418579,-5.960464477539063e-08,-0.055999964475631714,0.6000000238418579,1.0800992250442505,2.384185791015625e-07,-2.135518789291382,0.0,0.0,0.0,-6.332993507385254e-08,-1.0342055389855886e-07,-5.4016709327697754e-08,28.16154670715332,28.16154670715332,47.80735778808594,47.80735778808594,0.17686083912849426,0.17686083912849426,0.4708550274372101,0.4708550274372101,0.35228419303894043,0.35228419303894043,0.036845918744802475,0.036845918744802475,-2.3341426849365234,-2.3341426849365234,1.030624270439148,1.030624270439148,0.4766918122768402,0.4766918122768402,0.0,0.0,-0.07721249014139175,-0.07721249014139175,0.3062489628791809,0.3062489628791809,0.5500251054763794,0.5500251054763794,-0.3347128629684448,-0.3347128629684448,-0.05371897295117378,-0.05371897295117378,-59.21332931518555,-59.21332931518555,-39.67715072631836,-39.67715072631836,-27.517303466796875,-27.517303466796875,18.269546508789062,18.269546508789062,0.0,0.0,180.0
84,0.35,0.3581550458218895,7.6684293372486225,-144.7873993324987,0.3581550458218895,7.6684293372486225,-144.7873993324987,5.0,-5.0,0.0,0.0,12.0,0,0.5,0.0,0.0,3.2,3.2,3.2,7.668428897857666,7.668426990509033,7.668429374694824,7.668429374694824,0.370510458946228,0.3714786767959595,-0.04379791021347046,0.28349900245666504,0.10178322345018387,0.10178322345018387,0.0,0.0,nan,nan,4.524198055267334,4.524198055267334,9.048396110534668,0.0,-0.9088667631149292,0.28370341658592224,0.0,0.0,0.0,0.28370341658592224,0.0,-0.9088667631149292,0.0,0.0,0.0,0.4595438241958618,-0.24376994371414185,-0.7974472045898438,0.0,0.0,0.0,0.0,-0.9088667631149292,0.28370341658592224,0.0,0.0,0.0,0.28370341658592224,0.0,-0.9088667631149292,-0.0,-0.0,-0.0,0.4595438539981842,0.24377010762691498,-0.7974472045898438,0.0,0.0,0.0,2.9802322387695312e-08,5.820766091346741e-11,0.6000000238418579,7.450580596923828e-09,0.05600002408027649,0.6000000238418579,-7.450580596923828e-08,-0.055999934673309326,0.6000000238418579,0.9190876483917236,1.6391277313232422e-07,-1.5948944091796875,0.0,0.0,0.0,-7.078051567077637e-08,-1.0100455938300001e-07,-5.960464477539063e-08,27.38654899597168,27.38654899597168,46.53596496582031,46.53596496582031,0.17686083912849426,0.17686083912849426,0.5130407214164734,0.5130407214164734,0.31009846925735474,0.31009846925735474,0.023084618151187897,0.023084618151187897,-2.1703362464904785,-2.1703362464904785,1.1904804706573486,1.1904804706573486,0.41240477561950684,0.41240477561950684,0.0,0.0,-0.0764143317937851,-0.0764143317937851,0.28370341658592224,0.28370341658592224,0.5500251054763794,0.5500251054763794,-0.3277202248573303,-0.3277202248573303,-0.039422933012247086,-0.039422933012247086,-55.155208587646484,-55.155208587646484,-37.36227035522461,-37.36227035522461,-25.186107635498047,-25.186107635498047,17.831748962402344,17.831748962402344,0.0,0.0,180.0
85,0.3541666666666667,0.3888133726897727,7.038959674305606,-157.1813037793844,0.3888133726897727,7.038959674305606,-157.1813037793844,5.0,-5.0,0.0,0.0,12.0,0,0.5,0.0,0.0,3.2,3.2,3.2,7.038959980010986,7.038959503173828,7.038959503173828,7.038959503173828,0.39849087595939636,0.39945387840270996,-0.6463235020637512,-0.3221508860588074,0.09342825412750244,0.09342825412750244,0.0,0.0,nan,nan,3.2416629791259766,3.2416629791259766,6.483325958251953,0.0,-0.6232374906539917,0.26232975721359253,0.0,0.0,0.0,0.26232975721359253,0.0,-0.6232374906539917,0.0,0.0,0.0,0.38030362129211426,-0.18548639118671417,-0.5274522304534912,0.0,0.0,0.0,0.0,-0.6232374906539917,0.26232975721359253,0.0,0.0,0.0,0.26232975721359253,0.0,-0.6232374906539917,-0.0,-0.0,-0.0,0.38030359148979187,0.18548646569252014,-0.5274522304534912,0.0,0.0,0.0,2.9802322387695312e-08,5.820766091346741e-11,0.6000000238418579,-4.470348358154297e-08,0.0559999942779541,0.6000000238418579,8.195638656616211e-08,-0.0559999942779541,0.6000000834465027,0.7606072425842285,7.450580596923828e-08,-1.0549044609069824,0.0,0.0,0.0,-1.1175870895385742e-08,1.0878384415491382e-08,2.0489096641540527e-08,26.479398727416992,26.479394912719727,44.98423385620117,44.984230041503906,0.1915258765220642,0.1915258765220642,0.5401012301445007,0.5401012301445007,0.26837289333343506,0.26837289333343506,0.004546067211776972,0.004546067211776972,-1.980057954788208,-1.980057954788208,1.3428773880004883,1.3428773880004883,0.3467501997947693,0.3467501997947693,0.0,0.0,-0.07563425600528717,-0.07563425600528717,0.26232975721359253,0.26232975721359253,0.5500251054763794,0.5500251054763794,-0.31903430819511414,-0.31903430819511414,-0.02398669347167015,-0.02398669347167015,-50.702972412109375,-50.702972412109375,-34.81670379638672,-34.81670379638672,-22.625465393066406,-22.625465393066406,17.353044509887695,17.353044509887695,0.0,0.0,180.0
86,0.35833333333333334,0.41674445311025954,6.360116766732888,-168.47269431486853,0.41674445311025954,6.360116766732888,-168.47269431486853,5.0,-5.0,0.0,0.0,12.0,0,0.5,0.0,0.0,3.2,3.2,3.2,6.360116004943848,6.360115051269531,6.360116958618164,6.360116958618164,0.4236419200897217,0.42459312081336975,-1.2498058080673218,-0.9311451315879822,0.08441796153783798,0.08441796153783798,0.0,0.0,nan,nan,1.8842790126800537,1.8842790126800537,3.7685580253601074,0.0,-0.2797703146934509,0.20742464065551758,0.0,0.0,0.0,0.20742464065551758,0.0,-0.2797703146934509,0.0,0.0,0.0,0.2579183876514435,-0.09069126844406128,-0.21575358510017395,0.0,0.0,0.0,0.0,-0.2797703146934509,0.20742464065551758,0.0,0.0,0.0,0.20742464065551758,0.0,-0.2797703146934509,-0.0,-0.0,-0.0,0.2579183876514435,0.09069131314754486,-0.21575358510017395,0.0,0.0,0.0,2.9802322387695312e-08,5.820766091346741e-11,0.6000000238418579,-5.21540641784668e-08,0.0559999942779541,0.6000000238418579,-8.940696716308594e-08,-0.055999964475631714,0.6000000238418579,0.515836775302887,4.470348358154297e-08,-0.4315071702003479,0.0,0.0,0.0,-6.51925802230835e-09,-4.3402216931553994e-08,-1.1175870895385742e-08,25.428874969482422,25.42887306213379,43.102203369140625,43.102203369140625,0.1915258765220642,0.1915258765220642,0.5944413542747498,0.5944413542747498,0.21403278410434723,0.21403278410434723,0.0,0.0,-1.7663062810897827,-1.7663062810897827,1.4865360260009766,1.4865360260009766,0.2823239266872406,0.2823239266872406,0.0,0.0,-0.07489929348230362,-0.07489929348230362,0.20742464065551758,0.20742464065551758,0.5500251054763794,0.5500251054763794,-0.30870485305786133,-0.30870485305786133,-0.00750750582665205,-0.00750750582665205,-45.8858757019043,-45.8858757019043,-32.057132720947266,-32.057132720947266,-19.85215187072754,-19.85215187072754,16.836793899536133,16.836793899536133,0.0,0.0,180.0
87,0.3625,0.4417523706226541,5.636662209779142,-178.5823699471976,0.4417523706226541,5.636662209779142,-178.5823699471976,5.0,-5.0,0.0,0.0,12.0,0,0.5,0.0,0.0,3.2,3.2,3.2,5.636660099029541,5.636661052703857,5.636662006378174,5.636662006378174,0.4458081126213074,0.446740984916687,-1.8466615676879883,-1.5357905626296997,0.074815534055233,0.074815534055233,0.0,0.0,nan,nan,0.6426632404327393,0.6426632404327393,1.2853264808654785,0.0,0.0882977768778801,0.1473601758480072,0.0,0.0,0.0,0.1473601758480072,0.0,0.0882977768778801,0.0,0.0,0.0,0.1269274652004242,0.030702628195285797,0.11161670088768005,0.0,0.0,0.0,0.0,0.0882977768778801,0.1473601758480072,0.0,0.0,0.0,0.1473601758480072,0.0,0.0882977768778801,-0.0,-0.0,-0.0,0.1269274652004242,-0.030702654272317886,0.11161669343709946,0.0,0.0,0.0,2.9802322387695312e-08,5.820766091346741e-11,0.6000000238418579,-1.1175870895385742e-07,0.05600005388259888,0.6000000238418579,-2.2351741790771484e-08,-0.055999964475631714,0.6000000238418579,0.2538549304008484,-2.60770320892334e-08,0.2232334017753601,0.0,0.0,0.0,1.0244548320770264e-08,2.16218403181756e-08,-1.3969838619232178e-08,24.224254608154297,24.224254608154297,40.83285140991211,40.83285140991211,0.20615608990192413,0.20615608990192413,0.6562954783439636,0.6562954783439636,0.13754841685295105,0.13754841685295105,0.0,0.0,-1.531897783279419,-1.531897783279419,1.6201953887939453,1.6201953887939453,0.2215951830148697,0.2215951830148697,0.0,0.0,-0.07423502206802368,-0.07423502206802368,0.1473601758480072,0.1473601758480072,0.5500251054763794,0.5500251054763794,-0.2967948317527771,-0.2967948317527771,0.0099087068811059,0.0099087068811059,-40.73635482788086,-40.73635482788086,-29.102060317993164,-29.102060317993164,-16.884780883789062,-16.884780883789062,16.2866153717041,16.2866153717041,0.0,0.0,180.0
88,0.36666666666666664,0.46366171265377143,4.873670517359995,-187.43941856560298,0.46366171265377143,4.873670517359995,-187.43941856560298,5.0,-5.0,0.0,0.0,12.0,0,0.5,0.0,0.0,3.2,3.2,3.2,4.873669147491455,4.873669147491455,4.87367057800293,4.87367057800293,0.4648441672325134,0.46575209498405457,-2.4310598373413086,-2.13016676902771,0.06468833237886429,0.06468833237886429,0.0,0.0,nan,nan,-0.3780896067619324,-0.3780896067619324,-0.7561792135238647,0.0,0.4633260667324066,0.09316865354776382,0.0,0.0,0.0,0.09316865354776382,0.0,0.4633260667324066,0.0,0.0,0.0,0.0015685046091675758,0.17058458924293518,0.44073787331581116,0.0,0.0,0.0,0.0,0.4633260667324066,0.09316865354776382,0.0,0.0,0.0,0.09316865354776382,0.0,0.4633260667324066,-0.0,-0.0,-0.0,0.0015685235848650336,-0.17058470845222473,0.44073784351348877,0.0,0.0,0.0,2.9802322387695312e-08,5.820766091346741e-11,0.6000000238418579,-9.685754776000977e-08,0.05600005388259888,0.6000000238418579,-5.21540641784668e-08,-0.055999934673309326,0.6000000238418579,0.0031370283104479313,-1.1920928955078125e-07,0.8814756870269775,0.0,0.0,0.0,5.4016709327697754e-08,9.194508265863988e-08,-6.759364623576403e-09,22.856346130371094,22.856342315673828,38.1137809753418,38.1137809753418,0.22074872255325317,0.22074872255325317,0.726113498210907,0.726113498210907,0.05313779413700104,0.05313779413700104,0.0,0.0,-1.279310941696167,-1.279310941696167,1.7426371574401855,1.7426371574401855,0.16683363914489746,0.16683363914489746,0.0,0.0,-0.07366497814655304,-0.07366497814655304,0.09316865354776382,0.09316865354776382,0.5500251054763794,0.5500251054763794,-0.2833802103996277,-0.2833802103996277,0.02814730815589428,0.02814730815589428,-35.289794921875,-35.289794921875,-25.971742630004883,-25.971742630004883,-13.743685722351074,-13.743685722351074,15.706368446350098,15.706368446350098,0.0,0.0,180.0
89,0.37083333333333335,0.4823188009111034,4.076493527989004,-194.98171433780706,0.4823188009111034,4.076493527989004,-194.98171433780706,5.0,-5.0,0.0,0.0,12.0,0,0.5,0.0,0.0,3.2,3.2,3.2,4.0764923095703125,4.076493740081787,4.076493740081787,4.076493740081787,0.4806169867515564,0.4814937114715576,-2.998837471008301,-2.71004056930542,0.05410738289356232,0.05410738289356232,0.0,0.0,nan,nan,-1.1440224647521973,-1.1440224647521973,-2.2880449295043945,0.0,0.8421628475189209,0.046856749802827835,0.0,0.0,0.0,0.046856749802827835,0.0,0.8421628475189209,0.0,0.0,0.0,-0.11573216319084167,0.3246162235736847,0.7698469161987305,0.0,0.0,0.0,0.0,0.8421628475189209,0.046856749802827835,0.0,0.0,0.0,0.046856749802827835,0.0,0.8421628475189209,-0.0,-0.0,-0.0,-0.11573216319084167,-0.3246164321899414,0.7698467969894409,0.0,0.0,0.0,2.9802322387695312e-08,5.820766091346741e-11,0.6000000238418579,-1.341104507446289e-07,0.05600002408027649,0.6000000238418579,1.4901161193847656e-08,-0.05600002408027649,0.6000000834465027,-0.23146432638168335,-2.086162567138672e-07,1.5396937131881714,0.0,0.0,0.0,2.60770320892334e-08,1.3076117966193124e-07,-4.842877388000488e-08,21.31908416748047,21.31908416748047,34.881690979003906,34.881690979003906,0.23530198633670807,0.23530198633670807,0.7646980285644531,0.7646980285644531,0.0,0.0,0.0,0.0,-1.010549783706665,-1.010549783706665,1.852712631225586,1.852712631225586,0.12006686627864838,0.12006686627864838,0.0,0.0,-0.07321010529994965,-0.07321010529994965,0.046856749802827835,0.046856749802827835,0.5500251054763794,0.5500251054763794,-0.26854994893074036,-0.26854994893074036,0.04708539694547653,0.04708539694547653,-29.58440399169922,-29.58440399169922,-22.68806266784668,-22.68806266784668,-10.450830459594727,-10.450830459594727,15.10012435913086,15.10012435913086,0.0,0.0,180.0
90,0.375,0.49759276932562435,3.2507228654757285,-201.1563534780999,0.49759276932562435,3.2507228654757285,-201.1563534780999,5.0,-5.0,0.0,0.0,12.0,0,0.5,0.0,0.0,3.2,3.2,3.2,3.250722646713257,3.2507224082946777,3.250722885131836,3.250722885131836,0.493015855550766,0.4938552677631378,-3.546020746231079,-3.2713561058044434,0.04314691200852394,0.04314691200852394,0.0,0.0,nan,nan,-1.63008713722229,-1.63008713722229,-3.26017427444458,0.0,1.2223224639892578,0.010183332487940788,0.0,0.0,0.0,0.010183332487940788,0.0,1.2223224639892578,0.0,0.0,0.0,-0.2230125367641449,0.4883224368095398,1.0981723070144653,0.0,0.0,0.0,0.0,1.2223224639892578,0.010183332487940788,0.0,0.0,0.0,0.010183332487940788,0.0,1.2223224639892578,-0.0,-0.0,-0.0,-0.2230125367641449,-0.4883226752281189,1.0981721878051758,0.0,0.0,0.0,2.9802322387695312e-08,5.820766091346741e-11,0.6000000238418579,7.450580596923828e-09,0.05600002408027649,0.6000000238418579,5.21540641784668e-08,-0.055999934673309326,0.6000000834465027,-0.4460250735282898,-2.384185791015625e-07,2.1963443756103516,0.0,0.0,0.0,1.341104507446289e-07,-1.329258125792876e-08,-2.7939677238464355e-09,19.611724853515625,19.611726760864258,31.081329345703125,31.081329345703125,0.26428744196891785,0.26428744196891785,0.7357125878334045,0.7357125878334045,0.0,0.0,0.0,0.0,-0.7270458936691284,-0.7270458936691284,1.9493682384490967,1.9493682384490967,0.08307168632745743,0.08307168632745743,0.0,0.0,-0.07288835942745209,-0.07288835942745209,0.010183332487940788,0.010183332487940788,0.5500251054763794,0.5500251054763794,-0.2524060606956482,-0.2524060606956482,0.06659229844808578,0.06659229844808578,-23.660898208618164,-23.660898208618164,-19.274402618408203,-19.274402618408203,-7.02965784072876,-7.02965784072876,14.472136497497559,14.472136497497559,0.0,0.0,180.0
91,0.37916666666666665,0.5093764819832374,2.4021507177022965,-205.9200253293844,0.5093764819832374,2.4021507177022965,-205.9200253293844,5.0,-5.0,0.0,0.0,12.0,0,0.5,0.0,0.0,3.2,3.2,3.2,2.4021506309509277,2.4021506309509277,2.4021506309509277,2.4021506309509277,0.5019533038139343,0.5027493834495544,-4.068864345550537,-3.8102686405181885,0.03188379481434822,0.03188379481434822,0.0,0.0,nan,nan,-1.819875955581665,-1.819875955581665,-3.63975191116333,0.0,1.6020572185516357,-0.015319506637752056,0.0,0.0,0.0,-0.015319506637752056,0.0,1.6020572185516357,0.0,0.0,0.0,-0.318745881319046,0.6572895050048828,1.4259010553359985,0.0,0.0,0.0,0.0,1.6020572185516357,-0.015319506637752056,0.0,0.0,0.0,-0.015319506637752056,0.0,1.6020572185516357,-0.0,-0.0,-0.0,-0.318745881319046,-0.6572899222373962,1.425900936126709,0.0,0.0,0.0,2.9802322387695312e-08,5.820766091346741e-11,0.6000000238418579,-7.450580596923828e-08,0.05600002408027649,0.6000000238418579,7.450580596923828e-09,-0.055999934673309326,0.6000000238418579,-0.637491762638092,-4.172325134277344e-07,2.851801872253418,0.0,0.0,0.0,1.341104507446289e-07,1.8060443096601375e-07,-2.60770320892334e-08,17.741853713989258,17.741853713989258,26.6810359954834,26.681020736694336,0.3217938542366028,0.3217938542366028,0.678206205368042,0.678206205368042,0.0,0.0,0.0,0.0,-0.42961424589157104,-0.42961424589157104,2.0316715240478516,2.0316715240478516,0.05739481747150421,0.05739481747150421,0.0,0.0,-0.07271432876586914,-0.07271432876586914,-0.015319506637752056,-0.015319506637752056,0.5500251054763794,0.5500251054763794,-0.23506256937980652,-0.23506256937980652,0.08653030544519424,0.08653030544519424,-17.562206268310547,-17.562206268310547,-15.755450248718262,-15.755450248718262,-3.504908800125122,-3.504908800125122,13.826807022094727,13.826807022094727,0.0,0.0,180.0
92,0.3833333333333333,0.5175872846062355,1.5367292085871023,-209.23931615631733,0.5175872846062355,1.5367292085871023,-209.23931615631733,5.0,-5.0,0.0,0.0,12.0,0,0.5,0.0,0.0,3.2,3.2,3.2,1.536728858947754,1.536728858947754,1.5367292165756226,1.5367292165756226,0.5073654651641846,0.5081128478050232,-4.563878059387207,-4.323179244995117,0.020397039130330086,0.020397039130330086,0.0,0.0,nan,nan,-1.7047626972198486,-1.7047626972198486,-3.4095253944396973,0.0,1.9803595542907715,-0.028304435312747955,0.0,0.0,0.0,-0.028304435312747955,0.0,1.9803595542907715,0.0,0.0,0.0,-0.40177613496780396,0.8272994160652161,1.7540743350982666,0.0,0.0,0.0,0.0,1.9803595542907715,-0.028304435312747955,0.0,0.0,0.0,-0.028304435312747955,0.0,1.9803595542907715,-0.0,-0.0,-0.0,-0.40177610516548157,-0.8272997140884399,1.754074215888977,0.0,0.0,0.0,2.9802322387695312e-08,5.820766091346741e-11,0.6000000238418579,-9.685754776000977e-08,0.056000083684921265,0.6000000238418579,-1.341104507446289e-07,-0.055999934673309326,0.6000000238418579,-0.8035522699356079,-2.980232238769531e-07,3.508148670196533,0.0,0.0,0.0,2.682209014892578e-07,5.096860036246653e-07,9.313225746154785e-08,15.729498863220215,15.729498863220215,21.69786262512207,21.69786262512207,0.43548205494880676,0.43548205494880676,0.5645179748535156,0.5645179748535156,0.0,0.0,0.0,0.0,-0.11847339570522308,-0.11847339570522308,2.0988330841064453,2.0988330841064453,0.044394686818122864,0.044394686818122864,0.0,0.0,-0.07269912958145142,-0.07269912958145142,-0.028304435312747955,-0.028304435312747955,0.5500251054763794,0.5500251054763794,-0.21664491295814514,-0.21664491295814514,0.1067558005452156,0.1067558005452156,-11.333057403564453,-11.333057403564453,-12.156973838806152,-12.156973838806152,0.09760631620883942,0.09760631620883942,13.168664932250977,13.168664932250977,0.0,0.0,180.0
93,0.3875,0.5221675843136717,0.6605286482120636,-211.09094351865497,0.5221675843136717,0.6605286482120636,-211.09094351865497,5.0,-5.0,0.0,0.0,12.0,0,0.5,0.0,0.0,3.2,3.2,3.2,0.6605286598205566,0.6605285406112671,0.6605286598205566,0.6605286598205566,0.5092127919197083,0.5099062323570251,-5.027831077575684,-4.806737899780273,0.008767210878431797,0.008767210878431797,0.0,0.0,nan,nan,-1.2826855182647705,-1.2826855182647705,-2.565371036529541,0.0,2.356888771057129,-0.027560193091630936,0.0,0.0,0.0,-0.027560193091630936,0.0,2.356888771057129,0.0,0.0,0.0,-0.47123241424560547,0.994392991065979,2.0844199657440186,0.0,0.0,0.0,0.0,2.356888771057129,-0.027560193091630936,0.0,0.0,0.0,-0.027560193091630936,0.0,2.356888771057129,-0.0,-0.0,-0.0,-0.47123226523399353,-0.9943932890892029,2.0844199657440186,0.0,0.0,0.0,2.9802322387695312e-08,5.820766091346741e-11,0.6000000238418579,2.2351741790771484e-08,0.05600005388259888,0.6000000238418579,0.0,-0.055999964475631714,0.6000000238418579,-0.9424647092819214,-2.980232238769531e-07,4.168839931488037,0.0,0.0,0.0,1.862645149230957e-07,7.765069653942192e-08,7.264316082000732e-08,13.613553047180176,13.613551139831543,16.239486694335938,16.239486694335938,0.837850034236908,0.837850034236908,0.1621500849723816,0.1621500849723816,0.0,0.0,0.0,0.0,0.20666280388832092,0.20666280388832092,2.150225877761841,2.150225877761841,0.04528995603322983,0.04528995603322983,0.0,0.0,-0.07285015285015106,-0.07285015285015106,-0.027560193091630936,-0.027560193091630936,0.5500251054763794,0.5500251054763794,-0.19728884100914001,-0.19728884100914001,0.12712036073207855,0.12712036073207855,-5.019560813903809,-5.019560813903809,-8.505578994750977,-8.505578994750977,3.751253604888916,3.751253604888916,12.502325057983398,12.502325057983398,0.0,0.0,180.0
94,0.39166666666666666,0.5230852535940391,-0.220305046040985,-211.46191958084287,0.5230852535940391,-0.220305046040985,-211.46191958084287,5.0,-5.0,0.0,0.0,12.0,0,0.5,0.0,0.0,3.2,3.2,3.2,0.22030504047870636,0.22030498087406158,0.22030504047870636,0.22030504047870636,0.5074805617332458,0.508115291595459,-5.4577789306640625,-5.257864952087402,-0.0029241135343909264,-0.0029241135343909264,0.0,0.0,nan,nan,-0.5568866729736328,-0.5568866729736328,-1.1137733459472656,0.0,2.731822967529297,-0.011972621083259583,0.0,0.0,0.0,-0.011972621083259583,0.0,2.731822967529297,0.0,0.0,0.0,-0.5264405608177185,1.1548540592193604,2.419126510620117,0.0,0.0,0.0,0.0,2.731822967529297,-0.011972621083259583,0.0,0.0,0.0,-0.011972621083259583,0.0,2.731822967529297,-0.0,-0.0,-0.0,-0.5264403223991394,-1.154854416847229,2.419126272201538,0.0,0.0,0.0,2.9802322387695312e-08,5.820766091346741e-11,0.6000000238418579,-3.725290298461914e-08,0.05600002408027649,0.6000000238418579,-2.2351741790771484e-08,-0.055999934673309326,0.6000000238418579,-1.052880883216858,-3.5762786865234375e-07,4.838253021240234,0.0,0.0,0.0,2.384185791015625e-07,2.8838235266448464e-07,4.284083843231201e-08,11.466571807861328,11.466565132141113,12.14219856262207,12.14219856262207,1.0,1.0,0.0,0.0,0.0,0.0,0.0,0.0,0.5464234948158264,0.5464234948158264,2.1853995323181152,2.1853995323181152,0.061198294162750244,0.061198294162750244,0.0,0.0,-0.07317091524600983,-0.07317091524600983,-0.011972621083259583,-0.011972621083259583,0.5500251054763794,0.5500251054763794,-0.17713890969753265,-0.17713890969753265,0.1474723219871521,0.1474723219871521,1.3312814235687256,1.3312814235687256,-4.828432559967041,-4.828432559967041,7.428852081298828,7.428852081298828,11.8324613571167,11.8324613571167,0.0,0.0,180.0
95,0.3958333333333333,0.5203338556566807,-1.0995934586850227,-210.34964221235077,0.5203338556566807,-1.0995934586850227,-210.34964221235077,5.0,-5.0,0.0,0.0,12.0,0,0.5,0.0,0.0,3.2,3.2,3.2,1.099593162536621,1.0995930433273315,1.0995934009552002,1.0995934009552002,0.5021786689758301,0.5027503967285156,-5.851040840148926,-5.673740863800049,-0.014594926498830318,-0.014594926498830318,0.0,0.0,nan,nan,0.4650883376598358,0.4650883376598358,0.9301766753196716,0.0,3.1056549549102783,0.019488101825118065,0.0,0.0,0.0,0.019488101825118065,0.0,3.1056549549102783,0.0,0.0,0.0,-0.566853404045105,1.305139422416687,2.760572671890259,0.0,0.0,0.0,0.0,3.1056549549102783,0.019488101825118065,0.0,0.0,0.0,0.019488101825118065,0.0,3.1056549549102783,-0.0,-0.0,-0.0,-0.5668532252311707,-1.3051396608352661,2.7605724334716797,0.0,0.0,0.0,2.9802322387695312e-08,5.820766091346741e-11,0.6000000238418579,-4.470348358154297e-08,0.05600005388259888,0.6000000238418579,-8.195638656616211e-08,-0.055999964475631714,0.6000000238418579,-1.1337065696716309,-2.384185791015625e-07,5.521144866943359,0.0,0.0,0.0,2.5331974029541016e-07,5.14196699441527e-07,1.0803341865539551e-07,9.454729080200195,9.454727172851562,12.714000701904297,12.714000701904297,1.0,1.0,0.0,0.0,0.0,0.0,0.0,0.0,0.901565670967102,0.901565670967102,2.2040891647338867,2.2040891647338867,0.09314921498298645,0.09314921498298645,0.0,0.0,-0.07366111874580383,-0.07366111874580383,0.019488101825118065,0.019488101825118065,0.5500251054763794,0.5500251054763794,-0.15634702146053314,-0.15634702146053314,0.16765843331813812,0.16765843331813812,7.672070026397705,7.672070026397705,-1.1529743671417236,-1.1529743671417236,11.102956771850586,11.102956771850586,11.163772583007812,11.163772583007812,0.0,0.0,180.0
96,0.4,0.5139326895812498,-1.971169013273204,-207.7619132397484,0.5139326895812498,-1.971169013273204,-207.7619132397484,5.0,-5.0,0.0,0.0,12.0,0,0.5,0.0,0.0,3.2,3.2,3.2,1.9711692333221436,1.9711686372756958,1.9711689949035645,1.9711689949035645,0.4933423697948456,0.49384698271751404,-6.205203533172607,-6.0518012046813965,-0.026163367554545403,-0.026163367554545403,0.0,0.0,nan,nan,1.7718980312347412,1.7718980312347412,3.5437960624694824,0.0,3.4789464473724365,0.06774330884218216,0.0,0.0,0.0,0.06774330884218216,0.0,3.4789464473724365,0.0,0.0,0.0,-0.5920105576515198,1.441777229309082,3.1110222339630127,0.0,0.0,0.0,0.0,3.4789464473724365,0.06774330884218216,0.0,0.0,0.0,0.06774330884218216,0.0,3.4789464473724365,-0.0,-0.0,-0.0,-0.5920103192329407,-1.4417777061462402,3.1110219955444336,0.0,0.0,0.0,2.9802322387695312e-08,5.820766091346741e-11,0.6000000238418579,-5.21540641784668e-08,0.05600002408027649,0.6000000238418579,7.450580596923828e-09,-0.055999964475631714,0.6000000238418579,-1.1840208768844604,-4.76837158203125e-07,6.222043991088867,0.0,0.0,0.0,1.9371509552001953e-07,3.245048958433472e-07,-3.725290298461914e-08,8.087492942810059,8.087493896484375,13.288700103759766,13.288700103759766,1.0,1.0,0.0,0.0,0.0,0.0,0.0,0.0,1.2727279663085938,1.2727279663085938,2.2062184810638428,2.2062184810638428,0.14205969870090485,0.14205969870090485,0.0,0.0,-0.07431638240814209,-0.07431638240814209,0.06774330884218216,0.06774330884218216,0.5500251054763794,0.5500251054763794,-0.13507066667079926,-0.13507066667079926,0.18752539157867432,0.18752539157867432,13.955520629882812,13.955520629882812,2.4933764934539795,2.4933764934539795,14.746158599853516,14.746158599853516,10.50094985961914,10.50094985961914,0.0,0.0,180.0
97,0.4041666666666667,0.5039266549485346,-2.8289182335162466,-203.71688372249787,0.5039266549485346,-2.8289182335162466,-203.71688372249787,5.0,-5.0,0.0,0.0,12.0,0,0.5,0.0,0.0,3.2,3.2,3.2,2.8289177417755127,2.82891845703125,2.82891845703125,2.82891845703125,0.48103147745132446,0.48146548867225647,-6.518115520477295,-6.389728546142578,-0.03754828870296478,-0.03754828870296478,0.0,0.0,nan,nan,3.348324775695801,3.348324775695801,6.696649551391602,0.0,3.852079153060913,0.13354140520095825,0.0,0.0,0.0,0.13354140520095825,0.0,3.852079153060913,0.0,0.0,0.0,-0.6015374660491943,1.5612568855285645,3.472315788269043,0.0,0.0,0.0,0.0,3.852079153060913,0.13354140520095825,0.0,0.0,0.0,0.13354140520095825,0.0,3.852079153060913,-0.0,-0.0,-0.0,-0.6015374064445496,-1.5612576007843018,3.472315549850464,0.0,0.0,0.0,2.9802322387695312e-08,5.820766091346741e-11,0.6000000238418579,-3.725290298461914e-08,0.05600005388259888,0.6000000238418579,-2.2351741790771484e-08,-0.055999964475631714,0.6000000238418579,-1.2030749320983887,-7.152557373046875e-07,6.944631576538086,0.0,0.0,0.0,3.2782554626464844e-07,4.139322982155136e-07,3.725290298461914e-08,7.9226975440979,7.922696590423584,13.863348007202148,13.863348007202148,1.0,1.0,0.0,0.0,0.0,0.0,0.0,0.0,1.660183310508728,1.660183310508728,2.1918957233428955,2.1918957233428955,0.2086697518825531,0.2086697518825531,0.0,0.0,-0.07512834668159485,-0.07512834668159485,0.13354140520095825,0.13354140520095825,0.5500251054763794,0.5500251054763794,-0.11347106844186783,-0.11347106844186783,0.20692189037799835,0.20692189037799835,20.134971618652344,20.134971618652344,6.083516597747803,6.083516597747803,18.331377029418945,18.331377029418945,9.848642349243164,9.848642349243164,0.0,0.0,180.0
98,0.4083333333333333,0.4903859369021578,-3.666824624926101,-198.2429266363132,0.4903859369021578,-3.666824624926101,-198.2429266363132,5.0,-5.0,0.0,0.0,12.0,0,0.5,0.0,0.0,3.2,3.2,3.2,3.666823625564575,3.6668245792388916,3.6668245792388916,3.6668245792388916,0.46533045172691345,0.46569108963012695,-6.787863731384277,-6.685445785522461,-0.04866983741521835,-0.04866983741521835,0.0,0.0,nan,nan,5.174678325653076,5.174678325653076,10.349356651306152,0.0,4.2250261306762695,0.21735914051532745,0.0,0.0,0.0,0.21735914051532745,0.0,4.2250261306762695,0.0,0.0,0.0,-0.5951840281486511,1.6599572896957397,3.845567464828491,0.0,0.0,0.0,0.0,4.2250261306762695,0.21735914051532745,0.0,0.0,0.0,0.21735914051532745,0.0,4.2250261306762695,-0.0,-0.0,-0.0,-0.5951841473579407,-1.6599583625793457,3.845566987991333,0.0,0.0,0.0,2.9802322387695312e-08,5.820766091346741e-11,0.6000000238418579,-7.450580596923828e-08,0.05600002408027649,0.6000000238418579,7.450580596923828e-08,-0.0559999942779541,0.6000000834465027,-1.1903681755065918,-1.0728836059570312e-06,7.691134452819824,0.0,0.0,0.0,2.384185791015625e-07,1.937379607852563e-07,-2.3469328880310059e-07,8.610852241516113,8.610852241516113,15.916553497314453,15.916553497314453,0.995453953742981,0.995453953742981,0.004546067211776972,0.004546067211776972,0.0,0.0,0.0,0.0,2.063619375228882,2.063619375228882,2.161406993865967,2.161406993865967,0.2934437096118927,0.2934437096118927,0.0,0.0,-0.07608456164598465,-0.07608456164598465,0.21735914051532745,0.21735914051532745,0.5500251054763794,0.5500251054763794,-0.09171133488416672,-0.09171133488416672,0.2257002294063568,0.2257002294063568,26.164875030517578,26.164875030517578,9.590948104858398,9.590948104858398,21.8321475982666,21.8321475982666,9.211423873901367,9.211423873901367,0.0,0.0,180.0
99,0.4125,0.47340551385022167,-4.479010876201976,-191.37843785712096,0.47340551385022167,-4.479010876201976,-191.37843785712096,5.0,-5.0,0.0,0.0,12.0,0,0.5,0.0,0.0,3.2,3.2,3.2,4.479011535644531,4.479009628295898,4.479011535644531,4.479011535644531,0.44635695219039917,0.4466417729854584,-7.011359214782715,-6.9356608390808105,-0.05945000424981117,-0.05945000424981117,0.0,0.0,nan,nan,7.187305450439453,7.187305450439453,14.374610900878906,0.0,4.584090709686279,0.3105057179927826,0.0,0.0,0.0,0.3105057179927826,0.0,4.584090709686279,0.0,0.0,0.0,-0.5789554715156555,1.7291911840438843,4.217227458953857,0.0,0.0,0.0,0.0,4.584090709686279,0.3105057179927826,0.0,0.0,0.0,0.3105057179927826,0.0,4.584090709686279,-0.0,-0.0,-0.0,-0.5789550542831421,-1.7291918992996216,4.217227458953857,0.0,0.0,0.0,2.9802322387695312e-08,5.820766091346741e-11,0.6000000238418579,-4.470348358154297e-08,0.05600002408027649,0.6000000238418579,-1.341104507446289e-07,-0.055999964475631714,0.6000000238418579,-1.1579105854034424,-7.152557373046875e-07,8.434454917907715,0.0,0.0,0.0,2.5331974029541016e-07,1.0054653785118717e-06,2.123415470123291e-07,9.699289321899414,9.699292182922363,20.763591766357422,20.763591766357422,0.9079464077949524,0.9079464077949524,0.0920536071062088,0.0920536071062088,0.0,0.0,0.004546067211776972,0.004546067211776972,2.4819700717926025,2.4819700717926025,2.115201950073242,2.115201950073242,0.3964509963989258,0.3964509963989258,0.0,0.0,-0.07716859877109528,-0.07716859877109528,0.3105057179927826,0.3105057179927826,0.5500251054763794,0.5500251054763794,-0.06995449960231781,-0.06995449960231781,0.24371835589408875,0.24371835589408875,32.00127029418945,32.00127029418945,12.990056991577148,12.990056991577148,25.2229061126709,25.2229061126709,8.593766212463379,8.593766212463379,0.0,0.0,180.0
100,0.4166666666666667,0.4531044912600181,-5.2597800843461835,-183.17156684157865,0.4531044912600181,-5.2597800843461835,-183.17156684157865,5.0,-5.0,0.0,0.0,12.0,0,0.5,0.0,0.0,3.2,3.2,3.2,5.2597784996032715,5.259778022766113,5.259779930114746,5.259779930114746,0.4242704510688782,0.424477219581604,-7.182823657989502,-7.134311199188232,-0.06981316953897476,-0.06981316953897476,0.0,0.0,nan,nan,9.207113265991211,9.207113265991211,18.414226531982422,0.0,4.887799263000488,0.3825123906135559,0.0,0.0,0.0,0.3825123906135559,0.0,4.887799263000488,0.0,0.0,0.0,-0.5745894908905029,1.7514859437942505,4.543021202087402,0.0,0.0,0.0,0.0,4.887799263000488,0.3825123906135559,0.0,0.0,0.0,0.3825123906135559,0.0,4.887799263000488,-0.0,-0.0,-0.0,-0.5745893120765686,-1.7514867782592773,4.543021202087402,0.0,0.0,0.0,2.9802322387695312e-08,5.820766091346741e-11,0.6000000238418579,-7.450580596923828e-08,0.05600005388259888,0.6000000238418579,-1.1920928955078125e-07,-0.055999964475631714,0.6000000238418579,-1.1491787433624268,-8.344650268554688e-07,9.086042404174805,0.0,0.0,0.0,4.172325134277344e-07,1.1508369652801775e-06,1.3783574104309082e-07,10.934762954711914,10.93476390838623,25.070392608642578,25.070398330688477,0.7828142046928406,0.7828142046928406,0.2171858847141266,0.2171858847141266,0.0,0.0,0.029628142714500427,0.029628142714500427,2.9133074283599854,2.9133074283599854,2.0538744926452637,2.0538744926452637,0.5172436237335205,0.5172436237335205,0.0,0.0,-0.0783601626753807,-0.0783601626753807,0.3825123906135559,0.3825123906135559,0.5500251054763794,0.5500251054763794,-0.04836186766624451,-0.04836186766624451,0.2608411908149719,0.2608411908149719,37.60215759277344,37.60215759277344,16.25632095336914,16.25632095336914,28.479185104370117,28.479185104370117,8.000000953674316,8.000000953674316,0.0,0.0,180.0
101,0.42083333333333334,0.4296252662187542,-6.003655714345447,-173.67987889323226,0.4296252662187542,-6.003655714345447,-173.67987889323226,5.0,-5.0,0.0,0.0,12.0,0,0.5,0.0,0.0,3.2,3.2,3.2,6.0036540031433105,6.0036540031433105,6.003655910491943,6.003655910491943,0.3992544710636139,0.39938151836395264,-7.296445369720459,-7.2753119468688965,-0.07968664914369583,-0.07968664914369583,0.0,0.0,nan,nan,11.010102272033691,11.010102272033691,22.020204544067383,0.0,5.091468334197998,0.4009166359901428,0.0,0.0,0.0,0.4009166359901428,0.0,5.091468334197998,0.0,0.0,0.0,-0.6047536730766296,1.7123684883117676,4.7734527587890625,0.0,0.0,0.0,0.0,5.091468334197998,0.4009166359901428,0.0,0.0,0.0,0.4009166359901428,0.0,5.091468334197998,-0.0,-0.0,-0.0,-0.6047536134719849,-1.712369680404663,4.773452281951904,0.0,0.0,0.0,2.9802322387695312e-08,5.820766091346741e-11,0.6000000238418579,-1.1920928955078125e-07,0.05600002408027649,0.6000000238418579,-9.685754776000977e-08,-0.05599990487098694,0.6000000238418579,-1.2095072269439697,-1.1920928955078125e-06,9.546905517578125,0.0,0.0,0.0,5.960464477539062e-07,1.3159046829969157e-06,3.725290298461914e-08,12.183587074279785,12.183587074279785,28.79570960998535,28.79570960998535,0.7021473050117493,0.7021473050117493,0.2978527545928955,0.2978527545928955,0.0,0.0,0.0920536071062088,0.0920536071062088,3.3548061847686768,3.3548061847686768,1.978142261505127,1.978142261505127,0.654750406742096,0.654750406742096,0.0,0.0,-0.07963529229164124,-0.07963529229164124,0.4009166359901428,0.4009166359901428,0.5500251054763794,0.5500251054763794,-0.027091151103377342,-0.027091151103377342,0.27694228291511536,0.27694228291511536,42.92790222167969,42.92790222167969,19.3665714263916,19.3665714263916,31.57788848876953,31.57788848876953,7.434292316436768,7.434292316436768,0.0,0.0,180.0
102,0.425,0.4031325286202932,-6.705420013129272,-162.96995138327048,0.4031325286202932,-6.705420013129272,-162.96995138327048,5.0,-5.0,0.0,0.0,12.0,0,0.5,0.0,0.0,3.2,3.2,3.2,6.705418109893799,6.705418586730957,6.705420017242432,6.705420017242432,0.3714636266231537,0.37150973081588745,-7.354782581329346,-7.361095428466797,-0.08900117874145508,-0.08900117874145508,0.0,0.0,nan,nan,12.644268035888672,12.644268035888672,25.288536071777344,0.0,5.224552154541016,0.3771008253097534,0.0,0.0,0.0,0.3771008253097534,0.0,5.224552154541016,0.0,0.0,0.0,-0.6634249687194824,1.6261781454086304,4.934932708740234,0.0,0.0,0.0,0.0,5.224552154541016,0.3771008253097534,0.0,0.0,0.0,0.3771008253097534,0.0,5.224552154541016,-0.0,-0.0,-0.0,-0.6634250283241272,-1.6261789798736572,4.934932231903076,0.0,0.0,0.0,2.9802322387695312e-08,5.820766091346741e-11,0.6000000238418579,-1.341104507446289e-07,0.0559999942779541,0.5999999642372131,-2.2351741790771484e-08,-0.055999964475631714,0.6000000238418579,-1.3268499374389648,-8.344650268554688e-07,9.869865417480469,0.0,0.0,0.0,2.682209014892578e-07,1.105818455471308e-06,-1.6391277313232422e-07,13.374344825744629,13.374345779418945,31.962621688842773,31.962621688842773,0.6316575407981873,0.6316575407981873,0.3683425188064575,0.3683425188064575,0.0,0.0,0.17482061684131622,0.17482061684131622,3.802764892578125,3.802764892578125,1.8888245820999146,1.8888245820999146,0.807201623916626,0.807201623916626,0.0,0.0,-0.0809667780995369,-0.0809667780995369,0.3771008253097534,0.3771008253097534,0.5500251054763794,0.5500251054763794,-0.006295147351920605,-0.006295147351920605,0.2919051945209503,0.2919051945209503,47.9415168762207,47.9415168762207,22.299137115478516,22.299137115478516,34.49742126464844,34.49742126464844,6.900608539581299,6.900608539581299,0.0,0.0,180.0
103,0.42916666666666664,0.3738121059838829,-7.3601506083586274,-151.11690675810357,0.3738121059838829,-7.3601506083586274,-151.11690675810357,5.0,-5.0,0.0,0.0,12.0,0,0.5,0.0,0.0,3.2,3.2,3.2,7.3601484298706055,7.360150337219238,7.3601508140563965,7.3601508140563965,0.3410504460334778,0.341015487909317,-7.364224910736084,-7.397993564605713,-0.09769143164157867,-0.09769143164157867,0.0,0.0,nan,nan,14.300511360168457,14.300511360168457,28.601022720336914,0.0,5.348702430725098,0.33862167596817017,0.0,0.0,0.0,0.33862167596817017,0.0,5.348702430725098,0.0,0.0,0.0,-0.7352867722511292,1.5150879621505737,5.0879411697387695,0.0,0.0,0.0,0.0,5.348702430725098,0.33862167596817017,0.0,0.0,0.0,0.33862167596817017,0.0,5.348702430725098,-0.0,-0.0,-0.0,-0.7352867126464844,-1.5150889158248901,5.087940692901611,0.0,0.0,0.0,2.9802322387695312e-08,5.820766091346741e-11,0.6000000238418579,-2.9802322387695312e-08,0.05600005388259888,0.6000000238418579,2.9802322387695312e-08,-0.0559999942779541,0.6000000834465027,-1.4705734252929688,-9.5367431640625e-07,10.175882339477539,0.0,0.0,0.0,4.172325134277344e-07,2.594384227450064e-07,-4.0978193283081055e-08,14.469561576843262,14.469564437866211,34.62179183959961,34.62179183959961,0.5893751382827759,0.5893751382827759,0.4106249213218689,0.4106249213218689,0.0,0.0,0.2546203136444092,0.2546203136444092,4.252692699432373,4.252692699432373,1.7868167161941528,1.7868167161941528,0.9720991849899292,0.9720991849899292,0.0,0.0,-0.08232466876506805,-0.08232466876506805,0.33862167596817017,0.33862167596817017,0.5500251054763794,0.5500251054763794,0.0138796865940094,0.0138796865940094,0.3056243062019348,0.3056243062019348,52.6088752746582,52.6088752746582,25.03400230407715,25.03400230407715,37.217864990234375,37.217864990234375,6.402693748474121,6.402693748474121,0.0,0.0,180.0
104,0.43333333333333335,0.34186966000762337,-7.963255035331263,-138.20388560937624,0.34186966000762337,-7.963255035331263,-138.20388560937624,5.0,-5.0,0.0,0.0,12.0,0,0.5,0.0,0.0,3.2,3.2,3.2,7.963254451751709,7.963253974914551,7.963254928588867,7.963254928588867,0.30816760659217834,0.3080523610115051,-7.334432125091553,-7.395669937133789,-0.10569644719362259,-0.10569644719362259,0.0,0.0,nan,nan,16.252084732055664,16.252084732055664,32.50416946411133,0.0,5.552639961242676,0.3359174132347107,0.0,0.0,0.0,0.3359174132347107,0.0,5.552639961242676,0.0,0.0,0.0,-0.7884750366210938,1.4019843339920044,5.32516622543335,0.0,0.0,0.0,0.0,5.552639961242676,0.3359174132347107,0.0,0.0,0.0,0.3359174132347107,0.0,5.552639961242676,-0.0,-0.0,-0.0,-0.7884750366210938,-1.4019852876663208,5.32516622543335,0.0,0.0,0.0,2.9802322387695312e-08,5.820766091346741e-11,0.6000000238418579,-3.725290298461914e-08,0.05600002408027649,0.6000000238418579,-4.470348358154297e-08,-0.055999934673309326,0.6000000238418579,-1.5769500732421875,-9.5367431640625e-07,10.6503324508667,0.0,0.0,0.0,4.76837158203125e-07,7.538360478065442e-07,8.195638656616211e-08,15.45125675201416,15.45125675201416,36.83287811279297,36.83287811279297,0.532188355922699,0.532188355922699,0.45561593770980835,0.45561593770980835,0.012195754796266556,0.012195754796266556,0.296124666929245,0.296124666929245,4.699432373046875,4.699432373046875,1.6730680465698242,1.6730680465698242,1.146235466003418,1.146235466003418,0.0,0.0,-0.08367697894573212,-0.08367697894573212,0.3359174132347107,0.3359174132347107,0.5500251054763794,0.5500251054763794,0.03329422324895859,0.03329422324895859,0.31800583004951477,0.31800583004951477,56.898929595947266,56.898929595947266,27.55290412902832,27.55290412902832,39.7210578918457,39.7210578918457,5.944040298461914,5.944040298461914,0.0,0.0,180.0
105,0.4375,0.30752924399942205,-8.510502949821898,-124.32146350245392,0.30752924399942205,-8.510502949821898,-124.32146350245392,5.0,-5.0,0.0,0.0,12.0,0,0.5,0.0,0.0,3.2,3.2,3.2,8.510502815246582,8.510501861572266,8.510502815246582,8.510503768920898,0.27311211824417114,0.2729175388813019,-7.254956245422363,-7.343265533447266,-0.112960085272789,-0.112960085272789,0.0,0.0,nan,nan,18.14739990234375,18.14739990234375,36.2947998046875,0.0,5.7365264892578125,0.32125532627105713,0.0,0.0,0.0,0.32125532627105713,0.0,5.7365264892578125,0.0,0.0,0.0,-0.8494693636894226,1.2569851875305176,5.541599750518799,0.0,0.0,0.0,0.0,5.7365264892578125,0.32125532627105713,0.0,0.0,0.0,0.32125532627105713,0.0,5.7365264892578125,-0.0,-0.0,-0.0,-0.8494691252708435,-1.256986141204834,5.541599750518799,0.0,0.0,0.0,2.9802322387695312e-08,5.820766091346741e-11,0.6000000238418579,-7.450580596923828e-09,0.05600005388259888,0.6000000238418579,5.21540641784668e-08,-0.0559999942779541,0.6000000238418579,-1.6989384889602661,-9.5367431640625e-07,11.083199501037598,0.0,0.0,0.0,3.2782554626464844e-07,8.257626404883922e-08,-1.4901161193847656e-08,16.312816619873047,16.312816619873047,38.654823303222656,38.65483093261719,0.5038655400276184,0.5038655400276184,0.46650639176368713,0.46650639176368713,0.029628142714500427,0.029628142714500427,0.3381875455379486,0.3381875455379486,5.137321472167969,5.137321472167969,1.5485601425170898,1.5485601425170898,1.3257648944854736,1.3257648944854736,0.0,0.0,-0.08499044924974442,-0.08499044924974442,0.32125532627105713,0.32125532627105713,0.5500251054763794,0.5500251054763794,0.05181751400232315,0.05181751400232315,0.3289681375026703,0.3289681375026703,60.78380584716797,60.78380584716797,29.83942413330078,29.83942413330078,41.990684509277344,41.990684509277344,5.527864456176758,5.527864456176758,0.0,0.0,180.0
106,0.44166666666666665,0.2710317313040218,-8.998055800907466,-109.5670156539102,0.2710317313040218,-8.998055800907466,-109.5670156539102,5.0,-5.0,0.0,0.0,12.0,0,0.5,0.0,0.0,3.2,3.2,3.2,8.998055458068848,8.998052597045898,8.998054504394531,8.998054504394531,0.23610863089561462,0.23583625257015228,-7.1297831535339355,-7.244651794433594,-0.11943138390779495,-0.11943138390779495,0.0,0.0,nan,nan,20.050453186035156,20.050453186035156,40.10090637207031,0.0,5.930610179901123,0.31744155287742615,0.0,0.0,0.0,0.31744155287742615,0.0,5.930610179901123,0.0,0.0,0.0,-0.901628851890564,1.087500810623169,5.768649101257324,0.0,0.0,0.0,0.0,5.930610179901123,0.31744155287742615,0.0,0.0,0.0,0.31744155287742615,0.0,5.930610179901123,-0.0,-0.0,-0.0,-0.9016287922859192,-1.0875020027160645,5.768649101257324,0.0,0.0,0.0,2.9802322387695312e-08,5.820766091346741e-11,0.6000000238418579,-1.4901161193847656e-08,0.05600002408027649,0.6000000238418579,-3.725290298461914e-08,-0.055999934673309326,0.6000000834465027,-1.803257703781128,-1.1920928955078125e-06,11.537298202514648,0.0,0.0,0.0,5.662441253662109e-07,5.909554943173134e-07,1.0803341865539551e-07,17.054298400878906,17.054298400878906,40.14113998413086,40.14113998413086,0.4897056221961975,0.4897056221961975,0.45715662837028503,0.45715662837028503,0.05313779413700104,0.05313779413700104,0.366405189037323,0.366405189037323,5.560380935668945,5.560380935668945,1.414288878440857,1.414288878440857,1.506323218345642,1.506323218345642,0.0,0.0,-0.08623160421848297,-0.08623160421848297,0.31744155287742615,0.31744155287742615,0.5500251054763794,0.5500251054763794,0.06932736933231354,0.06932736933231354,0.3384420573711395,0.3384420573711395,64.23880767822266,64.23880767822266,31.878976821899414,31.878976821899414,44.01228332519531,44.01228332519531,5.157086372375488,5.157086372375488,0.0,0.0,180.0
107,0.4458333333333333,0.2326331257495541,-9.42249375564384,-94.04403391434641,0.2326331257495541,-9.42249375564384,-94.04403391434641,5.0,-5.0,0.0,0.0,12.0,0,0.5,0.0,0.0,3.2,3.2,3.2,9.422491073608398,9.422492980957031,9.422493934631348,9.422493934631348,0.19744154810905457,0.1970934271812439,-6.955789566040039,-7.096426486968994,-0.12506495416164398,-0.12506495416164398,0.0,0.0,nan,nan,21.795703887939453,21.795703887939453,43.591407775878906,0.0,6.096504211425781,0.3062756657600403,0.0,0.0,0.0,0.3062756657600403,0.0,6.096504211425781,0.0,0.0,0.0,-0.9544613361358643,0.8870238065719604,5.963502407073975,0.0,0.0,0.0,0.0,6.096504211425781,0.3062756657600403,0.0,0.0,0.0,0.3062756657600403,0.0,6.096504211425781,-0.0,-0.0,-0.0,-0.9544614553451538,-0.8870252966880798,5.963501930236816,0.0,0.0,0.0,2.9802322387695312e-08,5.820766091346741e-11,0.6000000238418579,-5.960464477539063e-08,0.05600002408027649,0.6000000238418579,2.9802322387695312e-08,-0.055999964475631714,0.6000000834465027,-1.908922791481018,-1.4901161193847656e-06,11.927003860473633,0.0,0.0,0.0,4.172325134277344e-07,4.7628830657231447e-07,-2.60770320892334e-08,17.679561614990234,17.6795597076416,41.337974548339844,41.33796691894531,0.47554877400398254,0.47554877400398254,0.44282615184783936,0.44282615184783936,0.08162510395050049,0.08162510395050049,0.3946942090988159,0.3946942090988159,5.962506294250488,5.962506294250488,1.2712492942810059,1.2712492942810059,1.6831891536712646,1.6831891536712646,0.0,0.0,-0.08736775070428848,-0.08736775070428848,0.3062756657600403,0.3062756657600403,0.5500251054763794,0.5500251054763794,0.0857107862830162,0.0857107862830162,0.3463709354400635,0.3463709354400635,67.24253845214844,67.24253845214844,33.65888214111328,33.65888214111328,45.7733039855957,45.7733039855957,4.834306240081787,4.834306240081787,0.0,0.0,180.0
108,0.45,0.19260276596462353,-9.780839686736796,-77.86140084741865,0.19260276596462353,-9.780839686736796,-77.86140084741865,5.0,-5.0,0.0,0.0,12.0,0,0.5,0.0,0.0,3.2,3.2,3.2,9.780838966369629,9.780838966369629,9.780840873718262,9.780840873718262,0.1573616862297058,0.15694047510623932,-6.7374701499938965,-6.902985572814941,-0.1298212856054306,-0.1298212856054306,0.0,0.0,nan,nan,23.434749603271484,23.434749603271484,46.86949920654297,0.0,6.263230323791504,0.3109843134880066,0.0,0.0,0.0,0.3109843134880066,0.0,6.263230323791504,0.0,0.0,0.0,-0.9907011985778809,0.6625684499740601,6.156644821166992,0.0,0.0,0.0,0.0,6.263230323791504,0.3109843134880066,0.0,0.0,0.0,0.3109843134880066,0.0,6.263230323791504,-0.0,-0.0,-0.0,-0.9907010793685913,-0.6625697612762451,6.156644821166992,0.0,0.0,0.0,2.9802322387695312e-08,5.820766091346741e-11,0.6000000238418579,-5.960464477539063e-08,0.05600005388259888,0.6000000238418579,-2.9802322387695312e-08,-0.055999934673309326,0.6000000238418579,-1.9814022779464722,-1.3113021850585938e-06,12.313289642333984,0.0,0.0,0.0,7.152557373046875e-07,9.174115689347673e-07,1.0803341865539551e-07,18.19452476501465,18.19452667236328,42.283695220947266,42.283695220947266,0.44665592908859253,0.44665592908859253,0.4504525065422058,0.4504525065422058,0.10289160162210464,0.10289160162210464,0.4088520109653473,0.4088520109653473,6.337667465209961,6.337667465209961,1.1204257011413574,1.1204257011413574,1.8514717817306519,1.8514717817306519,0.0,0.0,-0.08836811780929565,-0.08836811780929565,0.3109843134880066,0.3109843134880066,0.5500251054763794,0.5500251054763794,0.10086392611265182,0.10086392611265182,0.3527103066444397,0.3527103066444397,69.77674102783203,69.77674102783203,35.168296813964844,35.168296813964844,47.263031005859375,47.263031005859375,4.561788558959961,4.561788558959961,0.0,0.0,180.0
109,0.45416666666666666,0.15122143616134745,-10.070580054950911,-61.13262599688554,0.15122143616134745,-10.070580054950911,-61.13262599688554,5.0,-5.0,0.0,0.0,12.0,0,0.5,0.0,0.0,3.2,3.2,3.2,10.070581436157227,10.070579528808594,10.07058048248291,10.07058048248291,0.11617493629455566,0.11568352580070496,-6.472394943237305,-6.661638259887695,-0.1336670219898224,-0.1336670219898224,0.0,0.0,nan,nan,24.802902221679688,24.802902221679688,49.605804443359375,0.0,6.392971992492676,0.31104379892349243,0.0,0.0,0.0,0.31104379892349243,0.0,6.392971992492676,0.0,0.0,0.0,-1.0221521854400635,0.4127238392829895,6.304894924163818,0.0,0.0,0.0,0.0,6.392971992492676,0.31104379892349243,0.0,0.0,0.0,0.31104379892349243,0.0,6.392971992492676,-0.0,-0.0,-0.0,-1.0221519470214844,-0.412725031375885,6.304894924163818,0.0,0.0,0.0,2.9802322387695312e-08,5.820766091346741e-11,0.6000000238418579,0.0,0.05600002408027649,0.6000000238418579,-4.470348358154297e-08,-0.055999934673309326,0.6000000238418579,-2.044304132461548,-1.1920928955078125e-06,12.609789848327637,0.0,0.0,0.0,5.662441253662109e-07,6.576518103429407e-07,1.2293457984924316e-07,18.606306076049805,18.606307983398438,43.00917053222656,43.00917053222656,0.43250685930252075,0.43250685930252075,0.45338597893714905,0.45338597893714905,0.11410718411207199,0.11410718411207199,0.42301318049430847,0.42301318049430847,6.68010950088501,6.68010950088501,0.9627858996391296,0.9627858996391296,2.0063235759735107,2.0063235759735107,0.0,0.0,-0.08920497447252274,-0.08920497447252274,0.31104379892349243,0.31104379892349243,0.5500251054763794,0.5500251054763794,0.11469244211912155,0.11469244211912155,0.35742756724357605,0.35742756724357605,71.82636260986328,71.82636260986328,36.39822006225586,36.39822006225586,48.47260284423828,48.47260284423828,4.34144401550293,4.34144401550293,0.0,0.0,180.0
110,0.4583333333333333,0.10877939663585247,-10.289682539781328,-43.97504969871583,0.10877939663585247,-10.289682539781328,-43.97504969871583,5.0,-5.0,0.0,0.0,12.0,0,0.5,0.0,0.0,3.2,3.2,3.2,10.289682388305664,10.289680480957031,10.289682388305664,10.289682388305664,0.07414934784173965,0.0735914409160614,-6.165760040283203,-6.377477169036865,-0.13657516241073608,-0.13657516241073608,0.0,0.0,nan,nan,25.95825958251953,25.95825958251953,51.91651916503906,0.0,6.515475273132324,0.3310202956199646,0.0,0.0,0.0,0.3310202956199646,0.0,6.515475273132324,0.0,0.0,0.0,-1.0305219888687134,0.14438533782958984,6.440354824066162,0.0,0.0,0.0,0.0,6.515475273132324,0.3310202956199646,0.0,0.0,0.0,0.3310202956199646,0.0,6.515475273132324,-0.0,-0.0,-0.0,-1.0305218696594238,-0.14438670873641968,6.440354824066162,0.0,0.0,0.0,2.9802322387695312e-08,5.820766091346741e-11,0.6000000238418579,-8.195638656616211e-08,0.05600002408027649,0.6000000238418579,1.4901161193847656e-08,-0.055999934673309326,0.6000000238418579,-2.0610437393188477,-1.3709068298339844e-06,12.880709648132324,0.0,0.0,0.0,5.662441253662109e-07,8.15734495063225e-07,8.940696716308594e-08,18.923763275146484,18.923763275146484,43.53828048706055,43.53828048706055,0.4183611571788788,0.4183611571788788,0.45596975088119507,0.45596975088119507,0.12566909193992615,0.12566909193992615,0.42301318049430847,0.42301318049430847,6.9845290184021,6.9845290184021,0.79928058385849,0.79928058385849,2.14315128326416,2.14315128326416,0.0,0.0,-0.08985468745231628,-0.08985468745231628,0.3310202956199646,0.3310202956199646,0.5500251054763794,0.5500251054763794,0.12711112201213837,0.12711112201213837,0.3605014681816101,0.3605014681816101,73.3794174194336,73.3794174194336,37.34144973754883,37.34144973754883,49.394954681396484,49.394954681396484,4.1748199462890625,4.1748199462890625,0.0,0.0,180.0
111,0.46249999999999997,0.06557434780084473,-10.436610294721888,-26.509020022938884,0.06557434780084473,-10.436610294721888,-26.509020022938884,5.0,-5.0,0.0,0.0,12.0,0,0.5,0.0,0.0,3.2,3.2,3.2,10.436609268188477,10.436607360839844,10.436609268188477,10.436610221862793,0.03162653371691704,0.031005842611193657,-5.812209606170654,-6.044843673706055,-0.1385253518819809,-0.1385253518819809,0.0,0.0,nan,nan,26.64267921447754,26.64267921447754,53.28535842895508,0.0,6.5606560707092285,0.3228163719177246,0.0,0.0,0.0,0.3228163719177246,0.0,6.5606560707092285,0.0,0.0,0.0,-1.0479708909988403,-0.13804365694522858,6.482986927032471,0.0,0.0,0.0,0.0,6.5606560707092285,0.3228163719177246,0.0,0.0,0.0,0.3228163719177246,0.0,6.5606560707092285,-0.0,-0.0,-0.0,-1.0479707717895508,0.13804227113723755,6.482986927032471,0.0,0.0,0.0,2.9802322387695312e-08,5.820766091346741e-11,0.6000000238418579,0.0,0.05600002408027649,0.6000000238418579,-1.341104507446289e-07,-0.055999934673309326,0.6000000238418579,-2.0959415435791016,-1.385807991027832e-06,12.965973854064941,0.0,0.0,0.0,5.662441253662109e-07,1.255852453141415e-06,8.195638656616211e-08,19.159120559692383,19.159122467041016,43.888465881347656,43.88846969604492,0.4183611571788788,0.4183611571788788,0.44409045577049255,0.44409045577049255,0.13754841685295105,0.13754841685295105,0.43717479705810547,0.43717479705810547,7.246242523193359,7.246242523193359,0.6308459043502808,0.6308459043502808,2.257823944091797,2.257823944091797,0.0,0.0,-0.090298593044281,-0.090298593044281,0.3228163719177246,0.3228163719177246,0.5500251054763794,0.5500251054763794,0.13804394006729126,0.13804394006729126,0.3619214594364166,0.3619214594364166,74.4269790649414,74.4269790649414,37.992549896240234,37.992549896240234,50.02479934692383,50.02479934692383,4.063082218170166,4.063082218170166,0.0,0.0,180.0
112,0.4666666666666667,0.021909342031117003,-10.510332727139126,-8.85704861840525,0.021909342031117003,-10.510332727139126,-8.85704861840525,5.0,-5.0,0.0,0.0,12.0,0,0.5,0.0,0.0,3.2,3.2,3.2,10.510330200195312,10.510333061218262,10.510333061218262,10.510333061218262,-0.011139171198010445,-0.011818110942840576,-5.421266555786133,-5.673248291015625,-0.1395038664340973,-0.1395038664340973,0.0,0.0,nan,nan,27.04131317138672,27.04131317138672,54.08262634277344,0.0,6.59307861328125,0.33616775274276733,0.0,0.0,0.0,0.33616775274276733,0.0,6.59307861328125,0.0,0.0,0.0,-1.039085030555725,-0.4263283312320709,6.505400657653809,0.0,0.0,0.0,0.0,6.59307861328125,0.33616775274276733,0.0,0.0,0.0,0.33616775274276733,0.0,6.59307861328125,-0.0,-0.0,-0.0,-1.0390855073928833,0.42632684111595154,6.505400657653809,0.0,0.0,0.0,2.9802322387695312e-08,5.820766091346741e-11,0.6000000238418579,-8.940696716308594e-08,0.05600002408027649,0.6000000238418579,1.1175870895385742e-07,-0.055999964475631714,0.6000000238418579,-2.0781705379486084,-1.4901161193847656e-06,13.010801315307617,0.0,0.0,0.0,3.8743019104003906e-07,2.423450382593728e-07,1.2293457984924316e-07,19.315876007080078,19.315874099731445,44.071250915527344,44.071250915527344,0.4183611571788788,0.4183611571788788,0.44409045577049255,0.44409045577049255,0.13754841685295105,0.13754841685295105,0.43717479705810547,0.43717479705810547,7.461321830749512,7.461321830749512,0.4584101438522339,0.4584101438522339,2.346858024597168,2.346858024597168,0.0,0.0,-0.09052383154630661,-0.09052383154630661,0.33616775274276733,0.33616775274276733,0.5500251054763794,0.5500251054763794,0.14742381870746613,0.14742381870746613,0.3616873323917389,0.3616873323917389,74.96306610107422,74.96306610107422,38.347808837890625,38.347808837890625,50.35858154296875,50.35858154296875,4.007017612457275,4.007017612457275,0.0,0.0,180.0
113,0.4708333333333333,-0.021909342031116618,-10.510332727139126,8.857048618405095,-0.021909342031116618,-10.510332727139126,8.857048618405095,5.0,-5.0,0.0,0.0,12.0,0,0.5,0.0,0.0,3.2,3.2,3.2,10.510331153869629,10.510333061218262,10.510333061218262,10.510333061218262,-0.053846850991249084,-0.05457914248108864,-4.995519638061523,-5.265151023864746,-0.1395038664340973,-0.1395038664340973,0.0,0.0,nan,nan,27.134788513183594,27.134788513183594,54.26957702636719,0.0,6.611141204833984,0.37391239404678345,0.0,0.0,0.0,0.37391239404678345,0.0,6.611141204833984,0.0,0.0,0.0,-1.00070321559906,-0.7160748243331909,6.506368160247803,0.0,0.0,0.0,0.0,6.611141204833984,0.37391239404678345,0.0,0.0,0.0,0.37391239404678345,0.0,6.611141204833984,-0.0,-0.0,-0.0,-1.0007034540176392,0.7160735726356506,6.506368160247803,0.0,0.0,0.0,2.9802322387695312e-08,5.820766091346741e-11,0.6000000238418579,-4.470348358154297e-08,0.05600002408027649,0.6000000238418579,5.960464477539063e-08,-0.055999964475631714,0.6000000238418579,-2.001406669616699,-1.2516975402832031e-06,13.012736320495605,0.0,0.0,0.0,3.8743019104003906e-07,2.908573151216842e-07,1.1920928955078125e-07,19.38606071472168,19.38606071472168,44.092491149902344,44.092491149902344,0.4183611571788788,0.4183611571788788,0.44409045577049255,0.44409045577049255,0.13754841685295105,0.13754841685295105,0.42301318049430847,0.42301318049430847,7.626713752746582,7.626713752746582,0.282903254032135,0.282903254032135,2.40757417678833,2.40757417678833,0.0,0.0,-0.09052383154630661,-0.09052383154630661,0.37391239404678345,0.37391239404678345,0.5500251054763794,0.5500251054763794,0.15519241988658905,0.15519241988658905,0.3598079979419708,0.3598079979419708,74.984619140625,74.984619140625,38.405189514160156,38.405189514160156,50.39441680908203,50.39441680908203,4.007017612457275,4.007017612457275,0.0,0.0,180.0
114,0.475,-0.06557434780084342,-10.436610294721891,26.50902002293836,-0.06557434780084342,-10.436610294721891,26.50902002293836,5.0,-5.0,0.0,0.0,12.0,0,0.5,0.0,0.0,3.2,3.2,3.2,10.436607360839844,10.436606407165527,10.436609268188477,10.436609268188477,-0.0961511954665184,-0.09693190455436707,-4.530622482299805,-4.815932750701904,-0.1385253518819809,-0.1385253518819809,0.0,0.0,nan,nan,26.705408096313477,26.705408096313477,53.41081619262695,0.0,6.547080039978027,0.3814905285835266,0.0,0.0,0.0,0.3814905285835266,0.0,6.547080039978027,0.0,0.0,0.0,-0.9723239541053772,-0.9925692677497864,6.409304618835449,0.0,0.0,0.0,0.0,6.547080039978027,0.3814905285835266,0.0,0.0,0.0,0.3814905285835266,0.0,6.547080039978027,-0.0,-0.0,-0.0,-0.9723240733146667,0.9925678968429565,6.409304618835449,0.0,0.0,0.0,2.9802322387695312e-08,5.820766091346741e-11,0.6000000238418579,-7.450580596923828e-08,0.05600005388259888,0.6000000238418579,-1.1920928955078125e-07,-0.055999934673309326,0.6000000238418579,-1.944648027420044,-1.3709068298339844e-06,12.818609237670898,0.0,0.0,0.0,7.748603820800781e-07,1.6236033388850046e-06,6.705522537231445e-08,19.36542510986328,19.365421295166016,43.95269012451172,43.95268630981445,0.4183611571788788,0.4183611571788788,0.44409045577049255,0.44409045577049255,0.13754841685295105,0.13754841685295105,0.42301318049430847,0.42301318049430847,7.74031925201416,7.74031925201416,0.1052677258849144,0.1052677258849144,2.438213586807251,2.438213586807251,0.0,0.0,-0.090298593044281,-0.090298593044281,0.3814905285835266,0.3814905285835266,0.5500251054763794,0.5500251054763794,0.16130024194717407,0.16130024194717407,0.35630175471305847,0.35630175471305847,74.49149322509766,74.49149322509766,38.164363861083984,38.164363861083984,50.132110595703125,50.132110595703125,4.063082218170166,4.063082218170166,0.0,0.0,180.0
115,0.4791666666666667,-0.1087793966358521,-10.28968253978133,43.97504969871568,-0.1087793966358521,-10.28968253978133,43.97504969871568,5.0,-5.0,0.0,0.0,12.0,0,0.5,0.0,0.0,3.2,3.2,3.2,10.289682388305664,10.289679527282715,10.289682388305664,10.289682388305664,-0.13780046999454498,-0.1386239379644394,-4.037047386169434,-4.336092472076416,-0.13657516241073608,-0.13657516241073608,0.0,0.0,nan,nan,25.975873947143555,25.975873947143555,51.95174789428711,0.0,6.467865943908691,0.4148210883140564,0.0,0.0,0.0,0.4148210883140564,0.0,6.467865943908691,0.0,0.0,0.0,-0.9133970141410828,-1.2557722330093384,6.292385101318359,0.0,0.0,0.0,0.0,6.467865943908691,0.4148210883140564,0.0,0.0,0.0,0.4148210883140564,0.0,6.467865943908691,-0.0,-0.0,-0.0,-0.9133968949317932,1.2557708024978638,6.292385101318359,0.0,0.0,0.0,2.9802322387695312e-08,5.820766091346741e-11,0.6000000238418579,0.0,0.05600002408027649,0.6000000834465027,-8.940696716308594e-08,-0.05599990487098694,0.6000000238418579,-1.826793909072876,-1.430511474609375e-06,12.584770202636719,0.0,0.0,0.0,8.046627044677734e-07,8.831957529764622e-07,3.725290298461914e-09,19.250272750854492,19.250272750854492,43.646888732910156,43.646888732910156,0.4183611571788788,0.4183611571788788,0.45596975088119507,0.45596975088119507,0.12566909193992615,0.12566909193992615,0.4088520109653473,0.4088520109653473,7.80104923248291,7.80104923248291,-0.07353001832962036,-0.07353001832962036,2.4380125999450684,2.4380125999450684,0.0,0.0,-0.08985468745231628,-0.08985468745231628,0.4148210883140564,0.4148210883140564,0.5500251054763794,0.5500251054763794,0.1657065749168396,0.1657065749168396,0.3511953055858612,0.3511953055858612,73.4864273071289,73.4864273071289,37.62666320800781,37.62666320800781,49.573158264160156,49.573158264160156,4.1748199462890625,4.1748199462890625,0.0,0.0,180.0
116,0.48333333333333334,-0.15122143616134712,-10.070580054950913,61.132625996885395,-0.15122143616134712,-10.070580054950913,61.132625996885395,5.0,-5.0,0.0,0.0,12.0,0,0.5,0.0,0.0,3.2,3.2,3.2,10.070578575134277,10.070581436157227,10.070581436157227,10.070581436157227,-0.1784578114748001,-0.17931848764419556,-3.511092185974121,-3.821690320968628,-0.1336670219898224,-0.1336670219898224,0.0,0.0,nan,nan,24.762571334838867,24.762571334838867,49.525142669677734,0.0,6.307977199554443,0.4147847294807434,0.0,0.0,0.0,0.4147847294807434,0.0,6.307977199554443,0.0,0.0,0.0,-0.8688599467277527,-1.4861743450164795,6.082679748535156,0.0,0.0,0.0,0.0,6.307977199554443,0.4147847294807434,0.0,0.0,0.0,0.4147847294807434,0.0,6.307977199554443,-0.0,-0.0,-0.0,-0.8688603639602661,1.486173152923584,6.0826802253723145,0.0,0.0,0.0,2.9802322387695312e-08,5.820766091346741e-11,0.6000000238418579,-1.043081283569336e-07,0.055999964475631714,0.6000000238418579,-2.9802322387695312e-08,-0.055999934673309326,0.6000000238418579,-1.737720251083374,-1.1920928955078125e-06,12.165359497070312,0.0,0.0,0.0,1.4901161193847656e-07,1.1783068885051762e-06,1.1175870895385742e-07,19.03638458251953,19.0363826751709,43.16464614868164,43.16463851928711,0.4183611571788788,0.4183611571788788,0.467531681060791,0.467531681060791,0.11410718411207199,0.11410718411207199,0.4088520109653473,0.4088520109653473,7.808837890625,7.808837890625,-0.25248903036117554,-0.25248903036117554,2.4072256088256836,2.4072256088256836,0.0,0.0,-0.08920497447252274,-0.08920497447252274,0.4147847294807434,0.4147847294807434,0.5500251054763794,0.5500251054763794,0.16837964951992035,0.16837964951992035,0.3445235788822174,0.3445235788822174,71.97512817382812,71.97512817382812,36.795127868652344,36.795127868652344,48.72074890136719,48.72074890136719,4.34144401550293,4.34144401550293,0.0,0.0,180.0
117,0.4875,-0.19260276596462314,-9.780839686736797,77.8614008474185,-0.19260276596462314,-9.780839686736797,77.8614008474185,5.0,-5.0,0.0,0.0,12.0,0,0.5,0.0,0.0,3.2,3.2,3.2,9.780838966369629,9.780837059020996,9.780839920043945,9.780839920043945,-0.21788321435451508,-0.2187749147415161,-2.963686943054199,-3.2837302684783936,-0.1298212856054306,-0.1298212856054306,0.0,0.0,nan,nan,23.308979034423828,23.308979034423828,46.617958068847656,0.0,6.135438919067383,0.44081294536590576,0.0,0.0,0.0,0.44081294536590576,0.0,6.135438919067383,0.0,0.0,0.0,-0.7950432896614075,-1.6909619569778442,5.860587120056152,0.0,0.0,0.0,0.0,6.135438919067383,0.44081294536590576,0.0,0.0,0.0,0.44081294536590576,0.0,6.135438919067383,-0.0,-0.0,-0.0,-0.7950432300567627,1.6909606456756592,5.8605875968933105,0.0,0.0,0.0,2.9802322387695312e-08,5.820766091346741e-11,0.6000000238418579,-5.960464477539063e-08,0.05600005388259888,0.6000000238418579,-4.470348358154297e-08,-0.055999934673309326,0.6000000238418579,-1.5900864601135254,-1.3113021850585938e-06,11.721174240112305,0.0,0.0,0.0,6.556510925292969e-07,9.606251296645496e-07,1.2665987014770508e-07,18.718904495239258,18.718902587890625,42.48963928222656,42.48963928222656,0.44724681973457336,0.44724681973457336,0.44986164569854736,0.44986164569854736,0.10289160162210464,0.10289160162210464,0.3946942090988159,0.3946942090988159,7.7646307945251465,7.7646307945251465,-0.4305647313594818,-0.4305647313594818,2.347101926803589,2.347101926803589,0.0,0.0,-0.08836811780929565,-0.08836811780929565,0.44081294536590576,0.44081294536590576,0.5500251054763794,0.5500251054763794,0.16929684579372406,0.16929684579372406,0.33632954955101013,0.33632954955101013,69.96620178222656,69.96620178222656,35.67448806762695,35.67448806762695,47.57975387573242,47.57975387573242,4.561788558959961,4.561788558959961,0.0,0.0,180.0
118,0.49166666666666664,-0.23263312574955378,-9.422493755643844,94.04403391434629,-0.23263312574955378,-9.422493755643844,94.04403391434629,5.0,-5.0,0.0,0.0,12.0,0,0.5,0.0,0.0,3.2,3.2,3.2,9.422494888305664,9.422491073608398,9.422493934631348,9.422493934631348,-0.2558003067970276,-0.25671660900115967,-2.3986968994140625,-2.7260031700134277,-0.12506495416164398,-0.12506495416164398,0.0,0.0,nan,nan,21.65645980834961,21.65645980834961,43.31291961669922,0.0,5.951742172241211,0.4944838583469391,0.0,0.0,0.0,0.4944838583469391,0.0,5.951742172241211,0.0,0.0,0.0,-0.6912305355072021,-1.8679810762405396,5.63032865524292,0.0,0.0,0.0,0.0,5.951742172241211,0.4944838583469391,0.0,0.0,0.0,0.4944838583469391,0.0,5.951742172241211,-0.0,-0.0,-0.0,-0.6912302374839783,1.8679792881011963,5.630329132080078,0.0,0.0,0.0,2.9802322387695312e-08,5.820766091346741e-11,0.6000000238418579,-7.450580596923828e-08,0.05600002408027649,0.6000000238418579,-7.450580596923828e-08,-0.055999934673309326,0.6000000238418579,-1.3824608325958252,-1.7881393432617188e-06,11.260658264160156,0.0,0.0,0.0,4.76837158203125e-07,1.1745780739147449e-06,7.82310962677002e-08,18.29248809814453,18.29248809814453,41.59932327270508,41.599327087402344,0.46139582991600037,0.46139582991600037,0.45697909593582153,0.45697909593582153,0.08162510395050049,0.08162510395050049,0.366405189037323,0.366405189037323,7.670340538024902,7.670340538024902,-0.6066631078720093,-0.6066631078720093,2.2598178386688232,2.2598178386688232,0.0,0.0,-0.08736775070428848,-0.08736775070428848,0.4944838583469391,0.4944838583469391,0.5500251054763794,0.5500251054763794,0.16844533383846283,0.16844533383846283,0.3266642093658447,0.3266642093658447,67.47138214111328,67.47138214111328,34.27127456665039,34.27127456665039,46.15685272216797,46.15685272216797,4.834306240081787,4.834306240081787,0.0,0.0,180.0
119,0.49583333333333335,-0.2710317313040215,-8.998055800907471,109.56701565391006,-0.2710317313040215,-8.998055800907471,109.56701565391006,5.0,-5.0,0.0,0.0,12.0,0,0.5,0.0,0.0,3.2,3.2,3.2,8.998055458068848,8.998054504394531,8.998055458068848,8.998055458068848,-0.2919009327888489,-0.2928355932235718,-1.8133223056793213,-2.145521402359009,-0.11943138390779495,-0.11943138390779495,0.0,0.0,nan,nan,19.671497344970703,19.671497344970703,39.342994689941406,0.0,5.695868492126465,0.5109235644340515,0.0,0.0,0.0,0.5109235644340515,0.0,5.695868492126465,0.0,0.0,0.0,-0.6095415949821472,-1.9939682483673096,5.325082778930664,0.0,0.0,0.0,0.0,5.695868492126465,0.5109235644340515,0.0,0.0,0.0,0.5109235644340515,0.0,5.695868492126465,-0.0,-0.0,-0.0,-0.6095418334007263,1.9939674139022827,5.3250837326049805,0.0,0.0,0.0,2.9802322387695312e-08,5.820766091346741e-11,0.6000000238418579,0.0,0.05600005388259888,0.6000000834465027,2.9802322387695312e-08,-0.055999934673309326,0.6000000238418579,-1.2190834283828735,-8.344650268554688e-07,10.650166511535645,0.0,0.0,0.0,7.152557373046875e-07,1.223683199214065e-07,1.1920928955078125e-07,17.751686096191406,17.751686096191406,40.464385986328125,40.464385986328125,0.47554877400398254,0.47554877400398254,0.4623199999332428,0.4623199999332428,0.06213124841451645,0.06213124841451645,0.35228419303894043,0.35228419303894043,7.5287628173828125,7.5287628173828125,-0.7796391248703003,-0.7796391248703003,2.148360252380371,2.148360252380371,0.0,0.0,-0.08623160421848297,-0.08623160421848297,0.5109235644340515,0.5109235644340515,0.5500251054763794,0.5500251054763794,0.16582222282886505,0.16582222282886505,0.31558656692504883,0.31558656692504883,64.50542449951172,64.50542449951172,32.593753814697266,32.593753814697266,44.46044921875,44.46044921875,5.157086372375488,5.157086372375488,0.0,0.0,180.0
120,0.5,-0.3075292439994218,-8.510502949821904,124.32146350245381,-0.3075292439994218,-8.510502949821904,124.32146350245381,5.0,-5.0,0.0,0.0,12.0,0,0.5,0.0,0.0,3.2,3.2,3.2,8.51050090789795,8.510502815246582,8.510502815246582,8.510502815246582,-0.3259761333465576,-0.32692238688468933,-1.2187550067901611,-1.5535856485366821,-0.112960085272789,-0.112960085272789,0.0,0.0,nan,nan,17.60468864440918,17.60468864440918,35.20937728881836,0.0,5.435044765472412,0.5536211133003235,0.0,0.0,0.0,0.5536211133003235,0.0,5.435044765472412,0.0,0.0,0.0,-0.5018406510353088,-2.0871670246124268,5.0237531661987305,0.0,0.0,0.0,0.0,5.435044765472412,0.5536211133003235,0.0,0.0,0.0,0.5536211133003235,0.0,5.435044765472412,-0.0,-0.0,-0.0,-0.5018408298492432,2.0871660709381104,5.023754119873047,0.0,0.0,0.0,2.9802322387695312e-08,5.820766091346741e-11,0.6000000238418579,-1.4901161193847656e-08,0.05600002408027649,0.6000000238418579,-2.9802322387695312e-08,-0.055999964475631714,0.6000000238418579,-1.0036814212799072,-9.5367431640625e-07,10.047507286071777,0.0,0.0,0.0,2.384185791015625e-07,5.240183327259729e-07,-1.1175870895385742e-08,17.091583251953125,17.091581344604492,39.048309326171875,39.048309326171875,0.4897056221961975,0.4897056221961975,0.4734485149383545,0.4734485149383545,0.036845918744802475,0.036845918744802475,0.32412275671958923,0.32412275671958923,7.343477249145508,7.343477249145508,-0.948298454284668,-0.948298454284668,2.016382932662964,2.016382932662964,0.0,0.0,-0.08499044924974442,-0.08499044924974442,0.5536211133003235,0.5536211133003235,0.5500251054763794,0.5500251054763794,0.16143545508384705,0.16143545508384705,0.30316388607025146,0.30316388607025146,61.08632278442383,61.08632278442383,30.652069091796875,30.652069091796875,42.50080871582031,42.50080871582031,5.527864456176758,5.527864456176758,0.0,0.0,180.0
121,0.5041666666666667,-0.3418696600076231,-7.963255035331269,138.20388560937613,-0.3418696600076231,-7.963255035331269,138.20388560937613,5.0,-5.0,0.0,0.0,12.0,0,0.5,0.0,0.0,3.2,3.2,3.2,7.963253498077393,7.963254928588867,7.963255405426025,7.963255405426025,-0.35776686668395996,-0.35871806740760803,-0.6159710884094238,-0.9510952234268188,-0.10569644719362259,-0.10569644719362259,0.0,0.0,nan,nan,15.429966926574707,15.429966926574707,30.859933853149414,0.0,5.141781806945801,0.5882567167282104,0.0,0.0,0.0,0.5882567167282104,0.0,5.141781806945801,0.0,0.0,0.0,-0.3969871997833252,-2.1363842487335205,4.697044849395752,0.0,0.0,0.0,0.0,5.141781806945801,0.5882567167282104,0.0,0.0,0.0,0.5882567167282104,0.0,5.141781806945801,-0.0,-0.0,-0.0,-0.3969876766204834,2.136383533477783,4.69704532623291,0.0,0.0,0.0,2.9802322387695312e-08,5.820766091346741e-11,0.6000000238418579,-7.450580596923828e-08,0.05600002408027649,0.6000000238418579,4.470348358154297e-08,-0.0559999942779541,0.6000000238418579,-0.7939748764038086,-7.152557373046875e-07,9.39409065246582,0.0,0.0,0.0,8.940696716308594e-08,4.1994854882432264e-07,2.4028122425079346e-07,16.308868408203125,16.30886459350586,37.30712127685547,37.30712127685547,0.518027126789093,0.518027126789093,0.46471449732780457,0.46471449732780457,0.017258400097489357,0.017258400097489357,0.296124666929245,0.296124666929245,7.118704795837402,7.118704795837402,-1.1114047765731812,-1.1114047765731812,1.8680243492126465,1.8680243492126465,0.0,0.0,-0.08367697894573212,-0.08367697894573212,0.5882567167282104,0.5882567167282104,0.5500251054763794,0.5500251054763794,0.1553042083978653,0.1553042083978653,0.28947165608406067,0.28947165608406067,57.23523712158203,57.23523712158203,28.458202362060547,28.458202362060547,40.2900505065918,40.2900505065918,5.944040298461914,5.944040298461914,0.0,0.0,180.0
122,0.5083333333333333,-0.37381210598388265,-7.360150608358634,151.11690675810345,-0.37381210598388265,-7.360150608358634,151.11690675810345,5.0,-5.0,0.0,0.0,12.0,0,0.5,0.0,0.0,3.2,3.2,3.2,7.360151290893555,7.360148906707764,7.3601508140563965,7.3601508140563965,-0.3870713412761688,-0.38802066445350647,-0.012581586837768555,-0.34572112560272217,-0.09769143164157867,-0.09769143164157867,0.0,0.0,nan,nan,13.290740013122559,13.290740013122559,26.581480026245117,0.0,4.849392890930176,0.6459274291992188,0.0,0.0,0.0,0.6459274291992188,0.0,4.849392890930176,0.0,0.0,0.0,-0.27143508195877075,-2.1547422409057617,4.383747577667236,0.0,0.0,0.0,0.0,4.849392890930176,0.6459274291992188,0.0,0.0,0.0,0.6459274291992188,0.0,4.849392890930176,-0.0,-0.0,-0.0,-0.27143508195877075,2.1547415256500244,4.3837480545043945,0.0,0.0,0.0,2.9802322387695312e-08,5.820766091346741e-11,0.6000000238418579,-4.470348358154297e-08,0.05600005388259888,0.6000000238418579,-1.4901161193847656e-08,-0.05599990487098694,0.6000000238418579,-0.5428701639175415,-7.152557373046875e-07,8.767496109008789,0.0,0.0,0.0,6.258487701416016e-07,5.225834343036695e-07,1.0523945093154907e-07,15.403518676757812,15.403512954711914,35.189964294433594,35.189964294433594,0.5610860586166382,0.5610860586166382,0.4383901059627533,0.4383901059627533,0.0005239031161181629,0.0005239031161181629,0.2546203136444092,0.2546203136444092,6.859159469604492,6.859159469604492,-1.2676914930343628,-1.2676914930343628,1.7077196836471558,1.7077196836471558,0.0,0.0,-0.08232466876506805,-0.08232466876506805,0.6459274291992188,0.6459274291992188,0.5500251054763794,0.5500251054763794,0.1474594920873642,0.1474594920873642,0.27459391951560974,0.27459391951560974,52.97660446166992,52.97660446166992,26.026016235351562,26.026016235351562,37.84215545654297,37.84215545654297,6.402693748474121,6.402693748474121,0.0,0.0,180.0
123,0.5125,-0.4031325286202923,-6.7054200131292925,162.96995138327011,-0.4031325286202923,-6.7054200131292925,162.96995138327011,5.0,-5.0,0.0,0.0,12.0,0,0.5,0.0,0.0,3.2,3.2,3.2,6.705420017242432,6.70542049407959,6.70542049407959,6.70542049407959,-0.413665235042572,-0.4146060347557068,0.5901787877082825,0.2613442540168762,-0.08900117874145508,-0.08900117874145508,0.0,0.0,nan,nan,11.16700553894043,11.16700553894043,22.33401107788086,0.0,4.532406330108643,0.6893078088760376,0.0,0.0,0.0,0.6893078088760376,0.0,4.532406330108643,0.0,0.0,0.0,-0.15732260048389435,-2.1320672035217285,4.055538177490234,0.0,0.0,0.0,0.0,4.532406330108643,0.6893078088760376,0.0,0.0,0.0,0.6893078088760376,0.0,4.532406330108643,-0.0,-0.0,-0.0,-0.15732260048389435,2.132066249847412,4.055538654327393,0.0,0.0,0.0,2.9802322387695312e-08,5.820766091346741e-11,0.6000000238418579,-4.470348358154297e-08,0.05600005388259888,0.6000000238418579,7.450580596923828e-08,-0.0559999942779541,0.6000000238418579,-0.3146452009677887,-9.5367431640625e-07,8.111076354980469,0.0,0.0,0.0,2.086162567138672e-07,1.2086442779946083e-07,2.635642886161804e-07,14.381449699401855,14.381446838378906,32.64098358154297,32.64098358154297,0.6034961342811584,0.6034961342811584,0.3965039849281311,0.3965039849281311,0.0,0.0,0.21403278410434723,0.21403278410434723,6.56987190246582,6.56987190246582,-1.4158787727355957,-1.4158787727355957,1.5399997234344482,1.5399997234344482,0.0,0.0,-0.0809667780995369,-0.0809667780995369,0.6893078088760376,0.6893078088760376,0.5500251054763794,0.5500251054763794,0.1379447877407074,0.1379447877407074,0.25862351059913635,0.25862351059913635,48.338077545166016,48.338077545166016,23.371244430541992,23.371244430541992,35.1729621887207,35.1729621887207,6.900608539581299,6.900608539581299,0.0,0.0,180.0
124,0.5166666666666666,-0.4296252662187534,-6.003655714345468,173.67987889323197,-0.4296252662187534,-6.003655714345468,173.67987889323197,5.0,-5.0,0.0,0.0,12.0,0,0.5,0.0,0.0,3.2,3.2,3.2,6.0036540031433105,6.003655433654785,6.003655910491943,6.003655910491943,-0.4373640716075897,-0.4382895529270172,1.1877635717391968,0.8655243515968323,-0.07968664914369583,-0.07968664914369583,0.0,0.0,nan,nan,9.119154930114746,9.119154930114746,18.238309860229492,0.0,4.19601583480835,0.7142279148101807,0.0,0.0,0.0,0.7142279148101807,0.0,4.19601583480835,0.0,0.0,0.0,-0.06008794158697128,-2.071218490600586,3.717944860458374,0.0,0.0,0.0,0.0,4.19601583480835,0.7142279148101807,0.0,0.0,0.0,0.7142279148101807,0.0,4.19601583480835,-0.0,-0.0,-0.0,-0.060088299214839935,2.0712177753448486,3.7179453372955322,0.0,0.0,0.0,2.9802322387695312e-08,5.820766091346741e-11,0.6000000238418579,-1.043081283569336e-07,0.05600002408027649,0.6000000238418579,2.9802322387695312e-08,-0.055999934673309326,0.6000000238418579,-0.12017624080181122,-7.152557373046875e-07,7.435890197753906,0.0,0.0,0.0,2.980232238769531e-07,4.986152362107532e-07,2.630986273288727e-07,13.258806228637695,13.258800506591797,29.604267120361328,29.604267120361328,0.6604217886924744,0.6604217886924744,0.3395783007144928,0.3395783007144928,0.0,0.0,0.17482061684131622,0.17482061684131622,6.256000518798828,6.256000518798828,-1.5546932220458984,-1.5546932220458984,1.3692982196807861,1.3692982196807861,0.0,0.0,-0.07963529229164124,-0.07963529229164124,0.7142279148101807,0.7142279148101807,0.5500251054763794,0.5500251054763794,0.12681642174720764,0.12681642174720764,0.24166204035282135,0.24166204035282135,43.35053634643555,43.35053634643555,20.511503219604492,20.511503219604492,32.30018615722656,32.30018615722656,7.434292316436768,7.434292316436768,0.0,0.0,180.0
125,0.5208333333333334,-0.45310449126001834,-5.259780084346174,183.17156684157877,-0.45310449126001834,-5.259780084346174,183.17156684157877,5.0,-5.0,0.0,0.0,12.0,0,0.5,0.0,0.0,3.2,3.2,3.2,5.25977897644043,5.259778022766113,5.259779930114746,5.259779930114746,-0.45802024006843567,-0.4589238464832306,1.7729783058166504,1.4595117568969727,-0.06981316953897476,-0.06981316953897476,0.0,0.0,nan,nan,7.25789737701416,7.25789737701416,14.51579475402832,0.0,3.8704288005828857,0.7454786896705627,0.0,0.0,0.0,0.7454786896705627,0.0,3.8704288005828857,0.0,0.0,0.0,0.03886964172124863,-1.989003300666809,3.4026918411254883,0.0,0.0,0.0,0.0,3.8704288005828857,0.7454786896705627,0.0,0.0,0.0,0.7454786896705627,0.0,3.8704288005828857,-0.0,-0.0,-0.0,0.03886972367763519,1.9890024662017822,3.4026923179626465,0.0,0.0,0.0,2.9802322387695312e-08,5.820766091346741e-11,0.6000000238418579,-2.9802322387695312e-08,0.05600002408027649,0.6000000238418579,-1.4901161193847656e-08,-0.055999964475631714,0.6000000238418579,0.07773936539888382,-8.344650268554688e-07,6.805384159088135,0.0,0.0,0.0,1.6391277313232422e-07,3.5492843153406284e-07,3.189779818058014e-08,12.069087028503418,12.069087028503418,26.034015655517578,26.034015655517578,0.7442913055419922,0.7442913055419922,0.255708783864975,0.255708783864975,0.0,0.0,0.12566909193992615,0.12566909193992615,5.922638893127441,5.922638893127441,-1.6828923225402832,-1.6828923225402832,1.1997759342193604,1.1997759342193604,0.0,0.0,-0.0783601626753807,-0.0783601626753807,0.7454786896705627,0.7454786896705627,0.5500251054763794,0.5500251054763794,0.1141437441110611,0.1141437441110611,0.2238197773694992,0.2238197773694992,38.04788589477539,38.04788589477539,17.466169357299805,17.466169357299805,29.243305206298828,29.243305206298828,8.000000953674316,8.000000953674316,0.0,0.0,180.0
126,0.525,-0.4734055138502215,-4.479010876201983,191.37843785712087,-0.4734055138502215,-4.479010876201983,191.37843785712087,5.0,-5.0,0.0,0.0,12.0,0,0.5,0.0,0.0,3.2,3.2,3.2,4.479009628295898,4.479009628295898,4.479011535644531,4.479011058807373,-0.4754877984523773,-0.47636300325393677,2.3418989181518555,2.0393247604370117,-0.05945000424981117,-0.05945000424981117,0.0,0.0,nan,nan,5.609025001525879,5.609025001525879,11.218050003051758,0.0,3.5563316345214844,0.767498254776001,0.0,0.0,0.0,0.767498254776001,0.0,3.5563316345214844,0.0,0.0,0.0,0.12427349388599396,-1.8891416788101196,3.106806516647339,0.0,0.0,0.0,0.0,3.5563316345214844,0.767498254776001,0.0,0.0,0.0,0.767498254776001,0.0,3.5563316345214844,-0.0,-0.0,-0.0,0.1242733746767044,1.88914155960083,3.106806993484497,0.0,0.0,0.0,2.9802322387695312e-08,5.820766091346741e-11,0.6000000238418579,-8.940696716308594e-08,0.05600002408027649,0.6000000834465027,-7.450580596923828e-08,-0.055999934673309326,0.6000000238418579,0.24854686856269836,-1.1920928955078125e-07,6.213613510131836,0.0,0.0,0.0,3.5762786865234375e-07,7.018326755314774e-07,1.0710209608078003e-08,10.875359535217285,10.875356674194336,21.91472816467285,21.91472816467285,0.8624516129493713,0.8624516129493713,0.13754841685295105,0.13754841685295105,0.0,0.0,0.07163921743631363,0.07163921743631363,5.5746259689331055,5.5746259689331055,-1.7992889881134033,-1.7992889881134033,1.0351756811141968,1.0351756811141968,0.0,0.0,-0.07716859877109528,-0.07716859877109528,0.767498254776001,0.767498254776001,0.5500251054763794,0.5500251054763794,0.10000934451818466,0.10000934451818466,0.20521552860736847,0.20521552860736847,32.46696853637695,32.46696853637695,14.25633430480957,14.25633430480957,26.023487091064453,26.023487091064453,8.593766212463379,8.593766212463379,0.0,0.0,180.0
127,0.5291666666666667,-0.4903859369021577,-3.6668246249261087,198.24292663631314,-0.4903859369021577,-3.6668246249261087,198.24292663631314,5.0,-5.0,0.0,0.0,12.0,0,0.5,0.0,0.0,3.2,3.2,3.2,3.666823625564575,3.6668243408203125,3.6668243408203125,3.6668245792388916,-0.489621639251709,-0.4904622435569763,2.8941586017608643,2.6045982837677,-0.04866983741521835,-0.04866983741521835,0.0,0.0,nan,nan,4.116861343383789,4.116861343383789,8.233722686767578,0.0,3.2225522994995117,0.7382102012634277,0.0,0.0,0.0,0.7382102012634277,0.0,3.2225522994995117,0.0,0.0,0.0,0.1605464220046997,-1.757949709892273,2.7952880859375,0.0,0.0,0.0,0.0,3.2225522994995117,0.7382102012634277,0.0,0.0,0.0,0.7382102012634277,0.0,3.2225522994995117,-0.0,-0.0,-0.0,0.16054630279541016,1.7579495906829834,2.7952880859375,0.0,0.0,0.0,2.9802322387695312e-08,5.820766091346741e-11,0.6000000238418579,-8.940696716308594e-08,0.0559999942779541,0.6000000834465027,-5.960464477539063e-08,-0.055999964475631714,0.6000000238418579,0.32109272480010986,-1.1920928955078125e-07,5.590576171875,0.0,0.0,0.0,1.9371509552001953e-07,5.927118422732747e-07,4.0978193283081055e-08,9.792529106140137,9.792529106140137,17.303022384643555,17.303022384643555,0.9703718423843384,0.9703718423843384,0.029628142714500427,0.029628142714500427,0.0,0.0,0.029628142714500427,0.029628142714500427,5.2163591384887695,5.2163591384887695,-1.9027791023254395,-1.9027791023254395,0.878713846206665,0.878713846206665,0.0,0.0,-0.07608456164598465,-0.07608456164598465,0.7382102012634277,0.7382102012634277,0.5500251054763794,0.5500251054763794,0.08450876921415329,0.08450876921415329,0.18597623705863953,0.18597623705863953,26.64727783203125,26.64727783203125,10.904653549194336,10.904653549194336,22.663454055786133,22.663454055786133,9.211423873901367,9.211423873901367,0.0,0.0,180.0
128,0.5333333333333333,-0.5039266549485345,-2.828918233516254,203.71688372249784,-0.5039266549485345,-2.828918233516254,203.71688372249784,5.0,-5.0,0.0,0.0,12.0,0,0.5,0.0,0.0,3.2,3.2,3.2,2.8289172649383545,2.828917980194092,2.828918218612671,2.82891845703125,-0.5003143548965454,-0.5011144876480103,3.427211284637451,3.1527154445648193,-0.03754828870296478,-0.03754828870296478,0.0,0.0,nan,nan,2.7792484760284424,2.7792484760284424,5.558496952056885,0.0,2.85927152633667,0.6578900218009949,0.0,0.0,0.0,0.6578900218009949,0.0,2.85927152633667,0.0,0.0,0.0,0.14972007274627686,-1.5920790433883667,2.45990252494812,0.0,0.0,0.0,0.0,2.85927152633667,0.6578900218009949,0.0,0.0,0.0,0.6578900218009949,0.0,2.85927152633667,-0.0,-0.0,-0.0,0.14971989393234253,1.5920790433883667,2.459902763366699,0.0,0.0,0.0,2.9802322387695312e-08,5.820766091346741e-11,0.6000000238418579,-1.341104507446289e-07,0.0559999942779541,0.6000000238418579,2.9802322387695312e-08,-0.055999934673309326,0.6000000238418579,0.2994399666786194,0.0,4.919805526733398,0.0,0.0,0.0,1.341104507446289e-07,4.0320944094673905e-07,2.4121254682540894e-07,9.027963638305664,9.027965545654297,13.71657943725586,13.716593742370605,1.0,1.0,0.0,0.0,0.0,0.0,0.0,0.0,4.8516387939453125,4.8516387939453125,-1.992366909980774,-1.992366909980774,0.7330183386802673,0.7330183386802673,0.0,0.0,-0.07512834668159485,-0.07512834668159485,0.6578900218009949,0.6578900218009949,0.5500251054763794,0.5500251054763794,0.06775008887052536,0.06775008887052536,0.16623619198799133,0.16623619198799133,20.630693435668945,20.630693435668945,7.435190200805664,7.435190200805664,19.18733024597168,19.18733024597168,9.848642349243164,9.848642349243164,0.0,0.0,180.0
129,0.5375,-0.5139326895812498,-1.9711690132732116,207.76191323974837,-0.5139326895812498,-1.9711690132732116,207.76191323974837,5.0,-5.0,0.0,0.0,12.0,0,0.5,0.0,0.0,3.2,3.2,3.2,1.9711689949035645,1.9711685180664062,1.9711689949035645,1.9711689949035645,-0.5074551701545715,-0.5082095861434937,3.943037509918213,3.685668468475342,-0.026163367554545403,-0.026163367554545403,0.0,0.0,nan,nan,1.5595908164978027,1.5595908164978027,3.1191816329956055,0.0,2.4163477420806885,0.5257968306541443,0.0,0.0,0.0,0.5257968306541443,0.0,2.4163477420806885,0.0,0.0,0.0,0.09982585161924362,-1.3654690980911255,2.059302568435669,0.0,0.0,0.0,0.0,2.4163477420806885,0.5257968306541443,0.0,0.0,0.0,0.5257968306541443,0.0,2.4163477420806885,-0.0,-0.0,-0.0,0.09982575476169586,1.3654687404632568,2.059303045272827,0.0,0.0,0.0,2.9802322387695312e-08,5.820766091346741e-11,0.6000000238418579,-8.940696716308594e-08,0.05600005388259888,0.6000000834465027,-4.470348358154297e-08,-0.055999934673309326,0.6000000238418579,0.1996515989303589,-3.5762786865234375e-07,4.118605613708496,0.0,0.0,0.0,2.980232238769531e-07,4.04868103487388e-07,4.423782229423523e-08,8.931037902832031,8.931035995483398,13.180313110351562,13.180313110351562,1.0,1.0,0.0,0.0,0.0,0.0,0.0,0.0,4.4835357666015625,4.4835357666015625,-2.067188262939453,-2.067188262939453,0.6001132130622864,0.6001132130622864,0.0,0.0,-0.07431638240814209,-0.07431638240814209,0.5257968306541443,0.5257968306541443,0.5500251054763794,0.5500251054763794,0.049853164702653885,0.049853164702653885,0.14613616466522217,0.14613616466522217,14.46108341217041,14.46108341217041,3.8731958866119385,3.8731958866119385,15.620413780212402,15.620413780212402,10.50094985961914,10.50094985961914,0.0,0.0,180.0
130,0.5416666666666666,-0.5203338556566806,-1.0995934586850395,210.34964221235072,-0.5203338556566806,-1.0995934586850395,210.34964221235072,5.0,-5.0,0.0,0.0,12.0,0,0.5,0.0,0.0,3.2,3.2,3.2,1.099593162536621,1.0995930433273315,1.0995934009552002,1.0995934009552002,-0.5110554099082947,-0.5117588043212891,4.428164005279541,4.189666748046875,-0.014594926498830318,-0.014594926498830318,0.0,0.0,nan,nan,0.6719070672988892,0.6719070672988892,1.3438141345977783,0.0,1.9877941608428955,0.4077901840209961,0.0,0.0,0.0,0.4077901840209961,0.0,1.9877941608428955,0.0,0.0,0.0,0.05941050499677658,-1.1337692737579346,1.6818609237670898,0.0,0.0,0.0,0.0,1.9877941608428955,0.4077901840209961,0.0,0.0,0.0,0.4077901840209961,0.0,1.9877941608428955,-0.0,-0.0,-0.0,0.05941047519445419,1.1337690353393555,1.6818610429763794,0.0,0.0,0.0,2.9802322387695312e-08,5.820766091346741e-11,0.6000000238418579,-1.043081283569336e-07,0.05600002408027649,0.6000000238418579,-1.043081283569336e-07,-0.055999934673309326,0.6000000238418579,0.11882098019123077,-2.384185791015625e-07,3.3637218475341797,0.0,0.0,0.0,1.4156103134155273e-07,4.511102815740742e-07,-6.984919309616089e-09,9.841299057006836,9.841296195983887,12.650269508361816,12.650269508361816,1.0,1.0,0.0,0.0,0.0,0.0,0.0,0.0,4.1143269538879395,4.1143269538879395,-2.126532793045044,-2.126532793045044,0.4814513027667999,0.4814513027667999,0.0,0.0,-0.07366111874580383,-0.07366111874580383,0.4077901840209961,0.4077901840209961,0.5500251054763794,0.5500251054763794,0.030948743224143982,0.030948743224143982,0.12582235038280487,0.12582235038280487,8.183931350708008,8.183931350708008,0.244893878698349,0.244893878698349,11.988964080810547,11.988964080810547,11.163772583007812,11.163772583007812,0.0,0.0,180.0
131,0.5458333333333333,-0.5230852535940391,-0.22030504604100204,211.46191958084287,-0.5230852535940391,-0.22030504604100204,211.46191958084287,5.0,-5.0,0.0,0.0,12.0,0,0.5,0.0,0.0,3.2,3.2,3.2,0.22030501067638397,0.2203049510717392,0.22030504047870636,0.22030504047870636,-0.5110893845558167,-0.5117365717887878,4.879299163818359,4.661288261413574,-0.0029241135343909264,-0.0029241135343909264,0.0,0.0,nan,nan,0.11267130076885223,0.11267130076885223,0.22534260153770447,0.0,1.5756070613861084,0.30481189489364624,0.0,0.0,0.0,0.30481189489364624,0.0,1.5756070613861084,0.0,0.0,0.0,0.029589463025331497,-0.9022295475006104,1.3268588781356812,0.0,0.0,0.0,0.0,1.5756070613861084,0.30481189489364624,0.0,0.0,0.0,0.30481189489364624,0.0,1.5756070613861084,-0.0,-0.0,-0.0,0.02958948165178299,0.9022291302680969,1.3268589973449707,0.0,0.0,0.0,2.9802322387695312e-08,5.820766091346741e-11,0.6000000238418579,-1.4901161193847656e-08,0.05600002408027649,0.6000000238418579,-1.341104507446289e-07,-0.05599990487098694,0.6000000238418579,0.05917894467711449,-4.172325134277344e-07,2.6537179946899414,0.0,0.0,0.0,1.4901161193847656e-07,2.7680437142407754e-07,-1.100124791264534e-07,11.521893501281738,11.521890640258789,12.128795623779297,12.128795623779297,1.0,1.0,0.0,0.0,0.0,0.0,0.0,0.0,3.7454681396484375,3.7454681396484375,-2.169861316680908,-2.169861316680908,0.3779827952384949,0.3779827952384949,0.0,0.0,-0.07317091524600983,-0.07317091524600983,0.30481189489364624,0.30481189489364624,0.5500251054763794,0.5500251054763794,0.011177164502441883,0.011177164502441883,0.10544498264789581,0.10544498264789581,1.845848798751831,1.845848798751831,-3.422797441482544,-3.422797441482544,8.31991958618164,8.31991958618164,11.8324613571167,11.8324613571167,0.0,0.0,180.0
132,0.55,-0.5221675843136716,0.6605286482120745,211.09094351865494,-0.5221675843136716,0.6605286482120745,211.09094351865494,5.0,-5.0,0.0,0.0,12.0,0,0.5,0.0,0.0,3.2,3.2,3.2,0.6605286598205566,0.6605285406112671,0.6605286598205566,0.6605286598205566,-0.5075554847717285,-0.508141815662384,5.293479919433594,5.0974297523498535,0.008767210878431797,0.008767210878431797,0.0,0.0,nan,nan,-0.13018538057804108,-0.13018538057804108,-0.26037076115608215,0.0,1.1808414459228516,0.2173997163772583,0.0,0.0,0.0,0.2173997163772583,0.0,1.1808414459228516,0.0,0.0,0.0,0.011246182024478912,-0.6752885580062866,0.992727518081665,0.0,0.0,0.0,0.0,1.1808414459228516,0.2173997163772583,0.0,0.0,0.0,0.2173997163772583,0.0,1.1808414459228516,-0.0,-0.0,-0.0,0.011246081441640854,0.6752884387969971,0.9927276372909546,0.0,0.0,0.0,2.9802322387695312e-08,5.820766091346741e-11,0.6000000238418579,-2.9802322387695312e-08,0.05600006878376007,0.6000000834465027,1.4901161193847656e-08,-0.055999934673309326,0.6000000834465027,0.022492263466119766,-1.1920928955078125e-07,1.9854551553726196,0.0,0.0,0.0,1.2665987014770508e-07,7.53046123236345e-08,2.2992026060819626e-08,13.490616798400879,13.490619659423828,15.957026481628418,15.957026481628418,0.874330997467041,0.874330997467041,0.12566909193992615,0.12566909193992615,0.0,0.0,0.0,0.0,3.3776557445526123,3.3776557445526123,-2.1968142986297607,-2.1968142986297607,0.29024985432624817,0.29024985432624817,0.0,0.0,-0.07285015285015106,-0.07285015285015106,0.2173997163772583,0.2173997163772583,0.5500251054763794,0.5500251054763794,-0.009313114918768406,-0.009313114918768406,0.08515674620866776,0.08515674620866776,-4.50589656829834,-4.50589656829834,-7.102536201477051,-7.102536201477051,4.640632152557373,4.640632152557373,12.502325057983398,12.502325057983398,0.0,0.0,180.0
133,0.5541666666666667,-0.5175872846062356,1.5367292085870854,209.2393161563174,-0.5175872846062356,1.5367292085870854,209.2393161563174,5.0,-5.0,0.0,0.0,12.0,0,0.5,0.0,0.0,3.2,3.2,3.2,1.5367292165756226,1.536728858947754,1.5367292165756226,1.5367292165756226,-0.5004768967628479,-0.5009978413581848,5.668078899383545,5.495315074920654,0.020397039130330086,0.020397039130330086,0.0,0.0,nan,nan,-0.07510049641132355,-0.07510049641132355,-0.1502009928226471,0.0,0.8037296533584595,0.14578893780708313,0.0,0.0,0.0,0.14578893780708313,0.0,0.8037296533584595,0.0,0.0,0.0,0.005083676893264055,-0.4566047787666321,0.6772902011871338,0.0,0.0,0.0,0.0,0.8037296533584595,0.14578893780708313,0.0,0.0,0.0,0.14578893780708313,0.0,0.8037296533584595,-0.0,-0.0,-0.0,0.005083705764263868,0.45660459995269775,0.6772903203964233,0.0,0.0,0.0,2.9802322387695312e-08,5.820766091346741e-11,0.6000000238418579,-8.940696716308594e-08,0.056000009179115295,0.6000000238418579,-8.940696716308594e-08,-0.055999934673309326,0.6000000238418579,0.010167382657527924,-1.7881393432617188e-07,1.3545805215835571,0.0,0.0,0.0,4.470348358154297e-08,1.6147858161730255e-07,1.2223608791828156e-09,15.509336471557617,15.509331703186035,21.25790786743164,21.25790786743164,0.44963017106056213,0.44963017106056213,0.5503698587417603,0.5503698587417603,0.0,0.0,0.0,0.0,3.010951042175293,3.010951042175293,-2.207221508026123,-2.207221508026123,0.21848806738853455,0.21848806738853455,0.0,0.0,-0.07269912958145142,-0.07269912958145142,0.14578893780708313,0.14578893780708313,0.5500251054763794,0.5500251054763794,-0.030367203056812286,-0.030367203056812286,0.06511113047599792,0.06511113047599792,-10.823899269104004,-10.823899269104004,-10.766854286193848,-10.766854286193848,0.9785668849945068,0.9785668849945068,13.168664932250977,13.168664932250977,0.0,0.0,180.0
134,0.5583333333333333,-0.5093764819832375,2.402150717702289,205.92002532938446,-0.5093764819832375,2.402150717702289,205.92002532938446,5.0,-5.0,0.0,0.0,12.0,0,0.5,0.0,0.0,3.2,3.2,3.2,2.4021501541137695,2.4021501541137695,2.4021506309509277,2.4021506309509277,-0.48990073800086975,-0.490352988243103,6.000790596008301,5.852482795715332,0.03188379481434822,0.03188379481434822,0.0,0.0,nan,nan,0.2551005184650421,0.2551005184650421,0.5102010369300842,0.0,0.4438759684562683,0.09000234305858612,0.0,0.0,0.0,0.09000234305858612,0.0,0.4438759684562683,0.0,0.0,0.0,0.01165979914367199,-0.24916155636310577,0.3780328929424286,0.0,0.0,0.0,0.0,0.4438759684562683,0.09000234305858612,0.0,0.0,0.0,0.09000234305858612,0.0,0.4438759684562683,-0.0,-0.0,-0.0,0.011659790761768818,0.24916145205497742,0.37803298234939575,0.0,0.0,0.0,2.9802322387695312e-08,5.820766091346741e-11,0.6000000238418579,-5.960464477539063e-08,0.05600002408027649,0.6000000238418579,-4.470348358154297e-08,-0.055999964475631714,0.6000000238418579,0.023319590836763382,-1.043081283569336e-07,0.756065845489502,0.0,0.0,0.0,1.6763806343078613e-08,6.19644282551235e-08,2.561137080192566e-09,17.470495223999023,17.47049331665039,26.19782257080078,26.19782257080078,0.3360842764377594,0.3360842764377594,0.663915753364563,0.663915753364563,0.0,0.0,0.0,0.0,2.6449756622314453,2.6449756622314453,-2.2010998725891113,-2.2010998725891113,0.16271667182445526,0.16271667182445526,0.0,0.0,-0.07271432876586914,-0.07271432876586914,0.09000234305858612,0.09000234305858612,0.5500251054763794,0.5500251054763794,-0.051825493574142456,-0.051825493574142456,0.04546068236231804,0.04546068236231804,-17.061124801635742,-17.061124801635742,-14.388456344604492,-14.388456344604492,-2.6389966011047363,-2.6389966011047363,13.826807022094727,13.826807022094727,0.0,0.0,180.0
135,0.5625,-0.49759276932562446,3.250722865475721,201.15635347809996,-0.49759276932562446,3.250722865475721,201.15635347809996,5.0,-5.0,0.0,0.0,12.0,0,0.5,0.0,0.0,3.2,3.2,3.2,3.250723123550415,3.2507224082946777,3.250722885131836,3.250722885131836,-0.4758995473384857,-0.47627967596054077,6.2896409034729,6.166794300079346,0.04314691200852394,0.04314691200852394,0.0,0.0,nan,nan,0.8346932530403137,0.8346932530403137,1.6693865060806274,0.0,0.10049530863761902,0.049911979585886,0.0,0.0,0.0,0.049911979585886,0.0,0.10049530863761902,0.0,0.0,0.0,0.03139249607920647,-0.055427227169275284,0.09237340837717056,0.0,0.0,0.0,0.0,0.10049530863761902,0.049911979585886,0.0,0.0,0.0,0.049911979585886,0.0,0.10049530863761902,-0.0,-0.0,-0.0,0.03139249607920647,0.05542721226811409,0.09237341582775116,0.0,0.0,0.0,2.9802322387695312e-08,5.820766091346741e-11,0.6000000238418579,-5.960464477539063e-08,0.05600005388259888,0.6000000238418579,-2.9802322387695312e-08,-0.055999934673309326,0.6000000238418579,0.06278499215841293,-1.4901161193847656e-08,0.18474683165550232,0.0,0.0,0.0,1.0710209608078003e-08,1.3764711148667175e-08,-1.979060471057892e-09,19.317766189575195,19.317766189575195,30.6079158782959,30.6079158782959,0.27872011065483093,0.27872011065483093,0.7212798595428467,0.7212798595428467,0.0,0.0,0.0,0.0,2.2791430950164795,2.2791430950164795,-2.178647994995117,-2.178647994995117,0.1228003278374672,0.1228003278374672,0.0,0.0,-0.07288835942745209,-0.07288835942745209,0.049911979585886,0.049911979585886,0.5500251054763794,0.5500251054763794,-0.07352558523416519,-0.07352558523416519,0.02635510265827179,0.02635510265827179,-23.17140769958496,-23.17140769958496,-17.940507888793945,-17.940507888793945,-6.185252666473389,-6.185252666473389,14.472136497497559,14.472136497497559,0.0,0.0,180.0
136,0.5666666666666667,-0.4823188009111035,4.076493527988997,194.98171433780712,-0.4823188009111035,4.076493527988997,194.98171433780712,5.0,-5.0,0.0,0.0,12.0,0,0.5,0.0,0.0,3.2,3.2,3.2,4.076493740081787,4.076493263244629,4.076493740081787,4.076493740081787,-0.45856907963752747,-0.45887428522109985,6.532957077026367,6.436406135559082,0.05410738289356232,0.05410738289356232,0.0,0.0,nan,nan,1.6358922719955444,1.6358922719955444,3.271784543991089,0.0,-0.22732111811637878,0.02526325359940529,0.0,0.0,0.0,0.02526325359940529,0.0,-0.22732111811637878,0.0,0.0,0.0,0.06452878564596176,0.12246600538492203,-0.18207481503486633,0.0,0.0,0.0,0.0,-0.22732111811637878,0.02526325359940529,0.0,0.0,0.0,0.02526325359940529,0.0,-0.22732111811637878,-0.0,-0.0,-0.0,0.06452878564596176,-0.12246596068143845,-0.18207484483718872,0.0,0.0,0.0,2.9802322387695312e-08,5.820766091346741e-11,0.6000000238418579,-5.960464477539063e-08,0.056000009179115295,0.6000000238418579,2.9802322387695312e-08,-0.055999964475631714,0.6000000238418579,0.12905757129192352,4.470348358154297e-08,-0.36414965987205505,0.0,0.0,0.0,-6.51925802230835e-09,-1.627875789722566e-08,-1.3969838619232178e-08,21.021068572998047,21.021068572998047,34.44263458251953,34.44263458251953,0.2498149424791336,0.2498149424791336,0.7501851320266724,0.7501851320266724,0.0,0.0,0.0,0.0,1.9129141569137573,1.9129141569137573,-2.140235185623169,-2.140235185623169,0.09847337007522583,0.09847337007522583,0.0,0.0,-0.07321010529994965,-0.07321010529994965,0.02526325359940529,0.02526325359940529,0.5500251054763794,0.5500251054763794,-0.09530418366193771,-0.09530418366193771,0.007939491420984268,0.007939491420984268,-29.109941482543945,-29.109941482543945,-21.39691734313965,-21.39691734313965,-9.634148597717285,-9.634148597717285,15.10012435913086,15.10012435913086,0.0,0.0,180.0
137,0.5708333333333333,-0.4636617126537716,4.873670517359988,187.43941856560306,-0.4636617126537716,4.873670517359988,187.43941856560306,5.0,-5.0,0.0,0.0,12.0,0,0.5,0.0,0.0,3.2,3.2,3.2,4.87367057800293,4.873669147491455,4.87367057800293,4.87367057800293,-0.43802884221076965,-0.43825697898864746,6.729360103607178,6.659762382507324,0.06468833237886429,0.06468833237886429,0.0,0.0,nan,nan,2.6290488243103027,2.6290488243103027,5.2580976486206055,0.0,-0.5403508543968201,0.015660196542739868,0.0,0.0,0.0,0.015660196542739868,0.0,-0.5403508543968201,0.0,0.0,0.0,0.11107855290174484,0.28256288170814514,-0.44726285338401794,0.0,0.0,0.0,0.0,-0.5403508543968201,0.015660196542739868,0.0,0.0,0.0,0.015660196542739868,0.0,-0.5403508543968201,-0.0,-0.0,-0.0,0.11107854545116425,-0.28256282210350037,-0.44726288318634033,0.0,0.0,0.0,2.9802322387695312e-08,5.820766091346741e-11,0.6000000238418579,1.4901161193847656e-08,0.05600002408027649,0.6000000238418579,-1.1920928955078125e-07,-0.055999934673309326,0.5999999642372131,0.2221570909023285,5.960464477539063e-08,-0.8945257663726807,0.0,0.0,0.0,-5.587935447692871e-08,-7.993288875240978e-08,2.7474015951156616e-08,22.56642723083496,22.56642723083496,37.71895217895508,37.71895217895508,0.22074872255325317,0.22074872255325317,0.7345550656318665,0.7345550656318665,0.04469626769423485,0.04469626769423485,0.0,0.0,1.5460352897644043,1.5460352897644043,-2.086386203765869,-2.086386203765869,0.08932517468929291,0.08932517468929291,0.0,0.0,-0.07366497814655304,-0.07366497814655304,0.015660196542739868,0.015660196542739868,0.5500251054763794,0.5500251054763794,-0.11699888110160828,-0.11699888110160828,-0.009647335857152939,-0.009647335857152939,-34.83368682861328,-34.83368682861328,-24.73258399963379,-24.73258399963379,-12.960639953613281,-12.960639953613281,15.706368446350098,15.706368446350098,0.0,0.0,180.0
138,0.575,-0.4417523706226548,5.636662209779118,178.5823699471979,-0.4417523706226548,5.636662209779118,178.5823699471979,5.0,-5.0,0.0,0.0,12.0,0,0.5,0.0,0.0,3.2,3.2,3.2,5.636661529541016,5.636662483215332,5.636662006378174,5.636662006378174,-0.4144212305545807,-0.414570689201355,6.87775182723999,6.835572242736816,0.074815534055233,0.074815534055233,0.0,0.0,nan,nan,3.782374858856201,3.782374858856201,7.564749717712402,0.0,-0.8390243649482727,0.02051977813243866,0.0,0.0,0.0,0.02051977813243866,0.0,-0.8390243649482727,0.0,0.0,0.0,0.17072536051273346,0.4229738712310791,-0.7045061588287354,0.0,0.0,0.0,0.0,-0.8390243649482727,0.02051977813243866,0.0,0.0,0.0,0.02051977813243866,0.0,-0.8390243649482727,-0.0,-0.0,-0.0,0.17072540521621704,-0.4229738116264343,-0.7045062184333801,0.0,0.0,0.0,2.9802322387695312e-08,5.820766091346741e-11,0.6000000238418579,-5.960464477539063e-08,0.0559999942779541,0.6000000834465027,7.450580596923828e-08,-0.055999964475631714,0.6000000238418579,0.3414507508277893,5.960464477539063e-08,-1.4090123176574707,0.0,0.0,0.0,-4.470348358154297e-08,-2.1317852372249035e-08,-5.960464477539063e-08,23.950321197509766,23.950326919555664,40.4844970703125,40.4844970703125,0.20615608990192413,0.20615608990192413,0.6681748628616333,0.6681748628616333,0.12566909193992615,0.12566909193992615,0.0,0.0,1.178735375404358,1.178735375404358,-2.0177597999572754,-2.0177597999572754,0.09475480020046234,0.09475480020046234,0.0,0.0,-0.07423502206802368,-0.07423502206802368,0.02051977813243866,0.02051977813243866,0.5500251054763794,0.5500251054763794,-0.1384499967098236,-0.1384499967098236,-0.026274491101503372,-0.026274491101503372,-40.30179977416992,-40.30179977416992,-27.923646926879883,-27.923646926879883,-16.140926361083984,-16.140926361083984,16.2866153717041,16.2866153717041,0.0,0.0,180.0
139,0.5791666666666666,-0.41674445311026004,6.360116766732876,168.47269431486873,-0.41674445311026004,6.360116766732876,168.47269431486873,5.0,-5.0,0.0,0.0,12.0,0,0.5,0.0,0.0,3.2,3.2,3.2,6.360115051269531,6.360115051269531,6.360116958618164,6.360116958618164,-0.3879104256629944,-0.3879801332950592,6.977301597595215,6.96282958984375,0.08441796153783798,0.08441796153783798,0.0,0.0,nan,nan,5.0614495277404785,5.0614495277404785,10.122899055480957,0.0,-1.1232632398605347,0.03900986164808273,0.0,0.0,0.0,0.03900986164808273,0.0,-1.1232632398605347,0.0,0.0,0.0,0.2427297830581665,0.5418316721916199,-0.9543284773826599,0.0,0.0,0.0,0.0,-1.1232632398605347,0.03900986164808273,0.0,0.0,0.0,0.03900986164808273,0.0,-1.1232632398605347,-0.0,-0.0,-0.0,0.2427297979593277,-0.5418314933776855,-0.9543285369873047,0.0,0.0,0.0,2.9802322387695312e-08,5.820766091346741e-11,0.6000000238418579,-1.341104507446289e-07,0.0559999942779541,0.6000000238418579,0.0,-0.055999964475631714,0.5999999642372131,0.485459566116333,1.7881393432617188e-07,-1.9086570739746094,0.0,0.0,0.0,-5.587935447692871e-08,-1.993356590901385e-07,-7.916241884231567e-08,25.17588233947754,25.17588233947754,42.79875564575195,42.79875564575195,0.20615608990192413,0.20615608990192413,0.5930602550506592,0.5930602550506592,0.20078371465206146,0.20078371465206146,0.0,0.0,0.8118637800216675,0.8118637800216675,-1.9351270198822021,-1.9351270198822021,0.11390915513038635,0.11390915513038635,0.0,0.0,-0.07489929348230362,-0.07489929348230362,0.03900986164808273,0.03900986164808273,0.5500251054763794,0.5500251054763794,-0.1595020890235901,-0.1595020890235901,-0.04182041436433792,-0.04182041436433792,-45.47592544555664,-45.47592544555664,-30.94766616821289,-30.94766616821289,-19.152645111083984,-19.152645111083984,16.836793899536133,16.836793899536133,0.0,0.0,180.0
140,0.5833333333333334,-0.3888133726897726,7.038959674305607,157.1813037793844,-0.3888133726897726,7.038959674305607,157.1813037793844,5.0,-5.0,0.0,0.0,12.0,0,0.5,0.0,0.0,3.2,3.2,3.2,7.03895902633667,7.038956642150879,7.038959503173828,7.038959503173828,-0.3586817681789398,-0.3586711883544922,7.027439117431641,7.040770053863525,0.09342825412750244,0.09342825412750244,0.0,0.0,nan,nan,6.428779602050781,6.428779602050781,12.857559204101562,0.0,-1.392388105392456,0.06998728960752487,0.0,0.0,0.0,0.06998728960752487,0.0,-1.392388105392456,0.0,0.0,0.0,0.3258451819419861,0.637325644493103,-1.1963627338409424,0.0,0.0,0.0,0.0,-1.392388105392456,0.06998728960752487,0.0,0.0,0.0,0.06998728960752487,0.0,-1.392388105392456,-0.0,-0.0,-0.0,0.3258451819419861,-0.6373252868652344,-1.1963629722595215,0.0,0.0,0.0,2.9802322387695312e-08,5.820766091346741e-11,0.6000000238418579,-2.9802322387695312e-08,0.05600002408027649,0.6000000238418579,0.0,-0.05599990487098694,0.6000000238418579,0.6516903638839722,3.5762786865234375e-07,-2.392725706100464,0.0,0.0,0.0,-1.341104507446289e-07,-1.0696317076508421e-07,-5.774199962615967e-08,26.250259399414062,26.250255584716797,44.72241973876953,44.72241973876953,0.1915258765220642,0.1915258765220642,0.5538538098335266,0.5538538098335266,0.2546203136444092,0.2546203136444092,0.0,0.0,0.4469602704048157,0.4469602704048157,-1.839348316192627,-1.839348316192627,0.14562153816223145,0.14562153816223145,0.0,0.0,-0.07563425600528717,-0.07563425600528717,0.06998728960752487,0.06998728960752487,0.5500251054763794,0.5500251054763794,-0.18000538647174835,-0.18000538647174835,-0.0561738982796669,-0.0561738982796669,-50.320491790771484,-50.320491790771484,-33.783775329589844,-33.783775329589844,-21.97501564025879,-21.97501564025879,17.353044509887695,17.353044509887695,0.0,0.0,180.0
141,0.5875,-0.35815504582188984,7.668429337248617,144.7873993324988,-0.35815504582188984,7.668429337248617,144.7873993324988,5.0,-5.0,0.0,0.0,12.0,0,0.5,0.0,0.0,3.2,3.2,3.2,7.668426990509033,7.66842794418335,7.668429374694824,7.668429374694824,-0.32694393396377563,-0.32685303688049316,7.027197360992432,7.068207740783691,0.10178322345018387,0.10178322345018387,0.0,0.0,nan,nan,7.813022136688232,7.813022136688232,15.626044273376465,0.0,-1.6388477087020874,0.10775946080684662,0.0,0.0,0.0,0.10775946080684662,0.0,-1.6388477087020874,0.0,0.0,0.0,0.41298916935920715,0.7051178216934204,-1.4246693849563599,0.0,0.0,0.0,0.0,-1.6388477087020874,0.10775946080684662,0.0,0.0,0.0,0.10775946080684662,0.0,-1.6388477087020874,-0.0,-0.0,-0.0,0.41298919916152954,-0.7051175832748413,-1.4246695041656494,0.0,0.0,0.0,2.9802322387695312e-08,5.820766091346741e-11,0.6000000238418579,-4.470348358154297e-08,0.056000083684921265,0.6000000834465027,2.9802322387695312e-08,-0.055999964475631714,0.6000000834465027,0.8259783983230591,2.384185791015625e-07,-2.849339008331299,0.0,0.0,0.0,-1.6391277313232422e-07,-5.691399351803739e-08,-9.872019290924072e-08,27.182748794555664,27.182748794555664,46.31201934814453,46.31201934814453,0.1915258765220642,0.1915258765220642,0.5123494863510132,0.5123494863510132,0.296124666929245,0.296124666929245,0.002056337660178542,0.002056337660178542,0.08625268191099167,0.08625268191099167,-1.7313491106033325,-1.7313491106033325,0.18836668133735657,0.18836668133735657,0.0,0.0,-0.0764143317937851,-0.0764143317937851,0.10775946080684662,0.10775946080684662,0.5500251054763794,0.5500251054763794,-0.1998169720172882,-0.1998169720172882,-0.06923521310091019,-0.06923521310091019,-54.80289077758789,-54.80289077758789,-36.41283416748047,-36.41283416748047,-24.5889949798584,-24.5889949798584,17.831748962402344,17.831748962402344,0.0,0.0,180.0
142,0.5916666666666667,-0.3249845186416118,8.244110478149706,131.37791530889865,-0.3249845186416118,8.244110478149706,131.37791530889865,5.0,-5.0,0.0,0.0,12.0,0,0.5,0.0,0.0,3.2,3.2,3.2,8.244108200073242,8.244109153747559,8.244111061096191,8.244111061096191,-0.292923241853714,-0.2927526533603668,6.9759907722473145,7.0443644523620605,0.10942424833774567,0.10942424833774567,0.0,0.0,nan,nan,9.140432357788086,9.140432357788086,18.280864715576172,0.0,-1.855682611465454,0.14566856622695923,0.0,0.0,0.0,0.14566856622695923,0.0,-1.855682611465454,0.0,0.0,0.0,0.49607983231544495,0.7424173951148987,-1.633247971534729,0.0,0.0,0.0,0.0,-1.855682611465454,0.14566856622695923,0.0,0.0,0.0,0.14566856622695923,0.0,-1.855682611465454,-0.0,-0.0,-0.0,0.4960799217224121,-0.7424169778823853,-1.6332480907440186,0.0,0.0,0.0,2.9802322387695312e-08,5.820766091346741e-11,0.6000000238418579,-1.4901161193847656e-08,0.05600005388259888,0.6000000834465027,4.470348358154297e-08,-0.055999964475631714,0.6000000834465027,0.9921597242355347,4.172325134277344e-07,-3.266496181488037,0.0,0.0,0.0,-1.341104507446289e-07,1.0462745336781154e-08,-8.381903171539307e-08,27.98357582092285,27.98358154296875,47.61754608154297,47.61754608154297,0.17686083912849426,0.17686083912849426,0.4849516749382019,0.4849516749382019,0.3381875455379486,0.3381875455379486,0.00794259924441576,0.00794259924441576,-0.26739850640296936,-0.26739850640296936,-1.6120967864990234,-1.6120967864990234,0.2402433454990387,0.2402433454990387,0.0,0.0,-0.07721249014139175,-0.07721249014139175,0.14566856622695923,0.14566856622695923,0.5500251054763794,0.5500251054763794,-0.21880172193050385,-0.21880172193050385,-0.08091655373573303,-0.08091655373573303,-58.89363479614258,-58.89363479614258,-38.81747817993164,-38.81747817993164,-26.977325439453125,-26.977325439453125,18.269546508789062,18.269546508789062,0.0,0.0,180.0
143,0.5958333333333333,-0.28953445856411814,8.761965107431768,117.04690960430878,-0.28953445856411814,8.761965107431768,117.04690960430878,5.0,-5.0,0.0,0.0,12.0,0,0.5,0.0,0.0,3.2,3.2,3.2,8.761963844299316,8.761962890625,8.76196575164795,8.76196575164795,-0.256866991519928,-0.2566177546977997,6.872795104980469,6.967991352081299,0.11629774421453476,0.11629774421453476,0.0,0.0,nan,nan,10.29942512512207,10.29942512512207,20.59885025024414,0.0,-2.0286412239074707,0.17085041105747223,0.0,0.0,0.0,0.17085041105747223,0.0,-2.0286412239074707,0.0,0.0,0.0,0.5594059824943542,0.7452086210250854,-1.810056447982788,0.0,0.0,0.0,0.0,-2.0286412239074707,0.17085041105747223,0.0,0.0,0.0,0.17085041105747223,0.0,-2.0286412239074707,-0.0,-0.0,-0.0,0.5594061017036438,-0.745208203792572,-1.8100565671920776,0.0,0.0,0.0,2.9802322387695312e-08,5.820766091346741e-11,0.6000000238418579,-2.9802322387695312e-08,0.05600002408027649,0.6000000238418579,2.9802322387695312e-08,-0.055999934673309326,0.6000000238418579,1.118812084197998,4.172325134277344e-07,-3.620112895965576,0.0,0.0,0.0,-1.564621925354004e-07,-1.078877716054194e-07,-8.940696716308594e-08,28.663042068481445,28.663043975830078,48.681819915771484,48.681819915771484,0.17686083912849426,0.17686083912849426,0.4567340612411499,0.4567340612411499,0.366405189037323,0.366405189037323,0.023084618151187897,0.023084618151187897,-0.6106096506118774,-0.6106096506118774,-1.482582688331604,-1.482582688331604,0.2989925146102905,0.2989925146102905,0.0,0.0,-0.07800103724002838,-0.07800103724002838,0.17085041105747223,0.17085041105747223,0.5500251054763794,0.5500251054763794,-0.23683299124240875,-0.23683299124240875,-0.09114251285791397,-0.09114251285791397,-62.56645202636719,-62.56645202636719,-40.982215881347656,-40.982215881347656,-29.124624252319336,-29.124624252319336,18.66337013244629,18.66337013244629,0.0,0.0,180.0
144,0.6,-0.252053522290018,9.218360846948453,101.89490392693293,-0.252053522290018,9.218360846948453,101.89490392693293,5.0,-5.0,0.0,0.0,12.0,0,0.5,0.0,0.0,3.2,3.2,3.2,9.21835994720459,9.21835708618164,9.218360900878906,9.218360900878906,-0.21901091933250427,-0.21868474781513214,6.7210893630981445,6.84243631362915,0.12235549092292786,0.12235549092292786,0.0,0.0,nan,nan,11.382169723510742,11.382169723510742,22.764339447021484,0.0,-2.1820452213287354,0.19822004437446594,0.0,0.0,0.0,0.19822004437446594,0.0,-2.1820452213287354,0.0,0.0,0.0,0.6217905879020691,0.7249486446380615,-1.9719123840332031,0.0,0.0,0.0,0.0,-2.1820452213287354,0.19822004437446594,0.0,0.0,0.0,0.19822004437446594,0.0,-2.1820452213287354,-0.0,-0.0,-0.0,0.6217905879020691,-0.7249481081962585,-1.9719126224517822,0.0,0.0,0.0,2.9802322387695312e-08,5.820766091346741e-11,0.6000000238418579,-2.9802322387695312e-08,0.05600005388259888,0.6000000238418579,-8.940696716308594e-08,-0.05599990487098694,0.6000000238418579,1.2435811758041382,5.364418029785156e-07,-3.9438250064849854,0.0,0.0,0.0,-2.8312206268310547e-07,-3.5260543995718763e-07,-5.21540641784668e-08,29.230958938598633,29.23095703125,49.5406494140625,49.5406494140625,0.17686083912849426,0.17686083912849426,0.4284450113773346,0.4284450113773346,0.3946942090988159,0.3946942090988159,0.036845918744802475,0.036845918744802475,-0.9396151900291443,-0.9396151900291443,-1.3438032865524292,-1.3438032865524292,0.3620516061782837,0.3620516061782837,0.0,0.0,-0.07875247299671173,-0.07875247299671173,0.19822004437446594,0.19822004437446594,0.5500251054763794,0.5500251054763794,-0.25379320979118347,-0.25379320979118347,-0.09985024482011795,-0.09985024482011795,-65.79830169677734,-65.79830169677734,-42.8934211730957,-42.8934211730957,-31.01739501953125,-31.01739501953125,19.010454177856445,19.010454177856445,0.0,0.0,180.0
145,0.6041666666666666,-0.2128046116572592,9.610096408506925,86.02817870989709,-0.2128046116572592,9.610096408506925,86.02817870989709,5.0,-5.0,0.0,0.0,12.0,0,0.5,0.0,0.0,3.2,3.2,3.2,9.610095024108887,9.61009407043457,9.610095977783203,9.610095977783203,-0.17962811887264252,-0.17922723293304443,6.520716190338135,6.667327404022217,0.1275550127029419,0.1275550127029419,0.0,0.0,nan,nan,12.299224853515625,12.299224853515625,24.59844970703125,0.0,-2.3036234378814697,0.2183850258588791,0.0,0.0,0.0,0.2183850258588791,0.0,-2.3036234378814697,0.0,0.0,0.0,0.6712524890899658,0.6794937252998352,-2.1076245307922363,0.0,0.0,0.0,0.0,-2.3036234378814697,0.2183850258588791,0.0,0.0,0.0,0.2183850258588791,0.0,-2.3036234378814697,-0.0,-0.0,-0.0,0.6712526082992554,-0.6794933080673218,-2.1076245307922363,0.0,0.0,0.0,2.9802322387695312e-08,5.820766091346741e-11,0.6000000238418579,-1.4901161193847656e-08,0.05600002408027649,0.6000000238418579,-1.4901161193847656e-08,-0.055999964475631714,0.6000000238418579,1.3425050973892212,4.172325134277344e-07,-4.215249061584473,0.0,0.0,0.0,-1.2665987014770508e-07,-1.8843631721665588e-07,-3.3527612686157227e-08,29.69633674621582,29.696338653564453,50.22344207763672,50.22344207763672,0.17686083912849426,0.17686083912849426,0.4142872393131256,0.4142872393131256,0.4088520109653473,0.4088520109653473,0.05313779413700104,0.05313779413700104,-1.2504260540008545,-1.2504260540008545,-1.1967494487762451,-1.1967494487762451,0.42664146423339844,0.42664146423339844,0.0,0.0,-0.07944038510322571,-0.07944038510322571,0.2183850258588791,0.2183850258588791,0.5500251054763794,0.5500251054763794,-0.269573837518692,-0.269573837518692,-0.10698913782835007,-0.10698913782835007,-68.5693359375,-68.5693359375,-44.539310455322266,-44.539310455322266,-32.643978118896484,-32.643978118896484,19.308364868164062,19.308364868164062,0.0,0.0,180.0
146,0.6083333333333333,-0.1720630295736272,9.934424048604463,69.55802763037244,-0.1720630295736272,9.934424048604463,69.55802763037244,5.0,-5.0,0.0,0.0,12.0,0,0.5,0.0,0.0,3.2,3.2,3.2,9.934423446655273,9.93442440032959,9.93442440032959,9.93442440032959,-0.13898254930973053,-0.13850978016853333,6.275050163269043,6.445908069610596,0.13185980916023254,0.13185980916023254,0.0,0.0,nan,nan,13.11876392364502,13.11876392364502,26.23752784729004,0.0,-2.410797357559204,0.24606427550315857,0.0,0.0,0.0,0.24606427550315857,0.0,-2.410797357559204,0.0,0.0,0.0,0.7252426743507385,0.6166935563087463,-2.2284979820251465,0.0,0.0,0.0,0.0,-2.410797357559204,0.24606427550315857,0.0,0.0,0.0,0.24606427550315857,0.0,-2.410797357559204,-0.0,-0.0,-0.0,0.7252426743507385,-0.6166930198669434,-2.2284982204437256,0.0,0.0,0.0,2.9802322387695312e-08,5.820766091346741e-11,0.6000000238418579,0.0,0.05600005388259888,0.6000000834465027,0.0,-0.055999964475631714,0.6000000834465027,1.450485348701477,5.364418029785156e-07,-4.456995964050293,0.0,0.0,0.0,-1.7881393432617188e-07,-4.637317374545091e-08,-6.332993507385254e-08,30.067142486572266,30.067142486572266,50.75382995605469,50.75382995605469,0.16216474771499634,0.16216474771499634,0.4148221015930176,0.4148221015930176,0.42301318049430847,0.42301318049430847,0.06213124841451645,0.06213124841451645,-1.539008378982544,-1.539008378982544,-1.0423979759216309,-1.0423979759216309,0.4898812174797058,0.4898812174797058,0.0,0.0,-0.08004043996334076,-0.08004043996334076,0.24606427550315857,0.24606427550315857,0.5500251054763794,0.5500251054763794,-0.28407591581344604,-0.28407591581344604,-0.11252082139253616,-0.11252082139253616,-70.86294555664062,-70.86294555664062,-45.909996032714844,-45.909996032714844,-33.994625091552734,-33.994625091552734,19.555011749267578,19.555011749267578,0.0,0.0,180.0
147,0.6125,-0.13011454896465155,10.189068841874874,52.59997696439426,-0.13011454896465155,10.189068841874874,52.59997696439426,5.0,-5.0,0.0,0.0,12.0,0,0.5,0.0,0.0,3.2,3.2,3.2,10.189066886901855,10.189064979553223,10.189069747924805,10.189069747924805,-0.09737163782119751,-0.09683024883270264,5.983852386474609,6.177731037139893,0.13523972034454346,0.13523972034454346,0.0,0.0,nan,nan,13.721851348876953,13.721851348876953,27.443702697753906,0.0,-2.4847750663757324,0.26751089096069336,0.0,0.0,0.0,0.26751089096069336,0.0,-2.4847750663757324,0.0,0.0,0.0,0.7661922574043274,0.5343220829963684,-2.3179988861083984,0.0,0.0,0.0,0.0,-2.4847750663757324,0.26751089096069336,0.0,0.0,0.0,0.26751089096069336,0.0,-2.4847750663757324,-0.0,-0.0,-0.0,0.7661920785903931,-0.5343216061592102,-2.3179991245269775,0.0,0.0,0.0,2.9802322387695312e-08,5.820766091346741e-11,0.6000000238418579,-5.960464477539063e-08,0.05600002408027649,0.6000000238418579,-1.043081283569336e-07,-0.055999934673309326,0.5999999642372131,1.5323843955993652,4.76837158203125e-07,-4.635997772216797,0.0,0.0,0.0,-2.2351741790771484e-07,-5.637817821479985e-07,-5.587935447692871e-08,30.350154876708984,30.350149154663086,51.15026092529297,51.1502571105957,0.16216474771499634,0.16216474771499634,0.40066051483154297,0.40066051483154297,0.43717479705810547,0.43717479705810547,0.07163921743631363,0.07163921743631363,-1.8014448881149292,-1.8014448881149292,-0.8817076683044434,-0.8817076683044434,0.5489175319671631,0.5489175319671631,0.0,0.0,-0.08053116500377655,-0.08053116500377655,0.26751089096069336,0.26751089096069336,0.5500251054763794,0.5500251054763794,-0.29720956087112427,-0.29720956087112427,-0.11641835421323776,-0.11641835421323776,-72.66558837890625,-72.66558837890625,-46.99736404418945,-46.99736404418945,-35.061363220214844,-35.061363220214844,19.74866485595703,19.74866485595703,0.0,0.0,180.0
148,0.6166666666666667,-0.08725340828186508,10.372244638055388,35.27297525304288,-0.08725340828186508,10.372244638055388,35.27297525304288,5.0,-5.0,0.0,0.0,12.0,0,0.5,0.0,0.0,3.2,3.2,3.2,10.37224292755127,10.372241973876953,10.372244834899902,10.372244834899902,-0.05510183423757553,-0.05449541658163071,5.646818161010742,5.862277984619141,0.13767102360725403,0.13767102360725403,0.0,0.0,nan,nan,13.97764778137207,13.97764778137207,27.95529556274414,0.0,-2.5034337043762207,0.26274335384368896,0.0,0.0,0.0,0.26274335384368896,0.0,-2.5034337043762207,0.0,0.0,0.0,0.7696464657783508,0.4330834746360779,-2.357180118560791,0.0,0.0,0.0,0.0,-2.5034337043762207,0.26274335384368896,0.0,0.0,0.0,0.26274335384368896,0.0,-2.5034337043762207,-0.0,-0.0,-0.0,0.769646406173706,-0.4330829083919525,-2.357180118560791,0.0,0.0,0.0,2.9802322387695312e-08,5.820766091346741e-11,0.6000000238418579,-2.9802322387695312e-08,0.05600005388259888,0.6000000238418579,-2.9802322387695312e-08,-0.05599990487098694,0.6000000238418579,1.539292812347412,5.662441253662109e-07,-4.714360237121582,0.0,0.0,0.0,-3.5762786865234375e-07,-2.809977672768582e-07,-1.1920928955078125e-07,30.550846099853516,30.550840377807617,51.42658996582031,51.42658996582031,0.16216474771499634,0.16216474771499634,0.40066051483154297,0.40066051483154297,0.43717479705810547,0.43717479705810547,0.0920536071062088,0.0920536071062088,-2.0341031551361084,-2.0341031551361084,-0.7156213521957397,-0.7156213521957397,0.601064145565033,0.601064145565033,0.0,0.0,-0.08089495450258255,-0.08089495450258255,0.26274335384368896,0.26274335384368896,0.5500251054763794,0.5500251054763794,-0.3088942766189575,-0.3088942766189575,-0.11866599321365356,-0.11866599321365356,-73.96683502197266,-73.96683502197266,-47.795101165771484,-47.795101165771484,-35.83802032470703,-35.83802032470703,19.887969970703125,19.887969970703125,0.0,0.0,180.0
149,0.6208333333333333,-0.04378024763146778,10.482666590547439,17.698558963888797,-0.04378024763146778,10.482666590547439,17.698558963888797,5.0,-5.0,0.0,0.0,12.0,0,0.5,0.0,0.0,3.2,3.2,3.2,10.482666015625,10.482665061950684,10.482666969299316,10.482666969299316,-0.012429925613105297,-0.011762860231101513,5.272672176361084,5.508254051208496,0.1391366571187973,0.1391366571187973,0.0,0.0,nan,nan,14.178279876708984,14.178279876708984,28.35655975341797,0.0,-2.5254220962524414,0.28805485367774963,0.0,0.0,0.0,0.28805485367774963,0.0,-2.5254220962524414,0.0,0.0,0.0,0.8023664951324463,0.3283762037754059,-2.389374256134033,0.0,0.0,0.0,0.0,-2.5254220962524414,0.28805485367774963,0.0,0.0,0.0,0.28805485367774963,0.0,-2.5254220962524414,-0.0,-0.0,-0.0,0.8023664951324463,-0.3283756375312805,-2.389374256134033,0.0,0.0,0.0,2.9802322387695312e-08,5.820766091346741e-11,0.6000000238418579,-7.450580596923828e-08,0.05600002408027649,0.6000000238418579,1.4901161193847656e-08,-0.055999964475631714,0.6000000238418579,1.6047329902648926,5.662441253662109e-07,-4.778748512268066,0.0,0.0,0.0,-1.4901161193847656e-07,-2.848356075446645e-07,-7.82310962677002e-08,30.673311233520508,30.673315048217773,51.59248352050781,51.592491149902344,0.16216474771499634,0.16216474771499634,0.3865005671977997,0.3865005671977997,0.45133471488952637,0.45133471488952637,0.0920536071062088,0.0920536071062088,-2.233773708343506,-2.233773708343506,-0.545070230960846,-0.545070230960846,0.6439345479011536,0.6439345479011536,0.0,0.0,-0.081118643283844,-0.081118643283844,0.28805485367774963,0.28805485367774963,0.5500251054763794,0.5500251054763794,-0.31905844807624817,-0.31905844807624817,-0.11925835907459259,-0.11925835907459259,-74.75922393798828,-74.75922393798828,-48.298641204833984,-48.298641204833984,-36.32017517089844,-36.32017517089844,19.97194480895996,19.97194480895996,0.0,0.0,180.0
150,0.625,-2.5629408212555807e-16,10.519560168692351,1.036091883896654e-13,-2.5629408212555807e-16,10.519560168692351,1.036091883896654e-13,5.0,-5.0,0.0,0.0,12.0,0,0.5,0.0,0.0,3.2,3.2,3.2,10.519556045532227,10.519559860229492,10.519559860229492,10.519560813903809,0.0303034670650959,0.031026676297187805,4.857425689697266,5.111388206481934,0.13962633907794952,0.13962633907794952,0.0,0.0,nan,nan,14.002890586853027,14.002890586853027,28.005781173706055,0.0,-2.4895291328430176,0.28657329082489014,0.0,0.0,0.0,0.28657329082489014,0.0,-2.4895291328430176,0.0,0.0,0.0,0.7959718704223633,0.21536652743816376,-2.3664162158966064,0.0,0.0,0.0,0.0,-2.4895291328430176,0.28657329082489014,0.0,0.0,0.0,0.28657329082489014,0.0,-2.4895291328430176,-0.0,-0.0,-0.0,0.7959719896316528,-0.21536600589752197,-2.3664162158966064,0.0,0.0,0.0,2.9802322387695312e-08,5.820766091346741e-11,0.6000000238418579,-8.940696716308594e-08,0.05600005388259888,0.6000000238418579,4.470348358154297e-08,-0.055999964475631714,0.6000000238418579,1.5919438600540161,5.21540641784668e-07,-4.732832431793213,0.0,0.0,0.0,-2.086162567138672e-07,-2.4683643573553127e-07,-9.685754776000977e-08,30.720157623291016,30.72016143798828,51.65367126464844,51.65367889404297,0.16216474771499634,0.16216474771499634,0.3865005671977997,0.3865005671977997,0.45133471488952637,0.45133471488952637,0.10289160162210464,0.10289160162210464,-2.3977932929992676,-2.3977932929992676,-0.37098217010498047,-0.37098217010498047,0.6755634546279907,0.6755634546279907,0.0,0.0,-0.08119413256645203,-0.08119413256645203,0.28657329082489014,0.28657329082489014,0.5500251054763794,0.5500251054763794,-0.3276394307613373,-0.3276394307613373,-0.11819988489151001,-0.11819988489151001,-75.03823852539062,-75.03823852539062,-48.505104064941406,-48.505104064941406,-36.505104064941406,-36.505104064941406,20.0,20.0,0.0,0.0,180.0
151,0.6291666666666667,0.04378024763146727,10.482666590547439,-17.69855896388859,0.04378024763146727,10.482666590547439,-17.69855896388859,5.0,-5.0,0.0,0.0,12.0,0,0.5,0.0,0.0,3.2,3.2,3.2,10.482666969299316,10.482665061950684,10.482666969299316,10.482666969299316,0.07282542437314987,0.07359971851110458,4.408284664154053,4.678859233856201,0.1391366571187973,0.1391366571187973,0.0,0.0,nan,nan,13.65489387512207,13.65489387512207,27.30978775024414,0.0,-2.4357106685638428,0.2984921932220459,0.0,0.0,0.0,0.2984921932220459,0.0,-2.4357106685638428,0.0,0.0,0.0,0.797916829586029,0.10430653393268585,-2.318239212036133,0.0,0.0,0.0,0.0,-2.4357106685638428,0.2984921932220459,0.0,0.0,0.0,0.2984921932220459,0.0,-2.4357106685638428,-0.0,-0.0,-0.0,0.7979167103767395,-0.10430599749088287,-2.318239212036133,0.0,0.0,0.0,2.9802322387695312e-08,5.820766091346741e-11,0.6000000238418579,0.0,0.05600002408027649,0.6000000238418579,-7.450580596923828e-09,-0.055999964475631714,0.6000000238418579,1.5958335399627686,5.364418029785156e-07,-4.636478424072266,0.0,0.0,0.0,-1.341104507446289e-07,-1.5545005283001956e-07,-5.587935447692871e-08,30.692440032958984,30.69243812561035,51.6121711730957,51.6121711730957,0.16216474771499634,0.16216474771499634,0.3865005671977997,0.3865005671977997,0.45133471488952637,0.45133471488952637,0.10289160162210464,0.10289160162210464,-2.5241403579711914,-2.5241403579711914,-0.1942918449640274,-0.1942918449640274,0.6945055723190308,0.6945055723190308,0.0,0.0,-0.081118643283844,-0.081118643283844,0.2984921932220459,0.2984921932220459,0.5500251054763794,0.5500251054763794,-0.3345832824707031,-0.3345832824707031,-0.11550433188676834,-0.11550433188676834,-74.80229187011719,-74.80229187011719,-48.41332244873047,-48.41332244873047,-36.391788482666016,-36.391788482666016,19.97194480895996,19.97194480895996,0.0,0.0,180.0
152,0.6333333333333333,0.08725340828186456,10.37224463805539,-35.272975253042674,0.08725340828186456,10.37224463805539,-35.272975253042674,5.0,-5.0,0.0,0.0,12.0,0,0.5,0.0,0.0,3.2,3.2,3.2,10.372244834899902,10.372241973876953,10.372244834899902,10.372244834899902,0.11483742296695709,0.11565737426280975,3.9283628463745117,4.213652610778809,0.13767102360725403,0.13767102360725403,0.0,0.0,nan,nan,13.138277053833008,13.138277053833008,26.276554107666016,0.0,-2.3639440536499023,0.3253336548805237,0.0,0.0,0.0,0.3253336548805237,0.0,-2.3639440536499023,0.0,0.0,0.0,0.8097151517868042,-0.0015036483528092504,-2.244645357131958,0.0,0.0,0.0,0.0,-2.3639440536499023,0.3253336548805237,0.0,0.0,0.0,0.3253336548805237,0.0,-2.3639440536499023,-0.0,-0.0,-0.0,0.8097150921821594,0.0015041462611407042,-2.244645357131958,0.0,0.0,0.0,2.9802322387695312e-08,5.820766091346741e-11,0.6000000238418579,-7.450580596923828e-08,0.05600002408027649,0.6000000238418579,-5.960464477539063e-08,-0.055999934673309326,0.6000000238418579,1.6194303035736084,4.979083314538002e-07,-4.489290714263916,0.0,0.0,0.0,-1.9371509552001953e-07,-4.348216862126719e-07,-7.82310962677002e-08,30.58956527709961,30.589563369750977,51.4663200378418,51.46631622314453,0.16216474771499634,0.16216474771499634,0.40066051483154297,0.40066051483154297,0.43717479705810547,0.43717479705810547,0.0920536071062088,0.0920536071062088,-2.6114978790283203,-2.6114978790283203,-0.01595245487987995,-0.01595245487987995,0.6999051570892334,0.6999051570892334,0.0,0.0,-0.08089495450258255,-0.08089495450258255,0.3253336548805237,0.3253336548805237,0.5500251054763794,0.5500251054763794,-0.3398449420928955,-0.3398449420928955,-0.11119413375854492,-0.11119413375854492,-74.05267333984375,-74.05267333984375,-48.02378463745117,-48.02378463745117,-35.980865478515625,-35.980865478515625,19.887969970703125,19.887969970703125,0.0,0.0,180.0
153,0.6375,0.13011454896465105,10.189068841874878,-52.59997696439406,0.13011454896465105,10.189068841874878,-52.59997696439406,5.0,-5.0,0.0,0.0,12.0,0,0.5,0.0,0.0,3.2,3.2,3.2,10.189068794250488,10.189066886901855,10.189069747924805,10.189069747924805,0.15601707994937897,0.15687713027000427,3.4165797233581543,3.7144956588745117,0.13523972034454346,0.13523972034454346,0.0,0.0,nan,nan,12.26901912689209,12.26901912689209,24.53803825378418,0.0,-2.233710289001465,0.32290419936180115,0.0,0.0,0.0,0.32290419936180115,0.0,-2.233710289001465,0.0,0.0,0.0,0.7798225283622742,-0.09712855517864227,-2.115696668624878,0.0,0.0,0.0,0.0,-2.233710289001465,0.32290419936180115,0.0,0.0,0.0,0.32290419936180115,0.0,-2.233710289001465,-0.0,-0.0,-0.0,0.779822587966919,0.0971289798617363,-2.115696668624878,0.0,0.0,0.0,2.9802322387695312e-08,5.820766091346741e-11,0.6000000238418579,-2.9802322387695312e-08,0.05600005388259888,0.6000000238418579,-2.2351741790771484e-08,-0.055999964475631714,0.6000000238418579,1.559645175933838,4.246830940246582e-07,-4.231393337249756,0.0,0.0,0.0,-1.862645149230957e-07,-2.3644753355256398e-07,-6.332993507385254e-08,30.40932273864746,30.40932273864746,51.21076583862305,51.21076583862305,0.16216474771499634,0.16216474771499634,0.40066051483154297,0.40066051483154297,0.43717479705810547,0.43717479705810547,0.0920536071062088,0.0920536071062088,-2.659290075302124,-2.659290075302124,0.16305354237556458,0.16305354237556458,0.691534161567688,0.691534161567688,0.0,0.0,-0.08053116500377655,-0.08053116500377655,0.32290419936180115,0.32290419936180115,0.5500251054763794,0.5500251054763794,-0.34338799118995667,-0.34338799118995667,-0.10530014336109161,-0.10530014336109161,-72.7935791015625,-72.7935791015625,-47.33867263793945,-47.33867263793945,-35.27467346191406,-35.27467346191406,19.74866485595703,19.74866485595703,0.0,0.0,180.0
154,0.6416666666666666,0.17206302957362585,9.934424048604473,-69.55802763037188,0.17206302957362585,9.934424048604473,-69.55802763037188,5.0,-5.0,0.0,0.0,12.0,0,0.5,0.0,0.0,3.2,3.2,3.2,9.93442153930664,9.934420585632324,9.934423446655273,9.934423446655273,0.1961033046245575,0.19699741899967194,2.880990505218506,3.189445972442627,0.13185980916023254,0.13185980916023254,0.0,0.0,nan,nan,11.273716926574707,11.273716926574707,22.547433853149414,0.0,-2.08703875541687,0.33459872007369995,0.0,0.0,0.0,0.33459872007369995,0.0,-2.08703875541687,0.0,0.0,0.0,0.7596229314804077,-0.1781114935874939,-1.9644176959991455,0.0,0.0,0.0,0.0,-2.08703875541687,0.33459872007369995,0.0,0.0,0.0,0.33459872007369995,0.0,-2.08703875541687,-0.0,-0.0,-0.0,0.7596229314804077,0.1781119406223297,-1.964417576789856,0.0,0.0,0.0,2.9802322387695312e-08,5.820766091346741e-11,0.6000000238418579,-9.685754776000977e-08,0.055999964475631714,0.6000000238418579,-1.043081283569336e-07,-0.055999934673309326,0.6000000238418579,1.5192458629608154,4.470348358154297e-07,-3.928835391998291,0.0,0.0,0.0,-6.705522537231445e-08,-5.12261806306924e-07,-2.60770320892334e-08,30.147859573364258,30.147859573364258,50.836212158203125,50.836212158203125,0.16216474771499634,0.16216474771499634,0.4148221015930176,0.4148221015930176,0.42301318049430847,0.42301318049430847,0.08162510395050049,0.08162510395050049,-2.667684555053711,-2.667684555053711,0.341704398393631,0.341704398393631,0.6697961688041687,0.6697961688041687,0.0,0.0,-0.08004043996334076,-0.08004043996334076,0.33459872007369995,0.33459872007369995,0.5500251054763794,0.5500251054763794,-0.34518536925315857,-0.34518536925315857,-0.0978614017367363,-0.0978614017367363,-71.0322036743164,-71.0322036743164,-46.36188888549805,-46.36188888549805,-34.277259826660156,-34.277259826660156,19.555011749267578,19.555011749267578,0.0,0.0,180.0
155,0.6458333333333334,0.2128046116572587,9.61009640850693,-86.02817870989689,0.2128046116572587,9.61009640850693,-86.02817870989689,5.0,-5.0,0.0,0.0,12.0,0,0.5,0.0,0.0,3.2,3.2,3.2,9.610095024108887,9.61009407043457,9.610095977783203,9.610095977783203,0.23480167984962463,0.23572362959384918,2.3232007026672363,2.6399898529052734,0.1275550127029419,0.1275550127029419,0.0,0.0,nan,nan,10.088447570800781,10.088447570800781,20.176895141601562,0.0,-1.9051073789596558,0.3375093936920166,0.0,0.0,0.0,0.3375093936920166,0.0,-1.9051073789596558,0.0,0.0,0.0,0.7230781316757202,-0.23976221680641174,-1.7784876823425293,0.0,0.0,0.0,0.0,-1.9051073789596558,0.3375093936920166,0.0,0.0,0.0,0.3375093936920166,0.0,-1.9051073789596558,-0.0,-0.0,-0.0,0.7230781316757202,0.23976269364356995,-1.7784876823425293,0.0,0.0,0.0,2.9802322387695312e-08,5.820766091346741e-11,0.6000000238418579,-5.960464477539063e-08,0.05600005388259888,0.6000000238418579,-8.940696716308594e-08,-0.055999934673309326,0.6000000834465027,1.4461562633514404,4.76837158203125e-07,-3.5569753646850586,0.0,0.0,0.0,-2.2351741790771484e-07,-3.279226348240627e-07,-9.313225746154785e-08,29.7998104095459,29.7998104095459,50.329254150390625,50.329254150390625,0.17686083912849426,0.17686083912849426,0.4142872393131256,0.4142872393131256,0.4088520109653473,0.4088520109653473,0.07163921743631363,0.07163921743631363,-2.637561559677124,-2.637561559677124,0.5189313292503357,0.5189313292503357,0.6356925964355469,0.6356925964355469,0.0,0.0,-0.07944038510322571,-0.07944038510322571,0.3375093936920166,0.3375093936920166,0.5500251054763794,0.5500251054763794,-0.3452191650867462,-0.3452191650867462,-0.0889248326420784,-0.0889248326420784,-68.77867889404297,-68.77867889404297,-45.09904098510742,-45.09904098510742,-32.99436950683594,-32.99436950683594,19.308364868164062,19.308364868164062,0.0,0.0,180.0
156,0.65,0.25205352229001754,9.218360846948459,-101.89490392693274,0.25205352229001754,9.218360846948459,-101.89490392693274,5.0,-5.0,0.0,0.0,12.0,0,0.5,0.0,0.0,3.2,3.2,3.2,9.218360900878906,9.218358993530273,9.21835994720459,9.218360900878906,0.27184125781059265,0.2727847099304199,1.7472285032272339,2.070098638534546,0.12235549092292786,0.12235549092292786,0.0,0.0,nan,nan,8.756246566772461,8.756246566772461,17.512493133544922,0.0,-1.690088152885437,0.33104151487350464,0.0,0.0,0.0,0.33104151487350464,0.0,-1.690088152885437,0.0,0.0,0.0,0.6703983545303345,-0.27832818031311035,-1.5617573261260986,0.0,0.0,0.0,0.0,-1.690088152885437,0.33104151487350464,0.0,0.0,0.0,0.33104151487350464,0.0,-1.690088152885437,-0.0,-0.0,-0.0,0.6703983545303345,0.2783285677433014,-1.561757206916809,0.0,0.0,0.0,2.9802322387695312e-08,5.820766091346741e-11,0.6000000238418579,-1.4901161193847656e-08,0.05600002408027649,0.6000000238418579,-7.450580596923828e-08,-0.055999964475631714,0.6000000238418579,1.340796709060669,3.8743019104003906e-07,-3.1235146522521973,0.0,0.0,0.0,-9.685754776000977e-08,-2.3271996951734764e-07,-5.960464477539063e-08,29.358362197875977,29.35836410522461,49.671852111816406,49.67185974121094,0.17686083912849426,0.17686083912849426,0.4284450113773346,0.4284450113773346,0.3946942090988159,0.3946942090988159,0.06213124841451645,0.06213124841451645,-2.5704574584960938,-2.5704574584960938,0.6936150193214417,0.6936150193214417,0.5907623767852783,0.5907623767852783,0.0,0.0,-0.07875247299671173,-0.07875247299671173,0.33104151487350464,0.33104151487350464,0.5500251054763794,0.5500251054763794,-0.3434816300868988,-0.3434816300868988,-0.07854551076889038,-0.07854551076889038,-66.04624938964844,-66.04624938964844,-43.557525634765625,-43.557525634765625,-31.433547973632812,-31.433547973632812,19.010454177856445,19.010454177856445,0.0,0.0,180.0
157,0.6541666666666667,0.28953445856411775,8.761965107431775,-117.04690960430862,0.28953445856411775,8.761965107431775,-117.04690960430862,5.0,-5.0,0.0,0.0,12.0,0,0.5,0.0,0.0,3.2,3.2,3.2,8.761963844299316,8.761962890625,8.761964797973633,8.761964797973633,0.30696311593055725,0.3079216182231903,1.1572511196136475,1.4838964939117432,0.11629774421453476,0.11629774421453476,0.0,0.0,nan,nan,7.325468063354492,7.325468063354492,14.650936126708984,0.0,-1.4446325302124023,0.315110981464386,0.0,0.0,0.0,0.315110981464386,0.0,-1.4446325302124023,0.0,0.0,0.0,0.6024181246757507,-0.29113295674324036,-1.318556785583496,0.0,0.0,0.0,0.0,-1.4446325302124023,0.315110981464386,0.0,0.0,0.0,0.315110981464386,0.0,-1.4446325302124023,-0.0,-0.0,-0.0,0.6024181246757507,0.2911333441734314,-1.318556785583496,0.0,0.0,0.0,2.9802322387695312e-08,5.820766091346741e-11,0.6000000238418579,5.21540641784668e-08,0.056000083684921265,0.6000000238418579,-1.4901161193847656e-08,-0.055999934673309326,0.6000000238418579,1.2048362493515015,3.8743019104003906e-07,-2.637113571166992,0.0,0.0,0.0,-2.0116567611694336e-07,-2.9472040807831945e-08,-1.0803341865539551e-07,28.815385818481445,28.815385818481445,48.84086227416992,48.84086227416992,0.17686083912849426,0.17686083912849426,0.442595511674881,0.442595511674881,0.38054367899894714,0.38054367899894714,0.05313779413700104,0.05313779413700104,-2.468468427658081,-2.468468427658081,0.8645848035812378,0.8645848035812378,0.5369886755943298,0.5369886755943298,0.0,0.0,-0.07800103724002838,-0.07800103724002838,0.315110981464386,0.315110981464386,0.5500251054763794,0.5500251054763794,-0.339974969625473,-0.339974969625473,-0.06678640842437744,-0.06678640842437744,-62.851280212402344,-62.851280212402344,-41.74654769897461,-41.74654769897461,-29.604137420654297,-29.604137420654297,18.66337013244629,18.66337013244629,0.0,0.0,180.0
158,0.6583333333333333,0.32498451864161143,8.244110478149711,-131.37791530889848,0.32498451864161143,8.244110478149711,-131.37791530889848,5.0,-5.0,0.0,0.0,12.0,0,0.5,0.0,0.0,3.2,3.2,3.2,8.244109153747559,8.244109153747559,8.244110107421875,8.244110107421875,0.33993449807167053,0.3409012258052826,0.5595709681510925,0.8877114057540894,0.10942424833774567,0.10942424833774567,0.0,0.0,nan,nan,5.931056022644043,5.931056022644043,11.862112045288086,0.0,-1.1903667449951172,0.3062489628791809,0.0,0.0,0.0,0.3062489628791809,0.0,-1.1903667449951172,0.0,0.0,0.0,0.5400496125221252,-0.28106507658958435,-1.067759394645691,0.0,0.0,0.0,0.0,-1.1903667449951172,0.3062489628791809,0.0,0.0,0.0,0.3062489628791809,0.0,-1.1903667449951172,-0.0,-0.0,-0.0,0.5400496125221252,0.28106531500816345,-1.067759394645691,0.0,0.0,0.0,2.9802322387695312e-08,5.820766091346741e-11,0.6000000238418579,2.2351741790771484e-08,0.05600002408027649,0.6000000238418579,-5.960464477539063e-08,-0.055999964475631714,0.6000000238418579,1.0800992250442505,2.384185791015625e-07,-2.135518789291382,0.0,0.0,0.0,-6.332993507385254e-08,-1.0342055389855886e-07,-5.4016709327697754e-08,28.16154670715332,28.16154670715332,47.80735778808594,47.80735778808594,0.17686083912849426,0.17686083912849426,0.4708550274372101,0.4708550274372101,0.35228419303894043,0.35228419303894043,0.036845918744802475,0.036845918744802475,-2.3341426849365234,-2.3341426849365234,1.030624270439148,1.030624270439148,0.4766918122768402,0.4766918122768402,0.0,0.0,-0.07721249014139175,-0.07721249014139175,0.3062489628791809,0.3062489628791809,0.5500251054763794,0.5500251054763794,-0.3347128629684448,-0.3347128629684448,-0.05371897295117378,-0.05371897295117378,-59.21332931518555,-59.21332931518555,-39.67715072631836,-39.67715072631836,-27.517303466796875,-27.517303466796875,18.269546508789062,18.269546508789062,0.0,0.0,180.0
159,0.6625,0.3581550458218894,7.668429337248623,-144.78739933249867,0.3581550458218894,7.668429337248623,-144.78739933249867,5.0,-5.0,0.0,0.0,12.0,0,0.5,0.0,0.0,3.2,3.2,3.2,7.668428897857666,7.668426990509033,7.668429374694824,7.668429374694824,0.370510458946228,0.3714786767959595,-0.04379791021347046,0.28349900245666504,0.10178322345018387,0.10178322345018387,0.0,0.0,nan,nan,4.524198055267334,4.524198055267334,9.048396110534668,0.0,-0.9088667631149292,0.28370341658592224,0.0,0.0,0.0,0.28370341658592224,0.0,-0.9088667631149292,0.0,0.0,0.0,0.4595438241958618,-0.24376994371414185,-0.7974472045898438,0.0,0.0,0.0,0.0,-0.9088667631149292,0.28370341658592224,0.0,0.0,0.0,0.28370341658592224,0.0,-0.9088667631149292,-0.0,-0.0,-0.0,0.4595438539981842,0.24377010762691498,-0.7974472045898438,0.0,0.0,0.0,2.9802322387695312e-08,5.820766091346741e-11,0.6000000238418579,7.450580596923828e-09,0.05600002408027649,0.6000000238418579,-7.450580596923828e-08,-0.055999934673309326,0.6000000238418579,0.9190876483917236,1.6391277313232422e-07,-1.5948944091796875,0.0,0.0,0.0,-7.078051567077637e-08,-1.0100455938300001e-07,-5.960464477539063e-08,27.38654899597168,27.38654899597168,46.53596496582031,46.53596496582031,0.17686083912849426,0.17686083912849426,0.5130407214164734,0.5130407214164734,0.31009846925735474,0.31009846925735474,0.023084618151187897,0.023084618151187897,-2.1703362464904785,-2.1703362464904785,1.1904804706573486,1.1904804706573486,0.41240477561950684,0.41240477561950684,0.0,0.0,-0.0764143317937851,-0.0764143317937851,0.28370341658592224,0.28370341658592224,0.5500251054763794,0.5500251054763794,-0.3277202248573303,-0.3277202248573303,-0.039422933012247086,-0.039422933012247086,-55.155208587646484,-55.155208587646484,-37.36227035522461,-37.36227035522461,-25.186107635498047,-25.186107635498047,17.831748962402344,17.831748962402344,0.0,0.0,180.0
160,0.6666666666666666,0.3888133726897723,7.038959674305614,-157.18130377938425,0.3888133726897723,7.038959674305614,-157.18130377938425,5.0,-5.0,0.0,0.0,12.0,0,0.5,0.0,0.0,3.2,3.2,3.2,7.038959980010986,7.038959503173828,7.038959503173828,7.038959503173828,0.39849087595939636,0.39945387840270996,-0.6463235020637512,-0.3221508860588074,0.09342825412750244,0.09342825412750244,0.0,0.0,nan,nan,3.2416629791259766,3.2416629791259766,6.483325958251953,0.0,-0.6232374906539917,0.26232975721359253,0.0,0.0,0.0,0.26232975721359253,0.0,-0.6232374906539917,0.0,0.0,0.0,0.38030362129211426,-0.18548639118671417,-0.5274522304534912,0.0,0.0,0.0,0.0,-0.6232374906539917,0.26232975721359253,0.0,0.0,0.0,0.26232975721359253,0.0,-0.6232374906539917,-0.0,-0.0,-0.0,0.38030359148979187,0.18548646569252014,-0.5274522304534912,0.0,0.0,0.0,2.9802322387695312e-08,5.820766091346741e-11,0.6000000238418579,-4.470348358154297e-08,0.0559999942779541,0.6000000238418579,8.195638656616211e-08,-0.0559999942779541,0.6000000834465027,0.7606072425842285,7.450580596923828e-08,-1.0549044609069824,0.0,0.0,0.0,-1.1175870895385742e-08,1.0878384415491382e-08,2.0489096641540527e-08,26.479398727416992,26.479394912719727,44.98423385620117,44.984230041503906,0.1915258765220642,0.1915258765220642,0.5401012301445007,0.5401012301445007,0.26837289333343506,0.26837289333343506,0.004546067211776972,0.004546067211776972,-1.980057954788208,-1.980057954788208,1.3428773880004883,1.3428773880004883,0.3467501997947693,0.3467501997947693,0.0,0.0,-0.07563425600528717,-0.07563425600528717,0.26232975721359253,0.26232975721359253,0.5500251054763794,0.5500251054763794,-0.31903430819511414,-0.31903430819511414,-0.02398669347167015,-0.02398669347167015,-50.702972412109375,-50.702972412109375,-34.81670379638672,-34.81670379638672,-22.625465393066406,-22.625465393066406,17.353044509887695,17.353044509887695,0.0,0.0,180.0
161,0.6708333333333333,0.4167444531102592,6.360116766732898,-168.4726943148684,0.4167444531102592,6.360116766732898,-168.4726943148684,5.0,-5.0,0.0,0.0,12.0,0,0.5,0.0,0.0,3.2,3.2,3.2,6.360116004943848,6.360115051269531,6.360116958618164,6.360116958618164,0.4236419200897217,0.42459312081336975,-1.2498058080673218,-0.9311451315879822,0.08441796153783798,0.08441796153783798,0.0,0.0,nan,nan,1.8842790126800537,1.8842790126800537,3.7685580253601074,0.0,-0.2797703146934509,0.20742464065551758,0.0,0.0,0.0,0.20742464065551758,0.0,-0.2797703146934509,0.0,0.0,0.0,0.2579183876514435,-0.09069126844406128,-0.21575358510017395,0.0,0.0,0.0,0.0,-0.2797703146934509,0.20742464065551758,0.0,0.0,0.0,0.20742464065551758,0.0,-0.2797703146934509,-0.0,-0.0,-0.0,0.2579183876514435,0.09069131314754486,-0.21575358510017395,0.0,0.0,0.0,2.9802322387695312e-08,5.820766091346741e-11,0.6000000238418579,-5.21540641784668e-08,0.0559999942779541,0.6000000238418579,-8.940696716308594e-08,-0.055999964475631714,0.6000000238418579,0.515836775302887,4.470348358154297e-08,-0.4315071702003479,0.0,0.0,0.0,-6.51925802230835e-09,-4.3402216931553994e-08,-1.1175870895385742e-08,25.428874969482422,25.42887306213379,43.102203369140625,43.102203369140625,0.1915258765220642,0.1915258765220642,0.5944413542747498,0.5944413542747498,0.21403278410434723,0.21403278410434723,0.0,0.0,-1.7663062810897827,-1.7663062810897827,1.4865360260009766,1.4865360260009766,0.2823239266872406,0.2823239266872406,0.0,0.0,-0.07489929348230362,-0.07489929348230362,0.20742464065551758,0.20742464065551758,0.5500251054763794,0.5500251054763794,-0.30870485305786133,-0.30870485305786133,-0.00750750582665205,-0.00750750582665205,-45.8858757019043,-45.8858757019043,-32.057132720947266,-32.057132720947266,-19.85215187072754,-19.85215187072754,16.836793899536133,16.836793899536133,0.0,0.0,180.0
162,0.675,0.44175237062265454,5.636662209779128,-178.58236994719778,0.44175237062265454,5.636662209779128,-178.58236994719778,5.0,-5.0,0.0,0.0,12.0,0,0.5,0.0,0.0,3.2,3.2,3.2,5.636660099029541,5.636661052703857,5.636662006378174,5.636662006378174,0.4458081126213074,0.446740984916687,-1.8466615676879883,-1.5357905626296997,0.074815534055233,0.074815534055233,0.0,0.0,nan,nan,0.6426632404327393,0.6426632404327393,1.2853264808654785,0.0,0.0882977768778801,0.1473601758480072,0.0,0.0,0.0,0.1473601758480072,0.0,0.0882977768778801,0.0,0.0,0.0,0.1269274652004242,0.030702628195285797,0.11161670088768005,0.0,0.0,0.0,0.0,0.0882977768778801,0.1473601758480072,0.0,0.0,0.0,0.1473601758480072,0.0,0.0882977768778801,-0.0,-0.0,-0.0,0.1269274652004242,-0.030702654272317886,0.11161669343709946,0.0,0.0,0.0,2.9802322387695312e-08,5.820766091346741e-11,0.6000000238418579,-1.1175870895385742e-07,0.05600005388259888,0.6000000238418579,-2.2351741790771484e-08,-0.055999964475631714,0.6000000238418579,0.2538549304008484,-2.60770320892334e-08,0.2232334017753601,0.0,0.0,0.0,1.0244548320770264e-08,2.16218403181756e-08,-1.3969838619232178e-08,24.224254608154297,24.224254608154297,40.83285140991211,40.83285140991211,0.20615608990192413,0.20615608990192413,0.6562954783439636,0.6562954783439636,0.13754841685295105,0.13754841685295105,0.0,0.0,-1.531897783279419,-1.531897783279419,1.6201953887939453,1.6201953887939453,0.2215951830148697,0.2215951830148697,0.0,0.0,-0.07423502206802368,-0.07423502206802368,0.1473601758480072,0.1473601758480072,0.5500251054763794,0.5500251054763794,-0.2967948317527771,-0.2967948317527771,0.0099087068811059,0.0099087068811059,-40.73635482788086,-40.73635482788086,-29.102060317993164,-29.102060317993164,-16.884780883789062,-16.884780883789062,16.2866153717041,16.2866153717041,0.0,0.0,180.0
163,0.6791666666666667,0.4636617126537714,4.873670517359997,-187.43941856560298,0.4636617126537714,4.873670517359997,-187.43941856560298,5.0,-5.0,0.0,0.0,12.0,0,0.5,0.0,0.0,3.2,3.2,3.2,4.873669147491455,4.873669147491455,4.87367057800293,4.87367057800293,0.4648441672325134,0.46575209498405457,-2.4310598373413086,-2.13016676902771,0.06468833237886429,0.06468833237886429,0.0,0.0,nan,nan,-0.3780896067619324,-0.3780896067619324,-0.7561792135238647,0.0,0.4633260667324066,0.09316865354776382,0.0,0.0,0.0,0.09316865354776382,0.0,0.4633260667324066,0.0,0.0,0.0,0.0015685046091675758,0.17058458924293518,0.44073787331581116,0.0,0.0,0.0,0.0,0.4633260667324066,0.09316865354776382,0.0,0.0,0.0,0.09316865354776382,0.0,0.4633260667324066,-0.0,-0.0,-0.0,0.0015685235848650336,-0.17058470845222473,0.44073784351348877,0.0,0.0,0.0,2.9802322387695312e-08,5.820766091346741e-11,0.6000000238418579,-9.685754776000977e-08,0.05600005388259888,0.6000000238418579,-5.21540641784668e-08,-0.055999934673309326,0.6000000238418579,0.0031370283104479313,-1.1920928955078125e-07,0.8814756870269775,0.0,0.0,0.0,5.4016709327697754e-08,9.194508265863988e-08,-6.759364623576403e-09,22.856346130371094,22.856342315673828,38.1137809753418,38.1137809753418,0.22074872255325317,0.22074872255325317,0.726113498210907,0.726113498210907,0.05313779413700104,0.05313779413700104,0.0,0.0,-1.279310941696167,-1.279310941696167,1.7426371574401855,1.7426371574401855,0.16683363914489746,0.16683363914489746,0.0,0.0,-0.07366497814655304,-0.07366497814655304,0.09316865354776382,0.09316865354776382,0.5500251054763794,0.5500251054763794,-0.2833802103996277,-0.2833802103996277,0.02814730815589428,0.02814730815589428,-35.289794921875,-35.289794921875,-25.971742630004883,-25.971742630004883,-13.743685722351074,-13.743685722351074,15.706368446350098,15.706368446350098,0.0,0.0,180.0
164,0.6833333333333333,0.48231880091110335,4.076493527989006,-194.98171433780706,0.48231880091110335,4.076493527989006,-194.98171433780706,5.0,-5.0,0.0,0.0,12.0,0,0.5,0.0,0.0,3.2,3.2,3.2,4.0764923095703125,4.076493740081787,4.076493740081787,4.076493740081787,0.4806169867515564,0.4814937114715576,-2.998837471008301,-2.71004056930542,0.05410738289356232,0.05410738289356232,0.0,0.0,nan,nan,-1.1440224647521973,-1.1440224647521973,-2.2880449295043945,0.0,0.8421628475189209,0.046856749802827835,0.0,0.0,0.0,0.046856749802827835,0.0,0.8421628475189209,0.0,0.0,0.0,-0.11573216319084167,0.3246162235736847,0.7698469161987305,0.0,0.0,0.0,0.0,0.8421628475189209,0.046856749802827835,0.0,0.0,0.0,0.046856749802827835,0.0,0.8421628475189209,-0.0,-0.0,-0.0,-0.11573216319084167,-0.3246164321899414,0.7698467969894409,0.0,0.0,0.0,2.9802322387695312e-08,5.820766091346741e-11,0.6000000238418579,-1.341104507446289e-07,0.05600002408027649,0.6000000238418579,1.4901161193847656e-08,-0.05600002408027649,0.6000000834465027,-0.23146432638168335,-2.086162567138672e-07,1.5396937131881714,0.0,0.0,0.0,2.60770320892334e-08,1.3076117966193124e-07,-4.842877388000488e-08,21.31908416748047,21.31908416748047,34.881690979003906,34.881690979003906,0.23530198633670807,0.23530198633670807,0.7646980285644531,0.7646980285644531,0.0,0.0,0.0,0.0,-1.010549783706665,-1.010549783706665,1.852712631225586,1.852712631225586,0.12006686627864838,0.12006686627864838,0.0,0.0,-0.07321010529994965,-0.07321010529994965,0.046856749802827835,0.046856749802827835,0.5500251054763794,0.5500251054763794,-0.26854994893074036,-0.26854994893074036,0.04708539694547653,0.04708539694547653,-29.58440399169922,-29.58440399169922,-22.68806266784668,-22.68806266784668,-10.450830459594727,-10.450830459594727,15.10012435913086,15.10012435913086,0.0,0.0,180.0
165,0.6875,0.4975927693256243,3.2507228654757307,-201.15635347809987,0.4975927693256243,3.2507228654757307,-201.15635347809987,5.0,-5.0,0.0,0.0,12.0,0,0.5,0.0,0.0,3.2,3.2,3.2,3.250722646713257,3.2507224082946777,3.250722885131836,3.250722885131836,0.493015855550766,0.4938552677631378,-3.546020746231079,-3.2713561058044434,0.04314691200852394,0.04314691200852394,0.0,0.0,nan,nan,-1.63008713722229,-1.63008713722229,-3.26017427444458,0.0,1.2223224639892578,0.010183332487940788,0.0,0.0,0.0,0.010183332487940788,0.0,1.2223224639892578,0.0,0.0,0.0,-0.2230125367641449,0.4883224368095398,1.0981723070144653,0.0,0.0,0.0,0.0,1.2223224639892578,0.010183332487940788,0.0,0.0,0.0,0.010183332487940788,0.0,1.2223224639892578,-0.0,-0.0,-0.0,-0.2230125367641449,-0.4883226752281189,1.0981721878051758,0.0,0.0,0.0,2.9802322387695312e-08,5.820766091346741e-11,0.6000000238418579,7.450580596923828e-09,0.05600002408027649,0.6000000238418579,5.21540641784668e-08,-0.055999934673309326,0.6000000834465027,-0.4460250735282898,-2.384185791015625e-07,2.1963443756103516,0.0,0.0,0.0,1.341104507446289e-07,-1.329258125792876e-08,-2.7939677238464355e-09,19.611724853515625,19.611726760864258,31.081329345703125,31.081329345703125,0.26428744196891785,0.26428744196891785,0.7357125878334045,0.7357125878334045,0.0,0.0,0.0,0.0,-0.7270458936691284,-0.7270458936691284,1.9493682384490967,1.9493682384490967,0.08307168632745743,0.08307168632745743,0.0,0.0,-0.07288835942745209,-0.07288835942745209,0.010183332487940788,0.010183332487940788,0.5500251054763794,0.5500251054763794,-0.2524060606956482,-0.2524060606956482,0.06659229844808578,0.06659229844808578,-23.660898208618164,-23.660898208618164,-19.274402618408203,-19.274402618408203,-7.02965784072876,-7.02965784072876,14.472136497497559,14.472136497497559,0.0,0.0,180.0
166,0.6916666666666667,0.5093764819832374,2.402150717702299,-205.9200253293844,0.5093764819832374,2.402150717702299,-205.9200253293844,5.0,-5.0,0.0,0.0,12.0,0,0.5,0.0,0.0,3.2,3.2,3.2,2.4021506309509277,2.4021506309509277,2.4021506309509277,2.4021506309509277,0.5019533038139343,0.5027493834495544,-4.068864345550537,-3.8102686405181885,0.03188379481434822,0.03188379481434822,0.0,0.0,nan,nan,-1.819875955581665,-1.819875955581665,-3.63975191116333,0.0,1.6020572185516357,-0.015319506637752056,0.0,0.0,0.0,-0.015319506637752056,0.0,1.6020572185516357,0.0,0.0,0.0,-0.318745881319046,0.6572895050048828,1.4259010553359985,0.0,0.0,0.0,0.0,1.6020572185516357,-0.015319506637752056,0.0,0.0,0.0,-0.015319506637752056,0.0,1.6020572185516357,-0.0,-0.0,-0.0,-0.318745881319046,-0.6572899222373962,1.425900936126709,0.0,0.0,0.0,2.9802322387695312e-08,5.820766091346741e-11,0.6000000238418579,-7.450580596923828e-08,0.05600002408027649,0.6000000238418579,7.450580596923828e-09,-0.055999934673309326,0.6000000238418579,-0.637491762638092,-4.172325134277344e-07,2.851801872253418,0.0,0.0,0.0,1.341104507446289e-07,1.8060443096601375e-07,-2.60770320892334e-08,17.741853713989258,17.741853713989258,26.6810359954834,26.681020736694336,0.3217938542366028,0.3217938542366028,0.678206205368042,0.678206205368042,0.0,0.0,0.0,0.0,-0.42961424589157104,-0.42961424589157104,2.0316715240478516,2.0316715240478516,0.05739481747150421,0.05739481747150421,0.0,0.0,-0.07271432876586914,-0.07271432876586914,-0.015319506637752056,-0.015319506637752056,0.5500251054763794,0.5500251054763794,-0.23506256937980652,-0.23506256937980652,0.08653030544519424,0.08653030544519424,-17.562206268310547,-17.562206268310547,-15.755450248718262,-15.755450248718262,-3.504908800125122,-3.504908800125122,13.826807022094727,13.826807022094727,0.0,0.0,180.0
167,0.6958333333333333,0.5175872846062355,1.5367292085870956,-209.23931615631736,0.5175872846062355,1.5367292085870956,-209.23931615631736,5.0,-5.0,0.0,0.0,12.0,0,0.5,0.0,0.0,3.2,3.2,3.2,1.536728858947754,1.536728858947754,1.5367292165756226,1.5367292165756226,0.5073654651641846,0.5081128478050232,-4.563878059387207,-4.323179244995117,0.020397039130330086,0.020397039130330086,0.0,0.0,nan,nan,-1.7047626972198486,-1.7047626972198486,-3.4095253944396973,0.0,1.9803595542907715,-0.028304435312747955,0.0,0.0,0.0,-0.028304435312747955,0.0,1.9803595542907715,0.0,0.0,0.0,-0.40177613496780396,0.8272994160652161,1.7540743350982666,0.0,0.0,0.0,0.0,1.9803595542907715,-0.028304435312747955,0.0,0.0,0.0,-0.028304435312747955,0.0,1.9803595542907715,-0.0,-0.0,-0.0,-0.40177610516548157,-0.8272997140884399,1.754074215888977,0.0,0.0,0.0,2.9802322387695312e-08,5.820766091346741e-11,0.6000000238418579,-9.685754776000977e-08,0.056000083684921265,0.6000000238418579,-1.341104507446289e-07,-0.055999934673309326,0.6000000238418579,-0.8035522699356079,-2.980232238769531e-07,3.508148670196533,0.0,0.0,0.0,2.682209014892578e-07,5.096860036246653e-07,9.313225746154785e-08,15.729498863220215,15.729498863220215,21.69786262512207,21.69786262512207,0.43548205494880676,0.43548205494880676,0.5645179748535156,0.5645179748535156,0.0,0.0,0.0,0.0,-0.11847339570522308,-0.11847339570522308,2.0988330841064453,2.0988330841064453,0.044394686818122864,0.044394686818122864,0.0,0.0,-0.07269912958145142,-0.07269912958145142,-0.028304435312747955,-0.028304435312747955,0.5500251054763794,0.5500251054763794,-0.21664491295814514,-0.21664491295814514,0.1067558005452156,0.1067558005452156,-11.333057403564453,-11.333057403564453,-12.156973838806152,-12.156973838806152,0.09760631620883942,0.09760631620883942,13.168664932250977,13.168664932250977,0.0,0.0,180.0
168,0.7,0.5221675843136716,0.6605286482120849,-211.09094351865494,0.5221675843136716,0.6605286482120849,-211.09094351865494,5.0,-5.0,0.0,0.0,12.0,0,0.5,0.0,0.0,3.2,3.2,3.2,0.6605286598205566,0.6605285406112671,0.6605286598205566,0.6605286598205566,0.5092127919197083,0.5099062323570251,-5.027831077575684,-4.806737899780273,0.008767210878431797,0.008767210878431797,0.0,0.0,nan,nan,-1.2826855182647705,-1.2826855182647705,-2.565371036529541,0.0,2.356888771057129,-0.027560193091630936,0.0,0.0,0.0,-0.027560193091630936,0.0,2.356888771057129,0.0,0.0,0.0,-0.47123241424560547,0.994392991065979,2.0844199657440186,0.0,0.0,0.0,0.0,2.356888771057129,-0.027560193091630936,0.0,0.0,0.0,-0.027560193091630936,0.0,2.356888771057129,-0.0,-0.0,-0.0,-0.47123226523399353,-0.9943932890892029,2.0844199657440186,0.0,0.0,0.0,2.9802322387695312e-08,5.820766091346741e-11,0.6000000238418579,2.2351741790771484e-08,0.05600005388259888,0.6000000238418579,0.0,-0.055999964475631714,0.6000000238418579,-0.9424647092819214,-2.980232238769531e-07,4.168839931488037,0.0,0.0,0.0,1.862645149230957e-07,7.765069653942192e-08,7.264316082000732e-08,13.613553047180176,13.613551139831543,16.239486694335938,16.239486694335938,0.837850034236908,0.837850034236908,0.1621500849723816,0.1621500849723816,0.0,0.0,0.0,0.0,0.20666280388832092,0.20666280388832092,2.150225877761841,2.150225877761841,0.04528995603322983,0.04528995603322983,0.0,0.0,-0.07285015285015106,-0.07285015285015106,-0.027560193091630936,-0.027560193091630936,0.5500251054763794,0.5500251054763794,-0.19728884100914001,-0.19728884100914001,0.12712036073207855,0.12712036073207855,-5.019560813903809,-5.019560813903809,-8.505578994750977,-8.505578994750977,3.751253604888916,3.751253604888916,12.502325057983398,12.502325057983398,0.0,0.0,180.0
169,0.7041666666666666,0.5230852535940391,-0.22030504604097306,-211.46191958084287,0.5230852535940391,-0.22030504604097306,-211.46191958084287,5.0,-5.0,0.0,0.0,12.0,0,0.5,0.0,0.0,3.2,3.2,3.2,0.22030504047870636,0.22030498087406158,0.22030504047870636,0.22030504047870636,0.5074805617332458,0.508115291595459,-5.4577789306640625,-5.257864952087402,-0.0029241135343909264,-0.0029241135343909264,0.0,0.0,nan,nan,-0.5568866729736328,-0.5568866729736328,-1.1137733459472656,0.0,2.731822967529297,-0.011972621083259583,0.0,0.0,0.0,-0.011972621083259583,0.0,2.731822967529297,0.0,0.0,0.0,-0.5264405608177185,1.1548540592193604,2.419126510620117,0.0,0.0,0.0,0.0,2.731822967529297,-0.011972621083259583,0.0,0.0,0.0,-0.011972621083259583,0.0,2.731822967529297,-0.0,-0.0,-0.0,-0.5264403223991394,-1.154854416847229,2.419126272201538,0.0,0.0,0.0,2.9802322387695312e-08,5.820766091346741e-11,0.6000000238418579,-3.725290298461914e-08,0.05600002408027649,0.6000000238418579,-2.2351741790771484e-08,-0.055999934673309326,0.6000000238418579,-1.052880883216858,-3.5762786865234375e-07,4.838253021240234,0.0,0.0,0.0,2.384185791015625e-07,2.8838235266448464e-07,4.284083843231201e-08,11.466571807861328,11.466565132141113,12.14219856262207,12.14219856262207,1.0,1.0,0.0,0.0,0.0,0.0,0.0,0.0,0.5464234948158264,0.5464234948158264,2.1853995323181152,2.1853995323181152,0.061198294162750244,0.061198294162750244,0.0,0.0,-0.07317091524600983,-0.07317091524600983,-0.011972621083259583,-0.011972621083259583,0.5500251054763794,0.5500251054763794,-0.17713890969753265,-0.17713890969753265,0.1474723219871521,0.1474723219871521,1.3312814235687256,1.3312814235687256,-4.828432559967041,-4.828432559967041,7.428852081298828,7.428852081298828,11.8324613571167,11.8324613571167,0.0,0.0,180.0
170,0.7083333333333334,0.5203338556566806,-1.0995934586850293,-210.34964221235074,0.5203338556566806,-1.0995934586850293,-210.34964221235074,5.0,-5.0,0.0,0.0,12.0,0,0.5,0.0,0.0,3.2,3.2,3.2,1.099593162536621,1.0995930433273315,1.0995934009552002,1.0995934009552002,0.5021786689758301,0.5027503967285156,-5.851040840148926,-5.673740863800049,-0.014594926498830318,-0.014594926498830318,0.0,0.0,nan,nan,0.4650883376598358,0.4650883376598358,0.9301766753196716,0.0,3.1056549549102783,0.019488101825118065,0.0,0.0,0.0,0.019488101825118065,0.0,3.1056549549102783,0.0,0.0,0.0,-0.566853404045105,1.305139422416687,2.760572671890259,0.0,0.0,0.0,0.0,3.1056549549102783,0.019488101825118065,0.0,0.0,0.0,0.019488101825118065,0.0,3.1056549549102783,-0.0,-0.0,-0.0,-0.5668532252311707,-1.3051396608352661,2.7605724334716797,0.0,0.0,0.0,2.9802322387695312e-08,5.820766091346741e-11,0.6000000238418579,-4.470348358154297e-08,0.05600005388259888,0.6000000238418579,-8.195638656616211e-08,-0.055999964475631714,0.6000000238418579,-1.1337065696716309,-2.384185791015625e-07,5.521144866943359,0.0,0.0,0.0,2.5331974029541016e-07,5.14196699441527e-07,1.0803341865539551e-07,9.454729080200195,9.454727172851562,12.714000701904297,12.714000701904297,1.0,1.0,0.0,0.0,0.0,0.0,0.0,0.0,0.901565670967102,0.901565670967102,2.2040891647338867,2.2040891647338867,0.09314921498298645,0.09314921498298645,0.0,0.0,-0.07366111874580383,-0.07366111874580383,0.019488101825118065,0.019488101825118065,0.5500251054763794,0.5500251054763794,-0.15634702146053314,-0.15634702146053314,0.16765843331813812,0.16765843331813812,7.672070026397705,7.672070026397705,-1.1529743671417236,-1.1529743671417236,11.102956771850586,11.102956771850586,11.163772583007812,11.163772583007812,0.0,0.0,180.0
171,0.7125,0.5139326895812498,-1.9711690132732014,-207.7619132397484,0.5139326895812498,-1.9711690132732014,-207.7619132397484,5.0,-5.0,0.0,0.0,12.0,0,0.5,0.0,0.0,3.2,3.2,3.2,1.9711692333221436,1.9711686372756958,1.9711689949035645,1.9711689949035645,0.4933423697948456,0.49384698271751404,-6.205203533172607,-6.0518012046813965,-0.026163367554545403,-0.026163367554545403,0.0,0.0,nan,nan,1.7718980312347412,1.7718980312347412,3.5437960624694824,0.0,3.4789464473724365,0.06774330884218216,0.0,0.0,0.0,0.06774330884218216,0.0,3.4789464473724365,0.0,0.0,0.0,-0.5920105576515198,1.441777229309082,3.1110222339630127,0.0,0.0,0.0,0.0,3.4789464473724365,0.06774330884218216,0.0,0.0,0.0,0.06774330884218216,0.0,3.4789464473724365,-0.0,-0.0,-0.0,-0.5920103192329407,-1.4417777061462402,3.1110219955444336,0.0,0.0,0.0,2.9802322387695312e-08,5.820766091346741e-11,0.6000000238418579,-5.21540641784668e-08,0.05600002408027649,0.6000000238418579,7.450580596923828e-09,-0.055999964475631714,0.6000000238418579,-1.1840208768844604,-4.76837158203125e-07,6.222043991088867,0.0,0.0,0.0,1.9371509552001953e-07,3.245048958433472e-07,-3.725290298461914e-08,8.087492942810059,8.087493896484375,13.288700103759766,13.288700103759766,1.0,1.0,0.0,0.0,0.0,0.0,0.0,0.0,1.2727279663085938,1.2727279663085938,2.2062184810638428,2.2062184810638428,0.14205969870090485,0.14205969870090485,0.0,0.0,-0.07431638240814209,-0.07431638240814209,0.06774330884218216,0.06774330884218216,0.5500251054763794,0.5500251054763794,-0.13507066667079926,-0.13507066667079926,0.18752539157867432,0.18752539157867432,13.955520629882812,13.955520629882812,2.4933764934539795,2.4933764934539795,14.746158599853516,14.746158599853516,10.50094985961914,10.50094985961914,0.0,0.0,180.0
172,0.7166666666666667,0.5039266549485347,-2.8289182335162444,-203.7168837224979,0.5039266549485347,-2.8289182335162444,-203.7168837224979,5.0,-5.0,0.0,0.0,12.0,0,0.5,0.0,0.0,3.2,3.2,3.2,2.8289177417755127,2.82891845703125,2.82891845703125,2.82891845703125,0.48103147745132446,0.48146548867225647,-6.518115520477295,-6.389728546142578,-0.03754828870296478,-0.03754828870296478,0.0,0.0,nan,nan,3.348324775695801,3.348324775695801,6.696649551391602,0.0,3.852079153060913,0.13354140520095825,0.0,0.0,0.0,0.13354140520095825,0.0,3.852079153060913,0.0,0.0,0.0,-0.6015374660491943,1.5612568855285645,3.472315788269043,0.0,0.0,0.0,0.0,3.852079153060913,0.13354140520095825,0.0,0.0,0.0,0.13354140520095825,0.0,3.852079153060913,-0.0,-0.0,-0.0,-0.6015374064445496,-1.5612576007843018,3.472315549850464,0.0,0.0,0.0,2.9802322387695312e-08,5.820766091346741e-11,0.6000000238418579,-3.725290298461914e-08,0.05600005388259888,0.6000000238418579,-2.2351741790771484e-08,-0.055999964475631714,0.6000000238418579,-1.2030749320983887,-7.152557373046875e-07,6.944631576538086,0.0,0.0,0.0,3.2782554626464844e-07,4.139322982155136e-07,3.725290298461914e-08,7.9226975440979,7.922696590423584,13.863348007202148,13.863348007202148,1.0,1.0,0.0,0.0,0.0,0.0,0.0,0.0,1.660183310508728,1.660183310508728,2.1918957233428955,2.1918957233428955,0.2086697518825531,0.2086697518825531,0.0,0.0,-0.07512834668159485,-0.07512834668159485,0.13354140520095825,0.13354140520095825,0.5500251054763794,0.5500251054763794,-0.11347106844186783,-0.11347106844186783,0.20692189037799835,0.20692189037799835,20.134971618652344,20.134971618652344,6.083516597747803,6.083516597747803,18.331377029418945,18.331377029418945,9.848642349243164,9.848642349243164,0.0,0.0,180.0
173,0.7208333333333333,0.49038593690215787,-3.666824624926099,-198.24292663631323,0.49038593690215787,-3.666824624926099,-198.24292663631323,5.0,-5.0,0.0,0.0,12.0,0,0.5,0.0,0.0,3.2,3.2,3.2,3.666823625564575,3.6668245792388916,3.6668245792388916,3.6668245792388916,0.46533045172691345,0.46569108963012695,-6.787863731384277,-6.685445785522461,-0.04866983741521835,-0.04866983741521835,0.0,0.0,nan,nan,5.174678325653076,5.174678325653076,10.349356651306152,0.0,4.2250261306762695,0.21735914051532745,0.0,0.0,0.0,0.21735914051532745,0.0,4.2250261306762695,0.0,0.0,0.0,-0.5951840281486511,1.6599572896957397,3.845567464828491,0.0,0.0,0.0,0.0,4.2250261306762695,0.21735914051532745,0.0,0.0,0.0,0.21735914051532745,0.0,4.2250261306762695,-0.0,-0.0,-0.0,-0.5951841473579407,-1.6599583625793457,3.845566987991333,0.0,0.0,0.0,2.9802322387695312e-08,5.820766091346741e-11,0.6000000238418579,-7.450580596923828e-08,0.05600002408027649,0.6000000238418579,7.450580596923828e-08,-0.0559999942779541,0.6000000834465027,-1.1903681755065918,-1.0728836059570312e-06,7.691134452819824,0.0,0.0,0.0,2.384185791015625e-07,1.937379607852563e-07,-2.3469328880310059e-07,8.610852241516113,8.610852241516113,15.916553497314453,15.916553497314453,0.995453953742981,0.995453953742981,0.004546067211776972,0.004546067211776972,0.0,0.0,0.0,0.0,2.063619375228882,2.063619375228882,2.161406993865967,2.161406993865967,0.2934437096118927,0.2934437096118927,0.0,0.0,-0.07608456164598465,-0.07608456164598465,0.21735914051532745,0.21735914051532745,0.5500251054763794,0.5500251054763794,-0.09171133488416672,-0.09171133488416672,0.2257002294063568,0.2257002294063568,26.164875030517578,26.164875030517578,9.590948104858398,9.590948104858398,21.8321475982666,21.8321475982666,9.211423873901367,9.211423873901367,0.0,0.0,180.0
174,0.725,0.47340551385022167,-4.479010876201973,-191.37843785712096,0.47340551385022167,-4.479010876201973,-191.37843785712096,5.0,-5.0,0.0,0.0,12.0,0,0.5,0.0,0.0,3.2,3.2,3.2,4.479011535644531,4.479009628295898,4.479011535644531,4.479011535644531,0.44635695219039917,0.4466417729854584,-7.011359214782715,-6.9356608390808105,-0.05945000424981117,-0.05945000424981117,0.0,0.0,nan,nan,7.187305450439453,7.187305450439453,14.374610900878906,0.0,4.584090709686279,0.3105057179927826,0.0,0.0,0.0,0.3105057179927826,0.0,4.584090709686279,0.0,0.0,0.0,-0.5789554715156555,1.7291911840438843,4.217227458953857,0.0,0.0,0.0,0.0,4.584090709686279,0.3105057179927826,0.0,0.0,0.0,0.3105057179927826,0.0,4.584090709686279,-0.0,-0.0,-0.0,-0.5789550542831421,-1.7291918992996216,4.217227458953857,0.0,0.0,0.0,2.9802322387695312e-08,5.820766091346741e-11,0.6000000238418579,-4.470348358154297e-08,0.05600002408027649,0.6000000238418579,-1.341104507446289e-07,-0.055999964475631714,0.6000000238418579,-1.1579105854034424,-7.152557373046875e-07,8.434454917907715,0.0,0.0,0.0,2.5331974029541016e-07,1.0054653785118717e-06,2.123415470123291e-07,9.699289321899414,9.699292182922363,20.763591766357422,20.763591766357422,0.9079464077949524,0.9079464077949524,0.0920536071062088,0.0920536071062088,0.0,0.0,0.004546067211776972,0.004546067211776972,2.4819700717926025,2.4819700717926025,2.115201950073242,2.115201950073242,0.3964509963989258,0.3964509963989258,0.0,0.0,-0.07716859877109528,-0.07716859877109528,0.3105057179927826,0.3105057179927826,0.5500251054763794,0.5500251054763794,-0.06995449960231781,-0.06995449960231781,0.24371835589408875,0.24371835589408875,32.00127029418945,32.00127029418945,12.990056991577148,12.990056991577148,25.2229061126709,25.2229061126709,8.593766212463379,8.593766212463379,0.0,0.0,180.0
175,0.7291666666666666,0.4531044912600186,-5.259780084346165,-183.17156684157888,0.4531044912600186,-5.259780084346165,-183.17156684157888,5.0,-5.0,0.0,0.0,12.0,0,0.5,0.0,0.0,3.2,3.2,3.2,5.2597784996032715,5.259778022766113,5.259779930114746,5.259779930114746,0.4242704510688782,0.424477219581604,-7.182823657989502,-7.134311199188232,-0.06981316953897476,-0.06981316953897476,0.0,0.0,nan,nan,9.207113265991211,9.207113265991211,18.414226531982422,0.0,4.887799263000488,0.3825123906135559,0.0,0.0,0.0,0.3825123906135559,0.0,4.887799263000488,0.0,0.0,0.0,-0.5745894908905029,1.7514859437942505,4.543021202087402,0.0,0.0,0.0,0.0,4.887799263000488,0.3825123906135559,0.0,0.0,0.0,0.3825123906135559,0.0,4.887799263000488,-0.0,-0.0,-0.0,-0.5745893120765686,-1.7514867782592773,4.543021202087402,0.0,0.0,0.0,2.9802322387695312e-08,5.820766091346741e-11,0.6000000238418579,-7.450580596923828e-08,0.05600005388259888,0.6000000238418579,-1.1920928955078125e-07,-0.055999964475631714,0.6000000238418579,-1.1491787433624268,-8.344650268554688e-07,9.086042404174805,0.0,0.0,0.0,4.172325134277344e-07,1.1508369652801775e-06,1.3783574104309082e-07,10.934762954711914,10.93476390838623,25.070392608642578,25.070398330688477,0.7828142046928406,0.7828142046928406,0.2171858847141266,0.2171858847141266,0.0,0.0,0.029628142714500427,0.029628142714500427,2.9133074283599854,2.9133074283599854,2.0538744926452637,2.0538744926452637,0.5172436237335205,0.5172436237335205,0.0,0.0,-0.0783601626753807,-0.0783601626753807,0.3825123906135559,0.3825123906135559,0.5500251054763794,0.5500251054763794,-0.04836186766624451,-0.04836186766624451,0.2608411908149719,0.2608411908149719,37.60215759277344,37.60215759277344,16.25632095336914,16.25632095336914,28.479185104370117,28.479185104370117,8.000000953674316,8.000000953674316,0.0,0.0,180.0
176,0.7333333333333333,0.42962526621875424,-6.003655714345444,-173.67987889323229,0.42962526621875424,-6.003655714345444,-173.67987889323229,5.0,-5.0,0.0,0.0,12.0,0,0.5,0.0,0.0,3.2,3.2,3.2,6.0036540031433105,6.0036540031433105,6.003655910491943,6.003655910491943,0.3992544710636139,0.39938151836395264,-7.296445369720459,-7.2753119468688965,-0.07968664914369583,-0.07968664914369583,0.0,0.0,nan,nan,11.010102272033691,11.010102272033691,22.020204544067383,0.0,5.091468334197998,0.4009166359901428,0.0,0.0,0.0,0.4009166359901428,0.0,5.091468334197998,0.0,0.0,0.0,-0.6047536730766296,1.7123684883117676,4.7734527587890625,0.0,0.0,0.0,0.0,5.091468334197998,0.4009166359901428,0.0,0.0,0.0,0.4009166359901428,0.0,5.091468334197998,-0.0,-0.0,-0.0,-0.6047536134719849,-1.712369680404663,4.773452281951904,0.0,0.0,0.0,2.9802322387695312e-08,5.820766091346741e-11,0.6000000238418579,-1.1920928955078125e-07,0.05600002408027649,0.6000000238418579,-9.685754776000977e-08,-0.05599990487098694,0.6000000238418579,-1.2095072269439697,-1.1920928955078125e-06,9.546905517578125,0.0,0.0,0.0,5.960464477539062e-07,1.3159046829969157e-06,3.725290298461914e-08,12.183587074279785,12.183587074279785,28.79570960998535,28.79570960998535,0.7021473050117493,0.7021473050117493,0.2978527545928955,0.2978527545928955,0.0,0.0,0.0920536071062088,0.0920536071062088,3.3548061847686768,3.3548061847686768,1.978142261505127,1.978142261505127,0.654750406742096,0.654750406742096,0.0,0.0,-0.07963529229164124,-0.07963529229164124,0.4009166359901428,0.4009166359901428,0.5500251054763794,0.5500251054763794,-0.027091151103377342,-0.027091151103377342,0.27694228291511536,0.27694228291511536,42.92790222167969,42.92790222167969,19.3665714263916,19.3665714263916,31.57788848876953,31.57788848876953,7.434292316436768,7.434292316436768,0.0,0.0,180.0
177,0.7375,0.40313252862029264,-6.705420013129285,-162.96995138327026,0.40313252862029264,-6.705420013129285,-162.96995138327026,5.0,-5.0,0.0,0.0,12.0,0,0.5,0.0,0.0,3.2,3.2,3.2,6.705418109893799,6.705418586730957,6.705420017242432,6.705420017242432,0.3714636266231537,0.37150973081588745,-7.354782581329346,-7.361095428466797,-0.08900117874145508,-0.08900117874145508,0.0,0.0,nan,nan,12.644268035888672,12.644268035888672,25.288536071777344,0.0,5.224552154541016,0.3771008253097534,0.0,0.0,0.0,0.3771008253097534,0.0,5.224552154541016,0.0,0.0,0.0,-0.6634249687194824,1.6261781454086304,4.934932708740234,0.0,0.0,0.0,0.0,5.224552154541016,0.3771008253097534,0.0,0.0,0.0,0.3771008253097534,0.0,5.224552154541016,-0.0,-0.0,-0.0,-0.6634250283241272,-1.6261789798736572,4.934932231903076,0.0,0.0,0.0,2.9802322387695312e-08,5.820766091346741e-11,0.6000000238418579,-1.341104507446289e-07,0.0559999942779541,0.5999999642372131,-2.2351741790771484e-08,-0.055999964475631714,0.6000000238418579,-1.3268499374389648,-8.344650268554688e-07,9.869865417480469,0.0,0.0,0.0,2.682209014892578e-07,1.105818455471308e-06,-1.6391277313232422e-07,13.374344825744629,13.374345779418945,31.962621688842773,31.962621688842773,0.6316575407981873,0.6316575407981873,0.3683425188064575,0.3683425188064575,0.0,0.0,0.17482061684131622,0.17482061684131622,3.802764892578125,3.802764892578125,1.8888245820999146,1.8888245820999146,0.807201623916626,0.807201623916626,0.0,0.0,-0.0809667780995369,-0.0809667780995369,0.3771008253097534,0.3771008253097534,0.5500251054763794,0.5500251054763794,-0.006295147351920605,-0.006295147351920605,0.2919051945209503,0.2919051945209503,47.9415168762207,47.9415168762207,22.299137115478516,22.299137115478516,34.49742126464844,34.49742126464844,6.900608539581299,6.900608539581299,0.0,0.0,180.0
178,0.7416666666666667,0.37381210598388304,-7.360150608358627,-151.11690675810357,0.37381210598388304,-7.360150608358627,-151.11690675810357,5.0,-5.0,0.0,0.0,12.0,0,0.5,0.0,0.0,3.2,3.2,3.2,7.3601484298706055,7.360150337219238,7.3601508140563965,7.3601508140563965,0.3410504460334778,0.341015487909317,-7.364224910736084,-7.397993564605713,-0.09769143164157867,-0.09769143164157867,0.0,0.0,nan,nan,14.300511360168457,14.300511360168457,28.601022720336914,0.0,5.348702430725098,0.33862167596817017,0.0,0.0,0.0,0.33862167596817017,0.0,5.348702430725098,0.0,0.0,0.0,-0.7352867722511292,1.5150879621505737,5.0879411697387695,0.0,0.0,0.0,0.0,5.348702430725098,0.33862167596817017,0.0,0.0,0.0,0.33862167596817017,0.0,5.348702430725098,-0.0,-0.0,-0.0,-0.7352867126464844,-1.5150889158248901,5.087940692901611,0.0,0.0,0.0,2.9802322387695312e-08,5.820766091346741e-11,0.6000000238418579,-2.9802322387695312e-08,0.05600005388259888,0.6000000238418579,2.9802322387695312e-08,-0.0559999942779541,0.6000000834465027,-1.4705734252929688,-9.5367431640625e-07,10.175882339477539,0.0,0.0,0.0,4.172325134277344e-07,2.594384227450064e-07,-4.0978193283081055e-08,14.469561576843262,14.469564437866211,34.62179183959961,34.62179183959961,0.5893751382827759,0.5893751382827759,0.4106249213218689,0.4106249213218689,0.0,0.0,0.2546203136444092,0.2546203136444092,4.252692699432373,4.252692699432373,1.7868167161941528,1.7868167161941528,0.9720991849899292,0.9720991849899292,0.0,0.0,-0.08232466876506805,-0.08232466876506805,0.33862167596817017,0.33862167596817017,0.5500251054763794,0.5500251054763794,0.0138796865940094,0.0138796865940094,0.3056243062019348,0.3056243062019348,52.6088752746582,52.6088752746582,25.03400230407715,25.03400230407715,37.217864990234375,37.217864990234375,6.402693748474121,6.402693748474121,0.0,0.0,180.0
179,0.7458333333333333,0.3418696600076234,-7.963255035331262,-138.20388560937627,0.3418696600076234,-7.963255035331262,-138.20388560937627,5.0,-5.0,0.0,0.0,12.0,0,0.5,0.0,0.0,3.2,3.2,3.2,7.963254451751709,7.963253974914551,7.963254928588867,7.963254928588867,0.30816760659217834,0.3080523610115051,-7.334432125091553,-7.395669937133789,-0.10569644719362259,-0.10569644719362259,0.0,0.0,nan,nan,16.252084732055664,16.252084732055664,32.50416946411133,0.0,5.552639961242676,0.3359174132347107,0.0,0.0,0.0,0.3359174132347107,0.0,5.552639961242676,0.0,0.0,0.0,-0.7884750366210938,1.4019843339920044,5.32516622543335,0.0,0.0,0.0,0.0,5.552639961242676,0.3359174132347107,0.0,0.0,0.0,0.3359174132347107,0.0,5.552639961242676,-0.0,-0.0,-0.0,-0.7884750366210938,-1.4019852876663208,5.32516622543335,0.0,0.0,0.0,2.9802322387695312e-08,5.820766091346741e-11,0.6000000238418579,-3.725290298461914e-08,0.05600002408027649,0.6000000238418579,-4.470348358154297e-08,-0.055999934673309326,0.6000000238418579,-1.5769500732421875,-9.5367431640625e-07,10.6503324508667,0.0,0.0,0.0,4.76837158203125e-07,7.538360478065442e-07,8.195638656616211e-08,15.45125675201416,15.45125675201416,36.83287811279297,36.83287811279297,0.532188355922699,0.532188355922699,0.45561593770980835,0.45561593770980835,0.012195754796266556,0.012195754796266556,0.296124666929245,0.296124666929245,4.699432373046875,4.699432373046875,1.6730680465698242,1.6730680465698242,1.146235466003418,1.146235466003418,0.0,0.0,-0.08367697894573212,-0.08367697894573212,0.3359174132347107,0.3359174132347107,0.5500251054763794,0.5500251054763794,0.03329422324895859,0.03329422324895859,0.31800583004951477,0.31800583004951477,56.898929595947266,56.898929595947266,27.55290412902832,27.55290412902832,39.7210578918457,39.7210578918457,5.944040298461914,5.944040298461914,0.0,0.0,180.0
180,0.75,0.30752924399942216,-8.510502949821898,-124.32146350245397,0.30752924399942216,-8.510502949821898,-124.32146350245397,5.0,-5.0,0.0,0.0,12.0,0,0.5,0.0,0.0,3.2,3.2,3.2,8.510502815246582,8.510501861572266,8.510502815246582,8.510503768920898,0.27311211824417114,0.2729175388813019,-7.254956245422363,-7.343265533447266,-0.112960085272789,-0.112960085272789,0.0,0.0,nan,nan,18.14739990234375,18.14739990234375,36.2947998046875,0.0,5.7365264892578125,0.32125532627105713,0.0,0.0,0.0,0.32125532627105713,0.0,5.7365264892578125,0.0,0.0,0.0,-0.8494693636894226,1.2569851875305176,5.541599750518799,0.0,0.0,0.0,0.0,5.7365264892578125,0.32125532627105713,0.0,0.0,0.0,0.32125532627105713,0.0,5.7365264892578125,-0.0,-0.0,-0.0,-0.8494691252708435,-1.256986141204834,5.541599750518799,0.0,0.0,0.0,2.9802322387695312e-08,5.820766091346741e-11,0.6000000238418579,-7.450580596923828e-09,0.05600005388259888,0.6000000238418579,5.21540641784668e-08,-0.0559999942779541,0.6000000238418579,-1.6989384889602661,-9.5367431640625e-07,11.083199501037598,0.0,0.0,0.0,3.2782554626464844e-07,8.257626404883922e-08,-1.4901161193847656e-08,16.312816619873047,16.312816619873047,38.654823303222656,38.65483093261719,0.5038655400276184,0.5038655400276184,0.46650639176368713,0.46650639176368713,0.029628142714500427,0.029628142714500427,0.3381875455379486,0.3381875455379486,5.137321472167969,5.137321472167969,1.5485601425170898,1.5485601425170898,1.3257648944854736,1.3257648944854736,0.0,0.0,-0.08499044924974442,-0.08499044924974442,0.32125532627105713,0.32125532627105713,0.5500251054763794,0.5500251054763794,0.05181751400232315,0.05181751400232315,0.3289681375026703,0.3289681375026703,60.78380584716797,60.78380584716797,29.83942413330078,29.83942413330078,41.990684509277344,41.990684509277344,5.527864456176758,5.527864456176758,0.0,0.0,180.0
181,0.7541666666666667,0.2710317313040219,-8.998055800907464,-109.56701565391025,0.2710317313040219,-8.998055800907464,-109.56701565391025,5.0,-5.0,0.0,0.0,12.0,0,0.5,0.0,0.0,3.2,3.2,3.2,8.998055458068848,8.998052597045898,8.998054504394531,8.998054504394531,0.23610863089561462,0.23583625257015228,-7.1297831535339355,-7.244651794433594,-0.11943138390779495,-0.11943138390779495,0.0,0.0,nan,nan,20.050453186035156,20.050453186035156,40.10090637207031,0.0,5.930610179901123,0.31744155287742615,0.0,0.0,0.0,0.31744155287742615,0.0,5.930610179901123,0.0,0.0,0.0,-0.901628851890564,1.087500810623169,5.768649101257324,0.0,0.0,0.0,0.0,5.930610179901123,0.31744155287742615,0.0,0.0,0.0,0.31744155287742615,0.0,5.930610179901123,-0.0,-0.0,-0.0,-0.9016287922859192,-1.0875020027160645,5.768649101257324,0.0,0.0,0.0,2.9802322387695312e-08,5.820766091346741e-11,0.6000000238418579,-1.4901161193847656e-08,0.05600002408027649,0.6000000238418579,-3.725290298461914e-08,-0.055999934673309326,0.6000000834465027,-1.803257703781128,-1.1920928955078125e-06,11.537298202514648,0.0,0.0,0.0,5.662441253662109e-07,5.909554943173134e-07,1.0803341865539551e-07,17.054298400878906,17.054298400878906,40.14113998413086,40.14113998413086,0.4897056221961975,0.4897056221961975,0.45715662837028503,0.45715662837028503,0.05313779413700104,0.05313779413700104,0.366405189037323,0.366405189037323,5.560380935668945,5.560380935668945,1.414288878440857,1.414288878440857,1.506323218345642,1.506323218345642,0.0,0.0,-0.08623160421848297,-0.08623160421848297,0.31744155287742615,0.31744155287742615,0.5500251054763794,0.5500251054763794,0.06932736933231354,0.06932736933231354,0.3384420573711395,0.3384420573711395,64.23880767822266,64.23880767822266,31.878976821899414,31.878976821899414,44.01228332519531,44.01228332519531,5.157086372375488,5.157086372375488,0.0,0.0,180.0
182,0.7583333333333333,0.23263312574955422,-9.422493755643838,-94.04403391434647,0.23263312574955422,-9.422493755643838,-94.04403391434647,5.0,-5.0,0.0,0.0,12.0,0,0.5,0.0,0.0,3.2,3.2,3.2,9.422491073608398,9.422492980957031,9.422493934631348,9.422493934631348,0.19744154810905457,0.1970934271812439,-6.955789566040039,-7.096426486968994,-0.12506495416164398,-0.12506495416164398,0.0,0.0,nan,nan,21.795703887939453,21.795703887939453,43.591407775878906,0.0,6.096504211425781,0.3062756657600403,0.0,0.0,0.0,0.3062756657600403,0.0,6.096504211425781,0.0,0.0,0.0,-0.9544613361358643,0.8870238065719604,5.963502407073975,0.0,0.0,0.0,0.0,6.096504211425781,0.3062756657600403,0.0,0.0,0.0,0.3062756657600403,0.0,6.096504211425781,-0.0,-0.0,-0.0,-0.9544614553451538,-0.8870252966880798,5.963501930236816,0.0,0.0,0.0,2.9802322387695312e-08,5.820766091346741e-11,0.6000000238418579,-5.960464477539063e-08,0.05600002408027649,0.6000000238418579,2.9802322387695312e-08,-0.055999964475631714,0.6000000834465027,-1.908922791481018,-1.4901161193847656e-06,11.927003860473633,0.0,0.0,0.0,4.172325134277344e-07,4.7628830657231447e-07,-2.60770320892334e-08,17.679561614990234,17.6795597076416,41.337974548339844,41.33796691894531,0.47554877400398254,0.47554877400398254,0.44282615184783936,0.44282615184783936,0.08162510395050049,0.08162510395050049,0.3946942090988159,0.3946942090988159,5.962506294250488,5.962506294250488,1.2712492942810059,1.2712492942810059,1.6831891536712646,1.6831891536712646,0.0,0.0,-0.08736775070428848,-0.08736775070428848,0.3062756657600403,0.3062756657600403,0.5500251054763794,0.5500251054763794,0.0857107862830162,0.0857107862830162,0.3463709354400635,0.3463709354400635,67.24253845214844,67.24253845214844,33.65888214111328,33.65888214111328,45.7733039855957,45.7733039855957,4.834306240081787,4.834306240081787,0.0,0.0,180.0
183,0.7625,0.1926027659646245,-9.780839686736787,-77.86140084741905,0.1926027659646245,-9.780839686736787,-77.86140084741905,5.0,-5.0,0.0,0.0,12.0,0,0.5,0.0,0.0,3.2,3.2,3.2,9.780838966369629,9.780838966369629,9.780840873718262,9.780840873718262,0.1573616862297058,0.15694047510623932,-6.7374701499938965,-6.902985572814941,-0.1298212856054306,-0.1298212856054306,0.0,0.0,nan,nan,23.434749603271484,23.434749603271484,46.86949920654297,0.0,6.263230323791504,0.3109843134880066,0.0,0.0,0.0,0.3109843134880066,0.0,6.263230323791504,0.0,0.0,0.0,-0.9907011985778809,0.6625684499740601,6.156644821166992,0.0,0.0,0.0,0.0,6.263230323791504,0.3109843134880066,0.0,0.0,0.0,0.3109843134880066,0.0,6.263230323791504,-0.0,-0.0,-0.0,-0.9907010793685913,-0.6625697612762451,6.156644821166992,0.0,0.0,0.0,2.9802322387695312e-08,5.820766091346741e-11,0.6000000238418579,-5.960464477539063e-08,0.05600005388259888,0.6000000238418579,-2.9802322387695312e-08,-0.055999934673309326,0.6000000238418579,-1.9814022779464722,-1.3113021850585938e-06,12.313289642333984,0.0,0.0,0.0,7.152557373046875e-07,9.174115689347673e-07,1.0803341865539551e-07,18.19452476501465,18.19452667236328,42.283695220947266,42.283695220947266,0.44665592908859253,0.44665592908859253,0.4504525065422058,0.4504525065422058,0.10289160162210464,0.10289160162210464,0.4088520109653473,0.4088520109653473,6.337667465209961,6.337667465209961,1.1204257011413574,1.1204257011413574,1.8514717817306519,1.8514717817306519,0.0,0.0,-0.08836811780929565,-0.08836811780929565,0.3109843134880066,0.3109843134880066,0.5500251054763794,0.5500251054763794,0.10086392611265182,0.10086392611265182,0.3527103066444397,0.3527103066444397,69.77674102783203,69.77674102783203,35.168296813964844,35.168296813964844,47.263031005859375,47.263031005859375,4.561788558959961,4.561788558959961,0.0,0.0,180.0
184,0.7666666666666666,0.15122143616134848,-10.070580054950904,-61.13262599688595,0.15122143616134848,-10.070580054950904,-61.13262599688595,5.0,-5.0,0.0,0.0,12.0,0,0.5,0.0,0.0,3.2,3.2,3.2,10.070581436157227,10.070579528808594,10.07058048248291,10.07058048248291,0.11617493629455566,0.11568352580070496,-6.472394943237305,-6.661638259887695,-0.1336670219898224,-0.1336670219898224,0.0,0.0,nan,nan,24.802902221679688,24.802902221679688,49.605804443359375,0.0,6.392971992492676,0.31104379892349243,0.0,0.0,0.0,0.31104379892349243,0.0,6.392971992492676,0.0,0.0,0.0,-1.0221521854400635,0.4127238392829895,6.304894924163818,0.0,0.0,0.0,0.0,6.392971992492676,0.31104379892349243,0.0,0.0,0.0,0.31104379892349243,0.0,6.392971992492676,-0.0,-0.0,-0.0,-1.0221519470214844,-0.412725031375885,6.304894924163818,0.0,0.0,0.0,2.9802322387695312e-08,5.820766091346741e-11,0.6000000238418579,0.0,0.05600002408027649,0.6000000238418579,-4.470348358154297e-08,-0.055999934673309326,0.6000000238418579,-2.044304132461548,-1.1920928955078125e-06,12.609789848327637,0.0,0.0,0.0,5.662441253662109e-07,6.576518103429407e-07,1.2293457984924316e-07,18.606306076049805,18.606307983398438,43.00917053222656,43.00917053222656,0.43250685930252075,0.43250685930252075,0.45338597893714905,0.45338597893714905,0.11410718411207199,0.11410718411207199,0.42301318049430847,0.42301318049430847,6.68010950088501,6.68010950088501,0.9627858996391296,0.9627858996391296,2.0063235759735107,2.0063235759735107,0.0,0.0,-0.08920497447252274,-0.08920497447252274,0.31104379892349243,0.31104379892349243,0.5500251054763794,0.5500251054763794,0.11469244211912155,0.11469244211912155,0.35742756724357605,0.35742756724357605,71.82636260986328,71.82636260986328,36.39822006225586,36.39822006225586,48.47260284423828,48.47260284423828,4.34144401550293,4.34144401550293,0.0,0.0,180.0
185,0.7708333333333334,0.10877939663585169,-10.289682539781332,-43.975049698715516,0.10877939663585169,-10.289682539781332,-43.975049698715516,5.0,-5.0,0.0,0.0,12.0,0,0.5,0.0,0.0,3.2,3.2,3.2,10.289682388305664,10.289680480957031,10.289682388305664,10.289682388305664,0.07414934784173965,0.0735914409160614,-6.165760040283203,-6.377477169036865,-0.13657516241073608,-0.13657516241073608,0.0,0.0,nan,nan,25.95825958251953,25.95825958251953,51.91651916503906,0.0,6.515475273132324,0.3310202956199646,0.0,0.0,0.0,0.3310202956199646,0.0,6.515475273132324,0.0,0.0,0.0,-1.0305219888687134,0.14438533782958984,6.440354824066162,0.0,0.0,0.0,0.0,6.515475273132324,0.3310202956199646,0.0,0.0,0.0,0.3310202956199646,0.0,6.515475273132324,-0.0,-0.0,-0.0,-1.0305218696594238,-0.14438670873641968,6.440354824066162,0.0,0.0,0.0,2.9802322387695312e-08,5.820766091346741e-11,0.6000000238418579,-8.195638656616211e-08,0.05600002408027649,0.6000000238418579,1.4901161193847656e-08,-0.055999934673309326,0.6000000238418579,-2.0610437393188477,-1.3709068298339844e-06,12.880709648132324,0.0,0.0,0.0,5.662441253662109e-07,8.15734495063225e-07,8.940696716308594e-08,18.923763275146484,18.923763275146484,43.53828048706055,43.53828048706055,0.4183611571788788,0.4183611571788788,0.45596975088119507,0.45596975088119507,0.12566909193992615,0.12566909193992615,0.42301318049430847,0.42301318049430847,6.9845290184021,6.9845290184021,0.79928058385849,0.79928058385849,2.14315128326416,2.14315128326416,0.0,0.0,-0.08985468745231628,-0.08985468745231628,0.3310202956199646,0.3310202956199646,0.5500251054763794,0.5500251054763794,0.12711112201213837,0.12711112201213837,0.3605014681816101,0.3605014681816101,73.3794174194336,73.3794174194336,37.34144973754883,37.34144973754883,49.394954681396484,49.394954681396484,4.1748199462890625,4.1748199462890625,0.0,0.0,180.0
186,0.775,0.06557434780084392,-10.43661029472189,-26.50902002293856,0.06557434780084392,-10.43661029472189,-26.50902002293856,5.0,-5.0,0.0,0.0,12.0,0,0.5,0.0,0.0,3.2,3.2,3.2,10.436609268188477,10.436607360839844,10.436609268188477,10.436610221862793,0.03162653371691704,0.031005842611193657,-5.812209606170654,-6.044843673706055,-0.1385253518819809,-0.1385253518819809,0.0,0.0,nan,nan,26.64267921447754,26.64267921447754,53.28535842895508,0.0,6.5606560707092285,0.3228163719177246,0.0,0.0,0.0,0.3228163719177246,0.0,6.5606560707092285,0.0,0.0,0.0,-1.0479708909988403,-0.13804365694522858,6.482986927032471,0.0,0.0,0.0,0.0,6.5606560707092285,0.3228163719177246,0.0,0.0,0.0,0.3228163719177246,0.0,6.5606560707092285,-0.0,-0.0,-0.0,-1.0479707717895508,0.13804227113723755,6.482986927032471,0.0,0.0,0.0,2.9802322387695312e-08,5.820766091346741e-11,0.6000000238418579,0.0,0.05600002408027649,0.6000000238418579,-1.341104507446289e-07,-0.055999934673309326,0.6000000238418579,-2.0959415435791016,-1.385807991027832e-06,12.965973854064941,0.0,0.0,0.0,5.662441253662109e-07,1.255852453141415e-06,8.195638656616211e-08,19.159120559692383,19.159122467041016,43.888465881347656,43.88846969604492,0.4183611571788788,0.4183611571788788,0.44409045577049255,0.44409045577049255,0.13754841685295105,0.13754841685295105,0.43717479705810547,0.43717479705810547,7.246242523193359,7.246242523193359,0.6308459043502808,0.6308459043502808,2.257823944091797,2.257823944091797,0.0,0.0,-0.090298593044281,-0.090298593044281,0.3228163719177246,0.3228163719177246,0.5500251054763794,0.5500251054763794,0.13804394006729126,0.13804394006729126,0.3619214594364166,0.3619214594364166,74.4269790649414,74.4269790649414,37.992549896240234,37.992549896240234,50.02479934692383,50.02479934692383,4.063082218170166,4.063082218170166,0.0,0.0,180.0
187,0.7791666666666667,0.021909342031117135,-10.510332727139126,-8.857048618405303,0.021909342031117135,-10.510332727139126,-8.857048618405303,5.0,-5.0,0.0,0.0,12.0,0,0.5,0.0,0.0,3.2,3.2,3.2,10.510330200195312,10.510333061218262,10.510333061218262,10.510333061218262,-0.011139171198010445,-0.011818110942840576,-5.421266555786133,-5.673248291015625,-0.1395038664340973,-0.1395038664340973,0.0,0.0,nan,nan,27.04131317138672,27.04131317138672,54.08262634277344,0.0,6.59307861328125,0.33616775274276733,0.0,0.0,0.0,0.33616775274276733,0.0,6.59307861328125,0.0,0.0,0.0,-1.039085030555725,-0.4263283312320709,6.505400657653809,0.0,0.0,0.0,0.0,6.59307861328125,0.33616775274276733,0.0,0.0,0.0,0.33616775274276733,0.0,6.59307861328125,-0.0,-0.0,-0.0,-1.0390855073928833,0.42632684111595154,6.505400657653809,0.0,0.0,0.0,2.9802322387695312e-08,5.820766091346741e-11,0.6000000238418579,-8.940696716308594e-08,0.05600002408027649,0.6000000238418579,1.1175870895385742e-07,-0.055999964475631714,0.6000000238418579,-2.0781705379486084,-1.4901161193847656e-06,13.010801315307617,0.0,0.0,0.0,3.8743019104003906e-07,2.423450382593728e-07,1.2293457984924316e-07,19.315876007080078,19.315874099731445,44.071250915527344,44.071250915527344,0.4183611571788788,0.4183611571788788,0.44409045577049255,0.44409045577049255,0.13754841685295105,0.13754841685295105,0.43717479705810547,0.43717479705810547,7.461321830749512,7.461321830749512,0.4584101438522339,0.4584101438522339,2.346858024597168,2.346858024597168,0.0,0.0,-0.09052383154630661,-0.09052383154630661,0.33616775274276733,0.33616775274276733,0.5500251054763794,0.5500251054763794,0.14742381870746613,0.14742381870746613,0.3616873323917389,0.3616873323917389,74.96306610107422,74.96306610107422,38.347808837890625,38.347808837890625,50.35858154296875,50.35858154296875,4.007017612457275,4.007017612457275,0.0,0.0,180.0
188,0.7833333333333333,-0.02190934203111649,-10.510332727139126,8.857048618405043,-0.02190934203111649,-10.510332727139126,8.857048618405043,5.0,-5.0,0.0,0.0,12.0,0,0.5,0.0,0.0,3.2,3.2,3.2,10.510331153869629,10.510333061218262,10.510333061218262,10.510333061218262,-0.053846850991249084,-0.05457914248108864,-4.995519638061523,-5.265151023864746,-0.1395038664340973,-0.1395038664340973,0.0,0.0,nan,nan,27.134788513183594,27.134788513183594,54.26957702636719,0.0,6.611141204833984,0.37391239404678345,0.0,0.0,0.0,0.37391239404678345,0.0,6.611141204833984,0.0,0.0,0.0,-1.00070321559906,-0.7160748243331909,6.506368160247803,0.0,0.0,0.0,0.0,6.611141204833984,0.37391239404678345,0.0,0.0,0.0,0.37391239404678345,0.0,6.611141204833984,-0.0,-0.0,-0.0,-1.0007034540176392,0.7160735726356506,6.506368160247803,0.0,0.0,0.0,2.9802322387695312e-08,5.820766091346741e-11,0.6000000238418579,-4.470348358154297e-08,0.05600002408027649,0.6000000238418579,5.960464477539063e-08,-0.055999964475631714,0.6000000238418579,-2.001406669616699,-1.2516975402832031e-06,13.012736320495605,0.0,0.0,0.0,3.8743019104003906e-07,2.908573151216842e-07,1.1920928955078125e-07,19.38606071472168,19.38606071472168,44.092491149902344,44.092491149902344,0.4183611571788788,0.4183611571788788,0.44409045577049255,0.44409045577049255,0.13754841685295105,0.13754841685295105,0.42301318049430847,0.42301318049430847,7.626713752746582,7.626713752746582,0.282903254032135,0.282903254032135,2.40757417678833,2.40757417678833,0.0,0.0,-0.09052383154630661,-0.09052383154630661,0.37391239404678345,0.37391239404678345,0.5500251054763794,0.5500251054763794,0.15519241988658905,0.15519241988658905,0.3598079979419708,0.3598079979419708,74.984619140625,74.984619140625,38.405189514160156,38.405189514160156,50.39441680908203,50.39441680908203,4.007017612457275,4.007017612457275,0.0,0.0,180.0
189,0.7875,-0.06557434780084329,-10.436610294721891,26.509020022938305,-0.06557434780084329,-10.436610294721891,26.509020022938305,5.0,-5.0,0.0,0.0,12.0,0,0.5,0.0,0.0,3.2,3.2,3.2,10.436607360839844,10.436606407165527,10.436609268188477,10.436609268188477,-0.0961511954665184,-0.09693190455436707,-4.530622482299805,-4.815932750701904,-0.1385253518819809,-0.1385253518819809,0.0,0.0,nan,nan,26.705408096313477,26.705408096313477,53.41081619262695,0.0,6.547080039978027,0.3814905285835266,0.0,0.0,0.0,0.3814905285835266,0.0,6.547080039978027,0.0,0.0,0.0,-0.9723239541053772,-0.9925692677497864,6.409304618835449,0.0,0.0,0.0,0.0,6.547080039978027,0.3814905285835266,0.0,0.0,0.0,0.3814905285835266,0.0,6.547080039978027,-0.0,-0.0,-0.0,-0.9723240733146667,0.9925678968429565,6.409304618835449,0.0,0.0,0.0,2.9802322387695312e-08,5.820766091346741e-11,0.6000000238418579,-7.450580596923828e-08,0.05600005388259888,0.6000000238418579,-1.1920928955078125e-07,-0.055999934673309326,0.6000000238418579,-1.944648027420044,-1.3709068298339844e-06,12.818609237670898,0.0,0.0,0.0,7.748603820800781e-07,1.6236033388850046e-06,6.705522537231445e-08,19.36542510986328,19.365421295166016,43.95269012451172,43.95268630981445,0.4183611571788788,0.4183611571788788,0.44409045577049255,0.44409045577049255,0.13754841685295105,0.13754841685295105,0.42301318049430847,0.42301318049430847,7.74031925201416,7.74031925201416,0.1052677258849144,0.1052677258849144,2.438213586807251,2.438213586807251,0.0,0.0,-0.090298593044281,-0.090298593044281,0.3814905285835266,0.3814905285835266,0.5500251054763794,0.5500251054763794,0.16130024194717407,0.16130024194717407,0.35630175471305847,0.35630175471305847,74.49149322509766,74.49149322509766,38.164363861083984,38.164363861083984,50.132110595703125,50.132110595703125,4.063082218170166,4.063082218170166,0.0,0.0,180.0
190,0.7916666666666666,-0.10877939663585107,-10.289682539781333,43.97504969871526,-0.10877939663585107,-10.289682539781333,43.97504969871526,5.0,-5.0,0.0,0.0,12.0,0,0.5,0.0,0.0,3.2,3.2,3.2,10.289682388305664,10.289679527282715,10.289682388305664,10.289682388305664,-0.13780046999454498,-0.1386239379644394,-4.037047386169434,-4.336092472076416,-0.13657516241073608,-0.13657516241073608,0.0,0.0,nan,nan,25.975873947143555,25.975873947143555,51.95174789428711,0.0,6.467865943908691,0.4148210883140564,0.0,0.0,0.0,0.4148210883140564,0.0,6.467865943908691,0.0,0.0,0.0,-0.9133970141410828,-1.2557722330093384,6.292385101318359,0.0,0.0,0.0,0.0,6.467865943908691,0.4148210883140564,0.0,0.0,0.0,0.4148210883140564,0.0,6.467865943908691,-0.0,-0.0,-0.0,-0.9133968949317932,1.2557708024978638,6.292385101318359,0.0,0.0,0.0,2.9802322387695312e-08,5.820766091346741e-11,0.6000000238418579,0.0,0.05600002408027649,0.6000000834465027,-8.940696716308594e-08,-0.05599990487098694,0.6000000238418579,-1.826793909072876,-1.430511474609375e-06,12.584770202636719,0.0,0.0,0.0,8.046627044677734e-07,8.831957529764622e-07,3.725290298461914e-09,19.250272750854492,19.250272750854492,43.646888732910156,43.646888732910156,0.4183611571788788,0.4183611571788788,0.45596975088119507,0.45596975088119507,0.12566909193992615,0.12566909193992615,0.4088520109653473,0.4088520109653473,7.80104923248291,7.80104923248291,-0.07353001832962036,-0.07353001832962036,2.4380125999450684,2.4380125999450684,0.0,0.0,-0.08985468745231628,-0.08985468745231628,0.4148210883140564,0.4148210883140564,0.5500251054763794,0.5500251054763794,0.1657065749168396,0.1657065749168396,0.3511953055858612,0.3511953055858612,73.4864273071289,73.4864273071289,37.62666320800781,37.62666320800781,49.573158264160156,49.573158264160156,4.1748199462890625,4.1748199462890625,0.0,0.0,180.0
191,0.7958333333333333,-0.151221436161347,-10.070580054950913,61.13262599688535,-0.151221436161347,-10.070580054950913,61.13262599688535,5.0,-5.0,0.0,0.0,12.0,0,0.5,0.0,0.0,3.2,3.2,3.2,10.070578575134277,10.070581436157227,10.070581436157227,10.070581436157227,-0.1784578114748001,-0.17931848764419556,-3.511092185974121,-3.821690320968628,-0.1336670219898224,-0.1336670219898224,0.0,0.0,nan,nan,24.762571334838867,24.762571334838867,49.525142669677734,0.0,6.307977199554443,0.4147847294807434,0.0,0.0,0.0,0.4147847294807434,0.0,6.307977199554443,0.0,0.0,0.0,-0.8688599467277527,-1.4861743450164795,6.082679748535156,0.0,0.0,0.0,0.0,6.307977199554443,0.4147847294807434,0.0,0.0,0.0,0.4147847294807434,0.0,6.307977199554443,-0.0,-0.0,-0.0,-0.8688603639602661,1.486173152923584,6.0826802253723145,0.0,0.0,0.0,2.9802322387695312e-08,5.820766091346741e-11,0.6000000238418579,-1.043081283569336e-07,0.055999964475631714,0.6000000238418579,-2.9802322387695312e-08,-0.055999934673309326,0.6000000238418579,-1.737720251083374,-1.1920928955078125e-06,12.165359497070312,0.0,0.0,0.0,1.4901161193847656e-07,1.1783068885051762e-06,1.1175870895385742e-07,19.03638458251953,19.0363826751709,43.16464614868164,43.16463851928711,0.4183611571788788,0.4183611571788788,0.467531681060791,0.467531681060791,0.11410718411207199,0.11410718411207199,0.4088520109653473,0.4088520109653473,7.808837890625,7.808837890625,-0.25248903036117554,-0.25248903036117554,2.4072256088256836,2.4072256088256836,0.0,0.0,-0.08920497447252274,-0.08920497447252274,0.4147847294807434,0.4147847294807434,0.5500251054763794,0.5500251054763794,0.16837964951992035,0.16837964951992035,0.3445235788822174,0.3445235788822174,71.97512817382812,71.97512817382812,36.795127868652344,36.795127868652344,48.72074890136719,48.72074890136719,4.34144401550293,4.34144401550293,0.0,0.0,180.0
192,0.8,-0.1926027659646239,-9.780839686736792,77.8614008474188,-0.1926027659646239,-9.780839686736792,77.8614008474188,5.0,-5.0,0.0,0.0,12.0,0,0.5,0.0,0.0,3.2,3.2,3.2,9.780838966369629,9.780837059020996,9.780839920043945,9.780839920043945,-0.21788321435451508,-0.2187749147415161,-2.963686943054199,-3.2837302684783936,-0.1298212856054306,-0.1298212856054306,0.0,0.0,nan,nan,23.308979034423828,23.308979034423828,46.617958068847656,0.0,6.135438919067383,0.44081294536590576,0.0,0.0,0.0,0.44081294536590576,0.0,6.135438919067383,0.0,0.0,0.0,-0.7950432896614075,-1.6909619569778442,5.860587120056152,0.0,0.0,0.0,0.0,6.135438919067383,0.44081294536590576,0.0,0.0,0.0,0.44081294536590576,0.0,6.135438919067383,-0.0,-0.0,-0.0,-0.7950432300567627,1.6909606456756592,5.8605875968933105,0.0,0.0,0.0,2.9802322387695312e-08,5.820766091346741e-11,0.6000000238418579,-5.960464477539063e-08,0.05600005388259888,0.6000000238418579,-4.470348358154297e-08,-0.055999934673309326,0.6000000238418579,-1.5900864601135254,-1.3113021850585938e-06,11.721174240112305,0.0,0.0,0.0,6.556510925292969e-07,9.606251296645496e-07,1.2665987014770508e-07,18.718904495239258,18.718902587890625,42.48963928222656,42.48963928222656,0.44724681973457336,0.44724681973457336,0.44986164569854736,0.44986164569854736,0.10289160162210464,0.10289160162210464,0.3946942090988159,0.3946942090988159,7.7646307945251465,7.7646307945251465,-0.4305647313594818,-0.4305647313594818,2.347101926803589,2.347101926803589,0.0,0.0,-0.08836811780929565,-0.08836811780929565,0.44081294536590576,0.44081294536590576,0.5500251054763794,0.5500251054763794,0.16929684579372406,0.16929684579372406,0.33632954955101013,0.33632954955101013,69.96620178222656,69.96620178222656,35.67448806762695,35.67448806762695,47.57975387573242,47.57975387573242,4.561788558959961,4.561788558959961,0.0,0.0,180.0
193,0.8041666666666667,-0.23263312574955367,-9.422493755643844,94.04403391434624,-0.23263312574955367,-9.422493755643844,94.04403391434624,5.0,-5.0,0.0,0.0,12.0,0,0.5,0.0,0.0,3.2,3.2,3.2,9.422494888305664,9.422491073608398,9.422493934631348,9.422493934631348,-0.2558003067970276,-0.25671660900115967,-2.3986968994140625,-2.7260031700134277,-0.12506495416164398,-0.12506495416164398,0.0,0.0,nan,nan,21.65645980834961,21.65645980834961,43.31291961669922,0.0,5.951742172241211,0.4944838583469391,0.0,0.0,0.0,0.4944838583469391,0.0,5.951742172241211,0.0,0.0,0.0,-0.6912305355072021,-1.8679810762405396,5.63032865524292,0.0,0.0,0.0,0.0,5.951742172241211,0.4944838583469391,0.0,0.0,0.0,0.4944838583469391,0.0,5.951742172241211,-0.0,-0.0,-0.0,-0.6912302374839783,1.8679792881011963,5.630329132080078,0.0,0.0,0.0,2.9802322387695312e-08,5.820766091346741e-11,0.6000000238418579,-7.450580596923828e-08,0.05600002408027649,0.6000000238418579,-7.450580596923828e-08,-0.055999934673309326,0.6000000238418579,-1.3824608325958252,-1.7881393432617188e-06,11.260658264160156,0.0,0.0,0.0,4.76837158203125e-07,1.1745780739147449e-06,7.82310962677002e-08,18.29248809814453,18.29248809814453,41.59932327270508,41.599327087402344,0.46139582991600037,0.46139582991600037,0.45697909593582153,0.45697909593582153,0.08162510395050049,0.08162510395050049,0.366405189037323,0.366405189037323,7.670340538024902,7.670340538024902,-0.6066631078720093,-0.6066631078720093,2.2598178386688232,2.2598178386688232,0.0,0.0,-0.08736775070428848,-0.08736775070428848,0.4944838583469391,0.4944838583469391,0.5500251054763794,0.5500251054763794,0.16844533383846283,0.16844533383846283,0.3266642093658447,0.3266642093658447,67.47138214111328,67.47138214111328,34.27127456665039,34.27127456665039,46.15685272216797,46.15685272216797,4.834306240081787,4.834306240081787,0.0,0.0,180.0
194,0.8083333333333333,-0.2710317313040222,-8.998055800907462,109.56701565391035,-0.2710317313040222,-8.998055800907462,109.56701565391035,5.0,-5.0,0.0,0.0,12.0,0,0.5,0.0,0.0,3.2,3.2,3.2,8.998055458068848,8.998054504394531,8.998055458068848,8.998055458068848,-0.2919009327888489,-0.2928355932235718,-1.8133223056793213,-2.145521402359009,-0.11943138390779495,-0.11943138390779495,0.0,0.0,nan,nan,19.671497344970703,19.671497344970703,39.342994689941406,0.0,5.695868492126465,0.5109235644340515,0.0,0.0,0.0,0.5109235644340515,0.0,5.695868492126465,0.0,0.0,0.0,-0.6095415949821472,-1.9939682483673096,5.325082778930664,0.0,0.0,0.0,0.0,5.695868492126465,0.5109235644340515,0.0,0.0,0.0,0.5109235644340515,0.0,5.695868492126465,-0.0,-0.0,-0.0,-0.6095418334007263,1.9939674139022827,5.3250837326049805,0.0,0.0,0.0,2.9802322387695312e-08,5.820766091346741e-11,0.6000000238418579,0.0,0.05600005388259888,0.6000000834465027,2.9802322387695312e-08,-0.055999934673309326,0.6000000238418579,-1.2190834283828735,-8.344650268554688e-07,10.650166511535645,0.0,0.0,0.0,7.152557373046875e-07,1.223683199214065e-07,1.1920928955078125e-07,17.751686096191406,17.751686096191406,40.464385986328125,40.464385986328125,0.47554877400398254,0.47554877400398254,0.4623199999332428,0.4623199999332428,0.06213124841451645,0.06213124841451645,0.35228419303894043,0.35228419303894043,7.5287628173828125,7.5287628173828125,-0.7796391248703003,-0.7796391248703003,2.148360252380371,2.148360252380371,0.0,0.0,-0.08623160421848297,-0.08623160421848297,0.5109235644340515,0.5109235644340515,0.5500251054763794,0.5500251054763794,0.16582222282886505,0.16582222282886505,0.31558656692504883,0.31558656692504883,64.50542449951172,64.50542449951172,32.593753814697266,32.593753814697266,44.46044921875,44.46044921875,5.157086372375488,5.157086372375488,0.0,0.0,180.0
195,0.8125,-0.30752924399942166,-8.510502949821905,124.32146350245375,-0.30752924399942166,-8.510502949821905,124.32146350245375,5.0,-5.0,0.0,0.0,12.0,0,0.5,0.0,0.0,3.2,3.2,3.2,8.51050090789795,8.510502815246582,8.510502815246582,8.510502815246582,-0.3259761333465576,-0.32692238688468933,-1.2187550067901611,-1.5535856485366821,-0.112960085272789,-0.112960085272789,0.0,0.0,nan,nan,17.60468864440918,17.60468864440918,35.20937728881836,0.0,5.435044765472412,0.5536211133003235,0.0,0.0,0.0,0.5536211133003235,0.0,5.435044765472412,0.0,0.0,0.0,-0.5018406510353088,-2.0871670246124268,5.0237531661987305,0.0,0.0,0.0,0.0,5.435044765472412,0.5536211133003235,0.0,0.0,0.0,0.5536211133003235,0.0,5.435044765472412,-0.0,-0.0,-0.0,-0.5018408298492432,2.0871660709381104,5.023754119873047,0.0,0.0,0.0,2.9802322387695312e-08,5.820766091346741e-11,0.6000000238418579,-1.4901161193847656e-08,0.05600002408027649,0.6000000238418579,-2.9802322387695312e-08,-0.055999964475631714,0.6000000238418579,-1.0036814212799072,-9.5367431640625e-07,10.047507286071777,0.0,0.0,0.0,2.384185791015625e-07,5.240183327259729e-07,-1.1175870895385742e-08,17.091583251953125,17.091581344604492,39.048309326171875,39.048309326171875,0.4897056221961975,0.4897056221961975,0.4734485149383545,0.4734485149383545,0.036845918744802475,0.036845918744802475,0.32412275671958923,0.32412275671958923,7.343477249145508,7.343477249145508,-0.948298454284668,-0.948298454284668,2.016382932662964,2.016382932662964,0.0,0.0,-0.08499044924974442,-0.08499044924974442,0.5536211133003235,0.5536211133003235,0.5500251054763794,0.5500251054763794,0.16143545508384705,0.16143545508384705,0.30316388607025146,0.30316388607025146,61.08632278442383,61.08632278442383,30.652069091796875,30.652069091796875,42.50080871582031,42.50080871582031,5.527864456176758,5.527864456176758,0.0,0.0,180.0
196,0.8166666666666667,-0.34186966000762226,-7.963255035331282,138.2038856093758,-0.34186966000762226,-7.963255035331282,138.2038856093758,5.0,-5.0,0.0,0.0,12.0,0,0.5,0.0,0.0,3.2,3.2,3.2,7.963253498077393,7.963254928588867,7.963255405426025,7.963255405426025,-0.35776686668395996,-0.35871806740760803,-0.6159710884094238,-0.9510952234268188,-0.10569644719362259,-0.10569644719362259,0.0,0.0,nan,nan,15.429966926574707,15.429966926574707,30.859933853149414,0.0,5.141781806945801,0.5882567167282104,0.0,0.0,0.0,0.5882567167282104,0.0,5.141781806945801,0.0,0.0,0.0,-0.3969871997833252,-2.1363842487335205,4.697044849395752,0.0,0.0,0.0,0.0,5.141781806945801,0.5882567167282104,0.0,0.0,0.0,0.5882567167282104,0.0,5.141781806945801,-0.0,-0.0,-0.0,-0.3969876766204834,2.136383533477783,4.69704532623291,0.0,0.0,0.0,2.9802322387695312e-08,5.820766091346741e-11,0.6000000238418579,-7.450580596923828e-08,0.05600002408027649,0.6000000238418579,4.470348358154297e-08,-0.0559999942779541,0.6000000238418579,-0.7939748764038086,-7.152557373046875e-07,9.39409065246582,0.0,0.0,0.0,8.940696716308594e-08,4.1994854882432264e-07,2.4028122425079346e-07,16.308868408203125,16.30886459350586,37.30712127685547,37.30712127685547,0.518027126789093,0.518027126789093,0.46471449732780457,0.46471449732780457,0.017258400097489357,0.017258400097489357,0.296124666929245,0.296124666929245,7.118704795837402,7.118704795837402,-1.1114047765731812,-1.1114047765731812,1.8680243492126465,1.8680243492126465,0.0,0.0,-0.08367697894573212,-0.08367697894573212,0.5882567167282104,0.5882567167282104,0.5500251054763794,0.5500251054763794,0.1553042083978653,0.1553042083978653,0.28947165608406067,0.28947165608406067,57.23523712158203,57.23523712158203,28.458202362060547,28.458202362060547,40.2900505065918,40.2900505065918,5.944040298461914,5.944040298461914,0.0,0.0,180.0
197,0.8208333333333333,-0.37381210598388254,-7.3601506083586345,151.1169067581034,-0.37381210598388254,-7.3601506083586345,151.1169067581034,5.0,-5.0,0.0,0.0,12.0,0,0.5,0.0,0.0,3.2,3.2,3.2,7.360151290893555,7.360148906707764,7.3601508140563965,7.3601508140563965,-0.3870713412761688,-0.38802066445350647,-0.012581586837768555,-0.34572112560272217,-0.09769143164157867,-0.09769143164157867,0.0,0.0,nan,nan,13.290740013122559,13.290740013122559,26.581480026245117,0.0,4.849392890930176,0.6459274291992188,0.0,0.0,0.0,0.6459274291992188,0.0,4.849392890930176,0.0,0.0,0.0,-0.27143508195877075,-2.1547422409057617,4.383747577667236,0.0,0.0,0.0,0.0,4.849392890930176,0.6459274291992188,0.0,0.0,0.0,0.6459274291992188,0.0,4.849392890930176,-0.0,-0.0,-0.0,-0.27143508195877075,2.1547415256500244,4.3837480545043945,0.0,0.0,0.0,2.9802322387695312e-08,5.820766091346741e-11,0.6000000238418579,-4.470348358154297e-08,0.05600005388259888,0.6000000238418579,-1.4901161193847656e-08,-0.05599990487098694,0.6000000238418579,-0.5428701639175415,-7.152557373046875e-07,8.767496109008789,0.0,0.0,0.0,6.258487701416016e-07,5.225834343036695e-07,1.0523945093154907e-07,15.403518676757812,15.403512954711914,35.189964294433594,35.189964294433594,0.5610860586166382,0.5610860586166382,0.4383901059627533,0.4383901059627533,0.0005239031161181629,0.0005239031161181629,0.2546203136444092,0.2546203136444092,6.859159469604492,6.859159469604492,-1.2676914930343628,-1.2676914930343628,1.7077196836471558,1.7077196836471558,0.0,0.0,-0.08232466876506805,-0.08232466876506805,0.6459274291992188,0.6459274291992188,0.5500251054763794,0.5500251054763794,0.1474594920873642,0.1474594920873642,0.27459391951560974,0.27459391951560974,52.97660446166992,52.97660446166992,26.026016235351562,26.026016235351562,37.84215545654297,37.84215545654297,6.402693748474121,6.402693748474121,0.0,0.0,180.0
198,0.825,-0.40313252862029225,-6.705420013129294,162.96995138327011,-0.40313252862029225,-6.705420013129294,162.96995138327011,5.0,-5.0,0.0,0.0,12.0,0,0.5,0.0,0.0,3.2,3.2,3.2,6.705420017242432,6.70542049407959,6.70542049407959,6.70542049407959,-0.413665235042572,-0.4146060347557068,0.5901787877082825,0.2613442540168762,-0.08900117874145508,-0.08900117874145508,0.0,0.0,nan,nan,11.16700553894043,11.16700553894043,22.33401107788086,0.0,4.532406330108643,0.6893078088760376,0.0,0.0,0.0,0.6893078088760376,0.0,4.532406330108643,0.0,0.0,0.0,-0.15732260048389435,-2.1320672035217285,4.055538177490234,0.0,0.0,0.0,0.0,4.532406330108643,0.6893078088760376,0.0,0.0,0.0,0.6893078088760376,0.0,4.532406330108643,-0.0,-0.0,-0.0,-0.15732260048389435,2.132066249847412,4.055538654327393,0.0,0.0,0.0,2.9802322387695312e-08,5.820766091346741e-11,0.6000000238418579,-4.470348358154297e-08,0.05600005388259888,0.6000000238418579,7.450580596923828e-08,-0.0559999942779541,0.6000000238418579,-0.3146452009677887,-9.5367431640625e-07,8.111076354980469,0.0,0.0,0.0,2.086162567138672e-07,1.2086442779946083e-07,2.635642886161804e-07,14.381449699401855,14.381446838378906,32.64098358154297,32.64098358154297,0.6034961342811584,0.6034961342811584,0.3965039849281311,0.3965039849281311,0.0,0.0,0.21403278410434723,0.21403278410434723,6.56987190246582,6.56987190246582,-1.4158787727355957,-1.4158787727355957,1.5399997234344482,1.5399997234344482,0.0,0.0,-0.0809667780995369,-0.0809667780995369,0.6893078088760376,0.6893078088760376,0.5500251054763794,0.5500251054763794,0.1379447877407074,0.1379447877407074,0.25862351059913635,0.25862351059913635,48.338077545166016,48.338077545166016,23.371244430541992,23.371244430541992,35.1729621887207,35.1729621887207,6.900608539581299,6.900608539581299,0.0,0.0,180.0
199,0.8291666666666666,-0.4296252662187539,-6.003655714345455,173.67987889323214,-0.4296252662187539,-6.003655714345455,173.67987889323214,5.0,-5.0,0.0,0.0,12.0,0,0.5,0.0,0.0,3.2,3.2,3.2,6.0036540031433105,6.003655433654785,6.003655910491943,6.003655910491943,-0.4373640716075897,-0.4382895529270172,1.1877635717391968,0.8655243515968323,-0.07968664914369583,-0.07968664914369583,0.0,0.0,nan,nan,9.119154930114746,9.119154930114746,18.238309860229492,0.0,4.19601583480835,0.7142279148101807,0.0,0.0,0.0,0.7142279148101807,0.0,4.19601583480835,0.0,0.0,0.0,-0.06008794158697128,-2.071218490600586,3.717944860458374,0.0,0.0,0.0,0.0,4.19601583480835,0.7142279148101807,0.0,0.0,0.0,0.7142279148101807,0.0,4.19601583480835,-0.0,-0.0,-0.0,-0.060088299214839935,2.0712177753448486,3.7179453372955322,0.0,0.0,0.0,2.9802322387695312e-08,5.820766091346741e-11,0.6000000238418579,-1.043081283569336e-07,0.05600002408027649,0.6000000238418579,2.9802322387695312e-08,-0.055999934673309326,0.6000000238418579,-0.12017624080181122,-7.152557373046875e-07,7.435890197753906,0.0,0.0,0.0,2.980232238769531e-07,4.986152362107532e-07,2.630986273288727e-07,13.258806228637695,13.258800506591797,29.604267120361328,29.604267120361328,0.6604217886924744,0.6604217886924744,0.3395783007144928,0.3395783007144928,0.0,0.0,0.17482061684131622,0.17482061684131622,6.256000518798828,6.256000518798828,-1.5546932220458984,-1.5546932220458984,1.3692982196807861,1.3692982196807861,0.0,0.0,-0.07963529229164124,-0.07963529229164124,0.7142279148101807,0.7142279148101807,0.5500251054763794,0.5500251054763794,0.12681642174720764,0.12681642174720764,0.24166204035282135,0.24166204035282135,43.35053634643555,43.35053634643555,20.511503219604492,20.511503219604492,32.30018615722656,32.30018615722656,7.434292316436768,7.434292316436768,0.0,0.0,180.0
200,0.8333333333333334,-0.4531044912600187,-5.2597800843461595,183.1715668415789,-0.4531044912600187,-5.2597800843461595,183.1715668415789,5.0,-5.0,0.0,0.0,12.0,0,0.5,0.0,0.0,3.2,3.2,3.2,5.25977897644043,5.259778022766113,5.259779930114746,5.259779930114746,-0.45802024006843567,-0.4589238464832306,1.7729783058166504,1.4595117568969727,-0.06981316953897476,-0.06981316953897476,0.0,0.0,nan,nan,7.25789737701416,7.25789737701416,14.51579475402832,0.0,3.8704288005828857,0.7454786896705627,0.0,0.0,0.0,0.7454786896705627,0.0,3.8704288005828857,0.0,0.0,0.0,0.03886964172124863,-1.989003300666809,3.4026918411254883,0.0,0.0,0.0,0.0,3.8704288005828857,0.7454786896705627,0.0,0.0,0.0,0.7454786896705627,0.0,3.8704288005828857,-0.0,-0.0,-0.0,0.03886972367763519,1.9890024662017822,3.4026923179626465,0.0,0.0,0.0,2.9802322387695312e-08,5.820766091346741e-11,0.6000000238418579,-2.9802322387695312e-08,0.05600002408027649,0.6000000238418579,-1.4901161193847656e-08,-0.055999964475631714,0.6000000238418579,0.07773936539888382,-8.344650268554688e-07,6.805384159088135,0.0,0.0,0.0,1.6391277313232422e-07,3.5492843153406284e-07,3.189779818058014e-08,12.069087028503418,12.069087028503418,26.034015655517578,26.034015655517578,0.7442913055419922,0.7442913055419922,0.255708783864975,0.255708783864975,0.0,0.0,0.12566909193992615,0.12566909193992615,5.922638893127441,5.922638893127441,-1.6828923225402832,-1.6828923225402832,1.1997759342193604,1.1997759342193604,0.0,0.0,-0.0783601626753807,-0.0783601626753807,0.7454786896705627,0.7454786896705627,0.5500251054763794,0.5500251054763794,0.1141437441110611,0.1141437441110611,0.2238197773694992,0.2238197773694992,38.04788589477539,38.04788589477539,17.466169357299805,17.466169357299805,29.243305206298828,29.243305206298828,8.000000953674316,8.000000953674316,0.0,0.0,180.0
201,0.8375,-0.47340551385022145,-4.4790108762019845,191.37843785712084,-0.47340551385022145,-4.4790108762019845,191.37843785712084,5.0,-5.0,0.0,0.0,12.0,0,0.5,0.0,0.0,3.2,3.2,3.2,4.479009628295898,4.479009628295898,4.479011535644531,4.479011058807373,-0.4754877984523773,-0.47636300325393677,2.3418989181518555,2.0393247604370117,-0.05945000424981117,-0.05945000424981117,0.0,0.0,nan,nan,5.609025001525879,5.609025001525879,11.218050003051758,0.0,3.5563316345214844,0.767498254776001,0.0,0.0,0.0,0.767498254776001,0.0,3.5563316345214844,0.0,0.0,0.0,0.12427349388599396,-1.8891416788101196,3.106806516647339,0.0,0.0,0.0,0.0,3.5563316345214844,0.767498254776001,0.0,0.0,0.0,0.767498254776001,0.0,3.5563316345214844,-0.0,-0.0,-0.0,0.1242733746767044,1.88914155960083,3.106806993484497,0.0,0.0,0.0,2.9802322387695312e-08,5.820766091346741e-11,0.6000000238418579,-8.940696716308594e-08,0.05600002408027649,0.6000000834465027,-7.450580596923828e-08,-0.055999934673309326,0.6000000238418579,0.24854686856269836,-1.1920928955078125e-07,6.213613510131836,0.0,0.0,0.0,3.5762786865234375e-07,7.018326755314774e-07,1.0710209608078003e-08,10.875359535217285,10.875356674194336,21.91472816467285,21.91472816467285,0.8624516129493713,0.8624516129493713,0.13754841685295105,0.13754841685295105,0.0,0.0,0.07163921743631363,0.07163921743631363,5.5746259689331055,5.5746259689331055,-1.7992889881134033,-1.7992889881134033,1.0351756811141968,1.0351756811141968,0.0,0.0,-0.07716859877109528,-0.07716859877109528,0.767498254776001,0.767498254776001,0.5500251054763794,0.5500251054763794,0.10000934451818466,0.10000934451818466,0.20521552860736847,0.20521552860736847,32.46696853637695,32.46696853637695,14.25633430480957,14.25633430480957,26.023487091064453,26.023487091064453,8.593766212463379,8.593766212463379,0.0,0.0,180.0
202,0.8416666666666667,-0.4903859369021573,-3.6668246249261287,198.24292663631297,-0.4903859369021573,-3.6668246249261287,198.24292663631297,5.0,-5.0,0.0,0.0,12.0,0,0.5,0.0,0.0,3.2,3.2,3.2,3.666823625564575,3.6668243408203125,3.6668243408203125,3.6668245792388916,-0.489621639251709,-0.4904622435569763,2.8941586017608643,2.6045982837677,-0.04866983741521835,-0.04866983741521835,0.0,0.0,nan,nan,4.116861343383789,4.116861343383789,8.233722686767578,0.0,3.2225522994995117,0.7382102012634277,0.0,0.0,0.0,0.7382102012634277,0.0,3.2225522994995117,0.0,0.0,0.0,0.1605464220046997,-1.757949709892273,2.7952880859375,0.0,0.0,0.0,0.0,3.2225522994995117,0.7382102012634277,0.0,0.0,0.0,0.7382102012634277,0.0,3.2225522994995117,-0.0,-0.0,-0.0,0.16054630279541016,1.7579495906829834,2.7952880859375,0.0,0.0,0.0,2.9802322387695312e-08,5.820766091346741e-11,0.6000000238418579,-8.940696716308594e-08,0.0559999942779541,0.6000000834465027,-5.960464477539063e-08,-0.055999964475631714,0.6000000238418579,0.32109272480010986,-1.1920928955078125e-07,5.590576171875,0.0,0.0,0.0,1.9371509552001953e-07,5.927118422732747e-07,4.0978193283081055e-08,9.792529106140137,9.792529106140137,17.303022384643555,17.303022384643555,0.9703718423843384,0.9703718423843384,0.029628142714500427,0.029628142714500427,0.0,0.0,0.029628142714500427,0.029628142714500427,5.2163591384887695,5.2163591384887695,-1.9027791023254395,-1.9027791023254395,0.878713846206665,0.878713846206665,0.0,0.0,-0.07608456164598465,-0.07608456164598465,0.7382102012634277,0.7382102012634277,0.5500251054763794,0.5500251054763794,0.08450876921415329,0.08450876921415329,0.18597623705863953,0.18597623705863953,26.64727783203125,26.64727783203125,10.904653549194336,10.904653549194336,22.663454055786133,22.663454055786133,9.211423873901367,9.211423873901367,0.0,0.0,180.0
203,0.8458333333333333,-0.5039266549485347,-2.828918233516238,203.71688372249793,-0.5039266549485347,-2.828918233516238,203.71688372249793,5.0,-5.0,0.0,0.0,12.0,0,0.5,0.0,0.0,3.2,3.2,3.2,2.8289172649383545,2.828917980194092,2.828918218612671,2.82891845703125,-0.5003143548965454,-0.5011144876480103,3.427211284637451,3.1527154445648193,-0.03754828870296478,-0.03754828870296478,0.0,0.0,nan,nan,2.7792484760284424,2.7792484760284424,5.558496952056885,0.0,2.85927152633667,0.6578900218009949,0.0,0.0,0.0,0.6578900218009949,0.0,2.85927152633667,0.0,0.0,0.0,0.14972007274627686,-1.5920790433883667,2.45990252494812,0.0,0.0,0.0,0.0,2.85927152633667,0.6578900218009949,0.0,0.0,0.0,0.6578900218009949,0.0,2.85927152633667,-0.0,-0.0,-0.0,0.14971989393234253,1.5920790433883667,2.459902763366699,0.0,0.0,0.0,2.9802322387695312e-08,5.820766091346741e-11,0.6000000238418579,-1.341104507446289e-07,0.0559999942779541,0.6000000238418579,2.9802322387695312e-08,-0.055999934673309326,0.6000000238418579,0.2994399666786194,0.0,4.919805526733398,0.0,0.0,0.0,1.341104507446289e-07,4.0320944094673905e-07,2.4121254682540894e-07,9.027963638305664,9.027965545654297,13.71657943725586,13.716593742370605,1.0,1.0,0.0,0.0,0.0,0.0,0.0,0.0,4.8516387939453125,4.8516387939453125,-1.992366909980774,-1.992366909980774,0.7330183386802673,0.7330183386802673,0.0,0.0,-0.07512834668159485,-0.07512834668159485,0.6578900218009949,0.6578900218009949,0.5500251054763794,0.5500251054763794,0.06775008887052536,0.06775008887052536,0.16623619198799133,0.16623619198799133,20.630693435668945,20.630693435668945,7.435190200805664,7.435190200805664,19.18733024597168,19.18733024597168,9.848642349243164,9.848642349243164,0.0,0.0,180.0
204,0.85,-0.5139326895812497,-1.9711690132732143,207.76191323974834,-0.5139326895812497,-1.9711690132732143,207.76191323974834,5.0,-5.0,0.0,0.0,12.0,0,0.5,0.0,0.0,3.2,3.2,3.2,1.9711689949035645,1.9711685180664062,1.9711689949035645,1.9711689949035645,-0.5074551701545715,-0.5082095861434937,3.943037509918213,3.685668468475342,-0.026163367554545403,-0.026163367554545403,0.0,0.0,nan,nan,1.5595908164978027,1.5595908164978027,3.1191816329956055,0.0,2.4163477420806885,0.5257968306541443,0.0,0.0,0.0,0.5257968306541443,0.0,2.4163477420806885,0.0,0.0,0.0,0.09982585161924362,-1.3654690980911255,2.059302568435669,0.0,0.0,0.0,0.0,2.4163477420806885,0.5257968306541443,0.0,0.0,0.0,0.5257968306541443,0.0,2.4163477420806885,-0.0,-0.0,-0.0,0.09982575476169586,1.3654687404632568,2.059303045272827,0.0,0.0,0.0,2.9802322387695312e-08,5.820766091346741e-11,0.6000000238418579,-8.940696716308594e-08,0.05600005388259888,0.6000000834465027,-4.470348358154297e-08,-0.055999934673309326,0.6000000238418579,0.1996515989303589,-3.5762786865234375e-07,4.118605613708496,0.0,0.0,0.0,2.980232238769531e-07,4.04868103487388e-07,4.423782229423523e-08,8.931037902832031,8.931035995483398,13.180313110351562,13.180313110351562,1.0,1.0,0.0,0.0,0.0,0.0,0.0,0.0,4.4835357666015625,4.4835357666015625,-2.067188262939453,-2.067188262939453,0.6001132130622864,0.6001132130622864,0.0,0.0,-0.07431638240814209,-0.07431638240814209,0.5257968306541443,0.5257968306541443,0.5500251054763794,0.5500251054763794,0.049853164702653885,0.049853164702653885,0.14613616466522217,0.14613616466522217,14.46108341217041,14.46108341217041,3.8731958866119385,3.8731958866119385,15.620413780212402,15.620413780212402,10.50094985961914,10.50094985961914,0.0,0.0,180.0
205,0.8541666666666666,-0.5203338556566804,-1.0995934586850609,210.3496422123507,-0.5203338556566804,-1.0995934586850609,210.3496422123507,5.0,-5.0,0.0,0.0,12.0,0,0.5,0.0,0.0,3.2,3.2,3.2,1.099593162536621,1.0995930433273315,1.0995934009552002,1.0995934009552002,-0.5110554099082947,-0.5117588043212891,4.428164005279541,4.189666748046875,-0.014594926498830318,-0.014594926498830318,0.0,0.0,nan,nan,0.6719070672988892,0.6719070672988892,1.3438141345977783,0.0,1.9877941608428955,0.4077901840209961,0.0,0.0,0.0,0.4077901840209961,0.0,1.9877941608428955,0.0,0.0,0.0,0.05941050499677658,-1.1337692737579346,1.6818609237670898,0.0,0.0,0.0,0.0,1.9877941608428955,0.4077901840209961,0.0,0.0,0.0,0.4077901840209961,0.0,1.9877941608428955,-0.0,-0.0,-0.0,0.05941047519445419,1.1337690353393555,1.6818610429763794,0.0,0.0,0.0,2.9802322387695312e-08,5.820766091346741e-11,0.6000000238418579,-1.043081283569336e-07,0.05600002408027649,0.6000000238418579,-1.043081283569336e-07,-0.055999934673309326,0.6000000238418579,0.11882098019123077,-2.384185791015625e-07,3.3637218475341797,0.0,0.0,0.0,1.4156103134155273e-07,4.511102815740742e-07,-6.984919309616089e-09,9.841299057006836,9.841296195983887,12.650269508361816,12.650269508361816,1.0,1.0,0.0,0.0,0.0,0.0,0.0,0.0,4.1143269538879395,4.1143269538879395,-2.126532793045044,-2.126532793045044,0.4814513027667999,0.4814513027667999,0.0,0.0,-0.07366111874580383,-0.07366111874580383,0.4077901840209961,0.4077901840209961,0.5500251054763794,0.5500251054763794,0.030948743224143982,0.030948743224143982,0.12582235038280487,0.12582235038280487,8.183931350708008,8.183931350708008,0.244893878698349,0.244893878698349,11.988964080810547,11.988964080810547,11.163772583007812,11.163772583007812,0.0,0.0,180.0
206,0.8583333333333333,-0.5230852535940391,-0.22030504604100465,211.46191958084287,-0.5230852535940391,-0.22030504604100465,211.46191958084287,5.0,-5.0,0.0,0.0,12.0,0,0.5,0.0,0.0,3.2,3.2,3.2,0.22030501067638397,0.2203049510717392,0.22030504047870636,0.22030504047870636,-0.5110893845558167,-0.5117365717887878,4.879299163818359,4.661288261413574,-0.0029241135343909264,-0.0029241135343909264,0.0,0.0,nan,nan,0.11267130076885223,0.11267130076885223,0.22534260153770447,0.0,1.5756070613861084,0.30481189489364624,0.0,0.0,0.0,0.30481189489364624,0.0,1.5756070613861084,0.0,0.0,0.0,0.029589463025331497,-0.9022295475006104,1.3268588781356812,0.0,0.0,0.0,0.0,1.5756070613861084,0.30481189489364624,0.0,0.0,0.0,0.30481189489364624,0.0,1.5756070613861084,-0.0,-0.0,-0.0,0.02958948165178299,0.9022291302680969,1.3268589973449707,0.0,0.0,0.0,2.9802322387695312e-08,5.820766091346741e-11,0.6000000238418579,-1.4901161193847656e-08,0.05600002408027649,0.6000000238418579,-1.341104507446289e-07,-0.05599990487098694,0.6000000238418579,0.05917894467711449,-4.172325134277344e-07,2.6537179946899414,0.0,0.0,0.0,1.4901161193847656e-07,2.7680437142407754e-07,-1.100124791264534e-07,11.521893501281738,11.521890640258789,12.128795623779297,12.128795623779297,1.0,1.0,0.0,0.0,0.0,0.0,0.0,0.0,3.7454681396484375,3.7454681396484375,-2.169861316680908,-2.169861316680908,0.3779827952384949,0.3779827952384949,0.0,0.0,-0.07317091524600983,-0.07317091524600983,0.30481189489364624,0.30481189489364624,0.5500251054763794,0.5500251054763794,0.011177164502441883,0.011177164502441883,0.10544498264789581,0.10544498264789581,1.845848798751831,1.845848798751831,-3.422797441482544,-3.422797441482544,8.31991958618164,8.31991958618164,11.8324613571167,11.8324613571167,0.0,0.0,180.0
207,0.8624999999999999,-0.5221675843136718,0.6605286482120347,211.09094351865502,-0.5221675843136718,0.6605286482120347,211.09094351865502,5.0,-5.0,0.0,0.0,12.0,0,0.5,0.0,0.0,3.2,3.2,3.2,0.6605286598205566,0.6605285406112671,0.6605286598205566,0.6605286598205566,-0.5075554847717285,-0.508141815662384,5.293479919433594,5.0974297523498535,0.008767210878431797,0.008767210878431797,0.0,0.0,nan,nan,-0.13018538057804108,-0.13018538057804108,-0.26037076115608215,0.0,1.1808414459228516,0.2173997163772583,0.0,0.0,0.0,0.2173997163772583,0.0,1.1808414459228516,0.0,0.0,0.0,0.011246182024478912,-0.6752885580062866,0.992727518081665,0.0,0.0,0.0,0.0,1.1808414459228516,0.2173997163772583,0.0,0.0,0.0,0.2173997163772583,0.0,1.1808414459228516,-0.0,-0.0,-0.0,0.011246081441640854,0.6752884387969971,0.9927276372909546,0.0,0.0,0.0,2.9802322387695312e-08,5.820766091346741e-11,0.6000000238418579,-2.9802322387695312e-08,0.05600006878376007,0.6000000834465027,1.4901161193847656e-08,-0.055999934673309326,0.6000000834465027,0.022492263466119766,-1.1920928955078125e-07,1.9854551553726196,0.0,0.0,0.0,1.2665987014770508e-07,7.53046123236345e-08,2.2992026060819626e-08,13.490616798400879,13.490619659423828,15.957026481628418,15.957026481628418,0.874330997467041,0.874330997467041,0.12566909193992615,0.12566909193992615,0.0,0.0,0.0,0.0,3.3776557445526123,3.3776557445526123,-2.1968142986297607,-2.1968142986297607,0.29024985432624817,0.29024985432624817,0.0,0.0,-0.07285015285015106,-0.07285015285015106,0.2173997163772583,0.2173997163772583,0.5500251054763794,0.5500251054763794,-0.009313114918768406,-0.009313114918768406,0.08515674620866776,0.08515674620866776,-4.50589656829834,-4.50589656829834,-7.102536201477051,-7.102536201477051,4.640632152557373,4.640632152557373,12.502325057983398,12.502325057983398,0.0,0.0,180.0
208,0.8666666666666667,-0.5175872846062356,1.5367292085870827,209.2393161563174,-0.5175872846062356,1.5367292085870827,209.2393161563174,5.0,-5.0,0.0,0.0,12.0,0,0.5,0.0,0.0,3.2,3.2,3.2,1.5367292165756226,1.536728858947754,1.5367292165756226,1.5367292165756226,-0.5004768967628479,-0.5009978413581848,5.668078899383545,5.495315074920654,0.020397039130330086,0.020397039130330086,0.0,0.0,nan,nan,-0.07510049641132355,-0.07510049641132355,-0.1502009928226471,0.0,0.8037296533584595,0.14578893780708313,0.0,0.0,0.0,0.14578893780708313,0.0,0.8037296533584595,0.0,0.0,0.0,0.005083676893264055,-0.4566047787666321,0.6772902011871338,0.0,0.0,0.0,0.0,0.8037296533584595,0.14578893780708313,0.0,0.0,0.0,0.14578893780708313,0.0,0.8037296533584595,-0.0,-0.0,-0.0,0.005083705764263868,0.45660459995269775,0.6772903203964233,0.0,0.0,0.0,2.9802322387695312e-08,5.820766091346741e-11,0.6000000238418579,-8.940696716308594e-08,0.056000009179115295,0.6000000238418579,-8.940696716308594e-08,-0.055999934673309326,0.6000000238418579,0.010167382657527924,-1.7881393432617188e-07,1.3545805215835571,0.0,0.0,0.0,4.470348358154297e-08,1.6147858161730255e-07,1.2223608791828156e-09,15.509336471557617,15.509331703186035,21.25790786743164,21.25790786743164,0.44963017106056213,0.44963017106056213,0.5503698587417603,0.5503698587417603,0.0,0.0,0.0,0.0,3.010951042175293,3.010951042175293,-2.207221508026123,-2.207221508026123,0.21848806738853455,0.21848806738853455,0.0,0.0,-0.07269912958145142,-0.07269912958145142,0.14578893780708313,0.14578893780708313,0.5500251054763794,0.5500251054763794,-0.030367203056812286,-0.030367203056812286,0.06511113047599792,0.06511113047599792,-10.823899269104004,-10.823899269104004,-10.766854286193848,-10.766854286193848,0.9785668849945068,0.9785668849945068,13.168664932250977,13.168664932250977,0.0,0.0,180.0
209,0.8708333333333333,-0.5093764819832374,2.402150717702305,205.92002532938437,-0.5093764819832374,2.402150717702305,205.92002532938437,5.0,-5.0,0.0,0.0,12.0,0,0.5,0.0,0.0,3.2,3.2,3.2,2.4021501541137695,2.4021501541137695,2.4021506309509277,2.4021506309509277,-0.48990073800086975,-0.490352988243103,6.000790596008301,5.852482795715332,0.03188379481434822,0.03188379481434822,0.0,0.0,nan,nan,0.2551005184650421,0.2551005184650421,0.5102010369300842,0.0,0.4438759684562683,0.09000234305858612,0.0,0.0,0.0,0.09000234305858612,0.0,0.4438759684562683,0.0,0.0,0.0,0.01165979914367199,-0.24916155636310577,0.3780328929424286,0.0,0.0,0.0,0.0,0.4438759684562683,0.09000234305858612,0.0,0.0,0.0,0.09000234305858612,0.0,0.4438759684562683,-0.0,-0.0,-0.0,0.011659790761768818,0.24916145205497742,0.37803298234939575,0.0,0.0,0.0,2.9802322387695312e-08,5.820766091346741e-11,0.6000000238418579,-5.960464477539063e-08,0.05600002408027649,0.6000000238418579,-4.470348358154297e-08,-0.055999964475631714,0.6000000238418579,0.023319590836763382,-1.043081283569336e-07,0.756065845489502,0.0,0.0,0.0,1.6763806343078613e-08,6.19644282551235e-08,2.561137080192566e-09,17.470495223999023,17.47049331665039,26.19782257080078,26.19782257080078,0.3360842764377594,0.3360842764377594,0.663915753364563,0.663915753364563,0.0,0.0,0.0,0.0,2.6449756622314453,2.6449756622314453,-2.2010998725891113,-2.2010998725891113,0.16271667182445526,0.16271667182445526,0.0,0.0,-0.07271432876586914,-0.07271432876586914,0.09000234305858612,0.09000234305858612,0.5500251054763794,0.5500251054763794,-0.051825493574142456,-0.051825493574142456,0.04546068236231804,0.04546068236231804,-17.061124801635742,-17.061124801635742,-14.388456344604492,-14.388456344604492,-2.6389966011047363,-2.6389966011047363,13.826807022094727,13.826807022094727,0.0,0.0,180.0
210,0.875,-0.49759276932562446,3.2507228654757183,201.15635347809996,-0.49759276932562446,3.2507228654757183,201.15635347809996,5.0,-5.0,0.0,0.0,12.0,0,0.5,0.0,0.0,3.2,3.2,3.2,3.250723123550415,3.2507224082946777,3.250722885131836,3.250722885131836,-0.4758995473384857,-0.47627967596054077,6.2896409034729,6.166794300079346,0.04314691200852394,0.04314691200852394,0.0,0.0,nan,nan,0.8346932530403137,0.8346932530403137,1.6693865060806274,0.0,0.10049530863761902,0.049911979585886,0.0,0.0,0.0,0.049911979585886,0.0,0.10049530863761902,0.0,0.0,0.0,0.03139249607920647,-0.055427227169275284,0.09237340837717056,0.0,0.0,0.0,0.0,0.10049530863761902,0.049911979585886,0.0,0.0,0.0,0.049911979585886,0.0,0.10049530863761902,-0.0,-0.0,-0.0,0.03139249607920647,0.05542721226811409,0.09237341582775116,0.0,0.0,0.0,2.9802322387695312e-08,5.820766091346741e-11,0.6000000238418579,-5.960464477539063e-08,0.05600005388259888,0.6000000238418579,-2.9802322387695312e-08,-0.055999934673309326,0.6000000238418579,0.06278499215841293,-1.4901161193847656e-08,0.18474683165550232,0.0,0.0,0.0,1.0710209608078003e-08,1.3764711148667175e-08,-1.979060471057892e-09,19.317766189575195,19.317766189575195,30.6079158782959,30.6079158782959,0.27872011065483093,0.27872011065483093,0.7212798595428467,0.7212798595428467,0.0,0.0,0.0,0.0,2.2791430950164795,2.2791430950164795,-2.178647994995117,-2.178647994995117,0.1228003278374672,0.1228003278374672,0.0,0.0,-0.07288835942745209,-0.07288835942745209,0.049911979585886,0.049911979585886,0.5500251054763794,0.5500251054763794,-0.07352558523416519,-0.07352558523416519,0.02635510265827179,0.02635510265827179,-23.17140769958496,-23.17140769958496,-17.940507888793945,-17.940507888793945,-6.185252666473389,-6.185252666473389,14.472136497497559,14.472136497497559,0.0,0.0,180.0
211,0.8791666666666667,-0.4823188009111039,4.076493527988977,194.9817143378073,-0.4823188009111039,4.076493527988977,194.9817143378073,5.0,-5.0,0.0,0.0,12.0,0,0.5,0.0,0.0,3.2,3.2,3.2,4.076493740081787,4.076493263244629,4.076493740081787,4.076493740081787,-0.45856907963752747,-0.45887428522109985,6.532957077026367,6.436406135559082,0.05410738289356232,0.05410738289356232,0.0,0.0,nan,nan,1.6358922719955444,1.6358922719955444,3.271784543991089,0.0,-0.22732111811637878,0.02526325359940529,0.0,0.0,0.0,0.02526325359940529,0.0,-0.22732111811637878,0.0,0.0,0.0,0.06452878564596176,0.12246600538492203,-0.18207481503486633,0.0,0.0,0.0,0.0,-0.22732111811637878,0.02526325359940529,0.0,0.0,0.0,0.02526325359940529,0.0,-0.22732111811637878,-0.0,-0.0,-0.0,0.06452878564596176,-0.12246596068143845,-0.18207484483718872,0.0,0.0,0.0,2.9802322387695312e-08,5.820766091346741e-11,0.6000000238418579,-5.960464477539063e-08,0.056000009179115295,0.6000000238418579,2.9802322387695312e-08,-0.055999964475631714,0.6000000238418579,0.12905757129192352,4.470348358154297e-08,-0.36414965987205505,0.0,0.0,0.0,-6.51925802230835e-09,-1.627875789722566e-08,-1.3969838619232178e-08,21.021068572998047,21.021068572998047,34.44263458251953,34.44263458251953,0.2498149424791336,0.2498149424791336,0.7501851320266724,0.7501851320266724,0.0,0.0,0.0,0.0,1.9129141569137573,1.9129141569137573,-2.140235185623169,-2.140235185623169,0.09847337007522583,0.09847337007522583,0.0,0.0,-0.07321010529994965,-0.07321010529994965,0.02526325359940529,0.02526325359940529,0.5500251054763794,0.5500251054763794,-0.09530418366193771,-0.09530418366193771,0.007939491420984268,0.007939491420984268,-29.109941482543945,-29.109941482543945,-21.39691734313965,-21.39691734313965,-9.634148597717285,-9.634148597717285,15.10012435913086,15.10012435913086,0.0,0.0,180.0
212,0.8833333333333333,-0.46366171265377165,4.873670517359986,187.4394185656031,-0.46366171265377165,4.873670517359986,187.4394185656031,5.0,-5.0,0.0,0.0,12.0,0,0.5,0.0,0.0,3.2,3.2,3.2,4.87367057800293,4.873669147491455,4.87367057800293,4.87367057800293,-0.43802884221076965,-0.43825697898864746,6.729360103607178,6.659762382507324,0.06468833237886429,0.06468833237886429,0.0,0.0,nan,nan,2.6290488243103027,2.6290488243103027,5.2580976486206055,0.0,-0.5403508543968201,0.015660196542739868,0.0,0.0,0.0,0.015660196542739868,0.0,-0.5403508543968201,0.0,0.0,0.0,0.11107855290174484,0.28256288170814514,-0.44726285338401794,0.0,0.0,0.0,0.0,-0.5403508543968201,0.015660196542739868,0.0,0.0,0.0,0.015660196542739868,0.0,-0.5403508543968201,-0.0,-0.0,-0.0,0.11107854545116425,-0.28256282210350037,-0.44726288318634033,0.0,0.0,0.0,2.9802322387695312e-08,5.820766091346741e-11,0.6000000238418579,1.4901161193847656e-08,0.05600002408027649,0.6000000238418579,-1.1920928955078125e-07,-0.055999934673309326,0.5999999642372131,0.2221570909023285,5.960464477539063e-08,-0.8945257663726807,0.0,0.0,0.0,-5.587935447692871e-08,-7.993288875240978e-08,2.7474015951156616e-08,22.56642723083496,22.56642723083496,37.71895217895508,37.71895217895508,0.22074872255325317,0.22074872255325317,0.7345550656318665,0.7345550656318665,0.04469626769423485,0.04469626769423485,0.0,0.0,1.5460352897644043,1.5460352897644043,-2.086386203765869,-2.086386203765869,0.08932517468929291,0.08932517468929291,0.0,0.0,-0.07366497814655304,-0.07366497814655304,0.015660196542739868,0.015660196542739868,0.5500251054763794,0.5500251054763794,-0.11699888110160828,-0.11699888110160828,-0.009647335857152939,-0.009647335857152939,-34.83368682861328,-34.83368682861328,-24.73258399963379,-24.73258399963379,-12.960639953613281,-12.960639953613281,15.706368446350098,15.706368446350098,0.0,0.0,180.0
213,0.8875,-0.4417523706226549,5.636662209779117,178.58236994719792,-0.4417523706226549,5.636662209779117,178.58236994719792,5.0,-5.0,0.0,0.0,12.0,0,0.5,0.0,0.0,3.2,3.2,3.2,5.636661529541016,5.636662483215332,5.636662006378174,5.636662006378174,-0.4144212305545807,-0.414570689201355,6.87775182723999,6.835572242736816,0.074815534055233,0.074815534055233,0.0,0.0,nan,nan,3.782374858856201,3.782374858856201,7.564749717712402,0.0,-0.8390243649482727,0.02051977813243866,0.0,0.0,0.0,0.02051977813243866,0.0,-0.8390243649482727,0.0,0.0,0.0,0.17072536051273346,0.4229738712310791,-0.7045061588287354,0.0,0.0,0.0,0.0,-0.8390243649482727,0.02051977813243866,0.0,0.0,0.0,0.02051977813243866,0.0,-0.8390243649482727,-0.0,-0.0,-0.0,0.17072540521621704,-0.4229738116264343,-0.7045062184333801,0.0,0.0,0.0,2.9802322387695312e-08,5.820766091346741e-11,0.6000000238418579,-5.960464477539063e-08,0.0559999942779541,0.6000000834465027,7.450580596923828e-08,-0.055999964475631714,0.6000000238418579,0.3414507508277893,5.960464477539063e-08,-1.4090123176574707,0.0,0.0,0.0,-4.470348358154297e-08,-2.1317852372249035e-08,-5.960464477539063e-08,23.950321197509766,23.950326919555664,40.4844970703125,40.4844970703125,0.20615608990192413,0.20615608990192413,0.6681748628616333,0.6681748628616333,0.12566909193992615,0.12566909193992615,0.0,0.0,1.178735375404358,1.178735375404358,-2.0177597999572754,-2.0177597999572754,0.09475480020046234,0.09475480020046234,0.0,0.0,-0.07423502206802368,-0.07423502206802368,0.02051977813243866,0.02051977813243866,0.5500251054763794,0.5500251054763794,-0.1384499967098236,-0.1384499967098236,-0.026274491101503372,-0.026274491101503372,-40.30179977416992,-40.30179977416992,-27.923646926879883,-27.923646926879883,-16.140926361083984,-16.140926361083984,16.2866153717041,16.2866153717041,0.0,0.0,180.0
214,0.8916666666666666,-0.41674445311025954,6.360116766732888,168.47269431486853,-0.41674445311025954,6.360116766732888,168.47269431486853,5.0,-5.0,0.0,0.0,12.0,0,0.5,0.0,0.0,3.2,3.2,3.2,6.360115051269531,6.360115051269531,6.360116958618164,6.360116958618164,-0.3879104256629944,-0.3879801332950592,6.977301597595215,6.96282958984375,0.08441796153783798,0.08441796153783798,0.0,0.0,nan,nan,5.0614495277404785,5.0614495277404785,10.122899055480957,0.0,-1.1232632398605347,0.03900986164808273,0.0,0.0,0.0,0.03900986164808273,0.0,-1.1232632398605347,0.0,0.0,0.0,0.2427297830581665,0.5418316721916199,-0.9543284773826599,0.0,0.0,0.0,0.0,-1.1232632398605347,0.03900986164808273,0.0,0.0,0.0,0.03900986164808273,0.0,-1.1232632398605347,-0.0,-0.0,-0.0,0.2427297979593277,-0.5418314933776855,-0.9543285369873047,0.0,0.0,0.0,2.9802322387695312e-08,5.820766091346741e-11,0.6000000238418579,-1.341104507446289e-07,0.0559999942779541,0.6000000238418579,0.0,-0.055999964475631714,0.5999999642372131,0.485459566116333,1.7881393432617188e-07,-1.9086570739746094,0.0,0.0,0.0,-5.587935447692871e-08,-1.993356590901385e-07,-7.916241884231567e-08,25.17588233947754,25.17588233947754,42.79875564575195,42.79875564575195,0.20615608990192413,0.20615608990192413,0.5930602550506592,0.5930602550506592,0.20078371465206146,0.20078371465206146,0.0,0.0,0.8118637800216675,0.8118637800216675,-1.9351270198822021,-1.9351270198822021,0.11390915513038635,0.11390915513038635,0.0,0.0,-0.07489929348230362,-0.07489929348230362,0.03900986164808273,0.03900986164808273,0.5500251054763794,0.5500251054763794,-0.1595020890235901,-0.1595020890235901,-0.04182041436433792,-0.04182041436433792,-45.47592544555664,-45.47592544555664,-30.94766616821289,-30.94766616821289,-19.152645111083984,-19.152645111083984,16.836793899536133,16.836793899536133,0.0,0.0,180.0
215,0.8958333333333334,-0.38881337268977206,7.038959674305619,157.18130377938417,-0.38881337268977206,7.038959674305619,157.18130377938417,5.0,-5.0,0.0,0.0,12.0,0,0.5,0.0,0.0,3.2,3.2,3.2,7.03895902633667,7.038956642150879,7.038959503173828,7.038959503173828,-0.3586817681789398,-0.3586711883544922,7.027439117431641,7.040770053863525,0.09342825412750244,0.09342825412750244,0.0,0.0,nan,nan,6.428779602050781,6.428779602050781,12.857559204101562,0.0,-1.392388105392456,0.06998728960752487,0.0,0.0,0.0,0.06998728960752487,0.0,-1.392388105392456,0.0,0.0,0.0,0.3258451819419861,0.637325644493103,-1.1963627338409424,0.0,0.0,0.0,0.0,-1.392388105392456,0.06998728960752487,0.0,0.0,0.0,0.06998728960752487,0.0,-1.392388105392456,-0.0,-0.0,-0.0,0.3258451819419861,-0.6373252868652344,-1.1963629722595215,0.0,0.0,0.0,2.9802322387695312e-08,5.820766091346741e-11,0.6000000238418579,-2.9802322387695312e-08,0.05600002408027649,0.6000000238418579,0.0,-0.05599990487098694,0.6000000238418579,0.6516903638839722,3.5762786865234375e-07,-2.392725706100464,0.0,0.0,0.0,-1.341104507446289e-07,-1.0696317076508421e-07,-5.774199962615967e-08,26.250259399414062,26.250255584716797,44.72241973876953,44.72241973876953,0.1915258765220642,0.1915258765220642,0.5538538098335266,0.5538538098335266,0.2546203136444092,0.2546203136444092,0.0,0.0,0.4469602704048157,0.4469602704048157,-1.839348316192627,-1.839348316192627,0.14562153816223145,0.14562153816223145,0.0,0.0,-0.07563425600528717,-0.07563425600528717,0.06998728960752487,0.06998728960752487,0.5500251054763794,0.5500251054763794,-0.18000538647174835,-0.18000538647174835,-0.0561738982796669,-0.0561738982796669,-50.320491790771484,-50.320491790771484,-33.783775329589844,-33.783775329589844,-21.97501564025879,-21.97501564025879,17.353044509887695,17.353044509887695,0.0,0.0,180.0
216,0.9,-0.3581550458218899,7.668429337248615,144.78739933249884,-0.3581550458218899,7.668429337248615,144.78739933249884,5.0,-5.0,0.0,0.0,12.0,0,0.5,0.0,0.0,3.2,3.2,3.2,7.668426990509033,7.66842794418335,7.668429374694824,7.668429374694824,-0.32694393396377563,-0.32685303688049316,7.027197360992432,7.068207740783691,0.10178322345018387,0.10178322345018387,0.0,0.0,nan,nan,7.813022136688232,7.813022136688232,15.626044273376465,0.0,-1.6388477087020874,0.10775946080684662,0.0,0.0,0.0,0.10775946080684662,0.0,-1.6388477087020874,0.0,0.0,0.0,0.41298916935920715,0.7051178216934204,-1.4246693849563599,0.0,0.0,0.0,0.0,-1.6388477087020874,0.10775946080684662,0.0,0.0,0.0,0.10775946080684662,0.0,-1.6388477087020874,-0.0,-0.0,-0.0,0.41298919916152954,-0.7051175832748413,-1.4246695041656494,0.0,0.0,0.0,2.9802322387695312e-08,5.820766091346741e-11,0.6000000238418579,-4.470348358154297e-08,0.056000083684921265,0.6000000834465027,2.9802322387695312e-08,-0.055999964475631714,0.6000000834465027,0.8259783983230591,2.384185791015625e-07,-2.849339008331299,0.0,0.0,0.0,-1.6391277313232422e-07,-5.691399351803739e-08,-9.872019290924072e-08,27.182748794555664,27.182748794555664,46.31201934814453,46.31201934814453,0.1915258765220642,0.1915258765220642,0.5123494863510132,0.5123494863510132,0.296124666929245,0.296124666929245,0.002056337660178542,0.002056337660178542,0.08625268191099167,0.08625268191099167,-1.7313491106033325,-1.7313491106033325,0.18836668133735657,0.18836668133735657,0.0,0.0,-0.0764143317937851,-0.0764143317937851,0.10775946080684662,0.10775946080684662,0.5500251054763794,0.5500251054763794,-0.1998169720172882,-0.1998169720172882,-0.06923521310091019,-0.06923521310091019,-54.80289077758789,-54.80289077758789,-36.41283416748047,-36.41283416748047,-24.5889949798584,-24.5889949798584,17.831748962402344,17.831748962402344,0.0,0.0,180.0
217,0.9041666666666667,-0.32498451864161265,8.244110478149691,131.377915308899,-0.32498451864161265,8.244110478149691,131.377915308899,5.0,-5.0,0.0,0.0,12.0,0,0.5,0.0,0.0,3.2,3.2,3.2,8.244108200073242,8.244109153747559,8.244111061096191,8.244111061096191,-0.292923241853714,-0.2927526533603668,6.9759907722473145,7.0443644523620605,0.10942424833774567,0.10942424833774567,0.0,0.0,nan,nan,9.140432357788086,9.140432357788086,18.280864715576172,0.0,-1.855682611465454,0.14566856622695923,0.0,0.0,0.0,0.14566856622695923,0.0,-1.855682611465454,0.0,0.0,0.0,0.49607983231544495,0.7424173951148987,-1.633247971534729,0.0,0.0,0.0,0.0,-1.855682611465454,0.14566856622695923,0.0,0.0,0.0,0.14566856622695923,0.0,-1.855682611465454,-0.0,-0.0,-0.0,0.4960799217224121,-0.7424169778823853,-1.6332480907440186,0.0,0.0,0.0,2.9802322387695312e-08,5.820766091346741e-11,0.6000000238418579,-1.4901161193847656e-08,0.05600005388259888,0.6000000834465027,4.470348358154297e-08,-0.055999964475631714,0.6000000834465027,0.9921597242355347,4.172325134277344e-07,-3.266496181488037,0.0,0.0,0.0,-1.341104507446289e-07,1.0462745336781154e-08,-8.381903171539307e-08,27.98357582092285,27.98358154296875,47.61754608154297,47.61754608154297,0.17686083912849426,0.17686083912849426,0.4849516749382019,0.4849516749382019,0.3381875455379486,0.3381875455379486,0.00794259924441576,0.00794259924441576,-0.26739850640296936,-0.26739850640296936,-1.6120967864990234,-1.6120967864990234,0.2402433454990387,0.2402433454990387,0.0,0.0,-0.07721249014139175,-0.07721249014139175,0.14566856622695923,0.14566856622695923,0.5500251054763794,0.5500251054763794,-0.21880172193050385,-0.21880172193050385,-0.08091655373573303,-0.08091655373573303,-58.89363479614258,-58.89363479614258,-38.81747817993164,-38.81747817993164,-26.977325439453125,-26.977325439453125,18.269546508789062,18.269546508789062,0.0,0.0,180.0
218,0.9083333333333333,-0.2895344585641175,8.761965107431779,117.04690960430852,-0.2895344585641175,8.761965107431779,117.04690960430852,5.0,-5.0,0.0,0.0,12.0,0,0.5,0.0,0.0,3.2,3.2,3.2,8.761963844299316,8.761962890625,8.76196575164795,8.76196575164795,-0.256866991519928,-0.2566177546977997,6.872795104980469,6.967991352081299,0.11629774421453476,0.11629774421453476,0.0,0.0,nan,nan,10.29942512512207,10.29942512512207,20.59885025024414,0.0,-2.0286412239074707,0.17085041105747223,0.0,0.0,0.0,0.17085041105747223,0.0,-2.0286412239074707,0.0,0.0,0.0,0.5594059824943542,0.7452086210250854,-1.810056447982788,0.0,0.0,0.0,0.0,-2.0286412239074707,0.17085041105747223,0.0,0.0,0.0,0.17085041105747223,0.0,-2.0286412239074707,-0.0,-0.0,-0.0,0.5594061017036438,-0.745208203792572,-1.8100565671920776,0.0,0.0,0.0,2.9802322387695312e-08,5.820766091346741e-11,0.6000000238418579,-2.9802322387695312e-08,0.05600002408027649,0.6000000238418579,2.9802322387695312e-08,-0.055999934673309326,0.6000000238418579,1.118812084197998,4.172325134277344e-07,-3.620112895965576,0.0,0.0,0.0,-1.564621925354004e-07,-1.078877716054194e-07,-8.940696716308594e-08,28.663042068481445,28.663043975830078,48.681819915771484,48.681819915771484,0.17686083912849426,0.17686083912849426,0.4567340612411499,0.4567340612411499,0.366405189037323,0.366405189037323,0.023084618151187897,0.023084618151187897,-0.6106096506118774,-0.6106096506118774,-1.482582688331604,-1.482582688331604,0.2989925146102905,0.2989925146102905,0.0,0.0,-0.07800103724002838,-0.07800103724002838,0.17085041105747223,0.17085041105747223,0.5500251054763794,0.5500251054763794,-0.23683299124240875,-0.23683299124240875,-0.09114251285791397,-0.09114251285791397,-62.56645202636719,-62.56645202636719,-40.982215881347656,-40.982215881347656,-29.124624252319336,-29.124624252319336,18.66337013244629,18.66337013244629,0.0,0.0,180.0
219,0.9125,-0.2520535222900181,9.218360846948453,101.89490392693298,-0.2520535222900181,9.218360846948453,101.89490392693298,5.0,-5.0,0.0,0.0,12.0,0,0.5,0.0,0.0,3.2,3.2,3.2,9.21835994720459,9.21835708618164,9.218360900878906,9.218360900878906,-0.21901091933250427,-0.21868474781513214,6.7210893630981445,6.84243631362915,0.12235549092292786,0.12235549092292786,0.0,0.0,nan,nan,11.382169723510742,11.382169723510742,22.764339447021484,0.0,-2.1820452213287354,0.19822004437446594,0.0,0.0,0.0,0.19822004437446594,0.0,-2.1820452213287354,0.0,0.0,0.0,0.6217905879020691,0.7249486446380615,-1.9719123840332031,0.0,0.0,0.0,0.0,-2.1820452213287354,0.19822004437446594,0.0,0.0,0.0,0.19822004437446594,0.0,-2.1820452213287354,-0.0,-0.0,-0.0,0.6217905879020691,-0.7249481081962585,-1.9719126224517822,0.0,0.0,0.0,2.9802322387695312e-08,5.820766091346741e-11,0.6000000238418579,-2.9802322387695312e-08,0.05600005388259888,0.6000000238418579,-8.940696716308594e-08,-0.05599990487098694,0.6000000238418579,1.2435811758041382,5.364418029785156e-07,-3.9438250064849854,0.0,0.0,0.0,-2.8312206268310547e-07,-3.5260543995718763e-07,-5.21540641784668e-08,29.230958938598633,29.23095703125,49.5406494140625,49.5406494140625,0.17686083912849426,0.17686083912849426,0.4284450113773346,0.4284450113773346,0.3946942090988159,0.3946942090988159,0.036845918744802475,0.036845918744802475,-0.9396151900291443,-0.9396151900291443,-1.3438032865524292,-1.3438032865524292,0.3620516061782837,0.3620516061782837,0.0,0.0,-0.07875247299671173,-0.07875247299671173,0.19822004437446594,0.19822004437446594,0.5500251054763794,0.5500251054763794,-0.25379320979118347,-0.25379320979118347,-0.09985024482011795,-0.09985024482011795,-65.79830169677734,-65.79830169677734,-42.8934211730957,-42.8934211730957,-31.01739501953125,-31.01739501953125,19.010454177856445,19.010454177856445,0.0,0.0,180.0
220,0.9166666666666666,-0.21280461165726014,9.610096408506916,86.02817870989747,-0.21280461165726014,9.610096408506916,86.02817870989747,5.0,-5.0,0.0,0.0,12.0,0,0.5,0.0,0.0,3.2,3.2,3.2,9.610095024108887,9.61009407043457,9.610095977783203,9.610095977783203,-0.17962811887264252,-0.17922723293304443,6.520716190338135,6.667327404022217,0.1275550127029419,0.1275550127029419,0.0,0.0,nan,nan,12.299224853515625,12.299224853515625,24.59844970703125,0.0,-2.3036234378814697,0.2183850258588791,0.0,0.0,0.0,0.2183850258588791,0.0,-2.3036234378814697,0.0,0.0,0.0,0.6712524890899658,0.6794937252998352,-2.1076245307922363,0.0,0.0,0.0,0.0,-2.3036234378814697,0.2183850258588791,0.0,0.0,0.0,0.2183850258588791,0.0,-2.3036234378814697,-0.0,-0.0,-0.0,0.6712526082992554,-0.6794933080673218,-2.1076245307922363,0.0,0.0,0.0,2.9802322387695312e-08,5.820766091346741e-11,0.6000000238418579,-1.4901161193847656e-08,0.05600002408027649,0.6000000238418579,-1.4901161193847656e-08,-0.055999964475631714,0.6000000238418579,1.3425050973892212,4.172325134277344e-07,-4.215249061584473,0.0,0.0,0.0,-1.2665987014770508e-07,-1.8843631721665588e-07,-3.3527612686157227e-08,29.69633674621582,29.696338653564453,50.22344207763672,50.22344207763672,0.17686083912849426,0.17686083912849426,0.4142872393131256,0.4142872393131256,0.4088520109653473,0.4088520109653473,0.05313779413700104,0.05313779413700104,-1.2504260540008545,-1.2504260540008545,-1.1967494487762451,-1.1967494487762451,0.42664146423339844,0.42664146423339844,0.0,0.0,-0.07944038510322571,-0.07944038510322571,0.2183850258588791,0.2183850258588791,0.5500251054763794,0.5500251054763794,-0.269573837518692,-0.269573837518692,-0.10698913782835007,-0.10698913782835007,-68.5693359375,-68.5693359375,-44.539310455322266,-44.539310455322266,-32.643978118896484,-32.643978118896484,19.308364868164062,19.308364868164062,0.0,0.0,180.0
221,0.9208333333333333,-0.17206302957362735,9.934424048604463,69.5580276303725,-0.17206302957362735,9.934424048604463,69.5580276303725,5.0,-5.0,0.0,0.0,12.0,0,0.5,0.0,0.0,3.2,3.2,3.2,9.934423446655273,9.93442440032959,9.93442440032959,9.93442440032959,-0.13898254930973053,-0.13850978016853333,6.275050163269043,6.445908069610596,0.13185980916023254,0.13185980916023254,0.0,0.0,nan,nan,13.11876392364502,13.11876392364502,26.23752784729004,0.0,-2.410797357559204,0.24606427550315857,0.0,0.0,0.0,0.24606427550315857,0.0,-2.410797357559204,0.0,0.0,0.0,0.7252426743507385,0.6166935563087463,-2.2284979820251465,0.0,0.0,0.0,0.0,-2.410797357559204,0.24606427550315857,0.0,0.0,0.0,0.24606427550315857,0.0,-2.410797357559204,-0.0,-0.0,-0.0,0.7252426743507385,-0.6166930198669434,-2.2284982204437256,0.0,0.0,0.0,2.9802322387695312e-08,5.820766091346741e-11,0.6000000238418579,0.0,0.05600005388259888,0.6000000834465027,0.0,-0.055999964475631714,0.6000000834465027,1.450485348701477,5.364418029785156e-07,-4.456995964050293,0.0,0.0,0.0,-1.7881393432617188e-07,-4.637317374545091e-08,-6.332993507385254e-08,30.067142486572266,30.067142486572266,50.75382995605469,50.75382995605469,0.16216474771499634,0.16216474771499634,0.4148221015930176,0.4148221015930176,0.42301318049430847,0.42301318049430847,0.06213124841451645,0.06213124841451645,-1.539008378982544,-1.539008378982544,-1.0423979759216309,-1.0423979759216309,0.4898812174797058,0.4898812174797058,0.0,0.0,-0.08004043996334076,-0.08004043996334076,0.24606427550315857,0.24606427550315857,0.5500251054763794,0.5500251054763794,-0.28407591581344604,-0.28407591581344604,-0.11252082139253616,-0.11252082139253616,-70.86294555664062,-70.86294555664062,-45.909996032714844,-45.909996032714844,-33.994625091552734,-33.994625091552734,19.555011749267578,19.555011749267578,0.0,0.0,180.0
222,0.9249999999999999,-0.13011454896465346,10.189068841874866,52.59997696439503,-0.13011454896465346,10.189068841874866,52.59997696439503,5.0,-5.0,0.0,0.0,12.0,0,0.5,0.0,0.0,3.2,3.2,3.2,10.189066886901855,10.189064979553223,10.189069747924805,10.189069747924805,-0.09737163782119751,-0.09683024883270264,5.983852386474609,6.177731037139893,0.13523972034454346,0.13523972034454346,0.0,0.0,nan,nan,13.721851348876953,13.721851348876953,27.443702697753906,0.0,-2.4847750663757324,0.26751089096069336,0.0,0.0,0.0,0.26751089096069336,0.0,-2.4847750663757324,0.0,0.0,0.0,0.7661922574043274,0.5343220829963684,-2.3179988861083984,0.0,0.0,0.0,0.0,-2.4847750663757324,0.26751089096069336,0.0,0.0,0.0,0.26751089096069336,0.0,-2.4847750663757324,-0.0,-0.0,-0.0,0.7661920785903931,-0.5343216061592102,-2.3179991245269775,0.0,0.0,0.0,2.9802322387695312e-08,5.820766091346741e-11,0.6000000238418579,-5.960464477539063e-08,0.05600002408027649,0.6000000238418579,-1.043081283569336e-07,-0.055999934673309326,0.5999999642372131,1.5323843955993652,4.76837158203125e-07,-4.635997772216797,0.0,0.0,0.0,-2.2351741790771484e-07,-5.637817821479985e-07,-5.587935447692871e-08,30.350154876708984,30.350149154663086,51.15026092529297,51.1502571105957,0.16216474771499634,0.16216474771499634,0.40066051483154297,0.40066051483154297,0.43717479705810547,0.43717479705810547,0.07163921743631363,0.07163921743631363,-1.8014448881149292,-1.8014448881149292,-0.8817076683044434,-0.8817076683044434,0.5489175319671631,0.5489175319671631,0.0,0.0,-0.08053116500377655,-0.08053116500377655,0.26751089096069336,0.26751089096069336,0.5500251054763794,0.5500251054763794,-0.29720956087112427,-0.29720956087112427,-0.11641835421323776,-0.11641835421323776,-72.66558837890625,-72.66558837890625,-46.99736404418945,-46.99736404418945,-35.061363220214844,-35.061363220214844,19.74866485595703,19.74866485595703,0.0,0.0,180.0
223,0.9291666666666667,-0.0872534082818652,10.372244638055388,35.27297525304294,-0.0872534082818652,10.372244638055388,35.27297525304294,5.0,-5.0,0.0,0.0,12.0,0,0.5,0.0,0.0,3.2,3.2,3.2,10.37224292755127,10.372241973876953,10.372244834899902,10.372244834899902,-0.05510183423757553,-0.05449541658163071,5.646818161010742,5.862277984619141,0.13767102360725403,0.13767102360725403,0.0,0.0,nan,nan,13.97764778137207,13.97764778137207,27.95529556274414,0.0,-2.5034337043762207,0.26274335384368896,0.0,0.0,0.0,0.26274335384368896,0.0,-2.5034337043762207,0.0,0.0,0.0,0.7696464657783508,0.4330834746360779,-2.357180118560791,0.0,0.0,0.0,0.0,-2.5034337043762207,0.26274335384368896,0.0,0.0,0.0,0.26274335384368896,0.0,-2.5034337043762207,-0.0,-0.0,-0.0,0.769646406173706,-0.4330829083919525,-2.357180118560791,0.0,0.0,0.0,2.9802322387695312e-08,5.820766091346741e-11,0.6000000238418579,-2.9802322387695312e-08,0.05600005388259888,0.6000000238418579,-2.9802322387695312e-08,-0.05599990487098694,0.6000000238418579,1.539292812347412,5.662441253662109e-07,-4.714360237121582,0.0,0.0,0.0,-3.5762786865234375e-07,-2.809977672768582e-07,-1.1920928955078125e-07,30.550846099853516,30.550840377807617,51.42658996582031,51.42658996582031,0.16216474771499634,0.16216474771499634,0.40066051483154297,0.40066051483154297,0.43717479705810547,0.43717479705810547,0.0920536071062088,0.0920536071062088,-2.0341031551361084,-2.0341031551361084,-0.7156213521957397,-0.7156213521957397,0.601064145565033,0.601064145565033,0.0,0.0,-0.08089495450258255,-0.08089495450258255,0.26274335384368896,0.26274335384368896,0.5500251054763794,0.5500251054763794,-0.3088942766189575,-0.3088942766189575,-0.11866599321365356,-0.11866599321365356,-73.96683502197266,-73.96683502197266,-47.795101165771484,-47.795101165771484,-35.83802032470703,-35.83802032470703,19.887969970703125,19.887969970703125,0.0,0.0,180.0
224,0.9333333333333333,-0.043780247631466984,10.482666590547439,17.698558963888473,-0.043780247631466984,10.482666590547439,17.698558963888473,5.0,-5.0,0.0,0.0,12.0,0,0.5,0.0,0.0,3.2,3.2,3.2,10.482666015625,10.482665061950684,10.482666969299316,10.482666969299316,-0.012429925613105297,-0.011762860231101513,5.272672176361084,5.508254051208496,0.1391366571187973,0.1391366571187973,0.0,0.0,nan,nan,14.178279876708984,14.178279876708984,28.35655975341797,0.0,-2.5254220962524414,0.28805485367774963,0.0,0.0,0.0,0.28805485367774963,0.0,-2.5254220962524414,0.0,0.0,0.0,0.8023664951324463,0.3283762037754059,-2.389374256134033,0.0,0.0,0.0,0.0,-2.5254220962524414,0.28805485367774963,0.0,0.0,0.0,0.28805485367774963,0.0,-2.5254220962524414,-0.0,-0.0,-0.0,0.8023664951324463,-0.3283756375312805,-2.389374256134033,0.0,0.0,0.0,2.9802322387695312e-08,5.820766091346741e-11,0.6000000238418579,-7.450580596923828e-08,0.05600002408027649,0.6000000238418579,1.4901161193847656e-08,-0.055999964475631714,0.6000000238418579,1.6047329902648926,5.662441253662109e-07,-4.778748512268066,0.0,0.0,0.0,-1.4901161193847656e-07,-2.848356075446645e-07,-7.82310962677002e-08,30.673311233520508,30.673315048217773,51.59248352050781,51.592491149902344,0.16216474771499634,0.16216474771499634,0.3865005671977997,0.3865005671977997,0.45133471488952637,0.45133471488952637,0.0920536071062088,0.0920536071062088,-2.233773708343506,-2.233773708343506,-0.545070230960846,-0.545070230960846,0.6439345479011536,0.6439345479011536,0.0,0.0,-0.081118643283844,-0.081118643283844,0.28805485367774963,0.28805485367774963,0.5500251054763794,0.5500251054763794,-0.31905844807624817,-0.31905844807624817,-0.11925835907459259,-0.11925835907459259,-74.75922393798828,-74.75922393798828,-48.298641204833984,-48.298641204833984,-36.32017517089844,-36.32017517089844,19.97194480895996,19.97194480895996,0.0,0.0,180.0
225,0.9375,-3.844411231883371e-16,10.519560168692351,1.5541378258449807e-13,-3.844411231883371e-16,10.519560168692351,1.5541378258449807e-13,5.0,-5.0,0.0,0.0,12.0,0,0.5,0.0,0.0,3.2,3.2,3.2,10.519556045532227,10.519559860229492,10.519559860229492,10.519560813903809,0.0303034670650959,0.031026676297187805,4.857425689697266,5.111388206481934,0.13962633907794952,0.13962633907794952,0.0,0.0,nan,nan,14.002890586853027,14.002890586853027,28.005781173706055,0.0,-2.4895291328430176,0.28657329082489014,0.0,0.0,0.0,0.28657329082489014,0.0,-2.4895291328430176,0.0,0.0,0.0,0.7959718704223633,0.21536652743816376,-2.3664162158966064,0.0,0.0,0.0,0.0,-2.4895291328430176,0.28657329082489014,0.0,0.0,0.0,0.28657329082489014,0.0,-2.4895291328430176,-0.0,-0.0,-0.0,0.7959719896316528,-0.21536600589752197,-2.3664162158966064,0.0,0.0,0.0,2.9802322387695312e-08,5.820766091346741e-11,0.6000000238418579,-8.940696716308594e-08,0.05600005388259888,0.6000000238418579,4.470348358154297e-08,-0.055999964475631714,0.6000000238418579,1.5919438600540161,5.21540641784668e-07,-4.732832431793213,0.0,0.0,0.0,-2.086162567138672e-07,-2.4683643573553127e-07,-9.685754776000977e-08,30.720157623291016,30.72016143798828,51.65367126464844,51.65367889404297,0.16216474771499634,0.16216474771499634,0.3865005671977997,0.3865005671977997,0.45133471488952637,0.45133471488952637,0.10289160162210464,0.10289160162210464,-2.3977932929992676,-2.3977932929992676,-0.37098217010498047,-0.37098217010498047,0.6755634546279907,0.6755634546279907,0.0,0.0,-0.08119413256645203,-0.08119413256645203,0.28657329082489014,0.28657329082489014,0.5500251054763794,0.5500251054763794,-0.3276394307613373,-0.3276394307613373,-0.11819988489151001,-0.11819988489151001,-75.03823852539062,-75.03823852539062,-48.505104064941406,-48.505104064941406,-36.505104064941406,-36.505104064941406,20.0,20.0,0.0,0.0,180.0
226,0.9416666666666667,0.04378024763146622,10.482666590547442,-17.698558963888164,0.04378024763146622,10.482666590547442,-17.698558963888164,5.0,-5.0,0.0,0.0,12.0,0,0.5,0.0,0.0,3.2,3.2,3.2,10.482666969299316,10.482665061950684,10.482666969299316,10.482666969299316,0.07282542437314987,0.07359971851110458,4.408284664154053,4.678859233856201,0.1391366571187973,0.1391366571187973,0.0,0.0,nan,nan,13.65489387512207,13.65489387512207,27.30978775024414,0.0,-2.4357106685638428,0.2984921932220459,0.0,0.0,0.0,0.2984921932220459,0.0,-2.4357106685638428,0.0,0.0,0.0,0.797916829586029,0.10430653393268585,-2.318239212036133,0.0,0.0,0.0,0.0,-2.4357106685638428,0.2984921932220459,0.0,0.0,0.0,0.2984921932220459,0.0,-2.4357106685638428,-0.0,-0.0,-0.0,0.7979167103767395,-0.10430599749088287,-2.318239212036133,0.0,0.0,0.0,2.9802322387695312e-08,5.820766091346741e-11,0.6000000238418579,0.0,0.05600002408027649,0.6000000238418579,-7.450580596923828e-09,-0.055999964475631714,0.6000000238418579,1.5958335399627686,5.364418029785156e-07,-4.636478424072266,0.0,0.0,0.0,-1.341104507446289e-07,-1.5545005283001956e-07,-5.587935447692871e-08,30.692440032958984,30.69243812561035,51.6121711730957,51.6121711730957,0.16216474771499634,0.16216474771499634,0.3865005671977997,0.3865005671977997,0.45133471488952637,0.45133471488952637,0.10289160162210464,0.10289160162210464,-2.5241403579711914,-2.5241403579711914,-0.1942918449640274,-0.1942918449640274,0.6945055723190308,0.6945055723190308,0.0,0.0,-0.081118643283844,-0.081118643283844,0.2984921932220459,0.2984921932220459,0.5500251054763794,0.5500251054763794,-0.3345832824707031,-0.3345832824707031,-0.11550433188676834,-0.11550433188676834,-74.80229187011719,-74.80229187011719,-48.41332244873047,-48.41332244873047,-36.391788482666016,-36.391788482666016,19.97194480895996,19.97194480895996,0.0,0.0,180.0
227,0.9458333333333333,0.08725340828186445,10.37224463805539,-35.27297525304263,0.08725340828186445,10.37224463805539,-35.27297525304263,5.0,-5.0,0.0,0.0,12.0,0,0.5,0.0,0.0,3.2,3.2,3.2,10.372244834899902,10.372241973876953,10.372244834899902,10.372244834899902,0.11483742296695709,0.11565737426280975,3.9283628463745117,4.213652610778809,0.13767102360725403,0.13767102360725403,0.0,0.0,nan,nan,13.138277053833008,13.138277053833008,26.276554107666016,0.0,-2.3639440536499023,0.3253336548805237,0.0,0.0,0.0,0.3253336548805237,0.0,-2.3639440536499023,0.0,0.0,0.0,0.8097151517868042,-0.0015036483528092504,-2.244645357131958,0.0,0.0,0.0,0.0,-2.3639440536499023,0.3253336548805237,0.0,0.0,0.0,0.3253336548805237,0.0,-2.3639440536499023,-0.0,-0.0,-0.0,0.8097150921821594,0.0015041462611407042,-2.244645357131958,0.0,0.0,0.0,2.9802322387695312e-08,5.820766091346741e-11,0.6000000238418579,-7.450580596923828e-08,0.05600002408027649,0.6000000238418579,-5.960464477539063e-08,-0.055999934673309326,0.6000000238418579,1.6194303035736084,4.979083314538002e-07,-4.489290714263916,0.0,0.0,0.0,-1.9371509552001953e-07,-4.348216862126719e-07,-7.82310962677002e-08,30.58956527709961,30.589563369750977,51.4663200378418,51.46631622314453,0.16216474771499634,0.16216474771499634,0.40066051483154297,0.40066051483154297,0.43717479705810547,0.43717479705810547,0.0920536071062088,0.0920536071062088,-2.6114978790283203,-2.6114978790283203,-0.01595245487987995,-0.01595245487987995,0.6999051570892334,0.6999051570892334,0.0,0.0,-0.08089495450258255,-0.08089495450258255,0.3253336548805237,0.3253336548805237,0.5500251054763794,0.5500251054763794,-0.3398449420928955,-0.3398449420928955,-0.11119413375854492,-0.11119413375854492,-74.05267333984375,-74.05267333984375,-48.02378463745117,-48.02378463745117,-35.980865478515625,-35.980865478515625,19.887969970703125,19.887969970703125,0.0,0.0,180.0
228,0.95,0.1301145489646509,10.189068841874878,-52.599976964394,0.1301145489646509,10.189068841874878,-52.599976964394,5.0,-5.0,0.0,0.0,12.0,0,0.5,0.0,0.0,3.2,3.2,3.2,10.189068794250488,10.189066886901855,10.189069747924805,10.189069747924805,0.15601707994937897,0.15687713027000427,3.4165797233581543,3.7144956588745117,0.13523972034454346,0.13523972034454346,0.0,0.0,nan,nan,12.26901912689209,12.26901912689209,24.53803825378418,0.0,-2.233710289001465,0.32290419936180115,0.0,0.0,0.0,0.32290419936180115,0.0,-2.233710289001465,0.0,0.0,0.0,0.7798225283622742,-0.09712855517864227,-2.115696668624878,0.0,0.0,0.0,0.0,-2.233710289001465,0.32290419936180115,0.0,0.0,0.0,0.32290419936180115,0.0,-2.233710289001465,-0.0,-0.0,-0.0,0.779822587966919,0.0971289798617363,-2.115696668624878,0.0,0.0,0.0,2.9802322387695312e-08,5.820766091346741e-11,0.6000000238418579,-2.9802322387695312e-08,0.05600005388259888,0.6000000238418579,-2.2351741790771484e-08,-0.055999964475631714,0.6000000238418579,1.559645175933838,4.246830940246582e-07,-4.231393337249756,0.0,0.0,0.0,-1.862645149230957e-07,-2.3644753355256398e-07,-6.332993507385254e-08,30.40932273864746,30.40932273864746,51.21076583862305,51.21076583862305,0.16216474771499634,0.16216474771499634,0.40066051483154297,0.40066051483154297,0.43717479705810547,0.43717479705810547,0.0920536071062088,0.0920536071062088,-2.659290075302124,-2.659290075302124,0.16305354237556458,0.16305354237556458,0.691534161567688,0.691534161567688,0.0,0.0,-0.08053116500377655,-0.08053116500377655,0.32290419936180115,0.32290419936180115,0.5500251054763794,0.5500251054763794,-0.34338799118995667,-0.34338799118995667,-0.10530014336109161,-0.10530014336109161,-72.7935791015625,-72.7935791015625,-47.33867263793945,-47.33867263793945,-35.27467346191406,-35.27467346191406,19.74866485595703,19.74866485595703,0.0,0.0,180.0
229,0.9541666666666666,0.17206302957362662,9.934424048604466,-69.5580276303722,0.17206302957362662,9.934424048604466,-69.5580276303722,5.0,-5.0,0.0,0.0,12.0,0,0.5,0.0,0.0,3.2,3.2,3.2,9.93442153930664,9.934420585632324,9.934423446655273,9.934423446655273,0.1961033046245575,0.19699741899967194,2.880990505218506,3.189445972442627,0.13185980916023254,0.13185980916023254,0.0,0.0,nan,nan,11.273716926574707,11.273716926574707,22.547433853149414,0.0,-2.08703875541687,0.33459872007369995,0.0,0.0,0.0,0.33459872007369995,0.0,-2.08703875541687,0.0,0.0,0.0,0.7596229314804077,-0.1781114935874939,-1.9644176959991455,0.0,0.0,0.0,0.0,-2.08703875541687,0.33459872007369995,0.0,0.0,0.0,0.33459872007369995,0.0,-2.08703875541687,-0.0,-0.0,-0.0,0.7596229314804077,0.1781119406223297,-1.964417576789856,0.0,0.0,0.0,2.9802322387695312e-08,5.820766091346741e-11,0.6000000238418579,-9.685754776000977e-08,0.055999964475631714,0.6000000238418579,-1.043081283569336e-07,-0.055999934673309326,0.6000000238418579,1.5192458629608154,4.470348358154297e-07,-3.928835391998291,0.0,0.0,0.0,-6.705522537231445e-08,-5.12261806306924e-07,-2.60770320892334e-08,30.147859573364258,30.147859573364258,50.836212158203125,50.836212158203125,0.16216474771499634,0.16216474771499634,0.4148221015930176,0.4148221015930176,0.42301318049430847,0.42301318049430847,0.08162510395050049,0.08162510395050049,-2.667684555053711,-2.667684555053711,0.341704398393631,0.341704398393631,0.6697961688041687,0.6697961688041687,0.0,0.0,-0.08004043996334076,-0.08004043996334076,0.33459872007369995,0.33459872007369995,0.5500251054763794,0.5500251054763794,-0.34518536925315857,-0.34518536925315857,-0.0978614017367363,-0.0978614017367363,-71.0322036743164,-71.0322036743164,-46.36188888549805,-46.36188888549805,-34.277259826660156,-34.277259826660156,19.555011749267578,19.555011749267578,0.0,0.0,180.0
230,0.9583333333333334,0.21280461165725945,9.610096408506923,-86.0281787098972,0.21280461165725945,9.610096408506923,-86.0281787098972,5.0,-5.0,0.0,0.0,12.0,0,0.5,0.0,0.0,3.2,3.2,3.2,9.610095024108887,9.61009407043457,9.610095977783203,9.610095977783203,0.23480167984962463,0.23572362959384918,2.3232007026672363,2.6399898529052734,0.1275550127029419,0.1275550127029419,0.0,0.0,nan,nan,10.088447570800781,10.088447570800781,20.176895141601562,0.0,-1.9051073789596558,0.3375093936920166,0.0,0.0,0.0,0.3375093936920166,0.0,-1.9051073789596558,0.0,0.0,0.0,0.7230781316757202,-0.23976221680641174,-1.7784876823425293,0.0,0.0,0.0,0.0,-1.9051073789596558,0.3375093936920166,0.0,0.0,0.0,0.3375093936920166,0.0,-1.9051073789596558,-0.0,-0.0,-0.0,0.7230781316757202,0.23976269364356995,-1.7784876823425293,0.0,0.0,0.0,2.9802322387695312e-08,5.820766091346741e-11,0.6000000238418579,-5.960464477539063e-08,0.05600005388259888,0.6000000238418579,-8.940696716308594e-08,-0.055999934673309326,0.6000000834465027,1.4461562633514404,4.76837158203125e-07,-3.5569753646850586,0.0,0.0,0.0,-2.2351741790771484e-07,-3.279226348240627e-07,-9.313225746154785e-08,29.7998104095459,29.7998104095459,50.329254150390625,50.329254150390625,0.17686083912849426,0.17686083912849426,0.4142872393131256,0.4142872393131256,0.4088520109653473,0.4088520109653473,0.07163921743631363,0.07163921743631363,-2.637561559677124,-2.637561559677124,0.5189313292503357,0.5189313292503357,0.6356925964355469,0.6356925964355469,0.0,0.0,-0.07944038510322571,-0.07944038510322571,0.3375093936920166,0.3375093936920166,0.5500251054763794,0.5500251054763794,-0.3452191650867462,-0.3452191650867462,-0.0889248326420784,-0.0889248326420784,-68.77867889404297,-68.77867889404297,-45.09904098510742,-45.09904098510742,-32.99436950683594,-32.99436950683594,19.308364868164062,19.308364868164062,0.0,0.0,180.0
231,0.9625,0.2520535222900174,9.21836084694846,-101.8949039269327,0.2520535222900174,9.21836084694846,-101.8949039269327,5.0,-5.0,0.0,0.0,12.0,0,0.5,0.0,0.0,3.2,3.2,3.2,9.218360900878906,9.218358993530273,9.21835994720459,9.218360900878906,0.27184125781059265,0.2727847099304199,1.7472285032272339,2.070098638534546,0.12235549092292786,0.12235549092292786,0.0,0.0,nan,nan,8.756246566772461,8.756246566772461,17.512493133544922,0.0,-1.690088152885437,0.33104151487350464,0.0,0.0,0.0,0.33104151487350464,0.0,-1.690088152885437,0.0,0.0,0.0,0.6703983545303345,-0.27832818031311035,-1.5617573261260986,0.0,0.0,0.0,0.0,-1.690088152885437,0.33104151487350464,0.0,0.0,0.0,0.33104151487350464,0.0,-1.690088152885437,-0.0,-0.0,-0.0,0.6703983545303345,0.2783285677433014,-1.561757206916809,0.0,0.0,0.0,2.9802322387695312e-08,5.820766091346741e-11,0.6000000238418579,-1.4901161193847656e-08,0.05600002408027649,0.6000000238418579,-7.450580596923828e-08,-0.055999964475631714,0.6000000238418579,1.340796709060669,3.8743019104003906e-07,-3.1235146522521973,0.0,0.0,0.0,-9.685754776000977e-08,-2.3271996951734764e-07,-5.960464477539063e-08,29.358362197875977,29.35836410522461,49.671852111816406,49.67185974121094,0.17686083912849426,0.17686083912849426,0.4284450113773346,0.4284450113773346,0.3946942090988159,0.3946942090988159,0.06213124841451645,0.06213124841451645,-2.5704574584960938,-2.5704574584960938,0.6936150193214417,0.6936150193214417,0.5907623767852783,0.5907623767852783,0.0,0.0,-0.07875247299671173,-0.07875247299671173,0.33104151487350464,0.33104151487350464,0.5500251054763794,0.5500251054763794,-0.3434816300868988,-0.3434816300868988,-0.07854551076889038,-0.07854551076889038,-66.04624938964844,-66.04624938964844,-43.557525634765625,-43.557525634765625,-31.433547973632812,-31.433547973632812,19.010454177856445,19.010454177856445,0.0,0.0,180.0
232,0.9666666666666667,0.28953445856411686,8.761965107431786,-117.04690960430827,0.28953445856411686,8.761965107431786,-117.04690960430827,5.0,-5.0,0.0,0.0,12.0,0,0.5,0.0,0.0,3.2,3.2,3.2,8.761963844299316,8.761962890625,8.761964797973633,8.761964797973633,0.30696311593055725,0.3079216182231903,1.1572511196136475,1.4838964939117432,0.11629774421453476,0.11629774421453476,0.0,0.0,nan,nan,7.325468063354492,7.325468063354492,14.650936126708984,0.0,-1.4446325302124023,0.315110981464386,0.0,0.0,0.0,0.315110981464386,0.0,-1.4446325302124023,0.0,0.0,0.0,0.6024181246757507,-0.29113295674324036,-1.318556785583496,0.0,0.0,0.0,0.0,-1.4446325302124023,0.315110981464386,0.0,0.0,0.0,0.315110981464386,0.0,-1.4446325302124023,-0.0,-0.0,-0.0,0.6024181246757507,0.2911333441734314,-1.318556785583496,0.0,0.0,0.0,2.9802322387695312e-08,5.820766091346741e-11,0.6000000238418579,5.21540641784668e-08,0.056000083684921265,0.6000000238418579,-1.4901161193847656e-08,-0.055999934673309326,0.6000000238418579,1.2048362493515015,3.8743019104003906e-07,-2.637113571166992,0.0,0.0,0.0,-2.0116567611694336e-07,-2.9472040807831945e-08,-1.0803341865539551e-07,28.815385818481445,28.815385818481445,48.84086227416992,48.84086227416992,0.17686083912849426,0.17686083912849426,0.442595511674881,0.442595511674881,0.38054367899894714,0.38054367899894714,0.05313779413700104,0.05313779413700104,-2.468468427658081,-2.468468427658081,0.8645848035812378,0.8645848035812378,0.5369886755943298,0.5369886755943298,0.0,0.0,-0.07800103724002838,-0.07800103724002838,0.315110981464386,0.315110981464386,0.5500251054763794,0.5500251054763794,-0.339974969625473,-0.339974969625473,-0.06678640842437744,-0.06678640842437744,-62.851280212402344,-62.851280212402344,-41.74654769897461,-41.74654769897461,-29.604137420654297,-29.604137420654297,18.66337013244629,18.66337013244629,0.0,0.0,180.0
233,0.9708333333333333,0.32498451864161204,8.244110478149702,-131.37791530889876,0.32498451864161204,8.244110478149702,-131.37791530889876,5.0,-5.0,0.0,0.0,12.0,0,0.5,0.0,0.0,3.2,3.2,3.2,8.244109153747559,8.244109153747559,8.244110107421875,8.244110107421875,0.33993449807167053,0.3409012258052826,0.5595709681510925,0.8877114057540894,0.10942424833774567,0.10942424833774567,0.0,0.0,nan,nan,5.931056022644043,5.931056022644043,11.862112045288086,0.0,-1.1903667449951172,0.3062489628791809,0.0,0.0,0.0,0.3062489628791809,0.0,-1.1903667449951172,0.0,0.0,0.0,0.5400496125221252,-0.28106507658958435,-1.067759394645691,0.0,0.0,0.0,0.0,-1.1903667449951172,0.3062489628791809,0.0,0.0,0.0,0.3062489628791809,0.0,-1.1903667449951172,-0.0,-0.0,-0.0,0.5400496125221252,0.28106531500816345,-1.067759394645691,0.0,0.0,0.0,2.9802322387695312e-08,5.820766091346741e-11,0.6000000238418579,2.2351741790771484e-08,0.05600002408027649,0.6000000238418579,-5.960464477539063e-08,-0.055999964475631714,0.6000000238418579,1.0800992250442505,2.384185791015625e-07,-2.135518789291382,0.0,0.0,0.0,-6.332993507385254e-08,-1.0342055389855886e-07,-5.4016709327697754e-08,28.16154670715332,28.16154670715332,47.80735778808594,47.80735778808594,0.17686083912849426,0.17686083912849426,0.4708550274372101,0.4708550274372101,0.35228419303894043,0.35228419303894043,0.036845918744802475,0.036845918744802475,-2.3341426849365234,-2.3341426849365234,1.030624270439148,1.030624270439148,0.4766918122768402,0.4766918122768402,0.0,0.0,-0.07721249014139175,-0.07721249014139175,0.3062489628791809,0.3062489628791809,0.5500251054763794,0.5500251054763794,-0.3347128629684448,-0.3347128629684448,-0.05371897295117378,-0.05371897295117378,-59.21332931518555,-59.21332931518555,-39.67715072631836,-39.67715072631836,-27.517303466796875,-27.517303466796875,18.269546508789062,18.269546508789062,0.0,0.0,180.0
234,0.975,0.35815504582188934,7.668429337248626,-144.78739933249864,0.35815504582188934,7.668429337248626,-144.78739933249864,5.0,-5.0,0.0,0.0,12.0,0,0.5,0.0,0.0,3.2,3.2,3.2,7.668428897857666,7.668426990509033,7.668429374694824,7.668429374694824,0.370510458946228,0.3714786767959595,-0.04379791021347046,0.28349900245666504,0.10178322345018387,0.10178322345018387,0.0,0.0,nan,nan,4.524198055267334,4.524198055267334,9.048396110534668,0.0,-0.9088667631149292,0.28370341658592224,0.0,0.0,0.0,0.28370341658592224,0.0,-0.9088667631149292,0.0,0.0,0.0,0.4595438241958618,-0.24376994371414185,-0.7974472045898438,0.0,0.0,0.0,0.0,-0.9088667631149292,0.28370341658592224,0.0,0.0,0.0,0.28370341658592224,0.0,-0.9088667631149292,-0.0,-0.0,-0.0,0.4595438539981842,0.24377010762691498,-0.7974472045898438,0.0,0.0,0.0,2.9802322387695312e-08,5.820766091346741e-11,0.6000000238418579,7.450580596923828e-09,0.05600002408027649,0.6000000238418579,-7.450580596923828e-08,-0.055999934673309326,0.6000000238418579,0.9190876483917236,1.6391277313232422e-07,-1.5948944091796875,0.0,0.0,0.0,-7.078051567077637e-08,-1.0100455938300001e-07,-5.960464477539063e-08,27.38654899597168,27.38654899597168,46.53596496582031,46.53596496582031,0.17686083912849426,0.17686083912849426,0.5130407214164734,0.5130407214164734,0.31009846925735474,0.31009846925735474,0.023084618151187897,0.023084618151187897,-2.1703362464904785,-2.1703362464904785,1.1904804706573486,1.1904804706573486,0.41240477561950684,0.41240477561950684,0.0,0.0,-0.0764143317937851,-0.0764143317937851,0.28370341658592224,0.28370341658592224,0.5500251054763794,0.5500251054763794,-0.3277202248573303,-0.3277202248573303,-0.039422933012247086,-0.039422933012247086,-55.155208587646484,-55.155208587646484,-37.36227035522461,-37.36227035522461,-25.186107635498047,-25.186107635498047,17.831748962402344,17.831748962402344,0.0,0.0,180.0
235,0.9791666666666666,0.38881337268977156,7.03895967430563,-157.18130377938397,0.38881337268977156,7.03895967430563,-157.18130377938397,5.0,-5.0,0.0,0.0,12.0,0,0.5,0.0,0.0,3.2,3.2,3.2,7.038959980010986,7.038959503173828,7.038959503173828,7.038959503173828,0.39849087595939636,0.39945387840270996,-0.6463235020637512,-0.3221508860588074,0.09342825412750244,0.09342825412750244,0.0,0.0,nan,nan,3.2416629791259766,3.2416629791259766,6.483325958251953,0.0,-0.6232374906539917,0.26232975721359253,0.0,0.0,0.0,0.26232975721359253,0.0,-0.6232374906539917,0.0,0.0,0.0,0.38030362129211426,-0.18548639118671417,-0.5274522304534912,0.0,0.0,0.0,0.0,-0.6232374906539917,0.26232975721359253,0.0,0.0,0.0,0.26232975721359253,0.0,-0.6232374906539917,-0.0,-0.0,-0.0,0.38030359148979187,0.18548646569252014,-0.5274522304534912,0.0,0.0,0.0,2.9802322387695312e-08,5.820766091346741e-11,0.6000000238418579,-4.470348358154297e-08,0.0559999942779541,0.6000000238418579,8.195638656616211e-08,-0.0559999942779541,0.6000000834465027,0.7606072425842285,7.450580596923828e-08,-1.0549044609069824,0.0,0.0,0.0,-1.1175870895385742e-08,1.0878384415491382e-08,2.0489096641540527e-08,26.479398727416992,26.479394912719727,44.98423385620117,44.984230041503906,0.1915258765220642,0.1915258765220642,0.5401012301445007,0.5401012301445007,0.26837289333343506,0.26837289333343506,0.004546067211776972,0.004546067211776972,-1.980057954788208,-1.980057954788208,1.3428773880004883,1.3428773880004883,0.3467501997947693,0.3467501997947693,0.0,0.0,-0.07563425600528717,-0.07563425600528717,0.26232975721359253,0.26232975721359253,0.5500251054763794,0.5500251054763794,-0.31903430819511414,-0.31903430819511414,-0.02398669347167015,-0.02398669347167015,-50.702972412109375,-50.702972412109375,-34.81670379638672,-34.81670379638672,-22.625465393066406,-22.625465393066406,17.353044509887695,17.353044509887695,0.0,0.0,180.0
236,0.9833333333333333,0.4167444531102591,6.360116766732901,-168.47269431486833,0.4167444531102591,6.360116766732901,-168.47269431486833,5.0,-5.0,0.0,0.0,12.0,0,0.5,0.0,0.0,3.2,3.2,3.2,6.360116004943848,6.360115051269531,6.360116958618164,6.360116958618164,0.4236419200897217,0.42459312081336975,-1.2498058080673218,-0.9311451315879822,0.08441796153783798,0.08441796153783798,0.0,0.0,nan,nan,1.8842790126800537,1.8842790126800537,3.7685580253601074,0.0,-0.2797703146934509,0.20742464065551758,0.0,0.0,0.0,0.20742464065551758,0.0,-0.2797703146934509,0.0,0.0,0.0,0.2579183876514435,-0.09069126844406128,-0.21575358510017395,0.0,0.0,0.0,0.0,-0.2797703146934509,0.20742464065551758,0.0,0.0,0.0,0.20742464065551758,0.0,-0.2797703146934509,-0.0,-0.0,-0.0,0.2579183876514435,0.09069131314754486,-0.21575358510017395,0.0,0.0,0.0,2.9802322387695312e-08,5.820766091346741e-11,0.6000000238418579,-5.21540641784668e-08,0.0559999942779541,0.6000000238418579,-8.940696716308594e-08,-0.055999964475631714,0.6000000238418579,0.515836775302887,4.470348358154297e-08,-0.4315071702003479,0.0,0.0,0.0,-6.51925802230835e-09,-4.3402216931553994e-08,-1.1175870895385742e-08,25.428874969482422,25.42887306213379,43.102203369140625,43.102203369140625,0.1915258765220642,0.1915258765220642,0.5944413542747498,0.5944413542747498,0.21403278410434723,0.21403278410434723,0.0,0.0,-1.7663062810897827,-1.7663062810897827,1.4865360260009766,1.4865360260009766,0.2823239266872406,0.2823239266872406,0.0,0.0,-0.07489929348230362,-0.07489929348230362,0.20742464065551758,0.20742464065551758,0.5500251054763794,0.5500251054763794,-0.30870485305786133,-0.30870485305786133,-0.00750750582665205,-0.00750750582665205,-45.8858757019043,-45.8858757019043,-32.057132720947266,-32.057132720947266,-19.85215187072754,-19.85215187072754,16.836793899536133,16.836793899536133,0.0,0.0,180.0
237,0.9874999999999999,0.4417523706226535,5.636662209779161,-178.58236994719735,0.4417523706226535,5.636662209779161,-178.58236994719735,5.0,-5.0,0.0,0.0,12.0,0,0.5,0.0,0.0,3.2,3.2,3.2,5.636660099029541,5.636661052703857,5.636662006378174,5.636662006378174,0.4458081126213074,0.446740984916687,-1.8466615676879883,-1.5357905626296997,0.074815534055233,0.074815534055233,0.0,0.0,nan,nan,0.6426632404327393,0.6426632404327393,1.2853264808654785,0.0,0.0882977768778801,0.1473601758480072,0.0,0.0,0.0,0.1473601758480072,0.0,0.0882977768778801,0.0,0.0,0.0,0.1269274652004242,0.030702628195285797,0.11161670088768005,0.0,0.0,0.0,0.0,0.0882977768778801,0.1473601758480072,0.0,0.0,0.0,0.1473601758480072,0.0,0.0882977768778801,-0.0,-0.0,-0.0,0.1269274652004242,-0.030702654272317886,0.11161669343709946,0.0,0.0,0.0,2.9802322387695312e-08,5.820766091346741e-11,0.6000000238418579,-1.1175870895385742e-07,0.05600005388259888,0.6000000238418579,-2.2351741790771484e-08,-0.055999964475631714,0.6000000238418579,0.2538549304008484,-2.60770320892334e-08,0.2232334017753601,0.0,0.0,0.0,1.0244548320770264e-08,2.16218403181756e-08,-1.3969838619232178e-08,24.224254608154297,24.224254608154297,40.83285140991211,40.83285140991211,0.20615608990192413,0.20615608990192413,0.6562954783439636,0.6562954783439636,0.13754841685295105,0.13754841685295105,0.0,0.0,-1.531897783279419,-1.531897783279419,1.6201953887939453,1.6201953887939453,0.2215951830148697,0.2215951830148697,0.0,0.0,-0.07423502206802368,-0.07423502206802368,0.1473601758480072,0.1473601758480072,0.5500251054763794,0.5500251054763794,-0.2967948317527771,-0.2967948317527771,0.0099087068811059,0.0099087068811059,-40.73635482788086,-40.73635482788086,-29.102060317993164,-29.102060317993164,-16.884780883789062,-16.884780883789062,16.2866153717041,16.2866153717041,0.0,0.0,180.0
238,0.9916666666666667,0.4636617126537713,4.873670517359999,-187.43941856560295,0.4636617126537713,4.873670517359999,-187.43941856560295,5.0,-5.0,0.0,0.0,12.0,0,0.5,0.0,0.0,3.2,3.2,3.2,4.873669147491455,4.873669147491455,4.87367057800293,4.87367057800293,0.4648441672325134,0.46575209498405457,-2.4310598373413086,-2.13016676902771,0.06468833237886429,0.06468833237886429,0.0,0.0,nan,nan,-0.3780896067619324,-0.3780896067619324,-0.7561792135238647,0.0,0.4633260667324066,0.09316865354776382,0.0,0.0,0.0,0.09316865354776382,0.0,0.4633260667324066,0.0,0.0,0.0,0.0015685046091675758,0.17058458924293518,0.44073787331581116,0.0,0.0,0.0,0.0,0.4633260667324066,0.09316865354776382,0.0,0.0,0.0,0.09316865354776382,0.0,0.4633260667324066,-0.0,-0.0,-0.0,0.0015685235848650336,-0.17058470845222473,0.44073784351348877,0.0,0.0,0.0,2.9802322387695312e-08,5.820766091346741e-11,0.6000000238418579,-9.685754776000977e-08,0.05600005388259888,0.6000000238418579,-5.21540641784668e-08,-0.055999934673309326,0.6000000238418579,0.0031370283104479313,-1.1920928955078125e-07,0.8814756870269775,0.0,0.0,0.0,5.4016709327697754e-08,9.194508265863988e-08,-6.759364623576403e-09,22.856346130371094,22.856342315673828,38.1137809753418,38.1137809753418,0.22074872255325317,0.22074872255325317,0.726113498210907,0.726113498210907,0.05313779413700104,0.05313779413700104,0.0,0.0,-1.279310941696167,-1.279310941696167,1.7426371574401855,1.7426371574401855,0.16683363914489746,0.16683363914489746,0.0,0.0,-0.07366497814655304,-0.07366497814655304,0.09316865354776382,0.09316865354776382,0.5500251054763794,0.5500251054763794,-0.2833802103996277,-0.2833802103996277,0.02814730815589428,0.02814730815589428,-35.289794921875,-35.289794921875,-25.971742630004883,-25.971742630004883,-13.743685722351074,-13.743685722351074,15.706368446350098,15.706368446350098,0.0,0.0,180.0
239,0.9958333333333333,0.48231880091110363,4.076493527988991,-194.98171433780718,0.48231880091110363,4.076493527988991,-194.98171433780718,5.0,-5.0,0.0,0.0,12.0,0,0.5,0.0,0.0,3.2,3.2,3.2,4.0764923095703125,4.076493740081787,4.076493740081787,4.076493740081787,0.4806169867515564,0.4814937114715576,-2.998837471008301,-2.71004056930542,0.05410738289356232,0.05410738289356232,0.0,0.0,nan,nan,-1.1440224647521973,-1.1440224647521973,-2.2880449295043945,0.0,0.8421628475189209,0.046856749802827835,0.0,0.0,0.0,0.046856749802827835,0.0,0.8421628475189209,0.0,0.0,0.0,-0.11573216319084167,0.3246162235736847,0.7698469161987305,0.0,0.0,0.0,0.0,0.8421628475189209,0.046856749802827835,0.0,0.0,0.0,0.046856749802827835,0.0,0.8421628475189209,-0.0,-0.0,-0.0,-0.11573216319084167,-0.3246164321899414,0.7698467969894409,0.0,0.0,0.0,2.9802322387695312e-08,5.820766091346741e-11,0.6000000238418579,-1.341104507446289e-07,0.05600002408027649,0.6000000238418579,1.4901161193847656e-08,-0.05600002408027649,0.6000000834465027,-0.23146432638168335,-2.086162567138672e-07,1.5396937131881714,0.0,0.0,0.0,2.60770320892334e-08,1.3076117966193124e-07,-4.842877388000488e-08,21.31908416748047,21.31908416748047,34.881690979003906,34.881690979003906,0.23530198633670807,0.23530198633670807,0.7646980285644531,0.7646980285644531,0.0,0.0,0.0,0.0,-1.010549783706665,-1.010549783706665,1.852712631225586,1.852712631225586,0.12006686627864838,0.12006686627864838,0.0,0.0,-0.07321010529994965,-0.07321010529994965,0.046856749802827835,0.046856749802827835,0.5500251054763794,0.5500251054763794,-0.26854994893074036,-0.26854994893074036,0.04708539694547653,0.04708539694547653,-29.58440399169922,-29.58440399169922,-22.68806266784668,-22.68806266784668,-10.450830459594727,-10.450830459594727,15.10012435913086,15.10012435913086,0.0,0.0,180.0
240,1.0,0.4975927693256242,3.250722865475733,-201.15635347809985,0.4975927693256242,3.250722865475733,-201.15635347809985,5.0,-5.0,0.0,0.0,12.0,0,0.5,0.0,0.0,3.2,3.2,3.2,3.250722646713257,3.2507224082946777,3.250722885131836,3.250722885131836,0.493015855550766,0.4938552677631378,-3.546020746231079,-3.2713561058044434,0.04314691200852394,0.04314691200852394,0.0,0.0,nan,nan,-1.63008713722229,-1.63008713722229,-3.26017427444458,0.0,1.2223224639892578,0.010183332487940788,0.0,0.0,0.0,0.010183332487940788,0.0,1.2223224639892578,0.0,0.0,0.0,-0.2230125367641449,0.4883224368095398,1.0981723070144653,0.0,0.0,0.0,0.0,1.2223224639892578,0.010183332487940788,0.0,0.0,0.0,0.010183332487940788,0.0,1.2223224639892578,-0.0,-0.0,-0.0,-0.2230125367641449,-0.4883226752281189,1.0981721878051758,0.0,0.0,0.0,2.9802322387695312e-08,5.820766091346741e-11,0.6000000238418579,7.450580596923828e-09,0.05600002408027649,0.6000000238418579,5.21540641784668e-08,-0.055999934673309326,0.6000000834465027,-0.4460250735282898,-2.384185791015625e-07,2.1963443756103516,0.0,0.0,0.0,1.341104507446289e-07,-1.329258125792876e-08,-2.7939677238464355e-09,19.611724853515625,19.611726760864258,31.081329345703125,31.081329345703125,0.26428744196891785,0.26428744196891785,0.7357125878334045,0.7357125878334045,0.0,0.0,0.0,0.0,-0.7270458936691284,-0.7270458936691284,1.9493682384490967,1.9493682384490967,0.08307168632745743,0.08307168632745743,0.0,0.0,-0.07288835942745209,-0.07288835942745209,0.010183332487940788,0.010183332487940788,0.5500251054763794,0.5500251054763794,-0.2524060606956482,-0.2524060606956482,0.06659229844808578,0.06659229844808578,-23.660898208618164,-23.660898208618164,-19.274402618408203,-19.274402618408203,-7.02965784072876,-7.02965784072876,14.472136497497559,14.472136497497559,0.0,0.0,180.0
241,1.0041666666666667,0.5093764819832372,2.40215071770232,-205.92002532938432,0.5093764819832372,2.40215071770232,-205.92002532938432,5.0,-5.0,0.0,0.0,12.0,0,0.5,0.0,0.0,3.2,3.2,3.2,2.4021506309509277,2.4021506309509277,2.4021506309509277,2.4021506309509277,0.5019533038139343,0.5027493834495544,-4.068864345550537,-3.8102686405181885,0.03188379481434822,0.03188379481434822,0.0,0.0,nan,nan,-1.819875955581665,-1.819875955581665,-3.63975191116333,0.0,1.6020572185516357,-0.015319506637752056,0.0,0.0,0.0,-0.015319506637752056,0.0,1.6020572185516357,0.0,0.0,0.0,-0.318745881319046,0.6572895050048828,1.4259010553359985,0.0,0.0,0.0,0.0,1.6020572185516357,-0.015319506637752056,0.0,0.0,0.0,-0.015319506637752056,0.0,1.6020572185516357,-0.0,-0.0,-0.0,-0.318745881319046,-0.6572899222373962,1.425900936126709,0.0,0.0,0.0,2.9802322387695312e-08,5.820766091346741e-11,0.6000000238418579,-7.450580596923828e-08,0.05600002408027649,0.6000000238418579,7.450580596923828e-09,-0.055999934673309326,0.6000000238418579,-0.637491762638092,-4.172325134277344e-07,2.851801872253418,0.0,0.0,0.0,1.341104507446289e-07,1.8060443096601375e-07,-2.60770320892334e-08,17.741853713989258,17.741853713989258,26.6810359954834,26.681020736694336,0.3217938542366028,0.3217938542366028,0.678206205368042,0.678206205368042,0.0,0.0,0.0,0.0,-0.42961424589157104,-0.42961424589157104,2.0316715240478516,2.0316715240478516,0.05739481747150421,0.05739481747150421,0.0,0.0,-0.07271432876586914,-0.07271432876586914,-0.015319506637752056,-0.015319506637752056,0.5500251054763794,0.5500251054763794,-0.23506256937980652,-0.23506256937980652,0.08653030544519424,0.08653030544519424,-17.562206268310547,-17.562206268310547,-15.755450248718262,-15.755450248718262,-3.504908800125122,-3.504908800125122,13.826807022094727,13.826807022094727,0.0,0.0,180.0
242,1.0083333333333333,0.5175872846062355,1.5367292085870978,-209.23931615631733,0.5175872846062355,1.5367292085870978,-209.23931615631733,5.0,-5.0,0.0,0.0,12.0,0,0.5,0.0,0.0,3.2,3.2,3.2,1.536728858947754,1.536728858947754,1.5367292165756226,1.5367292165756226,0.5073654651641846,0.5081128478050232,-4.563878059387207,-4.323179244995117,0.020397039130330086,0.020397039130330086,0.0,0.0,nan,nan,-1.7047626972198486,-1.7047626972198486,-3.4095253944396973,0.0,1.9803595542907715,-0.028304435312747955,0.0,0.0,0.0,-0.028304435312747955,0.0,1.9803595542907715,0.0,0.0,0.0,-0.40177613496780396,0.8272994160652161,1.7540743350982666,0.0,0.0,0.0,0.0,1.9803595542907715,-0.028304435312747955,0.0,0.0,0.0,-0.028304435312747955,0.0,1.9803595542907715,-0.0,-0.0,-0.0,-0.40177610516548157,-0.8272997140884399,1.754074215888977,0.0,0.0,0.0,2.9802322387695312e-08,5.820766091346741e-11,0.6000000238418579,-9.685754776000977e-08,0.056000083684921265,0.6000000238418579,-1.341104507446289e-07,-0.055999934673309326,0.6000000238418579,-0.8035522699356079,-2.980232238769531e-07,3.508148670196533,0.0,0.0,0.0,2.682209014892578e-07,5.096860036246653e-07,9.313225746154785e-08,15.729498863220215,15.729498863220215,21.69786262512207,21.69786262512207,0.43548205494880676,0.43548205494880676,0.5645179748535156,0.5645179748535156,0.0,0.0,0.0,0.0,-0.11847339570522308,-0.11847339570522308,2.0988330841064453,2.0988330841064453,0.044394686818122864,0.044394686818122864,0.0,0.0,-0.07269912958145142,-0.07269912958145142,-0.028304435312747955,-0.028304435312747955,0.5500251054763794,0.5500251054763794,-0.21664491295814514,-0.21664491295814514,0.1067558005452156,0.1067558005452156,-11.333057403564453,-11.333057403564453,-12.156973838806152,-12.156973838806152,0.09760631620883942,0.09760631620883942,13.168664932250977,13.168664932250977,0.0,0.0,180.0
243,1.0125,0.5221675843136716,0.6605286482120873,-211.09094351865494,0.5221675843136716,0.6605286482120873,-211.09094351865494,5.0,-5.0,0.0,0.0,12.0,0,0.5,0.0,0.0,3.2,3.2,3.2,0.6605286598205566,0.6605285406112671,0.6605286598205566,0.6605286598205566,0.5092127919197083,0.5099062323570251,-5.027831077575684,-4.806737899780273,0.008767210878431797,0.008767210878431797,0.0,0.0,nan,nan,-1.2826855182647705,-1.2826855182647705,-2.565371036529541,0.0,2.356888771057129,-0.027560193091630936,0.0,0.0,0.0,-0.027560193091630936,0.0,2.356888771057129,0.0,0.0,0.0,-0.47123241424560547,0.994392991065979,2.0844199657440186,0.0,0.0,0.0,0.0,2.356888771057129,-0.027560193091630936,0.0,0.0,0.0,-0.027560193091630936,0.0,2.356888771057129,-0.0,-0.0,-0.0,-0.47123226523399353,-0.9943932890892029,2.0844199657440186,0.0,0.0,0.0,2.9802322387695312e-08,5.820766091346741e-11,0.6000000238418579,2.2351741790771484e-08,0.05600005388259888,0.6000000238418579,0.0,-0.055999964475631714,0.6000000238418579,-0.9424647092819214,-2.980232238769531e-07,4.168839931488037,0.0,0.0,0.0,1.862645149230957e-07,7.765069653942192e-08,7.264316082000732e-08,13.613553047180176,13.613551139831543,16.239486694335938,16.239486694335938,0.837850034236908,0.837850034236908,0.1621500849723816,0.1621500849723816,0.0,0.0,0.0,0.0,0.20666280388832092,0.20666280388832092,2.150225877761841,2.150225877761841,0.04528995603322983,0.04528995603322983,0.0,0.0,-0.07285015285015106,-0.07285015285015106,-0.027560193091630936,-0.027560193091630936,0.5500251054763794,0.5500251054763794,-0.19728884100914001,-0.19728884100914001,0.12712036073207855,0.12712036073207855,-5.019560813903809,-5.019560813903809,-8.505578994750977,-8.505578994750977,3.751253604888916,3.751253604888916,12.502325057983398,12.502325057983398,0.0,0.0,180.0
244,1.0166666666666666,0.5230852535940391,-0.22030504604098916,-211.46191958084287,0.5230852535940391,-0.22030504604098916,-211.46191958084287,5.0,-5.0,0.0,0.0,12.0,0,0.5,0.0,0.0,3.2,3.2,3.2,0.22030504047870636,0.22030498087406158,0.22030504047870636,0.22030504047870636,0.5074805617332458,0.508115291595459,-5.4577789306640625,-5.257864952087402,-0.0029241135343909264,-0.0029241135343909264,0.0,0.0,nan,nan,-0.5568866729736328,-0.5568866729736328,-1.1137733459472656,0.0,2.731822967529297,-0.011972621083259583,0.0,0.0,0.0,-0.011972621083259583,0.0,2.731822967529297,0.0,0.0,0.0,-0.5264405608177185,1.1548540592193604,2.419126510620117,0.0,0.0,0.0,0.0,2.731822967529297,-0.011972621083259583,0.0,0.0,0.0,-0.011972621083259583,0.0,2.731822967529297,-0.0,-0.0,-0.0,-0.5264403223991394,-1.154854416847229,2.419126272201538,0.0,0.0,0.0,2.9802322387695312e-08,5.820766091346741e-11,0.6000000238418579,-3.725290298461914e-08,0.05600002408027649,0.6000000238418579,-2.2351741790771484e-08,-0.055999934673309326,0.6000000238418579,-1.052880883216858,-3.5762786865234375e-07,4.838253021240234,0.0,0.0,0.0,2.384185791015625e-07,2.8838235266448464e-07,4.284083843231201e-08,11.466571807861328,11.466565132141113,12.14219856262207,12.14219856262207,1.0,1.0,0.0,0.0,0.0,0.0,0.0,0.0,0.5464234948158264,0.5464234948158264,2.1853995323181152,2.1853995323181152,0.061198294162750244,0.061198294162750244,0.0,0.0,-0.07317091524600983,-0.07317091524600983,-0.011972621083259583,-0.011972621083259583,0.5500251054763794,0.5500251054763794,-0.17713890969753265,-0.17713890969753265,0.1474723219871521,0.1474723219871521,1.3312814235687256,1.3312814235687256,-4.828432559967041,-4.828432559967041,7.428852081298828,7.428852081298828,11.8324613571167,11.8324613571167,0.0,0.0,180.0
245,1.0208333333333333,0.5203338556566807,-1.0995934586850082,-210.3496422123508,0.5203338556566807,-1.0995934586850082,-210.3496422123508,5.0,-5.0,0.0,0.0,12.0,0,0.5,0.0,0.0,3.2,3.2,3.2,1.099593162536621,1.0995930433273315,1.0995934009552002,1.0995934009552002,0.5021786689758301,0.5027503967285156,-5.851040840148926,-5.673740863800049,-0.014594926498830318,-0.014594926498830318,0.0,0.0,nan,nan,0.4650883376598358,0.4650883376598358,0.9301766753196716,0.0,3.1056549549102783,0.019488101825118065,0.0,0.0,0.0,0.019488101825118065,0.0,3.1056549549102783,0.0,0.0,0.0,-0.566853404045105,1.305139422416687,2.760572671890259,0.0,0.0,0.0,0.0,3.1056549549102783,0.019488101825118065,0.0,0.0,0.0,0.019488101825118065,0.0,3.1056549549102783,-0.0,-0.0,-0.0,-0.5668532252311707,-1.3051396608352661,2.7605724334716797,0.0,0.0,0.0,2.9802322387695312e-08,5.820766091346741e-11,0.6000000238418579,-4.470348358154297e-08,0.05600005388259888,0.6000000238418579,-8.195638656616211e-08,-0.055999964475631714,0.6000000238418579,-1.1337065696716309,-2.384185791015625e-07,5.521144866943359,0.0,0.0,0.0,2.5331974029541016e-07,5.14196699441527e-07,1.0803341865539551e-07,9.454729080200195,9.454727172851562,12.714000701904297,12.714000701904297,1.0,1.0,0.0,0.0,0.0,0.0,0.0,0.0,0.901565670967102,0.901565670967102,2.2040891647338867,2.2040891647338867,0.09314921498298645,0.09314921498298645,0.0,0.0,-0.07366111874580383,-0.07366111874580383,0.019488101825118065,0.019488101825118065,0.5500251054763794,0.5500251054763794,-0.15634702146053314,-0.15634702146053314,0.16765843331813812,0.16765843331813812,7.672070026397705,7.672070026397705,-1.1529743671417236,-1.1529743671417236,11.102956771850586,11.102956771850586,11.163772583007812,11.163772583007812,0.0,0.0,180.0
246,1.025,0.5139326895812503,-1.9711690132731623,-207.76191323974854,0.5139326895812503,-1.9711690132731623,-207.76191323974854,5.0,-5.0,0.0,0.0,12.0,0,0.5,0.0,0.0,3.2,3.2,3.2,1.9711692333221436,1.9711686372756958,1.9711689949035645,1.9711689949035645,0.4933423697948456,0.49384698271751404,-6.205203533172607,-6.0518012046813965,-0.026163367554545403,-0.026163367554545403,0.0,0.0,nan,nan,1.7718980312347412,1.7718980312347412,3.5437960624694824,0.0,3.4789464473724365,0.06774330884218216,0.0,0.0,0.0,0.06774330884218216,0.0,3.4789464473724365,0.0,0.0,0.0,-0.5920105576515198,1.441777229309082,3.1110222339630127,0.0,0.0,0.0,0.0,3.4789464473724365,0.06774330884218216,0.0,0.0,0.0,0.06774330884218216,0.0,3.4789464473724365,-0.0,-0.0,-0.0,-0.5920103192329407,-1.4417777061462402,3.1110219955444336,0.0,0.0,0.0,2.9802322387695312e-08,5.820766091346741e-11,0.6000000238418579,-5.21540641784668e-08,0.05600002408027649,0.6000000238418579,7.450580596923828e-09,-0.055999964475631714,0.6000000238418579,-1.1840208768844604,-4.76837158203125e-07,6.222043991088867,0.0,0.0,0.0,1.9371509552001953e-07,3.245048958433472e-07,-3.725290298461914e-08,8.087492942810059,8.087493896484375,13.288700103759766,13.288700103759766,1.0,1.0,0.0,0.0,0.0,0.0,0.0,0.0,1.2727279663085938,1.2727279663085938,2.2062184810638428,2.2062184810638428,0.14205969870090485,0.14205969870090485,0.0,0.0,-0.07431638240814209,-0.07431638240814209,0.06774330884218216,0.06774330884218216,0.5500251054763794,0.5500251054763794,-0.13507066667079926,-0.13507066667079926,0.18752539157867432,0.18752539157867432,13.955520629882812,13.955520629882812,2.4933764934539795,2.4933764934539795,14.746158599853516,14.746158599853516,10.50094985961914,10.50094985961914,0.0,0.0,180.0
247,1.0291666666666666,0.5039266549485351,-2.8289182335162235,-203.716883722498,0.5039266549485351,-2.8289182335162235,-203.716883722498,5.0,-5.0,0.0,0.0,12.0,0,0.5,0.0,0.0,3.2,3.2,3.2,2.8289177417755127,2.82891845703125,2.82891845703125,2.82891845703125,0.48103147745132446,0.48146548867225647,-6.518115520477295,-6.389728546142578,-0.03754828870296478,-0.03754828870296478,0.0,0.0,nan,nan,3.348324775695801,3.348324775695801,6.696649551391602,0.0,3.852079153060913,0.13354140520095825,0.0,0.0,0.0,0.13354140520095825,0.0,3.852079153060913,0.0,0.0,0.0,-0.6015374660491943,1.5612568855285645,3.472315788269043,0.0,0.0,0.0,0.0,3.852079153060913,0.13354140520095825,0.0,0.0,0.0,0.13354140520095825,0.0,3.852079153060913,-0.0,-0.0,-0.0,-0.6015374064445496,-1.5612576007843018,3.472315549850464,0.0,0.0,0.0,2.9802322387695312e-08,5.820766091346741e-11,0.6000000238418579,-3.725290298461914e-08,0.05600005388259888,0.6000000238418579,-2.2351741790771484e-08,-0.055999964475631714,0.6000000238418579,-1.2030749320983887,-7.152557373046875e-07,6.944631576538086,0.0,0.0,0.0,3.2782554626464844e-07,4.139322982155136e-07,3.725290298461914e-08,7.9226975440979,7.922696590423584,13.863348007202148,13.863348007202148,1.0,1.0,0.0,0.0,0.0,0.0,0.0,0.0,1.660183310508728,1.660183310508728,2.1918957233428955,2.1918957233428955,0.2086697518825531,0.2086697518825531,0.0,0.0,-0.07512834668159485,-0.07512834668159485,0.13354140520095825,0.13354140520095825,0.5500251054763794,0.5500251054763794,-0.11347106844186783,-0.11347106844186783,0.20692189037799835,0.20692189037799835,20.134971618652344,20.134971618652344,6.083516597747803,6.083516597747803,18.331377029418945,18.331377029418945,9.848642349243164,9.848642349243164,0.0,0.0,180.0
248,1.0333333333333332,0.49038593690215826,-3.666824624926079,-198.24292663631337,0.49038593690215826,-3.666824624926079,-198.24292663631337,5.0,-5.0,0.0,0.0,12.0,0,0.5,0.0,0.0,3.2,3.2,3.2,3.666823625564575,3.6668245792388916,3.6668245792388916,3.6668245792388916,0.46533045172691345,0.46569108963012695,-6.787863731384277,-6.685445785522461,-0.04866983741521835,-0.04866983741521835,0.0,0.0,nan,nan,5.174678325653076,5.174678325653076,10.349356651306152,0.0,4.2250261306762695,0.21735914051532745,0.0,0.0,0.0,0.21735914051532745,0.0,4.2250261306762695,0.0,0.0,0.0,-0.5951840281486511,1.6599572896957397,3.845567464828491,0.0,0.0,0.0,0.0,4.2250261306762695,0.21735914051532745,0.0,0.0,0.0,0.21735914051532745,0.0,4.2250261306762695,-0.0,-0.0,-0.0,-0.5951841473579407,-1.6599583625793457,3.845566987991333,0.0,0.0,0.0,2.9802322387695312e-08,5.820766091346741e-11,0.6000000238418579,-7.450580596923828e-08,0.05600002408027649,0.6000000238418579,7.450580596923828e-08,-0.0559999942779541,0.6000000834465027,-1.1903681755065918,-1.0728836059570312e-06,7.691134452819824,0.0,0.0,0.0,2.384185791015625e-07,1.937379607852563e-07,-2.3469328880310059e-07,8.610852241516113,8.610852241516113,15.916553497314453,15.916553497314453,0.995453953742981,0.995453953742981,0.004546067211776972,0.004546067211776972,0.0,0.0,0.0,0.0,2.063619375228882,2.063619375228882,2.161406993865967,2.161406993865967,0.2934437096118927,0.2934437096118927,0.0,0.0,-0.07608456164598465,-0.07608456164598465,0.21735914051532745,0.21735914051532745,0.5500251054763794,0.5500251054763794,-0.09171133488416672,-0.09171133488416672,0.2257002294063568,0.2257002294063568,26.164875030517578,26.164875030517578,9.590948104858398,9.590948104858398,21.8321475982666,21.8321475982666,9.211423873901367,9.211423873901367,0.0,0.0,180.0
249,1.0375,0.47340551385022095,-4.479010876202005,-191.37843785712067,0.47340551385022095,-4.479010876202005,-191.37843785712067,5.0,-5.0,0.0,0.0,12.0,0,0.5,0.0,0.0,3.2,3.2,3.2,4.479011535644531,4.479009628295898,4.479011535644531,4.479011535644531,0.44635695219039917,0.4466417729854584,-7.011359214782715,-6.9356608390808105,-0.05945000424981117,-0.05945000424981117,0.0,0.0,nan,nan,7.187305450439453,7.187305450439453,14.374610900878906,0.0,4.584090709686279,0.3105057179927826,0.0,0.0,0.0,0.3105057179927826,0.0,4.584090709686279,0.0,0.0,0.0,-0.5789554715156555,1.7291911840438843,4.217227458953857,0.0,0.0,0.0,0.0,4.584090709686279,0.3105057179927826,0.0,0.0,0.0,0.3105057179927826,0.0,4.584090709686279,-0.0,-0.0,-0.0,-0.5789550542831421,-1.7291918992996216,4.217227458953857,0.0,0.0,0.0,2.9802322387695312e-08,5.820766091346741e-11,0.6000000238418579,-4.470348358154297e-08,0.05600002408027649,0.6000000238418579,-1.341104507446289e-07,-0.055999964475631714,0.6000000238418579,-1.1579105854034424,-7.152557373046875e-07,8.434454917907715,0.0,0.0,0.0,2.5331974029541016e-07,1.0054653785118717e-06,2.123415470123291e-07,9.699289321899414,9.699292182922363,20.763591766357422,20.763591766357422,0.9079464077949524,0.9079464077949524,0.0920536071062088,0.0920536071062088,0.0,0.0,0.004546067211776972,0.004546067211776972,2.4819700717926025,2.4819700717926025,2.115201950073242,2.115201950073242,0.3964509963989258,0.3964509963989258,0.0,0.0,-0.07716859877109528,-0.07716859877109528,0.3105057179927826,0.3105057179927826,0.5500251054763794,0.5500251054763794,-0.06995449960231781,-0.06995449960231781,0.24371835589408875,0.24371835589408875,32.00127029418945,32.00127029418945,12.990056991577148,12.990056991577148,25.2229061126709,25.2229061126709,8.593766212463379,8.593766212463379,0.0,0.0,180.0
250,1.0416666666666667,0.4531044912600182,-5.259780084346179,-183.1715668415787,0.4531044912600182,-5.259780084346179,-183.1715668415787,5.0,-5.0,0.0,0.0,12.0,0,0.5,0.0,0.0,3.2,3.2,3.2,5.2597784996032715,5.259778022766113,5.259779930114746,5.259779930114746,0.4242704510688782,0.424477219581604,-7.182823657989502,-7.134311199188232,-0.06981316953897476,-0.06981316953897476,0.0,0.0,nan,nan,9.207113265991211,9.207113265991211,18.414226531982422,0.0,4.887799263000488,0.3825123906135559,0.0,0.0,0.0,0.3825123906135559,0.0,4.887799263000488,0.0,0.0,0.0,-0.5745894908905029,1.7514859437942505,4.543021202087402,0.0,0.0,0.0,0.0,4.887799263000488,0.3825123906135559,0.0,0.0,0.0,0.3825123906135559,0.0,4.887799263000488,-0.0,-0.0,-0.0,-0.5745893120765686,-1.7514867782592773,4.543021202087402,0.0,0.0,0.0,2.9802322387695312e-08,5.820766091346741e-11,0.6000000238418579,-7.450580596923828e-08,0.05600005388259888,0.6000000238418579,-1.1920928955078125e-07,-0.055999964475631714,0.6000000238418579,-1.1491787433624268,-8.344650268554688e-07,9.086042404174805,0.0,0.0,0.0,4.172325134277344e-07,1.1508369652801775e-06,1.3783574104309082e-07,10.934762954711914,10.93476390838623,25.070392608642578,25.070398330688477,0.7828142046928406,0.7828142046928406,0.2171858847141266,0.2171858847141266,0.0,0.0,0.029628142714500427,0.029628142714500427,2.9133074283599854,2.9133074283599854,2.0538744926452637,2.0538744926452637,0.5172436237335205,0.5172436237335205,0.0,0.0,-0.0783601626753807,-0.0783601626753807,0.3825123906135559,0.3825123906135559,0.5500251054763794,0.5500251054763794,-0.04836186766624451,-0.04836186766624451,0.2608411908149719,0.2608411908149719,37.60215759277344,37.60215759277344,16.25632095336914,16.25632095336914,28.479185104370117,28.479185104370117,8.000000953674316,8.000000953674316,0.0,0.0,180.0
251,1.0458333333333334,0.42962526621875435,-6.0036557143454425,-173.67987889323234,0.42962526621875435,-6.0036557143454425,-173.67987889323234,5.0,-5.0,0.0,0.0,12.0,0,0.5,0.0,0.0,3.2,3.2,3.2,6.0036540031433105,6.0036540031433105,6.003655910491943,6.003655910491943,0.3992544710636139,0.39938151836395264,-7.296445369720459,-7.2753119468688965,-0.07968664914369583,-0.07968664914369583,0.0,0.0,nan,nan,11.010102272033691,11.010102272033691,22.020204544067383,0.0,5.091468334197998,0.4009166359901428,0.0,0.0,0.0,0.4009166359901428,0.0,5.091468334197998,0.0,0.0,0.0,-0.6047536730766296,1.7123684883117676,4.7734527587890625,0.0,0.0,0.0,0.0,5.091468334197998,0.4009166359901428,0.0,0.0,0.0,0.4009166359901428,0.0,5.091468334197998,-0.0,-0.0,-0.0,-0.6047536134719849,-1.712369680404663,4.773452281951904,0.0,0.0,0.0,2.9802322387695312e-08,5.820766091346741e-11,0.6000000238418579,-1.1920928955078125e-07,0.05600002408027649,0.6000000238418579,-9.685754776000977e-08,-0.05599990487098694,0.6000000238418579,-1.2095072269439697,-1.1920928955078125e-06,9.546905517578125,0.0,0.0,0.0,5.960464477539062e-07,1.3159046829969157e-06,3.725290298461914e-08,12.183587074279785,12.183587074279785,28.79570960998535,28.79570960998535,0.7021473050117493,0.7021473050117493,0.2978527545928955,0.2978527545928955,0.0,0.0,0.0920536071062088,0.0920536071062088,3.3548061847686768,3.3548061847686768,1.978142261505127,1.978142261505127,0.654750406742096,0.654750406742096,0.0,0.0,-0.07963529229164124,-0.07963529229164124,0.4009166359901428,0.4009166359901428,0.5500251054763794,0.5500251054763794,-0.027091151103377342,-0.027091151103377342,0.27694228291511536,0.27694228291511536,42.92790222167969,42.92790222167969,19.3665714263916,19.3665714263916,31.57788848876953,31.57788848876953,7.434292316436768,7.434292316436768,0.0,0.0,180.0
252,1.05,0.4031325286202927,-6.705420013129283,-162.96995138327028,0.4031325286202927,-6.705420013129283,-162.96995138327028,5.0,-5.0,0.0,0.0,12.0,0,0.5,0.0,0.0,3.2,3.2,3.2,6.705418109893799,6.705418586730957,6.705420017242432,6.705420017242432,0.3714636266231537,0.37150973081588745,-7.354782581329346,-7.361095428466797,-0.08900117874145508,-0.08900117874145508,0.0,0.0,nan,nan,12.644268035888672,12.644268035888672,25.288536071777344,0.0,5.224552154541016,0.3771008253097534,0.0,0.0,0.0,0.3771008253097534,0.0,5.224552154541016,0.0,0.0,0.0,-0.6634249687194824,1.6261781454086304,4.934932708740234,0.0,0.0,0.0,0.0,5.224552154541016,0.3771008253097534,0.0,0.0,0.0,0.3771008253097534,0.0,5.224552154541016,-0.0,-0.0,-0.0,-0.6634250283241272,-1.6261789798736572,4.934932231903076,0.0,0.0,0.0,2.9802322387695312e-08,5.820766091346741e-11,0.6000000238418579,-1.341104507446289e-07,0.0559999942779541,0.5999999642372131,-2.2351741790771484e-08,-0.055999964475631714,0.6000000238418579,-1.3268499374389648,-8.344650268554688e-07,9.869865417480469,0.0,0.0,0.0,2.682209014892578e-07,1.105818455471308e-06,-1.6391277313232422e-07,13.374344825744629,13.374345779418945,31.962621688842773,31.962621688842773,0.6316575407981873,0.6316575407981873,0.3683425188064575,0.3683425188064575,0.0,0.0,0.17482061684131622,0.17482061684131622,3.802764892578125,3.802764892578125,1.8888245820999146,1.8888245820999146,0.807201623916626,0.807201623916626,0.0,0.0,-0.0809667780995369,-0.0809667780995369,0.3771008253097534,0.3771008253097534,0.5500251054763794,0.5500251054763794,-0.006295147351920605,-0.006295147351920605,0.2919051945209503,0.2919051945209503,47.9415168762207,47.9415168762207,22.299137115478516,22.299137115478516,34.49742126464844,34.49742126464844,6.900608539581299,6.900608539581299,0.0,0.0,180.0
253,1.0541666666666667,0.37381210598388315,-7.360150608358624,-151.11690675810362,0.37381210598388315,-7.360150608358624,-151.11690675810362,5.0,-5.0,0.0,0.0,12.0,0,0.5,0.0,0.0,3.2,3.2,3.2,7.3601484298706055,7.360150337219238,7.3601508140563965,7.3601508140563965,0.3410504460334778,0.341015487909317,-7.364224910736084,-7.397993564605713,-0.09769143164157867,-0.09769143164157867,0.0,0.0,nan,nan,14.300511360168457,14.300511360168457,28.601022720336914,0.0,5.348702430725098,0.33862167596817017,0.0,0.0,0.0,0.33862167596817017,0.0,5.348702430725098,0.0,0.0,0.0,-0.7352867722511292,1.5150879621505737,5.0879411697387695,0.0,0.0,0.0,0.0,5.348702430725098,0.33862167596817017,0.0,0.0,0.0,0.33862167596817017,0.0,5.348702430725098,-0.0,-0.0,-0.0,-0.7352867126464844,-1.5150889158248901,5.087940692901611,0.0,0.0,0.0,2.9802322387695312e-08,5.820766091346741e-11,0.6000000238418579,-2.9802322387695312e-08,0.05600005388259888,0.6000000238418579,2.9802322387695312e-08,-0.0559999942779541,0.6000000834465027,-1.4705734252929688,-9.5367431640625e-07,10.175882339477539,0.0,0.0,0.0,4.172325134277344e-07,2.594384227450064e-07,-4.0978193283081055e-08,14.469561576843262,14.469564437866211,34.62179183959961,34.62179183959961,0.5893751382827759,0.5893751382827759,0.4106249213218689,0.4106249213218689,0.0,0.0,0.2546203136444092,0.2546203136444092,4.252692699432373,4.252692699432373,1.7868167161941528,1.7868167161941528,0.9720991849899292,0.9720991849899292,0.0,0.0,-0.08232466876506805,-0.08232466876506805,0.33862167596817017,0.33862167596817017,0.5500251054763794,0.5500251054763794,0.0138796865940094,0.0138796865940094,0.3056243062019348,0.3056243062019348,52.6088752746582,52.6088752746582,25.03400230407715,25.03400230407715,37.217864990234375,37.217864990234375,6.402693748474121,6.402693748474121,0.0,0.0,180.0
254,1.0583333333333333,0.34186966000762287,-7.963255035331272,-138.20388560937602,0.34186966000762287,-7.963255035331272,-138.20388560937602,5.0,-5.0,0.0,0.0,12.0,0,0.5,0.0,0.0,3.2,3.2,3.2,7.963254451751709,7.963253974914551,7.963254928588867,7.963254928588867,0.30816760659217834,0.3080523610115051,-7.334432125091553,-7.395669937133789,-0.10569644719362259,-0.10569644719362259,0.0,0.0,nan,nan,16.252084732055664,16.252084732055664,32.50416946411133,0.0,5.552639961242676,0.3359174132347107,0.0,0.0,0.0,0.3359174132347107,0.0,5.552639961242676,0.0,0.0,0.0,-0.7884750366210938,1.4019843339920044,5.32516622543335,0.0,0.0,0.0,0.0,5.552639961242676,0.3359174132347107,0.0,0.0,0.0,0.3359174132347107,0.0,5.552639961242676,-0.0,-0.0,-0.0,-0.7884750366210938,-1.4019852876663208,5.32516622543335,0.0,0.0,0.0,2.9802322387695312e-08,5.820766091346741e-11,0.6000000238418579,-3.725290298461914e-08,0.05600002408027649,0.6000000238418579,-4.470348358154297e-08,-0.055999934673309326,0.6000000238418579,-1.5769500732421875,-9.5367431640625e-07,10.6503324508667,0.0,0.0,0.0,4.76837158203125e-07,7.538360478065442e-07,8.195638656616211e-08,15.45125675201416,15.45125675201416,36.83287811279297,36.83287811279297,0.532188355922699,0.532188355922699,0.45561593770980835,0.45561593770980835,0.012195754796266556,0.012195754796266556,0.296124666929245,0.296124666929245,4.699432373046875,4.699432373046875,1.6730680465698242,1.6730680465698242,1.146235466003418,1.146235466003418,0.0,0.0,-0.08367697894573212,-0.08367697894573212,0.3359174132347107,0.3359174132347107,0.5500251054763794,0.5500251054763794,0.03329422324895859,0.03329422324895859,0.31800583004951477,0.31800583004951477,56.898929595947266,56.898929595947266,27.55290412902832,27.55290412902832,39.7210578918457,39.7210578918457,5.944040298461914,5.944040298461914,0.0,0.0,180.0
255,1.0625,0.3075292439994223,-8.510502949821895,-124.32146350245402,0.3075292439994223,-8.510502949821895,-124.32146350245402,5.0,-5.0,0.0,0.0,12.0,0,0.5,0.0,0.0,3.2,3.2,3.2,8.510502815246582,8.510501861572266,8.510502815246582,8.510503768920898,0.27311211824417114,0.2729175388813019,-7.254956245422363,-7.343265533447266,-0.112960085272789,-0.112960085272789,0.0,0.0,nan,nan,18.14739990234375,18.14739990234375,36.2947998046875,0.0,5.7365264892578125,0.32125532627105713,0.0,0.0,0.0,0.32125532627105713,0.0,5.7365264892578125,0.0,0.0,0.0,-0.8494693636894226,1.2569851875305176,5.541599750518799,0.0,0.0,0.0,0.0,5.7365264892578125,0.32125532627105713,0.0,0.0,0.0,0.32125532627105713,0.0,5.7365264892578125,-0.0,-0.0,-0.0,-0.8494691252708435,-1.256986141204834,5.541599750518799,0.0,0.0,0.0,2.9802322387695312e-08,5.820766091346741e-11,0.6000000238418579,-7.450580596923828e-09,0.05600005388259888,0.6000000238418579,5.21540641784668e-08,-0.0559999942779541,0.6000000238418579,-1.6989384889602661,-9.5367431640625e-07,11.083199501037598,0.0,0.0,0.0,3.2782554626464844e-07,8.257626404883922e-08,-1.4901161193847656e-08,16.312816619873047,16.312816619873047,38.654823303222656,38.65483093261719,0.5038655400276184,0.5038655400276184,0.46650639176368713,0.46650639176368713,0.029628142714500427,0.029628142714500427,0.3381875455379486,0.3381875455379486,5.137321472167969,5.137321472167969,1.5485601425170898,1.5485601425170898,1.3257648944854736,1.3257648944854736,0.0,0.0,-0.08499044924974442,-0.08499044924974442,0.32125532627105713,0.32125532627105713,0.5500251054763794,0.5500251054763794,0.05181751400232315,0.05181751400232315,0.3289681375026703,0.3289681375026703,60.78380584716797,60.78380584716797,29.83942413330078,29.83942413330078,41.990684509277344,41.990684509277344,5.527864456176758,5.527864456176758,0.0,0.0,180.0
256,1.0666666666666667,0.27103173130402286,-8.998055800907453,-109.56701565391063,0.27103173130402286,-8.998055800907453,-109.56701565391063,5.0,-5.0,0.0,0.0,12.0,0,0.5,0.0,0.0,3.2,3.2,3.2,8.998055458068848,8.998052597045898,8.998054504394531,8.998054504394531,0.23610863089561462,0.23583625257015228,-7.1297831535339355,-7.244651794433594,-0.11943138390779495,-0.11943138390779495,0.0,0.0,nan,nan,20.050453186035156,20.050453186035156,40.10090637207031,0.0,5.930610179901123,0.31744155287742615,0.0,0.0,0.0,0.31744155287742615,0.0,5.930610179901123,0.0,0.0,0.0,-0.901628851890564,1.087500810623169,5.768649101257324,0.0,0.0,0.0,0.0,5.930610179901123,0.31744155287742615,0.0,0.0,0.0,0.31744155287742615,0.0,5.930610179901123,-0.0,-0.0,-0.0,-0.9016287922859192,-1.0875020027160645,5.768649101257324,0.0,0.0,0.0,2.9802322387695312e-08,5.820766091346741e-11,0.6000000238418579,-1.4901161193847656e-08,0.05600002408027649,0.6000000238418579,-3.725290298461914e-08,-0.055999934673309326,0.6000000834465027,-1.803257703781128,-1.1920928955078125e-06,11.537298202514648,0.0,0.0,0.0,5.662441253662109e-07,5.909554943173134e-07,1.0803341865539551e-07,17.054298400878906,17.054298400878906,40.14113998413086,40.14113998413086,0.4897056221961975,0.4897056221961975,0.45715662837028503,0.45715662837028503,0.05313779413700104,0.05313779413700104,0.366405189037323,0.366405189037323,5.560380935668945,5.560380935668945,1.414288878440857,1.414288878440857,1.506323218345642,1.506323218345642,0.0,0.0,-0.08623160421848297,-0.08623160421848297,0.31744155287742615,0.31744155287742615,0.5500251054763794,0.5500251054763794,0.06932736933231354,0.06932736933231354,0.3384420573711395,0.3384420573711395,64.23880767822266,64.23880767822266,31.878976821899414,31.878976821899414,44.01228332519531,44.01228332519531,5.157086372375488,5.157086372375488,0.0,0.0,180.0
257,1.0708333333333333,0.23263312574955433,-9.422493755643838,-94.04403391434651,0.23263312574955433,-9.422493755643838,-94.04403391434651,5.0,-5.0,0.0,0.0,12.0,0,0.5,0.0,0.0,3.2,3.2,3.2,9.422491073608398,9.422492980957031,9.422493934631348,9.422493934631348,0.19744154810905457,0.1970934271812439,-6.955789566040039,-7.096426486968994,-0.12506495416164398,-0.12506495416164398,0.0,0.0,nan,nan,21.795703887939453,21.795703887939453,43.591407775878906,0.0,6.096504211425781,0.3062756657600403,0.0,0.0,0.0,0.3062756657600403,0.0,6.096504211425781,0.0,0.0,0.0,-0.9544613361358643,0.8870238065719604,5.963502407073975,0.0,0.0,0.0,0.0,6.096504211425781,0.3062756657600403,0.0,0.0,0.0,0.3062756657600403,0.0,6.096504211425781,-0.0,-0.0,-0.0,-0.9544614553451538,-0.8870252966880798,5.963501930236816,0.0,0.0,0.0,2.9802322387695312e-08,5.820766091346741e-11,0.6000000238418579,-5.960464477539063e-08,0.05600002408027649,0.6000000238418579,2.9802322387695312e-08,-0.055999964475631714,0.6000000834465027,-1.908922791481018,-1.4901161193847656e-06,11.927003860473633,0.0,0.0,0.0,4.172325134277344e-07,4.7628830657231447e-07,-2.60770320892334e-08,17.679561614990234,17.6795597076416,41.337974548339844,41.33796691894531,0.47554877400398254,0.47554877400398254,0.44282615184783936,0.44282615184783936,0.08162510395050049,0.08162510395050049,0.3946942090988159,0.3946942090988159,5.962506294250488,5.962506294250488,1.2712492942810059,1.2712492942810059,1.6831891536712646,1.6831891536712646,0.0,0.0,-0.08736775070428848,-0.08736775070428848,0.3062756657600403,0.3062756657600403,0.5500251054763794,0.5500251054763794,0.0857107862830162,0.0857107862830162,0.3463709354400635,0.3463709354400635,67.24253845214844,67.24253845214844,33.65888214111328,33.65888214111328,45.7733039855957,45.7733039855957,4.834306240081787,4.834306240081787,0.0,0.0,180.0
258,1.075,0.1926027659646246,-9.780839686736787,-77.86140084741909,0.1926027659646246,-9.780839686736787,-77.86140084741909,5.0,-5.0,0.0,0.0,12.0,0,0.5,0.0,0.0,3.2,3.2,3.2,9.780838966369629,9.780838966369629,9.780840873718262,9.780840873718262,0.1573616862297058,0.15694047510623932,-6.7374701499938965,-6.902985572814941,-0.1298212856054306,-0.1298212856054306,0.0,0.0,nan,nan,23.434749603271484,23.434749603271484,46.86949920654297,0.0,6.263230323791504,0.3109843134880066,0.0,0.0,0.0,0.3109843134880066,0.0,6.263230323791504,0.0,0.0,0.0,-0.9907011985778809,0.6625684499740601,6.156644821166992,0.0,0.0,0.0,0.0,6.263230323791504,0.3109843134880066,0.0,0.0,0.0,0.3109843134880066,0.0,6.263230323791504,-0.0,-0.0,-0.0,-0.9907010793685913,-0.6625697612762451,6.156644821166992,0.0,0.0,0.0,2.9802322387695312e-08,5.820766091346741e-11,0.6000000238418579,-5.960464477539063e-08,0.05600005388259888,0.6000000238418579,-2.9802322387695312e-08,-0.055999934673309326,0.6000000238418579,-1.9814022779464722,-1.3113021850585938e-06,12.313289642333984,0.0,0.0,0.0,7.152557373046875e-07,9.174115689347673e-07,1.0803341865539551e-07,18.19452476501465,18.19452667236328,42.283695220947266,42.283695220947266,0.44665592908859253,0.44665592908859253,0.4504525065422058,0.4504525065422058,0.10289160162210464,0.10289160162210464,0.4088520109653473,0.4088520109653473,6.337667465209961,6.337667465209961,1.1204257011413574,1.1204257011413574,1.8514717817306519,1.8514717817306519,0.0,0.0,-0.08836811780929565,-0.08836811780929565,0.3109843134880066,0.3109843134880066,0.5500251054763794,0.5500251054763794,0.10086392611265182,0.10086392611265182,0.3527103066444397,0.3527103066444397,69.77674102783203,69.77674102783203,35.168296813964844,35.168296813964844,47.263031005859375,47.263031005859375,4.561788558959961,4.561788558959961,0.0,0.0,180.0
259,1.0791666666666666,0.15122143616134773,-10.07058005495091,-61.13262599688564,0.15122143616134773,-10.07058005495091,-61.13262599688564,5.0,-5.0,0.0,0.0,12.0,0,0.5,0.0,0.0,3.2,3.2,3.2,10.070581436157227,10.070579528808594,10.07058048248291,10.07058048248291,0.11617493629455566,0.11568352580070496,-6.472394943237305,-6.661638259887695,-0.1336670219898224,-0.1336670219898224,0.0,0.0,nan,nan,24.802902221679688,24.802902221679688,49.605804443359375,0.0,6.392971992492676,0.31104379892349243,0.0,0.0,0.0,0.31104379892349243,0.0,6.392971992492676,0.0,0.0,0.0,-1.0221521854400635,0.4127238392829895,6.304894924163818,0.0,0.0,0.0,0.0,6.392971992492676,0.31104379892349243,0.0,0.0,0.0,0.31104379892349243,0.0,6.392971992492676,-0.0,-0.0,-0.0,-1.0221519470214844,-0.412725031375885,6.304894924163818,0.0,0.0,0.0,2.9802322387695312e-08,5.820766091346741e-11,0.6000000238418579,0.0,0.05600002408027649,0.6000000238418579,-4.470348358154297e-08,-0.055999934673309326,0.6000000238418579,-2.044304132461548,-1.1920928955078125e-06,12.609789848327637,0.0,0.0,0.0,5.662441253662109e-07,6.576518103429407e-07,1.2293457984924316e-07,18.606306076049805,18.606307983398438,43.00917053222656,43.00917053222656,0.43250685930252075,0.43250685930252075,0.45338597893714905,0.45338597893714905,0.11410718411207199,0.11410718411207199,0.42301318049430847,0.42301318049430847,6.68010950088501,6.68010950088501,0.9627858996391296,0.9627858996391296,2.0063235759735107,2.0063235759735107,0.0,0.0,-0.08920497447252274,-0.08920497447252274,0.31104379892349243,0.31104379892349243,0.5500251054763794,0.5500251054763794,0.11469244211912155,0.11469244211912155,0.35742756724357605,0.35742756724357605,71.82636260986328,71.82636260986328,36.39822006225586,36.39822006225586,48.47260284423828,48.47260284423828,4.34144401550293,4.34144401550293,0.0,0.0,180.0
260,1.0833333333333333,0.10877939663585272,-10.289682539781326,-43.97504969871593,0.10877939663585272,-10.289682539781326,-43.97504969871593,5.0,-5.0,0.0,0.0,12.0,0,0.5,0.0,0.0,3.2,3.2,3.2,10.289682388305664,10.289680480957031,10.289682388305664,10.289682388305664,0.07414934784173965,0.0735914409160614,-6.165760040283203,-6.377477169036865,-0.13657516241073608,-0.13657516241073608,0.0,0.0,nan,nan,25.95825958251953,25.95825958251953,51.91651916503906,0.0,6.515475273132324,0.3310202956199646,0.0,0.0,0.0,0.3310202956199646,0.0,6.515475273132324,0.0,0.0,0.0,-1.0305219888687134,0.14438533782958984,6.440354824066162,0.0,0.0,0.0,0.0,6.515475273132324,0.3310202956199646,0.0,0.0,0.0,0.3310202956199646,0.0,6.515475273132324,-0.0,-0.0,-0.0,-1.0305218696594238,-0.14438670873641968,6.440354824066162,0.0,0.0,0.0,2.9802322387695312e-08,5.820766091346741e-11,0.6000000238418579,-8.195638656616211e-08,0.05600002408027649,0.6000000238418579,1.4901161193847656e-08,-0.055999934673309326,0.6000000238418579,-2.0610437393188477,-1.3709068298339844e-06,12.880709648132324,0.0,0.0,0.0,5.662441253662109e-07,8.15734495063225e-07,8.940696716308594e-08,18.923763275146484,18.923763275146484,43.53828048706055,43.53828048706055,0.4183611571788788,0.4183611571788788,0.45596975088119507,0.45596975088119507,0.12566909193992615,0.12566909193992615,0.42301318049430847,0.42301318049430847,6.9845290184021,6.9845290184021,0.79928058385849,0.79928058385849,2.14315128326416,2.14315128326416,0.0,0.0,-0.08985468745231628,-0.08985468745231628,0.3310202956199646,0.3310202956199646,0.5500251054763794,0.5500251054763794,0.12711112201213837,0.12711112201213837,0.3605014681816101,0.3605014681816101,73.3794174194336,73.3794174194336,37.34144973754883,37.34144973754883,49.394954681396484,49.394954681396484,4.1748199462890625,4.1748199462890625,0.0,0.0,180.0
261,1.0875,0.06557434780084591,-10.436610294721884,-26.50902002293936,0.06557434780084591,-10.436610294721884,-26.50902002293936,5.0,-5.0,0.0,0.0,12.0,0,0.5,0.0,0.0,3.2,3.2,3.2,10.436609268188477,10.436607360839844,10.436609268188477,10.436610221862793,0.03162653371691704,0.031005842611193657,-5.812209606170654,-6.044843673706055,-0.1385253518819809,-0.1385253518819809,0.0,0.0,nan,nan,26.64267921447754,26.64267921447754,53.28535842895508,0.0,6.5606560707092285,0.3228163719177246,0.0,0.0,0.0,0.3228163719177246,0.0,6.5606560707092285,0.0,0.0,0.0,-1.0479708909988403,-0.13804365694522858,6.482986927032471,0.0,0.0,0.0,0.0,6.5606560707092285,0.3228163719177246,0.0,0.0,0.0,0.3228163719177246,0.0,6.5606560707092285,-0.0,-0.0,-0.0,-1.0479707717895508,0.13804227113723755,6.482986927032471,0.0,0.0,0.0,2.9802322387695312e-08,5.820766091346741e-11,0.6000000238418579,0.0,0.05600002408027649,0.6000000238418579,-1.341104507446289e-07,-0.055999934673309326,0.6000000238418579,-2.0959415435791016,-1.385807991027832e-06,12.965973854064941,0.0,0.0,0.0,5.662441253662109e-07,1.255852453141415e-06,8.195638656616211e-08,19.159120559692383,19.159122467041016,43.888465881347656,43.88846969604492,0.4183611571788788,0.4183611571788788,0.44409045577049255,0.44409045577049255,0.13754841685295105,0.13754841685295105,0.43717479705810547,0.43717479705810547,7.246242523193359,7.246242523193359,0.6308459043502808,0.6308459043502808,2.257823944091797,2.257823944091797,0.0,0.0,-0.090298593044281,-0.090298593044281,0.3228163719177246,0.3228163719177246,0.5500251054763794,0.5500251054763794,0.13804394006729126,0.13804394006729126,0.3619214594364166,0.3619214594364166,74.4269790649414,74.4269790649414,37.992549896240234,37.992549896240234,50.02479934692383,50.02479934692383,4.063082218170166,4.063082218170166,0.0,0.0,180.0
262,1.0916666666666666,0.02190934203111819,-10.510332727139124,-8.857048618405729,0.02190934203111819,-10.510332727139124,-8.857048618405729,5.0,-5.0,0.0,0.0,12.0,0,0.5,0.0,0.0,3.2,3.2,3.2,10.510330200195312,10.510333061218262,10.510333061218262,10.510333061218262,-0.011139171198010445,-0.011818110942840576,-5.421266555786133,-5.673248291015625,-0.1395038664340973,-0.1395038664340973,0.0,0.0,nan,nan,27.04131317138672,27.04131317138672,54.08262634277344,0.0,6.59307861328125,0.33616775274276733,0.0,0.0,0.0,0.33616775274276733,0.0,6.59307861328125,0.0,0.0,0.0,-1.039085030555725,-0.4263283312320709,6.505400657653809,0.0,0.0,0.0,0.0,6.59307861328125,0.33616775274276733,0.0,0.0,0.0,0.33616775274276733,0.0,6.59307861328125,-0.0,-0.0,-0.0,-1.0390855073928833,0.42632684111595154,6.505400657653809,0.0,0.0,0.0,2.9802322387695312e-08,5.820766091346741e-11,0.6000000238418579,-8.940696716308594e-08,0.05600002408027649,0.6000000238418579,1.1175870895385742e-07,-0.055999964475631714,0.6000000238418579,-2.0781705379486084,-1.4901161193847656e-06,13.010801315307617,0.0,0.0,0.0,3.8743019104003906e-07,2.423450382593728e-07,1.2293457984924316e-07,19.315876007080078,19.315874099731445,44.071250915527344,44.071250915527344,0.4183611571788788,0.4183611571788788,0.44409045577049255,0.44409045577049255,0.13754841685295105,0.13754841685295105,0.43717479705810547,0.43717479705810547,7.461321830749512,7.461321830749512,0.4584101438522339,0.4584101438522339,2.346858024597168,2.346858024597168,0.0,0.0,-0.09052383154630661,-0.09052383154630661,0.33616775274276733,0.33616775274276733,0.5500251054763794,0.5500251054763794,0.14742381870746613,0.14742381870746613,0.3616873323917389,0.3616873323917389,74.96306610107422,74.96306610107422,38.347808837890625,38.347808837890625,50.35858154296875,50.35858154296875,4.007017612457275,4.007017612457275,0.0,0.0,180.0
263,1.0958333333333332,-0.021909342031115435,-10.510332727139128,8.857048618404615,-0.021909342031115435,-10.510332727139128,8.857048618404615,5.0,-5.0,0.0,0.0,12.0,0,0.5,0.0,0.0,3.2,3.2,3.2,10.510331153869629,10.510333061218262,10.510333061218262,10.510333061218262,-0.053846850991249084,-0.05457914248108864,-4.995519638061523,-5.265151023864746,-0.1395038664340973,-0.1395038664340973,0.0,0.0,nan,nan,27.134788513183594,27.134788513183594,54.26957702636719,0.0,6.611141204833984,0.37391239404678345,0.0,0.0,0.0,0.37391239404678345,0.0,6.611141204833984,0.0,0.0,0.0,-1.00070321559906,-0.7160748243331909,6.506368160247803,0.0,0.0,0.0,0.0,6.611141204833984,0.37391239404678345,0.0,0.0,0.0,0.37391239404678345,0.0,6.611141204833984,-0.0,-0.0,-0.0,-1.0007034540176392,0.7160735726356506,6.506368160247803,0.0,0.0,0.0,2.9802322387695312e-08,5.820766091346741e-11,0.6000000238418579,-4.470348358154297e-08,0.05600002408027649,0.6000000238418579,5.960464477539063e-08,-0.055999964475631714,0.6000000238418579,-2.001406669616699,-1.2516975402832031e-06,13.012736320495605,0.0,0.0,0.0,3.8743019104003906e-07,2.908573151216842e-07,1.1920928955078125e-07,19.38606071472168,19.38606071472168,44.092491149902344,44.092491149902344,0.4183611571788788,0.4183611571788788,0.44409045577049255,0.44409045577049255,0.13754841685295105,0.13754841685295105,0.42301318049430847,0.42301318049430847,7.626713752746582,7.626713752746582,0.282903254032135,0.282903254032135,2.40757417678833,2.40757417678833,0.0,0.0,-0.09052383154630661,-0.09052383154630661,0.37391239404678345,0.37391239404678345,0.5500251054763794,0.5500251054763794,0.15519241988658905,0.15519241988658905,0.3598079979419708,0.3598079979419708,74.984619140625,74.984619140625,38.405189514160156,38.405189514160156,50.39441680908203,50.39441680908203,4.007017612457275,4.007017612457275,0.0,0.0,180.0
264,1.1,-0.065574347800845,-10.436610294721886,26.509020022938998,-0.065574347800845,-10.436610294721886,26.509020022938998,5.0,-5.0,0.0,0.0,12.0,0,0.5,0.0,0.0,3.2,3.2,3.2,10.436607360839844,10.436606407165527,10.436609268188477,10.436609268188477,-0.0961511954665184,-0.09693190455436707,-4.530622482299805,-4.815932750701904,-0.1385253518819809,-0.1385253518819809,0.0,0.0,nan,nan,26.705408096313477,26.705408096313477,53.41081619262695,0.0,6.547080039978027,0.3814905285835266,0.0,0.0,0.0,0.3814905285835266,0.0,6.547080039978027,0.0,0.0,0.0,-0.9723239541053772,-0.9925692677497864,6.409304618835449,0.0,0.0,0.0,0.0,6.547080039978027,0.3814905285835266,0.0,0.0,0.0,0.3814905285835266,0.0,6.547080039978027,-0.0,-0.0,-0.0,-0.9723240733146667,0.9925678968429565,6.409304618835449,0.0,0.0,0.0,2.9802322387695312e-08,5.820766091346741e-11,0.6000000238418579,-7.450580596923828e-08,0.05600005388259888,0.6000000238418579,-1.1920928955078125e-07,-0.055999934673309326,0.6000000238418579,-1.944648027420044,-1.3709068298339844e-06,12.818609237670898,0.0,0.0,0.0,7.748603820800781e-07,1.6236033388850046e-06,6.705522537231445e-08,19.36542510986328,19.365421295166016,43.95269012451172,43.95268630981445,0.4183611571788788,0.4183611571788788,0.44409045577049255,0.44409045577049255,0.13754841685295105,0.13754841685295105,0.42301318049430847,0.42301318049430847,7.74031925201416,7.74031925201416,0.1052677258849144,0.1052677258849144,2.438213586807251,2.438213586807251,0.0,0.0,-0.090298593044281,-0.090298593044281,0.3814905285835266,0.3814905285835266,0.5500251054763794,0.5500251054763794,0.16130024194717407,0.16130024194717407,0.35630175471305847,0.35630175471305847,74.49149322509766,74.49149322509766,38.164363861083984,38.164363861083984,50.132110595703125,50.132110595703125,4.063082218170166,4.063082218170166,0.0,0.0,180.0
265,1.1041666666666667,-0.10877939663585184,-10.28968253978133,43.97504969871558,-0.10877939663585184,-10.28968253978133,43.97504969871558,5.0,-5.0,0.0,0.0,12.0,0,0.5,0.0,0.0,3.2,3.2,3.2,10.289682388305664,10.289679527282715,10.289682388305664,10.289682388305664,-0.13780046999454498,-0.1386239379644394,-4.037047386169434,-4.336092472076416,-0.13657516241073608,-0.13657516241073608,0.0,0.0,nan,nan,25.975873947143555,25.975873947143555,51.95174789428711,0.0,6.467865943908691,0.4148210883140564,0.0,0.0,0.0,0.4148210883140564,0.0,6.467865943908691,0.0,0.0,0.0,-0.9133970141410828,-1.2557722330093384,6.292385101318359,0.0,0.0,0.0,0.0,6.467865943908691,0.4148210883140564,0.0,0.0,0.0,0.4148210883140564,0.0,6.467865943908691,-0.0,-0.0,-0.0,-0.9133968949317932,1.2557708024978638,6.292385101318359,0.0,0.0,0.0,2.9802322387695312e-08,5.820766091346741e-11,0.6000000238418579,0.0,0.05600002408027649,0.6000000834465027,-8.940696716308594e-08,-0.05599990487098694,0.6000000238418579,-1.826793909072876,-1.430511474609375e-06,12.584770202636719,0.0,0.0,0.0,8.046627044677734e-07,8.831957529764622e-07,3.725290298461914e-09,19.250272750854492,19.250272750854492,43.646888732910156,43.646888732910156,0.4183611571788788,0.4183611571788788,0.45596975088119507,0.45596975088119507,0.12566909193992615,0.12566909193992615,0.4088520109653473,0.4088520109653473,7.80104923248291,7.80104923248291,-0.07353001832962036,-0.07353001832962036,2.4380125999450684,2.4380125999450684,0.0,0.0,-0.08985468745231628,-0.08985468745231628,0.4148210883140564,0.4148210883140564,0.5500251054763794,0.5500251054763794,0.1657065749168396,0.1657065749168396,0.3511953055858612,0.3511953055858612,73.4864273071289,73.4864273071289,37.62666320800781,37.62666320800781,49.573158264160156,49.573158264160156,4.1748199462890625,4.1748199462890625,0.0,0.0,180.0
266,1.1083333333333334,-0.15122143616134687,-10.070580054950915,61.13262599688529,-0.15122143616134687,-10.070580054950915,61.13262599688529,5.0,-5.0,0.0,0.0,12.0,0,0.5,0.0,0.0,3.2,3.2,3.2,10.070578575134277,10.070581436157227,10.070581436157227,10.070581436157227,-0.1784578114748001,-0.17931848764419556,-3.511092185974121,-3.821690320968628,-0.1336670219898224,-0.1336670219898224,0.0,0.0,nan,nan,24.762571334838867,24.762571334838867,49.525142669677734,0.0,6.307977199554443,0.4147847294807434,0.0,0.0,0.0,0.4147847294807434,0.0,6.307977199554443,0.0,0.0,0.0,-0.8688599467277527,-1.4861743450164795,6.082679748535156,0.0,0.0,0.0,0.0,6.307977199554443,0.4147847294807434,0.0,0.0,0.0,0.4147847294807434,0.0,6.307977199554443,-0.0,-0.0,-0.0,-0.8688603639602661,1.486173152923584,6.0826802253723145,0.0,0.0,0.0,2.9802322387695312e-08,5.820766091346741e-11,0.6000000238418579,-1.043081283569336e-07,0.055999964475631714,0.6000000238418579,-2.9802322387695312e-08,-0.055999934673309326,0.6000000238418579,-1.737720251083374,-1.1920928955078125e-06,12.165359497070312,0.0,0.0,0.0,1.4901161193847656e-07,1.1783068885051762e-06,1.1175870895385742e-07,19.03638458251953,19.0363826751709,43.16464614868164,43.16463851928711,0.4183611571788788,0.4183611571788788,0.467531681060791,0.467531681060791,0.11410718411207199,0.11410718411207199,0.4088520109653473,0.4088520109653473,7.808837890625,7.808837890625,-0.25248903036117554,-0.25248903036117554,2.4072256088256836,2.4072256088256836,0.0,0.0,-0.08920497447252274,-0.08920497447252274,0.4147847294807434,0.4147847294807434,0.5500251054763794,0.5500251054763794,0.16837964951992035,0.16837964951992035,0.3445235788822174,0.3445235788822174,71.97512817382812,71.97512817382812,36.795127868652344,36.795127868652344,48.72074890136719,48.72074890136719,4.34144401550293,4.34144401550293,0.0,0.0,180.0
267,1.1125,-0.19260276596462378,-9.780839686736794,77.86140084741875,-0.19260276596462378,-9.780839686736794,77.86140084741875,5.0,-5.0,0.0,0.0,12.0,0,0.5,0.0,0.0,3.2,3.2,3.2,9.780838966369629,9.780837059020996,9.780839920043945,9.780839920043945,-0.21788321435451508,-0.2187749147415161,-2.963686943054199,-3.2837302684783936,-0.1298212856054306,-0.1298212856054306,0.0,0.0,nan,nan,23.308979034423828,23.308979034423828,46.617958068847656,0.0,6.135438919067383,0.44081294536590576,0.0,0.0,0.0,0.44081294536590576,0.0,6.135438919067383,0.0,0.0,0.0,-0.7950432896614075,-1.6909619569778442,5.860587120056152,0.0,0.0,0.0,0.0,6.135438919067383,0.44081294536590576,0.0,0.0,0.0,0.44081294536590576,0.0,6.135438919067383,-0.0,-0.0,-0.0,-0.7950432300567627,1.6909606456756592,5.8605875968933105,0.0,0.0,0.0,2.9802322387695312e-08,5.820766091346741e-11,0.6000000238418579,-5.960464477539063e-08,0.05600005388259888,0.6000000238418579,-4.470348358154297e-08,-0.055999934673309326,0.6000000238418579,-1.5900864601135254,-1.3113021850585938e-06,11.721174240112305,0.0,0.0,0.0,6.556510925292969e-07,9.606251296645496e-07,1.2665987014770508e-07,18.718904495239258,18.718902587890625,42.48963928222656,42.48963928222656,0.44724681973457336,0.44724681973457336,0.44986164569854736,0.44986164569854736,0.10289160162210464,0.10289160162210464,0.3946942090988159,0.3946942090988159,7.7646307945251465,7.7646307945251465,-0.4305647313594818,-0.4305647313594818,2.347101926803589,2.347101926803589,0.0,0.0,-0.08836811780929565,-0.08836811780929565,0.44081294536590576,0.44081294536590576,0.5500251054763794,0.5500251054763794,0.16929684579372406,0.16929684579372406,0.33632954955101013,0.33632954955101013,69.96620178222656,69.96620178222656,35.67448806762695,35.67448806762695,47.57975387573242,47.57975387573242,4.561788558959961,4.561788558959961,0.0,0.0,180.0
268,1.1166666666666667,-0.23263312574955355,-9.422493755643846,94.0440339143462,-0.23263312574955355,-9.422493755643846,94.0440339143462,5.0,-5.0,0.0,0.0,12.0,0,0.5,0.0,0.0,3.2,3.2,3.2,9.422494888305664,9.422491073608398,9.422493934631348,9.422493934631348,-0.2558003067970276,-0.25671660900115967,-2.3986968994140625,-2.7260031700134277,-0.12506495416164398,-0.12506495416164398,0.0,0.0,nan,nan,21.65645980834961,21.65645980834961,43.31291961669922,0.0,5.951742172241211,0.4944838583469391,0.0,0.0,0.0,0.4944838583469391,0.0,5.951742172241211,0.0,0.0,0.0,-0.6912305355072021,-1.8679810762405396,5.63032865524292,0.0,0.0,0.0,0.0,5.951742172241211,0.4944838583469391,0.0,0.0,0.0,0.4944838583469391,0.0,5.951742172241211,-0.0,-0.0,-0.0,-0.6912302374839783,1.8679792881011963,5.630329132080078,0.0,0.0,0.0,2.9802322387695312e-08,5.820766091346741e-11,0.6000000238418579,-7.450580596923828e-08,0.05600002408027649,0.6000000238418579,-7.450580596923828e-08,-0.055999934673309326,0.6000000238418579,-1.3824608325958252,-1.7881393432617188e-06,11.260658264160156,0.0,0.0,0.0,4.76837158203125e-07,1.1745780739147449e-06,7.82310962677002e-08,18.29248809814453,18.29248809814453,41.59932327270508,41.599327087402344,0.46139582991600037,0.46139582991600037,0.45697909593582153,0.45697909593582153,0.08162510395050049,0.08162510395050049,0.366405189037323,0.366405189037323,7.670340538024902,7.670340538024902,-0.6066631078720093,-0.6066631078720093,2.2598178386688232,2.2598178386688232,0.0,0.0,-0.08736775070428848,-0.08736775070428848,0.4944838583469391,0.4944838583469391,0.5500251054763794,0.5500251054763794,0.16844533383846283,0.16844533383846283,0.3266642093658447,0.3266642093658447,67.47138214111328,67.47138214111328,34.27127456665039,34.27127456665039,46.15685272216797,46.15685272216797,4.834306240081787,4.834306240081787,0.0,0.0,180.0
269,1.1208333333333333,-0.2710317313040221,-8.998055800907464,109.5670156539103,-0.2710317313040221,-8.998055800907464,109.5670156539103,5.0,-5.0,0.0,0.0,12.0,0,0.5,0.0,0.0,3.2,3.2,3.2,8.998055458068848,8.998054504394531,8.998055458068848,8.998055458068848,-0.2919009327888489,-0.2928355932235718,-1.8133223056793213,-2.145521402359009,-0.11943138390779495,-0.11943138390779495,0.0,0.0,nan,nan,19.671497344970703,19.671497344970703,39.342994689941406,0.0,5.695868492126465,0.5109235644340515,0.0,0.0,0.0,0.5109235644340515,0.0,5.695868492126465,0.0,0.0,0.0,-0.6095415949821472,-1.9939682483673096,5.325082778930664,0.0,0.0,0.0,0.0,5.695868492126465,0.5109235644340515,0.0,0.0,0.0,0.5109235644340515,0.0,5.695868492126465,-0.0,-0.0,-0.0,-0.6095418334007263,1.9939674139022827,5.3250837326049805,0.0,0.0,0.0,2.9802322387695312e-08,5.820766091346741e-11,0.6000000238418579,0.0,0.05600005388259888,0.6000000834465027,2.9802322387695312e-08,-0.055999934673309326,0.6000000238418579,-1.2190834283828735,-8.344650268554688e-07,10.650166511535645,0.0,0.0,0.0,7.152557373046875e-07,1.223683199214065e-07,1.1920928955078125e-07,17.751686096191406,17.751686096191406,40.464385986328125,40.464385986328125,0.47554877400398254,0.47554877400398254,0.4623199999332428,0.4623199999332428,0.06213124841451645,0.06213124841451645,0.35228419303894043,0.35228419303894043,7.5287628173828125,7.5287628173828125,-0.7796391248703003,-0.7796391248703003,2.148360252380371,2.148360252380371,0.0,0.0,-0.08623160421848297,-0.08623160421848297,0.5109235644340515,0.5109235644340515,0.5500251054763794,0.5500251054763794,0.16582222282886505,0.16582222282886505,0.31558656692504883,0.31558656692504883,64.50542449951172,64.50542449951172,32.593753814697266,32.593753814697266,44.46044921875,44.46044921875,5.157086372375488,5.157086372375488,0.0,0.0,180.0
270,1.125,-0.3075292439994216,-8.510502949821905,124.32146350245374,-0.3075292439994216,-8.510502949821905,124.32146350245374,5.0,-5.0,0.0,0.0,12.0,0,0.5,0.0,0.0,3.2,3.2,3.2,8.51050090789795,8.510502815246582,8.510502815246582,8.510502815246582,-0.3259761333465576,-0.32692238688468933,-1.2187550067901611,-1.5535856485366821,-0.112960085272789,-0.112960085272789,0.0,0.0,nan,nan,17.60468864440918,17.60468864440918,35.20937728881836,0.0,5.435044765472412,0.5536211133003235,0.0,0.0,0.0,0.5536211133003235,0.0,5.435044765472412,0.0,0.0,0.0,-0.5018406510353088,-2.0871670246124268,5.0237531661987305,0.0,0.0,0.0,0.0,5.435044765472412,0.5536211133003235,0.0,0.0,0.0,0.5536211133003235,0.0,5.435044765472412,-0.0,-0.0,-0.0,-0.5018408298492432,2.0871660709381104,5.023754119873047,0.0,0.0,0.0,2.9802322387695312e-08,5.820766091346741e-11,0.6000000238418579,-1.4901161193847656e-08,0.05600002408027649,0.6000000238418579,-2.9802322387695312e-08,-0.055999964475631714,0.6000000238418579,-1.0036814212799072,-9.5367431640625e-07,10.047507286071777,0.0,0.0,0.0,2.384185791015625e-07,5.240183327259729e-07,-1.1175870895385742e-08,17.091583251953125,17.091581344604492,39.048309326171875,39.048309326171875,0.4897056221961975,0.4897056221961975,0.4734485149383545,0.4734485149383545,0.036845918744802475,0.036845918744802475,0.32412275671958923,0.32412275671958923,7.343477249145508,7.343477249145508,-0.948298454284668,-0.948298454284668,2.016382932662964,2.016382932662964,0.0,0.0,-0.08499044924974442,-0.08499044924974442,0.5536211133003235,0.5536211133003235,0.5500251054763794,0.5500251054763794,0.16143545508384705,0.16143545508384705,0.30316388607025146,0.30316388607025146,61.08632278442383,61.08632278442383,30.652069091796875,30.652069091796875,42.50080871582031,42.50080871582031,5.527864456176758,5.527864456176758,0.0,0.0,180.0
271,1.1291666666666667,-0.34186966000762214,-7.963255035331284,138.20388560937573,-0.34186966000762214,-7.963255035331284,138.20388560937573,5.0,-5.0,0.0,0.0,12.0,0,0.5,0.0,0.0,3.2,3.2,3.2,7.963253498077393,7.963254928588867,7.963255405426025,7.963255405426025,-0.35776686668395996,-0.35871806740760803,-0.6159710884094238,-0.9510952234268188,-0.10569644719362259,-0.10569644719362259,0.0,0.0,nan,nan,15.429966926574707,15.429966926574707,30.859933853149414,0.0,5.141781806945801,0.5882567167282104,0.0,0.0,0.0,0.5882567167282104,0.0,5.141781806945801,0.0,0.0,0.0,-0.3969871997833252,-2.1363842487335205,4.697044849395752,0.0,0.0,0.0,0.0,5.141781806945801,0.5882567167282104,0.0,0.0,0.0,0.5882567167282104,0.0,5.141781806945801,-0.0,-0.0,-0.0,-0.3969876766204834,2.136383533477783,4.69704532623291,0.0,0.0,0.0,2.9802322387695312e-08,5.820766091346741e-11,0.6000000238418579,-7.450580596923828e-08,0.05600002408027649,0.6000000238418579,4.470348358154297e-08,-0.0559999942779541,0.6000000238418579,-0.7939748764038086,-7.152557373046875e-07,9.39409065246582,0.0,0.0,0.0,8.940696716308594e-08,4.1994854882432264e-07,2.4028122425079346e-07,16.308868408203125,16.30886459350586,37.30712127685547,37.30712127685547,0.518027126789093,0.518027126789093,0.46471449732780457,0.46471449732780457,0.017258400097489357,0.017258400097489357,0.296124666929245,0.296124666929245,7.118704795837402,7.118704795837402,-1.1114047765731812,-1.1114047765731812,1.8680243492126465,1.8680243492126465,0.0,0.0,-0.08367697894573212,-0.08367697894573212,0.5882567167282104,0.5882567167282104,0.5500251054763794,0.5500251054763794,0.1553042083978653,0.1553042083978653,0.28947165608406067,0.28947165608406067,57.23523712158203,57.23523712158203,28.458202362060547,28.458202362060547,40.2900505065918,40.2900505065918,5.944040298461914,5.944040298461914,0.0,0.0,180.0
272,1.1333333333333333,-0.3738121059838825,-7.360150608358637,151.11690675810337,-0.3738121059838825,-7.360150608358637,151.11690675810337,5.0,-5.0,0.0,0.0,12.0,0,0.5,0.0,0.0,3.2,3.2,3.2,7.360151290893555,7.360148906707764,7.3601508140563965,7.3601508140563965,-0.3870713412761688,-0.38802066445350647,-0.012581586837768555,-0.34572112560272217,-0.09769143164157867,-0.09769143164157867,0.0,0.0,nan,nan,13.290740013122559,13.290740013122559,26.581480026245117,0.0,4.849392890930176,0.6459274291992188,0.0,0.0,0.0,0.6459274291992188,0.0,4.849392890930176,0.0,0.0,0.0,-0.27143508195877075,-2.1547422409057617,4.383747577667236,0.0,0.0,0.0,0.0,4.849392890930176,0.6459274291992188,0.0,0.0,0.0,0.6459274291992188,0.0,4.849392890930176,-0.0,-0.0,-0.0,-0.27143508195877075,2.1547415256500244,4.3837480545043945,0.0,0.0,0.0,2.9802322387695312e-08,5.820766091346741e-11,0.6000000238418579,-4.470348358154297e-08,0.05600005388259888,0.6000000238418579,-1.4901161193847656e-08,-0.05599990487098694,0.6000000238418579,-0.5428701639175415,-7.152557373046875e-07,8.767496109008789,0.0,0.0,0.0,6.258487701416016e-07,5.225834343036695e-07,1.0523945093154907e-07,15.403518676757812,15.403512954711914,35.189964294433594,35.189964294433594,0.5610860586166382,0.5610860586166382,0.4383901059627533,0.4383901059627533,0.0005239031161181629,0.0005239031161181629,0.2546203136444092,0.2546203136444092,6.859159469604492,6.859159469604492,-1.2676914930343628,-1.2676914930343628,1.7077196836471558,1.7077196836471558,0.0,0.0,-0.08232466876506805,-0.08232466876506805,0.6459274291992188,0.6459274291992188,0.5500251054763794,0.5500251054763794,0.1474594920873642,0.1474594920873642,0.27459391951560974,0.27459391951560974,52.97660446166992,52.97660446166992,26.026016235351562,26.026016235351562,37.84215545654297,37.84215545654297,6.402693748474121,6.402693748474121,0.0,0.0,180.0
273,1.1375,-0.4031325286202922,-6.705420013129297,162.9699513832701,-0.4031325286202922,-6.705420013129297,162.9699513832701,5.0,-5.0,0.0,0.0,12.0,0,0.5,0.0,0.0,3.2,3.2,3.2,6.705420017242432,6.70542049407959,6.70542049407959,6.70542049407959,-0.413665235042572,-0.4146060347557068,0.5901787877082825,0.2613442540168762,-0.08900117874145508,-0.08900117874145508,0.0,0.0,nan,nan,11.16700553894043,11.16700553894043,22.33401107788086,0.0,4.532406330108643,0.6893078088760376,0.0,0.0,0.0,0.6893078088760376,0.0,4.532406330108643,0.0,0.0,0.0,-0.15732260048389435,-2.1320672035217285,4.055538177490234,0.0,0.0,0.0,0.0,4.532406330108643,0.6893078088760376,0.0,0.0,0.0,0.6893078088760376,0.0,4.532406330108643,-0.0,-0.0,-0.0,-0.15732260048389435,2.132066249847412,4.055538654327393,0.0,0.0,0.0,2.9802322387695312e-08,5.820766091346741e-11,0.6000000238418579,-4.470348358154297e-08,0.05600005388259888,0.6000000238418579,7.450580596923828e-08,-0.0559999942779541,0.6000000238418579,-0.3146452009677887,-9.5367431640625e-07,8.111076354980469,0.0,0.0,0.0,2.086162567138672e-07,1.2086442779946083e-07,2.635642886161804e-07,14.381449699401855,14.381446838378906,32.64098358154297,32.64098358154297,0.6034961342811584,0.6034961342811584,0.3965039849281311,0.3965039849281311,0.0,0.0,0.21403278410434723,0.21403278410434723,6.56987190246582,6.56987190246582,-1.4158787727355957,-1.4158787727355957,1.5399997234344482,1.5399997234344482,0.0,0.0,-0.0809667780995369,-0.0809667780995369,0.6893078088760376,0.6893078088760376,0.5500251054763794,0.5500251054763794,0.1379447877407074,0.1379447877407074,0.25862351059913635,0.25862351059913635,48.338077545166016,48.338077545166016,23.371244430541992,23.371244430541992,35.1729621887207,35.1729621887207,6.900608539581299,6.900608539581299,0.0,0.0,180.0
274,1.1416666666666666,-0.42962526621875385,-6.003655714345458,173.67987889323211,-0.42962526621875385,-6.003655714345458,173.67987889323211,5.0,-5.0,0.0,0.0,12.0,0,0.5,0.0,0.0,3.2,3.2,3.2,6.0036540031433105,6.003655433654785,6.003655910491943,6.003655910491943,-0.4373640716075897,-0.4382895529270172,1.1877635717391968,0.8655243515968323,-0.07968664914369583,-0.07968664914369583,0.0,0.0,nan,nan,9.119154930114746,9.119154930114746,18.238309860229492,0.0,4.19601583480835,0.7142279148101807,0.0,0.0,0.0,0.7142279148101807,0.0,4.19601583480835,0.0,0.0,0.0,-0.06008794158697128,-2.071218490600586,3.717944860458374,0.0,0.0,0.0,0.0,4.19601583480835,0.7142279148101807,0.0,0.0,0.0,0.7142279148101807,0.0,4.19601583480835,-0.0,-0.0,-0.0,-0.060088299214839935,2.0712177753448486,3.7179453372955322,0.0,0.0,0.0,2.9802322387695312e-08,5.820766091346741e-11,0.6000000238418579,-1.043081283569336e-07,0.05600002408027649,0.6000000238418579,2.9802322387695312e-08,-0.055999934673309326,0.6000000238418579,-0.12017624080181122,-7.152557373046875e-07,7.435890197753906,0.0,0.0,0.0,2.980232238769531e-07,4.986152362107532e-07,2.630986273288727e-07,13.258806228637695,13.258800506591797,29.604267120361328,29.604267120361328,0.6604217886924744,0.6604217886924744,0.3395783007144928,0.3395783007144928,0.0,0.0,0.17482061684131622,0.17482061684131622,6.256000518798828,6.256000518798828,-1.5546932220458984,-1.5546932220458984,1.3692982196807861,1.3692982196807861,0.0,0.0,-0.07963529229164124,-0.07963529229164124,0.7142279148101807,0.7142279148101807,0.5500251054763794,0.5500251054763794,0.12681642174720764,0.12681642174720764,0.24166204035282135,0.24166204035282135,43.35053634643555,43.35053634643555,20.511503219604492,20.511503219604492,32.30018615722656,32.30018615722656,7.434292316436768,7.434292316436768,0.0,0.0,180.0
275,1.1458333333333333,-0.4531044912600177,-5.259780084346194,183.1715668415785,-0.4531044912600177,-5.259780084346194,183.1715668415785,5.0,-5.0,0.0,0.0,12.0,0,0.5,0.0,0.0,3.2,3.2,3.2,5.25977897644043,5.259778022766113,5.259779930114746,5.259779930114746,-0.45802024006843567,-0.4589238464832306,1.7729783058166504,1.4595117568969727,-0.06981316953897476,-0.06981316953897476,0.0,0.0,nan,nan,7.25789737701416,7.25789737701416,14.51579475402832,0.0,3.8704288005828857,0.7454786896705627,0.0,0.0,0.0,0.7454786896705627,0.0,3.8704288005828857,0.0,0.0,0.0,0.03886964172124863,-1.989003300666809,3.4026918411254883,0.0,0.0,0.0,0.0,3.8704288005828857,0.7454786896705627,0.0,0.0,0.0,0.7454786896705627,0.0,3.8704288005828857,-0.0,-0.0,-0.0,0.03886972367763519,1.9890024662017822,3.4026923179626465,0.0,0.0,0.0,2.9802322387695312e-08,5.820766091346741e-11,0.6000000238418579,-2.9802322387695312e-08,0.05600002408027649,0.6000000238418579,-1.4901161193847656e-08,-0.055999964475631714,0.6000000238418579,0.07773936539888382,-8.344650268554688e-07,6.805384159088135,0.0,0.0,0.0,1.6391277313232422e-07,3.5492843153406284e-07,3.189779818058014e-08,12.069087028503418,12.069087028503418,26.034015655517578,26.034015655517578,0.7442913055419922,0.7442913055419922,0.255708783864975,0.255708783864975,0.0,0.0,0.12566909193992615,0.12566909193992615,5.922638893127441,5.922638893127441,-1.6828923225402832,-1.6828923225402832,1.1997759342193604,1.1997759342193604,0.0,0.0,-0.0783601626753807,-0.0783601626753807,0.7454786896705627,0.7454786896705627,0.5500251054763794,0.5500251054763794,0.1141437441110611,0.1141437441110611,0.2238197773694992,0.2238197773694992,38.04788589477539,38.04788589477539,17.466169357299805,17.466169357299805,29.243305206298828,29.243305206298828,8.000000953674316,8.000000953674316,0.0,0.0,180.0
276,1.15,-0.47340551385022056,-4.479010876202021,191.3784378571205,-0.47340551385022056,-4.479010876202021,191.3784378571205,5.0,-5.0,0.0,0.0,12.0,0,0.5,0.0,0.0,3.2,3.2,3.2,4.479009628295898,4.479009628295898,4.479011535644531,4.479011058807373,-0.4754877984523773,-0.47636300325393677,2.3418989181518555,2.0393247604370117,-0.05945000424981117,-0.05945000424981117,0.0,0.0,nan,nan,5.609025001525879,5.609025001525879,11.218050003051758,0.0,3.5563316345214844,0.767498254776001,0.0,0.0,0.0,0.767498254776001,0.0,3.5563316345214844,0.0,0.0,0.0,0.12427349388599396,-1.8891416788101196,3.106806516647339,0.0,0.0,0.0,0.0,3.5563316345214844,0.767498254776001,0.0,0.0,0.0,0.767498254776001,0.0,3.5563316345214844,-0.0,-0.0,-0.0,0.1242733746767044,1.88914155960083,3.106806993484497,0.0,0.0,0.0,2.9802322387695312e-08,5.820766091346741e-11,0.6000000238418579,-8.940696716308594e-08,0.05600002408027649,0.6000000834465027,-7.450580596923828e-08,-0.055999934673309326,0.6000000238418579,0.24854686856269836,-1.1920928955078125e-07,6.213613510131836,0.0,0.0,0.0,3.5762786865234375e-07,7.018326755314774e-07,1.0710209608078003e-08,10.875359535217285,10.875356674194336,21.91472816467285,21.91472816467285,0.8624516129493713,0.8624516129493713,0.13754841685295105,0.13754841685295105,0.0,0.0,0.07163921743631363,0.07163921743631363,5.5746259689331055,5.5746259689331055,-1.7992889881134033,-1.7992889881134033,1.0351756811141968,1.0351756811141968,0.0,0.0,-0.07716859877109528,-0.07716859877109528,0.767498254776001,0.767498254776001,0.5500251054763794,0.5500251054763794,0.10000934451818466,0.10000934451818466,0.20521552860736847,0.20521552860736847,32.46696853637695,32.46696853637695,14.25633430480957,14.25633430480957,26.023487091064453,26.023487091064453,8.593766212463379,8.593766212463379,0.0,0.0,180.0
277,1.1541666666666666,-0.4903859369021573,-3.666824624926131,198.24292663631297,-0.4903859369021573,-3.666824624926131,198.24292663631297,5.0,-5.0,0.0,0.0,12.0,0,0.5,0.0,0.0,3.2,3.2,3.2,3.666823625564575,3.6668243408203125,3.6668243408203125,3.6668245792388916,-0.489621639251709,-0.4904622435569763,2.8941586017608643,2.6045982837677,-0.04866983741521835,-0.04866983741521835,0.0,0.0,nan,nan,4.116861343383789,4.116861343383789,8.233722686767578,0.0,3.2225522994995117,0.7382102012634277,0.0,0.0,0.0,0.7382102012634277,0.0,3.2225522994995117,0.0,0.0,0.0,0.1605464220046997,-1.757949709892273,2.7952880859375,0.0,0.0,0.0,0.0,3.2225522994995117,0.7382102012634277,0.0,0.0,0.0,0.7382102012634277,0.0,3.2225522994995117,-0.0,-0.0,-0.0,0.16054630279541016,1.7579495906829834,2.7952880859375,0.0,0.0,0.0,2.9802322387695312e-08,5.820766091346741e-11,0.6000000238418579,-8.940696716308594e-08,0.0559999942779541,0.6000000834465027,-5.960464477539063e-08,-0.055999964475631714,0.6000000238418579,0.32109272480010986,-1.1920928955078125e-07,5.590576171875,0.0,0.0,0.0,1.9371509552001953e-07,5.927118422732747e-07,4.0978193283081055e-08,9.792529106140137,9.792529106140137,17.303022384643555,17.303022384643555,0.9703718423843384,0.9703718423843384,0.029628142714500427,0.029628142714500427,0.0,0.0,0.029628142714500427,0.029628142714500427,5.2163591384887695,5.2163591384887695,-1.9027791023254395,-1.9027791023254395,0.878713846206665,0.878713846206665,0.0,0.0,-0.07608456164598465,-0.07608456164598465,0.7382102012634277,0.7382102012634277,0.5500251054763794,0.5500251054763794,0.08450876921415329,0.08450876921415329,0.18597623705863953,0.18597623705863953,26.64727783203125,26.64727783203125,10.904653549194336,10.904653549194336,22.663454055786133,22.663454055786133,9.211423873901367,9.211423873901367,0.0,0.0,180.0
278,1.1583333333333332,-0.5039266549485343,-2.828918233516277,203.71688372249773,-0.5039266549485343,-2.828918233516277,203.71688372249773,5.0,-5.0,0.0,0.0,12.0,0,0.5,0.0,0.0,3.2,3.2,3.2,2.8289172649383545,2.828917980194092,2.828918218612671,2.82891845703125,-0.5003143548965454,-0.5011144876480103,3.427211284637451,3.1527154445648193,-0.03754828870296478,-0.03754828870296478,0.0,0.0,nan,nan,2.7792484760284424,2.7792484760284424,5.558496952056885,0.0,2.85927152633667,0.6578900218009949,0.0,0.0,0.0,0.6578900218009949,0.0,2.85927152633667,0.0,0.0,0.0,0.14972007274627686,-1.5920790433883667,2.45990252494812,0.0,0.0,0.0,0.0,2.85927152633667,0.6578900218009949,0.0,0.0,0.0,0.6578900218009949,0.0,2.85927152633667,-0.0,-0.0,-0.0,0.14971989393234253,1.5920790433883667,2.459902763366699,0.0,0.0,0.0,2.9802322387695312e-08,5.820766091346741e-11,0.6000000238418579,-1.341104507446289e-07,0.0559999942779541,0.6000000238418579,2.9802322387695312e-08,-0.055999934673309326,0.6000000238418579,0.2994399666786194,0.0,4.919805526733398,0.0,0.0,0.0,1.341104507446289e-07,4.0320944094673905e-07,2.4121254682540894e-07,9.027963638305664,9.027965545654297,13.71657943725586,13.716593742370605,1.0,1.0,0.0,0.0,0.0,0.0,0.0,0.0,4.8516387939453125,4.8516387939453125,-1.992366909980774,-1.992366909980774,0.7330183386802673,0.7330183386802673,0.0,0.0,-0.07512834668159485,-0.07512834668159485,0.6578900218009949,0.6578900218009949,0.5500251054763794,0.5500251054763794,0.06775008887052536,0.06775008887052536,0.16623619198799133,0.16623619198799133,20.630693435668945,20.630693435668945,7.435190200805664,7.435190200805664,19.18733024597168,19.18733024597168,9.848642349243164,9.848642349243164,0.0,0.0,180.0
279,1.1625,-0.5139326895812502,-1.97116901327318,207.76191323974848,-0.5139326895812502,-1.97116901327318,207.76191323974848,5.0,-5.0,0.0,0.0,12.0,0,0.5,0.0,0.0,3.2,3.2,3.2,1.9711689949035645,1.9711685180664062,1.9711689949035645,1.9711689949035645,-0.5074551701545715,-0.5082095861434937,3.943037509918213,3.685668468475342,-0.026163367554545403,-0.026163367554545403,0.0,0.0,nan,nan,1.5595908164978027,1.5595908164978027,3.1191816329956055,0.0,2.4163477420806885,0.5257968306541443,0.0,0.0,0.0,0.5257968306541443,0.0,2.4163477420806885,0.0,0.0,0.0,0.09982585161924362,-1.3654690980911255,2.059302568435669,0.0,0.0,0.0,0.0,2.4163477420806885,0.5257968306541443,0.0,0.0,0.0,0.5257968306541443,0.0,2.4163477420806885,-0.0,-0.0,-0.0,0.09982575476169586,1.3654687404632568,2.059303045272827,0.0,0.0,0.0,2.9802322387695312e-08,5.820766091346741e-11,0.6000000238418579,-8.940696716308594e-08,0.05600005388259888,0.6000000834465027,-4.470348358154297e-08,-0.055999934673309326,0.6000000238418579,0.1996515989303589,-3.5762786865234375e-07,4.118605613708496,0.0,0.0,0.0,2.980232238769531e-07,4.04868103487388e-07,4.423782229423523e-08,8.931037902832031,8.931035995483398,13.180313110351562,13.180313110351562,1.0,1.0,0.0,0.0,0.0,0.0,0.0,0.0,4.4835357666015625,4.4835357666015625,-2.067188262939453,-2.067188262939453,0.6001132130622864,0.6001132130622864,0.0,0.0,-0.07431638240814209,-0.07431638240814209,0.5257968306541443,0.5257968306541443,0.5500251054763794,0.5500251054763794,0.049853164702653885,0.049853164702653885,0.14613616466522217,0.14613616466522217,14.46108341217041,14.46108341217041,3.8731958866119385,3.8731958866119385,15.620413780212402,15.620413780212402,10.50094985961914,10.50094985961914,0.0,0.0,180.0
280,1.1666666666666667,-0.5203338556566807,-1.0995934586850262,210.34964221235077,-0.5203338556566807,-1.0995934586850262,210.34964221235077,5.0,-5.0,0.0,0.0,12.0,0,0.5,0.0,0.0,3.2,3.2,3.2,1.099593162536621,1.0995930433273315,1.0995934009552002,1.0995934009552002,-0.5110554099082947,-0.5117588043212891,4.428164005279541,4.189666748046875,-0.014594926498830318,-0.014594926498830318,0.0,0.0,nan,nan,0.6719070672988892,0.6719070672988892,1.3438141345977783,0.0,1.9877941608428955,0.4077901840209961,0.0,0.0,0.0,0.4077901840209961,0.0,1.9877941608428955,0.0,0.0,0.0,0.05941050499677658,-1.1337692737579346,1.6818609237670898,0.0,0.0,0.0,0.0,1.9877941608428955,0.4077901840209961,0.0,0.0,0.0,0.4077901840209961,0.0,1.9877941608428955,-0.0,-0.0,-0.0,0.05941047519445419,1.1337690353393555,1.6818610429763794,0.0,0.0,0.0,2.9802322387695312e-08,5.820766091346741e-11,0.6000000238418579,-1.043081283569336e-07,0.05600002408027649,0.6000000238418579,-1.043081283569336e-07,-0.055999934673309326,0.6000000238418579,0.11882098019123077,-2.384185791015625e-07,3.3637218475341797,0.0,0.0,0.0,1.4156103134155273e-07,4.511102815740742e-07,-6.984919309616089e-09,9.841299057006836,9.841296195983887,12.650269508361816,12.650269508361816,1.0,1.0,0.0,0.0,0.0,0.0,0.0,0.0,4.1143269538879395,4.1143269538879395,-2.126532793045044,-2.126532793045044,0.4814513027667999,0.4814513027667999,0.0,0.0,-0.07366111874580383,-0.07366111874580383,0.4077901840209961,0.4077901840209961,0.5500251054763794,0.5500251054763794,0.030948743224143982,0.030948743224143982,0.12582235038280487,0.12582235038280487,8.183931350708008,8.183931350708008,0.244893878698349,0.244893878698349,11.988964080810547,11.988964080810547,11.163772583007812,11.163772583007812,0.0,0.0,180.0
281,1.1708333333333334,-0.5230852535940391,-0.22030504604100723,211.46191958084287,-0.5230852535940391,-0.22030504604100723,211.46191958084287,5.0,-5.0,0.0,0.0,12.0,0,0.5,0.0,0.0,3.2,3.2,3.2,0.22030501067638397,0.2203049510717392,0.22030504047870636,0.22030504047870636,-0.5110893845558167,-0.5117365717887878,4.879299163818359,4.661288261413574,-0.0029241135343909264,-0.0029241135343909264,0.0,0.0,nan,nan,0.11267130076885223,0.11267130076885223,0.22534260153770447,0.0,1.5756070613861084,0.30481189489364624,0.0,0.0,0.0,0.30481189489364624,0.0,1.5756070613861084,0.0,0.0,0.0,0.029589463025331497,-0.9022295475006104,1.3268588781356812,0.0,0.0,0.0,0.0,1.5756070613861084,0.30481189489364624,0.0,0.0,0.0,0.30481189489364624,0.0,1.5756070613861084,-0.0,-0.0,-0.0,0.02958948165178299,0.9022291302680969,1.3268589973449707,0.0,0.0,0.0,2.9802322387695312e-08,5.820766091346741e-11,0.6000000238418579,-1.4901161193847656e-08,0.05600002408027649,0.6000000238418579,-1.341104507446289e-07,-0.05599990487098694,0.6000000238418579,0.05917894467711449,-4.172325134277344e-07,2.6537179946899414,0.0,0.0,0.0,1.4901161193847656e-07,2.7680437142407754e-07,-1.100124791264534e-07,11.521893501281738,11.521890640258789,12.128795623779297,12.128795623779297,1.0,1.0,0.0,0.0,0.0,0.0,0.0,0.0,3.7454681396484375,3.7454681396484375,-2.169861316680908,-2.169861316680908,0.3779827952384949,0.3779827952384949,0.0,0.0,-0.07317091524600983,-0.07317091524600983,0.30481189489364624,0.30481189489364624,0.5500251054763794,0.5500251054763794,0.011177164502441883,0.011177164502441883,0.10544498264789581,0.10544498264789581,1.845848798751831,1.845848798751831,-3.422797441482544,-3.422797441482544,8.31991958618164,8.31991958618164,11.8324613571167,11.8324613571167,0.0,0.0,180.0
282,1.175,-0.5221675843136717,0.6605286482120694,211.09094351865497,-0.5221675843136717,0.6605286482120694,211.09094351865497,5.0,-5.0,0.0,0.0,12.0,0,0.5,0.0,0.0,3.2,3.2,3.2,0.6605286598205566,0.6605285406112671,0.6605286598205566,0.6605286598205566,-0.5075554847717285,-0.508141815662384,5.293479919433594,5.0974297523498535,0.008767210878431797,0.008767210878431797,0.0,0.0,nan,nan,-0.13018538057804108,-0.13018538057804108,-0.26037076115608215,0.0,1.1808414459228516,0.2173997163772583,0.0,0.0,0.0,0.2173997163772583,0.0,1.1808414459228516,0.0,0.0,0.0,0.011246182024478912,-0.6752885580062866,0.992727518081665,0.0,0.0,0.0,0.0,1.1808414459228516,0.2173997163772583,0.0,0.0,0.0,0.2173997163772583,0.0,1.1808414459228516,-0.0,-0.0,-0.0,0.011246081441640854,0.6752884387969971,0.9927276372909546,0.0,0.0,0.0,2.9802322387695312e-08,5.820766091346741e-11,0.6000000238418579,-2.9802322387695312e-08,0.05600006878376007,0.6000000834465027,1.4901161193847656e-08,-0.055999934673309326,0.6000000834465027,0.022492263466119766,-1.1920928955078125e-07,1.9854551553726196,0.0,0.0,0.0,1.2665987014770508e-07,7.53046123236345e-08,2.2992026060819626e-08,13.490616798400879,13.490619659423828,15.957026481628418,15.957026481628418,0.874330997467041,0.874330997467041,0.12566909193992615,0.12566909193992615,0.0,0.0,0.0,0.0,3.3776557445526123,3.3776557445526123,-2.1968142986297607,-2.1968142986297607,0.29024985432624817,0.29024985432624817,0.0,0.0,-0.07285015285015106,-0.07285015285015106,0.2173997163772583,0.2173997163772583,0.5500251054763794,0.5500251054763794,-0.009313114918768406,-0.009313114918768406,0.08515674620866776,0.08515674620866776,-4.50589656829834,-4.50589656829834,-7.102536201477051,-7.102536201477051,4.640632152557373,4.640632152557373,12.502325057983398,12.502325057983398,0.0,0.0,180.0
283,1.1791666666666667,-0.5175872846062356,1.53672920858708,209.2393161563174,-0.5175872846062356,1.53672920858708,209.2393161563174,5.0,-5.0,0.0,0.0,12.0,0,0.5,0.0,0.0,3.2,3.2,3.2,1.5367292165756226,1.536728858947754,1.5367292165756226,1.5367292165756226,-0.5004768967628479,-0.5009978413581848,5.668078899383545,5.495315074920654,0.020397039130330086,0.020397039130330086,0.0,0.0,nan,nan,-0.07510049641132355,-0.07510049641132355,-0.1502009928226471,0.0,0.8037296533584595,0.14578893780708313,0.0,0.0,0.0,0.14578893780708313,0.0,0.8037296533584595,0.0,0.0,0.0,0.005083676893264055,-0.4566047787666321,0.6772902011871338,0.0,0.0,0.0,0.0,0.8037296533584595,0.14578893780708313,0.0,0.0,0.0,0.14578893780708313,0.0,0.8037296533584595,-0.0,-0.0,-0.0,0.005083705764263868,0.45660459995269775,0.6772903203964233,0.0,0.0,0.0,2.9802322387695312e-08,5.820766091346741e-11,0.6000000238418579,-8.940696716308594e-08,0.056000009179115295,0.6000000238418579,-8.940696716308594e-08,-0.055999934673309326,0.6000000238418579,0.010167382657527924,-1.7881393432617188e-07,1.3545805215835571,0.0,0.0,0.0,4.470348358154297e-08,1.6147858161730255e-07,1.2223608791828156e-09,15.509336471557617,15.509331703186035,21.25790786743164,21.25790786743164,0.44963017106056213,0.44963017106056213,0.5503698587417603,0.5503698587417603,0.0,0.0,0.0,0.0,3.010951042175293,3.010951042175293,-2.207221508026123,-2.207221508026123,0.21848806738853455,0.21848806738853455,0.0,0.0,-0.07269912958145142,-0.07269912958145142,0.14578893780708313,0.14578893780708313,0.5500251054763794,0.5500251054763794,-0.030367203056812286,-0.030367203056812286,0.06511113047599792,0.06511113047599792,-10.823899269104004,-10.823899269104004,-10.766854286193848,-10.766854286193848,0.9785668849945068,0.9785668849945068,13.168664932250977,13.168664932250977,0.0,0.0,180.0
284,1.1833333333333333,-0.5093764819832374,2.4021507177023023,205.92002532938437,-0.5093764819832374,2.4021507177023023,205.92002532938437,5.0,-5.0,0.0,0.0,12.0,0,0.5,0.0,0.0,3.2,3.2,3.2,2.4021501541137695,2.4021501541137695,2.4021506309509277,2.4021506309509277,-0.48990073800086975,-0.490352988243103,6.000790596008301,5.852482795715332,0.03188379481434822,0.03188379481434822,0.0,0.0,nan,nan,0.2551005184650421,0.2551005184650421,0.5102010369300842,0.0,0.4438759684562683,0.09000234305858612,0.0,0.0,0.0,0.09000234305858612,0.0,0.4438759684562683,0.0,0.0,0.0,0.01165979914367199,-0.24916155636310577,0.3780328929424286,0.0,0.0,0.0,0.0,0.4438759684562683,0.09000234305858612,0.0,0.0,0.0,0.09000234305858612,0.0,0.4438759684562683,-0.0,-0.0,-0.0,0.011659790761768818,0.24916145205497742,0.37803298234939575,0.0,0.0,0.0,2.9802322387695312e-08,5.820766091346741e-11,0.6000000238418579,-5.960464477539063e-08,0.05600002408027649,0.6000000238418579,-4.470348358154297e-08,-0.055999964475631714,0.6000000238418579,0.023319590836763382,-1.043081283569336e-07,0.756065845489502,0.0,0.0,0.0,1.6763806343078613e-08,6.19644282551235e-08,2.561137080192566e-09,17.470495223999023,17.47049331665039,26.19782257080078,26.19782257080078,0.3360842764377594,0.3360842764377594,0.663915753364563,0.663915753364563,0.0,0.0,0.0,0.0,2.6449756622314453,2.6449756622314453,-2.2010998725891113,-2.2010998725891113,0.16271667182445526,0.16271667182445526,0.0,0.0,-0.07271432876586914,-0.07271432876586914,0.09000234305858612,0.09000234305858612,0.5500251054763794,0.5500251054763794,-0.051825493574142456,-0.051825493574142456,0.04546068236231804,0.04546068236231804,-17.061124801635742,-17.061124801635742,-14.388456344604492,-14.388456344604492,-2.6389966011047363,-2.6389966011047363,13.826807022094727,13.826807022094727,0.0,0.0,180.0
285,1.1875,-0.4975927693256245,3.250722865475716,201.1563534781,-0.4975927693256245,3.250722865475716,201.1563534781,5.0,-5.0,0.0,0.0,12.0,0,0.5,0.0,0.0,3.2,3.2,3.2,3.250723123550415,3.2507224082946777,3.250722885131836,3.250722885131836,-0.4758995473384857,-0.47627967596054077,6.2896409034729,6.166794300079346,0.04314691200852394,0.04314691200852394,0.0,0.0,nan,nan,0.8346932530403137,0.8346932530403137,1.6693865060806274,0.0,0.10049530863761902,0.049911979585886,0.0,0.0,0.0,0.049911979585886,0.0,0.10049530863761902,0.0,0.0,0.0,0.03139249607920647,-0.055427227169275284,0.09237340837717056,0.0,0.0,0.0,0.0,0.10049530863761902,0.049911979585886,0.0,0.0,0.0,0.049911979585886,0.0,0.10049530863761902,-0.0,-0.0,-0.0,0.03139249607920647,0.05542721226811409,0.09237341582775116,0.0,0.0,0.0,2.9802322387695312e-08,5.820766091346741e-11,0.6000000238418579,-5.960464477539063e-08,0.05600005388259888,0.6000000238418579,-2.9802322387695312e-08,-0.055999934673309326,0.6000000238418579,0.06278499215841293,-1.4901161193847656e-08,0.18474683165550232,0.0,0.0,0.0,1.0710209608078003e-08,1.3764711148667175e-08,-1.979060471057892e-09,19.317766189575195,19.317766189575195,30.6079158782959,30.6079158782959,0.27872011065483093,0.27872011065483093,0.7212798595428467,0.7212798595428467,0.0,0.0,0.0,0.0,2.2791430950164795,2.2791430950164795,-2.178647994995117,-2.178647994995117,0.1228003278374672,0.1228003278374672,0.0,0.0,-0.07288835942745209,-0.07288835942745209,0.049911979585886,0.049911979585886,0.5500251054763794,0.5500251054763794,-0.07352558523416519,-0.07352558523416519,0.02635510265827179,0.02635510265827179,-23.17140769958496,-23.17140769958496,-17.940507888793945,-17.940507888793945,-6.185252666473389,-6.185252666473389,14.472136497497559,14.472136497497559,0.0,0.0,180.0
286,1.1916666666666667,-0.482318800911104,4.0764935279889745,194.98171433780732,-0.482318800911104,4.0764935279889745,194.98171433780732,5.0,-5.0,0.0,0.0,12.0,0,0.5,0.0,0.0,3.2,3.2,3.2,4.076493740081787,4.076493263244629,4.076493740081787,4.076493740081787,-0.45856907963752747,-0.45887428522109985,6.532957077026367,6.436406135559082,0.05410738289356232,0.05410738289356232,0.0,0.0,nan,nan,1.6358922719955444,1.6358922719955444,3.271784543991089,0.0,-0.22732111811637878,0.02526325359940529,0.0,0.0,0.0,0.02526325359940529,0.0,-0.22732111811637878,0.0,0.0,0.0,0.06452878564596176,0.12246600538492203,-0.18207481503486633,0.0,0.0,0.0,0.0,-0.22732111811637878,0.02526325359940529,0.0,0.0,0.0,0.02526325359940529,0.0,-0.22732111811637878,-0.0,-0.0,-0.0,0.06452878564596176,-0.12246596068143845,-0.18207484483718872,0.0,0.0,0.0,2.9802322387695312e-08,5.820766091346741e-11,0.6000000238418579,-5.960464477539063e-08,0.056000009179115295,0.6000000238418579,2.9802322387695312e-08,-0.055999964475631714,0.6000000238418579,0.12905757129192352,4.470348358154297e-08,-0.36414965987205505,0.0,0.0,0.0,-6.51925802230835e-09,-1.627875789722566e-08,-1.3969838619232178e-08,21.021068572998047,21.021068572998047,34.44263458251953,34.44263458251953,0.2498149424791336,0.2498149424791336,0.7501851320266724,0.7501851320266724,0.0,0.0,0.0,0.0,1.9129141569137573,1.9129141569137573,-2.140235185623169,-2.140235185623169,0.09847337007522583,0.09847337007522583,0.0,0.0,-0.07321010529994965,-0.07321010529994965,0.02526325359940529,0.02526325359940529,0.5500251054763794,0.5500251054763794,-0.09530418366193771,-0.09530418366193771,0.007939491420984268,0.007939491420984268,-29.109941482543945,-29.109941482543945,-21.39691734313965,-21.39691734313965,-9.634148597717285,-9.634148597717285,15.10012435913086,15.10012435913086,0.0,0.0,180.0
287,1.1958333333333333,-0.4636617126537717,4.873670517359984,187.43941856560312,-0.4636617126537717,4.873670517359984,187.43941856560312,5.0,-5.0,0.0,0.0,12.0,0,0.5,0.0,0.0,3.2,3.2,3.2,4.87367057800293,4.873669147491455,4.87367057800293,4.87367057800293,-0.43802884221076965,-0.43825697898864746,6.729360103607178,6.659762382507324,0.06468833237886429,0.06468833237886429,0.0,0.0,nan,nan,2.6290488243103027,2.6290488243103027,5.2580976486206055,0.0,-0.5403508543968201,0.015660196542739868,0.0,0.0,0.0,0.015660196542739868,0.0,-0.5403508543968201,0.0,0.0,0.0,0.11107855290174484,0.28256288170814514,-0.44726285338401794,0.0,0.0,0.0,0.0,-0.5403508543968201,0.015660196542739868,0.0,0.0,0.0,0.015660196542739868,0.0,-0.5403508543968201,-0.0,-0.0,-0.0,0.11107854545116425,-0.28256282210350037,-0.44726288318634033,0.0,0.0,0.0,2.9802322387695312e-08,5.820766091346741e-11,0.6000000238418579,1.4901161193847656e-08,0.05600002408027649,0.6000000238418579,-1.1920928955078125e-07,-0.055999934673309326,0.5999999642372131,0.2221570909023285,5.960464477539063e-08,-0.8945257663726807,0.0,0.0,0.0,-5.587935447692871e-08,-7.993288875240978e-08,2.7474015951156616e-08,22.56642723083496,22.56642723083496,37.71895217895508,37.71895217895508,0.22074872255325317,0.22074872255325317,0.7345550656318665,0.7345550656318665,0.04469626769423485,0.04469626769423485,0.0,0.0,1.5460352897644043,1.5460352897644043,-2.086386203765869,-2.086386203765869,0.08932517468929291,0.08932517468929291,0.0,0.0,-0.07366497814655304,-0.07366497814655304,0.015660196542739868,0.015660196542739868,0.5500251054763794,0.5500251054763794,-0.11699888110160828,-0.11699888110160828,-0.009647335857152939,-0.009647335857152939,-34.83368682861328,-34.83368682861328,-24.73258399963379,-24.73258399963379,-12.960639953613281,-12.960639953613281,15.706368446350098,15.706368446350098,0.0,0.0,180.0
288,1.2,-0.44175237062265493,5.636662209779115,178.58236994719795,-0.44175237062265493,5.636662209779115,178.58236994719795,5.0,-5.0,0.0,0.0,12.0,0,0.5,0.0,0.0,3.2,3.2,3.2,5.636661529541016,5.636662483215332,5.636662006378174,5.636662006378174,-0.4144212305545807,-0.414570689201355,6.87775182723999,6.835572242736816,0.074815534055233,0.074815534055233,0.0,0.0,nan,nan,3.782374858856201,3.782374858856201,7.564749717712402,0.0,-0.8390243649482727,0.02051977813243866,0.0,0.0,0.0,0.02051977813243866,0.0,-0.8390243649482727,0.0,0.0,0.0,0.17072536051273346,0.4229738712310791,-0.7045061588287354,0.0,0.0,0.0,0.0,-0.8390243649482727,0.02051977813243866,0.0,0.0,0.0,0.02051977813243866,0.0,-0.8390243649482727,-0.0,-0.0,-0.0,0.17072540521621704,-0.4229738116264343,-0.7045062184333801,0.0,0.0,0.0,2.9802322387695312e-08,5.820766091346741e-11,0.6000000238418579,-5.960464477539063e-08,0.0559999942779541,0.6000000834465027,7.450580596923828e-08,-0.055999964475631714,0.6000000238418579,0.3414507508277893,5.960464477539063e-08,-1.4090123176574707,0.0,0.0,0.0,-4.470348358154297e-08,-2.1317852372249035e-08,-5.960464477539063e-08,23.950321197509766,23.950326919555664,40.4844970703125,40.4844970703125,0.20615608990192413,0.20615608990192413,0.6681748628616333,0.6681748628616333,0.12566909193992615,0.12566909193992615,0.0,0.0,1.178735375404358,1.178735375404358,-2.0177597999572754,-2.0177597999572754,0.09475480020046234,0.09475480020046234,0.0,0.0,-0.07423502206802368,-0.07423502206802368,0.02051977813243866,0.02051977813243866,0.5500251054763794,0.5500251054763794,-0.1384499967098236,-0.1384499967098236,-0.026274491101503372,-0.026274491101503372,-40.30179977416992,-40.30179977416992,-27.923646926879883,-27.923646926879883,-16.140926361083984,-16.140926361083984,16.2866153717041,16.2866153717041,0.0,0.0,180.0
289,1.2041666666666666,-0.41674445311025965,6.360116766732887,168.4726943148686,-0.41674445311025965,6.360116766732887,168.4726943148686,5.0,-5.0,0.0,0.0,12.0,0,0.5,0.0,0.0,3.2,3.2,3.2,6.360115051269531,6.360115051269531,6.360116958618164,6.360116958618164,-0.3879104256629944,-0.3879801332950592,6.977301597595215,6.96282958984375,0.08441796153783798,0.08441796153783798,0.0,0.0,nan,nan,5.0614495277404785,5.0614495277404785,10.122899055480957,0.0,-1.1232632398605347,0.03900986164808273,0.0,0.0,0.0,0.03900986164808273,0.0,-1.1232632398605347,0.0,0.0,0.0,0.2427297830581665,0.5418316721916199,-0.9543284773826599,0.0,0.0,0.0,0.0,-1.1232632398605347,0.03900986164808273,0.0,0.0,0.0,0.03900986164808273,0.0,-1.1232632398605347,-0.0,-0.0,-0.0,0.2427297979593277,-0.5418314933776855,-0.9543285369873047,0.0,0.0,0.0,2.9802322387695312e-08,5.820766091346741e-11,0.6000000238418579,-1.341104507446289e-07,0.0559999942779541,0.6000000238418579,0.0,-0.055999964475631714,0.5999999642372131,0.485459566116333,1.7881393432617188e-07,-1.9086570739746094,0.0,0.0,0.0,-5.587935447692871e-08,-1.993356590901385e-07,-7.916241884231567e-08,25.17588233947754,25.17588233947754,42.79875564575195,42.79875564575195,0.20615608990192413,0.20615608990192413,0.5930602550506592,0.5930602550506592,0.20078371465206146,0.20078371465206146,0.0,0.0,0.8118637800216675,0.8118637800216675,-1.9351270198822021,-1.9351270198822021,0.11390915513038635,0.11390915513038635,0.0,0.0,-0.07489929348230362,-0.07489929348230362,0.03900986164808273,0.03900986164808273,0.5500251054763794,0.5500251054763794,-0.1595020890235901,-0.1595020890235901,-0.04182041436433792,-0.04182041436433792,-45.47592544555664,-45.47592544555664,-30.94766616821289,-30.94766616821289,-19.152645111083984,-19.152645111083984,16.836793899536133,16.836793899536133,0.0,0.0,180.0
290,1.2083333333333333,-0.3888133726897734,7.038959674305589,157.1813037793847,-0.3888133726897734,7.038959674305589,157.1813037793847,5.0,-5.0,0.0,0.0,12.0,0,0.5,0.0,0.0,3.2,3.2,3.2,7.03895902633667,7.038956642150879,7.038959503173828,7.038959503173828,-0.3586817681789398,-0.3586711883544922,7.027439117431641,7.040770053863525,0.09342825412750244,0.09342825412750244,0.0,0.0,nan,nan,6.428779602050781,6.428779602050781,12.857559204101562,0.0,-1.392388105392456,0.06998728960752487,0.0,0.0,0.0,0.06998728960752487,0.0,-1.392388105392456,0.0,0.0,0.0,0.3258451819419861,0.637325644493103,-1.1963627338409424,0.0,0.0,0.0,0.0,-1.392388105392456,0.06998728960752487,0.0,0.0,0.0,0.06998728960752487,0.0,-1.392388105392456,-0.0,-0.0,-0.0,0.3258451819419861,-0.6373252868652344,-1.1963629722595215,0.0,0.0,0.0,2.9802322387695312e-08,5.820766091346741e-11,0.6000000238418579,-2.9802322387695312e-08,0.05600002408027649,0.6000000238418579,0.0,-0.05599990487098694,0.6000000238418579,0.6516903638839722,3.5762786865234375e-07,-2.392725706100464,0.0,0.0,0.0,-1.341104507446289e-07,-1.0696317076508421e-07,-5.774199962615967e-08,26.250259399414062,26.250255584716797,44.72241973876953,44.72241973876953,0.1915258765220642,0.1915258765220642,0.5538538098335266,0.5538538098335266,0.2546203136444092,0.2546203136444092,0.0,0.0,0.4469602704048157,0.4469602704048157,-1.839348316192627,-1.839348316192627,0.14562153816223145,0.14562153816223145,0.0,0.0,-0.07563425600528717,-0.07563425600528717,0.06998728960752487,0.06998728960752487,0.5500251054763794,0.5500251054763794,-0.18000538647174835,-0.18000538647174835,-0.0561738982796669,-0.0561738982796669,-50.320491790771484,-50.320491790771484,-33.783775329589844,-33.783775329589844,-21.97501564025879,-21.97501564025879,17.353044509887695,17.353044509887695,0.0,0.0,180.0
291,1.2125,-0.35815504582189134,7.668429337248588,144.78739933249943,-0.35815504582189134,7.668429337248588,144.78739933249943,5.0,-5.0,0.0,0.0,12.0,0,0.5,0.0,0.0,3.2,3.2,3.2,7.668426990509033,7.66842794418335,7.668429374694824,7.668429374694824,-0.32694393396377563,-0.32685303688049316,7.027197360992432,7.068207740783691,0.10178322345018387,0.10178322345018387,0.0,0.0,nan,nan,7.813022136688232,7.813022136688232,15.626044273376465,0.0,-1.6388477087020874,0.10775946080684662,0.0,0.0,0.0,0.10775946080684662,0.0,-1.6388477087020874,0.0,0.0,0.0,0.41298916935920715,0.7051178216934204,-1.4246693849563599,0.0,0.0,0.0,0.0,-1.6388477087020874,0.10775946080684662,0.0,0.0,0.0,0.10775946080684662,0.0,-1.6388477087020874,-0.0,-0.0,-0.0,0.41298919916152954,-0.7051175832748413,-1.4246695041656494,0.0,0.0,0.0,2.9802322387695312e-08,5.820766091346741e-11,0.6000000238418579,-4.470348358154297e-08,0.056000083684921265,0.6000000834465027,2.9802322387695312e-08,-0.055999964475631714,0.6000000834465027,0.8259783983230591,2.384185791015625e-07,-2.849339008331299,0.0,0.0,0.0,-1.6391277313232422e-07,-5.691399351803739e-08,-9.872019290924072e-08,27.182748794555664,27.182748794555664,46.31201934814453,46.31201934814453,0.1915258765220642,0.1915258765220642,0.5123494863510132,0.5123494863510132,0.296124666929245,0.296124666929245,0.002056337660178542,0.002056337660178542,0.08625268191099167,0.08625268191099167,-1.7313491106033325,-1.7313491106033325,0.18836668133735657,0.18836668133735657,0.0,0.0,-0.0764143317937851,-0.0764143317937851,0.10775946080684662,0.10775946080684662,0.5500251054763794,0.5500251054763794,-0.1998169720172882,-0.1998169720172882,-0.06923521310091019,-0.06923521310091019,-54.80289077758789,-54.80289077758789,-36.41283416748047,-36.41283416748047,-24.5889949798584,-24.5889949798584,17.831748962402344,17.831748962402344,0.0,0.0,180.0
292,1.2166666666666666,-0.32498451864161276,8.244110478149691,131.37791530889902,-0.32498451864161276,8.244110478149691,131.37791530889902,5.0,-5.0,0.0,0.0,12.0,0,0.5,0.0,0.0,3.2,3.2,3.2,8.244108200073242,8.244109153747559,8.244111061096191,8.244111061096191,-0.292923241853714,-0.2927526533603668,6.9759907722473145,7.0443644523620605,0.10942424833774567,0.10942424833774567,0.0,0.0,nan,nan,9.140432357788086,9.140432357788086,18.280864715576172,0.0,-1.855682611465454,0.14566856622695923,0.0,0.0,0.0,0.14566856622695923,0.0,-1.855682611465454,0.0,0.0,0.0,0.49607983231544495,0.7424173951148987,-1.633247971534729,0.0,0.0,0.0,0.0,-1.855682611465454,0.14566856622695923,0.0,0.0,0.0,0.14566856622695923,0.0,-1.855682611465454,-0.0,-0.0,-0.0,0.4960799217224121,-0.7424169778823853,-1.6332480907440186,0.0,0.0,0.0,2.9802322387695312e-08,5.820766091346741e-11,0.6000000238418579,-1.4901161193847656e-08,0.05600005388259888,0.6000000834465027,4.470348358154297e-08,-0.055999964475631714,0.6000000834465027,0.9921597242355347,4.172325134277344e-07,-3.266496181488037,0.0,0.0,0.0,-1.341104507446289e-07,1.0462745336781154e-08,-8.381903171539307e-08,27.98357582092285,27.98358154296875,47.61754608154297,47.61754608154297,0.17686083912849426,0.17686083912849426,0.4849516749382019,0.4849516749382019,0.3381875455379486,0.3381875455379486,0.00794259924441576,0.00794259924441576,-0.26739850640296936,-0.26739850640296936,-1.6120967864990234,-1.6120967864990234,0.2402433454990387,0.2402433454990387,0.0,0.0,-0.07721249014139175,-0.07721249014139175,0.14566856622695923,0.14566856622695923,0.5500251054763794,0.5500251054763794,-0.21880172193050385,-0.21880172193050385,-0.08091655373573303,-0.08091655373573303,-58.89363479614258,-58.89363479614258,-38.81747817993164,-38.81747817993164,-26.977325439453125,-26.977325439453125,18.269546508789062,18.269546508789062,0.0,0.0,180.0
293,1.2208333333333332,-0.28953445856411913,8.761965107431756,117.04690960430918,-0.28953445856411913,8.761965107431756,117.04690960430918,5.0,-5.0,0.0,0.0,12.0,0,0.5,0.0,0.0,3.2,3.2,3.2,8.761963844299316,8.761962890625,8.76196575164795,8.76196575164795,-0.256866991519928,-0.2566177546977997,6.872795104980469,6.967991352081299,0.11629774421453476,0.11629774421453476,0.0,0.0,nan,nan,10.29942512512207,10.29942512512207,20.59885025024414,0.0,-2.0286412239074707,0.17085041105747223,0.0,0.0,0.0,0.17085041105747223,0.0,-2.0286412239074707,0.0,0.0,0.0,0.5594059824943542,0.7452086210250854,-1.810056447982788,0.0,0.0,0.0,0.0,-2.0286412239074707,0.17085041105747223,0.0,0.0,0.0,0.17085041105747223,0.0,-2.0286412239074707,-0.0,-0.0,-0.0,0.5594061017036438,-0.745208203792572,-1.8100565671920776,0.0,0.0,0.0,2.9802322387695312e-08,5.820766091346741e-11,0.6000000238418579,-2.9802322387695312e-08,0.05600002408027649,0.6000000238418579,2.9802322387695312e-08,-0.055999934673309326,0.6000000238418579,1.118812084197998,4.172325134277344e-07,-3.620112895965576,0.0,0.0,0.0,-1.564621925354004e-07,-1.078877716054194e-07,-8.940696716308594e-08,28.663042068481445,28.663043975830078,48.681819915771484,48.681819915771484,0.17686083912849426,0.17686083912849426,0.4567340612411499,0.4567340612411499,0.366405189037323,0.366405189037323,0.023084618151187897,0.023084618151187897,-0.6106096506118774,-0.6106096506118774,-1.482582688331604,-1.482582688331604,0.2989925146102905,0.2989925146102905,0.0,0.0,-0.07800103724002838,-0.07800103724002838,0.17085041105747223,0.17085041105747223,0.5500251054763794,0.5500251054763794,-0.23683299124240875,-0.23683299124240875,-0.09114251285791397,-0.09114251285791397,-62.56645202636719,-62.56645202636719,-40.982215881347656,-40.982215881347656,-29.124624252319336,-29.124624252319336,18.66337013244629,18.66337013244629,0.0,0.0,180.0
294,1.225,-0.25205352229001654,9.21836084694847,101.89490392693236,-0.25205352229001654,9.21836084694847,101.89490392693236,5.0,-5.0,0.0,0.0,12.0,0,0.5,0.0,0.0,3.2,3.2,3.2,9.21835994720459,9.21835708618164,9.218360900878906,9.218360900878906,-0.21901091933250427,-0.21868474781513214,6.7210893630981445,6.84243631362915,0.12235549092292786,0.12235549092292786,0.0,0.0,nan,nan,11.382169723510742,11.382169723510742,22.764339447021484,0.0,-2.1820452213287354,0.19822004437446594,0.0,0.0,0.0,0.19822004437446594,0.0,-2.1820452213287354,0.0,0.0,0.0,0.6217905879020691,0.7249486446380615,-1.9719123840332031,0.0,0.0,0.0,0.0,-2.1820452213287354,0.19822004437446594,0.0,0.0,0.0,0.19822004437446594,0.0,-2.1820452213287354,-0.0,-0.0,-0.0,0.6217905879020691,-0.7249481081962585,-1.9719126224517822,0.0,0.0,0.0,2.9802322387695312e-08,5.820766091346741e-11,0.6000000238418579,-2.9802322387695312e-08,0.05600005388259888,0.6000000238418579,-8.940696716308594e-08,-0.05599990487098694,0.6000000238418579,1.2435811758041382,5.364418029785156e-07,-3.9438250064849854,0.0,0.0,0.0,-2.8312206268310547e-07,-3.5260543995718763e-07,-5.21540641784668e-08,29.230958938598633,29.23095703125,49.5406494140625,49.5406494140625,0.17686083912849426,0.17686083912849426,0.4284450113773346,0.4284450113773346,0.3946942090988159,0.3946942090988159,0.036845918744802475,0.036845918744802475,-0.9396151900291443,-0.9396151900291443,-1.3438032865524292,-1.3438032865524292,0.3620516061782837,0.3620516061782837,0.0,0.0,-0.07875247299671173,-0.07875247299671173,0.19822004437446594,0.19822004437446594,0.5500251054763794,0.5500251054763794,-0.25379320979118347,-0.25379320979118347,-0.09985024482011795,-0.09985024482011795,-65.79830169677734,-65.79830169677734,-42.8934211730957,-42.8934211730957,-31.01739501953125,-31.01739501953125,19.010454177856445,19.010454177856445,0.0,0.0,180.0
295,1.2291666666666667,-0.21280461165725856,9.61009640850693,86.02817870989684,-0.21280461165725856,9.61009640850693,86.02817870989684,5.0,-5.0,0.0,0.0,12.0,0,0.5,0.0,0.0,3.2,3.2,3.2,9.610095024108887,9.61009407043457,9.610095977783203,9.610095977783203,-0.17962811887264252,-0.17922723293304443,6.520716190338135,6.667327404022217,0.1275550127029419,0.1275550127029419,0.0,0.0,nan,nan,12.299224853515625,12.299224853515625,24.59844970703125,0.0,-2.3036234378814697,0.2183850258588791,0.0,0.0,0.0,0.2183850258588791,0.0,-2.3036234378814697,0.0,0.0,0.0,0.6712524890899658,0.6794937252998352,-2.1076245307922363,0.0,0.0,0.0,0.0,-2.3036234378814697,0.2183850258588791,0.0,0.0,0.0,0.2183850258588791,0.0,-2.3036234378814697,-0.0,-0.0,-0.0,0.6712526082992554,-0.6794933080673218,-2.1076245307922363,0.0,0.0,0.0,2.9802322387695312e-08,5.820766091346741e-11,0.6000000238418579,-1.4901161193847656e-08,0.05600002408027649,0.6000000238418579,-1.4901161193847656e-08,-0.055999964475631714,0.6000000238418579,1.3425050973892212,4.172325134277344e-07,-4.215249061584473,0.0,0.0,0.0,-1.2665987014770508e-07,-1.8843631721665588e-07,-3.3527612686157227e-08,29.69633674621582,29.696338653564453,50.22344207763672,50.22344207763672,0.17686083912849426,0.17686083912849426,0.4142872393131256,0.4142872393131256,0.4088520109653473,0.4088520109653473,0.05313779413700104,0.05313779413700104,-1.2504260540008545,-1.2504260540008545,-1.1967494487762451,-1.1967494487762451,0.42664146423339844,0.42664146423339844,0.0,0.0,-0.07944038510322571,-0.07944038510322571,0.2183850258588791,0.2183850258588791,0.5500251054763794,0.5500251054763794,-0.269573837518692,-0.269573837518692,-0.10698913782835007,-0.10698913782835007,-68.5693359375,-68.5693359375,-44.539310455322266,-44.539310455322266,-32.643978118896484,-32.643978118896484,19.308364868164062,19.308364868164062,0.0,0.0,180.0
296,1.2333333333333334,-0.17206302957362749,9.93442404860446,69.55802763037254,-0.17206302957362749,9.93442404860446,69.55802763037254,5.0,-5.0,0.0,0.0,12.0,0,0.5,0.0,0.0,3.2,3.2,3.2,9.934423446655273,9.93442440032959,9.93442440032959,9.93442440032959,-0.13898254930973053,-0.13850978016853333,6.275050163269043,6.445908069610596,0.13185980916023254,0.13185980916023254,0.0,0.0,nan,nan,13.11876392364502,13.11876392364502,26.23752784729004,0.0,-2.410797357559204,0.24606427550315857,0.0,0.0,0.0,0.24606427550315857,0.0,-2.410797357559204,0.0,0.0,0.0,0.7252426743507385,0.6166935563087463,-2.2284979820251465,0.0,0.0,0.0,0.0,-2.410797357559204,0.24606427550315857,0.0,0.0,0.0,0.24606427550315857,0.0,-2.410797357559204,-0.0,-0.0,-0.0,0.7252426743507385,-0.6166930198669434,-2.2284982204437256,0.0,0.0,0.0,2.9802322387695312e-08,5.820766091346741e-11,0.6000000238418579,0.0,0.05600005388259888,0.6000000834465027,0.0,-0.055999964475631714,0.6000000834465027,1.450485348701477,5.364418029785156e-07,-4.456995964050293,0.0,0.0,0.0,-1.7881393432617188e-07,-4.637317374545091e-08,-6.332993507385254e-08,30.067142486572266,30.067142486572266,50.75382995605469,50.75382995605469,0.16216474771499634,0.16216474771499634,0.4148221015930176,0.4148221015930176,0.42301318049430847,0.42301318049430847,0.06213124841451645,0.06213124841451645,-1.539008378982544,-1.539008378982544,-1.0423979759216309,-1.0423979759216309,0.4898812174797058,0.4898812174797058,0.0,0.0,-0.08004043996334076,-0.08004043996334076,0.24606427550315857,0.24606427550315857,0.5500251054763794,0.5500251054763794,-0.28407591581344604,-0.28407591581344604,-0.11252082139253616,-0.11252082139253616,-70.86294555664062,-70.86294555664062,-45.909996032714844,-45.909996032714844,-33.994625091552734,-33.994625091552734,19.555011749267578,19.555011749267578,0.0,0.0,180.0
297,1.2375,-0.1301145489646518,10.189068841874874,52.59997696439436,-0.1301145489646518,10.189068841874874,52.59997696439436,5.0,-5.0,0.0,0.0,12.0,0,0.5,0.0,0.0,3.2,3.2,3.2,10.189066886901855,10.189064979553223,10.189069747924805,10.189069747924805,-0.09737163782119751,-0.09683024883270264,5.983852386474609,6.177731037139893,0.13523972034454346,0.13523972034454346,0.0,0.0,nan,nan,13.721851348876953,13.721851348876953,27.443702697753906,0.0,-2.4847750663757324,0.26751089096069336,0.0,0.0,0.0,0.26751089096069336,0.0,-2.4847750663757324,0.0,0.0,0.0,0.7661922574043274,0.5343220829963684,-2.3179988861083984,0.0,0.0,0.0,0.0,-2.4847750663757324,0.26751089096069336,0.0,0.0,0.0,0.26751089096069336,0.0,-2.4847750663757324,-0.0,-0.0,-0.0,0.7661920785903931,-0.5343216061592102,-2.3179991245269775,0.0,0.0,0.0,2.9802322387695312e-08,5.820766091346741e-11,0.6000000238418579,-5.960464477539063e-08,0.05600002408027649,0.6000000238418579,-1.043081283569336e-07,-0.055999934673309326,0.5999999642372131,1.5323843955993652,4.76837158203125e-07,-4.635997772216797,0.0,0.0,0.0,-2.2351741790771484e-07,-5.637817821479985e-07,-5.587935447692871e-08,30.350154876708984,30.350149154663086,51.15026092529297,51.1502571105957,0.16216474771499634,0.16216474771499634,0.40066051483154297,0.40066051483154297,0.43717479705810547,0.43717479705810547,0.07163921743631363,0.07163921743631363,-1.8014448881149292,-1.8014448881149292,-0.8817076683044434,-0.8817076683044434,0.5489175319671631,0.5489175319671631,0.0,0.0,-0.08053116500377655,-0.08053116500377655,0.26751089096069336,0.26751089096069336,0.5500251054763794,0.5500251054763794,-0.29720956087112427,-0.29720956087112427,-0.11641835421323776,-0.11641835421323776,-72.66558837890625,-72.66558837890625,-46.99736404418945,-46.99736404418945,-35.061363220214844,-35.061363220214844,19.74866485595703,19.74866485595703,0.0,0.0,180.0
298,1.2416666666666667,-0.08725340828186534,10.372244638055388,35.272975253042986,-0.08725340828186534,10.372244638055388,35.272975253042986,5.0,-5.0,0.0,0.0,12.0,0,0.5,0.0,0.0,3.2,3.2,3.2,10.37224292755127,10.372241973876953,10.372244834899902,10.372244834899902,-0.05510183423757553,-0.05449541658163071,5.646818161010742,5.862277984619141,0.13767102360725403,0.13767102360725403,0.0,0.0,nan,nan,13.97764778137207,13.97764778137207,27.95529556274414,0.0,-2.5034337043762207,0.26274335384368896,0.0,0.0,0.0,0.26274335384368896,0.0,-2.5034337043762207,0.0,0.0,0.0,0.7696464657783508,0.4330834746360779,-2.357180118560791,0.0,0.0,0.0,0.0,-2.5034337043762207,0.26274335384368896,0.0,0.0,0.0,0.26274335384368896,0.0,-2.5034337043762207,-0.0,-0.0,-0.0,0.769646406173706,-0.4330829083919525,-2.357180118560791,0.0,0.0,0.0,2.9802322387695312e-08,5.820766091346741e-11,0.6000000238418579,-2.9802322387695312e-08,0.05600005388259888,0.6000000238418579,-2.9802322387695312e-08,-0.05599990487098694,0.6000000238418579,1.539292812347412,5.662441253662109e-07,-4.714360237121582,0.0,0.0,0.0,-3.5762786865234375e-07,-2.809977672768582e-07,-1.1920928955078125e-07,30.550846099853516,30.550840377807617,51.42658996582031,51.42658996582031,0.16216474771499634,0.16216474771499634,0.40066051483154297,0.40066051483154297,0.43717479705810547,0.43717479705810547,0.0920536071062088,0.0920536071062088,-2.0341031551361084,-2.0341031551361084,-0.7156213521957397,-0.7156213521957397,0.601064145565033,0.601064145565033,0.0,0.0,-0.08089495450258255,-0.08089495450258255,0.26274335384368896,0.26274335384368896,0.5500251054763794,0.5500251054763794,-0.3088942766189575,-0.3088942766189575,-0.11866599321365356,-0.11866599321365356,-73.96683502197266,-73.96683502197266,-47.795101165771484,-47.795101165771484,-35.83802032470703,-35.83802032470703,19.887969970703125,19.887969970703125,0.0,0.0,180.0
299,1.2458333333333333,-0.04378024763146711,10.482666590547439,17.698558963888527,-0.04378024763146711,10.482666590547439,17.698558963888527,5.0,-5.0,0.0,0.0,12.0,0,0.5,0.0,0.0,3.2,3.2,3.2,10.482666015625,10.482665061950684,10.482666969299316,10.482666969299316,-0.012429925613105297,-0.011762860231101513,5.272672176361084,5.508254051208496,0.1391366571187973,0.1391366571187973,0.0,0.0,nan,nan,14.178279876708984,14.178279876708984,28.35655975341797,0.0,-2.5254220962524414,0.28805485367774963,0.0,0.0,0.0,0.28805485367774963,0.0,-2.5254220962524414,0.0,0.0,0.0,0.8023664951324463,0.3283762037754059,-2.389374256134033,0.0,0.0,0.0,0.0,-2.5254220962524414,0.28805485367774963,0.0,0.0,0.0,0.28805485367774963,0.0,-2.5254220962524414,-0.0,-0.0,-0.0,0.8023664951324463,-0.3283756375312805,-2.389374256134033,0.0,0.0,0.0,2.9802322387695312e-08,5.820766091346741e-11,0.6000000238418579,-7.450580596923828e-08,0.05600002408027649,0.6000000238418579,1.4901161193847656e-08,-0.055999964475631714,0.6000000238418579,1.6047329902648926,5.662441253662109e-07,-4.778748512268066,0.0,0.0,0.0,-1.4901161193847656e-07,-2.848356075446645e-07,-7.82310962677002e-08,30.673311233520508,30.673315048217773,51.59248352050781,51.592491149902344,0.16216474771499634,0.16216474771499634,0.3865005671977997,0.3865005671977997,0.45133471488952637,0.45133471488952637,0.0920536071062088,0.0920536071062088,-2.233773708343506,-2.233773708343506,-0.545070230960846,-0.545070230960846,0.6439345479011536,0.6439345479011536,0.0,0.0,-0.081118643283844,-0.081118643283844,0.28805485367774963,0.28805485367774963,0.5500251054763794,0.5500251054763794,-0.31905844807624817,-0.31905844807624817,-0.11925835907459259,-0.11925835907459259,-74.75922393798828,-74.75922393798828,-48.298641204833984,-48.298641204833984,-36.32017517089844,-36.32017517089844,19.97194480895996,19.97194480895996,0.0,0.0,180.0
300,1.25,-5.125881642511161e-16,10.519560168692351,2.072183767793308e-13,-5.125881642511161e-16,10.519560168692351,2.072183767793308e-13,5.0,-5.0,0.0,0.0,12.0,0,0.5,0.0,0.0,3.2,3.2,3.2,10.519556045532227,10.519559860229492,10.519559860229492,10.519560813903809,0.0303034670650959,0.031026676297187805,4.857425689697266,5.111388206481934,0.13962633907794952,0.13962633907794952,0.0,0.0,nan,nan,14.002890586853027,14.002890586853027,28.005781173706055,0.0,-2.4895291328430176,0.28657329082489014,0.0,0.0,0.0,0.28657329082489014,0.0,-2.4895291328430176,0.0,0.0,0.0,0.7959718704223633,0.21536652743816376,-2.3664162158966064,0.0,0.0,0.0,0.0,-2.4895291328430176,0.28657329082489014,0.0,0.0,0.0,0.28657329082489014,0.0,-2.4895291328430176,-0.0,-0.0,-0.0,0.7959719896316528,-0.21536600589752197,-2.3664162158966064,0.0,0.0,0.0,2.9802322387695312e-08,5.820766091346741e-11,0.6000000238418579,-8.940696716308594e-08,0.05600005388259888,0.6000000238418579,4.470348358154297e-08,-0.055999964475631714,0.6000000238418579,1.5919438600540161,5.21540641784668e-07,-4.732832431793213,0.0,0.0,0.0,-2.086162567138672e-07,-2.4683643573553127e-07,-9.685754776000977e-08,30.720157623291016,30.72016143798828,51.65367126464844,51.65367889404297,0.16216474771499634,0.16216474771499634,0.3865005671977997,0.3865005671977997,0.45133471488952637,0.45133471488952637,0.10289160162210464,0.10289160162210464,-2.3977932929992676,-2.3977932929992676,-0.37098217010498047,-0.37098217010498047,0.6755634546279907,0.6755634546279907,0.0,0.0,-0.08119413256645203,-0.08119413256645203,0.28657329082489014,0.28657329082489014,0.5500251054763794,0.5500251054763794,-0.3276394307613373,-0.3276394307613373,-0.11819988489151001,-0.11819988489151001,-75.03823852539062,-75.03823852539062,-48.505104064941406,-48.505104064941406,-36.505104064941406,-36.505104064941406,20.0,20.0,0.0,0.0,180.0
301,1.2541666666666667,0.04378024763146609,10.482666590547442,-17.698558963888114,0.04378024763146609,10.482666590547442,-17.698558963888114,5.0,-5.0,0.0,0.0,12.0,0,0.5,0.0,0.0,3.2,3.2,3.2,10.482666969299316,10.482665061950684,10.482666969299316,10.482666969299316,0.07282542437314987,0.07359971851110458,4.408284664154053,4.678859233856201,0.1391366571187973,0.1391366571187973,0.0,0.0,nan,nan,13.65489387512207,13.65489387512207,27.30978775024414,0.0,-2.4357106685638428,0.2984921932220459,0.0,0.0,0.0,0.2984921932220459,0.0,-2.4357106685638428,0.0,0.0,0.0,0.797916829586029,0.10430653393268585,-2.318239212036133,0.0,0.0,0.0,0.0,-2.4357106685638428,0.2984921932220459,0.0,0.0,0.0,0.2984921932220459,0.0,-2.4357106685638428,-0.0,-0.0,-0.0,0.7979167103767395,-0.10430599749088287,-2.318239212036133,0.0,0.0,0.0,2.9802322387695312e-08,5.820766091346741e-11,0.6000000238418579,0.0,0.05600002408027649,0.6000000238418579,-7.450580596923828e-09,-0.055999964475631714,0.6000000238418579,1.5958335399627686,5.364418029785156e-07,-4.636478424072266,0.0,0.0,0.0,-1.341104507446289e-07,-1.5545005283001956e-07,-5.587935447692871e-08,30.692440032958984,30.69243812561035,51.6121711730957,51.6121711730957,0.16216474771499634,0.16216474771499634,0.3865005671977997,0.3865005671977997,0.45133471488952637,0.45133471488952637,0.10289160162210464,0.10289160162210464,-2.5241403579711914,-2.5241403579711914,-0.1942918449640274,-0.1942918449640274,0.6945055723190308,0.6945055723190308,0.0,0.0,-0.081118643283844,-0.081118643283844,0.2984921932220459,0.2984921932220459,0.5500251054763794,0.5500251054763794,-0.3345832824707031,-0.3345832824707031,-0.11550433188676834,-0.11550433188676834,-74.80229187011719,-74.80229187011719,-48.41332244873047,-48.41332244873047,-36.391788482666016,-36.391788482666016,19.97194480895996,19.97194480895996,0.0,0.0,180.0
302,1.2583333333333333,0.08725340828186433,10.372244638055392,-35.272975253042574,0.08725340828186433,10.372244638055392,-35.272975253042574,5.0,-5.0,0.0,0.0,12.0,0,0.5,0.0,0.0,3.2,3.2,3.2,10.372244834899902,10.372241973876953,10.372244834899902,10.372244834899902,0.11483742296695709,0.11565737426280975,3.9283628463745117,4.213652610778809,0.13767102360725403,0.13767102360725403,0.0,0.0,nan,nan,13.138277053833008,13.138277053833008,26.276554107666016,0.0,-2.3639440536499023,0.3253336548805237,0.0,0.0,0.0,0.3253336548805237,0.0,-2.3639440536499023,0.0,0.0,0.0,0.8097151517868042,-0.0015036483528092504,-2.244645357131958,0.0,0.0,0.0,0.0,-2.3639440536499023,0.3253336548805237,0.0,0.0,0.0,0.3253336548805237,0.0,-2.3639440536499023,-0.0,-0.0,-0.0,0.8097150921821594,0.0015041462611407042,-2.244645357131958,0.0,0.0,0.0,2.9802322387695312e-08,5.820766091346741e-11,0.6000000238418579,-7.450580596923828e-08,0.05600002408027649,0.6000000238418579,-5.960464477539063e-08,-0.055999934673309326,0.6000000238418579,1.6194303035736084,4.979083314538002e-07,-4.489290714263916,0.0,0.0,0.0,-1.9371509552001953e-07,-4.348216862126719e-07,-7.82310962677002e-08,30.58956527709961,30.589563369750977,51.4663200378418,51.46631622314453,0.16216474771499634,0.16216474771499634,0.40066051483154297,0.40066051483154297,0.43717479705810547,0.43717479705810547,0.0920536071062088,0.0920536071062088,-2.6114978790283203,-2.6114978790283203,-0.01595245487987995,-0.01595245487987995,0.6999051570892334,0.6999051570892334,0.0,0.0,-0.08089495450258255,-0.08089495450258255,0.3253336548805237,0.3253336548805237,0.5500251054763794,0.5500251054763794,-0.3398449420928955,-0.3398449420928955,-0.11119413375854492,-0.11119413375854492,-74.05267333984375,-74.05267333984375,-48.02378463745117,-48.02378463745117,-35.980865478515625,-35.980865478515625,19.887969970703125,19.887969970703125,0.0,0.0,180.0
303,1.2625,0.1301145489646508,10.18906884187488,-52.59997696439396,0.1301145489646508,10.18906884187488,-52.59997696439396,5.0,-5.0,0.0,0.0,12.0,0,0.5,0.0,0.0,3.2,3.2,3.2,10.189068794250488,10.189066886901855,10.189069747924805,10.189069747924805,0.15601707994937897,0.15687713027000427,3.4165797233581543,3.7144956588745117,0.13523972034454346,0.13523972034454346,0.0,0.0,nan,nan,12.26901912689209,12.26901912689209,24.53803825378418,0.0,-2.233710289001465,0.32290419936180115,0.0,0.0,0.0,0.32290419936180115,0.0,-2.233710289001465,0.0,0.0,0.0,0.7798225283622742,-0.09712855517864227,-2.115696668624878,0.0,0.0,0.0,0.0,-2.233710289001465,0.32290419936180115,0.0,0.0,0.0,0.32290419936180115,0.0,-2.233710289001465,-0.0,-0.0,-0.0,0.779822587966919,0.0971289798617363,-2.115696668624878,0.0,0.0,0.0,2.9802322387695312e-08,5.820766091346741e-11,0.6000000238418579,-2.9802322387695312e-08,0.05600005388259888,0.6000000238418579,-2.2351741790771484e-08,-0.055999964475631714,0.6000000238418579,1.559645175933838,4.246830940246582e-07,-4.231393337249756,0.0,0.0,0.0,-1.862645149230957e-07,-2.3644753355256398e-07,-6.332993507385254e-08,30.40932273864746,30.40932273864746,51.21076583862305,51.21076583862305,0.16216474771499634,0.16216474771499634,0.40066051483154297,0.40066051483154297,0.43717479705810547,0.43717479705810547,0.0920536071062088,0.0920536071062088,-2.659290075302124,-2.659290075302124,0.16305354237556458,0.16305354237556458,0.691534161567688,0.691534161567688,0.0,0.0,-0.08053116500377655,-0.08053116500377655,0.32290419936180115,0.32290419936180115,0.5500251054763794,0.5500251054763794,-0.34338799118995667,-0.34338799118995667,-0.10530014336109161,-0.10530014336109161,-72.7935791015625,-72.7935791015625,-47.33867263793945,-47.33867263793945,-35.27467346191406,-35.27467346191406,19.74866485595703,19.74866485595703,0.0,0.0,180.0
304,1.2666666666666666,0.17206302957362649,9.934424048604468,-69.55802763037214,0.17206302957362649,9.934424048604468,-69.55802763037214,5.0,-5.0,0.0,0.0,12.0,0,0.5,0.0,0.0,3.2,3.2,3.2,9.93442153930664,9.934420585632324,9.934423446655273,9.934423446655273,0.1961033046245575,0.19699741899967194,2.880990505218506,3.189445972442627,0.13185980916023254,0.13185980916023254,0.0,0.0,nan,nan,11.273716926574707,11.273716926574707,22.547433853149414,0.0,-2.08703875541687,0.33459872007369995,0.0,0.0,0.0,0.33459872007369995,0.0,-2.08703875541687,0.0,0.0,0.0,0.7596229314804077,-0.1781114935874939,-1.9644176959991455,0.0,0.0,0.0,0.0,-2.08703875541687,0.33459872007369995,0.0,0.0,0.0,0.33459872007369995,0.0,-2.08703875541687,-0.0,-0.0,-0.0,0.7596229314804077,0.1781119406223297,-1.964417576789856,0.0,0.0,0.0,2.9802322387695312e-08,5.820766091346741e-11,0.6000000238418579,-9.685754776000977e-08,0.055999964475631714,0.6000000238418579,-1.043081283569336e-07,-0.055999934673309326,0.6000000238418579,1.5192458629608154,4.470348358154297e-07,-3.928835391998291,0.0,0.0,0.0,-6.705522537231445e-08,-5.12261806306924e-07,-2.60770320892334e-08,30.147859573364258,30.147859573364258,50.836212158203125,50.836212158203125,0.16216474771499634,0.16216474771499634,0.4148221015930176,0.4148221015930176,0.42301318049430847,0.42301318049430847,0.08162510395050049,0.08162510395050049,-2.667684555053711,-2.667684555053711,0.341704398393631,0.341704398393631,0.6697961688041687,0.6697961688041687,0.0,0.0,-0.08004043996334076,-0.08004043996334076,0.33459872007369995,0.33459872007369995,0.5500251054763794,0.5500251054763794,-0.34518536925315857,-0.34518536925315857,-0.0978614017367363,-0.0978614017367363,-71.0322036743164,-71.0322036743164,-46.36188888549805,-46.36188888549805,-34.277259826660156,-34.277259826660156,19.555011749267578,19.555011749267578,0.0,0.0,180.0
305,1.2708333333333333,0.21280461165725761,9.610096408506939,-86.02817870989645,0.21280461165725761,9.610096408506939,-86.02817870989645,5.0,-5.0,0.0,0.0,12.0,0,0.5,0.0,0.0,3.2,3.2,3.2,9.610095024108887,9.61009407043457,9.610095977783203,9.610095977783203,0.23480167984962463,0.23572362959384918,2.3232007026672363,2.6399898529052734,0.1275550127029419,0.1275550127029419,0.0,0.0,nan,nan,10.088447570800781,10.088447570800781,20.176895141601562,0.0,-1.9051073789596558,0.3375093936920166,0.0,0.0,0.0,0.3375093936920166,0.0,-1.9051073789596558,0.0,0.0,0.0,0.7230781316757202,-0.23976221680641174,-1.7784876823425293,0.0,0.0,0.0,0.0,-1.9051073789596558,0.3375093936920166,0.0,0.0,0.0,0.3375093936920166,0.0,-1.9051073789596558,-0.0,-0.0,-0.0,0.7230781316757202,0.23976269364356995,-1.7784876823425293,0.0,0.0,0.0,2.9802322387695312e-08,5.820766091346741e-11,0.6000000238418579,-5.960464477539063e-08,0.05600005388259888,0.6000000238418579,-8.940696716308594e-08,-0.055999934673309326,0.6000000834465027,1.4461562633514404,4.76837158203125e-07,-3.5569753646850586,0.0,0.0,0.0,-2.2351741790771484e-07,-3.279226348240627e-07,-9.313225746154785e-08,29.7998104095459,29.7998104095459,50.329254150390625,50.329254150390625,0.17686083912849426,0.17686083912849426,0.4142872393131256,0.4142872393131256,0.4088520109653473,0.4088520109653473,0.07163921743631363,0.07163921743631363,-2.637561559677124,-2.637561559677124,0.5189313292503357,0.5189313292503357,0.6356925964355469,0.6356925964355469,0.0,0.0,-0.07944038510322571,-0.07944038510322571,0.3375093936920166,0.3375093936920166,0.5500251054763794,0.5500251054763794,-0.3452191650867462,-0.3452191650867462,-0.0889248326420784,-0.0889248326420784,-68.77867889404297,-68.77867889404297,-45.09904098510742,-45.09904098510742,-32.99436950683594,-32.99436950683594,19.308364868164062,19.308364868164062,0.0,0.0,180.0
306,1.275,0.25205352229001565,9.21836084694848,-101.89490392693199,0.25205352229001565,9.21836084694848,-101.89490392693199,5.0,-5.0,0.0,0.0,12.0,0,0.5,0.0,0.0,3.2,3.2,3.2,9.218360900878906,9.218358993530273,9.21835994720459,9.218360900878906,0.27184125781059265,0.2727847099304199,1.7472285032272339,2.070098638534546,0.12235549092292786,0.12235549092292786,0.0,0.0,nan,nan,8.756246566772461,8.756246566772461,17.512493133544922,0.0,-1.690088152885437,0.33104151487350464,0.0,0.0,0.0,0.33104151487350464,0.0,-1.690088152885437,0.0,0.0,0.0,0.6703983545303345,-0.27832818031311035,-1.5617573261260986,0.0,0.0,0.0,0.0,-1.690088152885437,0.33104151487350464,0.0,0.0,0.0,0.33104151487350464,0.0,-1.690088152885437,-0.0,-0.0,-0.0,0.6703983545303345,0.2783285677433014,-1.561757206916809,0.0,0.0,0.0,2.9802322387695312e-08,5.820766091346741e-11,0.6000000238418579,-1.4901161193847656e-08,0.05600002408027649,0.6000000238418579,-7.450580596923828e-08,-0.055999964475631714,0.6000000238418579,1.340796709060669,3.8743019104003906e-07,-3.1235146522521973,0.0,0.0,0.0,-9.685754776000977e-08,-2.3271996951734764e-07,-5.960464477539063e-08,29.358362197875977,29.35836410522461,49.671852111816406,49.67185974121094,0.17686083912849426,0.17686083912849426,0.4284450113773346,0.4284450113773346,0.3946942090988159,0.3946942090988159,0.06213124841451645,0.06213124841451645,-2.5704574584960938,-2.5704574584960938,0.6936150193214417,0.6936150193214417,0.5907623767852783,0.5907623767852783,0.0,0.0,-0.07875247299671173,-0.07875247299671173,0.33104151487350464,0.33104151487350464,0.5500251054763794,0.5500251054763794,-0.3434816300868988,-0.3434816300868988,-0.07854551076889038,-0.07854551076889038,-66.04624938964844,-66.04624938964844,-43.557525634765625,-43.557525634765625,-31.433547973632812,-31.433547973632812,19.010454177856445,19.010454177856445,0.0,0.0,180.0
307,1.2791666666666666,0.28953445856411675,8.761965107431788,-117.04690960430821,0.28953445856411675,8.761965107431788,-117.04690960430821,5.0,-5.0,0.0,0.0,12.0,0,0.5,0.0,0.0,3.2,3.2,3.2,8.761963844299316,8.761962890625,8.761964797973633,8.761964797973633,0.30696311593055725,0.3079216182231903,1.1572511196136475,1.4838964939117432,0.11629774421453476,0.11629774421453476,0.0,0.0,nan,nan,7.325468063354492,7.325468063354492,14.650936126708984,0.0,-1.4446325302124023,0.315110981464386,0.0,0.0,0.0,0.315110981464386,0.0,-1.4446325302124023,0.0,0.0,0.0,0.6024181246757507,-0.29113295674324036,-1.318556785583496,0.0,0.0,0.0,0.0,-1.4446325302124023,0.315110981464386,0.0,0.0,0.0,0.315110981464386,0.0,-1.4446325302124023,-0.0,-0.0,-0.0,0.6024181246757507,0.2911333441734314,-1.318556785583496,0.0,0.0,0.0,2.9802322387695312e-08,5.820766091346741e-11,0.6000000238418579,5.21540641784668e-08,0.056000083684921265,0.6000000238418579,-1.4901161193847656e-08,-0.055999934673309326,0.6000000238418579,1.2048362493515015,3.8743019104003906e-07,-2.637113571166992,0.0,0.0,0.0,-2.0116567611694336e-07,-2.9472040807831945e-08,-1.0803341865539551e-07,28.815385818481445,28.815385818481445,48.84086227416992,48.84086227416992,0.17686083912849426,0.17686083912849426,0.442595511674881,0.442595511674881,0.38054367899894714,0.38054367899894714,0.05313779413700104,0.05313779413700104,-2.468468427658081,-2.468468427658081,0.8645848035812378,0.8645848035812378,0.5369886755943298,0.5369886755943298,0.0,0.0,-0.07800103724002838,-0.07800103724002838,0.315110981464386,0.315110981464386,0.5500251054763794,0.5500251054763794,-0.339974969625473,-0.339974969625473,-0.06678640842437744,-0.06678640842437744,-62.851280212402344,-62.851280212402344,-41.74654769897461,-41.74654769897461,-29.604137420654297,-29.604137420654297,18.66337013244629,18.66337013244629,0.0,0.0,180.0
308,1.2833333333333332,0.3249845186416105,8.244110478149727,-131.3779153088981,0.3249845186416105,8.244110478149727,-131.3779153088981,5.0,-5.0,0.0,0.0,12.0,0,0.5,0.0,0.0,3.2,3.2,3.2,8.244109153747559,8.244109153747559,8.244110107421875,8.244110107421875,0.33993449807167053,0.3409012258052826,0.5595709681510925,0.8877114057540894,0.10942424833774567,0.10942424833774567,0.0,0.0,nan,nan,5.931056022644043,5.931056022644043,11.862112045288086,0.0,-1.1903667449951172,0.3062489628791809,0.0,0.0,0.0,0.3062489628791809,0.0,-1.1903667449951172,0.0,0.0,0.0,0.5400496125221252,-0.28106507658958435,-1.067759394645691,0.0,0.0,0.0,0.0,-1.1903667449951172,0.3062489628791809,0.0,0.0,0.0,0.3062489628791809,0.0,-1.1903667449951172,-0.0,-0.0,-0.0,0.5400496125221252,0.28106531500816345,-1.067759394645691,0.0,0.0,0.0,2.9802322387695312e-08,5.820766091346741e-11,0.6000000238418579,2.2351741790771484e-08,0.05600002408027649,0.6000000238418579,-5.960464477539063e-08,-0.055999964475631714,0.6000000238418579,1.0800992250442505,2.384185791015625e-07,-2.135518789291382,0.0,0.0,0.0,-6.332993507385254e-08,-1.0342055389855886e-07,-5.4016709327697754e-08,28.16154670715332,28.16154670715332,47.80735778808594,47.80735778808594,0.17686083912849426,0.17686083912849426,0.4708550274372101,0.4708550274372101,0.35228419303894043,0.35228419303894043,0.036845918744802475,0.036845918744802475,-2.3341426849365234,-2.3341426849365234,1.030624270439148,1.030624270439148,0.4766918122768402,0.4766918122768402,0.0,0.0,-0.07721249014139175,-0.07721249014139175,0.3062489628791809,0.3062489628791809,0.5500251054763794,0.5500251054763794,-0.3347128629684448,-0.3347128629684448,-0.05371897295117378,-0.05371897295117378,-59.21332931518555,-59.21332931518555,-39.67715072631836,-39.67715072631836,-27.517303466796875,-27.517303466796875,18.269546508789062,18.269546508789062,0.0,0.0,180.0
309,1.2875,0.3581550458218906,7.668429337248602,-144.78739933249915,0.3581550458218906,7.668429337248602,-144.78739933249915,5.0,-5.0,0.0,0.0,12.0,0,0.5,0.0,0.0,3.2,3.2,3.2,7.668428897857666,7.668426990509033,7.668429374694824,7.668429374694824,0.370510458946228,0.3714786767959595,-0.04379791021347046,0.28349900245666504,0.10178322345018387,0.10178322345018387,0.0,0.0,nan,nan,4.524198055267334,4.524198055267334,9.048396110534668,0.0,-0.9088667631149292,0.28370341658592224,0.0,0.0,0.0,0.28370341658592224,0.0,-0.9088667631149292,0.0,0.0,0.0,0.4595438241958618,-0.24376994371414185,-0.7974472045898438,0.0,0.0,0.0,0.0,-0.9088667631149292,0.28370341658592224,0.0,0.0,0.0,0.28370341658592224,0.0,-0.9088667631149292,-0.0,-0.0,-0.0,0.4595438539981842,0.24377010762691498,-0.7974472045898438,0.0,0.0,0.0,2.9802322387695312e-08,5.820766091346741e-11,0.6000000238418579,7.450580596923828e-09,0.05600002408027649,0.6000000238418579,-7.450580596923828e-08,-0.055999934673309326,0.6000000238418579,0.9190876483917236,1.6391277313232422e-07,-1.5948944091796875,0.0,0.0,0.0,-7.078051567077637e-08,-1.0100455938300001e-07,-5.960464477539063e-08,27.38654899597168,27.38654899597168,46.53596496582031,46.53596496582031,0.17686083912849426,0.17686083912849426,0.5130407214164734,0.5130407214164734,0.31009846925735474,0.31009846925735474,0.023084618151187897,0.023084618151187897,-2.1703362464904785,-2.1703362464904785,1.1904804706573486,1.1904804706573486,0.41240477561950684,0.41240477561950684,0.0,0.0,-0.0764143317937851,-0.0764143317937851,0.28370341658592224,0.28370341658592224,0.5500251054763794,0.5500251054763794,-0.3277202248573303,-0.3277202248573303,-0.039422933012247086,-0.039422933012247086,-55.155208587646484,-55.155208587646484,-37.36227035522461,-37.36227035522461,-25.186107635498047,-25.186107635498047,17.831748962402344,17.831748962402344,0.0,0.0,180.0
310,1.2916666666666667,0.38881337268977273,7.038959674305604,-157.18130377938442,0.38881337268977273,7.038959674305604,-157.18130377938442,5.0,-5.0,0.0,0.0,12.0,0,0.5,0.0,0.0,3.2,3.2,3.2,7.038959980010986,7.038959503173828,7.038959503173828,7.038959503173828,0.39849087595939636,0.39945387840270996,-0.6463235020637512,-0.3221508860588074,0.09342825412750244,0.09342825412750244,0.0,0.0,nan,nan,3.2416629791259766,3.2416629791259766,6.483325958251953,0.0,-0.6232374906539917,0.26232975721359253,0.0,0.0,0.0,0.26232975721359253,0.0,-0.6232374906539917,0.0,0.0,0.0,0.38030362129211426,-0.18548639118671417,-0.5274522304534912,0.0,0.0,0.0,0.0,-0.6232374906539917,0.26232975721359253,0.0,0.0,0.0,0.26232975721359253,0.0,-0.6232374906539917,-0.0,-0.0,-0.0,0.38030359148979187,0.18548646569252014,-0.5274522304534912,0.0,0.0,0.0,2.9802322387695312e-08,5.820766091346741e-11,0.6000000238418579,-4.470348358154297e-08,0.0559999942779541,0.6000000238418579,8.195638656616211e-08,-0.0559999942779541,0.6000000834465027,0.7606072425842285,7.450580596923828e-08,-1.0549044609069824,0.0,0.0,0.0,-1.1175870895385742e-08,1.0878384415491382e-08,2.0489096641540527e-08,26.479398727416992,26.479394912719727,44.98423385620117,44.984230041503906,0.1915258765220642,0.1915258765220642,0.5401012301445007,0.5401012301445007,0.26837289333343506,0.26837289333343506,0.004546067211776972,0.004546067211776972,-1.980057954788208,-1.980057954788208,1.3428773880004883,1.3428773880004883,0.3467501997947693,0.3467501997947693,0.0,0.0,-0.07563425600528717,-0.07563425600528717,0.26232975721359253,0.26232975721359253,0.5500251054763794,0.5500251054763794,-0.31903430819511414,-0.31903430819511414,-0.02398669347167015,-0.02398669347167015,-50.702972412109375,-50.702972412109375,-34.81670379638672,-34.81670379638672,-22.625465393066406,-22.625465393066406,17.353044509887695,17.353044509887695,0.0,0.0,180.0
311,1.2958333333333334,0.41674445311025904,6.360116766732903,-168.47269431486833,0.41674445311025904,6.360116766732903,-168.47269431486833,5.0,-5.0,0.0,0.0,12.0,0,0.5,0.0,0.0,3.2,3.2,3.2,6.360116004943848,6.360115051269531,6.360116958618164,6.360116958618164,0.4236419200897217,0.42459312081336975,-1.2498058080673218,-0.9311451315879822,0.08441796153783798,0.08441796153783798,0.0,0.0,nan,nan,1.8842790126800537,1.8842790126800537,3.7685580253601074,0.0,-0.2797703146934509,0.20742464065551758,0.0,0.0,0.0,0.20742464065551758,0.0,-0.2797703146934509,0.0,0.0,0.0,0.2579183876514435,-0.09069126844406128,-0.21575358510017395,0.0,0.0,0.0,0.0,-0.2797703146934509,0.20742464065551758,0.0,0.0,0.0,0.20742464065551758,0.0,-0.2797703146934509,-0.0,-0.0,-0.0,0.2579183876514435,0.09069131314754486,-0.21575358510017395,0.0,0.0,0.0,2.9802322387695312e-08,5.820766091346741e-11,0.6000000238418579,-5.21540641784668e-08,0.0559999942779541,0.6000000238418579,-8.940696716308594e-08,-0.055999964475631714,0.6000000238418579,0.515836775302887,4.470348358154297e-08,-0.4315071702003479,0.0,0.0,0.0,-6.51925802230835e-09,-4.3402216931553994e-08,-1.1175870895385742e-08,25.428874969482422,25.42887306213379,43.102203369140625,43.102203369140625,0.1915258765220642,0.1915258765220642,0.5944413542747498,0.5944413542747498,0.21403278410434723,0.21403278410434723,0.0,0.0,-1.7663062810897827,-1.7663062810897827,1.4865360260009766,1.4865360260009766,0.2823239266872406,0.2823239266872406,0.0,0.0,-0.07489929348230362,-0.07489929348230362,0.20742464065551758,0.20742464065551758,0.5500251054763794,0.5500251054763794,-0.30870485305786133,-0.30870485305786133,-0.00750750582665205,-0.00750750582665205,-45.8858757019043,-45.8858757019043,-32.057132720947266,-32.057132720947266,-19.85215187072754,-19.85215187072754,16.836793899536133,16.836793899536133,0.0,0.0,180.0
312,1.3,0.4417523706226544,5.636662209779132,-178.58236994719772,0.4417523706226544,5.636662209779132,-178.58236994719772,5.0,-5.0,0.0,0.0,12.0,0,0.5,0.0,0.0,3.2,3.2,3.2,5.636660099029541,5.636661052703857,5.636662006378174,5.636662006378174,0.4458081126213074,0.446740984916687,-1.8466615676879883,-1.5357905626296997,0.074815534055233,0.074815534055233,0.0,0.0,nan,nan,0.6426632404327393,0.6426632404327393,1.2853264808654785,0.0,0.0882977768778801,0.1473601758480072,0.0,0.0,0.0,0.1473601758480072,0.0,0.0882977768778801,0.0,0.0,0.0,0.1269274652004242,0.030702628195285797,0.11161670088768005,0.0,0.0,0.0,0.0,0.0882977768778801,0.1473601758480072,0.0,0.0,0.0,0.1473601758480072,0.0,0.0882977768778801,-0.0,-0.0,-0.0,0.1269274652004242,-0.030702654272317886,0.11161669343709946,0.0,0.0,0.0,2.9802322387695312e-08,5.820766091346741e-11,0.6000000238418579,-1.1175870895385742e-07,0.05600005388259888,0.6000000238418579,-2.2351741790771484e-08,-0.055999964475631714,0.6000000238418579,0.2538549304008484,-2.60770320892334e-08,0.2232334017753601,0.0,0.0,0.0,1.0244548320770264e-08,2.16218403181756e-08,-1.3969838619232178e-08,24.224254608154297,24.224254608154297,40.83285140991211,40.83285140991211,0.20615608990192413,0.20615608990192413,0.6562954783439636,0.6562954783439636,0.13754841685295105,0.13754841685295105,0.0,0.0,-1.531897783279419,-1.531897783279419,1.6201953887939453,1.6201953887939453,0.2215951830148697,0.2215951830148697,0.0,0.0,-0.07423502206802368,-0.07423502206802368,0.1473601758480072,0.1473601758480072,0.5500251054763794,0.5500251054763794,-0.2967948317527771,-0.2967948317527771,0.0099087068811059,0.0099087068811059,-40.73635482788086,-40.73635482788086,-29.102060317993164,-29.102060317993164,-16.884780883789062,-16.884780883789062,16.2866153717041,16.2866153717041,0.0,0.0,180.0
313,1.3041666666666667,0.46366171265377126,4.873670517360002,-187.43941856560292,0.46366171265377126,4.873670517360002,-187.43941856560292,5.0,-5.0,0.0,0.0,12.0,0,0.5,0.0,0.0,3.2,3.2,3.2,4.873669147491455,4.873669147491455,4.87367057800293,4.87367057800293,0.4648441672325134,0.46575209498405457,-2.4310598373413086,-2.13016676902771,0.06468833237886429,0.06468833237886429,0.0,0.0,nan,nan,-0.3780896067619324,-0.3780896067619324,-0.7561792135238647,0.0,0.4633260667324066,0.09316865354776382,0.0,0.0,0.0,0.09316865354776382,0.0,0.4633260667324066,0.0,0.0,0.0,0.0015685046091675758,0.17058458924293518,0.44073787331581116,0.0,0.0,0.0,0.0,0.4633260667324066,0.09316865354776382,0.0,0.0,0.0,0.09316865354776382,0.0,0.4633260667324066,-0.0,-0.0,-0.0,0.0015685235848650336,-0.17058470845222473,0.44073784351348877,0.0,0.0,0.0,2.9802322387695312e-08,5.820766091346741e-11,0.6000000238418579,-9.685754776000977e-08,0.05600005388259888,0.6000000238418579,-5.21540641784668e-08,-0.055999934673309326,0.6000000238418579,0.0031370283104479313,-1.1920928955078125e-07,0.8814756870269775,0.0,0.0,0.0,5.4016709327697754e-08,9.194508265863988e-08,-6.759364623576403e-09,22.856346130371094,22.856342315673828,38.1137809753418,38.1137809753418,0.22074872255325317,0.22074872255325317,0.726113498210907,0.726113498210907,0.05313779413700104,0.05313779413700104,0.0,0.0,-1.279310941696167,-1.279310941696167,1.7426371574401855,1.7426371574401855,0.16683363914489746,0.16683363914489746,0.0,0.0,-0.07366497814655304,-0.07366497814655304,0.09316865354776382,0.09316865354776382,0.5500251054763794,0.5500251054763794,-0.2833802103996277,-0.2833802103996277,0.02814730815589428,0.02814730815589428,-35.289794921875,-35.289794921875,-25.971742630004883,-25.971742630004883,-13.743685722351074,-13.743685722351074,15.706368446350098,15.706368446350098,0.0,0.0,180.0
314,1.3083333333333333,0.4823188009111036,4.076493527988993,-194.98171433780715,0.4823188009111036,4.076493527988993,-194.98171433780715,5.0,-5.0,0.0,0.0,12.0,0,0.5,0.0,0.0,3.2,3.2,3.2,4.0764923095703125,4.076493740081787,4.076493740081787,4.076493740081787,0.4806169867515564,0.4814937114715576,-2.998837471008301,-2.71004056930542,0.05410738289356232,0.05410738289356232,0.0,0.0,nan,nan,-1.1440224647521973,-1.1440224647521973,-2.2880449295043945,0.0,0.8421628475189209,0.046856749802827835,0.0,0.0,0.0,0.046856749802827835,0.0,0.8421628475189209,0.0,0.0,0.0,-0.11573216319084167,0.3246162235736847,0.7698469161987305,0.0,0.0,0.0,0.0,0.8421628475189209,0.046856749802827835,0.0,0.0,0.0,0.046856749802827835,0.0,0.8421628475189209,-0.0,-0.0,-0.0,-0.11573216319084167,-0.3246164321899414,0.7698467969894409,0.0,0.0,0.0,2.9802322387695312e-08,5.820766091346741e-11,0.6000000238418579,-1.341104507446289e-07,0.05600002408027649,0.6000000238418579,1.4901161193847656e-08,-0.05600002408027649,0.6000000834465027,-0.23146432638168335,-2.086162567138672e-07,1.5396937131881714,0.0,0.0,0.0,2.60770320892334e-08,1.3076117966193124e-07,-4.842877388000488e-08,21.31908416748047,21.31908416748047,34.881690979003906,34.881690979003906,0.23530198633670807,0.23530198633670807,0.7646980285644531,0.7646980285644531,0.0,0.0,0.0,0.0,-1.010549783706665,-1.010549783706665,1.852712631225586,1.852712631225586,0.12006686627864838,0.12006686627864838,0.0,0.0,-0.07321010529994965,-0.07321010529994965,0.046856749802827835,0.046856749802827835,0.5500251054763794,0.5500251054763794,-0.26854994893074036,-0.26854994893074036,0.04708539694547653,0.04708539694547653,-29.58440399169922,-29.58440399169922,-22.68806266784668,-22.68806266784668,-10.450830459594727,-10.450830459594727,15.10012435913086,15.10012435913086,0.0,0.0,180.0
315,1.3125,0.4975927693256242,3.2507228654757356,-201.15635347809985,0.4975927693256242,3.2507228654757356,-201.15635347809985,5.0,-5.0,0.0,0.0,12.0,0,0.5,0.0,0.0,3.2,3.2,3.2,3.250722646713257,3.2507224082946777,3.250722885131836,3.250722885131836,0.493015855550766,0.4938552677631378,-3.546020746231079,-3.2713561058044434,0.04314691200852394,0.04314691200852394,0.0,0.0,nan,nan,-1.63008713722229,-1.63008713722229,-3.26017427444458,0.0,1.2223224639892578,0.010183332487940788,0.0,0.0,0.0,0.010183332487940788,0.0,1.2223224639892578,0.0,0.0,0.0,-0.2230125367641449,0.4883224368095398,1.0981723070144653,0.0,0.0,0.0,0.0,1.2223224639892578,0.010183332487940788,0.0,0.0,0.0,0.010183332487940788,0.0,1.2223224639892578,-0.0,-0.0,-0.0,-0.2230125367641449,-0.4883226752281189,1.0981721878051758,0.0,0.0,0.0,2.9802322387695312e-08,5.820766091346741e-11,0.6000000238418579,7.450580596923828e-09,0.05600002408027649,0.6000000238418579,5.21540641784668e-08,-0.055999934673309326,0.6000000834465027,-0.4460250735282898,-2.384185791015625e-07,2.1963443756103516,0.0,0.0,0.0,1.341104507446289e-07,-1.329258125792876e-08,-2.7939677238464355e-09,19.611724853515625,19.611726760864258,31.081329345703125,31.081329345703125,0.26428744196891785,0.26428744196891785,0.7357125878334045,0.7357125878334045,0.0,0.0,0.0,0.0,-0.7270458936691284,-0.7270458936691284,1.9493682384490967,1.9493682384490967,0.08307168632745743,0.08307168632745743,0.0,0.0,-0.07288835942745209,-0.07288835942745209,0.010183332487940788,0.010183332487940788,0.5500251054763794,0.5500251054763794,-0.2524060606956482,-0.2524060606956482,0.06659229844808578,0.06659229844808578,-23.660898208618164,-23.660898208618164,-19.274402618408203,-19.274402618408203,-7.02965784072876,-7.02965784072876,14.472136497497559,14.472136497497559,0.0,0.0,180.0
316,1.3166666666666667,0.5093764819832372,2.4021507177023222,-205.9200253293843,0.5093764819832372,2.4021507177023222,-205.9200253293843,5.0,-5.0,0.0,0.0,12.0,0,0.5,0.0,0.0,3.2,3.2,3.2,2.4021506309509277,2.4021506309509277,2.4021506309509277,2.4021506309509277,0.5019533038139343,0.5027493834495544,-4.068864345550537,-3.8102686405181885,0.03188379481434822,0.03188379481434822,0.0,0.0,nan,nan,-1.819875955581665,-1.819875955581665,-3.63975191116333,0.0,1.6020572185516357,-0.015319506637752056,0.0,0.0,0.0,-0.015319506637752056,0.0,1.6020572185516357,0.0,0.0,0.0,-0.318745881319046,0.6572895050048828,1.4259010553359985,0.0,0.0,0.0,0.0,1.6020572185516357,-0.015319506637752056,0.0,0.0,0.0,-0.015319506637752056,0.0,1.6020572185516357,-0.0,-0.0,-0.0,-0.318745881319046,-0.6572899222373962,1.425900936126709,0.0,0.0,0.0,2.9802322387695312e-08,5.820766091346741e-11,0.6000000238418579,-7.450580596923828e-08,0.05600002408027649,0.6000000238418579,7.450580596923828e-09,-0.055999934673309326,0.6000000238418579,-0.637491762638092,-4.172325134277344e-07,2.851801872253418,0.0,0.0,0.0,1.341104507446289e-07,1.8060443096601375e-07,-2.60770320892334e-08,17.741853713989258,17.741853713989258,26.6810359954834,26.681020736694336,0.3217938542366028,0.3217938542366028,0.678206205368042,0.678206205368042,0.0,0.0,0.0,0.0,-0.42961424589157104,-0.42961424589157104,2.0316715240478516,2.0316715240478516,0.05739481747150421,0.05739481747150421,0.0,0.0,-0.07271432876586914,-0.07271432876586914,-0.015319506637752056,-0.015319506637752056,0.5500251054763794,0.5500251054763794,-0.23506256937980652,-0.23506256937980652,0.08653030544519424,0.08653030544519424,-17.562206268310547,-17.562206268310547,-15.755450248718262,-15.755450248718262,-3.504908800125122,-3.504908800125122,13.826807022094727,13.826807022094727,0.0,0.0,180.0
317,1.3208333333333333,0.5175872846062355,1.5367292085871005,-209.23931615631733,0.5175872846062355,1.5367292085871005,-209.23931615631733,5.0,-5.0,0.0,0.0,12.0,0,0.5,0.0,0.0,3.2,3.2,3.2,1.536728858947754,1.536728858947754,1.5367292165756226,1.5367292165756226,0.5073654651641846,0.5081128478050232,-4.563878059387207,-4.323179244995117,0.020397039130330086,0.020397039130330086,0.0,0.0,nan,nan,-1.7047626972198486,-1.7047626972198486,-3.4095253944396973,0.0,1.9803595542907715,-0.028304435312747955,0.0,0.0,0.0,-0.028304435312747955,0.0,1.9803595542907715,0.0,0.0,0.0,-0.40177613496780396,0.8272994160652161,1.7540743350982666,0.0,0.0,0.0,0.0,1.9803595542907715,-0.028304435312747955,0.0,0.0,0.0,-0.028304435312747955,0.0,1.9803595542907715,-0.0,-0.0,-0.0,-0.40177610516548157,-0.8272997140884399,1.754074215888977,0.0,0.0,0.0,2.9802322387695312e-08,5.820766091346741e-11,0.6000000238418579,-9.685754776000977e-08,0.056000083684921265,0.6000000238418579,-1.341104507446289e-07,-0.055999934673309326,0.6000000238418579,-0.8035522699356079,-2.980232238769531e-07,3.508148670196533,0.0,0.0,0.0,2.682209014892578e-07,5.096860036246653e-07,9.313225746154785e-08,15.729498863220215,15.729498863220215,21.69786262512207,21.69786262512207,0.43548205494880676,0.43548205494880676,0.5645179748535156,0.5645179748535156,0.0,0.0,0.0,0.0,-0.11847339570522308,-0.11847339570522308,2.0988330841064453,2.0988330841064453,0.044394686818122864,0.044394686818122864,0.0,0.0,-0.07269912958145142,-0.07269912958145142,-0.028304435312747955,-0.028304435312747955,0.5500251054763794,0.5500251054763794,-0.21664491295814514,-0.21664491295814514,0.1067558005452156,0.1067558005452156,-11.333057403564453,-11.333057403564453,-12.156973838806152,-12.156973838806152,0.09760631620883942,0.09760631620883942,13.168664932250977,13.168664932250977,0.0,0.0,180.0
318,1.325,0.5221675843136716,0.66052864821209,-211.09094351865494,0.5221675843136716,0.66052864821209,-211.09094351865494,5.0,-5.0,0.0,0.0,12.0,0,0.5,0.0,0.0,3.2,3.2,3.2,0.6605286598205566,0.6605285406112671,0.6605286598205566,0.6605286598205566,0.5092127919197083,0.5099062323570251,-5.027831077575684,-4.806737899780273,0.008767210878431797,0.008767210878431797,0.0,0.0,nan,nan,-1.2826855182647705,-1.2826855182647705,-2.565371036529541,0.0,2.356888771057129,-0.027560193091630936,0.0,0.0,0.0,-0.027560193091630936,0.0,2.356888771057129,0.0,0.0,0.0,-0.47123241424560547,0.994392991065979,2.0844199657440186,0.0,0.0,0.0,0.0,2.356888771057129,-0.027560193091630936,0.0,0.0,0.0,-0.027560193091630936,0.0,2.356888771057129,-0.0,-0.0,-0.0,-0.47123226523399353,-0.9943932890892029,2.0844199657440186,0.0,0.0,0.0,2.9802322387695312e-08,5.820766091346741e-11,0.6000000238418579,2.2351741790771484e-08,0.05600005388259888,0.6000000238418579,0.0,-0.055999964475631714,0.6000000238418579,-0.9424647092819214,-2.980232238769531e-07,4.168839931488037,0.0,0.0,0.0,1.862645149230957e-07,7.765069653942192e-08,7.264316082000732e-08,13.613553047180176,13.613551139831543,16.239486694335938,16.239486694335938,0.837850034236908,0.837850034236908,0.1621500849723816,0.1621500849723816,0.0,0.0,0.0,0.0,0.20666280388832092,0.20666280388832092,2.150225877761841,2.150225877761841,0.04528995603322983,0.04528995603322983,0.0,0.0,-0.07285015285015106,-0.07285015285015106,-0.027560193091630936,-0.027560193091630936,0.5500251054763794,0.5500251054763794,-0.19728884100914001,-0.19728884100914001,0.12712036073207855,0.12712036073207855,-5.019560813903809,-5.019560813903809,-8.505578994750977,-8.505578994750977,3.751253604888916,3.751253604888916,12.502325057983398,12.502325057983398,0.0,0.0,180.0
319,1.3291666666666666,0.5230852535940391,-0.2203050460409866,-211.46191958084287,0.5230852535940391,-0.2203050460409866,-211.46191958084287,5.0,-5.0,0.0,0.0,12.0,0,0.5,0.0,0.0,3.2,3.2,3.2,0.22030504047870636,0.22030498087406158,0.22030504047870636,0.22030504047870636,0.5074805617332458,0.508115291595459,-5.4577789306640625,-5.257864952087402,-0.0029241135343909264,-0.0029241135343909264,0.0,0.0,nan,nan,-0.5568866729736328,-0.5568866729736328,-1.1137733459472656,0.0,2.731822967529297,-0.011972621083259583,0.0,0.0,0.0,-0.011972621083259583,0.0,2.731822967529297,0.0,0.0,0.0,-0.5264405608177185,1.1548540592193604,2.419126510620117,0.0,0.0,0.0,0.0,2.731822967529297,-0.011972621083259583,0.0,0.0,0.0,-0.011972621083259583,0.0,2.731822967529297,-0.0,-0.0,-0.0,-0.5264403223991394,-1.154854416847229,2.419126272201538,0.0,0.0,0.0,2.9802322387695312e-08,5.820766091346741e-11,0.6000000238418579,-3.725290298461914e-08,0.05600002408027649,0.6000000238418579,-2.2351741790771484e-08,-0.055999934673309326,0.6000000238418579,-1.052880883216858,-3.5762786865234375e-07,4.838253021240234,0.0,0.0,0.0,2.384185791015625e-07,2.8838235266448464e-07,4.284083843231201e-08,11.466571807861328,11.466565132141113,12.14219856262207,12.14219856262207,1.0,1.0,0.0,0.0,0.0,0.0,0.0,0.0,0.5464234948158264,0.5464234948158264,2.1853995323181152,2.1853995323181152,0.061198294162750244,0.061198294162750244,0.0,0.0,-0.07317091524600983,-0.07317091524600983,-0.011972621083259583,-0.011972621083259583,0.5500251054763794,0.5500251054763794,-0.17713890969753265,-0.17713890969753265,0.1474723219871521,0.1474723219871521,1.3312814235687256,1.3312814235687256,-4.828432559967041,-4.828432559967041,7.428852081298828,7.428852081298828,11.8324613571167,11.8324613571167,0.0,0.0,180.0
320,1.3333333333333333,0.5203338556566808,-1.0995934586850056,-210.3496422123508,0.5203338556566808,-1.0995934586850056,-210.3496422123508,5.0,-5.0,0.0,0.0,12.0,0,0.5,0.0,0.0,3.2,3.2,3.2,1.099593162536621,1.0995930433273315,1.0995934009552002,1.0995934009552002,0.5021786689758301,0.5027503967285156,-5.851040840148926,-5.673740863800049,-0.014594926498830318,-0.014594926498830318,0.0,0.0,nan,nan,0.4650883376598358,0.4650883376598358,0.9301766753196716,0.0,3.1056549549102783,0.019488101825118065,0.0,0.0,0.0,0.019488101825118065,0.0,3.1056549549102783,0.0,0.0,0.0,-0.566853404045105,1.305139422416687,2.760572671890259,0.0,0.0,0.0,0.0,3.1056549549102783,0.019488101825118065,0.0,0.0,0.0,0.019488101825118065,0.0,3.1056549549102783,-0.0,-0.0,-0.0,-0.5668532252311707,-1.3051396608352661,2.7605724334716797,0.0,0.0,0.0,2.9802322387695312e-08,5.820766091346741e-11,0.6000000238418579,-4.470348358154297e-08,0.05600005388259888,0.6000000238418579,-8.195638656616211e-08,-0.055999964475631714,0.6000000238418579,-1.1337065696716309,-2.384185791015625e-07,5.521144866943359,0.0,0.0,0.0,2.5331974029541016e-07,5.14196699441527e-07,1.0803341865539551e-07,9.454729080200195,9.454727172851562,12.714000701904297,12.714000701904297,1.0,1.0,0.0,0.0,0.0,0.0,0.0,0.0,0.901565670967102,0.901565670967102,2.2040891647338867,2.2040891647338867,0.09314921498298645,0.09314921498298645,0.0,0.0,-0.07366111874580383,-0.07366111874580383,0.019488101825118065,0.019488101825118065,0.5500251054763794,0.5500251054763794,-0.15634702146053314,-0.15634702146053314,0.16765843331813812,0.16765843331813812,7.672070026397705,7.672070026397705,-1.1529743671417236,-1.1529743671417236,11.102956771850586,11.102956771850586,11.163772583007812,11.163772583007812,0.0,0.0,180.0
321,1.3375,0.5139326895812503,-1.9711690132731596,-207.76191323974854,0.5139326895812503,-1.9711690132731596,-207.76191323974854,5.0,-5.0,0.0,0.0,12.0,0,0.5,0.0,0.0,3.2,3.2,3.2,1.9711692333221436,1.9711686372756958,1.9711689949035645,1.9711689949035645,0.4933423697948456,0.49384698271751404,-6.205203533172607,-6.0518012046813965,-0.026163367554545403,-0.026163367554545403,0.0,0.0,nan,nan,1.7718980312347412,1.7718980312347412,3.5437960624694824,0.0,3.4789464473724365,0.06774330884218216,0.0,0.0,0.0,0.06774330884218216,0.0,3.4789464473724365,0.0,0.0,0.0,-0.5920105576515198,1.441777229309082,3.1110222339630127,0.0,0.0,0.0,0.0,3.4789464473724365,0.06774330884218216,0.0,0.0,0.0,0.06774330884218216,0.0,3.4789464473724365,-0.0,-0.0,-0.0,-0.5920103192329407,-1.4417777061462402,3.1110219955444336,0.0,0.0,0.0,2.9802322387695312e-08,5.820766091346741e-11,0.6000000238418579,-5.21540641784668e-08,0.05600002408027649,0.6000000238418579,7.450580596923828e-09,-0.055999964475631714,0.6000000238418579,-1.1840208768844604,-4.76837158203125e-07,6.222043991088867,0.0,0.0,0.0,1.9371509552001953e-07,3.245048958433472e-07,-3.725290298461914e-08,8.087492942810059,8.087493896484375,13.288700103759766,13.288700103759766,1.0,1.0,0.0,0.0,0.0,0.0,0.0,0.0,1.2727279663085938,1.2727279663085938,2.2062184810638428,2.2062184810638428,0.14205969870090485,0.14205969870090485,0.0,0.0,-0.07431638240814209,-0.07431638240814209,0.06774330884218216,0.06774330884218216,0.5500251054763794,0.5500251054763794,-0.13507066667079926,-0.13507066667079926,0.18752539157867432,0.18752539157867432,13.955520629882812,13.955520629882812,2.4933764934539795,2.4933764934539795,14.746158599853516,14.746158599853516,10.50094985961914,10.50094985961914,0.0,0.0,180.0
322,1.3416666666666666,0.5039266549485351,-2.828918233516221,-203.716883722498,0.5039266549485351,-2.828918233516221,-203.716883722498,5.0,-5.0,0.0,0.0,12.0,0,0.5,0.0,0.0,3.2,3.2,3.2,2.8289177417755127,2.82891845703125,2.82891845703125,2.82891845703125,0.48103147745132446,0.48146548867225647,-6.518115520477295,-6.389728546142578,-0.03754828870296478,-0.03754828870296478,0.0,0.0,nan,nan,3.348324775695801,3.348324775695801,6.696649551391602,0.0,3.852079153060913,0.13354140520095825,0.0,0.0,0.0,0.13354140520095825,0.0,3.852079153060913,0.0,0.0,0.0,-0.6015374660491943,1.5612568855285645,3.472315788269043,0.0,0.0,0.0,0.0,3.852079153060913,0.13354140520095825,0.0,0.0,0.0,0.13354140520095825,0.0,3.852079153060913,-0.0,-0.0,-0.0,-0.6015374064445496,-1.5612576007843018,3.472315549850464,0.0,0.0,0.0,2.9802322387695312e-08,5.820766091346741e-11,0.6000000238418579,-3.725290298461914e-08,0.05600005388259888,0.6000000238418579,-2.2351741790771484e-08,-0.055999964475631714,0.6000000238418579,-1.2030749320983887,-7.152557373046875e-07,6.944631576538086,0.0,0.0,0.0,3.2782554626464844e-07,4.139322982155136e-07,3.725290298461914e-08,7.9226975440979,7.922696590423584,13.863348007202148,13.863348007202148,1.0,1.0,0.0,0.0,0.0,0.0,0.0,0.0,1.660183310508728,1.660183310508728,2.1918957233428955,2.1918957233428955,0.2086697518825531,0.2086697518825531,0.0,0.0,-0.07512834668159485,-0.07512834668159485,0.13354140520095825,0.13354140520095825,0.5500251054763794,0.5500251054763794,-0.11347106844186783,-0.11347106844186783,0.20692189037799835,0.20692189037799835,20.134971618652344,20.134971618652344,6.083516597747803,6.083516597747803,18.331377029418945,18.331377029418945,9.848642349243164,9.848642349243164,0.0,0.0,180.0
323,1.3458333333333332,0.4903859369021583,-3.6668246249260767,-198.24292663631337,0.4903859369021583,-3.6668246249260767,-198.24292663631337,5.0,-5.0,0.0,0.0,12.0,0,0.5,0.0,0.0,3.2,3.2,3.2,3.666823625564575,3.6668245792388916,3.6668245792388916,3.6668245792388916,0.46533045172691345,0.46569108963012695,-6.787863731384277,-6.685445785522461,-0.04866983741521835,-0.04866983741521835,0.0,0.0,nan,nan,5.174678325653076,5.174678325653076,10.349356651306152,0.0,4.2250261306762695,0.21735914051532745,0.0,0.0,0.0,0.21735914051532745,0.0,4.2250261306762695,0.0,0.0,0.0,-0.5951840281486511,1.6599572896957397,3.845567464828491,0.0,0.0,0.0,0.0,4.2250261306762695,0.21735914051532745,0.0,0.0,0.0,0.21735914051532745,0.0,4.2250261306762695,-0.0,-0.0,-0.0,-0.5951841473579407,-1.6599583625793457,3.845566987991333,0.0,0.0,0.0,2.9802322387695312e-08,5.820766091346741e-11,0.6000000238418579,-7.450580596923828e-08,0.05600002408027649,0.6000000238418579,7.450580596923828e-08,-0.0559999942779541,0.6000000834465027,-1.1903681755065918,-1.0728836059570312e-06,7.691134452819824,0.0,0.0,0.0,2.384185791015625e-07,1.937379607852563e-07,-2.3469328880310059e-07,8.610852241516113,8.610852241516113,15.916553497314453,15.916553497314453,0.995453953742981,0.995453953742981,0.004546067211776972,0.004546067211776972,0.0,0.0,0.0,0.0,2.063619375228882,2.063619375228882,2.161406993865967,2.161406993865967,0.2934437096118927,0.2934437096118927,0.0,0.0,-0.07608456164598465,-0.07608456164598465,0.21735914051532745,0.21735914051532745,0.5500251054763794,0.5500251054763794,-0.09171133488416672,-0.09171133488416672,0.2257002294063568,0.2257002294063568,26.164875030517578,26.164875030517578,9.590948104858398,9.590948104858398,21.8321475982666,21.8321475982666,9.211423873901367,9.211423873901367,0.0,0.0,180.0
324,1.35,0.47340551385022106,-4.479010876202002,-191.37843785712067,0.47340551385022106,-4.479010876202002,-191.37843785712067,5.0,-5.0,0.0,0.0,12.0,0,0.5,0.0,0.0,3.2,3.2,3.2,4.479011535644531,4.479009628295898,4.479011535644531,4.479011535644531,0.44635695219039917,0.4466417729854584,-7.011359214782715,-6.9356608390808105,-0.05945000424981117,-0.05945000424981117,0.0,0.0,nan,nan,7.187305450439453,7.187305450439453,14.374610900878906,0.0,4.584090709686279,0.3105057179927826,0.0,0.0,0.0,0.3105057179927826,0.0,4.584090709686279,0.0,0.0,0.0,-0.5789554715156555,1.7291911840438843,4.217227458953857,0.0,0.0,0.0,0.0,4.584090709686279,0.3105057179927826,0.0,0.0,0.0,0.3105057179927826,0.0,4.584090709686279,-0.0,-0.0,-0.0,-0.5789550542831421,-1.7291918992996216,4.217227458953857,0.0,0.0,0.0,2.9802322387695312e-08,5.820766091346741e-11,0.6000000238418579,-4.470348358154297e-08,0.05600002408027649,0.6000000238418579,-1.341104507446289e-07,-0.055999964475631714,0.6000000238418579,-1.1579105854034424,-7.152557373046875e-07,8.434454917907715,0.0,0.0,0.0,2.5331974029541016e-07,1.0054653785118717e-06,2.123415470123291e-07,9.699289321899414,9.699292182922363,20.763591766357422,20.763591766357422,0.9079464077949524,0.9079464077949524,0.0920536071062088,0.0920536071062088,0.0,0.0,0.004546067211776972,0.004546067211776972,2.4819700717926025,2.4819700717926025,2.115201950073242,2.115201950073242,0.3964509963989258,0.3964509963989258,0.0,0.0,-0.07716859877109528,-0.07716859877109528,0.3105057179927826,0.3105057179927826,0.5500251054763794,0.5500251054763794,-0.06995449960231781,-0.06995449960231781,0.24371835589408875,0.24371835589408875,32.00127029418945,32.00127029418945,12.990056991577148,12.990056991577148,25.2229061126709,25.2229061126709,8.593766212463379,8.593766212463379,0.0,0.0,180.0
325,1.3541666666666667,0.4531044912600183,-5.259780084346176,-183.17156684157874,0.4531044912600183,-5.259780084346176,-183.17156684157874,5.0,-5.0,0.0,0.0,12.0,0,0.5,0.0,0.0,3.2,3.2,3.2,5.2597784996032715,5.259778022766113,5.259779930114746,5.259779930114746,0.4242704510688782,0.424477219581604,-7.182823657989502,-7.134311199188232,-0.06981316953897476,-0.06981316953897476,0.0,0.0,nan,nan,9.207113265991211,9.207113265991211,18.414226531982422,0.0,4.887799263000488,0.3825123906135559,0.0,0.0,0.0,0.3825123906135559,0.0,4.887799263000488,0.0,0.0,0.0,-0.5745894908905029,1.7514859437942505,4.543021202087402,0.0,0.0,0.0,0.0,4.887799263000488,0.3825123906135559,0.0,0.0,0.0,0.3825123906135559,0.0,4.887799263000488,-0.0,-0.0,-0.0,-0.5745893120765686,-1.7514867782592773,4.543021202087402,0.0,0.0,0.0,2.9802322387695312e-08,5.820766091346741e-11,0.6000000238418579,-7.450580596923828e-08,0.05600005388259888,0.6000000238418579,-1.1920928955078125e-07,-0.055999964475631714,0.6000000238418579,-1.1491787433624268,-8.344650268554688e-07,9.086042404174805,0.0,0.0,0.0,4.172325134277344e-07,1.1508369652801775e-06,1.3783574104309082e-07,10.934762954711914,10.93476390838623,25.070392608642578,25.070398330688477,0.7828142046928406,0.7828142046928406,0.2171858847141266,0.2171858847141266,0.0,0.0,0.029628142714500427,0.029628142714500427,2.9133074283599854,2.9133074283599854,2.0538744926452637,2.0538744926452637,0.5172436237335205,0.5172436237335205,0.0,0.0,-0.0783601626753807,-0.0783601626753807,0.3825123906135559,0.3825123906135559,0.5500251054763794,0.5500251054763794,-0.04836186766624451,-0.04836186766624451,0.2608411908149719,0.2608411908149719,37.60215759277344,37.60215759277344,16.25632095336914,16.25632095336914,28.479185104370117,28.479185104370117,8.000000953674316,8.000000953674316,0.0,0.0,180.0
326,1.3583333333333334,0.4296252662187544,-6.00365571434544,-173.67987889323237,0.4296252662187544,-6.00365571434544,-173.67987889323237,5.0,-5.0,0.0,0.0,12.0,0,0.5,0.0,0.0,3.2,3.2,3.2,6.0036540031433105,6.0036540031433105,6.003655910491943,6.003655910491943,0.3992544710636139,0.39938151836395264,-7.296445369720459,-7.2753119468688965,-0.07968664914369583,-0.07968664914369583,0.0,0.0,nan,nan,11.010102272033691,11.010102272033691,22.020204544067383,0.0,5.091468334197998,0.4009166359901428,0.0,0.0,0.0,0.4009166359901428,0.0,5.091468334197998,0.0,0.0,0.0,-0.6047536730766296,1.7123684883117676,4.7734527587890625,0.0,0.0,0.0,0.0,5.091468334197998,0.4009166359901428,0.0,0.0,0.0,0.4009166359901428,0.0,5.091468334197998,-0.0,-0.0,-0.0,-0.6047536134719849,-1.712369680404663,4.773452281951904,0.0,0.0,0.0,2.9802322387695312e-08,5.820766091346741e-11,0.6000000238418579,-1.1920928955078125e-07,0.05600002408027649,0.6000000238418579,-9.685754776000977e-08,-0.05599990487098694,0.6000000238418579,-1.2095072269439697,-1.1920928955078125e-06,9.546905517578125,0.0,0.0,0.0,5.960464477539062e-07,1.3159046829969157e-06,3.725290298461914e-08,12.183587074279785,12.183587074279785,28.79570960998535,28.79570960998535,0.7021473050117493,0.7021473050117493,0.2978527545928955,0.2978527545928955,0.0,0.0,0.0920536071062088,0.0920536071062088,3.3548061847686768,3.3548061847686768,1.978142261505127,1.978142261505127,0.654750406742096,0.654750406742096,0.0,0.0,-0.07963529229164124,-0.07963529229164124,0.4009166359901428,0.4009166359901428,0.5500251054763794,0.5500251054763794,-0.027091151103377342,-0.027091151103377342,0.27694228291511536,0.27694228291511536,42.92790222167969,42.92790222167969,19.3665714263916,19.3665714263916,31.57788848876953,31.57788848876953,7.434292316436768,7.434292316436768,0.0,0.0,180.0
327,1.3625,0.4031325286202928,-6.70542001312928,-162.96995138327034,0.4031325286202928,-6.70542001312928,-162.96995138327034,5.0,-5.0,0.0,0.0,12.0,0,0.5,0.0,0.0,3.2,3.2,3.2,6.705418109893799,6.705418586730957,6.705420017242432,6.705420017242432,0.3714636266231537,0.37150973081588745,-7.354782581329346,-7.361095428466797,-0.08900117874145508,-0.08900117874145508,0.0,0.0,nan,nan,12.644268035888672,12.644268035888672,25.288536071777344,0.0,5.224552154541016,0.3771008253097534,0.0,0.0,0.0,0.3771008253097534,0.0,5.224552154541016,0.0,0.0,0.0,-0.6634249687194824,1.6261781454086304,4.934932708740234,0.0,0.0,0.0,0.0,5.224552154541016,0.3771008253097534,0.0,0.0,0.0,0.3771008253097534,0.0,5.224552154541016,-0.0,-0.0,-0.0,-0.6634250283241272,-1.6261789798736572,4.934932231903076,0.0,0.0,0.0,2.9802322387695312e-08,5.820766091346741e-11,0.6000000238418579,-1.341104507446289e-07,0.0559999942779541,0.5999999642372131,-2.2351741790771484e-08,-0.055999964475631714,0.6000000238418579,-1.3268499374389648,-8.344650268554688e-07,9.869865417480469,0.0,0.0,0.0,2.682209014892578e-07,1.105818455471308e-06,-1.6391277313232422e-07,13.374344825744629,13.374345779418945,31.962621688842773,31.962621688842773,0.6316575407981873,0.6316575407981873,0.3683425188064575,0.3683425188064575,0.0,0.0,0.17482061684131622,0.17482061684131622,3.802764892578125,3.802764892578125,1.8888245820999146,1.8888245820999146,0.807201623916626,0.807201623916626,0.0,0.0,-0.0809667780995369,-0.0809667780995369,0.3771008253097534,0.3771008253097534,0.5500251054763794,0.5500251054763794,-0.006295147351920605,-0.006295147351920605,0.2919051945209503,0.2919051945209503,47.9415168762207,47.9415168762207,22.299137115478516,22.299137115478516,34.49742126464844,34.49742126464844,6.900608539581299,6.900608539581299,0.0,0.0,180.0
328,1.3666666666666667,0.3738121059838832,-7.360150608358622,-151.11690675810365,0.3738121059838832,-7.360150608358622,-151.11690675810365,5.0,-5.0,0.0,0.0,12.0,0,0.5,0.0,0.0,3.2,3.2,3.2,7.3601484298706055,7.360150337219238,7.3601508140563965,7.3601508140563965,0.3410504460334778,0.341015487909317,-7.364224910736084,-7.397993564605713,-0.09769143164157867,-0.09769143164157867,0.0,0.0,nan,nan,14.300511360168457,14.300511360168457,28.601022720336914,0.0,5.348702430725098,0.33862167596817017,0.0,0.0,0.0,0.33862167596817017,0.0,5.348702430725098,0.0,0.0,0.0,-0.7352867722511292,1.5150879621505737,5.0879411697387695,0.0,0.0,0.0,0.0,5.348702430725098,0.33862167596817017,0.0,0.0,0.0,0.33862167596817017,0.0,5.348702430725098,-0.0,-0.0,-0.0,-0.7352867126464844,-1.5150889158248901,5.087940692901611,0.0,0.0,0.0,2.9802322387695312e-08,5.820766091346741e-11,0.6000000238418579,-2.9802322387695312e-08,0.05600005388259888,0.6000000238418579,2.9802322387695312e-08,-0.0559999942779541,0.6000000834465027,-1.4705734252929688,-9.5367431640625e-07,10.175882339477539,0.0,0.0,0.0,4.172325134277344e-07,2.594384227450064e-07,-4.0978193283081055e-08,14.469561576843262,14.469564437866211,34.62179183959961,34.62179183959961,0.5893751382827759,0.5893751382827759,0.4106249213218689,0.4106249213218689,0.0,0.0,0.2546203136444092,0.2546203136444092,4.252692699432373,4.252692699432373,1.7868167161941528,1.7868167161941528,0.9720991849899292,0.9720991849899292,0.0,0.0,-0.08232466876506805,-0.08232466876506805,0.33862167596817017,0.33862167596817017,0.5500251054763794,0.5500251054763794,0.0138796865940094,0.0138796865940094,0.3056243062019348,0.3056243062019348,52.6088752746582,52.6088752746582,25.03400230407715,25.03400230407715,37.217864990234375,37.217864990234375,6.402693748474121,6.402693748474121,0.0,0.0,180.0
329,1.3708333333333333,0.341869660007623,-7.9632550353312705,-138.20388560937607,0.341869660007623,-7.9632550353312705,-138.20388560937607,5.0,-5.0,0.0,0.0,12.0,0,0.5,0.0,0.0,3.2,3.2,3.2,7.963254451751709,7.963253974914551,7.963254928588867,7.963254928588867,0.30816760659217834,0.3080523610115051,-7.334432125091553,-7.395669937133789,-0.10569644719362259,-0.10569644719362259,0.0,0.0,nan,nan,16.252084732055664,16.252084732055664,32.50416946411133,0.0,5.552639961242676,0.3359174132347107,0.0,0.0,0.0,0.3359174132347107,0.0,5.552639961242676,0.0,0.0,0.0,-0.7884750366210938,1.4019843339920044,5.32516622543335,0.0,0.0,0.0,0.0,5.552639961242676,0.3359174132347107,0.0,0.0,0.0,0.3359174132347107,0.0,5.552639961242676,-0.0,-0.0,-0.0,-0.7884750366210938,-1.4019852876663208,5.32516622543335,0.0,0.0,0.0,2.9802322387695312e-08,5.820766091346741e-11,0.6000000238418579,-3.725290298461914e-08,0.05600002408027649,0.6000000238418579,-4.470348358154297e-08,-0.055999934673309326,0.6000000238418579,-1.5769500732421875,-9.5367431640625e-07,10.6503324508667,0.0,0.0,0.0,4.76837158203125e-07,7.538360478065442e-07,8.195638656616211e-08,15.45125675201416,15.45125675201416,36.83287811279297,36.83287811279297,0.532188355922699,0.532188355922699,0.45561593770980835,0.45561593770980835,0.012195754796266556,0.012195754796266556,0.296124666929245,0.296124666929245,4.699432373046875,4.699432373046875,1.6730680465698242,1.6730680465698242,1.146235466003418,1.146235466003418,0.0,0.0,-0.08367697894573212,-0.08367697894573212,0.3359174132347107,0.3359174132347107,0.5500251054763794,0.5500251054763794,0.03329422324895859,0.03329422324895859,0.31800583004951477,0.31800583004951477,56.898929595947266,56.898929595947266,27.55290412902832,27.55290412902832,39.7210578918457,39.7210578918457,5.944040298461914,5.944040298461914,0.0,0.0,180.0
330,1.375,0.3075292439994224,-8.510502949821895,-124.32146350245407,0.3075292439994224,-8.510502949821895,-124.32146350245407,5.0,-5.0,0.0,0.0,12.0,0,0.5,0.0,0.0,3.2,3.2,3.2,8.510502815246582,8.510501861572266,8.510502815246582,8.510503768920898,0.27311211824417114,0.2729175388813019,-7.254956245422363,-7.343265533447266,-0.112960085272789,-0.112960085272789,0.0,0.0,nan,nan,18.14739990234375,18.14739990234375,36.2947998046875,0.0,5.7365264892578125,0.32125532627105713,0.0,0.0,0.0,0.32125532627105713,0.0,5.7365264892578125,0.0,0.0,0.0,-0.8494693636894226,1.2569851875305176,5.541599750518799,0.0,0.0,0.0,0.0,5.7365264892578125,0.32125532627105713,0.0,0.0,0.0,0.32125532627105713,0.0,5.7365264892578125,-0.0,-0.0,-0.0,-0.8494691252708435,-1.256986141204834,5.541599750518799,0.0,0.0,0.0,2.9802322387695312e-08,5.820766091346741e-11,0.6000000238418579,-7.450580596923828e-09,0.05600005388259888,0.6000000238418579,5.21540641784668e-08,-0.0559999942779541,0.6000000238418579,-1.6989384889602661,-9.5367431640625e-07,11.083199501037598,0.0,0.0,0.0,3.2782554626464844e-07,8.257626404883922e-08,-1.4901161193847656e-08,16.312816619873047,16.312816619873047,38.654823303222656,38.65483093261719,0.5038655400276184,0.5038655400276184,0.46650639176368713,0.46650639176368713,0.029628142714500427,0.029628142714500427,0.3381875455379486,0.3381875455379486,5.137321472167969,5.137321472167969,1.5485601425170898,1.5485601425170898,1.3257648944854736,1.3257648944854736,0.0,0.0,-0.08499044924974442,-0.08499044924974442,0.32125532627105713,0.32125532627105713,0.5500251054763794,0.5500251054763794,0.05181751400232315,0.05181751400232315,0.3289681375026703,0.3289681375026703,60.78380584716797,60.78380584716797,29.83942413330078,29.83942413330078,41.990684509277344,41.990684509277344,5.527864456176758,5.527864456176758,0.0,0.0,180.0
331,1.3791666666666667,0.2710317313040229,-8.998055800907453,-109.56701565391064,0.2710317313040229,-8.998055800907453,-109.56701565391064,5.0,-5.0,0.0,0.0,12.0,0,0.5,0.0,0.0,3.2,3.2,3.2,8.998055458068848,8.998052597045898,8.998054504394531,8.998054504394531,0.23610863089561462,0.23583625257015228,-7.1297831535339355,-7.244651794433594,-0.11943138390779495,-0.11943138390779495,0.0,0.0,nan,nan,20.050453186035156,20.050453186035156,40.10090637207031,0.0,5.930610179901123,0.31744155287742615,0.0,0.0,0.0,0.31744155287742615,0.0,5.930610179901123,0.0,0.0,0.0,-0.901628851890564,1.087500810623169,5.768649101257324,0.0,0.0,0.0,0.0,5.930610179901123,0.31744155287742615,0.0,0.0,0.0,0.31744155287742615,0.0,5.930610179901123,-0.0,-0.0,-0.0,-0.9016287922859192,-1.0875020027160645,5.768649101257324,0.0,0.0,0.0,2.9802322387695312e-08,5.820766091346741e-11,0.6000000238418579,-1.4901161193847656e-08,0.05600002408027649,0.6000000238418579,-3.725290298461914e-08,-0.055999934673309326,0.6000000834465027,-1.803257703781128,-1.1920928955078125e-06,11.537298202514648,0.0,0.0,0.0,5.662441253662109e-07,5.909554943173134e-07,1.0803341865539551e-07,17.054298400878906,17.054298400878906,40.14113998413086,40.14113998413086,0.4897056221961975,0.4897056221961975,0.45715662837028503,0.45715662837028503,0.05313779413700104,0.05313779413700104,0.366405189037323,0.366405189037323,5.560380935668945,5.560380935668945,1.414288878440857,1.414288878440857,1.506323218345642,1.506323218345642,0.0,0.0,-0.08623160421848297,-0.08623160421848297,0.31744155287742615,0.31744155287742615,0.5500251054763794,0.5500251054763794,0.06932736933231354,0.06932736933231354,0.3384420573711395,0.3384420573711395,64.23880767822266,64.23880767822266,31.878976821899414,31.878976821899414,44.01228332519531,44.01228332519531,5.157086372375488,5.157086372375488,0.0,0.0,180.0
332,1.3833333333333333,0.23263312574955444,-9.422493755643837,-94.04403391434656,0.23263312574955444,-9.422493755643837,-94.04403391434656,5.0,-5.0,0.0,0.0,12.0,0,0.5,0.0,0.0,3.2,3.2,3.2,9.422491073608398,9.422492980957031,9.422493934631348,9.422493934631348,0.19744154810905457,0.1970934271812439,-6.955789566040039,-7.096426486968994,-0.12506495416164398,-0.12506495416164398,0.0,0.0,nan,nan,21.795703887939453,21.795703887939453,43.591407775878906,0.0,6.096504211425781,0.3062756657600403,0.0,0.0,0.0,0.3062756657600403,0.0,6.096504211425781,0.0,0.0,0.0,-0.9544613361358643,0.8870238065719604,5.963502407073975,0.0,0.0,0.0,0.0,6.096504211425781,0.3062756657600403,0.0,0.0,0.0,0.3062756657600403,0.0,6.096504211425781,-0.0,-0.0,-0.0,-0.9544614553451538,-0.8870252966880798,5.963501930236816,0.0,0.0,0.0,2.9802322387695312e-08,5.820766091346741e-11,0.6000000238418579,-5.960464477539063e-08,0.05600002408027649,0.6000000238418579,2.9802322387695312e-08,-0.055999964475631714,0.6000000834465027,-1.908922791481018,-1.4901161193847656e-06,11.927003860473633,0.0,0.0,0.0,4.172325134277344e-07,4.7628830657231447e-07,-2.60770320892334e-08,17.679561614990234,17.6795597076416,41.337974548339844,41.33796691894531,0.47554877400398254,0.47554877400398254,0.44282615184783936,0.44282615184783936,0.08162510395050049,0.08162510395050049,0.3946942090988159,0.3946942090988159,5.962506294250488,5.962506294250488,1.2712492942810059,1.2712492942810059,1.6831891536712646,1.6831891536712646,0.0,0.0,-0.08736775070428848,-0.08736775070428848,0.3062756657600403,0.3062756657600403,0.5500251054763794,0.5500251054763794,0.0857107862830162,0.0857107862830162,0.3463709354400635,0.3463709354400635,67.24253845214844,67.24253845214844,33.65888214111328,33.65888214111328,45.7733039855957,45.7733039855957,4.834306240081787,4.834306240081787,0.0,0.0,180.0
333,1.3875,0.19260276596462472,-9.780839686736785,-77.86140084741913,0.19260276596462472,-9.780839686736785,-77.86140084741913,5.0,-5.0,0.0,0.0,12.0,0,0.5,0.0,0.0,3.2,3.2,3.2,9.780838966369629,9.780838966369629,9.780840873718262,9.780840873718262,0.1573616862297058,0.15694047510623932,-6.7374701499938965,-6.902985572814941,-0.1298212856054306,-0.1298212856054306,0.0,0.0,nan,nan,23.434749603271484,23.434749603271484,46.86949920654297,0.0,6.263230323791504,0.3109843134880066,0.0,0.0,0.0,0.3109843134880066,0.0,6.263230323791504,0.0,0.0,0.0,-0.9907011985778809,0.6625684499740601,6.156644821166992,0.0,0.0,0.0,0.0,6.263230323791504,0.3109843134880066,0.0,0.0,0.0,0.3109843134880066,0.0,6.263230323791504,-0.0,-0.0,-0.0,-0.9907010793685913,-0.6625697612762451,6.156644821166992,0.0,0.0,0.0,2.9802322387695312e-08,5.820766091346741e-11,0.6000000238418579,-5.960464477539063e-08,0.05600005388259888,0.6000000238418579,-2.9802322387695312e-08,-0.055999934673309326,0.6000000238418579,-1.9814022779464722,-1.3113021850585938e-06,12.313289642333984,0.0,0.0,0.0,7.152557373046875e-07,9.174115689347673e-07,1.0803341865539551e-07,18.19452476501465,18.19452667236328,42.283695220947266,42.283695220947266,0.44665592908859253,0.44665592908859253,0.4504525065422058,0.4504525065422058,0.10289160162210464,0.10289160162210464,0.4088520109653473,0.4088520109653473,6.337667465209961,6.337667465209961,1.1204257011413574,1.1204257011413574,1.8514717817306519,1.8514717817306519,0.0,0.0,-0.08836811780929565,-0.08836811780929565,0.3109843134880066,0.3109843134880066,0.5500251054763794,0.5500251054763794,0.10086392611265182,0.10086392611265182,0.3527103066444397,0.3527103066444397,69.77674102783203,69.77674102783203,35.168296813964844,35.168296813964844,47.263031005859375,47.263031005859375,4.561788558959961,4.561788558959961,0.0,0.0,180.0
334,1.3916666666666666,0.15122143616134784,-10.07058005495091,-61.132625996885686,0.15122143616134784,-10.07058005495091,-61.132625996885686,5.0,-5.0,0.0,0.0,12.0,0,0.5,0.0,0.0,3.2,3.2,3.2,10.070581436157227,10.070579528808594,10.07058048248291,10.07058048248291,0.11617493629455566,0.11568352580070496,-6.472394943237305,-6.661638259887695,-0.1336670219898224,-0.1336670219898224,0.0,0.0,nan,nan,24.802902221679688,24.802902221679688,49.605804443359375,0.0,6.392971992492676,0.31104379892349243,0.0,0.0,0.0,0.31104379892349243,0.0,6.392971992492676,0.0,0.0,0.0,-1.0221521854400635,0.4127238392829895,6.304894924163818,0.0,0.0,0.0,0.0,6.392971992492676,0.31104379892349243,0.0,0.0,0.0,0.31104379892349243,0.0,6.392971992492676,-0.0,-0.0,-0.0,-1.0221519470214844,-0.412725031375885,6.304894924163818,0.0,0.0,0.0,2.9802322387695312e-08,5.820766091346741e-11,0.6000000238418579,0.0,0.05600002408027649,0.6000000238418579,-4.470348358154297e-08,-0.055999934673309326,0.6000000238418579,-2.044304132461548,-1.1920928955078125e-06,12.609789848327637,0.0,0.0,0.0,5.662441253662109e-07,6.576518103429407e-07,1.2293457984924316e-07,18.606306076049805,18.606307983398438,43.00917053222656,43.00917053222656,0.43250685930252075,0.43250685930252075,0.45338597893714905,0.45338597893714905,0.11410718411207199,0.11410718411207199,0.42301318049430847,0.42301318049430847,6.68010950088501,6.68010950088501,0.9627858996391296,0.9627858996391296,2.0063235759735107,2.0063235759735107,0.0,0.0,-0.08920497447252274,-0.08920497447252274,0.31104379892349243,0.31104379892349243,0.5500251054763794,0.5500251054763794,0.11469244211912155,0.11469244211912155,0.35742756724357605,0.35742756724357605,71.82636260986328,71.82636260986328,36.39822006225586,36.39822006225586,48.47260284423828,48.47260284423828,4.34144401550293,4.34144401550293,0.0,0.0,180.0
335,1.3958333333333333,0.10877939663585284,-10.289682539781326,-43.975049698715985,0.10877939663585284,-10.289682539781326,-43.975049698715985,5.0,-5.0,0.0,0.0,12.0,0,0.5,0.0,0.0,3.2,3.2,3.2,10.289682388305664,10.289680480957031,10.289682388305664,10.289682388305664,0.07414934784173965,0.0735914409160614,-6.165760040283203,-6.377477169036865,-0.13657516241073608,-0.13657516241073608,0.0,0.0,nan,nan,25.95825958251953,25.95825958251953,51.91651916503906,0.0,6.515475273132324,0.3310202956199646,0.0,0.0,0.0,0.3310202956199646,0.0,6.515475273132324,0.0,0.0,0.0,-1.0305219888687134,0.14438533782958984,6.440354824066162,0.0,0.0,0.0,0.0,6.515475273132324,0.3310202956199646,0.0,0.0,0.0,0.3310202956199646,0.0,6.515475273132324,-0.0,-0.0,-0.0,-1.0305218696594238,-0.14438670873641968,6.440354824066162,0.0,0.0,0.0,2.9802322387695312e-08,5.820766091346741e-11,0.6000000238418579,-8.195638656616211e-08,0.05600002408027649,0.6000000238418579,1.4901161193847656e-08,-0.055999934673309326,0.6000000238418579,-2.0610437393188477,-1.3709068298339844e-06,12.880709648132324,0.0,0.0,0.0,5.662441253662109e-07,8.15734495063225e-07,8.940696716308594e-08,18.923763275146484,18.923763275146484,43.53828048706055,43.53828048706055,0.4183611571788788,0.4183611571788788,0.45596975088119507,0.45596975088119507,0.12566909193992615,0.12566909193992615,0.42301318049430847,0.42301318049430847,6.9845290184021,6.9845290184021,0.79928058385849,0.79928058385849,2.14315128326416,2.14315128326416,0.0,0.0,-0.08985468745231628,-0.08985468745231628,0.3310202956199646,0.3310202956199646,0.5500251054763794,0.5500251054763794,0.12711112201213837,0.12711112201213837,0.3605014681816101,0.3605014681816101,73.3794174194336,73.3794174194336,37.34144973754883,37.34144973754883,49.394954681396484,49.394954681396484,4.1748199462890625,4.1748199462890625,0.0,0.0,180.0
336,1.4,0.06557434780084602,-10.436610294721884,-26.509020022939406,0.06557434780084602,-10.436610294721884,-26.509020022939406,5.0,-5.0,0.0,0.0,12.0,0,0.5,0.0,0.0,3.2,3.2,3.2,10.436609268188477,10.436607360839844,10.436609268188477,10.436610221862793,0.03162653371691704,0.031005842611193657,-5.812209606170654,-6.044843673706055,-0.1385253518819809,-0.1385253518819809,0.0,0.0,nan,nan,26.64267921447754,26.64267921447754,53.28535842895508,0.0,6.5606560707092285,0.3228163719177246,0.0,0.0,0.0,0.3228163719177246,0.0,6.5606560707092285,0.0,0.0,0.0,-1.0479708909988403,-0.13804365694522858,6.482986927032471,0.0,0.0,0.0,0.0,6.5606560707092285,0.3228163719177246,0.0,0.0,0.0,0.3228163719177246,0.0,6.5606560707092285,-0.0,-0.0,-0.0,-1.0479707717895508,0.13804227113723755,6.482986927032471,0.0,0.0,0.0,2.9802322387695312e-08,5.820766091346741e-11,0.6000000238418579,0.0,0.05600002408027649,0.6000000238418579,-1.341104507446289e-07,-0.055999934673309326,0.6000000238418579,-2.0959415435791016,-1.385807991027832e-06,12.965973854064941,0.0,0.0,0.0,5.662441253662109e-07,1.255852453141415e-06,8.195638656616211e-08,19.159120559692383,19.159122467041016,43.888465881347656,43.88846969604492,0.4183611571788788,0.4183611571788788,0.44409045577049255,0.44409045577049255,0.13754841685295105,0.13754841685295105,0.43717479705810547,0.43717479705810547,7.246242523193359,7.246242523193359,0.6308459043502808,0.6308459043502808,2.257823944091797,2.257823944091797,0.0,0.0,-0.090298593044281,-0.090298593044281,0.3228163719177246,0.3228163719177246,0.5500251054763794,0.5500251054763794,0.13804394006729126,0.13804394006729126,0.3619214594364166,0.3619214594364166,74.4269790649414,74.4269790649414,37.992549896240234,37.992549896240234,50.02479934692383,50.02479934692383,4.063082218170166,4.063082218170166,0.0,0.0,180.0
337,1.4041666666666666,0.021909342031118318,-10.510332727139124,-8.85704861840578,0.021909342031118318,-10.510332727139124,-8.85704861840578,5.0,-5.0,0.0,0.0,12.0,0,0.5,0.0,0.0,3.2,3.2,3.2,10.510330200195312,10.510333061218262,10.510333061218262,10.510333061218262,-0.011139171198010445,-0.011818110942840576,-5.421266555786133,-5.673248291015625,-0.1395038664340973,-0.1395038664340973,0.0,0.0,nan,nan,27.04131317138672,27.04131317138672,54.08262634277344,0.0,6.59307861328125,0.33616775274276733,0.0,0.0,0.0,0.33616775274276733,0.0,6.59307861328125,0.0,0.0,0.0,-1.039085030555725,-0.4263283312320709,6.505400657653809,0.0,0.0,0.0,0.0,6.59307861328125,0.33616775274276733,0.0,0.0,0.0,0.33616775274276733,0.0,6.59307861328125,-0.0,-0.0,-0.0,-1.0390855073928833,0.42632684111595154,6.505400657653809,0.0,0.0,0.0,2.9802322387695312e-08,5.820766091346741e-11,0.6000000238418579,-8.940696716308594e-08,0.05600002408027649,0.6000000238418579,1.1175870895385742e-07,-0.055999964475631714,0.6000000238418579,-2.0781705379486084,-1.4901161193847656e-06,13.010801315307617,0.0,0.0,0.0,3.8743019104003906e-07,2.423450382593728e-07,1.2293457984924316e-07,19.315876007080078,19.315874099731445,44.071250915527344,44.071250915527344,0.4183611571788788,0.4183611571788788,0.44409045577049255,0.44409045577049255,0.13754841685295105,0.13754841685295105,0.43717479705810547,0.43717479705810547,7.461321830749512,7.461321830749512,0.4584101438522339,0.4584101438522339,2.346858024597168,2.346858024597168,0.0,0.0,-0.09052383154630661,-0.09052383154630661,0.33616775274276733,0.33616775274276733,0.5500251054763794,0.5500251054763794,0.14742381870746613,0.14742381870746613,0.3616873323917389,0.3616873323917389,74.96306610107422,74.96306610107422,38.347808837890625,38.347808837890625,50.35858154296875,50.35858154296875,4.007017612457275,4.007017612457275,0.0,0.0,180.0
338,1.4083333333333332,-0.021909342031115307,-10.510332727139128,8.857048618404564,-0.021909342031115307,-10.510332727139128,8.857048618404564,5.0,-5.0,0.0,0.0,12.0,0,0.5,0.0,0.0,3.2,3.2,3.2,10.510331153869629,10.510333061218262,10.510333061218262,10.510333061218262,-0.053846850991249084,-0.05457914248108864,-4.995519638061523,-5.265151023864746,-0.1395038664340973,-0.1395038664340973,0.0,0.0,nan,nan,27.134788513183594,27.134788513183594,54.26957702636719,0.0,6.611141204833984,0.37391239404678345,0.0,0.0,0.0,0.37391239404678345,0.0,6.611141204833984,0.0,0.0,0.0,-1.00070321559906,-0.7160748243331909,6.506368160247803,0.0,0.0,0.0,0.0,6.611141204833984,0.37391239404678345,0.0,0.0,0.0,0.37391239404678345,0.0,6.611141204833984,-0.0,-0.0,-0.0,-1.0007034540176392,0.7160735726356506,6.506368160247803,0.0,0.0,0.0,2.9802322387695312e-08,5.820766091346741e-11,0.6000000238418579,-4.470348358154297e-08,0.05600002408027649,0.6000000238418579,5.960464477539063e-08,-0.055999964475631714,0.6000000238418579,-2.001406669616699,-1.2516975402832031e-06,13.012736320495605,0.0,0.0,0.0,3.8743019104003906e-07,2.908573151216842e-07,1.1920928955078125e-07,19.38606071472168,19.38606071472168,44.092491149902344,44.092491149902344,0.4183611571788788,0.4183611571788788,0.44409045577049255,0.44409045577049255,0.13754841685295105,0.13754841685295105,0.42301318049430847,0.42301318049430847,7.626713752746582,7.626713752746582,0.282903254032135,0.282903254032135,2.40757417678833,2.40757417678833,0.0,0.0,-0.09052383154630661,-0.09052383154630661,0.37391239404678345,0.37391239404678345,0.5500251054763794,0.5500251054763794,0.15519241988658905,0.15519241988658905,0.3598079979419708,0.3598079979419708,74.984619140625,74.984619140625,38.405189514160156,38.405189514160156,50.39441680908203,50.39441680908203,4.007017612457275,4.007017612457275,0.0,0.0,180.0
339,1.4125,-0.06557434780084488,-10.436610294721888,26.50902002293895,-0.06557434780084488,-10.436610294721888,26.50902002293895,5.0,-5.0,0.0,0.0,12.0,0,0.5,0.0,0.0,3.2,3.2,3.2,10.436607360839844,10.436606407165527,10.436609268188477,10.436609268188477,-0.0961511954665184,-0.09693190455436707,-4.530622482299805,-4.815932750701904,-0.1385253518819809,-0.1385253518819809,0.0,0.0,nan,nan,26.705408096313477,26.705408096313477,53.41081619262695,0.0,6.547080039978027,0.3814905285835266,0.0,0.0,0.0,0.3814905285835266,0.0,6.547080039978027,0.0,0.0,0.0,-0.9723239541053772,-0.9925692677497864,6.409304618835449,0.0,0.0,0.0,0.0,6.547080039978027,0.3814905285835266,0.0,0.0,0.0,0.3814905285835266,0.0,6.547080039978027,-0.0,-0.0,-0.0,-0.9723240733146667,0.9925678968429565,6.409304618835449,0.0,0.0,0.0,2.9802322387695312e-08,5.820766091346741e-11,0.6000000238418579,-7.450580596923828e-08,0.05600005388259888,0.6000000238418579,-1.1920928955078125e-07,-0.055999934673309326,0.6000000238418579,-1.944648027420044,-1.3709068298339844e-06,12.818609237670898,0.0,0.0,0.0,7.748603820800781e-07,1.6236033388850046e-06,6.705522537231445e-08,19.36542510986328,19.365421295166016,43.95269012451172,43.95268630981445,0.4183611571788788,0.4183611571788788,0.44409045577049255,0.44409045577049255,0.13754841685295105,0.13754841685295105,0.42301318049430847,0.42301318049430847,7.74031925201416,7.74031925201416,0.1052677258849144,0.1052677258849144,2.438213586807251,2.438213586807251,0.0,0.0,-0.090298593044281,-0.090298593044281,0.3814905285835266,0.3814905285835266,0.5500251054763794,0.5500251054763794,0.16130024194717407,0.16130024194717407,0.35630175471305847,0.35630175471305847,74.49149322509766,74.49149322509766,38.164363861083984,38.164363861083984,50.132110595703125,50.132110595703125,4.063082218170166,4.063082218170166,0.0,0.0,180.0
340,1.4166666666666667,-0.10877939663585172,-10.28968253978133,43.97504969871552,-0.10877939663585172,-10.28968253978133,43.97504969871552,5.0,-5.0,0.0,0.0,12.0,0,0.5,0.0,0.0,3.2,3.2,3.2,10.289682388305664,10.289679527282715,10.289682388305664,10.289682388305664,-0.13780046999454498,-0.1386239379644394,-4.037047386169434,-4.336092472076416,-0.13657516241073608,-0.13657516241073608,0.0,0.0,nan,nan,25.975873947143555,25.975873947143555,51.95174789428711,0.0,6.467865943908691,0.4148210883140564,0.0,0.0,0.0,0.4148210883140564,0.0,6.467865943908691,0.0,0.0,0.0,-0.9133970141410828,-1.2557722330093384,6.292385101318359,0.0,0.0,0.0,0.0,6.467865943908691,0.4148210883140564,0.0,0.0,0.0,0.4148210883140564,0.0,6.467865943908691,-0.0,-0.0,-0.0,-0.9133968949317932,1.2557708024978638,6.292385101318359,0.0,0.0,0.0,2.9802322387695312e-08,5.820766091346741e-11,0.6000000238418579,0.0,0.05600002408027649,0.6000000834465027,-8.940696716308594e-08,-0.05599990487098694,0.6000000238418579,-1.826793909072876,-1.430511474609375e-06,12.584770202636719,0.0,0.0,0.0,8.046627044677734e-07,8.831957529764622e-07,3.725290298461914e-09,19.250272750854492,19.250272750854492,43.646888732910156,43.646888732910156,0.4183611571788788,0.4183611571788788,0.45596975088119507,0.45596975088119507,0.12566909193992615,0.12566909193992615,0.4088520109653473,0.4088520109653473,7.80104923248291,7.80104923248291,-0.07353001832962036,-0.07353001832962036,2.4380125999450684,2.4380125999450684,0.0,0.0,-0.08985468745231628,-0.08985468745231628,0.4148210883140564,0.4148210883140564,0.5500251054763794,0.5500251054763794,0.1657065749168396,0.1657065749168396,0.3511953055858612,0.3511953055858612,73.4864273071289,73.4864273071289,37.62666320800781,37.62666320800781,49.573158264160156,49.573158264160156,4.1748199462890625,4.1748199462890625,0.0,0.0,180.0
341,1.4208333333333334,-0.15122143616134673,-10.070580054950915,61.132625996885245,-0.15122143616134673,-10.070580054950915,61.132625996885245,5.0,-5.0,0.0,0.0,12.0,0,0.5,0.0,0.0,3.2,3.2,3.2,10.070578575134277,10.070581436157227,10.070581436157227,10.070581436157227,-0.1784578114748001,-0.17931848764419556,-3.511092185974121,-3.821690320968628,-0.1336670219898224,-0.1336670219898224,0.0,0.0,nan,nan,24.762571334838867,24.762571334838867,49.525142669677734,0.0,6.307977199554443,0.4147847294807434,0.0,0.0,0.0,0.4147847294807434,0.0,6.307977199554443,0.0,0.0,0.0,-0.8688599467277527,-1.4861743450164795,6.082679748535156,0.0,0.0,0.0,0.0,6.307977199554443,0.4147847294807434,0.0,0.0,0.0,0.4147847294807434,0.0,6.307977199554443,-0.0,-0.0,-0.0,-0.8688603639602661,1.486173152923584,6.0826802253723145,0.0,0.0,0.0,2.9802322387695312e-08,5.820766091346741e-11,0.6000000238418579,-1.043081283569336e-07,0.055999964475631714,0.6000000238418579,-2.9802322387695312e-08,-0.055999934673309326,0.6000000238418579,-1.737720251083374,-1.1920928955078125e-06,12.165359497070312,0.0,0.0,0.0,1.4901161193847656e-07,1.1783068885051762e-06,1.1175870895385742e-07,19.03638458251953,19.0363826751709,43.16464614868164,43.16463851928711,0.4183611571788788,0.4183611571788788,0.467531681060791,0.467531681060791,0.11410718411207199,0.11410718411207199,0.4088520109653473,0.4088520109653473,7.808837890625,7.808837890625,-0.25248903036117554,-0.25248903036117554,2.4072256088256836,2.4072256088256836,0.0,0.0,-0.08920497447252274,-0.08920497447252274,0.4147847294807434,0.4147847294807434,0.5500251054763794,0.5500251054763794,0.16837964951992035,0.16837964951992035,0.3445235788822174,0.3445235788822174,71.97512817382812,71.97512817382812,36.795127868652344,36.795127868652344,48.72074890136719,48.72074890136719,4.34144401550293,4.34144401550293,0.0,0.0,180.0
342,1.425,-0.19260276596462367,-9.780839686736794,77.86140084741871,-0.19260276596462367,-9.780839686736794,77.86140084741871,5.0,-5.0,0.0,0.0,12.0,0,0.5,0.0,0.0,3.2,3.2,3.2,9.780838966369629,9.780837059020996,9.780839920043945,9.780839920043945,-0.21788321435451508,-0.2187749147415161,-2.963686943054199,-3.2837302684783936,-0.1298212856054306,-0.1298212856054306,0.0,0.0,nan,nan,23.308979034423828,23.308979034423828,46.617958068847656,0.0,6.135438919067383,0.44081294536590576,0.0,0.0,0.0,0.44081294536590576,0.0,6.135438919067383,0.0,0.0,0.0,-0.7950432896614075,-1.6909619569778442,5.860587120056152,0.0,0.0,0.0,0.0,6.135438919067383,0.44081294536590576,0.0,0.0,0.0,0.44081294536590576,0.0,6.135438919067383,-0.0,-0.0,-0.0,-0.7950432300567627,1.6909606456756592,5.8605875968933105,0.0,0.0,0.0,2.9802322387695312e-08,5.820766091346741e-11,0.6000000238418579,-5.960464477539063e-08,0.05600005388259888,0.6000000238418579,-4.470348358154297e-08,-0.055999934673309326,0.6000000238418579,-1.5900864601135254,-1.3113021850585938e-06,11.721174240112305,0.0,0.0,0.0,6.556510925292969e-07,9.606251296645496e-07,1.2665987014770508e-07,18.718904495239258,18.718902587890625,42.48963928222656,42.48963928222656,0.44724681973457336,0.44724681973457336,0.44986164569854736,0.44986164569854736,0.10289160162210464,0.10289160162210464,0.3946942090988159,0.3946942090988159,7.7646307945251465,7.7646307945251465,-0.4305647313594818,-0.4305647313594818,2.347101926803589,2.347101926803589,0.0,0.0,-0.08836811780929565,-0.08836811780929565,0.44081294536590576,0.44081294536590576,0.5500251054763794,0.5500251054763794,0.16929684579372406,0.16929684579372406,0.33632954955101013,0.33632954955101013,69.96620178222656,69.96620178222656,35.67448806762695,35.67448806762695,47.57975387573242,47.57975387573242,4.561788558959961,4.561788558959961,0.0,0.0,180.0
343,1.4291666666666667,-0.23263312574955344,-9.422493755643847,94.04403391434614,-0.23263312574955344,-9.422493755643847,94.04403391434614,5.0,-5.0,0.0,0.0,12.0,0,0.5,0.0,0.0,3.2,3.2,3.2,9.422494888305664,9.422491073608398,9.422493934631348,9.422493934631348,-0.2558003067970276,-0.25671660900115967,-2.3986968994140625,-2.7260031700134277,-0.12506495416164398,-0.12506495416164398,0.0,0.0,nan,nan,21.65645980834961,21.65645980834961,43.31291961669922,0.0,5.951742172241211,0.4944838583469391,0.0,0.0,0.0,0.4944838583469391,0.0,5.951742172241211,0.0,0.0,0.0,-0.6912305355072021,-1.8679810762405396,5.63032865524292,0.0,0.0,0.0,0.0,5.951742172241211,0.4944838583469391,0.0,0.0,0.0,0.4944838583469391,0.0,5.951742172241211,-0.0,-0.0,-0.0,-0.6912302374839783,1.8679792881011963,5.630329132080078,0.0,0.0,0.0,2.9802322387695312e-08,5.820766091346741e-11,0.6000000238418579,-7.450580596923828e-08,0.05600002408027649,0.6000000238418579,-7.450580596923828e-08,-0.055999934673309326,0.6000000238418579,-1.3824608325958252,-1.7881393432617188e-06,11.260658264160156,0.0,0.0,0.0,4.76837158203125e-07,1.1745780739147449e-06,7.82310962677002e-08,18.29248809814453,18.29248809814453,41.59932327270508,41.599327087402344,0.46139582991600037,0.46139582991600037,0.45697909593582153,0.45697909593582153,0.08162510395050049,0.08162510395050049,0.366405189037323,0.366405189037323,7.670340538024902,7.670340538024902,-0.6066631078720093,-0.6066631078720093,2.2598178386688232,2.2598178386688232,0.0,0.0,-0.08736775070428848,-0.08736775070428848,0.4944838583469391,0.4944838583469391,0.5500251054763794,0.5500251054763794,0.16844533383846283,0.16844533383846283,0.3266642093658447,0.3266642093658447,67.47138214111328,67.47138214111328,34.27127456665039,34.27127456665039,46.15685272216797,46.15685272216797,4.834306240081787,4.834306240081787,0.0,0.0,180.0
344,1.4333333333333333,-0.2710317313040219,-8.998055800907464,109.56701565391025,-0.2710317313040219,-8.998055800907464,109.56701565391025,5.0,-5.0,0.0,0.0,12.0,0,0.5,0.0,0.0,3.2,3.2,3.2,8.998055458068848,8.998054504394531,8.998055458068848,8.998055458068848,-0.2919009327888489,-0.2928355932235718,-1.8133223056793213,-2.145521402359009,-0.11943138390779495,-0.11943138390779495,0.0,0.0,nan,nan,19.671497344970703,19.671497344970703,39.342994689941406,0.0,5.695868492126465,0.5109235644340515,0.0,0.0,0.0,0.5109235644340515,0.0,5.695868492126465,0.0,0.0,0.0,-0.6095415949821472,-1.9939682483673096,5.325082778930664,0.0,0.0,0.0,0.0,5.695868492126465,0.5109235644340515,0.0,0.0,0.0,0.5109235644340515,0.0,5.695868492126465,-0.0,-0.0,-0.0,-0.6095418334007263,1.9939674139022827,5.3250837326049805,0.0,0.0,0.0,2.9802322387695312e-08,5.820766091346741e-11,0.6000000238418579,0.0,0.05600005388259888,0.6000000834465027,2.9802322387695312e-08,-0.055999934673309326,0.6000000238418579,-1.2190834283828735,-8.344650268554688e-07,10.650166511535645,0.0,0.0,0.0,7.152557373046875e-07,1.223683199214065e-07,1.1920928955078125e-07,17.751686096191406,17.751686096191406,40.464385986328125,40.464385986328125,0.47554877400398254,0.47554877400398254,0.4623199999332428,0.4623199999332428,0.06213124841451645,0.06213124841451645,0.35228419303894043,0.35228419303894043,7.5287628173828125,7.5287628173828125,-0.7796391248703003,-0.7796391248703003,2.148360252380371,2.148360252380371,0.0,0.0,-0.08623160421848297,-0.08623160421848297,0.5109235644340515,0.5109235644340515,0.5500251054763794,0.5500251054763794,0.16582222282886505,0.16582222282886505,0.31558656692504883,0.31558656692504883,64.50542449951172,64.50542449951172,32.593753814697266,32.593753814697266,44.46044921875,44.46044921875,5.157086372375488,5.157086372375488,0.0,0.0,180.0
345,1.4375,-0.3075292439994215,-8.510502949821907,124.32146350245368,-0.3075292439994215,-8.510502949821907,124.32146350245368,5.0,-5.0,0.0,0.0,12.0,0,0.5,0.0,0.0,3.2,3.2,3.2,8.51050090789795,8.510502815246582,8.510502815246582,8.510502815246582,-0.3259761333465576,-0.32692238688468933,-1.2187550067901611,-1.5535856485366821,-0.112960085272789,-0.112960085272789,0.0,0.0,nan,nan,17.60468864440918,17.60468864440918,35.20937728881836,0.0,5.435044765472412,0.5536211133003235,0.0,0.0,0.0,0.5536211133003235,0.0,5.435044765472412,0.0,0.0,0.0,-0.5018406510353088,-2.0871670246124268,5.0237531661987305,0.0,0.0,0.0,0.0,5.435044765472412,0.5536211133003235,0.0,0.0,0.0,0.5536211133003235,0.0,5.435044765472412,-0.0,-0.0,-0.0,-0.5018408298492432,2.0871660709381104,5.023754119873047,0.0,0.0,0.0,2.9802322387695312e-08,5.820766091346741e-11,0.6000000238418579,-1.4901161193847656e-08,0.05600002408027649,0.6000000238418579,-2.9802322387695312e-08,-0.055999964475631714,0.6000000238418579,-1.0036814212799072,-9.5367431640625e-07,10.047507286071777,0.0,0.0,0.0,2.384185791015625e-07,5.240183327259729e-07,-1.1175870895385742e-08,17.091583251953125,17.091581344604492,39.048309326171875,39.048309326171875,0.4897056221961975,0.4897056221961975,0.4734485149383545,0.4734485149383545,0.036845918744802475,0.036845918744802475,0.32412275671958923,0.32412275671958923,7.343477249145508,7.343477249145508,-0.948298454284668,-0.948298454284668,2.016382932662964,2.016382932662964,0.0,0.0,-0.08499044924974442,-0.08499044924974442,0.5536211133003235,0.5536211133003235,0.5500251054763794,0.5500251054763794,0.16143545508384705,0.16143545508384705,0.30316388607025146,0.30316388607025146,61.08632278442383,61.08632278442383,30.652069091796875,30.652069091796875,42.50080871582031,42.50080871582031,5.527864456176758,5.527864456176758,0.0,0.0,180.0
346,1.4416666666666667,-0.3418696600076221,-7.963255035331286,138.20388560937573,-0.3418696600076221,-7.963255035331286,138.20388560937573,5.0,-5.0,0.0,0.0,12.0,0,0.5,0.0,0.0,3.2,3.2,3.2,7.963253498077393,7.963254928588867,7.963255405426025,7.963255405426025,-0.35776686668395996,-0.35871806740760803,-0.6159710884094238,-0.9510952234268188,-0.10569644719362259,-0.10569644719362259,0.0,0.0,nan,nan,15.429966926574707,15.429966926574707,30.859933853149414,0.0,5.141781806945801,0.5882567167282104,0.0,0.0,0.0,0.5882567167282104,0.0,5.141781806945801,0.0,0.0,0.0,-0.3969871997833252,-2.1363842487335205,4.697044849395752,0.0,0.0,0.0,0.0,5.141781806945801,0.5882567167282104,0.0,0.0,0.0,0.5882567167282104,0.0,5.141781806945801,-0.0,-0.0,-0.0,-0.3969876766204834,2.136383533477783,4.69704532623291,0.0,0.0,0.0,2.9802322387695312e-08,5.820766091346741e-11,0.6000000238418579,-7.450580596923828e-08,0.05600002408027649,0.6000000238418579,4.470348358154297e-08,-0.0559999942779541,0.6000000238418579,-0.7939748764038086,-7.152557373046875e-07,9.39409065246582,0.0,0.0,0.0,8.940696716308594e-08,4.1994854882432264e-07,2.4028122425079346e-07,16.308868408203125,16.30886459350586,37.30712127685547,37.30712127685547,0.518027126789093,0.518027126789093,0.46471449732780457,0.46471449732780457,0.017258400097489357,0.017258400097489357,0.296124666929245,0.296124666929245,7.118704795837402,7.118704795837402,-1.1114047765731812,-1.1114047765731812,1.8680243492126465,1.8680243492126465,0.0,0.0,-0.08367697894573212,-0.08367697894573212,0.5882567167282104,0.5882567167282104,0.5500251054763794,0.5500251054763794,0.1553042083978653,0.1553042083978653,0.28947165608406067,0.28947165608406067,57.23523712158203,57.23523712158203,28.458202362060547,28.458202362060547,40.2900505065918,40.2900505065918,5.944040298461914,5.944040298461914,0.0,0.0,180.0
347,1.4458333333333333,-0.37381210598388237,-7.360150608358639,151.1169067581033,-0.37381210598388237,-7.360150608358639,151.1169067581033,5.0,-5.0,0.0,0.0,12.0,0,0.5,0.0,0.0,3.2,3.2,3.2,7.360151290893555,7.360148906707764,7.3601508140563965,7.3601508140563965,-0.3870713412761688,-0.38802066445350647,-0.012581586837768555,-0.34572112560272217,-0.09769143164157867,-0.09769143164157867,0.0,0.0,nan,nan,13.290740013122559,13.290740013122559,26.581480026245117,0.0,4.849392890930176,0.6459274291992188,0.0,0.0,0.0,0.6459274291992188,0.0,4.849392890930176,0.0,0.0,0.0,-0.27143508195877075,-2.1547422409057617,4.383747577667236,0.0,0.0,0.0,0.0,4.849392890930176,0.6459274291992188,0.0,0.0,0.0,0.6459274291992188,0.0,4.849392890930176,-0.0,-0.0,-0.0,-0.27143508195877075,2.1547415256500244,4.3837480545043945,0.0,0.0,0.0,2.9802322387695312e-08,5.820766091346741e-11,0.6000000238418579,-4.470348358154297e-08,0.05600005388259888,0.6000000238418579,-1.4901161193847656e-08,-0.05599990487098694,0.6000000238418579,-0.5428701639175415,-7.152557373046875e-07,8.767496109008789,0.0,0.0,0.0,6.258487701416016e-07,5.225834343036695e-07,1.0523945093154907e-07,15.403518676757812,15.403512954711914,35.189964294433594,35.189964294433594,0.5610860586166382,0.5610860586166382,0.4383901059627533,0.4383901059627533,0.0005239031161181629,0.0005239031161181629,0.2546203136444092,0.2546203136444092,6.859159469604492,6.859159469604492,-1.2676914930343628,-1.2676914930343628,1.7077196836471558,1.7077196836471558,0.0,0.0,-0.08232466876506805,-0.08232466876506805,0.6459274291992188,0.6459274291992188,0.5500251054763794,0.5500251054763794,0.1474594920873642,0.1474594920873642,0.27459391951560974,0.27459391951560974,52.97660446166992,52.97660446166992,26.026016235351562,26.026016235351562,37.84215545654297,37.84215545654297,6.402693748474121,6.402693748474121,0.0,0.0,180.0
348,1.45,-0.4031325286202921,-6.705420013129298,162.96995138327003,-0.4031325286202921,-6.705420013129298,162.96995138327003,5.0,-5.0,0.0,0.0,12.0,0,0.5,0.0,0.0,3.2,3.2,3.2,6.705420017242432,6.70542049407959,6.70542049407959,6.70542049407959,-0.413665235042572,-0.4146060347557068,0.5901787877082825,0.2613442540168762,-0.08900117874145508,-0.08900117874145508,0.0,0.0,nan,nan,11.16700553894043,11.16700553894043,22.33401107788086,0.0,4.532406330108643,0.6893078088760376,0.0,0.0,0.0,0.6893078088760376,0.0,4.532406330108643,0.0,0.0,0.0,-0.15732260048389435,-2.1320672035217285,4.055538177490234,0.0,0.0,0.0,0.0,4.532406330108643,0.6893078088760376,0.0,0.0,0.0,0.6893078088760376,0.0,4.532406330108643,-0.0,-0.0,-0.0,-0.15732260048389435,2.132066249847412,4.055538654327393,0.0,0.0,0.0,2.9802322387695312e-08,5.820766091346741e-11,0.6000000238418579,-4.470348358154297e-08,0.05600005388259888,0.6000000238418579,7.450580596923828e-08,-0.0559999942779541,0.6000000238418579,-0.3146452009677887,-9.5367431640625e-07,8.111076354980469,0.0,0.0,0.0,2.086162567138672e-07,1.2086442779946083e-07,2.635642886161804e-07,14.381449699401855,14.381446838378906,32.64098358154297,32.64098358154297,0.6034961342811584,0.6034961342811584,0.3965039849281311,0.3965039849281311,0.0,0.0,0.21403278410434723,0.21403278410434723,6.56987190246582,6.56987190246582,-1.4158787727355957,-1.4158787727355957,1.5399997234344482,1.5399997234344482,0.0,0.0,-0.0809667780995369,-0.0809667780995369,0.6893078088760376,0.6893078088760376,0.5500251054763794,0.5500251054763794,0.1379447877407074,0.1379447877407074,0.25862351059913635,0.25862351059913635,48.338077545166016,48.338077545166016,23.371244430541992,23.371244430541992,35.1729621887207,35.1729621887207,6.900608539581299,6.900608539581299,0.0,0.0,180.0
349,1.4541666666666666,-0.4296252662187538,-6.003655714345459,173.6798788932321,-0.4296252662187538,-6.003655714345459,173.6798788932321,5.0,-5.0,0.0,0.0,12.0,0,0.5,0.0,0.0,3.2,3.2,3.2,6.0036540031433105,6.003655433654785,6.003655910491943,6.003655910491943,-0.4373640716075897,-0.4382895529270172,1.1877635717391968,0.8655243515968323,-0.07968664914369583,-0.07968664914369583,0.0,0.0,nan,nan,9.119154930114746,9.119154930114746,18.238309860229492,0.0,4.19601583480835,0.7142279148101807,0.0,0.0,0.0,0.7142279148101807,0.0,4.19601583480835,0.0,0.0,0.0,-0.06008794158697128,-2.071218490600586,3.717944860458374,0.0,0.0,0.0,0.0,4.19601583480835,0.7142279148101807,0.0,0.0,0.0,0.7142279148101807,0.0,4.19601583480835,-0.0,-0.0,-0.0,-0.060088299214839935,2.0712177753448486,3.7179453372955322,0.0,0.0,0.0,2.9802322387695312e-08,5.820766091346741e-11,0.6000000238418579,-1.043081283569336e-07,0.05600002408027649,0.6000000238418579,2.9802322387695312e-08,-0.055999934673309326,0.6000000238418579,-0.12017624080181122,-7.152557373046875e-07,7.435890197753906,0.0,0.0,0.0,2.980232238769531e-07,4.986152362107532e-07,2.630986273288727e-07,13.258806228637695,13.258800506591797,29.604267120361328,29.604267120361328,0.6604217886924744,0.6604217886924744,0.3395783007144928,0.3395783007144928,0.0,0.0,0.17482061684131622,0.17482061684131622,6.256000518798828,6.256000518798828,-1.5546932220458984,-1.5546932220458984,1.3692982196807861,1.3692982196807861,0.0,0.0,-0.07963529229164124,-0.07963529229164124,0.7142279148101807,0.7142279148101807,0.5500251054763794,0.5500251054763794,0.12681642174720764,0.12681642174720764,0.24166204035282135,0.24166204035282135,43.35053634643555,43.35053634643555,20.511503219604492,20.511503219604492,32.30018615722656,32.30018615722656,7.434292316436768,7.434292316436768,0.0,0.0,180.0
350,1.4583333333333333,-0.45310449126001767,-5.259780084346197,183.1715668415785,-0.45310449126001767,-5.259780084346197,183.1715668415785,5.0,-5.0,0.0,0.0,12.0,0,0.5,0.0,0.0,3.2,3.2,3.2,5.25977897644043,5.259778022766113,5.259779930114746,5.259779930114746,-0.45802024006843567,-0.4589238464832306,1.7729783058166504,1.4595117568969727,-0.06981316953897476,-0.06981316953897476,0.0,0.0,nan,nan,7.25789737701416,7.25789737701416,14.51579475402832,0.0,3.8704288005828857,0.7454786896705627,0.0,0.0,0.0,0.7454786896705627,0.0,3.8704288005828857,0.0,0.0,0.0,0.03886964172124863,-1.989003300666809,3.4026918411254883,0.0,0.0,0.0,0.0,3.8704288005828857,0.7454786896705627,0.0,0.0,0.0,0.7454786896705627,0.0,3.8704288005828857,-0.0,-0.0,-0.0,0.03886972367763519,1.9890024662017822,3.4026923179626465,0.0,0.0,0.0,2.9802322387695312e-08,5.820766091346741e-11,0.6000000238418579,-2.9802322387695312e-08,0.05600002408027649,0.6000000238418579,-1.4901161193847656e-08,-0.055999964475631714,0.6000000238418579,0.07773936539888382,-8.344650268554688e-07,6.805384159088135,0.0,0.0,0.0,1.6391277313232422e-07,3.5492843153406284e-07,3.189779818058014e-08,12.069087028503418,12.069087028503418,26.034015655517578,26.034015655517578,0.7442913055419922,0.7442913055419922,0.255708783864975,0.255708783864975,0.0,0.0,0.12566909193992615,0.12566909193992615,5.922638893127441,5.922638893127441,-1.6828923225402832,-1.6828923225402832,1.1997759342193604,1.1997759342193604,0.0,0.0,-0.0783601626753807,-0.0783601626753807,0.7454786896705627,0.7454786896705627,0.5500251054763794,0.5500251054763794,0.1141437441110611,0.1141437441110611,0.2238197773694992,0.2238197773694992,38.04788589477539,38.04788589477539,17.466169357299805,17.466169357299805,29.243305206298828,29.243305206298828,8.000000953674316,8.000000953674316,0.0,0.0,180.0
351,1.4625,-0.4734055138502205,-4.4790108762020235,191.37843785712047,-0.4734055138502205,-4.4790108762020235,191.37843785712047,5.0,-5.0,0.0,0.0,12.0,0,0.5,0.0,0.0,3.2,3.2,3.2,4.479009628295898,4.479009628295898,4.479011535644531,4.479011058807373,-0.4754877984523773,-0.47636300325393677,2.3418989181518555,2.0393247604370117,-0.05945000424981117,-0.05945000424981117,0.0,0.0,nan,nan,5.609025001525879,5.609025001525879,11.218050003051758,0.0,3.5563316345214844,0.767498254776001,0.0,0.0,0.0,0.767498254776001,0.0,3.5563316345214844,0.0,0.0,0.0,0.12427349388599396,-1.8891416788101196,3.106806516647339,0.0,0.0,0.0,0.0,3.5563316345214844,0.767498254776001,0.0,0.0,0.0,0.767498254776001,0.0,3.5563316345214844,-0.0,-0.0,-0.0,0.1242733746767044,1.88914155960083,3.106806993484497,0.0,0.0,0.0,2.9802322387695312e-08,5.820766091346741e-11,0.6000000238418579,-8.940696716308594e-08,0.05600002408027649,0.6000000834465027,-7.450580596923828e-08,-0.055999934673309326,0.6000000238418579,0.24854686856269836,-1.1920928955078125e-07,6.213613510131836,0.0,0.0,0.0,3.5762786865234375e-07,7.018326755314774e-07,1.0710209608078003e-08,10.875359535217285,10.875356674194336,21.91472816467285,21.91472816467285,0.8624516129493713,0.8624516129493713,0.13754841685295105,0.13754841685295105,0.0,0.0,0.07163921743631363,0.07163921743631363,5.5746259689331055,5.5746259689331055,-1.7992889881134033,-1.7992889881134033,1.0351756811141968,1.0351756811141968,0.0,0.0,-0.07716859877109528,-0.07716859877109528,0.767498254776001,0.767498254776001,0.5500251054763794,0.5500251054763794,0.10000934451818466,0.10000934451818466,0.20521552860736847,0.20521552860736847,32.46696853637695,32.46696853637695,14.25633430480957,14.25633430480957,26.023487091064453,26.023487091064453,8.593766212463379,8.593766212463379,0.0,0.0,180.0
352,1.4666666666666666,-0.49038593690215726,-3.666824624926133,198.24292663631297,-0.49038593690215726,-3.666824624926133,198.24292663631297,5.0,-5.0,0.0,0.0,12.0,0,0.5,0.0,0.0,3.2,3.2,3.2,3.666823625564575,3.6668243408203125,3.6668243408203125,3.6668245792388916,-0.489621639251709,-0.4904622435569763,2.8941586017608643,2.6045982837677,-0.04866983741521835,-0.04866983741521835,0.0,0.0,nan,nan,4.116861343383789,4.116861343383789,8.233722686767578,0.0,3.2225522994995117,0.7382102012634277,0.0,0.0,0.0,0.7382102012634277,0.0,3.2225522994995117,0.0,0.0,0.0,0.1605464220046997,-1.757949709892273,2.7952880859375,0.0,0.0,0.0,0.0,3.2225522994995117,0.7382102012634277,0.0,0.0,0.0,0.7382102012634277,0.0,3.2225522994995117,-0.0,-0.0,-0.0,0.16054630279541016,1.7579495906829834,2.7952880859375,0.0,0.0,0.0,2.9802322387695312e-08,5.820766091346741e-11,0.6000000238418579,-8.940696716308594e-08,0.0559999942779541,0.6000000834465027,-5.960464477539063e-08,-0.055999964475631714,0.6000000238418579,0.32109272480010986,-1.1920928955078125e-07,5.590576171875,0.0,0.0,0.0,1.9371509552001953e-07,5.927118422732747e-07,4.0978193283081055e-08,9.792529106140137,9.792529106140137,17.303022384643555,17.303022384643555,0.9703718423843384,0.9703718423843384,0.029628142714500427,0.029628142714500427,0.0,0.0,0.029628142714500427,0.029628142714500427,5.2163591384887695,5.2163591384887695,-1.9027791023254395,-1.9027791023254395,0.878713846206665,0.878713846206665,0.0,0.0,-0.07608456164598465,-0.07608456164598465,0.7382102012634277,0.7382102012634277,0.5500251054763794,0.5500251054763794,0.08450876921415329,0.08450876921415329,0.18597623705863953,0.18597623705863953,26.64727783203125,26.64727783203125,10.904653549194336,10.904653549194336,22.663454055786133,22.663454055786133,9.211423873901367,9.211423873901367,0.0,0.0,180.0
353,1.4708333333333332,-0.5039266549485342,-2.828918233516279,203.7168837224977,-0.5039266549485342,-2.828918233516279,203.7168837224977,5.0,-5.0,0.0,0.0,12.0,0,0.5,0.0,0.0,3.2,3.2,3.2,2.8289172649383545,2.828917980194092,2.828918218612671,2.82891845703125,-0.5003143548965454,-0.5011144876480103,3.427211284637451,3.1527154445648193,-0.03754828870296478,-0.03754828870296478,0.0,0.0,nan,nan,2.7792484760284424,2.7792484760284424,5.558496952056885,0.0,2.85927152633667,0.6578900218009949,0.0,0.0,0.0,0.6578900218009949,0.0,2.85927152633667,0.0,0.0,0.0,0.14972007274627686,-1.5920790433883667,2.45990252494812,0.0,0.0,0.0,0.0,2.85927152633667,0.6578900218009949,0.0,0.0,0.0,0.6578900218009949,0.0,2.85927152633667,-0.0,-0.0,-0.0,0.14971989393234253,1.5920790433883667,2.459902763366699,0.0,0.0,0.0,2.9802322387695312e-08,5.820766091346741e-11,0.6000000238418579,-1.341104507446289e-07,0.0559999942779541,0.6000000238418579,2.9802322387695312e-08,-0.055999934673309326,0.6000000238418579,0.2994399666786194,0.0,4.919805526733398,0.0,0.0,0.0,1.341104507446289e-07,4.0320944094673905e-07,2.4121254682540894e-07,9.027963638305664,9.027965545654297,13.71657943725586,13.716593742370605,1.0,1.0,0.0,0.0,0.0,0.0,0.0,0.0,4.8516387939453125,4.8516387939453125,-1.992366909980774,-1.992366909980774,0.7330183386802673,0.7330183386802673,0.0,0.0,-0.07512834668159485,-0.07512834668159485,0.6578900218009949,0.6578900218009949,0.5500251054763794,0.5500251054763794,0.06775008887052536,0.06775008887052536,0.16623619198799133,0.16623619198799133,20.630693435668945,20.630693435668945,7.435190200805664,7.435190200805664,19.18733024597168,19.18733024597168,9.848642349243164,9.848642349243164,0.0,0.0,180.0
354,1.475,-0.51393268958125,-1.9711690132731823,207.76191323974845,-0.51393268958125,-1.9711690132731823,207.76191323974845,5.0,-5.0,0.0,0.0,12.0,0,0.5,0.0,0.0,3.2,3.2,3.2,1.9711689949035645,1.9711685180664062,1.9711689949035645,1.9711689949035645,-0.5074551701545715,-0.5082095861434937,3.943037509918213,3.685668468475342,-0.026163367554545403,-0.026163367554545403,0.0,0.0,nan,nan,1.5595908164978027,1.5595908164978027,3.1191816329956055,0.0,2.4163477420806885,0.5257968306541443,0.0,0.0,0.0,0.5257968306541443,0.0,2.4163477420806885,0.0,0.0,0.0,0.09982585161924362,-1.3654690980911255,2.059302568435669,0.0,0.0,0.0,0.0,2.4163477420806885,0.5257968306541443,0.0,0.0,0.0,0.5257968306541443,0.0,2.4163477420806885,-0.0,-0.0,-0.0,0.09982575476169586,1.3654687404632568,2.059303045272827,0.0,0.0,0.0,2.9802322387695312e-08,5.820766091346741e-11,0.6000000238418579,-8.940696716308594e-08,0.05600005388259888,0.6000000834465027,-4.470348358154297e-08,-0.055999934673309326,0.6000000238418579,0.1996515989303589,-3.5762786865234375e-07,4.118605613708496,0.0,0.0,0.0,2.980232238769531e-07,4.04868103487388e-07,4.423782229423523e-08,8.931037902832031,8.931035995483398,13.180313110351562,13.180313110351562,1.0,1.0,0.0,0.0,0.0,0.0,0.0,0.0,4.4835357666015625,4.4835357666015625,-2.067188262939453,-2.067188262939453,0.6001132130622864,0.6001132130622864,0.0,0.0,-0.07431638240814209,-0.07431638240814209,0.5257968306541443,0.5257968306541443,0.5500251054763794,0.5500251054763794,0.049853164702653885,0.049853164702653885,0.14613616466522217,0.14613616466522217,14.46108341217041,14.46108341217041,3.8731958866119385,3.8731958866119385,15.620413780212402,15.620413780212402,10.50094985961914,10.50094985961914,0.0,0.0,180.0
355,1.4791666666666667,-0.5203338556566806,-1.0995934586850287,210.34964221235074,-0.5203338556566806,-1.0995934586850287,210.34964221235074,5.0,-5.0,0.0,0.0,12.0,0,0.5,0.0,0.0,3.2,3.2,3.2,1.099593162536621,1.0995930433273315,1.0995934009552002,1.0995934009552002,-0.5110554099082947,-0.5117588043212891,4.428164005279541,4.189666748046875,-0.014594926498830318,-0.014594926498830318,0.0,0.0,nan,nan,0.6719070672988892,0.6719070672988892,1.3438141345977783,0.0,1.9877941608428955,0.4077901840209961,0.0,0.0,0.0,0.4077901840209961,0.0,1.9877941608428955,0.0,0.0,0.0,0.05941050499677658,-1.1337692737579346,1.6818609237670898,0.0,0.0,0.0,0.0,1.9877941608428955,0.4077901840209961,0.0,0.0,0.0,0.4077901840209961,0.0,1.9877941608428955,-0.0,-0.0,-0.0,0.05941047519445419,1.1337690353393555,1.6818610429763794,0.0,0.0,0.0,2.9802322387695312e-08,5.820766091346741e-11,0.6000000238418579,-1.043081283569336e-07,0.05600002408027649,0.6000000238418579,-1.043081283569336e-07,-0.055999934673309326,0.6000000238418579,0.11882098019123077,-2.384185791015625e-07,3.3637218475341797,0.0,0.0,0.0,1.4156103134155273e-07,4.511102815740742e-07,-6.984919309616089e-09,9.841299057006836,9.841296195983887,12.650269508361816,12.650269508361816,1.0,1.0,0.0,0.0,0.0,0.0,0.0,0.0,4.1143269538879395,4.1143269538879395,-2.126532793045044,-2.126532793045044,0.4814513027667999,0.4814513027667999,0.0,0.0,-0.07366111874580383,-0.07366111874580383,0.4077901840209961,0.4077901840209961,0.5500251054763794,0.5500251054763794,0.030948743224143982,0.030948743224143982,0.12582235038280487,0.12582235038280487,8.183931350708008,8.183931350708008,0.244893878698349,0.244893878698349,11.988964080810547,11.988964080810547,11.163772583007812,11.163772583007812,0.0,0.0,180.0
356,1.4833333333333334,-0.5230852535940391,-0.22030504604100978,211.46191958084287,-0.5230852535940391,-0.22030504604100978,211.46191958084287,5.0,-5.0,0.0,0.0,12.0,0,0.5,0.0,0.0,3.2,3.2,3.2,0.22030501067638397,0.2203049510717392,0.22030504047870636,0.22030504047870636,-0.5110893845558167,-0.5117365717887878,4.879299163818359,4.661288261413574,-0.0029241135343909264,-0.0029241135343909264,0.0,0.0,nan,nan,0.11267130076885223,0.11267130076885223,0.22534260153770447,0.0,1.5756070613861084,0.30481189489364624,0.0,0.0,0.0,0.30481189489364624,0.0,1.5756070613861084,0.0,0.0,0.0,0.029589463025331497,-0.9022295475006104,1.3268588781356812,0.0,0.0,0.0,0.0,1.5756070613861084,0.30481189489364624,0.0,0.0,0.0,0.30481189489364624,0.0,1.5756070613861084,-0.0,-0.0,-0.0,0.02958948165178299,0.9022291302680969,1.3268589973449707,0.0,0.0,0.0,2.9802322387695312e-08,5.820766091346741e-11,0.6000000238418579,-1.4901161193847656e-08,0.05600002408027649,0.6000000238418579,-1.341104507446289e-07,-0.05599990487098694,0.6000000238418579,0.05917894467711449,-4.172325134277344e-07,2.6537179946899414,0.0,0.0,0.0,1.4901161193847656e-07,2.7680437142407754e-07,-1.100124791264534e-07,11.521893501281738,11.521890640258789,12.128795623779297,12.128795623779297,1.0,1.0,0.0,0.0,0.0,0.0,0.0,0.0,3.7454681396484375,3.7454681396484375,-2.169861316680908,-2.169861316680908,0.3779827952384949,0.3779827952384949,0.0,0.0,-0.07317091524600983,-0.07317091524600983,0.30481189489364624,0.30481189489364624,0.5500251054763794,0.5500251054763794,0.011177164502441883,0.011177164502441883,0.10544498264789581,0.10544498264789581,1.845848798751831,1.845848798751831,-3.422797441482544,-3.422797441482544,8.31991958618164,8.31991958618164,11.8324613571167,11.8324613571167,0.0,0.0,180.0
357,1.4875,-0.5221675843136717,0.6605286482120669,211.09094351865497,-0.5221675843136717,0.6605286482120669,211.09094351865497,5.0,-5.0,0.0,0.0,12.0,0,0.5,0.0,0.0,3.2,3.2,3.2,0.6605286598205566,0.6605285406112671,0.6605286598205566,0.6605286598205566,-0.5075554847717285,-0.508141815662384,5.293479919433594,5.0974297523498535,0.008767210878431797,0.008767210878431797,0.0,0.0,nan,nan,-0.13018538057804108,-0.13018538057804108,-0.26037076115608215,0.0,1.1808414459228516,0.2173997163772583,0.0,0.0,0.0,0.2173997163772583,0.0,1.1808414459228516,0.0,0.0,0.0,0.011246182024478912,-0.6752885580062866,0.992727518081665,0.0,0.0,0.0,0.0,1.1808414459228516,0.2173997163772583,0.0,0.0,0.0,0.2173997163772583,0.0,1.1808414459228516,-0.0,-0.0,-0.0,0.011246081441640854,0.6752884387969971,0.9927276372909546,0.0,0.0,0.0,2.9802322387695312e-08,5.820766091346741e-11,0.6000000238418579,-2.9802322387695312e-08,0.05600006878376007,0.6000000834465027,1.4901161193847656e-08,-0.055999934673309326,0.6000000834465027,0.022492263466119766,-1.1920928955078125e-07,1.9854551553726196,0.0,0.0,0.0,1.2665987014770508e-07,7.53046123236345e-08,2.2992026060819626e-08,13.490616798400879,13.490619659423828,15.957026481628418,15.957026481628418,0.874330997467041,0.874330997467041,0.12566909193992615,0.12566909193992615,0.0,0.0,0.0,0.0,3.3776557445526123,3.3776557445526123,-2.1968142986297607,-2.1968142986297607,0.29024985432624817,0.29024985432624817,0.0,0.0,-0.07285015285015106,-0.07285015285015106,0.2173997163772583,0.2173997163772583,0.5500251054763794,0.5500251054763794,-0.009313114918768406,-0.009313114918768406,0.08515674620866776,0.08515674620866776,-4.50589656829834,-4.50589656829834,-7.102536201477051,-7.102536201477051,4.640632152557373,4.640632152557373,12.502325057983398,12.502325057983398,0.0,0.0,180.0
358,1.4916666666666667,-0.5175872846062356,1.5367292085870776,209.23931615631741,-0.5175872846062356,1.5367292085870776,209.23931615631741,5.0,-5.0,0.0,0.0,12.0,0,0.5,0.0,0.0,3.2,3.2,3.2,1.5367292165756226,1.536728858947754,1.5367292165756226,1.5367292165756226,-0.5004768967628479,-0.5009978413581848,5.668078899383545,5.495315074920654,0.020397039130330086,0.020397039130330086,0.0,0.0,nan,nan,-0.07510049641132355,-0.07510049641132355,-0.1502009928226471,0.0,0.8037296533584595,0.14578893780708313,0.0,0.0,0.0,0.14578893780708313,0.0,0.8037296533584595,0.0,0.0,0.0,0.005083676893264055,-0.4566047787666321,0.6772902011871338,0.0,0.0,0.0,0.0,0.8037296533584595,0.14578893780708313,0.0,0.0,0.0,0.14578893780708313,0.0,0.8037296533584595,-0.0,-0.0,-0.0,0.005083705764263868,0.45660459995269775,0.6772903203964233,0.0,0.0,0.0,2.9802322387695312e-08,5.820766091346741e-11,0.6000000238418579,-8.940696716308594e-08,0.056000009179115295,0.6000000238418579,-8.940696716308594e-08,-0.055999934673309326,0.6000000238418579,0.010167382657527924,-1.7881393432617188e-07,1.3545805215835571,0.0,0.0,0.0,4.470348358154297e-08,1.6147858161730255e-07,1.2223608791828156e-09,15.509336471557617,15.509331703186035,21.25790786743164,21.25790786743164,0.44963017106056213,0.44963017106056213,0.5503698587417603,0.5503698587417603,0.0,0.0,0.0,0.0,3.010951042175293,3.010951042175293,-2.207221508026123,-2.207221508026123,0.21848806738853455,0.21848806738853455,0.0,0.0,-0.07269912958145142,-0.07269912958145142,0.14578893780708313,0.14578893780708313,0.5500251054763794,0.5500251054763794,-0.030367203056812286,-0.030367203056812286,0.06511113047599792,0.06511113047599792,-10.823899269104004,-10.823899269104004,-10.766854286193848,-10.766854286193848,0.9785668849945068,0.9785668849945068,13.168664932250977,13.168664932250977,0.0,0.0,180.0
359,1.4958333333333333,-0.5093764819832374,2.4021507177023,205.9200253293844,-0.5093764819832374,2.4021507177023,205.9200253293844,5.0,-5.0,0.0,0.0,12.0,0,0.5,0.0,0.0,3.2,3.2,3.2,2.4021501541137695,2.4021501541137695,2.4021506309509277,2.4021506309509277,-0.48990073800086975,-0.490352988243103,6.000790596008301,5.852482795715332,0.03188379481434822,0.03188379481434822,0.0,0.0,nan,nan,0.2551005184650421,0.2551005184650421,0.5102010369300842,0.0,0.4438759684562683,0.09000234305858612,0.0,0.0,0.0,0.09000234305858612,0.0,0.4438759684562683,0.0,0.0,0.0,0.01165979914367199,-0.24916155636310577,0.3780328929424286,0.0,0.0,0.0,0.0,0.4438759684562683,0.09000234305858612,0.0,0.0,0.0,0.09000234305858612,0.0,0.4438759684562683,-0.0,-0.0,-0.0,0.011659790761768818,0.24916145205497742,0.37803298234939575,0.0,0.0,0.0,2.9802322387695312e-08,5.820766091346741e-11,0.6000000238418579,-5.960464477539063e-08,0.05600002408027649,0.6000000238418579,-4.470348358154297e-08,-0.055999964475631714,0.6000000238418579,0.023319590836763382,-1.043081283569336e-07,0.756065845489502,0.0,0.0,0.0,1.6763806343078613e-08,6.19644282551235e-08,2.561137080192566e-09,17.470495223999023,17.47049331665039,26.19782257080078,26.19782257080078,0.3360842764377594,0.3360842764377594,0.663915753364563,0.663915753364563,0.0,0.0,0.0,0.0,2.6449756622314453,2.6449756622314453,-2.2010998725891113,-2.2010998725891113,0.16271667182445526,0.16271667182445526,0.0,0.0,-0.07271432876586914,-0.07271432876586914,0.09000234305858612,0.09000234305858612,0.5500251054763794,0.5500251054763794,-0.051825493574142456,-0.051825493574142456,0.04546068236231804,0.04546068236231804,-17.061124801635742,-17.061124801635742,-14.388456344604492,-14.388456344604492,-2.6389966011047363,-2.6389966011047363,13.826807022094727,13.826807022094727,0.0,0.0,180.0
360,1.5,-0.4975927693256246,3.2507228654757134,201.1563534781,-0.4975927693256246,3.2507228654757134,201.1563534781,5.0,-5.0,0.0,0.0,12.0,0,0.5,0.0,0.0,3.2,3.2,3.2,3.250723123550415,3.2507224082946777,3.250722885131836,3.250722885131836,-0.4758995473384857,-0.47627967596054077,6.2896409034729,6.166794300079346,0.04314691200852394,0.04314691200852394,0.0,0.0,nan,nan,0.8346932530403137,0.8346932530403137,1.6693865060806274,0.0,0.10049530863761902,0.049911979585886,0.0,0.0,0.0,0.049911979585886,0.0,0.10049530863761902,0.0,0.0,0.0,0.03139249607920647,-0.055427227169275284,0.09237340837717056,0.0,0.0,0.0,0.0,0.10049530863761902,0.049911979585886,0.0,0.0,0.0,0.049911979585886,0.0,0.10049530863761902,-0.0,-0.0,-0.0,0.03139249607920647,0.05542721226811409,0.09237341582775116,0.0,0.0,0.0,2.9802322387695312e-08,5.820766091346741e-11,0.6000000238418579,-5.960464477539063e-08,0.05600005388259888,0.6000000238418579,-2.9802322387695312e-08,-0.055999934673309326,0.6000000238418579,0.06278499215841293,-1.4901161193847656e-08,0.18474683165550232,0.0,0.0,0.0,1.0710209608078003e-08,1.3764711148667175e-08,-1.979060471057892e-09,19.317766189575195,19.317766189575195,30.6079158782959,30.6079158782959,0.27872011065483093,0.27872011065483093,0.7212798595428467,0.7212798595428467,0.0,0.0,0.0,0.0,2.2791430950164795,2.2791430950164795,-2.178647994995117,-2.178647994995117,0.1228003278374672,0.1228003278374672,0.0,0.0,-0.07288835942745209,-0.07288835942745209,0.049911979585886,0.049911979585886,0.5500251054763794,0.5500251054763794,-0.07352558523416519,-0.07352558523416519,0.02635510265827179,0.02635510265827179,-23.17140769958496,-23.17140769958496,-17.940507888793945,-17.940507888793945,-6.185252666473389,-6.185252666473389,14.472136497497559,14.472136497497559,0.0,0.0,180.0
361,1.5041666666666667,-0.4823188009111041,4.076493527988973,194.98171433780732,-0.4823188009111041,4.076493527988973,194.98171433780732,5.0,-5.0,0.0,0.0,12.0,0,0.5,0.0,0.0,3.2,3.2,3.2,4.076493740081787,4.076493263244629,4.076493740081787,4.076493740081787,-0.45856907963752747,-0.45887428522109985,6.532957077026367,6.436406135559082,0.05410738289356232,0.05410738289356232,0.0,0.0,nan,nan,1.6358922719955444,1.6358922719955444,3.271784543991089,0.0,-0.22732111811637878,0.02526325359940529,0.0,0.0,0.0,0.02526325359940529,0.0,-0.22732111811637878,0.0,0.0,0.0,0.06452878564596176,0.12246600538492203,-0.18207481503486633,0.0,0.0,0.0,0.0,-0.22732111811637878,0.02526325359940529,0.0,0.0,0.0,0.02526325359940529,0.0,-0.22732111811637878,-0.0,-0.0,-0.0,0.06452878564596176,-0.12246596068143845,-0.18207484483718872,0.0,0.0,0.0,2.9802322387695312e-08,5.820766091346741e-11,0.6000000238418579,-5.960464477539063e-08,0.056000009179115295,0.6000000238418579,2.9802322387695312e-08,-0.055999964475631714,0.6000000238418579,0.12905757129192352,4.470348358154297e-08,-0.36414965987205505,0.0,0.0,0.0,-6.51925802230835e-09,-1.627875789722566e-08,-1.3969838619232178e-08,21.021068572998047,21.021068572998047,34.44263458251953,34.44263458251953,0.2498149424791336,0.2498149424791336,0.7501851320266724,0.7501851320266724,0.0,0.0,0.0,0.0,1.9129141569137573,1.9129141569137573,-2.140235185623169,-2.140235185623169,0.09847337007522583,0.09847337007522583,0.0,0.0,-0.07321010529994965,-0.07321010529994965,0.02526325359940529,0.02526325359940529,0.5500251054763794,0.5500251054763794,-0.09530418366193771,-0.09530418366193771,0.007939491420984268,0.007939491420984268,-29.109941482543945,-29.109941482543945,-21.39691734313965,-21.39691734313965,-9.634148597717285,-9.634148597717285,15.10012435913086,15.10012435913086,0.0,0.0,180.0
362,1.5083333333333333,-0.46366171265377176,4.873670517359981,187.43941856560312,-0.46366171265377176,4.873670517359981,187.43941856560312,5.0,-5.0,0.0,0.0,12.0,0,0.5,0.0,0.0,3.2,3.2,3.2,4.87367057800293,4.873669147491455,4.87367057800293,4.87367057800293,-0.43802884221076965,-0.43825697898864746,6.729360103607178,6.659762382507324,0.06468833237886429,0.06468833237886429,0.0,0.0,nan,nan,2.6290488243103027,2.6290488243103027,5.2580976486206055,0.0,-0.5403508543968201,0.015660196542739868,0.0,0.0,0.0,0.015660196542739868,0.0,-0.5403508543968201,0.0,0.0,0.0,0.11107855290174484,0.28256288170814514,-0.44726285338401794,0.0,0.0,0.0,0.0,-0.5403508543968201,0.015660196542739868,0.0,0.0,0.0,0.015660196542739868,0.0,-0.5403508543968201,-0.0,-0.0,-0.0,0.11107854545116425,-0.28256282210350037,-0.44726288318634033,0.0,0.0,0.0,2.9802322387695312e-08,5.820766091346741e-11,0.6000000238418579,1.4901161193847656e-08,0.05600002408027649,0.6000000238418579,-1.1920928955078125e-07,-0.055999934673309326,0.5999999642372131,0.2221570909023285,5.960464477539063e-08,-0.8945257663726807,0.0,0.0,0.0,-5.587935447692871e-08,-7.993288875240978e-08,2.7474015951156616e-08,22.56642723083496,22.56642723083496,37.71895217895508,37.71895217895508,0.22074872255325317,0.22074872255325317,0.7345550656318665,0.7345550656318665,0.04469626769423485,0.04469626769423485,0.0,0.0,1.5460352897644043,1.5460352897644043,-2.086386203765869,-2.086386203765869,0.08932517468929291,0.08932517468929291,0.0,0.0,-0.07366497814655304,-0.07366497814655304,0.015660196542739868,0.015660196542739868,0.5500251054763794,0.5500251054763794,-0.11699888110160828,-0.11699888110160828,-0.009647335857152939,-0.009647335857152939,-34.83368682861328,-34.83368682861328,-24.73258399963379,-24.73258399963379,-12.960639953613281,-12.960639953613281,15.706368446350098,15.706368446350098,0.0,0.0,180.0
363,1.5125,-0.44175237062265504,5.636662209779113,178.58236994719798,-0.44175237062265504,5.636662209779113,178.58236994719798,5.0,-5.0,0.0,0.0,12.0,0,0.5,0.0,0.0,3.2,3.2,3.2,5.636661529541016,5.636662483215332,5.636662006378174,5.636662006378174,-0.4144212305545807,-0.414570689201355,6.87775182723999,6.835572242736816,0.074815534055233,0.074815534055233,0.0,0.0,nan,nan,3.782374858856201,3.782374858856201,7.564749717712402,0.0,-0.8390243649482727,0.02051977813243866,0.0,0.0,0.0,0.02051977813243866,0.0,-0.8390243649482727,0.0,0.0,0.0,0.17072536051273346,0.4229738712310791,-0.7045061588287354,0.0,0.0,0.0,0.0,-0.8390243649482727,0.02051977813243866,0.0,0.0,0.0,0.02051977813243866,0.0,-0.8390243649482727,-0.0,-0.0,-0.0,0.17072540521621704,-0.4229738116264343,-0.7045062184333801,0.0,0.0,0.0,2.9802322387695312e-08,5.820766091346741e-11,0.6000000238418579,-5.960464477539063e-08,0.0559999942779541,0.6000000834465027,7.450580596923828e-08,-0.055999964475631714,0.6000000238418579,0.3414507508277893,5.960464477539063e-08,-1.4090123176574707,0.0,0.0,0.0,-4.470348358154297e-08,-2.1317852372249035e-08,-5.960464477539063e-08,23.950321197509766,23.950326919555664,40.4844970703125,40.4844970703125,0.20615608990192413,0.20615608990192413,0.6681748628616333,0.6681748628616333,0.12566909193992615,0.12566909193992615,0.0,0.0,1.178735375404358,1.178735375404358,-2.0177597999572754,-2.0177597999572754,0.09475480020046234,0.09475480020046234,0.0,0.0,-0.07423502206802368,-0.07423502206802368,0.02051977813243866,0.02051977813243866,0.5500251054763794,0.5500251054763794,-0.1384499967098236,-0.1384499967098236,-0.026274491101503372,-0.026274491101503372,-40.30179977416992,-40.30179977416992,-27.923646926879883,-27.923646926879883,-16.140926361083984,-16.140926361083984,16.2866153717041,16.2866153717041,0.0,0.0,180.0
364,1.5166666666666666,-0.4167444531102597,6.360116766732884,168.4726943148686,-0.4167444531102597,6.360116766732884,168.4726943148686,5.0,-5.0,0.0,0.0,12.0,0,0.5,0.0,0.0,3.2,3.2,3.2,6.360115051269531,6.360115051269531,6.360116958618164,6.360116958618164,-0.3879104256629944,-0.3879801332950592,6.977301597595215,6.96282958984375,0.08441796153783798,0.08441796153783798,0.0,0.0,nan,nan,5.0614495277404785,5.0614495277404785,10.122899055480957,0.0,-1.1232632398605347,0.03900986164808273,0.0,0.0,0.0,0.03900986164808273,0.0,-1.1232632398605347,0.0,0.0,0.0,0.2427297830581665,0.5418316721916199,-0.9543284773826599,0.0,0.0,0.0,0.0,-1.1232632398605347,0.03900986164808273,0.0,0.0,0.0,0.03900986164808273,0.0,-1.1232632398605347,-0.0,-0.0,-0.0,0.2427297979593277,-0.5418314933776855,-0.9543285369873047,0.0,0.0,0.0,2.9802322387695312e-08,5.820766091346741e-11,0.6000000238418579,-1.341104507446289e-07,0.0559999942779541,0.6000000238418579,0.0,-0.055999964475631714,0.5999999642372131,0.485459566116333,1.7881393432617188e-07,-1.9086570739746094,0.0,0.0,0.0,-5.587935447692871e-08,-1.993356590901385e-07,-7.916241884231567e-08,25.17588233947754,25.17588233947754,42.79875564575195,42.79875564575195,0.20615608990192413,0.20615608990192413,0.5930602550506592,0.5930602550506592,0.20078371465206146,0.20078371465206146,0.0,0.0,0.8118637800216675,0.8118637800216675,-1.9351270198822021,-1.9351270198822021,0.11390915513038635,0.11390915513038635,0.0,0.0,-0.07489929348230362,-0.07489929348230362,0.03900986164808273,0.03900986164808273,0.5500251054763794,0.5500251054763794,-0.1595020890235901,-0.1595020890235901,-0.04182041436433792,-0.04182041436433792,-45.47592544555664,-45.47592544555664,-30.94766616821289,-30.94766616821289,-19.152645111083984,-19.152645111083984,16.836793899536133,16.836793899536133,0.0,0.0,180.0
365,1.5208333333333333,-0.3888133726897735,7.0389596743055876,157.18130377938473,-0.3888133726897735,7.0389596743055876,157.18130377938473,5.0,-5.0,0.0,0.0,12.0,0,0.5,0.0,0.0,3.2,3.2,3.2,7.03895902633667,7.038956642150879,7.038959503173828,7.038959503173828,-0.3586817681789398,-0.3586711883544922,7.027439117431641,7.040770053863525,0.09342825412750244,0.09342825412750244,0.0,0.0,nan,nan,6.428779602050781,6.428779602050781,12.857559204101562,0.0,-1.392388105392456,0.06998728960752487,0.0,0.0,0.0,0.06998728960752487,0.0,-1.392388105392456,0.0,0.0,0.0,0.3258451819419861,0.637325644493103,-1.1963627338409424,0.0,0.0,0.0,0.0,-1.392388105392456,0.06998728960752487,0.0,0.0,0.0,0.06998728960752487,0.0,-1.392388105392456,-0.0,-0.0,-0.0,0.3258451819419861,-0.6373252868652344,-1.1963629722595215,0.0,0.0,0.0,2.9802322387695312e-08,5.820766091346741e-11,0.6000000238418579,-2.9802322387695312e-08,0.05600002408027649,0.6000000238418579,0.0,-0.05599990487098694,0.6000000238418579,0.6516903638839722,3.5762786865234375e-07,-2.392725706100464,0.0,0.0,0.0,-1.341104507446289e-07,-1.0696317076508421e-07,-5.774199962615967e-08,26.250259399414062,26.250255584716797,44.72241973876953,44.72241973876953,0.1915258765220642,0.1915258765220642,0.5538538098335266,0.5538538098335266,0.2546203136444092,0.2546203136444092,0.0,0.0,0.4469602704048157,0.4469602704048157,-1.839348316192627,-1.839348316192627,0.14562153816223145,0.14562153816223145,0.0,0.0,-0.07563425600528717,-0.07563425600528717,0.06998728960752487,0.06998728960752487,0.5500251054763794,0.5500251054763794,-0.18000538647174835,-0.18000538647174835,-0.0561738982796669,-0.0561738982796669,-50.320491790771484,-50.320491790771484,-33.783775329589844,-33.783775329589844,-21.97501564025879,-21.97501564025879,17.353044509887695,17.353044509887695,0.0,0.0,180.0
366,1.525,-0.35815504582189145,7.668429337248586,144.7873993324995,-0.35815504582189145,7.668429337248586,144.7873993324995,5.0,-5.0,0.0,0.0,12.0,0,0.5,0.0,0.0,3.2,3.2,3.2,7.668426990509033,7.66842794418335,7.668429374694824,7.668429374694824,-0.32694393396377563,-0.32685303688049316,7.027197360992432,7.068207740783691,0.10178322345018387,0.10178322345018387,0.0,0.0,nan,nan,7.813022136688232,7.813022136688232,15.626044273376465,0.0,-1.6388477087020874,0.10775946080684662,0.0,0.0,0.0,0.10775946080684662,0.0,-1.6388477087020874,0.0,0.0,0.0,0.41298916935920715,0.7051178216934204,-1.4246693849563599,0.0,0.0,0.0,0.0,-1.6388477087020874,0.10775946080684662,0.0,0.0,0.0,0.10775946080684662,0.0,-1.6388477087020874,-0.0,-0.0,-0.0,0.41298919916152954,-0.7051175832748413,-1.4246695041656494,0.0,0.0,0.0,2.9802322387695312e-08,5.820766091346741e-11,0.6000000238418579,-4.470348358154297e-08,0.056000083684921265,0.6000000834465027,2.9802322387695312e-08,-0.055999964475631714,0.6000000834465027,0.8259783983230591,2.384185791015625e-07,-2.849339008331299,0.0,0.0,0.0,-1.6391277313232422e-07,-5.691399351803739e-08,-9.872019290924072e-08,27.182748794555664,27.182748794555664,46.31201934814453,46.31201934814453,0.1915258765220642,0.1915258765220642,0.5123494863510132,0.5123494863510132,0.296124666929245,0.296124666929245,0.002056337660178542,0.002056337660178542,0.08625268191099167,0.08625268191099167,-1.7313491106033325,-1.7313491106033325,0.18836668133735657,0.18836668133735657,0.0,0.0,-0.0764143317937851,-0.0764143317937851,0.10775946080684662,0.10775946080684662,0.5500251054763794,0.5500251054763794,-0.1998169720172882,-0.1998169720172882,-0.06923521310091019,-0.06923521310091019,-54.80289077758789,-54.80289077758789,-36.41283416748047,-36.41283416748047,-24.5889949798584,-24.5889949798584,17.831748962402344,17.831748962402344,0.0,0.0,180.0
367,1.5291666666666666,-0.3249845186416129,8.24411047814969,131.37791530889908,-0.3249845186416129,8.24411047814969,131.37791530889908,5.0,-5.0,0.0,0.0,12.0,0,0.5,0.0,0.0,3.2,3.2,3.2,8.244108200073242,8.244109153747559,8.244111061096191,8.244111061096191,-0.292923241853714,-0.2927526533603668,6.9759907722473145,7.0443644523620605,0.10942424833774567,0.10942424833774567,0.0,0.0,nan,nan,9.140432357788086,9.140432357788086,18.280864715576172,0.0,-1.855682611465454,0.14566856622695923,0.0,0.0,0.0,0.14566856622695923,0.0,-1.855682611465454,0.0,0.0,0.0,0.49607983231544495,0.7424173951148987,-1.633247971534729,0.0,0.0,0.0,0.0,-1.855682611465454,0.14566856622695923,0.0,0.0,0.0,0.14566856622695923,0.0,-1.855682611465454,-0.0,-0.0,-0.0,0.4960799217224121,-0.7424169778823853,-1.6332480907440186,0.0,0.0,0.0,2.9802322387695312e-08,5.820766091346741e-11,0.6000000238418579,-1.4901161193847656e-08,0.05600005388259888,0.6000000834465027,4.470348358154297e-08,-0.055999964475631714,0.6000000834465027,0.9921597242355347,4.172325134277344e-07,-3.266496181488037,0.0,0.0,0.0,-1.341104507446289e-07,1.0462745336781154e-08,-8.381903171539307e-08,27.98357582092285,27.98358154296875,47.61754608154297,47.61754608154297,0.17686083912849426,0.17686083912849426,0.4849516749382019,0.4849516749382019,0.3381875455379486,0.3381875455379486,0.00794259924441576,0.00794259924441576,-0.26739850640296936,-0.26739850640296936,-1.6120967864990234,-1.6120967864990234,0.2402433454990387,0.2402433454990387,0.0,0.0,-0.07721249014139175,-0.07721249014139175,0.14566856622695923,0.14566856622695923,0.5500251054763794,0.5500251054763794,-0.21880172193050385,-0.21880172193050385,-0.08091655373573303,-0.08091655373573303,-58.89363479614258,-58.89363479614258,-38.81747817993164,-38.81747817993164,-26.977325439453125,-26.977325439453125,18.269546508789062,18.269546508789062,0.0,0.0,180.0
368,1.5333333333333332,-0.28953445856411925,8.761965107431754,117.04690960430923,-0.28953445856411925,8.761965107431754,117.04690960430923,5.0,-5.0,0.0,0.0,12.0,0,0.5,0.0,0.0,3.2,3.2,3.2,8.761963844299316,8.761962890625,8.76196575164795,8.76196575164795,-0.256866991519928,-0.2566177546977997,6.872795104980469,6.967991352081299,0.11629774421453476,0.11629774421453476,0.0,0.0,nan,nan,10.29942512512207,10.29942512512207,20.59885025024414,0.0,-2.0286412239074707,0.17085041105747223,0.0,0.0,0.0,0.17085041105747223,0.0,-2.0286412239074707,0.0,0.0,0.0,0.5594059824943542,0.7452086210250854,-1.810056447982788,0.0,0.0,0.0,0.0,-2.0286412239074707,0.17085041105747223,0.0,0.0,0.0,0.17085041105747223,0.0,-2.0286412239074707,-0.0,-0.0,-0.0,0.5594061017036438,-0.745208203792572,-1.8100565671920776,0.0,0.0,0.0,2.9802322387695312e-08,5.820766091346741e-11,0.6000000238418579,-2.9802322387695312e-08,0.05600002408027649,0.6000000238418579,2.9802322387695312e-08,-0.055999934673309326,0.6000000238418579,1.118812084197998,4.172325134277344e-07,-3.620112895965576,0.0,0.0,0.0,-1.564621925354004e-07,-1.078877716054194e-07,-8.940696716308594e-08,28.663042068481445,28.663043975830078,48.681819915771484,48.681819915771484,0.17686083912849426,0.17686083912849426,0.4567340612411499,0.4567340612411499,0.366405189037323,0.366405189037323,0.023084618151187897,0.023084618151187897,-0.6106096506118774,-0.6106096506118774,-1.482582688331604,-1.482582688331604,0.2989925146102905,0.2989925146102905,0.0,0.0,-0.07800103724002838,-0.07800103724002838,0.17085041105747223,0.17085041105747223,0.5500251054763794,0.5500251054763794,-0.23683299124240875,-0.23683299124240875,-0.09114251285791397,-0.09114251285791397,-62.56645202636719,-62.56645202636719,-40.982215881347656,-40.982215881347656,-29.124624252319336,-29.124624252319336,18.66337013244629,18.66337013244629,0.0,0.0,180.0
369,1.5375,-0.25205352229001665,9.218360846948467,101.8949039269324,-0.25205352229001665,9.218360846948467,101.8949039269324,5.0,-5.0,0.0,0.0,12.0,0,0.5,0.0,0.0,3.2,3.2,3.2,9.21835994720459,9.21835708618164,9.218360900878906,9.218360900878906,-0.21901091933250427,-0.21868474781513214,6.7210893630981445,6.84243631362915,0.12235549092292786,0.12235549092292786,0.0,0.0,nan,nan,11.382169723510742,11.382169723510742,22.764339447021484,0.0,-2.1820452213287354,0.19822004437446594,0.0,0.0,0.0,0.19822004437446594,0.0,-2.1820452213287354,0.0,0.0,0.0,0.6217905879020691,0.7249486446380615,-1.9719123840332031,0.0,0.0,0.0,0.0,-2.1820452213287354,0.19822004437446594,0.0,0.0,0.0,0.19822004437446594,0.0,-2.1820452213287354,-0.0,-0.0,-0.0,0.6217905879020691,-0.7249481081962585,-1.9719126224517822,0.0,0.0,0.0,2.9802322387695312e-08,5.820766091346741e-11,0.6000000238418579,-2.9802322387695312e-08,0.05600005388259888,0.6000000238418579,-8.940696716308594e-08,-0.05599990487098694,0.6000000238418579,1.2435811758041382,5.364418029785156e-07,-3.9438250064849854,0.0,0.0,0.0,-2.8312206268310547e-07,-3.5260543995718763e-07,-5.21540641784668e-08,29.230958938598633,29.23095703125,49.5406494140625,49.5406494140625,0.17686083912849426,0.17686083912849426,0.4284450113773346,0.4284450113773346,0.3946942090988159,0.3946942090988159,0.036845918744802475,0.036845918744802475,-0.9396151900291443,-0.9396151900291443,-1.3438032865524292,-1.3438032865524292,0.3620516061782837,0.3620516061782837,0.0,0.0,-0.07875247299671173,-0.07875247299671173,0.19822004437446594,0.19822004437446594,0.5500251054763794,0.5500251054763794,-0.25379320979118347,-0.25379320979118347,-0.09985024482011795,-0.09985024482011795,-65.79830169677734,-65.79830169677734,-42.8934211730957,-42.8934211730957,-31.01739501953125,-31.01739501953125,19.010454177856445,19.010454177856445,0.0,0.0,180.0
370,1.5416666666666667,-0.21280461165725867,9.61009640850693,86.02817870989688,-0.21280461165725867,9.61009640850693,86.02817870989688,5.0,-5.0,0.0,0.0,12.0,0,0.5,0.0,0.0,3.2,3.2,3.2,9.610095024108887,9.61009407043457,9.610095977783203,9.610095977783203,-0.17962811887264252,-0.17922723293304443,6.520716190338135,6.667327404022217,0.1275550127029419,0.1275550127029419,0.0,0.0,nan,nan,12.299224853515625,12.299224853515625,24.59844970703125,0.0,-2.3036234378814697,0.2183850258588791,0.0,0.0,0.0,0.2183850258588791,0.0,-2.3036234378814697,0.0,0.0,0.0,0.6712524890899658,0.6794937252998352,-2.1076245307922363,0.0,0.0,0.0,0.0,-2.3036234378814697,0.2183850258588791,0.0,0.0,0.0,0.2183850258588791,0.0,-2.3036234378814697,-0.0,-0.0,-0.0,0.6712526082992554,-0.6794933080673218,-2.1076245307922363,0.0,0.0,0.0,2.9802322387695312e-08,5.820766091346741e-11,0.6000000238418579,-1.4901161193847656e-08,0.05600002408027649,0.6000000238418579,-1.4901161193847656e-08,-0.055999964475631714,0.6000000238418579,1.3425050973892212,4.172325134277344e-07,-4.215249061584473,0.0,0.0,0.0,-1.2665987014770508e-07,-1.8843631721665588e-07,-3.3527612686157227e-08,29.69633674621582,29.696338653564453,50.22344207763672,50.22344207763672,0.17686083912849426,0.17686083912849426,0.4142872393131256,0.4142872393131256,0.4088520109653473,0.4088520109653473,0.05313779413700104,0.05313779413700104,-1.2504260540008545,-1.2504260540008545,-1.1967494487762451,-1.1967494487762451,0.42664146423339844,0.42664146423339844,0.0,0.0,-0.07944038510322571,-0.07944038510322571,0.2183850258588791,0.2183850258588791,0.5500251054763794,0.5500251054763794,-0.269573837518692,-0.269573837518692,-0.10698913782835007,-0.10698913782835007,-68.5693359375,-68.5693359375,-44.539310455322266,-44.539310455322266,-32.643978118896484,-32.643978118896484,19.308364868164062,19.308364868164062,0.0,0.0,180.0
371,1.5458333333333334,-0.1720630295736276,9.93442404860446,69.55802763037259,-0.1720630295736276,9.93442404860446,69.55802763037259,5.0,-5.0,0.0,0.0,12.0,0,0.5,0.0,0.0,3.2,3.2,3.2,9.934423446655273,9.93442440032959,9.93442440032959,9.93442440032959,-0.13898254930973053,-0.13850978016853333,6.275050163269043,6.445908069610596,0.13185980916023254,0.13185980916023254,0.0,0.0,nan,nan,13.11876392364502,13.11876392364502,26.23752784729004,0.0,-2.410797357559204,0.24606427550315857,0.0,0.0,0.0,0.24606427550315857,0.0,-2.410797357559204,0.0,0.0,0.0,0.7252426743507385,0.6166935563087463,-2.2284979820251465,0.0,0.0,0.0,0.0,-2.410797357559204,0.24606427550315857,0.0,0.0,0.0,0.24606427550315857,0.0,-2.410797357559204,-0.0,-0.0,-0.0,0.7252426743507385,-0.6166930198669434,-2.2284982204437256,0.0,0.0,0.0,2.9802322387695312e-08,5.820766091346741e-11,0.6000000238418579,0.0,0.05600005388259888,0.6000000834465027,0.0,-0.055999964475631714,0.6000000834465027,1.450485348701477,5.364418029785156e-07,-4.456995964050293,0.0,0.0,0.0,-1.7881393432617188e-07,-4.637317374545091e-08,-6.332993507385254e-08,30.067142486572266,30.067142486572266,50.75382995605469,50.75382995605469,0.16216474771499634,0.16216474771499634,0.4148221015930176,0.4148221015930176,0.42301318049430847,0.42301318049430847,0.06213124841451645,0.06213124841451645,-1.539008378982544,-1.539008378982544,-1.0423979759216309,-1.0423979759216309,0.4898812174797058,0.4898812174797058,0.0,0.0,-0.08004043996334076,-0.08004043996334076,0.24606427550315857,0.24606427550315857,0.5500251054763794,0.5500251054763794,-0.28407591581344604,-0.28407591581344604,-0.11252082139253616,-0.11252082139253616,-70.86294555664062,-70.86294555664062,-45.909996032714844,-45.909996032714844,-33.994625091552734,-33.994625091552734,19.555011749267578,19.555011749267578,0.0,0.0,180.0
372,1.55,-0.13011454896465194,10.189068841874874,52.59997696439441,-0.13011454896465194,10.189068841874874,52.59997696439441,5.0,-5.0,0.0,0.0,12.0,0,0.5,0.0,0.0,3.2,3.2,3.2,10.189066886901855,10.189064979553223,10.189069747924805,10.189069747924805,-0.09737163782119751,-0.09683024883270264,5.983852386474609,6.177731037139893,0.13523972034454346,0.13523972034454346,0.0,0.0,nan,nan,13.721851348876953,13.721851348876953,27.443702697753906,0.0,-2.4847750663757324,0.26751089096069336,0.0,0.0,0.0,0.26751089096069336,0.0,-2.4847750663757324,0.0,0.0,0.0,0.7661922574043274,0.5343220829963684,-2.3179988861083984,0.0,0.0,0.0,0.0,-2.4847750663757324,0.26751089096069336,0.0,0.0,0.0,0.26751089096069336,0.0,-2.4847750663757324,-0.0,-0.0,-0.0,0.7661920785903931,-0.5343216061592102,-2.3179991245269775,0.0,0.0,0.0,2.9802322387695312e-08,5.820766091346741e-11,0.6000000238418579,-5.960464477539063e-08,0.05600002408027649,0.6000000238418579,-1.043081283569336e-07,-0.055999934673309326,0.5999999642372131,1.5323843955993652,4.76837158203125e-07,-4.635997772216797,0.0,0.0,0.0,-2.2351741790771484e-07,-5.637817821479985e-07,-5.587935447692871e-08,30.350154876708984,30.350149154663086,51.15026092529297,51.1502571105957,0.16216474771499634,0.16216474771499634,0.40066051483154297,0.40066051483154297,0.43717479705810547,0.43717479705810547,0.07163921743631363,0.07163921743631363,-1.8014448881149292,-1.8014448881149292,-0.8817076683044434,-0.8817076683044434,0.5489175319671631,0.5489175319671631,0.0,0.0,-0.08053116500377655,-0.08053116500377655,0.26751089096069336,0.26751089096069336,0.5500251054763794,0.5500251054763794,-0.29720956087112427,-0.29720956087112427,-0.11641835421323776,-0.11641835421323776,-72.66558837890625,-72.66558837890625,-46.99736404418945,-46.99736404418945,-35.061363220214844,-35.061363220214844,19.74866485595703,19.74866485595703,0.0,0.0,180.0
373,1.5541666666666667,-0.08725340828186545,10.372244638055388,35.272975253043036,-0.08725340828186545,10.372244638055388,35.272975253043036,5.0,-5.0,0.0,0.0,12.0,0,0.5,0.0,0.0,3.2,3.2,3.2,10.37224292755127,10.372241973876953,10.372244834899902,10.372244834899902,-0.05510183423757553,-0.05449541658163071,5.646818161010742,5.862277984619141,0.13767102360725403,0.13767102360725403,0.0,0.0,nan,nan,13.97764778137207,13.97764778137207,27.95529556274414,0.0,-2.5034337043762207,0.26274335384368896,0.0,0.0,0.0,0.26274335384368896,0.0,-2.5034337043762207,0.0,0.0,0.0,0.7696464657783508,0.4330834746360779,-2.357180118560791,0.0,0.0,0.0,0.0,-2.5034337043762207,0.26274335384368896,0.0,0.0,0.0,0.26274335384368896,0.0,-2.5034337043762207,-0.0,-0.0,-0.0,0.769646406173706,-0.4330829083919525,-2.357180118560791,0.0,0.0,0.0,2.9802322387695312e-08,5.820766091346741e-11,0.6000000238418579,-2.9802322387695312e-08,0.05600005388259888,0.6000000238418579,-2.9802322387695312e-08,-0.05599990487098694,0.6000000238418579,1.539292812347412,5.662441253662109e-07,-4.714360237121582,0.0,0.0,0.0,-3.5762786865234375e-07,-2.809977672768582e-07,-1.1920928955078125e-07,30.550846099853516,30.550840377807617,51.42658996582031,51.42658996582031,0.16216474771499634,0.16216474771499634,0.40066051483154297,0.40066051483154297,0.43717479705810547,0.43717479705810547,0.0920536071062088,0.0920536071062088,-2.0341031551361084,-2.0341031551361084,-0.7156213521957397,-0.7156213521957397,0.601064145565033,0.601064145565033,0.0,0.0,-0.08089495450258255,-0.08089495450258255,0.26274335384368896,0.26274335384368896,0.5500251054763794,0.5500251054763794,-0.3088942766189575,-0.3088942766189575,-0.11866599321365356,-0.11866599321365356,-73.96683502197266,-73.96683502197266,-47.795101165771484,-47.795101165771484,-35.83802032470703,-35.83802032470703,19.887969970703125,19.887969970703125,0.0,0.0,180.0
374,1.5583333333333333,-0.043780247631467234,10.482666590547439,17.698558963888576,-0.043780247631467234,10.482666590547439,17.698558963888576,5.0,-5.0,0.0,0.0,12.0,0,0.5,0.0,0.0,3.2,3.2,3.2,10.482666015625,10.482665061950684,10.482666969299316,10.482666969299316,-0.012429925613105297,-0.011762860231101513,5.272672176361084,5.508254051208496,0.1391366571187973,0.1391366571187973,0.0,0.0,nan,nan,14.178279876708984,14.178279876708984,28.35655975341797,0.0,-2.5254220962524414,0.28805485367774963,0.0,0.0,0.0,0.28805485367774963,0.0,-2.5254220962524414,0.0,0.0,0.0,0.8023664951324463,0.3283762037754059,-2.389374256134033,0.0,0.0,0.0,0.0,-2.5254220962524414,0.28805485367774963,0.0,0.0,0.0,0.28805485367774963,0.0,-2.5254220962524414,-0.0,-0.0,-0.0,0.8023664951324463,-0.3283756375312805,-2.389374256134033,0.0,0.0,0.0,2.9802322387695312e-08,5.820766091346741e-11,0.6000000238418579,-7.450580596923828e-08,0.05600002408027649,0.6000000238418579,1.4901161193847656e-08,-0.055999964475631714,0.6000000238418579,1.6047329902648926,5.662441253662109e-07,-4.778748512268066,0.0,0.0,0.0,-1.4901161193847656e-07,-2.848356075446645e-07,-7.82310962677002e-08,30.673311233520508,30.673315048217773,51.59248352050781,51.592491149902344,0.16216474771499634,0.16216474771499634,0.3865005671977997,0.3865005671977997,0.45133471488952637,0.45133471488952637,0.0920536071062088,0.0920536071062088,-2.233773708343506,-2.233773708343506,-0.545070230960846,-0.545070230960846,0.6439345479011536,0.6439345479011536,0.0,0.0,-0.081118643283844,-0.081118643283844,0.28805485367774963,0.28805485367774963,0.5500251054763794,0.5500251054763794,-0.31905844807624817,-0.31905844807624817,-0.11925835907459259,-0.11925835907459259,-74.75922393798828,-74.75922393798828,-48.298641204833984,-48.298641204833984,-36.32017517089844,-36.32017517089844,19.97194480895996,19.97194480895996,0.0,0.0,180.0
375,1.5625,-6.407352053138953e-16,10.519560168692351,2.590229709741635e-13,-6.407352053138953e-16,10.519560168692351,2.590229709741635e-13,5.0,-5.0,0.0,0.0,12.0,0,0.5,0.0,0.0,3.2,3.2,3.2,10.519556045532227,10.519559860229492,10.519559860229492,10.519560813903809,0.0303034670650959,0.031026676297187805,4.857425689697266,5.111388206481934,0.13962633907794952,0.13962633907794952,0.0,0.0,nan,nan,14.002890586853027,14.002890586853027,28.005781173706055,0.0,-2.4895291328430176,0.28657329082489014,0.0,0.0,0.0,0.28657329082489014,0.0,-2.4895291328430176,0.0,0.0,0.0,0.7959718704223633,0.21536652743816376,-2.3664162158966064,0.0,0.0,0.0,0.0,-2.4895291328430176,0.28657329082489014,0.0,0.0,0.0,0.28657329082489014,0.0,-2.4895291328430176,-0.0,-0.0,-0.0,0.7959719896316528,-0.21536600589752197,-2.3664162158966064,0.0,0.0,0.0,2.9802322387695312e-08,5.820766091346741e-11,0.6000000238418579,-8.940696716308594e-08,0.05600005388259888,0.6000000238418579,4.470348358154297e-08,-0.055999964475631714,0.6000000238418579,1.5919438600540161,5.21540641784668e-07,-4.732832431793213,0.0,0.0,0.0,-2.086162567138672e-07,-2.4683643573553127e-07,-9.685754776000977e-08,30.720157623291016,30.72016143798828,51.65367126464844,51.65367889404297,0.16216474771499634,0.16216474771499634,0.3865005671977997,0.3865005671977997,0.45133471488952637,0.45133471488952637,0.10289160162210464,0.10289160162210464,-2.3977932929992676,-2.3977932929992676,-0.37098217010498047,-0.37098217010498047,0.6755634546279907,0.6755634546279907,0.0,0.0,-0.08119413256645203,-0.08119413256645203,0.28657329082489014,0.28657329082489014,0.5500251054763794,0.5500251054763794,-0.3276394307613373,-0.3276394307613373,-0.11819988489151001,-0.11819988489151001,-75.03823852539062,-75.03823852539062,-48.505104064941406,-48.505104064941406,-36.505104064941406,-36.505104064941406,20.0,20.0,0.0,0.0,180.0
376,1.5666666666666667,0.04378024763146596,10.482666590547442,-17.69855896388806,0.04378024763146596,10.482666590547442,-17.69855896388806,5.0,-5.0,0.0,0.0,12.0,0,0.5,0.0,0.0,3.2,3.2,3.2,10.482666969299316,10.482665061950684,10.482666969299316,10.482666969299316,0.07282542437314987,0.07359971851110458,4.408284664154053,4.678859233856201,0.1391366571187973,0.1391366571187973,0.0,0.0,nan,nan,13.65489387512207,13.65489387512207,27.30978775024414,0.0,-2.4357106685638428,0.2984921932220459,0.0,0.0,0.0,0.2984921932220459,0.0,-2.4357106685638428,0.0,0.0,0.0,0.797916829586029,0.10430653393268585,-2.318239212036133,0.0,0.0,0.0,0.0,-2.4357106685638428,0.2984921932220459,0.0,0.0,0.0,0.2984921932220459,0.0,-2.4357106685638428,-0.0,-0.0,-0.0,0.7979167103767395,-0.10430599749088287,-2.318239212036133,0.0,0.0,0.0,2.9802322387695312e-08,5.820766091346741e-11,0.6000000238418579,0.0,0.05600002408027649,0.6000000238418579,-7.450580596923828e-09,-0.055999964475631714,0.6000000238418579,1.5958335399627686,5.364418029785156e-07,-4.636478424072266,0.0,0.0,0.0,-1.341104507446289e-07,-1.5545005283001956e-07,-5.587935447692871e-08,30.692440032958984,30.69243812561035,51.6121711730957,51.6121711730957,0.16216474771499634,0.16216474771499634,0.3865005671977997,0.3865005671977997,0.45133471488952637,0.45133471488952637,0.10289160162210464,0.10289160162210464,-2.5241403579711914,-2.5241403579711914,-0.1942918449640274,-0.1942918449640274,0.6945055723190308,0.6945055723190308,0.0,0.0,-0.081118643283844,-0.081118643283844,0.2984921932220459,0.2984921932220459,0.5500251054763794,0.5500251054763794,-0.3345832824707031,-0.3345832824707031,-0.11550433188676834,-0.11550433188676834,-74.80229187011719,-74.80229187011719,-48.41332244873047,-48.41332244873047,-36.391788482666016,-36.391788482666016,19.97194480895996,19.97194480895996,0.0,0.0,180.0
377,1.5708333333333333,0.08725340828186419,10.372244638055392,-35.272975253042524,0.08725340828186419,10.372244638055392,-35.272975253042524,5.0,-5.0,0.0,0.0,12.0,0,0.5,0.0,0.0,3.2,3.2,3.2,10.372244834899902,10.372241973876953,10.372244834899902,10.372244834899902,0.11483742296695709,0.11565737426280975,3.9283628463745117,4.213652610778809,0.13767102360725403,0.13767102360725403,0.0,0.0,nan,nan,13.138277053833008,13.138277053833008,26.276554107666016,0.0,-2.3639440536499023,0.3253336548805237,0.0,0.0,0.0,0.3253336548805237,0.0,-2.3639440536499023,0.0,0.0,0.0,0.8097151517868042,-0.0015036483528092504,-2.244645357131958,0.0,0.0,0.0,0.0,-2.3639440536499023,0.3253336548805237,0.0,0.0,0.0,0.3253336548805237,0.0,-2.3639440536499023,-0.0,-0.0,-0.0,0.8097150921821594,0.0015041462611407042,-2.244645357131958,0.0,0.0,0.0,2.9802322387695312e-08,5.820766091346741e-11,0.6000000238418579,-7.450580596923828e-08,0.05600002408027649,0.6000000238418579,-5.960464477539063e-08,-0.055999934673309326,0.6000000238418579,1.6194303035736084,4.979083314538002e-07,-4.489290714263916,0.0,0.0,0.0,-1.9371509552001953e-07,-4.348216862126719e-07,-7.82310962677002e-08,30.58956527709961,30.589563369750977,51.4663200378418,51.46631622314453,0.16216474771499634,0.16216474771499634,0.40066051483154297,0.40066051483154297,0.43717479705810547,0.43717479705810547,0.0920536071062088,0.0920536071062088,-2.6114978790283203,-2.6114978790283203,-0.01595245487987995,-0.01595245487987995,0.6999051570892334,0.6999051570892334,0.0,0.0,-0.08089495450258255,-0.08089495450258255,0.3253336548805237,0.3253336548805237,0.5500251054763794,0.5500251054763794,-0.3398449420928955,-0.3398449420928955,-0.11119413375854492,-0.11119413375854492,-74.05267333984375,-74.05267333984375,-48.02378463745117,-48.02378463745117,-35.980865478515625,-35.980865478515625,19.887969970703125,19.887969970703125,0.0,0.0,180.0
378,1.575,0.1301145489646507,10.18906884187488,-52.5999769643939,0.1301145489646507,10.18906884187488,-52.5999769643939,5.0,-5.0,0.0,0.0,12.0,0,0.5,0.0,0.0,3.2,3.2,3.2,10.189068794250488,10.189066886901855,10.189069747924805,10.189069747924805,0.15601707994937897,0.15687713027000427,3.4165797233581543,3.7144956588745117,0.13523972034454346,0.13523972034454346,0.0,0.0,nan,nan,12.26901912689209,12.26901912689209,24.53803825378418,0.0,-2.233710289001465,0.32290419936180115,0.0,0.0,0.0,0.32290419936180115,0.0,-2.233710289001465,0.0,0.0,0.0,0.7798225283622742,-0.09712855517864227,-2.115696668624878,0.0,0.0,0.0,0.0,-2.233710289001465,0.32290419936180115,0.0,0.0,0.0,0.32290419936180115,0.0,-2.233710289001465,-0.0,-0.0,-0.0,0.779822587966919,0.0971289798617363,-2.115696668624878,0.0,0.0,0.0,2.9802322387695312e-08,5.820766091346741e-11,0.6000000238418579,-2.9802322387695312e-08,0.05600005388259888,0.6000000238418579,-2.2351741790771484e-08,-0.055999964475631714,0.6000000238418579,1.559645175933838,4.246830940246582e-07,-4.231393337249756,0.0,0.0,0.0,-1.862645149230957e-07,-2.3644753355256398e-07,-6.332993507385254e-08,30.40932273864746,30.40932273864746,51.21076583862305,51.21076583862305,0.16216474771499634,0.16216474771499634,0.40066051483154297,0.40066051483154297,0.43717479705810547,0.43717479705810547,0.0920536071062088,0.0920536071062088,-2.659290075302124,-2.659290075302124,0.16305354237556458,0.16305354237556458,0.691534161567688,0.691534161567688,0.0,0.0,-0.08053116500377655,-0.08053116500377655,0.32290419936180115,0.32290419936180115,0.5500251054763794,0.5500251054763794,-0.34338799118995667,-0.34338799118995667,-0.10530014336109161,-0.10530014336109161,-72.7935791015625,-72.7935791015625,-47.33867263793945,-47.33867263793945,-35.27467346191406,-35.27467346191406,19.74866485595703,19.74866485595703,0.0,0.0,180.0
379,1.5791666666666666,0.17206302957362637,9.93442404860447,-69.5580276303721,0.17206302957362637,9.93442404860447,-69.5580276303721,5.0,-5.0,0.0,0.0,12.0,0,0.5,0.0,0.0,3.2,3.2,3.2,9.93442153930664,9.934420585632324,9.934423446655273,9.934423446655273,0.1961033046245575,0.19699741899967194,2.880990505218506,3.189445972442627,0.13185980916023254,0.13185980916023254,0.0,0.0,nan,nan,11.273716926574707,11.273716926574707,22.547433853149414,0.0,-2.08703875541687,0.33459872007369995,0.0,0.0,0.0,0.33459872007369995,0.0,-2.08703875541687,0.0,0.0,0.0,0.7596229314804077,-0.1781114935874939,-1.9644176959991455,0.0,0.0,0.0,0.0,-2.08703875541687,0.33459872007369995,0.0,0.0,0.0,0.33459872007369995,0.0,-2.08703875541687,-0.0,-0.0,-0.0,0.7596229314804077,0.1781119406223297,-1.964417576789856,0.0,0.0,0.0,2.9802322387695312e-08,5.820766091346741e-11,0.6000000238418579,-9.685754776000977e-08,0.055999964475631714,0.6000000238418579,-1.043081283569336e-07,-0.055999934673309326,0.6000000238418579,1.5192458629608154,4.470348358154297e-07,-3.928835391998291,0.0,0.0,0.0,-6.705522537231445e-08,-5.12261806306924e-07,-2.60770320892334e-08,30.147859573364258,30.147859573364258,50.836212158203125,50.836212158203125,0.16216474771499634,0.16216474771499634,0.4148221015930176,0.4148221015930176,0.42301318049430847,0.42301318049430847,0.08162510395050049,0.08162510395050049,-2.667684555053711,-2.667684555053711,0.341704398393631,0.341704398393631,0.6697961688041687,0.6697961688041687,0.0,0.0,-0.08004043996334076,-0.08004043996334076,0.33459872007369995,0.33459872007369995,0.5500251054763794,0.5500251054763794,-0.34518536925315857,-0.34518536925315857,-0.0978614017367363,-0.0978614017367363,-71.0322036743164,-71.0322036743164,-46.36188888549805,-46.36188888549805,-34.277259826660156,-34.277259826660156,19.555011749267578,19.555011749267578,0.0,0.0,180.0
380,1.5833333333333333,0.2128046116572575,9.61009640850694,-86.02817870989641,0.2128046116572575,9.61009640850694,-86.02817870989641,5.0,-5.0,0.0,0.0,12.0,0,0.5,0.0,0.0,3.2,3.2,3.2,9.610095024108887,9.61009407043457,9.610095977783203,9.610095977783203,0.23480167984962463,0.23572362959384918,2.3232007026672363,2.6399898529052734,0.1275550127029419,0.1275550127029419,0.0,0.0,nan,nan,10.088447570800781,10.088447570800781,20.176895141601562,0.0,-1.9051073789596558,0.3375093936920166,0.0,0.0,0.0,0.3375093936920166,0.0,-1.9051073789596558,0.0,0.0,0.0,0.7230781316757202,-0.23976221680641174,-1.7784876823425293,0.0,0.0,0.0,0.0,-1.9051073789596558,0.3375093936920166,0.0,0.0,0.0,0.3375093936920166,0.0,-1.9051073789596558,-0.0,-0.0,-0.0,0.7230781316757202,0.23976269364356995,-1.7784876823425293,0.0,0.0,0.0,2.9802322387695312e-08,5.820766091346741e-11,0.6000000238418579,-5.960464477539063e-08,0.05600005388259888,0.6000000238418579,-8.940696716308594e-08,-0.055999934673309326,0.6000000834465027,1.4461562633514404,4.76837158203125e-07,-3.5569753646850586,0.0,0.0,0.0,-2.2351741790771484e-07,-3.279226348240627e-07,-9.313225746154785e-08,29.7998104095459,29.7998104095459,50.329254150390625,50.329254150390625,0.17686083912849426,0.17686083912849426,0.4142872393131256,0.4142872393131256,0.4088520109653473,0.4088520109653473,0.07163921743631363,0.07163921743631363,-2.637561559677124,-2.637561559677124,0.5189313292503357,0.5189313292503357,0.6356925964355469,0.6356925964355469,0.0,0.0,-0.07944038510322571,-0.07944038510322571,0.3375093936920166,0.3375093936920166,0.5500251054763794,0.5500251054763794,-0.3452191650867462,-0.3452191650867462,-0.0889248326420784,-0.0889248326420784,-68.77867889404297,-68.77867889404297,-45.09904098510742,-45.09904098510742,-32.99436950683594,-32.99436950683594,19.308364868164062,19.308364868164062,0.0,0.0,180.0
381,1.5875,0.25205352229001554,9.21836084694848,-101.89490392693196,0.25205352229001554,9.21836084694848,-101.89490392693196,5.0,-5.0,0.0,0.0,12.0,0,0.5,0.0,0.0,3.2,3.2,3.2,9.218360900878906,9.218358993530273,9.21835994720459,9.218360900878906,0.27184125781059265,0.2727847099304199,1.7472285032272339,2.070098638534546,0.12235549092292786,0.12235549092292786,0.0,0.0,nan,nan,8.756246566772461,8.756246566772461,17.512493133544922,0.0,-1.690088152885437,0.33104151487350464,0.0,0.0,0.0,0.33104151487350464,0.0,-1.690088152885437,0.0,0.0,0.0,0.6703983545303345,-0.27832818031311035,-1.5617573261260986,0.0,0.0,0.0,0.0,-1.690088152885437,0.33104151487350464,0.0,0.0,0.0,0.33104151487350464,0.0,-1.690088152885437,-0.0,-0.0,-0.0,0.6703983545303345,0.2783285677433014,-1.561757206916809,0.0,0.0,0.0,2.9802322387695312e-08,5.820766091346741e-11,0.6000000238418579,-1.4901161193847656e-08,0.05600002408027649,0.6000000238418579,-7.450580596923828e-08,-0.055999964475631714,0.6000000238418579,1.340796709060669,3.8743019104003906e-07,-3.1235146522521973,0.0,0.0,0.0,-9.685754776000977e-08,-2.3271996951734764e-07,-5.960464477539063e-08,29.358362197875977,29.35836410522461,49.671852111816406,49.67185974121094,0.17686083912849426,0.17686083912849426,0.4284450113773346,0.4284450113773346,0.3946942090988159,0.3946942090988159,0.06213124841451645,0.06213124841451645,-2.5704574584960938,-2.5704574584960938,0.6936150193214417,0.6936150193214417,0.5907623767852783,0.5907623767852783,0.0,0.0,-0.07875247299671173,-0.07875247299671173,0.33104151487350464,0.33104151487350464,0.5500251054763794,0.5500251054763794,-0.3434816300868988,-0.3434816300868988,-0.07854551076889038,-0.07854551076889038,-66.04624938964844,-66.04624938964844,-43.557525634765625,-43.557525634765625,-31.433547973632812,-31.433547973632812,19.010454177856445,19.010454177856445,0.0,0.0,180.0
382,1.5916666666666666,0.28953445856411664,8.761965107431788,-117.04690960430817,0.28953445856411664,8.761965107431788,-117.04690960430817,5.0,-5.0,0.0,0.0,12.0,0,0.5,0.0,0.0,3.2,3.2,3.2,8.761963844299316,8.761962890625,8.761964797973633,8.761964797973633,0.30696311593055725,0.3079216182231903,1.1572511196136475,1.4838964939117432,0.11629774421453476,0.11629774421453476,0.0,0.0,nan,nan,7.325468063354492,7.325468063354492,14.650936126708984,0.0,-1.4446325302124023,0.315110981464386,0.0,0.0,0.0,0.315110981464386,0.0,-1.4446325302124023,0.0,0.0,0.0,0.6024181246757507,-0.29113295674324036,-1.318556785583496,0.0,0.0,0.0,0.0,-1.4446325302124023,0.315110981464386,0.0,0.0,0.0,0.315110981464386,0.0,-1.4446325302124023,-0.0,-0.0,-0.0,0.6024181246757507,0.2911333441734314,-1.318556785583496,0.0,0.0,0.0,2.9802322387695312e-08,5.820766091346741e-11,0.6000000238418579,5.21540641784668e-08,0.056000083684921265,0.6000000238418579,-1.4901161193847656e-08,-0.055999934673309326,0.6000000238418579,1.2048362493515015,3.8743019104003906e-07,-2.637113571166992,0.0,0.0,0.0,-2.0116567611694336e-07,-2.9472040807831945e-08,-1.0803341865539551e-07,28.815385818481445,28.815385818481445,48.84086227416992,48.84086227416992,0.17686083912849426,0.17686083912849426,0.442595511674881,0.442595511674881,0.38054367899894714,0.38054367899894714,0.05313779413700104,0.05313779413700104,-2.468468427658081,-2.468468427658081,0.8645848035812378,0.8645848035812378,0.5369886755943298,0.5369886755943298,0.0,0.0,-0.07800103724002838,-0.07800103724002838,0.315110981464386,0.315110981464386,0.5500251054763794,0.5500251054763794,-0.339974969625473,-0.339974969625473,-0.06678640842437744,-0.06678640842437744,-62.851280212402344,-62.851280212402344,-41.74654769897461,-41.74654769897461,-29.604137420654297,-29.604137420654297,18.66337013244629,18.66337013244629,0.0,0.0,180.0
383,1.5958333333333332,0.3249845186416118,8.244110478149704,-131.37791530889865,0.3249845186416118,8.244110478149704,-131.37791530889865,5.0,-5.0,0.0,0.0,12.0,0,0.5,0.0,0.0,3.2,3.2,3.2,8.244109153747559,8.244109153747559,8.244110107421875,8.244110107421875,0.33993449807167053,0.3409012258052826,0.5595709681510925,0.8877114057540894,0.10942424833774567,0.10942424833774567,0.0,0.0,nan,nan,5.931056022644043,5.931056022644043,11.862112045288086,0.0,-1.1903667449951172,0.3062489628791809,0.0,0.0,0.0,0.3062489628791809,0.0,-1.1903667449951172,0.0,0.0,0.0,0.5400496125221252,-0.28106507658958435,-1.067759394645691,0.0,0.0,0.0,0.0,-1.1903667449951172,0.3062489628791809,0.0,0.0,0.0,0.3062489628791809,0.0,-1.1903667449951172,-0.0,-0.0,-0.0,0.5400496125221252,0.28106531500816345,-1.067759394645691,0.0,0.0,0.0,2.9802322387695312e-08,5.820766091346741e-11,0.6000000238418579,2.2351741790771484e-08,0.05600002408027649,0.6000000238418579,-5.960464477539063e-08,-0.055999964475631714,0.6000000238418579,1.0800992250442505,2.384185791015625e-07,-2.135518789291382,0.0,0.0,0.0,-6.332993507385254e-08,-1.0342055389855886e-07,-5.4016709327697754e-08,28.16154670715332,28.16154670715332,47.80735778808594,47.80735778808594,0.17686083912849426,0.17686083912849426,0.4708550274372101,0.4708550274372101,0.35228419303894043,0.35228419303894043,0.036845918744802475,0.036845918744802475,-2.3341426849365234,-2.3341426849365234,1.030624270439148,1.030624270439148,0.4766918122768402,0.4766918122768402,0.0,0.0,-0.07721249014139175,-0.07721249014139175,0.3062489628791809,0.3062489628791809,0.5500251054763794,0.5500251054763794,-0.3347128629684448,-0.3347128629684448,-0.05371897295117378,-0.05371897295117378,-59.21332931518555,-59.21332931518555,-39.67715072631836,-39.67715072631836,-27.517303466796875,-27.517303466796875,18.269546508789062,18.269546508789062,0.0,0.0,180.0
384,1.6,0.3581550458218905,7.668429337248604,-144.7873993324991,0.3581550458218905,7.668429337248604,-144.7873993324991,5.0,-5.0,0.0,0.0,12.0,0,0.5,0.0,0.0,3.2,3.2,3.2,7.668428897857666,7.668426990509033,7.668429374694824,7.668429374694824,0.370510458946228,0.3714786767959595,-0.04379791021347046,0.28349900245666504,0.10178322345018387,0.10178322345018387,0.0,0.0,nan,nan,4.524198055267334,4.524198055267334,9.048396110534668,0.0,-0.9088667631149292,0.28370341658592224,0.0,0.0,0.0,0.28370341658592224,0.0,-0.9088667631149292,0.0,0.0,0.0,0.4595438241958618,-0.24376994371414185,-0.7974472045898438,0.0,0.0,0.0,0.0,-0.9088667631149292,0.28370341658592224,0.0,0.0,0.0,0.28370341658592224,0.0,-0.9088667631149292,-0.0,-0.0,-0.0,0.4595438539981842,0.24377010762691498,-0.7974472045898438,0.0,0.0,0.0,2.9802322387695312e-08,5.820766091346741e-11,0.6000000238418579,7.450580596923828e-09,0.05600002408027649,0.6000000238418579,-7.450580596923828e-08,-0.055999934673309326,0.6000000238418579,0.9190876483917236,1.6391277313232422e-07,-1.5948944091796875,0.0,0.0,0.0,-7.078051567077637e-08,-1.0100455938300001e-07,-5.960464477539063e-08,27.38654899597168,27.38654899597168,46.53596496582031,46.53596496582031,0.17686083912849426,0.17686083912849426,0.5130407214164734,0.5130407214164734,0.31009846925735474,0.31009846925735474,0.023084618151187897,0.023084618151187897,-2.1703362464904785,-2.1703362464904785,1.1904804706573486,1.1904804706573486,0.41240477561950684,0.41240477561950684,0.0,0.0,-0.0764143317937851,-0.0764143317937851,0.28370341658592224,0.28370341658592224,0.5500251054763794,0.5500251054763794,-0.3277202248573303,-0.3277202248573303,-0.039422933012247086,-0.039422933012247086,-55.155208587646484,-55.155208587646484,-37.36227035522461,-37.36227035522461,-25.186107635498047,-25.186107635498047,17.831748962402344,17.831748962402344,0.0,0.0,180.0
385,1.6041666666666667,0.3888133726897739,7.038959674305578,-157.1813037793849,0.3888133726897739,7.038959674305578,-157.1813037793849,5.0,-5.0,0.0,0.0,12.0,0,0.5,0.0,0.0,3.2,3.2,3.2,7.038959980010986,7.038959503173828,7.038959503173828,7.038959503173828,0.39849087595939636,0.39945387840270996,-0.6463235020637512,-0.3221508860588074,0.09342825412750244,0.09342825412750244,0.0,0.0,nan,nan,3.2416629791259766,3.2416629791259766,6.483325958251953,0.0,-0.6232374906539917,0.26232975721359253,0.0,0.0,0.0,0.26232975721359253,0.0,-0.6232374906539917,0.0,0.0,0.0,0.38030362129211426,-0.18548639118671417,-0.5274522304534912,0.0,0.0,0.0,0.0,-0.6232374906539917,0.26232975721359253,0.0,0.0,0.0,0.26232975721359253,0.0,-0.6232374906539917,-0.0,-0.0,-0.0,0.38030359148979187,0.18548646569252014,-0.5274522304534912,0.0,0.0,0.0,2.9802322387695312e-08,5.820766091346741e-11,0.6000000238418579,-4.470348358154297e-08,0.0559999942779541,0.6000000238418579,8.195638656616211e-08,-0.0559999942779541,0.6000000834465027,0.7606072425842285,7.450580596923828e-08,-1.0549044609069824,0.0,0.0,0.0,-1.1175870895385742e-08,1.0878384415491382e-08,2.0489096641540527e-08,26.479398727416992,26.479394912719727,44.98423385620117,44.984230041503906,0.1915258765220642,0.1915258765220642,0.5401012301445007,0.5401012301445007,0.26837289333343506,0.26837289333343506,0.004546067211776972,0.004546067211776972,-1.980057954788208,-1.980057954788208,1.3428773880004883,1.3428773880004883,0.3467501997947693,0.3467501997947693,0.0,0.0,-0.07563425600528717,-0.07563425600528717,0.26232975721359253,0.26232975721359253,0.5500251054763794,0.5500251054763794,-0.31903430819511414,-0.31903430819511414,-0.02398669347167015,-0.02398669347167015,-50.702972412109375,-50.702972412109375,-34.81670379638672,-34.81670379638672,-22.625465393066406,-22.625465393066406,17.353044509887695,17.353044509887695,0.0,0.0,180.0
386,1.6083333333333334,0.416744453110259,6.360116766732905,-168.4726943148683,0.416744453110259,6.360116766732905,-168.4726943148683,5.0,-5.0,0.0,0.0,12.0,0,0.5,0.0,0.0,3.2,3.2,3.2,6.360116004943848,6.360115051269531,6.360116958618164,6.360116958618164,0.4236419200897217,0.42459312081336975,-1.2498058080673218,-0.9311451315879822,0.08441796153783798,0.08441796153783798,0.0,0.0,nan,nan,1.8842790126800537,1.8842790126800537,3.7685580253601074,0.0,-0.2797703146934509,0.20742464065551758,0.0,0.0,0.0,0.20742464065551758,0.0,-0.2797703146934509,0.0,0.0,0.0,0.2579183876514435,-0.09069126844406128,-0.21575358510017395,0.0,0.0,0.0,0.0,-0.2797703146934509,0.20742464065551758,0.0,0.0,0.0,0.20742464065551758,0.0,-0.2797703146934509,-0.0,-0.0,-0.0,0.2579183876514435,0.09069131314754486,-0.21575358510017395,0.0,0.0,0.0,2.9802322387695312e-08,5.820766091346741e-11,0.6000000238418579,-5.21540641784668e-08,0.0559999942779541,0.6000000238418579,-8.940696716308594e-08,-0.055999964475631714,0.6000000238418579,0.515836775302887,4.470348358154297e-08,-0.4315071702003479,0.0,0.0,0.0,-6.51925802230835e-09,-4.3402216931553994e-08,-1.1175870895385742e-08,25.428874969482422,25.42887306213379,43.102203369140625,43.102203369140625,0.1915258765220642,0.1915258765220642,0.5944413542747498,0.5944413542747498,0.21403278410434723,0.21403278410434723,0.0,0.0,-1.7663062810897827,-1.7663062810897827,1.4865360260009766,1.4865360260009766,0.2823239266872406,0.2823239266872406,0.0,0.0,-0.07489929348230362,-0.07489929348230362,0.20742464065551758,0.20742464065551758,0.5500251054763794,0.5500251054763794,-0.30870485305786133,-0.30870485305786133,-0.00750750582665205,-0.00750750582665205,-45.8858757019043,-45.8858757019043,-32.057132720947266,-32.057132720947266,-19.85215187072754,-19.85215187072754,16.836793899536133,16.836793899536133,0.0,0.0,180.0
387,1.6125,0.4417523706226543,5.636662209779134,-178.5823699471977,0.4417523706226543,5.636662209779134,-178.5823699471977,5.0,-5.0,0.0,0.0,12.0,0,0.5,0.0,0.0,3.2,3.2,3.2,5.636660099029541,5.636661052703857,5.636662006378174,5.636662006378174,0.4458081126213074,0.446740984916687,-1.8466615676879883,-1.5357905626296997,0.074815534055233,0.074815534055233,0.0,0.0,nan,nan,0.6426632404327393,0.6426632404327393,1.2853264808654785,0.0,0.0882977768778801,0.1473601758480072,0.0,0.0,0.0,0.1473601758480072,0.0,0.0882977768778801,0.0,0.0,0.0,0.1269274652004242,0.030702628195285797,0.11161670088768005,0.0,0.0,0.0,0.0,0.0882977768778801,0.1473601758480072,0.0,0.0,0.0,0.1473601758480072,0.0,0.0882977768778801,-0.0,-0.0,-0.0,0.1269274652004242,-0.030702654272317886,0.11161669343709946,0.0,0.0,0.0,2.9802322387695312e-08,5.820766091346741e-11,0.6000000238418579,-1.1175870895385742e-07,0.05600005388259888,0.6000000238418579,-2.2351741790771484e-08,-0.055999964475631714,0.6000000238418579,0.2538549304008484,-2.60770320892334e-08,0.2232334017753601,0.0,0.0,0.0,1.0244548320770264e-08,2.16218403181756e-08,-1.3969838619232178e-08,24.224254608154297,24.224254608154297,40.83285140991211,40.83285140991211,0.20615608990192413,0.20615608990192413,0.6562954783439636,0.6562954783439636,0.13754841685295105,0.13754841685295105,0.0,0.0,-1.531897783279419,-1.531897783279419,1.6201953887939453,1.6201953887939453,0.2215951830148697,0.2215951830148697,0.0,0.0,-0.07423502206802368,-0.07423502206802368,0.1473601758480072,0.1473601758480072,0.5500251054763794,0.5500251054763794,-0.2967948317527771,-0.2967948317527771,0.0099087068811059,0.0099087068811059,-40.73635482788086,-40.73635482788086,-29.102060317993164,-29.102060317993164,-16.884780883789062,-16.884780883789062,16.2866153717041,16.2866153717041,0.0,0.0,180.0
388,1.6166666666666667,0.463661712653772,4.873670517359971,-187.43941856560323,0.463661712653772,4.873670517359971,-187.43941856560323,5.0,-5.0,0.0,0.0,12.0,0,0.5,0.0,0.0,3.2,3.2,3.2,4.873669147491455,4.873669147491455,4.87367057800293,4.87367057800293,0.4648441672325134,0.46575209498405457,-2.4310598373413086,-2.13016676902771,0.06468833237886429,0.06468833237886429,0.0,0.0,nan,nan,-0.3780896067619324,-0.3780896067619324,-0.7561792135238647,0.0,0.4633260667324066,0.09316865354776382,0.0,0.0,0.0,0.09316865354776382,0.0,0.4633260667324066,0.0,0.0,0.0,0.0015685046091675758,0.17058458924293518,0.44073787331581116,0.0,0.0,0.0,0.0,0.4633260667324066,0.09316865354776382,0.0,0.0,0.0,0.09316865354776382,0.0,0.4633260667324066,-0.0,-0.0,-0.0,0.0015685235848650336,-0.17058470845222473,0.44073784351348877,0.0,0.0,0.0,2.9802322387695312e-08,5.820766091346741e-11,0.6000000238418579,-9.685754776000977e-08,0.05600005388259888,0.6000000238418579,-5.21540641784668e-08,-0.055999934673309326,0.6000000238418579,0.0031370283104479313,-1.1920928955078125e-07,0.8814756870269775,0.0,0.0,0.0,5.4016709327697754e-08,9.194508265863988e-08,-6.759364623576403e-09,22.856346130371094,22.856342315673828,38.1137809753418,38.1137809753418,0.22074872255325317,0.22074872255325317,0.726113498210907,0.726113498210907,0.05313779413700104,0.05313779413700104,0.0,0.0,-1.279310941696167,-1.279310941696167,1.7426371574401855,1.7426371574401855,0.16683363914489746,0.16683363914489746,0.0,0.0,-0.07366497814655304,-0.07366497814655304,0.09316865354776382,0.09316865354776382,0.5500251054763794,0.5500251054763794,-0.2833802103996277,-0.2833802103996277,0.02814730815589428,0.02814730815589428,-35.289794921875,-35.289794921875,-25.971742630004883,-25.971742630004883,-13.743685722351074,-13.743685722351074,15.706368446350098,15.706368446350098,0.0,0.0,180.0
389,1.6208333333333333,0.48231880091110285,4.07649352798903,-194.98171433780684,0.48231880091110285,4.07649352798903,-194.98171433780684,5.0,-5.0,0.0,0.0,12.0,0,0.5,0.0,0.0,3.2,3.2,3.2,4.0764923095703125,4.076493740081787,4.076493740081787,4.076493740081787,0.4806169867515564,0.4814937114715576,-2.998837471008301,-2.71004056930542,0.05410738289356232,0.05410738289356232,0.0,0.0,nan,nan,-1.1440224647521973,-1.1440224647521973,-2.2880449295043945,0.0,0.8421628475189209,0.046856749802827835,0.0,0.0,0.0,0.046856749802827835,0.0,0.8421628475189209,0.0,0.0,0.0,-0.11573216319084167,0.3246162235736847,0.7698469161987305,0.0,0.0,0.0,0.0,0.8421628475189209,0.046856749802827835,0.0,0.0,0.0,0.046856749802827835,0.0,0.8421628475189209,-0.0,-0.0,-0.0,-0.11573216319084167,-0.3246164321899414,0.7698467969894409,0.0,0.0,0.0,2.9802322387695312e-08,5.820766091346741e-11,0.6000000238418579,-1.341104507446289e-07,0.05600002408027649,0.6000000238418579,1.4901161193847656e-08,-0.05600002408027649,0.6000000834465027,-0.23146432638168335,-2.086162567138672e-07,1.5396937131881714,0.0,0.0,0.0,2.60770320892334e-08,1.3076117966193124e-07,-4.842877388000488e-08,21.31908416748047,21.31908416748047,34.881690979003906,34.881690979003906,0.23530198633670807,0.23530198633670807,0.7646980285644531,0.7646980285644531,0.0,0.0,0.0,0.0,-1.010549783706665,-1.010549783706665,1.852712631225586,1.852712631225586,0.12006686627864838,0.12006686627864838,0.0,0.0,-0.07321010529994965,-0.07321010529994965,0.046856749802827835,0.046856749802827835,0.5500251054763794,0.5500251054763794,-0.26854994893074036,-0.26854994893074036,0.04708539694547653,0.04708539694547653,-29.58440399169922,-29.58440399169922,-22.68806266784668,-22.68806266784668,-10.450830459594727,-10.450830459594727,15.10012435913086,15.10012435913086,0.0,0.0,180.0
390,1.625,0.49759276932562413,3.250722865475738,-201.15635347809985,0.49759276932562413,3.250722865475738,-201.15635347809985,5.0,-5.0,0.0,0.0,12.0,0,0.5,0.0,0.0,3.2,3.2,3.2,3.250722646713257,3.2507224082946777,3.250722885131836,3.250722885131836,0.493015855550766,0.4938552677631378,-3.546020746231079,-3.2713561058044434,0.04314691200852394,0.04314691200852394,0.0,0.0,nan,nan,-1.63008713722229,-1.63008713722229,-3.26017427444458,0.0,1.2223224639892578,0.010183332487940788,0.0,0.0,0.0,0.010183332487940788,0.0,1.2223224639892578,0.0,0.0,0.0,-0.2230125367641449,0.4883224368095398,1.0981723070144653,0.0,0.0,0.0,0.0,1.2223224639892578,0.010183332487940788,0.0,0.0,0.0,0.010183332487940788,0.0,1.2223224639892578,-0.0,-0.0,-0.0,-0.2230125367641449,-0.4883226752281189,1.0981721878051758,0.0,0.0,0.0,2.9802322387695312e-08,5.820766091346741e-11,0.6000000238418579,7.450580596923828e-09,0.05600002408027649,0.6000000238418579,5.21540641784668e-08,-0.055999934673309326,0.6000000834465027,-0.4460250735282898,-2.384185791015625e-07,2.1963443756103516,0.0,0.0,0.0,1.341104507446289e-07,-1.329258125792876e-08,-2.7939677238464355e-09,19.611724853515625,19.611726760864258,31.081329345703125,31.081329345703125,0.26428744196891785,0.26428744196891785,0.7357125878334045,0.7357125878334045,0.0,0.0,0.0,0.0,-0.7270458936691284,-0.7270458936691284,1.9493682384490967,1.9493682384490967,0.08307168632745743,0.08307168632745743,0.0,0.0,-0.07288835942745209,-0.07288835942745209,0.010183332487940788,0.010183332487940788,0.5500251054763794,0.5500251054763794,-0.2524060606956482,-0.2524060606956482,0.06659229844808578,0.06659229844808578,-23.660898208618164,-23.660898208618164,-19.274402618408203,-19.274402618408203,-7.02965784072876,-7.02965784072876,14.472136497497559,14.472136497497559,0.0,0.0,180.0
391,1.6291666666666667,0.5093764819832375,2.4021507177022885,-205.92002532938446,0.5093764819832375,2.4021507177022885,-205.92002532938446,5.0,-5.0,0.0,0.0,12.0,0,0.5,0.0,0.0,3.2,3.2,3.2,2.4021506309509277,2.4021506309509277,2.4021506309509277,2.4021506309509277,0.5019533038139343,0.5027493834495544,-4.068864345550537,-3.8102686405181885,0.03188379481434822,0.03188379481434822,0.0,0.0,nan,nan,-1.819875955581665,-1.819875955581665,-3.63975191116333,0.0,1.6020572185516357,-0.015319506637752056,0.0,0.0,0.0,-0.015319506637752056,0.0,1.6020572185516357,0.0,0.0,0.0,-0.318745881319046,0.6572895050048828,1.4259010553359985,0.0,0.0,0.0,0.0,1.6020572185516357,-0.015319506637752056,0.0,0.0,0.0,-0.015319506637752056,0.0,1.6020572185516357,-0.0,-0.0,-0.0,-0.318745881319046,-0.6572899222373962,1.425900936126709,0.0,0.0,0.0,2.9802322387695312e-08,5.820766091346741e-11,0.6000000238418579,-7.450580596923828e-08,0.05600002408027649,0.6000000238418579,7.450580596923828e-09,-0.055999934673309326,0.6000000238418579,-0.637491762638092,-4.172325134277344e-07,2.851801872253418,0.0,0.0,0.0,1.341104507446289e-07,1.8060443096601375e-07,-2.60770320892334e-08,17.741853713989258,17.741853713989258,26.6810359954834,26.681020736694336,0.3217938542366028,0.3217938542366028,0.678206205368042,0.678206205368042,0.0,0.0,0.0,0.0,-0.42961424589157104,-0.42961424589157104,2.0316715240478516,2.0316715240478516,0.05739481747150421,0.05739481747150421,0.0,0.0,-0.07271432876586914,-0.07271432876586914,-0.015319506637752056,-0.015319506637752056,0.5500251054763794,0.5500251054763794,-0.23506256937980652,-0.23506256937980652,0.08653030544519424,0.08653030544519424,-17.562206268310547,-17.562206268310547,-15.755450248718262,-15.755450248718262,-3.504908800125122,-3.504908800125122,13.826807022094727,13.826807022094727,0.0,0.0,180.0
392,1.6333333333333333,0.5175872846062352,1.5367292085871402,-209.23931615631722,0.5175872846062352,1.5367292085871402,-209.23931615631722,5.0,-5.0,0.0,0.0,12.0,0,0.5,0.0,0.0,3.2,3.2,3.2,1.536728858947754,1.536728858947754,1.5367292165756226,1.5367292165756226,0.5073654651641846,0.5081128478050232,-4.563878059387207,-4.323179244995117,0.020397039130330086,0.020397039130330086,0.0,0.0,nan,nan,-1.7047626972198486,-1.7047626972198486,-3.4095253944396973,0.0,1.9803595542907715,-0.028304435312747955,0.0,0.0,0.0,-0.028304435312747955,0.0,1.9803595542907715,0.0,0.0,0.0,-0.40177613496780396,0.8272994160652161,1.7540743350982666,0.0,0.0,0.0,0.0,1.9803595542907715,-0.028304435312747955,0.0,0.0,0.0,-0.028304435312747955,0.0,1.9803595542907715,-0.0,-0.0,-0.0,-0.40177610516548157,-0.8272997140884399,1.754074215888977,0.0,0.0,0.0,2.9802322387695312e-08,5.820766091346741e-11,0.6000000238418579,-9.685754776000977e-08,0.056000083684921265,0.6000000238418579,-1.341104507446289e-07,-0.055999934673309326,0.6000000238418579,-0.8035522699356079,-2.980232238769531e-07,3.508148670196533,0.0,0.0,0.0,2.682209014892578e-07,5.096860036246653e-07,9.313225746154785e-08,15.729498863220215,15.729498863220215,21.69786262512207,21.69786262512207,0.43548205494880676,0.43548205494880676,0.5645179748535156,0.5645179748535156,0.0,0.0,0.0,0.0,-0.11847339570522308,-0.11847339570522308,2.0988330841064453,2.0988330841064453,0.044394686818122864,0.044394686818122864,0.0,0.0,-0.07269912958145142,-0.07269912958145142,-0.028304435312747955,-0.028304435312747955,0.5500251054763794,0.5500251054763794,-0.21664491295814514,-0.21664491295814514,0.1067558005452156,0.1067558005452156,-11.333057403564453,-11.333057403564453,-12.156973838806152,-12.156973838806152,0.09760631620883942,0.09760631620883942,13.168664932250977,13.168664932250977,0.0,0.0,180.0
393,1.6375,0.5221675843136716,0.6605286482120927,-211.0909435186549,0.5221675843136716,0.6605286482120927,-211.0909435186549,5.0,-5.0,0.0,0.0,12.0,0,0.5,0.0,0.0,3.2,3.2,3.2,0.6605286598205566,0.6605285406112671,0.6605286598205566,0.6605286598205566,0.5092127919197083,0.5099062323570251,-5.027831077575684,-4.806737899780273,0.008767210878431797,0.008767210878431797,0.0,0.0,nan,nan,-1.2826855182647705,-1.2826855182647705,-2.565371036529541,0.0,2.356888771057129,-0.027560193091630936,0.0,0.0,0.0,-0.027560193091630936,0.0,2.356888771057129,0.0,0.0,0.0,-0.47123241424560547,0.994392991065979,2.0844199657440186,0.0,0.0,0.0,0.0,2.356888771057129,-0.027560193091630936,0.0,0.0,0.0,-0.027560193091630936,0.0,2.356888771057129,-0.0,-0.0,-0.0,-0.47123226523399353,-0.9943932890892029,2.0844199657440186,0.0,0.0,0.0,2.9802322387695312e-08,5.820766091346741e-11,0.6000000238418579,2.2351741790771484e-08,0.05600005388259888,0.6000000238418579,0.0,-0.055999964475631714,0.6000000238418579,-0.9424647092819214,-2.980232238769531e-07,4.168839931488037,0.0,0.0,0.0,1.862645149230957e-07,7.765069653942192e-08,7.264316082000732e-08,13.613553047180176,13.613551139831543,16.239486694335938,16.239486694335938,0.837850034236908,0.837850034236908,0.1621500849723816,0.1621500849723816,0.0,0.0,0.0,0.0,0.20666280388832092,0.20666280388832092,2.150225877761841,2.150225877761841,0.04528995603322983,0.04528995603322983,0.0,0.0,-0.07285015285015106,-0.07285015285015106,-0.027560193091630936,-0.027560193091630936,0.5500251054763794,0.5500251054763794,-0.19728884100914001,-0.19728884100914001,0.12712036073207855,0.12712036073207855,-5.019560813903809,-5.019560813903809,-8.505578994750977,-8.505578994750977,3.751253604888916,3.751253604888916,12.502325057983398,12.502325057983398,0.0,0.0,180.0
394,1.6416666666666666,0.5230852535940391,-0.22030504604098403,-211.46191958084287,0.5230852535940391,-0.22030504604098403,-211.46191958084287,5.0,-5.0,0.0,0.0,12.0,0,0.5,0.0,0.0,3.2,3.2,3.2,0.22030504047870636,0.22030498087406158,0.22030504047870636,0.22030504047870636,0.5074805617332458,0.508115291595459,-5.4577789306640625,-5.257864952087402,-0.0029241135343909264,-0.0029241135343909264,0.0,0.0,nan,nan,-0.5568866729736328,-0.5568866729736328,-1.1137733459472656,0.0,2.731822967529297,-0.011972621083259583,0.0,0.0,0.0,-0.011972621083259583,0.0,2.731822967529297,0.0,0.0,0.0,-0.5264405608177185,1.1548540592193604,2.419126510620117,0.0,0.0,0.0,0.0,2.731822967529297,-0.011972621083259583,0.0,0.0,0.0,-0.011972621083259583,0.0,2.731822967529297,-0.0,-0.0,-0.0,-0.5264403223991394,-1.154854416847229,2.419126272201538,0.0,0.0,0.0,2.9802322387695312e-08,5.820766091346741e-11,0.6000000238418579,-3.725290298461914e-08,0.05600002408027649,0.6000000238418579,-2.2351741790771484e-08,-0.055999934673309326,0.6000000238418579,-1.052880883216858,-3.5762786865234375e-07,4.838253021240234,0.0,0.0,0.0,2.384185791015625e-07,2.8838235266448464e-07,4.284083843231201e-08,11.466571807861328,11.466565132141113,12.14219856262207,12.14219856262207,1.0,1.0,0.0,0.0,0.0,0.0,0.0,0.0,0.5464234948158264,0.5464234948158264,2.1853995323181152,2.1853995323181152,0.061198294162750244,0.061198294162750244,0.0,0.0,-0.07317091524600983,-0.07317091524600983,-0.011972621083259583,-0.011972621083259583,0.5500251054763794,0.5500251054763794,-0.17713890969753265,-0.17713890969753265,0.1474723219871521,0.1474723219871521,1.3312814235687256,1.3312814235687256,-4.828432559967041,-4.828432559967041,7.428852081298828,7.428852081298828,11.8324613571167,11.8324613571167,0.0,0.0,180.0
395,1.6458333333333333,0.5203338556566809,-1.0995934586849658,-210.3496422123509,0.5203338556566809,-1.0995934586849658,-210.3496422123509,5.0,-5.0,0.0,0.0,12.0,0,0.5,0.0,0.0,3.2,3.2,3.2,1.099593162536621,1.0995930433273315,1.0995934009552002,1.0995934009552002,0.5021786689758301,0.5027503967285156,-5.851040840148926,-5.673740863800049,-0.014594926498830318,-0.014594926498830318,0.0,0.0,nan,nan,0.4650883376598358,0.4650883376598358,0.9301766753196716,0.0,3.1056549549102783,0.019488101825118065,0.0,0.0,0.0,0.019488101825118065,0.0,3.1056549549102783,0.0,0.0,0.0,-0.566853404045105,1.305139422416687,2.760572671890259,0.0,0.0,0.0,0.0,3.1056549549102783,0.019488101825118065,0.0,0.0,0.0,0.019488101825118065,0.0,3.1056549549102783,-0.0,-0.0,-0.0,-0.5668532252311707,-1.3051396608352661,2.7605724334716797,0.0,0.0,0.0,2.9802322387695312e-08,5.820766091346741e-11,0.6000000238418579,-4.470348358154297e-08,0.05600005388259888,0.6000000238418579,-8.195638656616211e-08,-0.055999964475631714,0.6000000238418579,-1.1337065696716309,-2.384185791015625e-07,5.521144866943359,0.0,0.0,0.0,2.5331974029541016e-07,5.14196699441527e-07,1.0803341865539551e-07,9.454729080200195,9.454727172851562,12.714000701904297,12.714000701904297,1.0,1.0,0.0,0.0,0.0,0.0,0.0,0.0,0.901565670967102,0.901565670967102,2.2040891647338867,2.2040891647338867,0.09314921498298645,0.09314921498298645,0.0,0.0,-0.07366111874580383,-0.07366111874580383,0.019488101825118065,0.019488101825118065,0.5500251054763794,0.5500251054763794,-0.15634702146053314,-0.15634702146053314,0.16765843331813812,0.16765843331813812,7.672070026397705,7.672070026397705,-1.1529743671417236,-1.1529743671417236,11.102956771850586,11.102956771850586,11.163772583007812,11.163772583007812,0.0,0.0,180.0
396,1.65,0.5139326895812504,-1.9711690132731572,-207.76191323974857,0.5139326895812504,-1.9711690132731572,-207.76191323974857,5.0,-5.0,0.0,0.0,12.0,0,0.5,0.0,0.0,3.2,3.2,3.2,1.9711692333221436,1.9711686372756958,1.9711689949035645,1.9711689949035645,0.4933423697948456,0.49384698271751404,-6.205203533172607,-6.0518012046813965,-0.026163367554545403,-0.026163367554545403,0.0,0.0,nan,nan,1.7718980312347412,1.7718980312347412,3.5437960624694824,0.0,3.4789464473724365,0.06774330884218216,0.0,0.0,0.0,0.06774330884218216,0.0,3.4789464473724365,0.0,0.0,0.0,-0.5920105576515198,1.441777229309082,3.1110222339630127,0.0,0.0,0.0,0.0,3.4789464473724365,0.06774330884218216,0.0,0.0,0.0,0.06774330884218216,0.0,3.4789464473724365,-0.0,-0.0,-0.0,-0.5920103192329407,-1.4417777061462402,3.1110219955444336,0.0,0.0,0.0,2.9802322387695312e-08,5.820766091346741e-11,0.6000000238418579,-5.21540641784668e-08,0.05600002408027649,0.6000000238418579,7.450580596923828e-09,-0.055999964475631714,0.6000000238418579,-1.1840208768844604,-4.76837158203125e-07,6.222043991088867,0.0,0.0,0.0,1.9371509552001953e-07,3.245048958433472e-07,-3.725290298461914e-08,8.087492942810059,8.087493896484375,13.288700103759766,13.288700103759766,1.0,1.0,0.0,0.0,0.0,0.0,0.0,0.0,1.2727279663085938,1.2727279663085938,2.2062184810638428,2.2062184810638428,0.14205969870090485,0.14205969870090485,0.0,0.0,-0.07431638240814209,-0.07431638240814209,0.06774330884218216,0.06774330884218216,0.5500251054763794,0.5500251054763794,-0.13507066667079926,-0.13507066667079926,0.18752539157867432,0.18752539157867432,13.955520629882812,13.955520629882812,2.4933764934539795,2.4933764934539795,14.746158599853516,14.746158599853516,10.50094985961914,10.50094985961914,0.0,0.0,180.0
397,1.6541666666666666,0.5039266549485351,-2.8289182335162186,-203.71688372249804,0.5039266549485351,-2.8289182335162186,-203.71688372249804,5.0,-5.0,0.0,0.0,12.0,0,0.5,0.0,0.0,3.2,3.2,3.2,2.8289177417755127,2.82891845703125,2.82891845703125,2.82891845703125,0.48103147745132446,0.48146548867225647,-6.518115520477295,-6.389728546142578,-0.03754828870296478,-0.03754828870296478,0.0,0.0,nan,nan,3.348324775695801,3.348324775695801,6.696649551391602,0.0,3.852079153060913,0.13354140520095825,0.0,0.0,0.0,0.13354140520095825,0.0,3.852079153060913,0.0,0.0,0.0,-0.6015374660491943,1.5612568855285645,3.472315788269043,0.0,0.0,0.0,0.0,3.852079153060913,0.13354140520095825,0.0,0.0,0.0,0.13354140520095825,0.0,3.852079153060913,-0.0,-0.0,-0.0,-0.6015374064445496,-1.5612576007843018,3.472315549850464,0.0,0.0,0.0,2.9802322387695312e-08,5.820766091346741e-11,0.6000000238418579,-3.725290298461914e-08,0.05600005388259888,0.6000000238418579,-2.2351741790771484e-08,-0.055999964475631714,0.6000000238418579,-1.2030749320983887,-7.152557373046875e-07,6.944631576538086,0.0,0.0,0.0,3.2782554626464844e-07,4.139322982155136e-07,3.725290298461914e-08,7.9226975440979,7.922696590423584,13.863348007202148,13.863348007202148,1.0,1.0,0.0,0.0,0.0,0.0,0.0,0.0,1.660183310508728,1.660183310508728,2.1918957233428955,2.1918957233428955,0.2086697518825531,0.2086697518825531,0.0,0.0,-0.07512834668159485,-0.07512834668159485,0.13354140520095825,0.13354140520095825,0.5500251054763794,0.5500251054763794,-0.11347106844186783,-0.11347106844186783,0.20692189037799835,0.20692189037799835,20.134971618652344,20.134971618652344,6.083516597747803,6.083516597747803,18.331377029418945,18.331377029418945,9.848642349243164,9.848642349243164,0.0,0.0,180.0
398,1.6583333333333332,0.4903859369021577,-3.666824624926109,-198.24292663631314,0.4903859369021577,-3.666824624926109,-198.24292663631314,5.0,-5.0,0.0,0.0,12.0,0,0.5,0.0,0.0,3.2,3.2,3.2,3.666823625564575,3.6668245792388916,3.6668245792388916,3.6668245792388916,0.46533045172691345,0.46569108963012695,-6.787863731384277,-6.685445785522461,-0.04866983741521835,-0.04866983741521835,0.0,0.0,nan,nan,5.174678325653076,5.174678325653076,10.349356651306152,0.0,4.2250261306762695,0.21735914051532745,0.0,0.0,0.0,0.21735914051532745,0.0,4.2250261306762695,0.0,0.0,0.0,-0.5951840281486511,1.6599572896957397,3.845567464828491,0.0,0.0,0.0,0.0,4.2250261306762695,0.21735914051532745,0.0,0.0,0.0,0.21735914051532745,0.0,4.2250261306762695,-0.0,-0.0,-0.0,-0.5951841473579407,-1.6599583625793457,3.845566987991333,0.0,0.0,0.0,2.9802322387695312e-08,5.820766091346741e-11,0.6000000238418579,-7.450580596923828e-08,0.05600002408027649,0.6000000238418579,7.450580596923828e-08,-0.0559999942779541,0.6000000834465027,-1.1903681755065918,-1.0728836059570312e-06,7.691134452819824,0.0,0.0,0.0,2.384185791015625e-07,1.937379607852563e-07,-2.3469328880310059e-07,8.610852241516113,8.610852241516113,15.916553497314453,15.916553497314453,0.995453953742981,0.995453953742981,0.004546067211776972,0.004546067211776972,0.0,0.0,0.0,0.0,2.063619375228882,2.063619375228882,2.161406993865967,2.161406993865967,0.2934437096118927,0.2934437096118927,0.0,0.0,-0.07608456164598465,-0.07608456164598465,0.21735914051532745,0.21735914051532745,0.5500251054763794,0.5500251054763794,-0.09171133488416672,-0.09171133488416672,0.2257002294063568,0.2257002294063568,26.164875030517578,26.164875030517578,9.590948104858398,9.590948104858398,21.8321475982666,21.8321475982666,9.211423873901367,9.211423873901367,0.0,0.0,180.0
399,1.6624999999999999,0.47340551385022267,-4.479010876201932,-191.37843785712136,0.47340551385022267,-4.479010876201932,-191.37843785712136,5.0,-5.0,0.0,0.0,12.0,0,0.5,0.0,0.0,3.2,3.2,3.2,4.479011535644531,4.479009628295898,4.479011535644531,4.479011535644531,0.44635695219039917,0.4466417729854584,-7.011359214782715,-6.9356608390808105,-0.05945000424981117,-0.05945000424981117,0.0,0.0,nan,nan,7.187305450439453,7.187305450439453,14.374610900878906,0.0,4.584090709686279,0.3105057179927826,0.0,0.0,0.0,0.3105057179927826,0.0,4.584090709686279,0.0,0.0,0.0,-0.5789554715156555,1.7291911840438843,4.217227458953857,0.0,0.0,0.0,0.0,4.584090709686279,0.3105057179927826,0.0,0.0,0.0,0.3105057179927826,0.0,4.584090709686279,-0.0,-0.0,-0.0,-0.5789550542831421,-1.7291918992996216,4.217227458953857,0.0,0.0,0.0,2.9802322387695312e-08,5.820766091346741e-11,0.6000000238418579,-4.470348358154297e-08,0.05600002408027649,0.6000000238418579,-1.341104507446289e-07,-0.055999964475631714,0.6000000238418579,-1.1579105854034424,-7.152557373046875e-07,8.434454917907715,0.0,0.0,0.0,2.5331974029541016e-07,1.0054653785118717e-06,2.123415470123291e-07,9.699289321899414,9.699292182922363,20.763591766357422,20.763591766357422,0.9079464077949524,0.9079464077949524,0.0920536071062088,0.0920536071062088,0.0,0.0,0.004546067211776972,0.004546067211776972,2.4819700717926025,2.4819700717926025,2.115201950073242,2.115201950073242,0.3964509963989258,0.3964509963989258,0.0,0.0,-0.07716859877109528,-0.07716859877109528,0.3105057179927826,0.3105057179927826,0.5500251054763794,0.5500251054763794,-0.06995449960231781,-0.06995449960231781,0.24371835589408875,0.24371835589408875,32.00127029418945,32.00127029418945,12.990056991577148,12.990056991577148,25.2229061126709,25.2229061126709,8.593766212463379,8.593766212463379,0.0,0.0,180.0
400,1.6666666666666667,0.4531044912600174,-5.2597800843462075,-183.17156684157837,0.4531044912600174,-5.2597800843462075,-183.17156684157837,5.0,-5.0,0.0,0.0,12.0,0,0.5,0.0,0.0,3.2,3.2,3.2,5.2597784996032715,5.259778022766113,5.259779930114746,5.259779930114746,0.4242704510688782,0.424477219581604,-7.182823657989502,-7.134311199188232,-0.06981316953897476,-0.06981316953897476,0.0,0.0,nan,nan,9.207113265991211,9.207113265991211,18.414226531982422,0.0,4.887799263000488,0.3825123906135559,0.0,0.0,0.0,0.3825123906135559,0.0,4.887799263000488,0.0,0.0,0.0,-0.5745894908905029,1.7514859437942505,4.543021202087402,0.0,0.0,0.0,0.0,4.887799263000488,0.3825123906135559,0.0,0.0,0.0,0.3825123906135559,0.0,4.887799263000488,-0.0,-0.0,-0.0,-0.5745893120765686,-1.7514867782592773,4.543021202087402,0.0,0.0,0.0,2.9802322387695312e-08,5.820766091346741e-11,0.6000000238418579,-7.450580596923828e-08,0.05600005388259888,0.6000000238418579,-1.1920928955078125e-07,-0.055999964475631714,0.6000000238418579,-1.1491787433624268,-8.344650268554688e-07,9.086042404174805,0.0,0.0,0.0,4.172325134277344e-07,1.1508369652801775e-06,1.3783574104309082e-07,10.934762954711914,10.93476390838623,25.070392608642578,25.070398330688477,0.7828142046928406,0.7828142046928406,0.2171858847141266,0.2171858847141266,0.0,0.0,0.029628142714500427,0.029628142714500427,2.9133074283599854,2.9133074283599854,2.0538744926452637,2.0538744926452637,0.5172436237335205,0.5172436237335205,0.0,0.0,-0.0783601626753807,-0.0783601626753807,0.3825123906135559,0.3825123906135559,0.5500251054763794,0.5500251054763794,-0.04836186766624451,-0.04836186766624451,0.2608411908149719,0.2608411908149719,37.60215759277344,37.60215759277344,16.25632095336914,16.25632095336914,28.479185104370117,28.479185104370117,8.000000953674316,8.000000953674316,0.0,0.0,180.0
401,1.6708333333333334,0.42962526621875446,-6.003655714345439,-173.67987889323237,0.42962526621875446,-6.003655714345439,-173.67987889323237,5.0,-5.0,0.0,0.0,12.0,0,0.5,0.0,0.0,3.2,3.2,3.2,6.0036540031433105,6.0036540031433105,6.003655910491943,6.003655910491943,0.3992544710636139,0.39938151836395264,-7.296445369720459,-7.2753119468688965,-0.07968664914369583,-0.07968664914369583,0.0,0.0,nan,nan,11.010102272033691,11.010102272033691,22.020204544067383,0.0,5.091468334197998,0.4009166359901428,0.0,0.0,0.0,0.4009166359901428,0.0,5.091468334197998,0.0,0.0,0.0,-0.6047536730766296,1.7123684883117676,4.7734527587890625,0.0,0.0,0.0,0.0,5.091468334197998,0.4009166359901428,0.0,0.0,0.0,0.4009166359901428,0.0,5.091468334197998,-0.0,-0.0,-0.0,-0.6047536134719849,-1.712369680404663,4.773452281951904,0.0,0.0,0.0,2.9802322387695312e-08,5.820766091346741e-11,0.6000000238418579,-1.1920928955078125e-07,0.05600002408027649,0.6000000238418579,-9.685754776000977e-08,-0.05599990487098694,0.6000000238418579,-1.2095072269439697,-1.1920928955078125e-06,9.546905517578125,0.0,0.0,0.0,5.960464477539062e-07,1.3159046829969157e-06,3.725290298461914e-08,12.183587074279785,12.183587074279785,28.79570960998535,28.79570960998535,0.7021473050117493,0.7021473050117493,0.2978527545928955,0.2978527545928955,0.0,0.0,0.0920536071062088,0.0920536071062088,3.3548061847686768,3.3548061847686768,1.978142261505127,1.978142261505127,0.654750406742096,0.654750406742096,0.0,0.0,-0.07963529229164124,-0.07963529229164124,0.4009166359901428,0.4009166359901428,0.5500251054763794,0.5500251054763794,-0.027091151103377342,-0.027091151103377342,0.27694228291511536,0.27694228291511536,42.92790222167969,42.92790222167969,19.3665714263916,19.3665714263916,31.57788848876953,31.57788848876953,7.434292316436768,7.434292316436768,0.0,0.0,180.0
402,1.675,0.40313252862029286,-6.705420013129278,-162.96995138327037,0.40313252862029286,-6.705420013129278,-162.96995138327037,5.0,-5.0,0.0,0.0,12.0,0,0.5,0.0,0.0,3.2,3.2,3.2,6.705418109893799,6.705418586730957,6.705420017242432,6.705420017242432,0.3714636266231537,0.37150973081588745,-7.354782581329346,-7.361095428466797,-0.08900117874145508,-0.08900117874145508,0.0,0.0,nan,nan,12.644268035888672,12.644268035888672,25.288536071777344,0.0,5.224552154541016,0.3771008253097534,0.0,0.0,0.0,0.3771008253097534,0.0,5.224552154541016,0.0,0.0,0.0,-0.6634249687194824,1.6261781454086304,4.934932708740234,0.0,0.0,0.0,0.0,5.224552154541016,0.3771008253097534,0.0,0.0,0.0,0.3771008253097534,0.0,5.224552154541016,-0.0,-0.0,-0.0,-0.6634250283241272,-1.6261789798736572,4.934932231903076,0.0,0.0,0.0,2.9802322387695312e-08,5.820766091346741e-11,0.6000000238418579,-1.341104507446289e-07,0.0559999942779541,0.5999999642372131,-2.2351741790771484e-08,-0.055999964475631714,0.6000000238418579,-1.3268499374389648,-8.344650268554688e-07,9.869865417480469,0.0,0.0,0.0,2.682209014892578e-07,1.105818455471308e-06,-1.6391277313232422e-07,13.374344825744629,13.374345779418945,31.962621688842773,31.962621688842773,0.6316575407981873,0.6316575407981873,0.3683425188064575,0.3683425188064575,0.0,0.0,0.17482061684131622,0.17482061684131622,3.802764892578125,3.802764892578125,1.8888245820999146,1.8888245820999146,0.807201623916626,0.807201623916626,0.0,0.0,-0.0809667780995369,-0.0809667780995369,0.3771008253097534,0.3771008253097534,0.5500251054763794,0.5500251054763794,-0.006295147351920605,-0.006295147351920605,0.2919051945209503,0.2919051945209503,47.9415168762207,47.9415168762207,22.299137115478516,22.299137115478516,34.49742126464844,34.49742126464844,6.900608539581299,6.900608539581299,0.0,0.0,180.0
403,1.6791666666666667,0.373812105983882,-7.360150608358647,-151.11690675810317,0.373812105983882,-7.360150608358647,-151.11690675810317,5.0,-5.0,0.0,0.0,12.0,0,0.5,0.0,0.0,3.2,3.2,3.2,7.3601484298706055,7.360150337219238,7.3601508140563965,7.3601508140563965,0.3410504460334778,0.341015487909317,-7.364224910736084,-7.397993564605713,-0.09769143164157867,-0.09769143164157867,0.0,0.0,nan,nan,14.300511360168457,14.300511360168457,28.601022720336914,0.0,5.348702430725098,0.33862167596817017,0.0,0.0,0.0,0.33862167596817017,0.0,5.348702430725098,0.0,0.0,0.0,-0.7352867722511292,1.5150879621505737,5.0879411697387695,0.0,0.0,0.0,0.0,5.348702430725098,0.33862167596817017,0.0,0.0,0.0,0.33862167596817017,0.0,5.348702430725098,-0.0,-0.0,-0.0,-0.7352867126464844,-1.5150889158248901,5.087940692901611,0.0,0.0,0.0,2.9802322387695312e-08,5.820766091346741e-11,0.6000000238418579,-2.9802322387695312e-08,0.05600005388259888,0.6000000238418579,2.9802322387695312e-08,-0.0559999942779541,0.6000000834465027,-1.4705734252929688,-9.5367431640625e-07,10.175882339477539,0.0,0.0,0.0,4.172325134277344e-07,2.594384227450064e-07,-4.0978193283081055e-08,14.469561576843262,14.469564437866211,34.62179183959961,34.62179183959961,0.5893751382827759,0.5893751382827759,0.4106249213218689,0.4106249213218689,0.0,0.0,0.2546203136444092,0.2546203136444092,4.252692699432373,4.252692699432373,1.7868167161941528,1.7868167161941528,0.9720991849899292,0.9720991849899292,0.0,0.0,-0.08232466876506805,-0.08232466876506805,0.33862167596817017,0.33862167596817017,0.5500251054763794,0.5500251054763794,0.0138796865940094,0.0138796865940094,0.3056243062019348,0.3056243062019348,52.6088752746582,52.6088752746582,25.03400230407715,25.03400230407715,37.217864990234375,37.217864990234375,6.402693748474121,6.402693748474121,0.0,0.0,180.0
404,1.6833333333333333,0.3418696600076244,-7.963255035331244,-138.20388560937667,0.3418696600076244,-7.963255035331244,-138.20388560937667,5.0,-5.0,0.0,0.0,12.0,0,0.5,0.0,0.0,3.2,3.2,3.2,7.963254451751709,7.963253974914551,7.963254928588867,7.963254928588867,0.30816760659217834,0.3080523610115051,-7.334432125091553,-7.395669937133789,-0.10569644719362259,-0.10569644719362259,0.0,0.0,nan,nan,16.252084732055664,16.252084732055664,32.50416946411133,0.0,5.552639961242676,0.3359174132347107,0.0,0.0,0.0,0.3359174132347107,0.0,5.552639961242676,0.0,0.0,0.0,-0.7884750366210938,1.4019843339920044,5.32516622543335,0.0,0.0,0.0,0.0,5.552639961242676,0.3359174132347107,0.0,0.0,0.0,0.3359174132347107,0.0,5.552639961242676,-0.0,-0.0,-0.0,-0.7884750366210938,-1.4019852876663208,5.32516622543335,0.0,0.0,0.0,2.9802322387695312e-08,5.820766091346741e-11,0.6000000238418579,-3.725290298461914e-08,0.05600002408027649,0.6000000238418579,-4.470348358154297e-08,-0.055999934673309326,0.6000000238418579,-1.5769500732421875,-9.5367431640625e-07,10.6503324508667,0.0,0.0,0.0,4.76837158203125e-07,7.538360478065442e-07,8.195638656616211e-08,15.45125675201416,15.45125675201416,36.83287811279297,36.83287811279297,0.532188355922699,0.532188355922699,0.45561593770980835,0.45561593770980835,0.012195754796266556,0.012195754796266556,0.296124666929245,0.296124666929245,4.699432373046875,4.699432373046875,1.6730680465698242,1.6730680465698242,1.146235466003418,1.146235466003418,0.0,0.0,-0.08367697894573212,-0.08367697894573212,0.3359174132347107,0.3359174132347107,0.5500251054763794,0.5500251054763794,0.03329422324895859,0.03329422324895859,0.31800583004951477,0.31800583004951477,56.898929595947266,56.898929595947266,27.55290412902832,27.55290412902832,39.7210578918457,39.7210578918457,5.944040298461914,5.944040298461914,0.0,0.0,180.0
405,1.6875,0.30752924399942255,-8.510502949821893,-124.32146350245411,0.30752924399942255,-8.510502949821893,-124.32146350245411,5.0,-5.0,0.0,0.0,12.0,0,0.5,0.0,0.0,3.2,3.2,3.2,8.510502815246582,8.510501861572266,8.510502815246582,8.510503768920898,0.27311211824417114,0.2729175388813019,-7.254956245422363,-7.343265533447266,-0.112960085272789,-0.112960085272789,0.0,0.0,nan,nan,18.14739990234375,18.14739990234375,36.2947998046875,0.0,5.7365264892578125,0.32125532627105713,0.0,0.0,0.0,0.32125532627105713,0.0,5.7365264892578125,0.0,0.0,0.0,-0.8494693636894226,1.2569851875305176,5.541599750518799,0.0,0.0,0.0,0.0,5.7365264892578125,0.32125532627105713,0.0,0.0,0.0,0.32125532627105713,0.0,5.7365264892578125,-0.0,-0.0,-0.0,-0.8494691252708435,-1.256986141204834,5.541599750518799,0.0,0.0,0.0,2.9802322387695312e-08,5.820766091346741e-11,0.6000000238418579,-7.450580596923828e-09,0.05600005388259888,0.6000000238418579,5.21540641784668e-08,-0.0559999942779541,0.6000000238418579,-1.6989384889602661,-9.5367431640625e-07,11.083199501037598,0.0,0.0,0.0,3.2782554626464844e-07,8.257626404883922e-08,-1.4901161193847656e-08,16.312816619873047,16.312816619873047,38.654823303222656,38.65483093261719,0.5038655400276184,0.5038655400276184,0.46650639176368713,0.46650639176368713,0.029628142714500427,0.029628142714500427,0.3381875455379486,0.3381875455379486,5.137321472167969,5.137321472167969,1.5485601425170898,1.5485601425170898,1.3257648944854736,1.3257648944854736,0.0,0.0,-0.08499044924974442,-0.08499044924974442,0.32125532627105713,0.32125532627105713,0.5500251054763794,0.5500251054763794,0.05181751400232315,0.05181751400232315,0.3289681375026703,0.3289681375026703,60.78380584716797,60.78380584716797,29.83942413330078,29.83942413330078,41.990684509277344,41.990684509277344,5.527864456176758,5.527864456176758,0.0,0.0,180.0
406,1.6916666666666667,0.2710317313040215,-8.998055800907471,-109.56701565391006,0.2710317313040215,-8.998055800907471,-109.56701565391006,5.0,-5.0,0.0,0.0,12.0,0,0.5,0.0,0.0,3.2,3.2,3.2,8.998055458068848,8.998052597045898,8.998054504394531,8.998054504394531,0.23610863089561462,0.23583625257015228,-7.1297831535339355,-7.244651794433594,-0.11943138390779495,-0.11943138390779495,0.0,0.0,nan,nan,20.050453186035156,20.050453186035156,40.10090637207031,0.0,5.930610179901123,0.31744155287742615,0.0,0.0,0.0,0.31744155287742615,0.0,5.930610179901123,0.0,0.0,0.0,-0.901628851890564,1.087500810623169,5.768649101257324,0.0,0.0,0.0,0.0,5.930610179901123,0.31744155287742615,0.0,0.0,0.0,0.31744155287742615,0.0,5.930610179901123,-0.0,-0.0,-0.0,-0.9016287922859192,-1.0875020027160645,5.768649101257324,0.0,0.0,0.0,2.9802322387695312e-08,5.820766091346741e-11,0.6000000238418579,-1.4901161193847656e-08,0.05600002408027649,0.6000000238418579,-3.725290298461914e-08,-0.055999934673309326,0.6000000834465027,-1.803257703781128,-1.1920928955078125e-06,11.537298202514648,0.0,0.0,0.0,5.662441253662109e-07,5.909554943173134e-07,1.0803341865539551e-07,17.054298400878906,17.054298400878906,40.14113998413086,40.14113998413086,0.4897056221961975,0.4897056221961975,0.45715662837028503,0.45715662837028503,0.05313779413700104,0.05313779413700104,0.366405189037323,0.366405189037323,5.560380935668945,5.560380935668945,1.414288878440857,1.414288878440857,1.506323218345642,1.506323218345642,0.0,0.0,-0.08623160421848297,-0.08623160421848297,0.31744155287742615,0.31744155287742615,0.5500251054763794,0.5500251054763794,0.06932736933231354,0.06932736933231354,0.3384420573711395,0.3384420573711395,64.23880767822266,64.23880767822266,31.878976821899414,31.878976821899414,44.01228332519531,44.01228332519531,5.157086372375488,5.157086372375488,0.0,0.0,180.0
407,1.6958333333333333,0.23263312574955622,-9.422493755643819,-94.04403391434728,0.23263312574955622,-9.422493755643819,-94.04403391434728,5.0,-5.0,0.0,0.0,12.0,0,0.5,0.0,0.0,3.2,3.2,3.2,9.422491073608398,9.422492980957031,9.422493934631348,9.422493934631348,0.19744154810905457,0.1970934271812439,-6.955789566040039,-7.096426486968994,-0.12506495416164398,-0.12506495416164398,0.0,0.0,nan,nan,21.795703887939453,21.795703887939453,43.591407775878906,0.0,6.096504211425781,0.3062756657600403,0.0,0.0,0.0,0.3062756657600403,0.0,6.096504211425781,0.0,0.0,0.0,-0.9544613361358643,0.8870238065719604,5.963502407073975,0.0,0.0,0.0,0.0,6.096504211425781,0.3062756657600403,0.0,0.0,0.0,0.3062756657600403,0.0,6.096504211425781,-0.0,-0.0,-0.0,-0.9544614553451538,-0.8870252966880798,5.963501930236816,0.0,0.0,0.0,2.9802322387695312e-08,5.820766091346741e-11,0.6000000238418579,-5.960464477539063e-08,0.05600002408027649,0.6000000238418579,2.9802322387695312e-08,-0.055999964475631714,0.6000000834465027,-1.908922791481018,-1.4901161193847656e-06,11.927003860473633,0.0,0.0,0.0,4.172325134277344e-07,4.7628830657231447e-07,-2.60770320892334e-08,17.679561614990234,17.6795597076416,41.337974548339844,41.33796691894531,0.47554877400398254,0.47554877400398254,0.44282615184783936,0.44282615184783936,0.08162510395050049,0.08162510395050049,0.3946942090988159,0.3946942090988159,5.962506294250488,5.962506294250488,1.2712492942810059,1.2712492942810059,1.6831891536712646,1.6831891536712646,0.0,0.0,-0.08736775070428848,-0.08736775070428848,0.3062756657600403,0.3062756657600403,0.5500251054763794,0.5500251054763794,0.0857107862830162,0.0857107862830162,0.3463709354400635,0.3463709354400635,67.24253845214844,67.24253845214844,33.65888214111328,33.65888214111328,45.7733039855957,45.7733039855957,4.834306240081787,4.834306240081787,0.0,0.0,180.0
408,1.7,0.19260276596462486,-9.780839686736783,-77.86140084741919,0.19260276596462486,-9.780839686736783,-77.86140084741919,5.0,-5.0,0.0,0.0,12.0,0,0.5,0.0,0.0,3.2,3.2,3.2,9.780838966369629,9.780838966369629,9.780840873718262,9.780840873718262,0.1573616862297058,0.15694047510623932,-6.7374701499938965,-6.902985572814941,-0.1298212856054306,-0.1298212856054306,0.0,0.0,nan,nan,23.434749603271484,23.434749603271484,46.86949920654297,0.0,6.263230323791504,0.3109843134880066,0.0,0.0,0.0,0.3109843134880066,0.0,6.263230323791504,0.0,0.0,0.0,-0.9907011985778809,0.6625684499740601,6.156644821166992,0.0,0.0,0.0,0.0,6.263230323791504,0.3109843134880066,0.0,0.0,0.0,0.3109843134880066,0.0,6.263230323791504,-0.0,-0.0,-0.0,-0.9907010793685913,-0.6625697612762451,6.156644821166992,0.0,0.0,0.0,2.9802322387695312e-08,5.820766091346741e-11,0.6000000238418579,-5.960464477539063e-08,0.05600005388259888,0.6000000238418579,-2.9802322387695312e-08,-0.055999934673309326,0.6000000238418579,-1.9814022779464722,-1.3113021850585938e-06,12.313289642333984,0.0,0.0,0.0,7.152557373046875e-07,9.174115689347673e-07,1.0803341865539551e-07,18.19452476501465,18.19452667236328,42.283695220947266,42.283695220947266,0.44665592908859253,0.44665592908859253,0.4504525065422058,0.4504525065422058,0.10289160162210464,0.10289160162210464,0.4088520109653473,0.4088520109653473,6.337667465209961,6.337667465209961,1.1204257011413574,1.1204257011413574,1.8514717817306519,1.8514717817306519,0.0,0.0,-0.08836811780929565,-0.08836811780929565,0.3109843134880066,0.3109843134880066,0.5500251054763794,0.5500251054763794,0.10086392611265182,0.10086392611265182,0.3527103066444397,0.3527103066444397,69.77674102783203,69.77674102783203,35.168296813964844,35.168296813964844,47.263031005859375,47.263031005859375,4.561788558959961,4.561788558959961,0.0,0.0,180.0
409,1.7041666666666666,0.15122143616134795,-10.070580054950907,-61.132625996885736,0.15122143616134795,-10.070580054950907,-61.132625996885736,5.0,-5.0,0.0,0.0,12.0,0,0.5,0.0,0.0,3.2,3.2,3.2,10.070581436157227,10.070579528808594,10.07058048248291,10.07058048248291,0.11617493629455566,0.11568352580070496,-6.472394943237305,-6.661638259887695,-0.1336670219898224,-0.1336670219898224,0.0,0.0,nan,nan,24.802902221679688,24.802902221679688,49.605804443359375,0.0,6.392971992492676,0.31104379892349243,0.0,0.0,0.0,0.31104379892349243,0.0,6.392971992492676,0.0,0.0,0.0,-1.0221521854400635,0.4127238392829895,6.304894924163818,0.0,0.0,0.0,0.0,6.392971992492676,0.31104379892349243,0.0,0.0,0.0,0.31104379892349243,0.0,6.392971992492676,-0.0,-0.0,-0.0,-1.0221519470214844,-0.412725031375885,6.304894924163818,0.0,0.0,0.0,2.9802322387695312e-08,5.820766091346741e-11,0.6000000238418579,0.0,0.05600002408027649,0.6000000238418579,-4.470348358154297e-08,-0.055999934673309326,0.6000000238418579,-2.044304132461548,-1.1920928955078125e-06,12.609789848327637,0.0,0.0,0.0,5.662441253662109e-07,6.576518103429407e-07,1.2293457984924316e-07,18.606306076049805,18.606307983398438,43.00917053222656,43.00917053222656,0.43250685930252075,0.43250685930252075,0.45338597893714905,0.45338597893714905,0.11410718411207199,0.11410718411207199,0.42301318049430847,0.42301318049430847,6.68010950088501,6.68010950088501,0.9627858996391296,0.9627858996391296,2.0063235759735107,2.0063235759735107,0.0,0.0,-0.08920497447252274,-0.08920497447252274,0.31104379892349243,0.31104379892349243,0.5500251054763794,0.5500251054763794,0.11469244211912155,0.11469244211912155,0.35742756724357605,0.35742756724357605,71.82636260986328,71.82636260986328,36.39822006225586,36.39822006225586,48.47260284423828,48.47260284423828,4.34144401550293,4.34144401550293,0.0,0.0,180.0
410,1.7083333333333333,0.1087793966358548,-10.289682539781317,-43.97504969871677,0.1087793966358548,-10.289682539781317,-43.97504969871677,5.0,-5.0,0.0,0.0,12.0,0,0.5,0.0,0.0,3.2,3.2,3.2,10.289682388305664,10.289680480957031,10.289682388305664,10.289682388305664,0.07414934784173965,0.0735914409160614,-6.165760040283203,-6.377477169036865,-0.13657516241073608,-0.13657516241073608,0.0,0.0,nan,nan,25.95825958251953,25.95825958251953,51.91651916503906,0.0,6.515475273132324,0.3310202956199646,0.0,0.0,0.0,0.3310202956199646,0.0,6.515475273132324,0.0,0.0,0.0,-1.0305219888687134,0.14438533782958984,6.440354824066162,0.0,0.0,0.0,0.0,6.515475273132324,0.3310202956199646,0.0,0.0,0.0,0.3310202956199646,0.0,6.515475273132324,-0.0,-0.0,-0.0,-1.0305218696594238,-0.14438670873641968,6.440354824066162,0.0,0.0,0.0,2.9802322387695312e-08,5.820766091346741e-11,0.6000000238418579,-8.195638656616211e-08,0.05600002408027649,0.6000000238418579,1.4901161193847656e-08,-0.055999934673309326,0.6000000238418579,-2.0610437393188477,-1.3709068298339844e-06,12.880709648132324,0.0,0.0,0.0,5.662441253662109e-07,8.15734495063225e-07,8.940696716308594e-08,18.923763275146484,18.923763275146484,43.53828048706055,43.53828048706055,0.4183611571788788,0.4183611571788788,0.45596975088119507,0.45596975088119507,0.12566909193992615,0.12566909193992615,0.42301318049430847,0.42301318049430847,6.9845290184021,6.9845290184021,0.79928058385849,0.79928058385849,2.14315128326416,2.14315128326416,0.0,0.0,-0.08985468745231628,-0.08985468745231628,0.3310202956199646,0.3310202956199646,0.5500251054763794,0.5500251054763794,0.12711112201213837,0.12711112201213837,0.3605014681816101,0.3605014681816101,73.3794174194336,73.3794174194336,37.34144973754883,37.34144973754883,49.394954681396484,49.394954681396484,4.1748199462890625,4.1748199462890625,0.0,0.0,180.0
411,1.7125,0.06557434780084616,-10.436610294721884,-26.50902002293946,0.06557434780084616,-10.436610294721884,-26.50902002293946,5.0,-5.0,0.0,0.0,12.0,0,0.5,0.0,0.0,3.2,3.2,3.2,10.436609268188477,10.436607360839844,10.436609268188477,10.436610221862793,0.03162653371691704,0.031005842611193657,-5.812209606170654,-6.044843673706055,-0.1385253518819809,-0.1385253518819809,0.0,0.0,nan,nan,26.64267921447754,26.64267921447754,53.28535842895508,0.0,6.5606560707092285,0.3228163719177246,0.0,0.0,0.0,0.3228163719177246,0.0,6.5606560707092285,0.0,0.0,0.0,-1.0479708909988403,-0.13804365694522858,6.482986927032471,0.0,0.0,0.0,0.0,6.5606560707092285,0.3228163719177246,0.0,0.0,0.0,0.3228163719177246,0.0,6.5606560707092285,-0.0,-0.0,-0.0,-1.0479707717895508,0.13804227113723755,6.482986927032471,0.0,0.0,0.0,2.9802322387695312e-08,5.820766091346741e-11,0.6000000238418579,0.0,0.05600002408027649,0.6000000238418579,-1.341104507446289e-07,-0.055999934673309326,0.6000000238418579,-2.0959415435791016,-1.385807991027832e-06,12.965973854064941,0.0,0.0,0.0,5.662441253662109e-07,1.255852453141415e-06,8.195638656616211e-08,19.159120559692383,19.159122467041016,43.888465881347656,43.88846969604492,0.4183611571788788,0.4183611571788788,0.44409045577049255,0.44409045577049255,0.13754841685295105,0.13754841685295105,0.43717479705810547,0.43717479705810547,7.246242523193359,7.246242523193359,0.6308459043502808,0.6308459043502808,2.257823944091797,2.257823944091797,0.0,0.0,-0.090298593044281,-0.090298593044281,0.3228163719177246,0.3228163719177246,0.5500251054763794,0.5500251054763794,0.13804394006729126,0.13804394006729126,0.3619214594364166,0.3619214594364166,74.4269790649414,74.4269790649414,37.992549896240234,37.992549896240234,50.02479934692383,50.02479934692383,4.063082218170166,4.063082218170166,0.0,0.0,180.0
412,1.7166666666666666,0.021909342031118443,-10.510332727139124,-8.857048618405832,0.021909342031118443,-10.510332727139124,-8.857048618405832,5.0,-5.0,0.0,0.0,12.0,0,0.5,0.0,0.0,3.2,3.2,3.2,10.510330200195312,10.510333061218262,10.510333061218262,10.510333061218262,-0.011139171198010445,-0.011818110942840576,-5.421266555786133,-5.673248291015625,-0.1395038664340973,-0.1395038664340973,0.0,0.0,nan,nan,27.04131317138672,27.04131317138672,54.08262634277344,0.0,6.59307861328125,0.33616775274276733,0.0,0.0,0.0,0.33616775274276733,0.0,6.59307861328125,0.0,0.0,0.0,-1.039085030555725,-0.4263283312320709,6.505400657653809,0.0,0.0,0.0,0.0,6.59307861328125,0.33616775274276733,0.0,0.0,0.0,0.33616775274276733,0.0,6.59307861328125,-0.0,-0.0,-0.0,-1.0390855073928833,0.42632684111595154,6.505400657653809,0.0,0.0,0.0,2.9802322387695312e-08,5.820766091346741e-11,0.6000000238418579,-8.940696716308594e-08,0.05600002408027649,0.6000000238418579,1.1175870895385742e-07,-0.055999964475631714,0.6000000238418579,-2.0781705379486084,-1.4901161193847656e-06,13.010801315307617,0.0,0.0,0.0,3.8743019104003906e-07,2.423450382593728e-07,1.2293457984924316e-07,19.315876007080078,19.315874099731445,44.071250915527344,44.071250915527344,0.4183611571788788,0.4183611571788788,0.44409045577049255,0.44409045577049255,0.13754841685295105,0.13754841685295105,0.43717479705810547,0.43717479705810547,7.461321830749512,7.461321830749512,0.4584101438522339,0.4584101438522339,2.346858024597168,2.346858024597168,0.0,0.0,-0.09052383154630661,-0.09052383154630661,0.33616775274276733,0.33616775274276733,0.5500251054763794,0.5500251054763794,0.14742381870746613,0.14742381870746613,0.3616873323917389,0.3616873323917389,74.96306610107422,74.96306610107422,38.347808837890625,38.347808837890625,50.35858154296875,50.35858154296875,4.007017612457275,4.007017612457275,0.0,0.0,180.0
413,1.7208333333333332,-0.021909342031117034,-10.510332727139126,8.857048618405264,-0.021909342031117034,-10.510332727139126,8.857048618405264,5.0,-5.0,0.0,0.0,12.0,0,0.5,0.0,0.0,3.2,3.2,3.2,10.510331153869629,10.510333061218262,10.510333061218262,10.510333061218262,-0.053846850991249084,-0.05457914248108864,-4.995519638061523,-5.265151023864746,-0.1395038664340973,-0.1395038664340973,0.0,0.0,nan,nan,27.134788513183594,27.134788513183594,54.26957702636719,0.0,6.611141204833984,0.37391239404678345,0.0,0.0,0.0,0.37391239404678345,0.0,6.611141204833984,0.0,0.0,0.0,-1.00070321559906,-0.7160748243331909,6.506368160247803,0.0,0.0,0.0,0.0,6.611141204833984,0.37391239404678345,0.0,0.0,0.0,0.37391239404678345,0.0,6.611141204833984,-0.0,-0.0,-0.0,-1.0007034540176392,0.7160735726356506,6.506368160247803,0.0,0.0,0.0,2.9802322387695312e-08,5.820766091346741e-11,0.6000000238418579,-4.470348358154297e-08,0.05600002408027649,0.6000000238418579,5.960464477539063e-08,-0.055999964475631714,0.6000000238418579,-2.001406669616699,-1.2516975402832031e-06,13.012736320495605,0.0,0.0,0.0,3.8743019104003906e-07,2.908573151216842e-07,1.1920928955078125e-07,19.38606071472168,19.38606071472168,44.092491149902344,44.092491149902344,0.4183611571788788,0.4183611571788788,0.44409045577049255,0.44409045577049255,0.13754841685295105,0.13754841685295105,0.42301318049430847,0.42301318049430847,7.626713752746582,7.626713752746582,0.282903254032135,0.282903254032135,2.40757417678833,2.40757417678833,0.0,0.0,-0.09052383154630661,-0.09052383154630661,0.37391239404678345,0.37391239404678345,0.5500251054763794,0.5500251054763794,0.15519241988658905,0.15519241988658905,0.3598079979419708,0.3598079979419708,74.984619140625,74.984619140625,38.405189514160156,38.405189514160156,50.39441680908203,50.39441680908203,4.007017612457275,4.007017612457275,0.0,0.0,180.0
414,1.7249999999999999,-0.06557434780084107,-10.436610294721897,26.509020022937406,-0.06557434780084107,-10.436610294721897,26.509020022937406,5.0,-5.0,0.0,0.0,12.0,0,0.5,0.0,0.0,3.2,3.2,3.2,10.436607360839844,10.436606407165527,10.436609268188477,10.436609268188477,-0.0961511954665184,-0.09693190455436707,-4.530622482299805,-4.815932750701904,-0.1385253518819809,-0.1385253518819809,0.0,0.0,nan,nan,26.705408096313477,26.705408096313477,53.41081619262695,0.0,6.547080039978027,0.3814905285835266,0.0,0.0,0.0,0.3814905285835266,0.0,6.547080039978027,0.0,0.0,0.0,-0.9723239541053772,-0.9925692677497864,6.409304618835449,0.0,0.0,0.0,0.0,6.547080039978027,0.3814905285835266,0.0,0.0,0.0,0.3814905285835266,0.0,6.547080039978027,-0.0,-0.0,-0.0,-0.9723240733146667,0.9925678968429565,6.409304618835449,0.0,0.0,0.0,2.9802322387695312e-08,5.820766091346741e-11,0.6000000238418579,-7.450580596923828e-08,0.05600005388259888,0.6000000238418579,-1.1920928955078125e-07,-0.055999934673309326,0.6000000238418579,-1.944648027420044,-1.3709068298339844e-06,12.818609237670898,0.0,0.0,0.0,7.748603820800781e-07,1.6236033388850046e-06,6.705522537231445e-08,19.36542510986328,19.365421295166016,43.95269012451172,43.95268630981445,0.4183611571788788,0.4183611571788788,0.44409045577049255,0.44409045577049255,0.13754841685295105,0.13754841685295105,0.42301318049430847,0.42301318049430847,7.74031925201416,7.74031925201416,0.1052677258849144,0.1052677258849144,2.438213586807251,2.438213586807251,0.0,0.0,-0.090298593044281,-0.090298593044281,0.3814905285835266,0.3814905285835266,0.5500251054763794,0.5500251054763794,0.16130024194717407,0.16130024194717407,0.35630175471305847,0.35630175471305847,74.49149322509766,74.49149322509766,38.164363861083984,38.164363861083984,50.132110595703125,50.132110595703125,4.063082218170166,4.063082218170166,0.0,0.0,180.0
415,1.7291666666666667,-0.10877939663585341,-10.289682539781323,43.97504969871621,-0.10877939663585341,-10.289682539781323,43.97504969871621,5.0,-5.0,0.0,0.0,12.0,0,0.5,0.0,0.0,3.2,3.2,3.2,10.289682388305664,10.289679527282715,10.289682388305664,10.289682388305664,-0.13780046999454498,-0.1386239379644394,-4.037047386169434,-4.336092472076416,-0.13657516241073608,-0.13657516241073608,0.0,0.0,nan,nan,25.975873947143555,25.975873947143555,51.95174789428711,0.0,6.467865943908691,0.4148210883140564,0.0,0.0,0.0,0.4148210883140564,0.0,6.467865943908691,0.0,0.0,0.0,-0.9133970141410828,-1.2557722330093384,6.292385101318359,0.0,0.0,0.0,0.0,6.467865943908691,0.4148210883140564,0.0,0.0,0.0,0.4148210883140564,0.0,6.467865943908691,-0.0,-0.0,-0.0,-0.9133968949317932,1.2557708024978638,6.292385101318359,0.0,0.0,0.0,2.9802322387695312e-08,5.820766091346741e-11,0.6000000238418579,0.0,0.05600002408027649,0.6000000834465027,-8.940696716308594e-08,-0.05599990487098694,0.6000000238418579,-1.826793909072876,-1.430511474609375e-06,12.584770202636719,0.0,0.0,0.0,8.046627044677734e-07,8.831957529764622e-07,3.725290298461914e-09,19.250272750854492,19.250272750854492,43.646888732910156,43.646888732910156,0.4183611571788788,0.4183611571788788,0.45596975088119507,0.45596975088119507,0.12566909193992615,0.12566909193992615,0.4088520109653473,0.4088520109653473,7.80104923248291,7.80104923248291,-0.07353001832962036,-0.07353001832962036,2.4380125999450684,2.4380125999450684,0.0,0.0,-0.08985468745231628,-0.08985468745231628,0.4148210883140564,0.4148210883140564,0.5500251054763794,0.5500251054763794,0.1657065749168396,0.1657065749168396,0.3511953055858612,0.3511953055858612,73.4864273071289,73.4864273071289,37.62666320800781,37.62666320800781,49.573158264160156,49.573158264160156,4.1748199462890625,4.1748199462890625,0.0,0.0,180.0
416,1.7333333333333334,-0.15122143616134662,-10.070580054950916,61.132625996885196,-0.15122143616134662,-10.070580054950916,61.132625996885196,5.0,-5.0,0.0,0.0,12.0,0,0.5,0.0,0.0,3.2,3.2,3.2,10.070578575134277,10.070581436157227,10.070581436157227,10.070581436157227,-0.1784578114748001,-0.17931848764419556,-3.511092185974121,-3.821690320968628,-0.1336670219898224,-0.1336670219898224,0.0,0.0,nan,nan,24.762571334838867,24.762571334838867,49.525142669677734,0.0,6.307977199554443,0.4147847294807434,0.0,0.0,0.0,0.4147847294807434,0.0,6.307977199554443,0.0,0.0,0.0,-0.8688599467277527,-1.4861743450164795,6.082679748535156,0.0,0.0,0.0,0.0,6.307977199554443,0.4147847294807434,0.0,0.0,0.0,0.4147847294807434,0.0,6.307977199554443,-0.0,-0.0,-0.0,-0.8688603639602661,1.486173152923584,6.0826802253723145,0.0,0.0,0.0,2.9802322387695312e-08,5.820766091346741e-11,0.6000000238418579,-1.043081283569336e-07,0.055999964475631714,0.6000000238418579,-2.9802322387695312e-08,-0.055999934673309326,0.6000000238418579,-1.737720251083374,-1.1920928955078125e-06,12.165359497070312,0.0,0.0,0.0,1.4901161193847656e-07,1.1783068885051762e-06,1.1175870895385742e-07,19.03638458251953,19.0363826751709,43.16464614868164,43.16463851928711,0.4183611571788788,0.4183611571788788,0.467531681060791,0.467531681060791,0.11410718411207199,0.11410718411207199,0.4088520109653473,0.4088520109653473,7.808837890625,7.808837890625,-0.25248903036117554,-0.25248903036117554,2.4072256088256836,2.4072256088256836,0.0,0.0,-0.08920497447252274,-0.08920497447252274,0.4147847294807434,0.4147847294807434,0.5500251054763794,0.5500251054763794,0.16837964951992035,0.16837964951992035,0.3445235788822174,0.3445235788822174,71.97512817382812,71.97512817382812,36.795127868652344,36.795127868652344,48.72074890136719,48.72074890136719,4.34144401550293,4.34144401550293,0.0,0.0,180.0
417,1.7375,-0.19260276596462356,-9.780839686736794,77.86140084741866,-0.19260276596462356,-9.780839686736794,77.86140084741866,5.0,-5.0,0.0,0.0,12.0,0,0.5,0.0,0.0,3.2,3.2,3.2,9.780838966369629,9.780837059020996,9.780839920043945,9.780839920043945,-0.21788321435451508,-0.2187749147415161,-2.963686943054199,-3.2837302684783936,-0.1298212856054306,-0.1298212856054306,0.0,0.0,nan,nan,23.308979034423828,23.308979034423828,46.617958068847656,0.0,6.135438919067383,0.44081294536590576,0.0,0.0,0.0,0.44081294536590576,0.0,6.135438919067383,0.0,0.0,0.0,-0.7950432896614075,-1.6909619569778442,5.860587120056152,0.0,0.0,0.0,0.0,6.135438919067383,0.44081294536590576,0.0,0.0,0.0,0.44081294536590576,0.0,6.135438919067383,-0.0,-0.0,-0.0,-0.7950432300567627,1.6909606456756592,5.8605875968933105,0.0,0.0,0.0,2.9802322387695312e-08,5.820766091346741e-11,0.6000000238418579,-5.960464477539063e-08,0.05600005388259888,0.6000000238418579,-4.470348358154297e-08,-0.055999934673309326,0.6000000238418579,-1.5900864601135254,-1.3113021850585938e-06,11.721174240112305,0.0,0.0,0.0,6.556510925292969e-07,9.606251296645496e-07,1.2665987014770508e-07,18.718904495239258,18.718902587890625,42.48963928222656,42.48963928222656,0.44724681973457336,0.44724681973457336,0.44986164569854736,0.44986164569854736,0.10289160162210464,0.10289160162210464,0.3946942090988159,0.3946942090988159,7.7646307945251465,7.7646307945251465,-0.4305647313594818,-0.4305647313594818,2.347101926803589,2.347101926803589,0.0,0.0,-0.08836811780929565,-0.08836811780929565,0.44081294536590576,0.44081294536590576,0.5500251054763794,0.5500251054763794,0.16929684579372406,0.16929684579372406,0.33632954955101013,0.33632954955101013,69.96620178222656,69.96620178222656,35.67448806762695,35.67448806762695,47.57975387573242,47.57975387573242,4.561788558959961,4.561788558959961,0.0,0.0,180.0
418,1.7416666666666667,-0.23263312574955497,-9.422493755643831,94.04403391434677,-0.23263312574955497,-9.422493755643831,94.04403391434677,5.0,-5.0,0.0,0.0,12.0,0,0.5,0.0,0.0,3.2,3.2,3.2,9.422494888305664,9.422491073608398,9.422493934631348,9.422493934631348,-0.2558003067970276,-0.25671660900115967,-2.3986968994140625,-2.7260031700134277,-0.12506495416164398,-0.12506495416164398,0.0,0.0,nan,nan,21.65645980834961,21.65645980834961,43.31291961669922,0.0,5.951742172241211,0.4944838583469391,0.0,0.0,0.0,0.4944838583469391,0.0,5.951742172241211,0.0,0.0,0.0,-0.6912305355072021,-1.8679810762405396,5.63032865524292,0.0,0.0,0.0,0.0,5.951742172241211,0.4944838583469391,0.0,0.0,0.0,0.4944838583469391,0.0,5.951742172241211,-0.0,-0.0,-0.0,-0.6912302374839783,1.8679792881011963,5.630329132080078,0.0,0.0,0.0,2.9802322387695312e-08,5.820766091346741e-11,0.6000000238418579,-7.450580596923828e-08,0.05600002408027649,0.6000000238418579,-7.450580596923828e-08,-0.055999934673309326,0.6000000238418579,-1.3824608325958252,-1.7881393432617188e-06,11.260658264160156,0.0,0.0,0.0,4.76837158203125e-07,1.1745780739147449e-06,7.82310962677002e-08,18.29248809814453,18.29248809814453,41.59932327270508,41.599327087402344,0.46139582991600037,0.46139582991600037,0.45697909593582153,0.45697909593582153,0.08162510395050049,0.08162510395050049,0.366405189037323,0.366405189037323,7.670340538024902,7.670340538024902,-0.6066631078720093,-0.6066631078720093,2.2598178386688232,2.2598178386688232,0.0,0.0,-0.08736775070428848,-0.08736775070428848,0.4944838583469391,0.4944838583469391,0.5500251054763794,0.5500251054763794,0.16844533383846283,0.16844533383846283,0.3266642093658447,0.3266642093658447,67.47138214111328,67.47138214111328,34.27127456665039,34.27127456665039,46.15685272216797,46.15685272216797,4.834306240081787,4.834306240081787,0.0,0.0,180.0
419,1.7458333333333333,-0.27103173130402025,-8.998055800907485,109.56701565390956,-0.27103173130402025,-8.998055800907485,109.56701565390956,5.0,-5.0,0.0,0.0,12.0,0,0.5,0.0,0.0,3.2,3.2,3.2,8.998055458068848,8.998054504394531,8.998055458068848,8.998055458068848,-0.2919009327888489,-0.2928355932235718,-1.8133223056793213,-2.145521402359009,-0.11943138390779495,-0.11943138390779495,0.0,0.0,nan,nan,19.671497344970703,19.671497344970703,39.342994689941406,0.0,5.695868492126465,0.5109235644340515,0.0,0.0,0.0,0.5109235644340515,0.0,5.695868492126465,0.0,0.0,0.0,-0.6095415949821472,-1.9939682483673096,5.325082778930664,0.0,0.0,0.0,0.0,5.695868492126465,0.5109235644340515,0.0,0.0,0.0,0.5109235644340515,0.0,5.695868492126465,-0.0,-0.0,-0.0,-0.6095418334007263,1.9939674139022827,5.3250837326049805,0.0,0.0,0.0,2.9802322387695312e-08,5.820766091346741e-11,0.6000000238418579,0.0,0.05600005388259888,0.6000000834465027,2.9802322387695312e-08,-0.055999934673309326,0.6000000238418579,-1.2190834283828735,-8.344650268554688e-07,10.650166511535645,0.0,0.0,0.0,7.152557373046875e-07,1.223683199214065e-07,1.1920928955078125e-07,17.751686096191406,17.751686096191406,40.464385986328125,40.464385986328125,0.47554877400398254,0.47554877400398254,0.4623199999332428,0.4623199999332428,0.06213124841451645,0.06213124841451645,0.35228419303894043,0.35228419303894043,7.5287628173828125,7.5287628173828125,-0.7796391248703003,-0.7796391248703003,2.148360252380371,2.148360252380371,0.0,0.0,-0.08623160421848297,-0.08623160421848297,0.5109235644340515,0.5109235644340515,0.5500251054763794,0.5500251054763794,0.16582222282886505,0.16582222282886505,0.31558656692504883,0.31558656692504883,64.50542449951172,64.50542449951172,32.593753814697266,32.593753814697266,44.46044921875,44.46044921875,5.157086372375488,5.157086372375488,0.0,0.0,180.0
420,1.75,-0.3075292439994214,-8.510502949821909,124.32146350245364,-0.3075292439994214,-8.510502949821909,124.32146350245364,5.0,-5.0,0.0,0.0,12.0,0,0.5,0.0,0.0,3.2,3.2,3.2,8.51050090789795,8.510502815246582,8.510502815246582,8.510502815246582,-0.3259761333465576,-0.32692238688468933,-1.2187550067901611,-1.5535856485366821,-0.112960085272789,-0.112960085272789,0.0,0.0,nan,nan,17.60468864440918,17.60468864440918,35.20937728881836,0.0,5.435044765472412,0.5536211133003235,0.0,0.0,0.0,0.5536211133003235,0.0,5.435044765472412,0.0,0.0,0.0,-0.5018406510353088,-2.0871670246124268,5.0237531661987305,0.0,0.0,0.0,0.0,5.435044765472412,0.5536211133003235,0.0,0.0,0.0,0.5536211133003235,0.0,5.435044765472412,-0.0,-0.0,-0.0,-0.5018408298492432,2.0871660709381104,5.023754119873047,0.0,0.0,0.0,2.9802322387695312e-08,5.820766091346741e-11,0.6000000238418579,-1.4901161193847656e-08,0.05600002408027649,0.6000000238418579,-2.9802322387695312e-08,-0.055999964475631714,0.6000000238418579,-1.0036814212799072,-9.5367431640625e-07,10.047507286071777,0.0,0.0,0.0,2.384185791015625e-07,5.240183327259729e-07,-1.1175870895385742e-08,17.091583251953125,17.091581344604492,39.048309326171875,39.048309326171875,0.4897056221961975,0.4897056221961975,0.4734485149383545,0.4734485149383545,0.036845918744802475,0.036845918744802475,0.32412275671958923,0.32412275671958923,7.343477249145508,7.343477249145508,-0.948298454284668,-0.948298454284668,2.016382932662964,2.016382932662964,0.0,0.0,-0.08499044924974442,-0.08499044924974442,0.5536211133003235,0.5536211133003235,0.5500251054763794,0.5500251054763794,0.16143545508384705,0.16143545508384705,0.30316388607025146,0.30316388607025146,61.08632278442383,61.08632278442383,30.652069091796875,30.652069091796875,42.50080871582031,42.50080871582031,5.527864456176758,5.527864456176758,0.0,0.0,180.0
421,1.7541666666666667,-0.34186966000762337,-7.9632550353312626,138.20388560937624,-0.34186966000762337,-7.9632550353312626,138.20388560937624,5.0,-5.0,0.0,0.0,12.0,0,0.5,0.0,0.0,3.2,3.2,3.2,7.963253498077393,7.963254928588867,7.963255405426025,7.963255405426025,-0.35776686668395996,-0.35871806740760803,-0.6159710884094238,-0.9510952234268188,-0.10569644719362259,-0.10569644719362259,0.0,0.0,nan,nan,15.429966926574707,15.429966926574707,30.859933853149414,0.0,5.141781806945801,0.5882567167282104,0.0,0.0,0.0,0.5882567167282104,0.0,5.141781806945801,0.0,0.0,0.0,-0.3969871997833252,-2.1363842487335205,4.697044849395752,0.0,0.0,0.0,0.0,5.141781806945801,0.5882567167282104,0.0,0.0,0.0,0.5882567167282104,0.0,5.141781806945801,-0.0,-0.0,-0.0,-0.3969876766204834,2.136383533477783,4.69704532623291,0.0,0.0,0.0,2.9802322387695312e-08,5.820766091346741e-11,0.6000000238418579,-7.450580596923828e-08,0.05600002408027649,0.6000000238418579,4.470348358154297e-08,-0.0559999942779541,0.6000000238418579,-0.7939748764038086,-7.152557373046875e-07,9.39409065246582,0.0,0.0,0.0,8.940696716308594e-08,4.1994854882432264e-07,2.4028122425079346e-07,16.308868408203125,16.30886459350586,37.30712127685547,37.30712127685547,0.518027126789093,0.518027126789093,0.46471449732780457,0.46471449732780457,0.017258400097489357,0.017258400097489357,0.296124666929245,0.296124666929245,7.118704795837402,7.118704795837402,-1.1114047765731812,-1.1114047765731812,1.8680243492126465,1.8680243492126465,0.0,0.0,-0.08367697894573212,-0.08367697894573212,0.5882567167282104,0.5882567167282104,0.5500251054763794,0.5500251054763794,0.1553042083978653,0.1553042083978653,0.28947165608406067,0.28947165608406067,57.23523712158203,57.23523712158203,28.458202362060547,28.458202362060547,40.2900505065918,40.2900505065918,5.944040298461914,5.944040298461914,0.0,0.0,180.0
422,1.7583333333333333,-0.373812105983881,-7.360150608358667,151.11690675810277,-0.373812105983881,-7.360150608358667,151.11690675810277,5.0,-5.0,0.0,0.0,12.0,0,0.5,0.0,0.0,3.2,3.2,3.2,7.360151290893555,7.360148906707764,7.3601508140563965,7.3601508140563965,-0.3870713412761688,-0.38802066445350647,-0.012581586837768555,-0.34572112560272217,-0.09769143164157867,-0.09769143164157867,0.0,0.0,nan,nan,13.290740013122559,13.290740013122559,26.581480026245117,0.0,4.849392890930176,0.6459274291992188,0.0,0.0,0.0,0.6459274291992188,0.0,4.849392890930176,0.0,0.0,0.0,-0.27143508195877075,-2.1547422409057617,4.383747577667236,0.0,0.0,0.0,0.0,4.849392890930176,0.6459274291992188,0.0,0.0,0.0,0.6459274291992188,0.0,4.849392890930176,-0.0,-0.0,-0.0,-0.27143508195877075,2.1547415256500244,4.3837480545043945,0.0,0.0,0.0,2.9802322387695312e-08,5.820766091346741e-11,0.6000000238418579,-4.470348358154297e-08,0.05600005388259888,0.6000000238418579,-1.4901161193847656e-08,-0.05599990487098694,0.6000000238418579,-0.5428701639175415,-7.152557373046875e-07,8.767496109008789,0.0,0.0,0.0,6.258487701416016e-07,5.225834343036695e-07,1.0523945093154907e-07,15.403518676757812,15.403512954711914,35.189964294433594,35.189964294433594,0.5610860586166382,0.5610860586166382,0.4383901059627533,0.4383901059627533,0.0005239031161181629,0.0005239031161181629,0.2546203136444092,0.2546203136444092,6.859159469604492,6.859159469604492,-1.2676914930343628,-1.2676914930343628,1.7077196836471558,1.7077196836471558,0.0,0.0,-0.08232466876506805,-0.08232466876506805,0.6459274291992188,0.6459274291992188,0.5500251054763794,0.5500251054763794,0.1474594920873642,0.1474594920873642,0.27459391951560974,0.27459391951560974,52.97660446166992,52.97660446166992,26.026016235351562,26.026016235351562,37.84215545654297,37.84215545654297,6.402693748474121,6.402693748474121,0.0,0.0,180.0
423,1.7625,-0.40313252862029203,-6.7054200131293005,162.96995138327,-0.40313252862029203,-6.7054200131293005,162.96995138327,5.0,-5.0,0.0,0.0,12.0,0,0.5,0.0,0.0,3.2,3.2,3.2,6.705420017242432,6.70542049407959,6.70542049407959,6.70542049407959,-0.413665235042572,-0.4146060347557068,0.5901787877082825,0.2613442540168762,-0.08900117874145508,-0.08900117874145508,0.0,0.0,nan,nan,11.16700553894043,11.16700553894043,22.33401107788086,0.0,4.532406330108643,0.6893078088760376,0.0,0.0,0.0,0.6893078088760376,0.0,4.532406330108643,0.0,0.0,0.0,-0.15732260048389435,-2.1320672035217285,4.055538177490234,0.0,0.0,0.0,0.0,4.532406330108643,0.6893078088760376,0.0,0.0,0.0,0.6893078088760376,0.0,4.532406330108643,-0.0,-0.0,-0.0,-0.15732260048389435,2.132066249847412,4.055538654327393,0.0,0.0,0.0,2.9802322387695312e-08,5.820766091346741e-11,0.6000000238418579,-4.470348358154297e-08,0.05600005388259888,0.6000000238418579,7.450580596923828e-08,-0.0559999942779541,0.6000000238418579,-0.3146452009677887,-9.5367431640625e-07,8.111076354980469,0.0,0.0,0.0,2.086162567138672e-07,1.2086442779946083e-07,2.635642886161804e-07,14.381449699401855,14.381446838378906,32.64098358154297,32.64098358154297,0.6034961342811584,0.6034961342811584,0.3965039849281311,0.3965039849281311,0.0,0.0,0.21403278410434723,0.21403278410434723,6.56987190246582,6.56987190246582,-1.4158787727355957,-1.4158787727355957,1.5399997234344482,1.5399997234344482,0.0,0.0,-0.0809667780995369,-0.0809667780995369,0.6893078088760376,0.6893078088760376,0.5500251054763794,0.5500251054763794,0.1379447877407074,0.1379447877407074,0.25862351059913635,0.25862351059913635,48.338077545166016,48.338077545166016,23.371244430541992,23.371244430541992,35.1729621887207,35.1729621887207,6.900608539581299,6.900608539581299,0.0,0.0,180.0
424,1.7666666666666666,-0.4296252662187537,-6.003655714345462,173.67987889323206,-0.4296252662187537,-6.003655714345462,173.67987889323206,5.0,-5.0,0.0,0.0,12.0,0,0.5,0.0,0.0,3.2,3.2,3.2,6.0036540031433105,6.003655433654785,6.003655910491943,6.003655910491943,-0.4373640716075897,-0.4382895529270172,1.1877635717391968,0.8655243515968323,-0.07968664914369583,-0.07968664914369583,0.0,0.0,nan,nan,9.119154930114746,9.119154930114746,18.238309860229492,0.0,4.19601583480835,0.7142279148101807,0.0,0.0,0.0,0.7142279148101807,0.0,4.19601583480835,0.0,0.0,0.0,-0.06008794158697128,-2.071218490600586,3.717944860458374,0.0,0.0,0.0,0.0,4.19601583480835,0.7142279148101807,0.0,0.0,0.0,0.7142279148101807,0.0,4.19601583480835,-0.0,-0.0,-0.0,-0.060088299214839935,2.0712177753448486,3.7179453372955322,0.0,0.0,0.0,2.9802322387695312e-08,5.820766091346741e-11,0.6000000238418579,-1.043081283569336e-07,0.05600002408027649,0.6000000238418579,2.9802322387695312e-08,-0.055999934673309326,0.6000000238418579,-0.12017624080181122,-7.152557373046875e-07,7.435890197753906,0.0,0.0,0.0,2.980232238769531e-07,4.986152362107532e-07,2.630986273288727e-07,13.258806228637695,13.258800506591797,29.604267120361328,29.604267120361328,0.6604217886924744,0.6604217886924744,0.3395783007144928,0.3395783007144928,0.0,0.0,0.17482061684131622,0.17482061684131622,6.256000518798828,6.256000518798828,-1.5546932220458984,-1.5546932220458984,1.3692982196807861,1.3692982196807861,0.0,0.0,-0.07963529229164124,-0.07963529229164124,0.7142279148101807,0.7142279148101807,0.5500251054763794,0.5500251054763794,0.12681642174720764,0.12681642174720764,0.24166204035282135,0.24166204035282135,43.35053634643555,43.35053634643555,20.511503219604492,20.511503219604492,32.30018615722656,32.30018615722656,7.434292316436768,7.434292316436768,0.0,0.0,180.0
425,1.7708333333333333,-0.45310449126001673,-5.2597800843462315,183.1715668415781,-0.45310449126001673,-5.2597800843462315,183.1715668415781,5.0,-5.0,0.0,0.0,12.0,0,0.5,0.0,0.0,3.2,3.2,3.2,5.25977897644043,5.259778022766113,5.259779930114746,5.259779930114746,-0.45802024006843567,-0.4589238464832306,1.7729783058166504,1.4595117568969727,-0.06981316953897476,-0.06981316953897476,0.0,0.0,nan,nan,7.25789737701416,7.25789737701416,14.51579475402832,0.0,3.8704288005828857,0.7454786896705627,0.0,0.0,0.0,0.7454786896705627,0.0,3.8704288005828857,0.0,0.0,0.0,0.03886964172124863,-1.989003300666809,3.4026918411254883,0.0,0.0,0.0,0.0,3.8704288005828857,0.7454786896705627,0.0,0.0,0.0,0.7454786896705627,0.0,3.8704288005828857,-0.0,-0.0,-0.0,0.03886972367763519,1.9890024662017822,3.4026923179626465,0.0,0.0,0.0,2.9802322387695312e-08,5.820766091346741e-11,0.6000000238418579,-2.9802322387695312e-08,0.05600002408027649,0.6000000238418579,-1.4901161193847656e-08,-0.055999964475631714,0.6000000238418579,0.07773936539888382,-8.344650268554688e-07,6.805384159088135,0.0,0.0,0.0,1.6391277313232422e-07,3.5492843153406284e-07,3.189779818058014e-08,12.069087028503418,12.069087028503418,26.034015655517578,26.034015655517578,0.7442913055419922,0.7442913055419922,0.255708783864975,0.255708783864975,0.0,0.0,0.12566909193992615,0.12566909193992615,5.922638893127441,5.922638893127441,-1.6828923225402832,-1.6828923225402832,1.1997759342193604,1.1997759342193604,0.0,0.0,-0.0783601626753807,-0.0783601626753807,0.7454786896705627,0.7454786896705627,0.5500251054763794,0.5500251054763794,0.1141437441110611,0.1141437441110611,0.2238197773694992,0.2238197773694992,38.04788589477539,38.04788589477539,17.466169357299805,17.466169357299805,29.243305206298828,29.243305206298828,8.000000953674316,8.000000953674316,0.0,0.0,180.0
426,1.775,-0.47340551385022045,-4.479010876202025,191.37843785712045,-0.47340551385022045,-4.479010876202025,191.37843785712045,5.0,-5.0,0.0,0.0,12.0,0,0.5,0.0,0.0,3.2,3.2,3.2,4.479009628295898,4.479009628295898,4.479011535644531,4.479011058807373,-0.4754877984523773,-0.47636300325393677,2.3418989181518555,2.0393247604370117,-0.05945000424981117,-0.05945000424981117,0.0,0.0,nan,nan,5.609025001525879,5.609025001525879,11.218050003051758,0.0,3.5563316345214844,0.767498254776001,0.0,0.0,0.0,0.767498254776001,0.0,3.5563316345214844,0.0,0.0,0.0,0.12427349388599396,-1.8891416788101196,3.106806516647339,0.0,0.0,0.0,0.0,3.5563316345214844,0.767498254776001,0.0,0.0,0.0,0.767498254776001,0.0,3.5563316345214844,-0.0,-0.0,-0.0,0.1242733746767044,1.88914155960083,3.106806993484497,0.0,0.0,0.0,2.9802322387695312e-08,5.820766091346741e-11,0.6000000238418579,-8.940696716308594e-08,0.05600002408027649,0.6000000834465027,-7.450580596923828e-08,-0.055999934673309326,0.6000000238418579,0.24854686856269836,-1.1920928955078125e-07,6.213613510131836,0.0,0.0,0.0,3.5762786865234375e-07,7.018326755314774e-07,1.0710209608078003e-08,10.875359535217285,10.875356674194336,21.91472816467285,21.91472816467285,0.8624516129493713,0.8624516129493713,0.13754841685295105,0.13754841685295105,0.0,0.0,0.07163921743631363,0.07163921743631363,5.5746259689331055,5.5746259689331055,-1.7992889881134033,-1.7992889881134033,1.0351756811141968,1.0351756811141968,0.0,0.0,-0.07716859877109528,-0.07716859877109528,0.767498254776001,0.767498254776001,0.5500251054763794,0.5500251054763794,0.10000934451818466,0.10000934451818466,0.20521552860736847,0.20521552860736847,32.46696853637695,32.46696853637695,14.25633430480957,14.25633430480957,26.023487091064453,26.023487091064453,8.593766212463379,8.593766212463379,0.0,0.0,180.0
427,1.7791666666666666,-0.4903859369021572,-3.666824624926136,198.24292663631294,-0.4903859369021572,-3.666824624926136,198.24292663631294,5.0,-5.0,0.0,0.0,12.0,0,0.5,0.0,0.0,3.2,3.2,3.2,3.666823625564575,3.6668243408203125,3.6668243408203125,3.6668245792388916,-0.489621639251709,-0.4904622435569763,2.8941586017608643,2.6045982837677,-0.04866983741521835,-0.04866983741521835,0.0,0.0,nan,nan,4.116861343383789,4.116861343383789,8.233722686767578,0.0,3.2225522994995117,0.7382102012634277,0.0,0.0,0.0,0.7382102012634277,0.0,3.2225522994995117,0.0,0.0,0.0,0.1605464220046997,-1.757949709892273,2.7952880859375,0.0,0.0,0.0,0.0,3.2225522994995117,0.7382102012634277,0.0,0.0,0.0,0.7382102012634277,0.0,3.2225522994995117,-0.0,-0.0,-0.0,0.16054630279541016,1.7579495906829834,2.7952880859375,0.0,0.0,0.0,2.9802322387695312e-08,5.820766091346741e-11,0.6000000238418579,-8.940696716308594e-08,0.0559999942779541,0.6000000834465027,-5.960464477539063e-08,-0.055999964475631714,0.6000000238418579,0.32109272480010986,-1.1920928955078125e-07,5.590576171875,0.0,0.0,0.0,1.9371509552001953e-07,5.927118422732747e-07,4.0978193283081055e-08,9.792529106140137,9.792529106140137,17.303022384643555,17.303022384643555,0.9703718423843384,0.9703718423843384,0.029628142714500427,0.029628142714500427,0.0,0.0,0.029628142714500427,0.029628142714500427,5.2163591384887695,5.2163591384887695,-1.9027791023254395,-1.9027791023254395,0.878713846206665,0.878713846206665,0.0,0.0,-0.07608456164598465,-0.07608456164598465,0.7382102012634277,0.7382102012634277,0.5500251054763794,0.5500251054763794,0.08450876921415329,0.08450876921415329,0.18597623705863953,0.18597623705863953,26.64727783203125,26.64727783203125,10.904653549194336,10.904653549194336,22.663454055786133,22.663454055786133,9.211423873901367,9.211423873901367,0.0,0.0,180.0
428,1.7833333333333332,-0.5039266549485346,-2.8289182335162457,203.71688372249787,-0.5039266549485346,-2.8289182335162457,203.71688372249787,5.0,-5.0,0.0,0.0,12.0,0,0.5,0.0,0.0,3.2,3.2,3.2,2.8289172649383545,2.828917980194092,2.828918218612671,2.82891845703125,-0.5003143548965454,-0.5011144876480103,3.427211284637451,3.1527154445648193,-0.03754828870296478,-0.03754828870296478,0.0,0.0,nan,nan,2.7792484760284424,2.7792484760284424,5.558496952056885,0.0,2.85927152633667,0.6578900218009949,0.0,0.0,0.0,0.6578900218009949,0.0,2.85927152633667,0.0,0.0,0.0,0.14972007274627686,-1.5920790433883667,2.45990252494812,0.0,0.0,0.0,0.0,2.85927152633667,0.6578900218009949,0.0,0.0,0.0,0.6578900218009949,0.0,2.85927152633667,-0.0,-0.0,-0.0,0.14971989393234253,1.5920790433883667,2.459902763366699,0.0,0.0,0.0,2.9802322387695312e-08,5.820766091346741e-11,0.6000000238418579,-1.341104507446289e-07,0.0559999942779541,0.6000000238418579,2.9802322387695312e-08,-0.055999934673309326,0.6000000238418579,0.2994399666786194,0.0,4.919805526733398,0.0,0.0,0.0,1.341104507446289e-07,4.0320944094673905e-07,2.4121254682540894e-07,9.027963638305664,9.027965545654297,13.71657943725586,13.716593742370605,1.0,1.0,0.0,0.0,0.0,0.0,0.0,0.0,4.8516387939453125,4.8516387939453125,-1.992366909980774,-1.992366909980774,0.7330183386802673,0.7330183386802673,0.0,0.0,-0.07512834668159485,-0.07512834668159485,0.6578900218009949,0.6578900218009949,0.5500251054763794,0.5500251054763794,0.06775008887052536,0.06775008887052536,0.16623619198799133,0.16623619198799133,20.630693435668945,20.630693435668945,7.435190200805664,7.435190200805664,19.18733024597168,19.18733024597168,9.848642349243164,9.848642349243164,0.0,0.0,180.0
429,1.7874999999999999,-0.5139326895812494,-1.9711690132732587,207.76191323974817,-0.5139326895812494,-1.9711690132732587,207.76191323974817,5.0,-5.0,0.0,0.0,12.0,0,0.5,0.0,0.0,3.2,3.2,3.2,1.9711689949035645,1.9711685180664062,1.9711689949035645,1.9711689949035645,-0.5074551701545715,-0.5082095861434937,3.943037509918213,3.685668468475342,-0.026163367554545403,-0.026163367554545403,0.0,0.0,nan,nan,1.5595908164978027,1.5595908164978027,3.1191816329956055,0.0,2.4163477420806885,0.5257968306541443,0.0,0.0,0.0,0.5257968306541443,0.0,2.4163477420806885,0.0,0.0,0.0,0.09982585161924362,-1.3654690980911255,2.059302568435669,0.0,0.0,0.0,0.0,2.4163477420806885,0.5257968306541443,0.0,0.0,0.0,0.5257968306541443,0.0,2.4163477420806885,-0.0,-0.0,-0.0,0.09982575476169586,1.3654687404632568,2.059303045272827,0.0,0.0,0.0,2.9802322387695312e-08,5.820766091346741e-11,0.6000000238418579,-8.940696716308594e-08,0.05600005388259888,0.6000000834465027,-4.470348358154297e-08,-0.055999934673309326,0.6000000238418579,0.1996515989303589,-3.5762786865234375e-07,4.118605613708496,0.0,0.0,0.0,2.980232238769531e-07,4.04868103487388e-07,4.423782229423523e-08,8.931037902832031,8.931035995483398,13.180313110351562,13.180313110351562,1.0,1.0,0.0,0.0,0.0,0.0,0.0,0.0,4.4835357666015625,4.4835357666015625,-2.067188262939453,-2.067188262939453,0.6001132130622864,0.6001132130622864,0.0,0.0,-0.07431638240814209,-0.07431638240814209,0.5257968306541443,0.5257968306541443,0.5500251054763794,0.5500251054763794,0.049853164702653885,0.049853164702653885,0.14613616466522217,0.14613616466522217,14.46108341217041,14.46108341217041,3.8731958866119385,3.8731958866119385,15.620413780212402,15.620413780212402,10.50094985961914,10.50094985961914,0.0,0.0,180.0
430,1.7916666666666667,-0.5203338556566808,-1.099593458684994,210.34964221235083,-0.5203338556566808,-1.099593458684994,210.34964221235083,5.0,-5.0,0.0,0.0,12.0,0,0.5,0.0,0.0,3.2,3.2,3.2,1.099593162536621,1.0995930433273315,1.0995934009552002,1.0995934009552002,-0.5110554099082947,-0.5117588043212891,4.428164005279541,4.189666748046875,-0.014594926498830318,-0.014594926498830318,0.0,0.0,nan,nan,0.6719070672988892,0.6719070672988892,1.3438141345977783,0.0,1.9877941608428955,0.4077901840209961,0.0,0.0,0.0,0.4077901840209961,0.0,1.9877941608428955,0.0,0.0,0.0,0.05941050499677658,-1.1337692737579346,1.6818609237670898,0.0,0.0,0.0,0.0,1.9877941608428955,0.4077901840209961,0.0,0.0,0.0,0.4077901840209961,0.0,1.9877941608428955,-0.0,-0.0,-0.0,0.05941047519445419,1.1337690353393555,1.6818610429763794,0.0,0.0,0.0,2.9802322387695312e-08,5.820766091346741e-11,0.6000000238418579,-1.043081283569336e-07,0.05600002408027649,0.6000000238418579,-1.043081283569336e-07,-0.055999934673309326,0.6000000238418579,0.11882098019123077,-2.384185791015625e-07,3.3637218475341797,0.0,0.0,0.0,1.4156103134155273e-07,4.511102815740742e-07,-6.984919309616089e-09,9.841299057006836,9.841296195983887,12.650269508361816,12.650269508361816,1.0,1.0,0.0,0.0,0.0,0.0,0.0,0.0,4.1143269538879395,4.1143269538879395,-2.126532793045044,-2.126532793045044,0.4814513027667999,0.4814513027667999,0.0,0.0,-0.07366111874580383,-0.07366111874580383,0.4077901840209961,0.4077901840209961,0.5500251054763794,0.5500251054763794,0.030948743224143982,0.030948743224143982,0.12582235038280487,0.12582235038280487,8.183931350708008,8.183931350708008,0.244893878698349,0.244893878698349,11.988964080810547,11.988964080810547,11.163772583007812,11.163772583007812,0.0,0.0,180.0
431,1.7958333333333334,-0.5230852535940391,-0.22030504604101236,211.46191958084287,-0.5230852535940391,-0.22030504604101236,211.46191958084287,5.0,-5.0,0.0,0.0,12.0,0,0.5,0.0,0.0,3.2,3.2,3.2,0.22030501067638397,0.2203049510717392,0.22030504047870636,0.22030504047870636,-0.5110893845558167,-0.5117365717887878,4.879299163818359,4.661288261413574,-0.0029241135343909264,-0.0029241135343909264,0.0,0.0,nan,nan,0.11267130076885223,0.11267130076885223,0.22534260153770447,0.0,1.5756070613861084,0.30481189489364624,0.0,0.0,0.0,0.30481189489364624,0.0,1.5756070613861084,0.0,0.0,0.0,0.029589463025331497,-0.9022295475006104,1.3268588781356812,0.0,0.0,0.0,0.0,1.5756070613861084,0.30481189489364624,0.0,0.0,0.0,0.30481189489364624,0.0,1.5756070613861084,-0.0,-0.0,-0.0,0.02958948165178299,0.9022291302680969,1.3268589973449707,0.0,0.0,0.0,2.9802322387695312e-08,5.820766091346741e-11,0.6000000238418579,-1.4901161193847656e-08,0.05600002408027649,0.6000000238418579,-1.341104507446289e-07,-0.05599990487098694,0.6000000238418579,0.05917894467711449,-4.172325134277344e-07,2.6537179946899414,0.0,0.0,0.0,1.4901161193847656e-07,2.7680437142407754e-07,-1.100124791264534e-07,11.521893501281738,11.521890640258789,12.128795623779297,12.128795623779297,1.0,1.0,0.0,0.0,0.0,0.0,0.0,0.0,3.7454681396484375,3.7454681396484375,-2.169861316680908,-2.169861316680908,0.3779827952384949,0.3779827952384949,0.0,0.0,-0.07317091524600983,-0.07317091524600983,0.30481189489364624,0.30481189489364624,0.5500251054763794,0.5500251054763794,0.011177164502441883,0.011177164502441883,0.10544498264789581,0.10544498264789581,1.845848798751831,1.845848798751831,-3.422797441482544,-3.422797441482544,8.31991958618164,8.31991958618164,11.8324613571167,11.8324613571167,0.0,0.0,180.0
432,1.8,-0.5221675843136717,0.6605286482120643,211.09094351865497,-0.5221675843136717,0.6605286482120643,211.09094351865497,5.0,-5.0,0.0,0.0,12.0,0,0.5,0.0,0.0,3.2,3.2,3.2,0.6605286598205566,0.6605285406112671,0.6605286598205566,0.6605286598205566,-0.5075554847717285,-0.508141815662384,5.293479919433594,5.0974297523498535,0.008767210878431797,0.008767210878431797,0.0,0.0,nan,nan,-0.13018538057804108,-0.13018538057804108,-0.26037076115608215,0.0,1.1808414459228516,0.2173997163772583,0.0,0.0,0.0,0.2173997163772583,0.0,1.1808414459228516,0.0,0.0,0.0,0.011246182024478912,-0.6752885580062866,0.992727518081665,0.0,0.0,0.0,0.0,1.1808414459228516,0.2173997163772583,0.0,0.0,0.0,0.2173997163772583,0.0,1.1808414459228516,-0.0,-0.0,-0.0,0.011246081441640854,0.6752884387969971,0.9927276372909546,0.0,0.0,0.0,2.9802322387695312e-08,5.820766091346741e-11,0.6000000238418579,-2.9802322387695312e-08,0.05600006878376007,0.6000000834465027,1.4901161193847656e-08,-0.055999934673309326,0.6000000834465027,0.022492263466119766,-1.1920928955078125e-07,1.9854551553726196,0.0,0.0,0.0,1.2665987014770508e-07,7.53046123236345e-08,2.2992026060819626e-08,13.490616798400879,13.490619659423828,15.957026481628418,15.957026481628418,0.874330997467041,0.874330997467041,0.12566909193992615,0.12566909193992615,0.0,0.0,0.0,0.0,3.3776557445526123,3.3776557445526123,-2.1968142986297607,-2.1968142986297607,0.29024985432624817,0.29024985432624817,0.0,0.0,-0.07285015285015106,-0.07285015285015106,0.2173997163772583,0.2173997163772583,0.5500251054763794,0.5500251054763794,-0.009313114918768406,-0.009313114918768406,0.08515674620866776,0.08515674620866776,-4.50589656829834,-4.50589656829834,-7.102536201477051,-7.102536201477051,4.640632152557373,4.640632152557373,12.502325057983398,12.502325057983398,0.0,0.0,180.0
433,1.8041666666666667,-0.5175872846062353,1.5367292085871123,209.2393161563173,-0.5175872846062353,1.5367292085871123,209.2393161563173,5.0,-5.0,0.0,0.0,12.0,0,0.5,0.0,0.0,3.2,3.2,3.2,1.5367292165756226,1.536728858947754,1.5367292165756226,1.5367292165756226,-0.5004768967628479,-0.5009978413581848,5.668078899383545,5.495315074920654,0.020397039130330086,0.020397039130330086,0.0,0.0,nan,nan,-0.07510049641132355,-0.07510049641132355,-0.1502009928226471,0.0,0.8037296533584595,0.14578893780708313,0.0,0.0,0.0,0.14578893780708313,0.0,0.8037296533584595,0.0,0.0,0.0,0.005083676893264055,-0.4566047787666321,0.6772902011871338,0.0,0.0,0.0,0.0,0.8037296533584595,0.14578893780708313,0.0,0.0,0.0,0.14578893780708313,0.0,0.8037296533584595,-0.0,-0.0,-0.0,0.005083705764263868,0.45660459995269775,0.6772903203964233,0.0,0.0,0.0,2.9802322387695312e-08,5.820766091346741e-11,0.6000000238418579,-8.940696716308594e-08,0.056000009179115295,0.6000000238418579,-8.940696716308594e-08,-0.055999934673309326,0.6000000238418579,0.010167382657527924,-1.7881393432617188e-07,1.3545805215835571,0.0,0.0,0.0,4.470348358154297e-08,1.6147858161730255e-07,1.2223608791828156e-09,15.509336471557617,15.509331703186035,21.25790786743164,21.25790786743164,0.44963017106056213,0.44963017106056213,0.5503698587417603,0.5503698587417603,0.0,0.0,0.0,0.0,3.010951042175293,3.010951042175293,-2.207221508026123,-2.207221508026123,0.21848806738853455,0.21848806738853455,0.0,0.0,-0.07269912958145142,-0.07269912958145142,0.14578893780708313,0.14578893780708313,0.5500251054763794,0.5500251054763794,-0.030367203056812286,-0.030367203056812286,0.06511113047599792,0.06511113047599792,-10.823899269104004,-10.823899269104004,-10.766854286193848,-10.766854286193848,0.9785668849945068,0.9785668849945068,13.168664932250977,13.168664932250977,0.0,0.0,180.0
434,1.8083333333333333,-0.5093764819832378,2.402150717702261,205.9200253293846,-0.5093764819832378,2.402150717702261,205.9200253293846,5.0,-5.0,0.0,0.0,12.0,0,0.5,0.0,0.0,3.2,3.2,3.2,2.4021501541137695,2.4021501541137695,2.4021506309509277,2.4021506309509277,-0.48990073800086975,-0.490352988243103,6.000790596008301,5.852482795715332,0.03188379481434822,0.03188379481434822,0.0,0.0,nan,nan,0.2551005184650421,0.2551005184650421,0.5102010369300842,0.0,0.4438759684562683,0.09000234305858612,0.0,0.0,0.0,0.09000234305858612,0.0,0.4438759684562683,0.0,0.0,0.0,0.01165979914367199,-0.24916155636310577,0.3780328929424286,0.0,0.0,0.0,0.0,0.4438759684562683,0.09000234305858612,0.0,0.0,0.0,0.09000234305858612,0.0,0.4438759684562683,-0.0,-0.0,-0.0,0.011659790761768818,0.24916145205497742,0.37803298234939575,0.0,0.0,0.0,2.9802322387695312e-08,5.820766091346741e-11,0.6000000238418579,-5.960464477539063e-08,0.05600002408027649,0.6000000238418579,-4.470348358154297e-08,-0.055999964475631714,0.6000000238418579,0.023319590836763382,-1.043081283569336e-07,0.756065845489502,0.0,0.0,0.0,1.6763806343078613e-08,6.19644282551235e-08,2.561137080192566e-09,17.470495223999023,17.47049331665039,26.19782257080078,26.19782257080078,0.3360842764377594,0.3360842764377594,0.663915753364563,0.663915753364563,0.0,0.0,0.0,0.0,2.6449756622314453,2.6449756622314453,-2.2010998725891113,-2.2010998725891113,0.16271667182445526,0.16271667182445526,0.0,0.0,-0.07271432876586914,-0.07271432876586914,0.09000234305858612,0.09000234305858612,0.5500251054763794,0.5500251054763794,-0.051825493574142456,-0.051825493574142456,0.04546068236231804,0.04546068236231804,-17.061124801635742,-17.061124801635742,-14.388456344604492,-14.388456344604492,-2.6389966011047363,-2.6389966011047363,13.826807022094727,13.826807022094727,0.0,0.0,180.0
435,1.8125,-0.4975927693256246,3.2507228654757108,201.1563534781,-0.4975927693256246,3.2507228654757108,201.1563534781,5.0,-5.0,0.0,0.0,12.0,0,0.5,0.0,0.0,3.2,3.2,3.2,3.250723123550415,3.2507224082946777,3.250722885131836,3.250722885131836,-0.4758995473384857,-0.47627967596054077,6.2896409034729,6.166794300079346,0.04314691200852394,0.04314691200852394,0.0,0.0,nan,nan,0.8346932530403137,0.8346932530403137,1.6693865060806274,0.0,0.10049530863761902,0.049911979585886,0.0,0.0,0.0,0.049911979585886,0.0,0.10049530863761902,0.0,0.0,0.0,0.03139249607920647,-0.055427227169275284,0.09237340837717056,0.0,0.0,0.0,0.0,0.10049530863761902,0.049911979585886,0.0,0.0,0.0,0.049911979585886,0.0,0.10049530863761902,-0.0,-0.0,-0.0,0.03139249607920647,0.05542721226811409,0.09237341582775116,0.0,0.0,0.0,2.9802322387695312e-08,5.820766091346741e-11,0.6000000238418579,-5.960464477539063e-08,0.05600005388259888,0.6000000238418579,-2.9802322387695312e-08,-0.055999934673309326,0.6000000238418579,0.06278499215841293,-1.4901161193847656e-08,0.18474683165550232,0.0,0.0,0.0,1.0710209608078003e-08,1.3764711148667175e-08,-1.979060471057892e-09,19.317766189575195,19.317766189575195,30.6079158782959,30.6079158782959,0.27872011065483093,0.27872011065483093,0.7212798595428467,0.7212798595428467,0.0,0.0,0.0,0.0,2.2791430950164795,2.2791430950164795,-2.178647994995117,-2.178647994995117,0.1228003278374672,0.1228003278374672,0.0,0.0,-0.07288835942745209,-0.07288835942745209,0.049911979585886,0.049911979585886,0.5500251054763794,0.5500251054763794,-0.07352558523416519,-0.07352558523416519,0.02635510265827179,0.02635510265827179,-23.17140769958496,-23.17140769958496,-17.940507888793945,-17.940507888793945,-6.185252666473389,-6.185252666473389,14.472136497497559,14.472136497497559,0.0,0.0,180.0
436,1.8166666666666667,-0.48231880091110335,4.076493527989005,194.98171433780706,-0.48231880091110335,4.076493527989005,194.98171433780706,5.0,-5.0,0.0,0.0,12.0,0,0.5,0.0,0.0,3.2,3.2,3.2,4.076493740081787,4.076493263244629,4.076493740081787,4.076493740081787,-0.45856907963752747,-0.45887428522109985,6.532957077026367,6.436406135559082,0.05410738289356232,0.05410738289356232,0.0,0.0,nan,nan,1.6358922719955444,1.6358922719955444,3.271784543991089,0.0,-0.22732111811637878,0.02526325359940529,0.0,0.0,0.0,0.02526325359940529,0.0,-0.22732111811637878,0.0,0.0,0.0,0.06452878564596176,0.12246600538492203,-0.18207481503486633,0.0,0.0,0.0,0.0,-0.22732111811637878,0.02526325359940529,0.0,0.0,0.0,0.02526325359940529,0.0,-0.22732111811637878,-0.0,-0.0,-0.0,0.06452878564596176,-0.12246596068143845,-0.18207484483718872,0.0,0.0,0.0,2.9802322387695312e-08,5.820766091346741e-11,0.6000000238418579,-5.960464477539063e-08,0.056000009179115295,0.6000000238418579,2.9802322387695312e-08,-0.055999964475631714,0.6000000238418579,0.12905757129192352,4.470348358154297e-08,-0.36414965987205505,0.0,0.0,0.0,-6.51925802230835e-09,-1.627875789722566e-08,-1.3969838619232178e-08,21.021068572998047,21.021068572998047,34.44263458251953,34.44263458251953,0.2498149424791336,0.2498149424791336,0.7501851320266724,0.7501851320266724,0.0,0.0,0.0,0.0,1.9129141569137573,1.9129141569137573,-2.140235185623169,-2.140235185623169,0.09847337007522583,0.09847337007522583,0.0,0.0,-0.07321010529994965,-0.07321010529994965,0.02526325359940529,0.02526325359940529,0.5500251054763794,0.5500251054763794,-0.09530418366193771,-0.09530418366193771,0.007939491420984268,0.007939491420984268,-29.109941482543945,-29.109941482543945,-21.39691734313965,-21.39691734313965,-9.634148597717285,-9.634148597717285,15.10012435913086,15.10012435913086,0.0,0.0,180.0
437,1.8208333333333333,-0.4636617126537727,4.873670517359946,187.43941856560352,-0.4636617126537727,4.873670517359946,187.43941856560352,5.0,-5.0,0.0,0.0,12.0,0,0.5,0.0,0.0,3.2,3.2,3.2,4.87367057800293,4.873669147491455,4.87367057800293,4.87367057800293,-0.43802884221076965,-0.43825697898864746,6.729360103607178,6.659762382507324,0.06468833237886429,0.06468833237886429,0.0,0.0,nan,nan,2.6290488243103027,2.6290488243103027,5.2580976486206055,0.0,-0.5403508543968201,0.015660196542739868,0.0,0.0,0.0,0.015660196542739868,0.0,-0.5403508543968201,0.0,0.0,0.0,0.11107855290174484,0.28256288170814514,-0.44726285338401794,0.0,0.0,0.0,0.0,-0.5403508543968201,0.015660196542739868,0.0,0.0,0.0,0.015660196542739868,0.0,-0.5403508543968201,-0.0,-0.0,-0.0,0.11107854545116425,-0.28256282210350037,-0.44726288318634033,0.0,0.0,0.0,2.9802322387695312e-08,5.820766091346741e-11,0.6000000238418579,1.4901161193847656e-08,0.05600002408027649,0.6000000238418579,-1.1920928955078125e-07,-0.055999934673309326,0.5999999642372131,0.2221570909023285,5.960464477539063e-08,-0.8945257663726807,0.0,0.0,0.0,-5.587935447692871e-08,-7.993288875240978e-08,2.7474015951156616e-08,22.56642723083496,22.56642723083496,37.71895217895508,37.71895217895508,0.22074872255325317,0.22074872255325317,0.7345550656318665,0.7345550656318665,0.04469626769423485,0.04469626769423485,0.0,0.0,1.5460352897644043,1.5460352897644043,-2.086386203765869,-2.086386203765869,0.08932517468929291,0.08932517468929291,0.0,0.0,-0.07366497814655304,-0.07366497814655304,0.015660196542739868,0.015660196542739868,0.5500251054763794,0.5500251054763794,-0.11699888110160828,-0.11699888110160828,-0.009647335857152939,-0.009647335857152939,-34.83368682861328,-34.83368682861328,-24.73258399963379,-24.73258399963379,-12.960639953613281,-12.960639953613281,15.706368446350098,15.706368446350098,0.0,0.0,180.0
438,1.825,-0.4417523706226551,5.63666220977911,178.582369947198,-0.4417523706226551,5.63666220977911,178.582369947198,5.0,-5.0,0.0,0.0,12.0,0,0.5,0.0,0.0,3.2,3.2,3.2,5.636661529541016,5.636662483215332,5.636662006378174,5.636662006378174,-0.4144212305545807,-0.414570689201355,6.87775182723999,6.835572242736816,0.074815534055233,0.074815534055233,0.0,0.0,nan,nan,3.782374858856201,3.782374858856201,7.564749717712402,0.0,-0.8390243649482727,0.02051977813243866,0.0,0.0,0.0,0.02051977813243866,0.0,-0.8390243649482727,0.0,0.0,0.0,0.17072536051273346,0.4229738712310791,-0.7045061588287354,0.0,0.0,0.0,0.0,-0.8390243649482727,0.02051977813243866,0.0,0.0,0.0,0.02051977813243866,0.0,-0.8390243649482727,-0.0,-0.0,-0.0,0.17072540521621704,-0.4229738116264343,-0.7045062184333801,0.0,0.0,0.0,2.9802322387695312e-08,5.820766091346741e-11,0.6000000238418579,-5.960464477539063e-08,0.0559999942779541,0.6000000834465027,7.450580596923828e-08,-0.055999964475631714,0.6000000238418579,0.3414507508277893,5.960464477539063e-08,-1.4090123176574707,0.0,0.0,0.0,-4.470348358154297e-08,-2.1317852372249035e-08,-5.960464477539063e-08,23.950321197509766,23.950326919555664,40.4844970703125,40.4844970703125,0.20615608990192413,0.20615608990192413,0.6681748628616333,0.6681748628616333,0.12566909193992615,0.12566909193992615,0.0,0.0,1.178735375404358,1.178735375404358,-2.0177597999572754,-2.0177597999572754,0.09475480020046234,0.09475480020046234,0.0,0.0,-0.07423502206802368,-0.07423502206802368,0.02051977813243866,0.02051977813243866,0.5500251054763794,0.5500251054763794,-0.1384499967098236,-0.1384499967098236,-0.026274491101503372,-0.026274491101503372,-40.30179977416992,-40.30179977416992,-27.923646926879883,-27.923646926879883,-16.140926361083984,-16.140926361083984,16.2866153717041,16.2866153717041,0.0,0.0,180.0
439,1.8291666666666666,-0.41674445311025976,6.360116766732881,168.47269431486862,-0.41674445311025976,6.360116766732881,168.47269431486862,5.0,-5.0,0.0,0.0,12.0,0,0.5,0.0,0.0,3.2,3.2,3.2,6.360115051269531,6.360115051269531,6.360116958618164,6.360116958618164,-0.3879104256629944,-0.3879801332950592,6.977301597595215,6.96282958984375,0.08441796153783798,0.08441796153783798,0.0,0.0,nan,nan,5.0614495277404785,5.0614495277404785,10.122899055480957,0.0,-1.1232632398605347,0.03900986164808273,0.0,0.0,0.0,0.03900986164808273,0.0,-1.1232632398605347,0.0,0.0,0.0,0.2427297830581665,0.5418316721916199,-0.9543284773826599,0.0,0.0,0.0,0.0,-1.1232632398605347,0.03900986164808273,0.0,0.0,0.0,0.03900986164808273,0.0,-1.1232632398605347,-0.0,-0.0,-0.0,0.2427297979593277,-0.5418314933776855,-0.9543285369873047,0.0,0.0,0.0,2.9802322387695312e-08,5.820766091346741e-11,0.6000000238418579,-1.341104507446289e-07,0.0559999942779541,0.6000000238418579,0.0,-0.055999964475631714,0.5999999642372131,0.485459566116333,1.7881393432617188e-07,-1.9086570739746094,0.0,0.0,0.0,-5.587935447692871e-08,-1.993356590901385e-07,-7.916241884231567e-08,25.17588233947754,25.17588233947754,42.79875564575195,42.79875564575195,0.20615608990192413,0.20615608990192413,0.5930602550506592,0.5930602550506592,0.20078371465206146,0.20078371465206146,0.0,0.0,0.8118637800216675,0.8118637800216675,-1.9351270198822021,-1.9351270198822021,0.11390915513038635,0.11390915513038635,0.0,0.0,-0.07489929348230362,-0.07489929348230362,0.03900986164808273,0.03900986164808273,0.5500251054763794,0.5500251054763794,-0.1595020890235901,-0.1595020890235901,-0.04182041436433792,-0.04182041436433792,-45.47592544555664,-45.47592544555664,-30.94766616821289,-30.94766616821289,-19.152645111083984,-19.152645111083984,16.836793899536133,16.836793899536133,0.0,0.0,180.0
440,1.8333333333333333,-0.38881337268977484,7.0389596743055565,157.18130377938527,-0.38881337268977484,7.0389596743055565,157.18130377938527,5.0,-5.0,0.0,0.0,12.0,0,0.5,0.0,0.0,3.2,3.2,3.2,7.03895902633667,7.038956642150879,7.038959503173828,7.038959503173828,-0.3586817681789398,-0.3586711883544922,7.027439117431641,7.040770053863525,0.09342825412750244,0.09342825412750244,0.0,0.0,nan,nan,6.428779602050781,6.428779602050781,12.857559204101562,0.0,-1.392388105392456,0.06998728960752487,0.0,0.0,0.0,0.06998728960752487,0.0,-1.392388105392456,0.0,0.0,0.0,0.3258451819419861,0.637325644493103,-1.1963627338409424,0.0,0.0,0.0,0.0,-1.392388105392456,0.06998728960752487,0.0,0.0,0.0,0.06998728960752487,0.0,-1.392388105392456,-0.0,-0.0,-0.0,0.3258451819419861,-0.6373252868652344,-1.1963629722595215,0.0,0.0,0.0,2.9802322387695312e-08,5.820766091346741e-11,0.6000000238418579,-2.9802322387695312e-08,0.05600002408027649,0.6000000238418579,0.0,-0.05599990487098694,0.6000000238418579,0.6516903638839722,3.5762786865234375e-07,-2.392725706100464,0.0,0.0,0.0,-1.341104507446289e-07,-1.0696317076508421e-07,-5.774199962615967e-08,26.250259399414062,26.250255584716797,44.72241973876953,44.72241973876953,0.1915258765220642,0.1915258765220642,0.5538538098335266,0.5538538098335266,0.2546203136444092,0.2546203136444092,0.0,0.0,0.4469602704048157,0.4469602704048157,-1.839348316192627,-1.839348316192627,0.14562153816223145,0.14562153816223145,0.0,0.0,-0.07563425600528717,-0.07563425600528717,0.06998728960752487,0.06998728960752487,0.5500251054763794,0.5500251054763794,-0.18000538647174835,-0.18000538647174835,-0.0561738982796669,-0.0561738982796669,-50.320491790771484,-50.320491790771484,-33.783775329589844,-33.783775329589844,-21.97501564025879,-21.97501564025879,17.353044509887695,17.353044509887695,0.0,0.0,180.0
441,1.8375,-0.35815504582189156,7.668429337248584,144.78739933249952,-0.35815504582189156,7.668429337248584,144.78739933249952,5.0,-5.0,0.0,0.0,12.0,0,0.5,0.0,0.0,3.2,3.2,3.2,7.668426990509033,7.66842794418335,7.668429374694824,7.668429374694824,-0.32694393396377563,-0.32685303688049316,7.027197360992432,7.068207740783691,0.10178322345018387,0.10178322345018387,0.0,0.0,nan,nan,7.813022136688232,7.813022136688232,15.626044273376465,0.0,-1.6388477087020874,0.10775946080684662,0.0,0.0,0.0,0.10775946080684662,0.0,-1.6388477087020874,0.0,0.0,0.0,0.41298916935920715,0.7051178216934204,-1.4246693849563599,0.0,0.0,0.0,0.0,-1.6388477087020874,0.10775946080684662,0.0,0.0,0.0,0.10775946080684662,0.0,-1.6388477087020874,-0.0,-0.0,-0.0,0.41298919916152954,-0.7051175832748413,-1.4246695041656494,0.0,0.0,0.0,2.9802322387695312e-08,5.820766091346741e-11,0.6000000238418579,-4.470348358154297e-08,0.056000083684921265,0.6000000834465027,2.9802322387695312e-08,-0.055999964475631714,0.6000000834465027,0.8259783983230591,2.384185791015625e-07,-2.849339008331299,0.0,0.0,0.0,-1.6391277313232422e-07,-5.691399351803739e-08,-9.872019290924072e-08,27.182748794555664,27.182748794555664,46.31201934814453,46.31201934814453,0.1915258765220642,0.1915258765220642,0.5123494863510132,0.5123494863510132,0.296124666929245,0.296124666929245,0.002056337660178542,0.002056337660178542,0.08625268191099167,0.08625268191099167,-1.7313491106033325,-1.7313491106033325,0.18836668133735657,0.18836668133735657,0.0,0.0,-0.0764143317937851,-0.0764143317937851,0.10775946080684662,0.10775946080684662,0.5500251054763794,0.5500251054763794,-0.1998169720172882,-0.1998169720172882,-0.06923521310091019,-0.06923521310091019,-54.80289077758789,-54.80289077758789,-36.41283416748047,-36.41283416748047,-24.5889949798584,-24.5889949798584,17.831748962402344,17.831748962402344,0.0,0.0,180.0
442,1.8416666666666666,-0.32498451864161293,8.244110478149688,131.3779153088991,-0.32498451864161293,8.244110478149688,131.3779153088991,5.0,-5.0,0.0,0.0,12.0,0,0.5,0.0,0.0,3.2,3.2,3.2,8.244108200073242,8.244109153747559,8.244111061096191,8.244111061096191,-0.292923241853714,-0.2927526533603668,6.9759907722473145,7.0443644523620605,0.10942424833774567,0.10942424833774567,0.0,0.0,nan,nan,9.140432357788086,9.140432357788086,18.280864715576172,0.0,-1.855682611465454,0.14566856622695923,0.0,0.0,0.0,0.14566856622695923,0.0,-1.855682611465454,0.0,0.0,0.0,0.49607983231544495,0.7424173951148987,-1.633247971534729,0.0,0.0,0.0,0.0,-1.855682611465454,0.14566856622695923,0.0,0.0,0.0,0.14566856622695923,0.0,-1.855682611465454,-0.0,-0.0,-0.0,0.4960799217224121,-0.7424169778823853,-1.6332480907440186,0.0,0.0,0.0,2.9802322387695312e-08,5.820766091346741e-11,0.6000000238418579,-1.4901161193847656e-08,0.05600005388259888,0.6000000834465027,4.470348358154297e-08,-0.055999964475631714,0.6000000834465027,0.9921597242355347,4.172325134277344e-07,-3.266496181488037,0.0,0.0,0.0,-1.341104507446289e-07,1.0462745336781154e-08,-8.381903171539307e-08,27.98357582092285,27.98358154296875,47.61754608154297,47.61754608154297,0.17686083912849426,0.17686083912849426,0.4849516749382019,0.4849516749382019,0.3381875455379486,0.3381875455379486,0.00794259924441576,0.00794259924441576,-0.26739850640296936,-0.26739850640296936,-1.6120967864990234,-1.6120967864990234,0.2402433454990387,0.2402433454990387,0.0,0.0,-0.07721249014139175,-0.07721249014139175,0.14566856622695923,0.14566856622695923,0.5500251054763794,0.5500251054763794,-0.21880172193050385,-0.21880172193050385,-0.08091655373573303,-0.08091655373573303,-58.89363479614258,-58.89363479614258,-38.81747817993164,-38.81747817993164,-26.977325439453125,-26.977325439453125,18.269546508789062,18.269546508789062,0.0,0.0,180.0
443,1.8458333333333332,-0.28953445856411786,8.761965107431774,117.04690960430867,-0.28953445856411786,8.761965107431774,117.04690960430867,5.0,-5.0,0.0,0.0,12.0,0,0.5,0.0,0.0,3.2,3.2,3.2,8.761963844299316,8.761962890625,8.76196575164795,8.76196575164795,-0.256866991519928,-0.2566177546977997,6.872795104980469,6.967991352081299,0.11629774421453476,0.11629774421453476,0.0,0.0,nan,nan,10.29942512512207,10.29942512512207,20.59885025024414,0.0,-2.0286412239074707,0.17085041105747223,0.0,0.0,0.0,0.17085041105747223,0.0,-2.0286412239074707,0.0,0.0,0.0,0.5594059824943542,0.7452086210250854,-1.810056447982788,0.0,0.0,0.0,0.0,-2.0286412239074707,0.17085041105747223,0.0,0.0,0.0,0.17085041105747223,0.0,-2.0286412239074707,-0.0,-0.0,-0.0,0.5594061017036438,-0.745208203792572,-1.8100565671920776,0.0,0.0,0.0,2.9802322387695312e-08,5.820766091346741e-11,0.6000000238418579,-2.9802322387695312e-08,0.05600002408027649,0.6000000238418579,2.9802322387695312e-08,-0.055999934673309326,0.6000000238418579,1.118812084197998,4.172325134277344e-07,-3.620112895965576,0.0,0.0,0.0,-1.564621925354004e-07,-1.078877716054194e-07,-8.940696716308594e-08,28.663042068481445,28.663043975830078,48.681819915771484,48.681819915771484,0.17686083912849426,0.17686083912849426,0.4567340612411499,0.4567340612411499,0.366405189037323,0.366405189037323,0.023084618151187897,0.023084618151187897,-0.6106096506118774,-0.6106096506118774,-1.482582688331604,-1.482582688331604,0.2989925146102905,0.2989925146102905,0.0,0.0,-0.07800103724002838,-0.07800103724002838,0.17085041105747223,0.17085041105747223,0.5500251054763794,0.5500251054763794,-0.23683299124240875,-0.23683299124240875,-0.09114251285791397,-0.09114251285791397,-62.56645202636719,-62.56645202636719,-40.982215881347656,-40.982215881347656,-29.124624252319336,-29.124624252319336,18.66337013244629,18.66337013244629,0.0,0.0,180.0
444,1.8499999999999999,-0.25205352229002004,9.21836084694843,101.89490392693376,-0.25205352229002004,9.21836084694843,101.89490392693376,5.0,-5.0,0.0,0.0,12.0,0,0.5,0.0,0.0,3.2,3.2,3.2,9.21835994720459,9.21835708618164,9.218360900878906,9.218360900878906,-0.21901091933250427,-0.21868474781513214,6.7210893630981445,6.84243631362915,0.12235549092292786,0.12235549092292786,0.0,0.0,nan,nan,11.382169723510742,11.382169723510742,22.764339447021484,0.0,-2.1820452213287354,0.19822004437446594,0.0,0.0,0.0,0.19822004437446594,0.0,-2.1820452213287354,0.0,0.0,0.0,0.6217905879020691,0.7249486446380615,-1.9719123840332031,0.0,0.0,0.0,0.0,-2.1820452213287354,0.19822004437446594,0.0,0.0,0.0,0.19822004437446594,0.0,-2.1820452213287354,-0.0,-0.0,-0.0,0.6217905879020691,-0.7249481081962585,-1.9719126224517822,0.0,0.0,0.0,2.9802322387695312e-08,5.820766091346741e-11,0.6000000238418579,-2.9802322387695312e-08,0.05600005388259888,0.6000000238418579,-8.940696716308594e-08,-0.05599990487098694,0.6000000238418579,1.2435811758041382,5.364418029785156e-07,-3.9438250064849854,0.0,0.0,0.0,-2.8312206268310547e-07,-3.5260543995718763e-07,-5.21540641784668e-08,29.230958938598633,29.23095703125,49.5406494140625,49.5406494140625,0.17686083912849426,0.17686083912849426,0.4284450113773346,0.4284450113773346,0.3946942090988159,0.3946942090988159,0.036845918744802475,0.036845918744802475,-0.9396151900291443,-0.9396151900291443,-1.3438032865524292,-1.3438032865524292,0.3620516061782837,0.3620516061782837,0.0,0.0,-0.07875247299671173,-0.07875247299671173,0.19822004437446594,0.19822004437446594,0.5500251054763794,0.5500251054763794,-0.25379320979118347,-0.25379320979118347,-0.09985024482011795,-0.09985024482011795,-65.79830169677734,-65.79830169677734,-42.8934211730957,-42.8934211730957,-31.01739501953125,-31.01739501953125,19.010454177856445,19.010454177856445,0.0,0.0,180.0
445,1.8541666666666667,-0.2128046116572571,9.610096408506944,86.02817870989625,-0.2128046116572571,9.610096408506944,86.02817870989625,5.0,-5.0,0.0,0.0,12.0,0,0.5,0.0,0.0,3.2,3.2,3.2,9.610095024108887,9.61009407043457,9.610095977783203,9.610095977783203,-0.17962811887264252,-0.17922723293304443,6.520716190338135,6.667327404022217,0.1275550127029419,0.1275550127029419,0.0,0.0,nan,nan,12.299224853515625,12.299224853515625,24.59844970703125,0.0,-2.3036234378814697,0.2183850258588791,0.0,0.0,0.0,0.2183850258588791,0.0,-2.3036234378814697,0.0,0.0,0.0,0.6712524890899658,0.6794937252998352,-2.1076245307922363,0.0,0.0,0.0,0.0,-2.3036234378814697,0.2183850258588791,0.0,0.0,0.0,0.2183850258588791,0.0,-2.3036234378814697,-0.0,-0.0,-0.0,0.6712526082992554,-0.6794933080673218,-2.1076245307922363,0.0,0.0,0.0,2.9802322387695312e-08,5.820766091346741e-11,0.6000000238418579,-1.4901161193847656e-08,0.05600002408027649,0.6000000238418579,-1.4901161193847656e-08,-0.055999964475631714,0.6000000238418579,1.3425050973892212,4.172325134277344e-07,-4.215249061584473,0.0,0.0,0.0,-1.2665987014770508e-07,-1.8843631721665588e-07,-3.3527612686157227e-08,29.69633674621582,29.696338653564453,50.22344207763672,50.22344207763672,0.17686083912849426,0.17686083912849426,0.4142872393131256,0.4142872393131256,0.4088520109653473,0.4088520109653473,0.05313779413700104,0.05313779413700104,-1.2504260540008545,-1.2504260540008545,-1.1967494487762451,-1.1967494487762451,0.42664146423339844,0.42664146423339844,0.0,0.0,-0.07944038510322571,-0.07944038510322571,0.2183850258588791,0.2183850258588791,0.5500251054763794,0.5500251054763794,-0.269573837518692,-0.269573837518692,-0.10698913782835007,-0.10698913782835007,-68.5693359375,-68.5693359375,-44.539310455322266,-44.539310455322266,-32.643978118896484,-32.643978118896484,19.308364868164062,19.308364868164062,0.0,0.0,180.0
446,1.8583333333333334,-0.1720630295736277,9.934424048604459,69.55802763037264,-0.1720630295736277,9.934424048604459,69.55802763037264,5.0,-5.0,0.0,0.0,12.0,0,0.5,0.0,0.0,3.2,3.2,3.2,9.934423446655273,9.93442440032959,9.93442440032959,9.93442440032959,-0.13898254930973053,-0.13850978016853333,6.275050163269043,6.445908069610596,0.13185980916023254,0.13185980916023254,0.0,0.0,nan,nan,13.11876392364502,13.11876392364502,26.23752784729004,0.0,-2.410797357559204,0.24606427550315857,0.0,0.0,0.0,0.24606427550315857,0.0,-2.410797357559204,0.0,0.0,0.0,0.7252426743507385,0.6166935563087463,-2.2284979820251465,0.0,0.0,0.0,0.0,-2.410797357559204,0.24606427550315857,0.0,0.0,0.0,0.24606427550315857,0.0,-2.410797357559204,-0.0,-0.0,-0.0,0.7252426743507385,-0.6166930198669434,-2.2284982204437256,0.0,0.0,0.0,2.9802322387695312e-08,5.820766091346741e-11,0.6000000238418579,0.0,0.05600005388259888,0.6000000834465027,0.0,-0.055999964475631714,0.6000000834465027,1.450485348701477,5.364418029785156e-07,-4.456995964050293,0.0,0.0,0.0,-1.7881393432617188e-07,-4.637317374545091e-08,-6.332993507385254e-08,30.067142486572266,30.067142486572266,50.75382995605469,50.75382995605469,0.16216474771499634,0.16216474771499634,0.4148221015930176,0.4148221015930176,0.42301318049430847,0.42301318049430847,0.06213124841451645,0.06213124841451645,-1.539008378982544,-1.539008378982544,-1.0423979759216309,-1.0423979759216309,0.4898812174797058,0.4898812174797058,0.0,0.0,-0.08004043996334076,-0.08004043996334076,0.24606427550315857,0.24606427550315857,0.5500251054763794,0.5500251054763794,-0.28407591581344604,-0.28407591581344604,-0.11252082139253616,-0.11252082139253616,-70.86294555664062,-70.86294555664062,-45.909996032714844,-45.909996032714844,-33.994625091552734,-33.994625091552734,19.555011749267578,19.555011749267578,0.0,0.0,180.0
447,1.8625,-0.13011454896465205,10.189068841874873,52.59997696439446,-0.13011454896465205,10.189068841874873,52.59997696439446,5.0,-5.0,0.0,0.0,12.0,0,0.5,0.0,0.0,3.2,3.2,3.2,10.189066886901855,10.189064979553223,10.189069747924805,10.189069747924805,-0.09737163782119751,-0.09683024883270264,5.983852386474609,6.177731037139893,0.13523972034454346,0.13523972034454346,0.0,0.0,nan,nan,13.721851348876953,13.721851348876953,27.443702697753906,0.0,-2.4847750663757324,0.26751089096069336,0.0,0.0,0.0,0.26751089096069336,0.0,-2.4847750663757324,0.0,0.0,0.0,0.7661922574043274,0.5343220829963684,-2.3179988861083984,0.0,0.0,0.0,0.0,-2.4847750663757324,0.26751089096069336,0.0,0.0,0.0,0.26751089096069336,0.0,-2.4847750663757324,-0.0,-0.0,-0.0,0.7661920785903931,-0.5343216061592102,-2.3179991245269775,0.0,0.0,0.0,2.9802322387695312e-08,5.820766091346741e-11,0.6000000238418579,-5.960464477539063e-08,0.05600002408027649,0.6000000238418579,-1.043081283569336e-07,-0.055999934673309326,0.5999999642372131,1.5323843955993652,4.76837158203125e-07,-4.635997772216797,0.0,0.0,0.0,-2.2351741790771484e-07,-5.637817821479985e-07,-5.587935447692871e-08,30.350154876708984,30.350149154663086,51.15026092529297,51.1502571105957,0.16216474771499634,0.16216474771499634,0.40066051483154297,0.40066051483154297,0.43717479705810547,0.43717479705810547,0.07163921743631363,0.07163921743631363,-1.8014448881149292,-1.8014448881149292,-0.8817076683044434,-0.8817076683044434,0.5489175319671631,0.5489175319671631,0.0,0.0,-0.08053116500377655,-0.08053116500377655,0.26751089096069336,0.26751089096069336,0.5500251054763794,0.5500251054763794,-0.29720956087112427,-0.29720956087112427,-0.11641835421323776,-0.11641835421323776,-72.66558837890625,-72.66558837890625,-46.99736404418945,-46.99736404418945,-35.061363220214844,-35.061363220214844,19.74866485595703,19.74866485595703,0.0,0.0,180.0
448,1.8666666666666667,-0.08725340828186376,10.372244638055394,35.27297525304235,-0.08725340828186376,10.372244638055394,35.27297525304235,5.0,-5.0,0.0,0.0,12.0,0,0.5,0.0,0.0,3.2,3.2,3.2,10.37224292755127,10.372241973876953,10.372244834899902,10.372244834899902,-0.05510183423757553,-0.05449541658163071,5.646818161010742,5.862277984619141,0.13767102360725403,0.13767102360725403,0.0,0.0,nan,nan,13.97764778137207,13.97764778137207,27.95529556274414,0.0,-2.5034337043762207,0.26274335384368896,0.0,0.0,0.0,0.26274335384368896,0.0,-2.5034337043762207,0.0,0.0,0.0,0.7696464657783508,0.4330834746360779,-2.357180118560791,0.0,0.0,0.0,0.0,-2.5034337043762207,0.26274335384368896,0.0,0.0,0.0,0.26274335384368896,0.0,-2.5034337043762207,-0.0,-0.0,-0.0,0.769646406173706,-0.4330829083919525,-2.357180118560791,0.0,0.0,0.0,2.9802322387695312e-08,5.820766091346741e-11,0.6000000238418579,-2.9802322387695312e-08,0.05600005388259888,0.6000000238418579,-2.9802322387695312e-08,-0.05599990487098694,0.6000000238418579,1.539292812347412,5.662441253662109e-07,-4.714360237121582,0.0,0.0,0.0,-3.5762786865234375e-07,-2.809977672768582e-07,-1.1920928955078125e-07,30.550846099853516,30.550840377807617,51.42658996582031,51.42658996582031,0.16216474771499634,0.16216474771499634,0.40066051483154297,0.40066051483154297,0.43717479705810547,0.43717479705810547,0.0920536071062088,0.0920536071062088,-2.0341031551361084,-2.0341031551361084,-0.7156213521957397,-0.7156213521957397,0.601064145565033,0.601064145565033,0.0,0.0,-0.08089495450258255,-0.08089495450258255,0.26274335384368896,0.26274335384368896,0.5500251054763794,0.5500251054763794,-0.3088942766189575,-0.3088942766189575,-0.11866599321365356,-0.11866599321365356,-73.96683502197266,-73.96683502197266,-47.795101165771484,-47.795101165771484,-35.83802032470703,-35.83802032470703,19.887969970703125,19.887969970703125,0.0,0.0,180.0
449,1.8708333333333333,-0.04378024763146922,10.482666590547435,17.69855896388938,-0.04378024763146922,10.482666590547435,17.69855896388938,5.0,-5.0,0.0,0.0,12.0,0,0.5,0.0,0.0,3.2,3.2,3.2,10.482666015625,10.482665061950684,10.482666969299316,10.482666969299316,-0.012429925613105297,-0.011762860231101513,5.272672176361084,5.508254051208496,0.1391366571187973,0.1391366571187973,0.0,0.0,nan,nan,14.178279876708984,14.178279876708984,28.35655975341797,0.0,-2.5254220962524414,0.28805485367774963,0.0,0.0,0.0,0.28805485367774963,0.0,-2.5254220962524414,0.0,0.0,0.0,0.8023664951324463,0.3283762037754059,-2.389374256134033,0.0,0.0,0.0,0.0,-2.5254220962524414,0.28805485367774963,0.0,0.0,0.0,0.28805485367774963,0.0,-2.5254220962524414,-0.0,-0.0,-0.0,0.8023664951324463,-0.3283756375312805,-2.389374256134033,0.0,0.0,0.0,2.9802322387695312e-08,5.820766091346741e-11,0.6000000238418579,-7.450580596923828e-08,0.05600002408027649,0.6000000238418579,1.4901161193847656e-08,-0.055999964475631714,0.6000000238418579,1.6047329902648926,5.662441253662109e-07,-4.778748512268066,0.0,0.0,0.0,-1.4901161193847656e-07,-2.848356075446645e-07,-7.82310962677002e-08,30.673311233520508,30.673315048217773,51.59248352050781,51.592491149902344,0.16216474771499634,0.16216474771499634,0.3865005671977997,0.3865005671977997,0.45133471488952637,0.45133471488952637,0.0920536071062088,0.0920536071062088,-2.233773708343506,-2.233773708343506,-0.545070230960846,-0.545070230960846,0.6439345479011536,0.6439345479011536,0.0,0.0,-0.081118643283844,-0.081118643283844,0.28805485367774963,0.28805485367774963,0.5500251054763794,0.5500251054763794,-0.31905844807624817,-0.31905844807624817,-0.11925835907459259,-0.11925835907459259,-74.75922393798828,-74.75922393798828,-48.298641204833984,-48.298641204833984,-36.32017517089844,-36.32017517089844,19.97194480895996,19.97194480895996,0.0,0.0,180.0
450,1.875,-7.688822463766742e-16,10.519560168692351,3.1082756516899615e-13,-7.688822463766742e-16,10.519560168692351,3.1082756516899615e-13,5.0,-5.0,0.0,0.0,12.0,0,0.5,0.0,0.0,3.2,3.2,3.2,10.519556045532227,10.519559860229492,10.519559860229492,10.519560813903809,0.0303034670650959,0.031026676297187805,4.857425689697266,5.111388206481934,0.13962633907794952,0.13962633907794952,0.0,0.0,nan,nan,14.002890586853027,14.002890586853027,28.005781173706055,0.0,-2.4895291328430176,0.28657329082489014,0.0,0.0,0.0,0.28657329082489014,0.0,-2.4895291328430176,0.0,0.0,0.0,0.7959718704223633,0.21536652743816376,-2.3664162158966064,0.0,0.0,0.0,0.0,-2.4895291328430176,0.28657329082489014,0.0,0.0,0.0,0.28657329082489014,0.0,-2.4895291328430176,-0.0,-0.0,-0.0,0.7959719896316528,-0.21536600589752197,-2.3664162158966064,0.0,0.0,0.0,2.9802322387695312e-08,5.820766091346741e-11,0.6000000238418579,-8.940696716308594e-08,0.05600005388259888,0.6000000238418579,4.470348358154297e-08,-0.055999964475631714,0.6000000238418579,1.5919438600540161,5.21540641784668e-07,-4.732832431793213,0.0,0.0,0.0,-2.086162567138672e-07,-2.4683643573553127e-07,-9.685754776000977e-08,30.720157623291016,30.72016143798828,51.65367126464844,51.65367889404297,0.16216474771499634,0.16216474771499634,0.3865005671977997,0.3865005671977997,0.45133471488952637,0.45133471488952637,0.10289160162210464,0.10289160162210464,-2.3977932929992676,-2.3977932929992676,-0.37098217010498047,-0.37098217010498047,0.6755634546279907,0.6755634546279907,0.0,0.0,-0.08119413256645203,-0.08119413256645203,0.28657329082489014,0.28657329082489014,0.5500251054763794,0.5500251054763794,-0.3276394307613373,-0.3276394307613373,-0.11819988489151001,-0.11819988489151001,-75.03823852539062,-75.03823852539062,-48.505104064941406,-48.505104064941406,-36.505104064941406,-36.505104064941406,20.0,20.0,0.0,0.0,180.0
451,1.8791666666666667,0.043780247631467685,10.482666590547439,-17.698558963888757,0.043780247631467685,10.482666590547439,-17.698558963888757,5.0,-5.0,0.0,0.0,12.0,0,0.5,0.0,0.0,3.2,3.2,3.2,10.482666969299316,10.482665061950684,10.482666969299316,10.482666969299316,0.07282542437314987,0.07359971851110458,4.408284664154053,4.678859233856201,0.1391366571187973,0.1391366571187973,0.0,0.0,nan,nan,13.65489387512207,13.65489387512207,27.30978775024414,0.0,-2.4357106685638428,0.2984921932220459,0.0,0.0,0.0,0.2984921932220459,0.0,-2.4357106685638428,0.0,0.0,0.0,0.797916829586029,0.10430653393268585,-2.318239212036133,0.0,0.0,0.0,0.0,-2.4357106685638428,0.2984921932220459,0.0,0.0,0.0,0.2984921932220459,0.0,-2.4357106685638428,-0.0,-0.0,-0.0,0.7979167103767395,-0.10430599749088287,-2.318239212036133,0.0,0.0,0.0,2.9802322387695312e-08,5.820766091346741e-11,0.6000000238418579,0.0,0.05600002408027649,0.6000000238418579,-7.450580596923828e-09,-0.055999964475631714,0.6000000238418579,1.5958335399627686,5.364418029785156e-07,-4.636478424072266,0.0,0.0,0.0,-1.341104507446289e-07,-1.5545005283001956e-07,-5.587935447692871e-08,30.692440032958984,30.69243812561035,51.6121711730957,51.6121711730957,0.16216474771499634,0.16216474771499634,0.3865005671977997,0.3865005671977997,0.45133471488952637,0.45133471488952637,0.10289160162210464,0.10289160162210464,-2.5241403579711914,-2.5241403579711914,-0.1942918449640274,-0.1942918449640274,0.6945055723190308,0.6945055723190308,0.0,0.0,-0.081118643283844,-0.081118643283844,0.2984921932220459,0.2984921932220459,0.5500251054763794,0.5500251054763794,-0.3345832824707031,-0.3345832824707031,-0.11550433188676834,-0.11550433188676834,-74.80229187011719,-74.80229187011719,-48.41332244873047,-48.41332244873047,-36.391788482666016,-36.391788482666016,19.97194480895996,19.97194480895996,0.0,0.0,180.0
452,1.8833333333333333,0.08725340828186223,10.372244638055399,-35.27297525304173,0.08725340828186223,10.372244638055399,-35.27297525304173,5.0,-5.0,0.0,0.0,12.0,0,0.5,0.0,0.0,3.2,3.2,3.2,10.372244834899902,10.372241973876953,10.372244834899902,10.372244834899902,0.11483742296695709,0.11565737426280975,3.9283628463745117,4.213652610778809,0.13767102360725403,0.13767102360725403,0.0,0.0,nan,nan,13.138277053833008,13.138277053833008,26.276554107666016,0.0,-2.3639440536499023,0.3253336548805237,0.0,0.0,0.0,0.3253336548805237,0.0,-2.3639440536499023,0.0,0.0,0.0,0.8097151517868042,-0.0015036483528092504,-2.244645357131958,0.0,0.0,0.0,0.0,-2.3639440536499023,0.3253336548805237,0.0,0.0,0.0,0.3253336548805237,0.0,-2.3639440536499023,-0.0,-0.0,-0.0,0.8097150921821594,0.0015041462611407042,-2.244645357131958,0.0,0.0,0.0,2.9802322387695312e-08,5.820766091346741e-11,0.6000000238418579,-7.450580596923828e-08,0.05600002408027649,0.6000000238418579,-5.960464477539063e-08,-0.055999934673309326,0.6000000238418579,1.6194303035736084,4.979083314538002e-07,-4.489290714263916,0.0,0.0,0.0,-1.9371509552001953e-07,-4.348216862126719e-07,-7.82310962677002e-08,30.58956527709961,30.589563369750977,51.4663200378418,51.46631622314453,0.16216474771499634,0.16216474771499634,0.40066051483154297,0.40066051483154297,0.43717479705810547,0.43717479705810547,0.0920536071062088,0.0920536071062088,-2.6114978790283203,-2.6114978790283203,-0.01595245487987995,-0.01595245487987995,0.6999051570892334,0.6999051570892334,0.0,0.0,-0.08089495450258255,-0.08089495450258255,0.3253336548805237,0.3253336548805237,0.5500251054763794,0.5500251054763794,-0.3398449420928955,-0.3398449420928955,-0.11119413375854492,-0.11119413375854492,-74.05267333984375,-74.05267333984375,-48.02378463745117,-48.02378463745117,-35.980865478515625,-35.980865478515625,19.887969970703125,19.887969970703125,0.0,0.0,180.0
453,1.8875,0.13011454896465055,10.189068841874882,-52.59997696439386,0.13011454896465055,10.189068841874882,-52.59997696439386,5.0,-5.0,0.0,0.0,12.0,0,0.5,0.0,0.0,3.2,3.2,3.2,10.189068794250488,10.189066886901855,10.189069747924805,10.189069747924805,0.15601707994937897,0.15687713027000427,3.4165797233581543,3.7144956588745117,0.13523972034454346,0.13523972034454346,0.0,0.0,nan,nan,12.26901912689209,12.26901912689209,24.53803825378418,0.0,-2.233710289001465,0.32290419936180115,0.0,0.0,0.0,0.32290419936180115,0.0,-2.233710289001465,0.0,0.0,0.0,0.7798225283622742,-0.09712855517864227,-2.115696668624878,0.0,0.0,0.0,0.0,-2.233710289001465,0.32290419936180115,0.0,0.0,0.0,0.32290419936180115,0.0,-2.233710289001465,-0.0,-0.0,-0.0,0.779822587966919,0.0971289798617363,-2.115696668624878,0.0,0.0,0.0,2.9802322387695312e-08,5.820766091346741e-11,0.6000000238418579,-2.9802322387695312e-08,0.05600005388259888,0.6000000238418579,-2.2351741790771484e-08,-0.055999964475631714,0.6000000238418579,1.559645175933838,4.246830940246582e-07,-4.231393337249756,0.0,0.0,0.0,-1.862645149230957e-07,-2.3644753355256398e-07,-6.332993507385254e-08,30.40932273864746,30.40932273864746,51.21076583862305,51.21076583862305,0.16216474771499634,0.16216474771499634,0.40066051483154297,0.40066051483154297,0.43717479705810547,0.43717479705810547,0.0920536071062088,0.0920536071062088,-2.659290075302124,-2.659290075302124,0.16305354237556458,0.16305354237556458,0.691534161567688,0.691534161567688,0.0,0.0,-0.08053116500377655,-0.08053116500377655,0.32290419936180115,0.32290419936180115,0.5500251054763794,0.5500251054763794,-0.34338799118995667,-0.34338799118995667,-0.10530014336109161,-0.10530014336109161,-72.7935791015625,-72.7935791015625,-47.33867263793945,-47.33867263793945,-35.27467346191406,-35.27467346191406,19.74866485595703,19.74866485595703,0.0,0.0,180.0
454,1.8916666666666666,0.17206302957362626,9.93442404860447,-69.55802763037204,0.17206302957362626,9.93442404860447,-69.55802763037204,5.0,-5.0,0.0,0.0,12.0,0,0.5,0.0,0.0,3.2,3.2,3.2,9.93442153930664,9.934420585632324,9.934423446655273,9.934423446655273,0.1961033046245575,0.19699741899967194,2.880990505218506,3.189445972442627,0.13185980916023254,0.13185980916023254,0.0,0.0,nan,nan,11.273716926574707,11.273716926574707,22.547433853149414,0.0,-2.08703875541687,0.33459872007369995,0.0,0.0,0.0,0.33459872007369995,0.0,-2.08703875541687,0.0,0.0,0.0,0.7596229314804077,-0.1781114935874939,-1.9644176959991455,0.0,0.0,0.0,0.0,-2.08703875541687,0.33459872007369995,0.0,0.0,0.0,0.33459872007369995,0.0,-2.08703875541687,-0.0,-0.0,-0.0,0.7596229314804077,0.1781119406223297,-1.964417576789856,0.0,0.0,0.0,2.9802322387695312e-08,5.820766091346741e-11,0.6000000238418579,-9.685754776000977e-08,0.055999964475631714,0.6000000238418579,-1.043081283569336e-07,-0.055999934673309326,0.6000000238418579,1.5192458629608154,4.470348358154297e-07,-3.928835391998291,0.0,0.0,0.0,-6.705522537231445e-08,-5.12261806306924e-07,-2.60770320892334e-08,30.147859573364258,30.147859573364258,50.836212158203125,50.836212158203125,0.16216474771499634,0.16216474771499634,0.4148221015930176,0.4148221015930176,0.42301318049430847,0.42301318049430847,0.08162510395050049,0.08162510395050049,-2.667684555053711,-2.667684555053711,0.341704398393631,0.341704398393631,0.6697961688041687,0.6697961688041687,0.0,0.0,-0.08004043996334076,-0.08004043996334076,0.33459872007369995,0.33459872007369995,0.5500251054763794,0.5500251054763794,-0.34518536925315857,-0.34518536925315857,-0.0978614017367363,-0.0978614017367363,-71.0322036743164,-71.0322036743164,-46.36188888549805,-46.36188888549805,-34.277259826660156,-34.277259826660156,19.555011749267578,19.555011749267578,0.0,0.0,180.0
455,1.8958333333333333,0.2128046116572557,9.610096408506957,-86.02817870989568,0.2128046116572557,9.610096408506957,-86.02817870989568,5.0,-5.0,0.0,0.0,12.0,0,0.5,0.0,0.0,3.2,3.2,3.2,9.610095024108887,9.61009407043457,9.610095977783203,9.610095977783203,0.23480167984962463,0.23572362959384918,2.3232007026672363,2.6399898529052734,0.1275550127029419,0.1275550127029419,0.0,0.0,nan,nan,10.088447570800781,10.088447570800781,20.176895141601562,0.0,-1.9051073789596558,0.3375093936920166,0.0,0.0,0.0,0.3375093936920166,0.0,-1.9051073789596558,0.0,0.0,0.0,0.7230781316757202,-0.23976221680641174,-1.7784876823425293,0.0,0.0,0.0,0.0,-1.9051073789596558,0.3375093936920166,0.0,0.0,0.0,0.3375093936920166,0.0,-1.9051073789596558,-0.0,-0.0,-0.0,0.7230781316757202,0.23976269364356995,-1.7784876823425293,0.0,0.0,0.0,2.9802322387695312e-08,5.820766091346741e-11,0.6000000238418579,-5.960464477539063e-08,0.05600005388259888,0.6000000238418579,-8.940696716308594e-08,-0.055999934673309326,0.6000000834465027,1.4461562633514404,4.76837158203125e-07,-3.5569753646850586,0.0,0.0,0.0,-2.2351741790771484e-07,-3.279226348240627e-07,-9.313225746154785e-08,29.7998104095459,29.7998104095459,50.329254150390625,50.329254150390625,0.17686083912849426,0.17686083912849426,0.4142872393131256,0.4142872393131256,0.4088520109653473,0.4088520109653473,0.07163921743631363,0.07163921743631363,-2.637561559677124,-2.637561559677124,0.5189313292503357,0.5189313292503357,0.6356925964355469,0.6356925964355469,0.0,0.0,-0.07944038510322571,-0.07944038510322571,0.3375093936920166,0.3375093936920166,0.5500251054763794,0.5500251054763794,-0.3452191650867462,-0.3452191650867462,-0.0889248326420784,-0.0889248326420784,-68.77867889404297,-68.77867889404297,-45.09904098510742,-45.09904098510742,-32.99436950683594,-32.99436950683594,19.308364868164062,19.308364868164062,0.0,0.0,180.0
456,1.9,0.25205352229001543,9.218360846948482,-101.8949039269319,0.25205352229001543,9.218360846948482,-101.8949039269319,5.0,-5.0,0.0,0.0,12.0,0,0.5,0.0,0.0,3.2,3.2,3.2,9.218360900878906,9.218358993530273,9.21835994720459,9.218360900878906,0.27184125781059265,0.2727847099304199,1.7472285032272339,2.070098638534546,0.12235549092292786,0.12235549092292786,0.0,0.0,nan,nan,8.756246566772461,8.756246566772461,17.512493133544922,0.0,-1.690088152885437,0.33104151487350464,0.0,0.0,0.0,0.33104151487350464,0.0,-1.690088152885437,0.0,0.0,0.0,0.6703983545303345,-0.27832818031311035,-1.5617573261260986,0.0,0.0,0.0,0.0,-1.690088152885437,0.33104151487350464,0.0,0.0,0.0,0.33104151487350464,0.0,-1.690088152885437,-0.0,-0.0,-0.0,0.6703983545303345,0.2783285677433014,-1.561757206916809,0.0,0.0,0.0,2.9802322387695312e-08,5.820766091346741e-11,0.6000000238418579,-1.4901161193847656e-08,0.05600002408027649,0.6000000238418579,-7.450580596923828e-08,-0.055999964475631714,0.6000000238418579,1.340796709060669,3.8743019104003906e-07,-3.1235146522521973,0.0,0.0,0.0,-9.685754776000977e-08,-2.3271996951734764e-07,-5.960464477539063e-08,29.358362197875977,29.35836410522461,49.671852111816406,49.67185974121094,0.17686083912849426,0.17686083912849426,0.4284450113773346,0.4284450113773346,0.3946942090988159,0.3946942090988159,0.06213124841451645,0.06213124841451645,-2.5704574584960938,-2.5704574584960938,0.6936150193214417,0.6936150193214417,0.5907623767852783,0.5907623767852783,0.0,0.0,-0.07875247299671173,-0.07875247299671173,0.33104151487350464,0.33104151487350464,0.5500251054763794,0.5500251054763794,-0.3434816300868988,-0.3434816300868988,-0.07854551076889038,-0.07854551076889038,-66.04624938964844,-66.04624938964844,-43.557525634765625,-43.557525634765625,-31.433547973632812,-31.433547973632812,19.010454177856445,19.010454177856445,0.0,0.0,180.0
457,1.9041666666666666,0.2895344585641165,8.761965107431791,-117.04690960430813,0.2895344585641165,8.761965107431791,-117.04690960430813,5.0,-5.0,0.0,0.0,12.0,0,0.5,0.0,0.0,3.2,3.2,3.2,8.761963844299316,8.761962890625,8.761964797973633,8.761964797973633,0.30696311593055725,0.3079216182231903,1.1572511196136475,1.4838964939117432,0.11629774421453476,0.11629774421453476,0.0,0.0,nan,nan,7.325468063354492,7.325468063354492,14.650936126708984,0.0,-1.4446325302124023,0.315110981464386,0.0,0.0,0.0,0.315110981464386,0.0,-1.4446325302124023,0.0,0.0,0.0,0.6024181246757507,-0.29113295674324036,-1.318556785583496,0.0,0.0,0.0,0.0,-1.4446325302124023,0.315110981464386,0.0,0.0,0.0,0.315110981464386,0.0,-1.4446325302124023,-0.0,-0.0,-0.0,0.6024181246757507,0.2911333441734314,-1.318556785583496,0.0,0.0,0.0,2.9802322387695312e-08,5.820766091346741e-11,0.6000000238418579,5.21540641784668e-08,0.056000083684921265,0.6000000238418579,-1.4901161193847656e-08,-0.055999934673309326,0.6000000238418579,1.2048362493515015,3.8743019104003906e-07,-2.637113571166992,0.0,0.0,0.0,-2.0116567611694336e-07,-2.9472040807831945e-08,-1.0803341865539551e-07,28.815385818481445,28.815385818481445,48.84086227416992,48.84086227416992,0.17686083912849426,0.17686083912849426,0.442595511674881,0.442595511674881,0.38054367899894714,0.38054367899894714,0.05313779413700104,0.05313779413700104,-2.468468427658081,-2.468468427658081,0.8645848035812378,0.8645848035812378,0.5369886755943298,0.5369886755943298,0.0,0.0,-0.07800103724002838,-0.07800103724002838,0.315110981464386,0.315110981464386,0.5500251054763794,0.5500251054763794,-0.339974969625473,-0.339974969625473,-0.06678640842437744,-0.06678640842437744,-62.851280212402344,-62.851280212402344,-41.74654769897461,-41.74654769897461,-29.604137420654297,-29.604137420654297,18.66337013244629,18.66337013244629,0.0,0.0,180.0
458,1.9083333333333332,0.32498451864161176,8.244110478149707,-131.37791530889862,0.32498451864161176,8.244110478149707,-131.37791530889862,5.0,-5.0,0.0,0.0,12.0,0,0.5,0.0,0.0,3.2,3.2,3.2,8.244109153747559,8.244109153747559,8.244110107421875,8.244110107421875,0.33993449807167053,0.3409012258052826,0.5595709681510925,0.8877114057540894,0.10942424833774567,0.10942424833774567,0.0,0.0,nan,nan,5.931056022644043,5.931056022644043,11.862112045288086,0.0,-1.1903667449951172,0.3062489628791809,0.0,0.0,0.0,0.3062489628791809,0.0,-1.1903667449951172,0.0,0.0,0.0,0.5400496125221252,-0.28106507658958435,-1.067759394645691,0.0,0.0,0.0,0.0,-1.1903667449951172,0.3062489628791809,0.0,0.0,0.0,0.3062489628791809,0.0,-1.1903667449951172,-0.0,-0.0,-0.0,0.5400496125221252,0.28106531500816345,-1.067759394645691,0.0,0.0,0.0,2.9802322387695312e-08,5.820766091346741e-11,0.6000000238418579,2.2351741790771484e-08,0.05600002408027649,0.6000000238418579,-5.960464477539063e-08,-0.055999964475631714,0.6000000238418579,1.0800992250442505,2.384185791015625e-07,-2.135518789291382,0.0,0.0,0.0,-6.332993507385254e-08,-1.0342055389855886e-07,-5.4016709327697754e-08,28.16154670715332,28.16154670715332,47.80735778808594,47.80735778808594,0.17686083912849426,0.17686083912849426,0.4708550274372101,0.4708550274372101,0.35228419303894043,0.35228419303894043,0.036845918744802475,0.036845918744802475,-2.3341426849365234,-2.3341426849365234,1.030624270439148,1.030624270439148,0.4766918122768402,0.4766918122768402,0.0,0.0,-0.07721249014139175,-0.07721249014139175,0.3062489628791809,0.3062489628791809,0.5500251054763794,0.5500251054763794,-0.3347128629684448,-0.3347128629684448,-0.05371897295117378,-0.05371897295117378,-59.21332931518555,-59.21332931518555,-39.67715072631836,-39.67715072631836,-27.517303466796875,-27.517303466796875,18.269546508789062,18.269546508789062,0.0,0.0,180.0
459,1.9124999999999999,0.35815504582188773,7.668429337248656,-144.78739933249798,0.35815504582188773,7.668429337248656,-144.78739933249798,5.0,-5.0,0.0,0.0,12.0,0,0.5,0.0,0.0,3.2,3.2,3.2,7.668428897857666,7.668426990509033,7.668429374694824,7.668429374694824,0.370510458946228,0.3714786767959595,-0.04379791021347046,0.28349900245666504,0.10178322345018387,0.10178322345018387,0.0,0.0,nan,nan,4.524198055267334,4.524198055267334,9.048396110534668,0.0,-0.9088667631149292,0.28370341658592224,0.0,0.0,0.0,0.28370341658592224,0.0,-0.9088667631149292,0.0,0.0,0.0,0.4595438241958618,-0.24376994371414185,-0.7974472045898438,0.0,0.0,0.0,0.0,-0.9088667631149292,0.28370341658592224,0.0,0.0,0.0,0.28370341658592224,0.0,-0.9088667631149292,-0.0,-0.0,-0.0,0.4595438539981842,0.24377010762691498,-0.7974472045898438,0.0,0.0,0.0,2.9802322387695312e-08,5.820766091346741e-11,0.6000000238418579,7.450580596923828e-09,0.05600002408027649,0.6000000238418579,-7.450580596923828e-08,-0.055999934673309326,0.6000000238418579,0.9190876483917236,1.6391277313232422e-07,-1.5948944091796875,0.0,0.0,0.0,-7.078051567077637e-08,-1.0100455938300001e-07,-5.960464477539063e-08,27.38654899597168,27.38654899597168,46.53596496582031,46.53596496582031,0.17686083912849426,0.17686083912849426,0.5130407214164734,0.5130407214164734,0.31009846925735474,0.31009846925735474,0.023084618151187897,0.023084618151187897,-2.1703362464904785,-2.1703362464904785,1.1904804706573486,1.1904804706573486,0.41240477561950684,0.41240477561950684,0.0,0.0,-0.0764143317937851,-0.0764143317937851,0.28370341658592224,0.28370341658592224,0.5500251054763794,0.5500251054763794,-0.3277202248573303,-0.3277202248573303,-0.039422933012247086,-0.039422933012247086,-55.155208587646484,-55.155208587646484,-37.36227035522461,-37.36227035522461,-25.186107635498047,-25.186107635498047,17.831748962402344,17.831748962402344,0.0,0.0,180.0
460,1.9166666666666667,0.3888133726897738,7.0389596743055804,-157.18130377938485,0.3888133726897738,7.0389596743055804,-157.18130377938485,5.0,-5.0,0.0,0.0,12.0,0,0.5,0.0,0.0,3.2,3.2,3.2,7.038959980010986,7.038959503173828,7.038959503173828,7.038959503173828,0.39849087595939636,0.39945387840270996,-0.6463235020637512,-0.3221508860588074,0.09342825412750244,0.09342825412750244,0.0,0.0,nan,nan,3.2416629791259766,3.2416629791259766,6.483325958251953,0.0,-0.6232374906539917,0.26232975721359253,0.0,0.0,0.0,0.26232975721359253,0.0,-0.6232374906539917,0.0,0.0,0.0,0.38030362129211426,-0.18548639118671417,-0.5274522304534912,0.0,0.0,0.0,0.0,-0.6232374906539917,0.26232975721359253,0.0,0.0,0.0,0.26232975721359253,0.0,-0.6232374906539917,-0.0,-0.0,-0.0,0.38030359148979187,0.18548646569252014,-0.5274522304534912,0.0,0.0,0.0,2.9802322387695312e-08,5.820766091346741e-11,0.6000000238418579,-4.470348358154297e-08,0.0559999942779541,0.6000000238418579,8.195638656616211e-08,-0.0559999942779541,0.6000000834465027,0.7606072425842285,7.450580596923828e-08,-1.0549044609069824,0.0,0.0,0.0,-1.1175870895385742e-08,1.0878384415491382e-08,2.0489096641540527e-08,26.479398727416992,26.479394912719727,44.98423385620117,44.984230041503906,0.1915258765220642,0.1915258765220642,0.5401012301445007,0.5401012301445007,0.26837289333343506,0.26837289333343506,0.004546067211776972,0.004546067211776972,-1.980057954788208,-1.980057954788208,1.3428773880004883,1.3428773880004883,0.3467501997947693,0.3467501997947693,0.0,0.0,-0.07563425600528717,-0.07563425600528717,0.26232975721359253,0.26232975721359253,0.5500251054763794,0.5500251054763794,-0.31903430819511414,-0.31903430819511414,-0.02398669347167015,-0.02398669347167015,-50.702972412109375,-50.702972412109375,-34.81670379638672,-34.81670379638672,-22.625465393066406,-22.625465393066406,17.353044509887695,17.353044509887695,0.0,0.0,180.0
461,1.9208333333333334,0.4167444531102588,6.360116766732906,-168.47269431486825,0.4167444531102588,6.360116766732906,-168.47269431486825,5.0,-5.0,0.0,0.0,12.0,0,0.5,0.0,0.0,3.2,3.2,3.2,6.360116004943848,6.360115051269531,6.360116958618164,6.360116958618164,0.4236419200897217,0.42459312081336975,-1.2498058080673218,-0.9311451315879822,0.08441796153783798,0.08441796153783798,0.0,0.0,nan,nan,1.8842790126800537,1.8842790126800537,3.7685580253601074,0.0,-0.2797703146934509,0.20742464065551758,0.0,0.0,0.0,0.20742464065551758,0.0,-0.2797703146934509,0.0,0.0,0.0,0.2579183876514435,-0.09069126844406128,-0.21575358510017395,0.0,0.0,0.0,0.0,-0.2797703146934509,0.20742464065551758,0.0,0.0,0.0,0.20742464065551758,0.0,-0.2797703146934509,-0.0,-0.0,-0.0,0.2579183876514435,0.09069131314754486,-0.21575358510017395,0.0,0.0,0.0,2.9802322387695312e-08,5.820766091346741e-11,0.6000000238418579,-5.21540641784668e-08,0.0559999942779541,0.6000000238418579,-8.940696716308594e-08,-0.055999964475631714,0.6000000238418579,0.515836775302887,4.470348358154297e-08,-0.4315071702003479,0.0,0.0,0.0,-6.51925802230835e-09,-4.3402216931553994e-08,-1.1175870895385742e-08,25.428874969482422,25.42887306213379,43.102203369140625,43.102203369140625,0.1915258765220642,0.1915258765220642,0.5944413542747498,0.5944413542747498,0.21403278410434723,0.21403278410434723,0.0,0.0,-1.7663062810897827,-1.7663062810897827,1.4865360260009766,1.4865360260009766,0.2823239266872406,0.2823239266872406,0.0,0.0,-0.07489929348230362,-0.07489929348230362,0.20742464065551758,0.20742464065551758,0.5500251054763794,0.5500251054763794,-0.30870485305786133,-0.30870485305786133,-0.00750750582665205,-0.00750750582665205,-45.8858757019043,-45.8858757019043,-32.057132720947266,-32.057132720947266,-19.85215187072754,-19.85215187072754,16.836793899536133,16.836793899536133,0.0,0.0,180.0
462,1.925,0.44175237062265427,5.636662209779136,-178.5823699471977,0.44175237062265427,5.636662209779136,-178.5823699471977,5.0,-5.0,0.0,0.0,12.0,0,0.5,0.0,0.0,3.2,3.2,3.2,5.636660099029541,5.636661052703857,5.636662006378174,5.636662006378174,0.4458081126213074,0.446740984916687,-1.8466615676879883,-1.5357905626296997,0.074815534055233,0.074815534055233,0.0,0.0,nan,nan,0.6426632404327393,0.6426632404327393,1.2853264808654785,0.0,0.0882977768778801,0.1473601758480072,0.0,0.0,0.0,0.1473601758480072,0.0,0.0882977768778801,0.0,0.0,0.0,0.1269274652004242,0.030702628195285797,0.11161670088768005,0.0,0.0,0.0,0.0,0.0882977768778801,0.1473601758480072,0.0,0.0,0.0,0.1473601758480072,0.0,0.0882977768778801,-0.0,-0.0,-0.0,0.1269274652004242,-0.030702654272317886,0.11161669343709946,0.0,0.0,0.0,2.9802322387695312e-08,5.820766091346741e-11,0.6000000238418579,-1.1175870895385742e-07,0.05600005388259888,0.6000000238418579,-2.2351741790771484e-08,-0.055999964475631714,0.6000000238418579,0.2538549304008484,-2.60770320892334e-08,0.2232334017753601,0.0,0.0,0.0,1.0244548320770264e-08,2.16218403181756e-08,-1.3969838619232178e-08,24.224254608154297,24.224254608154297,40.83285140991211,40.83285140991211,0.20615608990192413,0.20615608990192413,0.6562954783439636,0.6562954783439636,0.13754841685295105,0.13754841685295105,0.0,0.0,-1.531897783279419,-1.531897783279419,1.6201953887939453,1.6201953887939453,0.2215951830148697,0.2215951830148697,0.0,0.0,-0.07423502206802368,-0.07423502206802368,0.1473601758480072,0.1473601758480072,0.5500251054763794,0.5500251054763794,-0.2967948317527771,-0.2967948317527771,0.0099087068811059,0.0099087068811059,-40.73635482788086,-40.73635482788086,-29.102060317993164,-29.102060317993164,-16.884780883789062,-16.884780883789062,16.2866153717041,16.2866153717041,0.0,0.0,180.0
463,1.9291666666666667,0.46366171265377193,4.873670517359973,-187.4394185656032,0.46366171265377193,4.873670517359973,-187.4394185656032,5.0,-5.0,0.0,0.0,12.0,0,0.5,0.0,0.0,3.2,3.2,3.2,4.873669147491455,4.873669147491455,4.87367057800293,4.87367057800293,0.4648441672325134,0.46575209498405457,-2.4310598373413086,-2.13016676902771,0.06468833237886429,0.06468833237886429,0.0,0.0,nan,nan,-0.3780896067619324,-0.3780896067619324,-0.7561792135238647,0.0,0.4633260667324066,0.09316865354776382,0.0,0.0,0.0,0.09316865354776382,0.0,0.4633260667324066,0.0,0.0,0.0,0.0015685046091675758,0.17058458924293518,0.44073787331581116,0.0,0.0,0.0,0.0,0.4633260667324066,0.09316865354776382,0.0,0.0,0.0,0.09316865354776382,0.0,0.4633260667324066,-0.0,-0.0,-0.0,0.0015685235848650336,-0.17058470845222473,0.44073784351348877,0.0,0.0,0.0,2.9802322387695312e-08,5.820766091346741e-11,0.6000000238418579,-9.685754776000977e-08,0.05600005388259888,0.6000000238418579,-5.21540641784668e-08,-0.055999934673309326,0.6000000238418579,0.0031370283104479313,-1.1920928955078125e-07,0.8814756870269775,0.0,0.0,0.0,5.4016709327697754e-08,9.194508265863988e-08,-6.759364623576403e-09,22.856346130371094,22.856342315673828,38.1137809753418,38.1137809753418,0.22074872255325317,0.22074872255325317,0.726113498210907,0.726113498210907,0.05313779413700104,0.05313779413700104,0.0,0.0,-1.279310941696167,-1.279310941696167,1.7426371574401855,1.7426371574401855,0.16683363914489746,0.16683363914489746,0.0,0.0,-0.07366497814655304,-0.07366497814655304,0.09316865354776382,0.09316865354776382,0.5500251054763794,0.5500251054763794,-0.2833802103996277,-0.2833802103996277,0.02814730815589428,0.02814730815589428,-35.289794921875,-35.289794921875,-25.971742630004883,-25.971742630004883,-13.743685722351074,-13.743685722351074,15.706368446350098,15.706368446350098,0.0,0.0,180.0
464,1.9333333333333333,0.4823188009111028,4.076493527989032,-194.9817143378068,0.4823188009111028,4.076493527989032,-194.9817143378068,5.0,-5.0,0.0,0.0,12.0,0,0.5,0.0,0.0,3.2,3.2,3.2,4.0764923095703125,4.076493740081787,4.076493740081787,4.076493740081787,0.4806169867515564,0.4814937114715576,-2.998837471008301,-2.71004056930542,0.05410738289356232,0.05410738289356232,0.0,0.0,nan,nan,-1.1440224647521973,-1.1440224647521973,-2.2880449295043945,0.0,0.8421628475189209,0.046856749802827835,0.0,0.0,0.0,0.046856749802827835,0.0,0.8421628475189209,0.0,0.0,0.0,-0.11573216319084167,0.3246162235736847,0.7698469161987305,0.0,0.0,0.0,0.0,0.8421628475189209,0.046856749802827835,0.0,0.0,0.0,0.046856749802827835,0.0,0.8421628475189209,-0.0,-0.0,-0.0,-0.11573216319084167,-0.3246164321899414,0.7698467969894409,0.0,0.0,0.0,2.9802322387695312e-08,5.820766091346741e-11,0.6000000238418579,-1.341104507446289e-07,0.05600002408027649,0.6000000238418579,1.4901161193847656e-08,-0.05600002408027649,0.6000000834465027,-0.23146432638168335,-2.086162567138672e-07,1.5396937131881714,0.0,0.0,0.0,2.60770320892334e-08,1.3076117966193124e-07,-4.842877388000488e-08,21.31908416748047,21.31908416748047,34.881690979003906,34.881690979003906,0.23530198633670807,0.23530198633670807,0.7646980285644531,0.7646980285644531,0.0,0.0,0.0,0.0,-1.010549783706665,-1.010549783706665,1.852712631225586,1.852712631225586,0.12006686627864838,0.12006686627864838,0.0,0.0,-0.07321010529994965,-0.07321010529994965,0.046856749802827835,0.046856749802827835,0.5500251054763794,0.5500251054763794,-0.26854994893074036,-0.26854994893074036,0.04708539694547653,0.04708539694547653,-29.58440399169922,-29.58440399169922,-22.68806266784668,-22.68806266784668,-10.450830459594727,-10.450830459594727,15.10012435913086,15.10012435913086,0.0,0.0,180.0
465,1.9375,0.4975927693256241,3.2507228654757405,-201.15635347809982,0.4975927693256241,3.2507228654757405,-201.15635347809982,5.0,-5.0,0.0,0.0,12.0,0,0.5,0.0,0.0,3.2,3.2,3.2,3.250722646713257,3.2507224082946777,3.250722885131836,3.250722885131836,0.493015855550766,0.4938552677631378,-3.546020746231079,-3.2713561058044434,0.04314691200852394,0.04314691200852394,0.0,0.0,nan,nan,-1.63008713722229,-1.63008713722229,-3.26017427444458,0.0,1.2223224639892578,0.010183332487940788,0.0,0.0,0.0,0.010183332487940788,0.0,1.2223224639892578,0.0,0.0,0.0,-0.2230125367641449,0.4883224368095398,1.0981723070144653,0.0,0.0,0.0,0.0,1.2223224639892578,0.010183332487940788,0.0,0.0,0.0,0.010183332487940788,0.0,1.2223224639892578,-0.0,-0.0,-0.0,-0.2230125367641449,-0.4883226752281189,1.0981721878051758,0.0,0.0,0.0,2.9802322387695312e-08,5.820766091346741e-11,0.6000000238418579,7.450580596923828e-09,0.05600002408027649,0.6000000238418579,5.21540641784668e-08,-0.055999934673309326,0.6000000834465027,-0.4460250735282898,-2.384185791015625e-07,2.1963443756103516,0.0,0.0,0.0,1.341104507446289e-07,-1.329258125792876e-08,-2.7939677238464355e-09,19.611724853515625,19.611726760864258,31.081329345703125,31.081329345703125,0.26428744196891785,0.26428744196891785,0.7357125878334045,0.7357125878334045,0.0,0.0,0.0,0.0,-0.7270458936691284,-0.7270458936691284,1.9493682384490967,1.9493682384490967,0.08307168632745743,0.08307168632745743,0.0,0.0,-0.07288835942745209,-0.07288835942745209,0.010183332487940788,0.010183332487940788,0.5500251054763794,0.5500251054763794,-0.2524060606956482,-0.2524060606956482,0.06659229844808578,0.06659229844808578,-23.660898208618164,-23.660898208618164,-19.274402618408203,-19.274402618408203,-7.02965784072876,-7.02965784072876,14.472136497497559,14.472136497497559,0.0,0.0,180.0
466,1.9416666666666667,0.5093764819832375,2.402150717702291,-205.92002532938446,0.5093764819832375,2.402150717702291,-205.92002532938446,5.0,-5.0,0.0,0.0,12.0,0,0.5,0.0,0.0,3.2,3.2,3.2,2.4021506309509277,2.4021506309509277,2.4021506309509277,2.4021506309509277,0.5019533038139343,0.5027493834495544,-4.068864345550537,-3.8102686405181885,0.03188379481434822,0.03188379481434822,0.0,0.0,nan,nan,-1.819875955581665,-1.819875955581665,-3.63975191116333,0.0,1.6020572185516357,-0.015319506637752056,0.0,0.0,0.0,-0.015319506637752056,0.0,1.6020572185516357,0.0,0.0,0.0,-0.318745881319046,0.6572895050048828,1.4259010553359985,0.0,0.0,0.0,0.0,1.6020572185516357,-0.015319506637752056,0.0,0.0,0.0,-0.015319506637752056,0.0,1.6020572185516357,-0.0,-0.0,-0.0,-0.318745881319046,-0.6572899222373962,1.425900936126709,0.0,0.0,0.0,2.9802322387695312e-08,5.820766091346741e-11,0.6000000238418579,-7.450580596923828e-08,0.05600002408027649,0.6000000238418579,7.450580596923828e-09,-0.055999934673309326,0.6000000238418579,-0.637491762638092,-4.172325134277344e-07,2.851801872253418,0.0,0.0,0.0,1.341104507446289e-07,1.8060443096601375e-07,-2.60770320892334e-08,17.741853713989258,17.741853713989258,26.6810359954834,26.681020736694336,0.3217938542366028,0.3217938542366028,0.678206205368042,0.678206205368042,0.0,0.0,0.0,0.0,-0.42961424589157104,-0.42961424589157104,2.0316715240478516,2.0316715240478516,0.05739481747150421,0.05739481747150421,0.0,0.0,-0.07271432876586914,-0.07271432876586914,-0.015319506637752056,-0.015319506637752056,0.5500251054763794,0.5500251054763794,-0.23506256937980652,-0.23506256937980652,0.08653030544519424,0.08653030544519424,-17.562206268310547,-17.562206268310547,-15.755450248718262,-15.755450248718262,-3.504908800125122,-3.504908800125122,13.826807022094727,13.826807022094727,0.0,0.0,180.0
467,1.9458333333333333,0.5175872846062352,1.5367292085871425,-209.23931615631722,0.5175872846062352,1.5367292085871425,-209.23931615631722,5.0,-5.0,0.0,0.0,12.0,0,0.5,0.0,0.0,3.2,3.2,3.2,1.536728858947754,1.536728858947754,1.5367292165756226,1.5367292165756226,0.5073654651641846,0.5081128478050232,-4.563878059387207,-4.323179244995117,0.020397039130330086,0.020397039130330086,0.0,0.0,nan,nan,-1.7047626972198486,-1.7047626972198486,-3.4095253944396973,0.0,1.9803595542907715,-0.028304435312747955,0.0,0.0,0.0,-0.028304435312747955,0.0,1.9803595542907715,0.0,0.0,0.0,-0.40177613496780396,0.8272994160652161,1.7540743350982666,0.0,0.0,0.0,0.0,1.9803595542907715,-0.028304435312747955,0.0,0.0,0.0,-0.028304435312747955,0.0,1.9803595542907715,-0.0,-0.0,-0.0,-0.40177610516548157,-0.8272997140884399,1.754074215888977,0.0,0.0,0.0,2.9802322387695312e-08,5.820766091346741e-11,0.6000000238418579,-9.685754776000977e-08,0.056000083684921265,0.6000000238418579,-1.341104507446289e-07,-0.055999934673309326,0.6000000238418579,-0.8035522699356079,-2.980232238769531e-07,3.508148670196533,0.0,0.0,0.0,2.682209014892578e-07,5.096860036246653e-07,9.313225746154785e-08,15.729498863220215,15.729498863220215,21.69786262512207,21.69786262512207,0.43548205494880676,0.43548205494880676,0.5645179748535156,0.5645179748535156,0.0,0.0,0.0,0.0,-0.11847339570522308,-0.11847339570522308,2.0988330841064453,2.0988330841064453,0.044394686818122864,0.044394686818122864,0.0,0.0,-0.07269912958145142,-0.07269912958145142,-0.028304435312747955,-0.028304435312747955,0.5500251054763794,0.5500251054763794,-0.21664491295814514,-0.21664491295814514,0.1067558005452156,0.1067558005452156,-11.333057403564453,-11.333057403564453,-12.156973838806152,-12.156973838806152,0.09760631620883942,0.09760631620883942,13.168664932250977,13.168664932250977,0.0,0.0,180.0
468,1.95,0.5221675843136716,0.6605286482120951,-211.0909435186549,0.5221675843136716,0.6605286482120951,-211.0909435186549,5.0,-5.0,0.0,0.0,12.0,0,0.5,0.0,0.0,3.2,3.2,3.2,0.6605286598205566,0.6605285406112671,0.6605286598205566,0.6605286598205566,0.5092127919197083,0.5099062323570251,-5.027831077575684,-4.806737899780273,0.008767210878431797,0.008767210878431797,0.0,0.0,nan,nan,-1.2826855182647705,-1.2826855182647705,-2.565371036529541,0.0,2.356888771057129,-0.027560193091630936,0.0,0.0,0.0,-0.027560193091630936,0.0,2.356888771057129,0.0,0.0,0.0,-0.47123241424560547,0.994392991065979,2.0844199657440186,0.0,0.0,0.0,0.0,2.356888771057129,-0.027560193091630936,0.0,0.0,0.0,-0.027560193091630936,0.0,2.356888771057129,-0.0,-0.0,-0.0,-0.47123226523399353,-0.9943932890892029,2.0844199657440186,0.0,0.0,0.0,2.9802322387695312e-08,5.820766091346741e-11,0.6000000238418579,2.2351741790771484e-08,0.05600005388259888,0.6000000238418579,0.0,-0.055999964475631714,0.6000000238418579,-0.9424647092819214,-2.980232238769531e-07,4.168839931488037,0.0,0.0,0.0,1.862645149230957e-07,7.765069653942192e-08,7.264316082000732e-08,13.613553047180176,13.613551139831543,16.239486694335938,16.239486694335938,0.837850034236908,0.837850034236908,0.1621500849723816,0.1621500849723816,0.0,0.0,0.0,0.0,0.20666280388832092,0.20666280388832092,2.150225877761841,2.150225877761841,0.04528995603322983,0.04528995603322983,0.0,0.0,-0.07285015285015106,-0.07285015285015106,-0.027560193091630936,-0.027560193091630936,0.5500251054763794,0.5500251054763794,-0.19728884100914001,-0.19728884100914001,0.12712036073207855,0.12712036073207855,-5.019560813903809,-5.019560813903809,-8.505578994750977,-8.505578994750977,3.751253604888916,3.751253604888916,12.502325057983398,12.502325057983398,0.0,0.0,180.0
469,1.9541666666666666,0.5230852535940391,-0.22030504604098147,-211.46191958084287,0.5230852535940391,-0.22030504604098147,-211.46191958084287,5.0,-5.0,0.0,0.0,12.0,0,0.5,0.0,0.0,3.2,3.2,3.2,0.22030504047870636,0.22030498087406158,0.22030504047870636,0.22030504047870636,0.5074805617332458,0.508115291595459,-5.4577789306640625,-5.257864952087402,-0.0029241135343909264,-0.0029241135343909264,0.0,0.0,nan,nan,-0.5568866729736328,-0.5568866729736328,-1.1137733459472656,0.0,2.731822967529297,-0.011972621083259583,0.0,0.0,0.0,-0.011972621083259583,0.0,2.731822967529297,0.0,0.0,0.0,-0.5264405608177185,1.1548540592193604,2.419126510620117,0.0,0.0,0.0,0.0,2.731822967529297,-0.011972621083259583,0.0,0.0,0.0,-0.011972621083259583,0.0,2.731822967529297,-0.0,-0.0,-0.0,-0.5264403223991394,-1.154854416847229,2.419126272201538,0.0,0.0,0.0,2.9802322387695312e-08,5.820766091346741e-11,0.6000000238418579,-3.725290298461914e-08,0.05600002408027649,0.6000000238418579,-2.2351741790771484e-08,-0.055999934673309326,0.6000000238418579,-1.052880883216858,-3.5762786865234375e-07,4.838253021240234,0.0,0.0,0.0,2.384185791015625e-07,2.8838235266448464e-07,4.284083843231201e-08,11.466571807861328,11.466565132141113,12.14219856262207,12.14219856262207,1.0,1.0,0.0,0.0,0.0,0.0,0.0,0.0,0.5464234948158264,0.5464234948158264,2.1853995323181152,2.1853995323181152,0.061198294162750244,0.061198294162750244,0.0,0.0,-0.07317091524600983,-0.07317091524600983,-0.011972621083259583,-0.011972621083259583,0.5500251054763794,0.5500251054763794,-0.17713890969753265,-0.17713890969753265,0.1474723219871521,0.1474723219871521,1.3312814235687256,1.3312814235687256,-4.828432559967041,-4.828432559967041,7.428852081298828,7.428852081298828,11.8324613571167,11.8324613571167,0.0,0.0,180.0
470,1.9583333333333333,0.5203338556566809,-1.0995934586849634,-210.3496422123509,0.5203338556566809,-1.0995934586849634,-210.3496422123509,5.0,-5.0,0.0,0.0,12.0,0,0.5,0.0,0.0,3.2,3.2,3.2,1.099593162536621,1.0995930433273315,1.0995934009552002,1.0995934009552002,0.5021786689758301,0.5027503967285156,-5.851040840148926,-5.673740863800049,-0.014594926498830318,-0.014594926498830318,0.0,0.0,nan,nan,0.4650883376598358,0.4650883376598358,0.9301766753196716,0.0,3.1056549549102783,0.019488101825118065,0.0,0.0,0.0,0.019488101825118065,0.0,3.1056549549102783,0.0,0.0,0.0,-0.566853404045105,1.305139422416687,2.760572671890259,0.0,0.0,0.0,0.0,3.1056549549102783,0.019488101825118065,0.0,0.0,0.0,0.019488101825118065,0.0,3.1056549549102783,-0.0,-0.0,-0.0,-0.5668532252311707,-1.3051396608352661,2.7605724334716797,0.0,0.0,0.0,2.9802322387695312e-08,5.820766091346741e-11,0.6000000238418579,-4.470348358154297e-08,0.05600005388259888,0.6000000238418579,-8.195638656616211e-08,-0.055999964475631714,0.6000000238418579,-1.1337065696716309,-2.384185791015625e-07,5.521144866943359,0.0,0.0,0.0,2.5331974029541016e-07,5.14196699441527e-07,1.0803341865539551e-07,9.454729080200195,9.454727172851562,12.714000701904297,12.714000701904297,1.0,1.0,0.0,0.0,0.0,0.0,0.0,0.0,0.901565670967102,0.901565670967102,2.2040891647338867,2.2040891647338867,0.09314921498298645,0.09314921498298645,0.0,0.0,-0.07366111874580383,-0.07366111874580383,0.019488101825118065,0.019488101825118065,0.5500251054763794,0.5500251054763794,-0.15634702146053314,-0.15634702146053314,0.16765843331813812,0.16765843331813812,7.672070026397705,7.672070026397705,-1.1529743671417236,-1.1529743671417236,11.102956771850586,11.102956771850586,11.163772583007812,11.163772583007812,0.0,0.0,180.0
471,1.9625,0.5139326895812504,-1.9711690132731545,-207.76191323974857,0.5139326895812504,-1.9711690132731545,-207.76191323974857,5.0,-5.0,0.0,0.0,12.0,0,0.5,0.0,0.0,3.2,3.2,3.2,1.9711692333221436,1.9711686372756958,1.9711689949035645,1.9711689949035645,0.4933423697948456,0.49384698271751404,-6.205203533172607,-6.0518012046813965,-0.026163367554545403,-0.026163367554545403,0.0,0.0,nan,nan,1.7718980312347412,1.7718980312347412,3.5437960624694824,0.0,3.4789464473724365,0.06774330884218216,0.0,0.0,0.0,0.06774330884218216,0.0,3.4789464473724365,0.0,0.0,0.0,-0.5920105576515198,1.441777229309082,3.1110222339630127,0.0,0.0,0.0,0.0,3.4789464473724365,0.06774330884218216,0.0,0.0,0.0,0.06774330884218216,0.0,3.4789464473724365,-0.0,-0.0,-0.0,-0.5920103192329407,-1.4417777061462402,3.1110219955444336,0.0,0.0,0.0,2.9802322387695312e-08,5.820766091346741e-11,0.6000000238418579,-5.21540641784668e-08,0.05600002408027649,0.6000000238418579,7.450580596923828e-09,-0.055999964475631714,0.6000000238418579,-1.1840208768844604,-4.76837158203125e-07,6.222043991088867,0.0,0.0,0.0,1.9371509552001953e-07,3.245048958433472e-07,-3.725290298461914e-08,8.087492942810059,8.087493896484375,13.288700103759766,13.288700103759766,1.0,1.0,0.0,0.0,0.0,0.0,0.0,0.0,1.2727279663085938,1.2727279663085938,2.2062184810638428,2.2062184810638428,0.14205969870090485,0.14205969870090485,0.0,0.0,-0.07431638240814209,-0.07431638240814209,0.06774330884218216,0.06774330884218216,0.5500251054763794,0.5500251054763794,-0.13507066667079926,-0.13507066667079926,0.18752539157867432,0.18752539157867432,13.955520629882812,13.955520629882812,2.4933764934539795,2.4933764934539795,14.746158599853516,14.746158599853516,10.50094985961914,10.50094985961914,0.0,0.0,180.0
472,1.9666666666666666,0.5039266549485352,-2.828918233516216,-203.71688372249807,0.5039266549485352,-2.828918233516216,-203.71688372249807,5.0,-5.0,0.0,0.0,12.0,0,0.5,0.0,0.0,3.2,3.2,3.2,2.8289177417755127,2.82891845703125,2.82891845703125,2.82891845703125,0.48103147745132446,0.48146548867225647,-6.518115520477295,-6.389728546142578,-0.03754828870296478,-0.03754828870296478,0.0,0.0,nan,nan,3.348324775695801,3.348324775695801,6.696649551391602,0.0,3.852079153060913,0.13354140520095825,0.0,0.0,0.0,0.13354140520095825,0.0,3.852079153060913,0.0,0.0,0.0,-0.6015374660491943,1.5612568855285645,3.472315788269043,0.0,0.0,0.0,0.0,3.852079153060913,0.13354140520095825,0.0,0.0,0.0,0.13354140520095825,0.0,3.852079153060913,-0.0,-0.0,-0.0,-0.6015374064445496,-1.5612576007843018,3.472315549850464,0.0,0.0,0.0,2.9802322387695312e-08,5.820766091346741e-11,0.6000000238418579,-3.725290298461914e-08,0.05600005388259888,0.6000000238418579,-2.2351741790771484e-08,-0.055999964475631714,0.6000000238418579,-1.2030749320983887,-7.152557373046875e-07,6.944631576538086,0.0,0.0,0.0,3.2782554626464844e-07,4.139322982155136e-07,3.725290298461914e-08,7.9226975440979,7.922696590423584,13.863348007202148,13.863348007202148,1.0,1.0,0.0,0.0,0.0,0.0,0.0,0.0,1.660183310508728,1.660183310508728,2.1918957233428955,2.1918957233428955,0.2086697518825531,0.2086697518825531,0.0,0.0,-0.07512834668159485,-0.07512834668159485,0.13354140520095825,0.13354140520095825,0.5500251054763794,0.5500251054763794,-0.11347106844186783,-0.11347106844186783,0.20692189037799835,0.20692189037799835,20.134971618652344,20.134971618652344,6.083516597747803,6.083516597747803,18.331377029418945,18.331377029418945,9.848642349243164,9.848642349243164,0.0,0.0,180.0
473,1.9708333333333332,0.4903859369021577,-3.666824624926107,-198.24292663631314,0.4903859369021577,-3.666824624926107,-198.24292663631314,5.0,-5.0,0.0,0.0,12.0,0,0.5,0.0,0.0,3.2,3.2,3.2,3.666823625564575,3.6668245792388916,3.6668245792388916,3.6668245792388916,0.46533045172691345,0.46569108963012695,-6.787863731384277,-6.685445785522461,-0.04866983741521835,-0.04866983741521835,0.0,0.0,nan,nan,5.174678325653076,5.174678325653076,10.349356651306152,0.0,4.2250261306762695,0.21735914051532745,0.0,0.0,0.0,0.21735914051532745,0.0,4.2250261306762695,0.0,0.0,0.0,-0.5951840281486511,1.6599572896957397,3.845567464828491,0.0,0.0,0.0,0.0,4.2250261306762695,0.21735914051532745,0.0,0.0,0.0,0.21735914051532745,0.0,4.2250261306762695,-0.0,-0.0,-0.0,-0.5951841473579407,-1.6599583625793457,3.845566987991333,0.0,0.0,0.0,2.9802322387695312e-08,5.820766091346741e-11,0.6000000238418579,-7.450580596923828e-08,0.05600002408027649,0.6000000238418579,7.450580596923828e-08,-0.0559999942779541,0.6000000834465027,-1.1903681755065918,-1.0728836059570312e-06,7.691134452819824,0.0,0.0,0.0,2.384185791015625e-07,1.937379607852563e-07,-2.3469328880310059e-07,8.610852241516113,8.610852241516113,15.916553497314453,15.916553497314453,0.995453953742981,0.995453953742981,0.004546067211776972,0.004546067211776972,0.0,0.0,0.0,0.0,2.063619375228882,2.063619375228882,2.161406993865967,2.161406993865967,0.2934437096118927,0.2934437096118927,0.0,0.0,-0.07608456164598465,-0.07608456164598465,0.21735914051532745,0.21735914051532745,0.5500251054763794,0.5500251054763794,-0.09171133488416672,-0.09171133488416672,0.2257002294063568,0.2257002294063568,26.164875030517578,26.164875030517578,9.590948104858398,9.590948104858398,21.8321475982666,21.8321475982666,9.211423873901367,9.211423873901367,0.0,0.0,180.0
474,1.9749999999999999,0.4734055138502227,-4.47901087620193,-191.37843785712136,0.4734055138502227,-4.47901087620193,-191.37843785712136,5.0,-5.0,0.0,0.0,12.0,0,0.5,0.0,0.0,3.2,3.2,3.2,4.479011535644531,4.479009628295898,4.479011535644531,4.479011535644531,0.44635695219039917,0.4466417729854584,-7.011359214782715,-6.9356608390808105,-0.05945000424981117,-0.05945000424981117,0.0,0.0,nan,nan,7.187305450439453,7.187305450439453,14.374610900878906,0.0,4.584090709686279,0.3105057179927826,0.0,0.0,0.0,0.3105057179927826,0.0,4.584090709686279,0.0,0.0,0.0,-0.5789554715156555,1.7291911840438843,4.217227458953857,0.0,0.0,0.0,0.0,4.584090709686279,0.3105057179927826,0.0,0.0,0.0,0.3105057179927826,0.0,4.584090709686279,-0.0,-0.0,-0.0,-0.5789550542831421,-1.7291918992996216,4.217227458953857,0.0,0.0,0.0,2.9802322387695312e-08,5.820766091346741e-11,0.6000000238418579,-4.470348358154297e-08,0.05600002408027649,0.6000000238418579,-1.341104507446289e-07,-0.055999964475631714,0.6000000238418579,-1.1579105854034424,-7.152557373046875e-07,8.434454917907715,0.0,0.0,0.0,2.5331974029541016e-07,1.0054653785118717e-06,2.123415470123291e-07,9.699289321899414,9.699292182922363,20.763591766357422,20.763591766357422,0.9079464077949524,0.9079464077949524,0.0920536071062088,0.0920536071062088,0.0,0.0,0.004546067211776972,0.004546067211776972,2.4819700717926025,2.4819700717926025,2.115201950073242,2.115201950073242,0.3964509963989258,0.3964509963989258,0.0,0.0,-0.07716859877109528,-0.07716859877109528,0.3105057179927826,0.3105057179927826,0.5500251054763794,0.5500251054763794,-0.06995449960231781,-0.06995449960231781,0.24371835589408875,0.24371835589408875,32.00127029418945,32.00127029418945,12.990056991577148,12.990056991577148,25.2229061126709,25.2229061126709,8.593766212463379,8.593766212463379,0.0,0.0,180.0
475,1.9791666666666667,0.45310449126001745,-5.259780084346205,-183.1715668415784,0.45310449126001745,-5.259780084346205,-183.1715668415784,5.0,-5.0,0.0,0.0,12.0,0,0.5,0.0,0.0,3.2,3.2,3.2,5.2597784996032715,5.259778022766113,5.259779930114746,5.259779930114746,0.4242704510688782,0.424477219581604,-7.182823657989502,-7.134311199188232,-0.06981316953897476,-0.06981316953897476,0.0,0.0,nan,nan,9.207113265991211,9.207113265991211,18.414226531982422,0.0,4.887799263000488,0.3825123906135559,0.0,0.0,0.0,0.3825123906135559,0.0,4.887799263000488,0.0,0.0,0.0,-0.5745894908905029,1.7514859437942505,4.543021202087402,0.0,0.0,0.0,0.0,4.887799263000488,0.3825123906135559,0.0,0.0,0.0,0.3825123906135559,0.0,4.887799263000488,-0.0,-0.0,-0.0,-0.5745893120765686,-1.7514867782592773,4.543021202087402,0.0,0.0,0.0,2.9802322387695312e-08,5.820766091346741e-11,0.6000000238418579,-7.450580596923828e-08,0.05600005388259888,0.6000000238418579,-1.1920928955078125e-07,-0.055999964475631714,0.6000000238418579,-1.1491787433624268,-8.344650268554688e-07,9.086042404174805,0.0,0.0,0.0,4.172325134277344e-07,1.1508369652801775e-06,1.3783574104309082e-07,10.934762954711914,10.93476390838623,25.070392608642578,25.070398330688477,0.7828142046928406,0.7828142046928406,0.2171858847141266,0.2171858847141266,0.0,0.0,0.029628142714500427,0.029628142714500427,2.9133074283599854,2.9133074283599854,2.0538744926452637,2.0538744926452637,0.5172436237335205,0.5172436237335205,0.0,0.0,-0.0783601626753807,-0.0783601626753807,0.3825123906135559,0.3825123906135559,0.5500251054763794,0.5500251054763794,-0.04836186766624451,-0.04836186766624451,0.2608411908149719,0.2608411908149719,37.60215759277344,37.60215759277344,16.25632095336914,16.25632095336914,28.479185104370117,28.479185104370117,8.000000953674316,8.000000953674316,0.0,0.0,180.0
476,1.9833333333333334,0.4296252662187545,-6.003655714345436,-173.6798788932324,0.4296252662187545,-6.003655714345436,-173.6798788932324,5.0,-5.0,0.0,0.0,12.0,0,0.5,0.0,0.0,3.2,3.2,3.2,6.0036540031433105,6.0036540031433105,6.003655910491943,6.003655910491943,0.3992544710636139,0.39938151836395264,-7.296445369720459,-7.2753119468688965,-0.07968664914369583,-0.07968664914369583,0.0,0.0,nan,nan,11.010102272033691,11.010102272033691,22.020204544067383,0.0,5.091468334197998,0.4009166359901428,0.0,0.0,0.0,0.4009166359901428,0.0,5.091468334197998,0.0,0.0,0.0,-0.6047536730766296,1.7123684883117676,4.7734527587890625,0.0,0.0,0.0,0.0,5.091468334197998,0.4009166359901428,0.0,0.0,0.0,0.4009166359901428,0.0,5.091468334197998,-0.0,-0.0,-0.0,-0.6047536134719849,-1.712369680404663,4.773452281951904,0.0,0.0,0.0,2.9802322387695312e-08,5.820766091346741e-11,0.6000000238418579,-1.1920928955078125e-07,0.05600002408027649,0.6000000238418579,-9.685754776000977e-08,-0.05599990487098694,0.6000000238418579,-1.2095072269439697,-1.1920928955078125e-06,9.546905517578125,0.0,0.0,0.0,5.960464477539062e-07,1.3159046829969157e-06,3.725290298461914e-08,12.183587074279785,12.183587074279785,28.79570960998535,28.79570960998535,0.7021473050117493,0.7021473050117493,0.2978527545928955,0.2978527545928955,0.0,0.0,0.0920536071062088,0.0920536071062088,3.3548061847686768,3.3548061847686768,1.978142261505127,1.978142261505127,0.654750406742096,0.654750406742096,0.0,0.0,-0.07963529229164124,-0.07963529229164124,0.4009166359901428,0.4009166359901428,0.5500251054763794,0.5500251054763794,-0.027091151103377342,-0.027091151103377342,0.27694228291511536,0.27694228291511536,42.92790222167969,42.92790222167969,19.3665714263916,19.3665714263916,31.57788848876953,31.57788848876953,7.434292316436768,7.434292316436768,0.0,0.0,180.0
477,1.9875,0.403132528620293,-6.705420013129277,-162.9699513832704,0.403132528620293,-6.705420013129277,-162.9699513832704,5.0,-5.0,0.0,0.0,12.0,0,0.5,0.0,0.0,3.2,3.2,3.2,6.705418109893799,6.705418586730957,6.705420017242432,6.705420017242432,0.3714636266231537,0.37150973081588745,-7.354782581329346,-7.361095428466797,-0.08900117874145508,-0.08900117874145508,0.0,0.0,nan,nan,12.644268035888672,12.644268035888672,25.288536071777344,0.0,5.224552154541016,0.3771008253097534,0.0,0.0,0.0,0.3771008253097534,0.0,5.224552154541016,0.0,0.0,0.0,-0.6634249687194824,1.6261781454086304,4.934932708740234,0.0,0.0,0.0,0.0,5.224552154541016,0.3771008253097534,0.0,0.0,0.0,0.3771008253097534,0.0,5.224552154541016,-0.0,-0.0,-0.0,-0.6634250283241272,-1.6261789798736572,4.934932231903076,0.0,0.0,0.0,2.9802322387695312e-08,5.820766091346741e-11,0.6000000238418579,-1.341104507446289e-07,0.0559999942779541,0.5999999642372131,-2.2351741790771484e-08,-0.055999964475631714,0.6000000238418579,-1.3268499374389648,-8.344650268554688e-07,9.869865417480469,0.0,0.0,0.0,2.682209014892578e-07,1.105818455471308e-06,-1.6391277313232422e-07,13.374344825744629,13.374345779418945,31.962621688842773,31.962621688842773,0.6316575407981873,0.6316575407981873,0.3683425188064575,0.3683425188064575,0.0,0.0,0.17482061684131622,0.17482061684131622,3.802764892578125,3.802764892578125,1.8888245820999146,1.8888245820999146,0.807201623916626,0.807201623916626,0.0,0.0,-0.0809667780995369,-0.0809667780995369,0.3771008253097534,0.3771008253097534,0.5500251054763794,0.5500251054763794,-0.006295147351920605,-0.006295147351920605,0.2919051945209503,0.2919051945209503,47.9415168762207,47.9415168762207,22.299137115478516,22.299137115478516,34.49742126464844,34.49742126464844,6.900608539581299,6.900608539581299,0.0,0.0,180.0
478,1.9916666666666667,0.3738121059838821,-7.360150608358645,-151.1169067581032,0.3738121059838821,-7.360150608358645,-151.1169067581032,5.0,-5.0,0.0,0.0,12.0,0,0.5,0.0,0.0,3.2,3.2,3.2,7.3601484298706055,7.360150337219238,7.3601508140563965,7.3601508140563965,0.3410504460334778,0.341015487909317,-7.364224910736084,-7.397993564605713,-0.09769143164157867,-0.09769143164157867,0.0,0.0,nan,nan,14.300511360168457,14.300511360168457,28.601022720336914,0.0,5.348702430725098,0.33862167596817017,0.0,0.0,0.0,0.33862167596817017,0.0,5.348702430725098,0.0,0.0,0.0,-0.7352867722511292,1.5150879621505737,5.0879411697387695,0.0,0.0,0.0,0.0,5.348702430725098,0.33862167596817017,0.0,0.0,0.0,0.33862167596817017,0.0,5.348702430725098,-0.0,-0.0,-0.0,-0.7352867126464844,-1.5150889158248901,5.087940692901611,0.0,0.0,0.0,2.9802322387695312e-08,5.820766091346741e-11,0.6000000238418579,-2.9802322387695312e-08,0.05600005388259888,0.6000000238418579,2.9802322387695312e-08,-0.0559999942779541,0.6000000834465027,-1.4705734252929688,-9.5367431640625e-07,10.175882339477539,0.0,0.0,0.0,4.172325134277344e-07,2.594384227450064e-07,-4.0978193283081055e-08,14.469561576843262,14.469564437866211,34.62179183959961,34.62179183959961,0.5893751382827759,0.5893751382827759,0.4106249213218689,0.4106249213218689,0.0,0.0,0.2546203136444092,0.2546203136444092,4.252692699432373,4.252692699432373,1.7868167161941528,1.7868167161941528,0.9720991849899292,0.9720991849899292,0.0,0.0,-0.08232466876506805,-0.08232466876506805,0.33862167596817017,0.33862167596817017,0.5500251054763794,0.5500251054763794,0.0138796865940094,0.0138796865940094,0.3056243062019348,0.3056243062019348,52.6088752746582,52.6088752746582,25.03400230407715,25.03400230407715,37.217864990234375,37.217864990234375,6.402693748474121,6.402693748474121,0.0,0.0,180.0
479,1.9958333333333333,0.34186966000762453,-7.963255035331243,-138.2038856093767,0.34186966000762453,-7.963255035331243,-138.2038856093767,5.0,-5.0,0.0,0.0,12.0,0,0.5,0.0,0.0,3.2,3.2,3.2,7.963254451751709,7.963253974914551,7.963254928588867,7.963254928588867,0.30816760659217834,0.3080523610115051,-7.334432125091553,-7.395669937133789,-0.10569644719362259,-0.10569644719362259,0.0,0.0,nan,nan,16.252084732055664,16.252084732055664,32.50416946411133,0.0,5.552639961242676,0.3359174132347107,0.0,0.0,0.0,0.3359174132347107,0.0,5.552639961242676,0.0,0.0,0.0,-0.7884750366210938,1.4019843339920044,5.32516622543335,0.0,0.0,0.0,0.0,5.552639961242676,0.3359174132347107,0.0,0.0,0.0,0.3359174132347107,0.0,5.552639961242676,-0.0,-0.0,-0.0,-0.7884750366210938,-1.4019852876663208,5.32516622543335,0.0,0.0,0.0,2.9802322387695312e-08,5.820766091346741e-11,0.6000000238418579,-3.725290298461914e-08,0.05600002408027649,0.6000000238418579,-4.470348358154297e-08,-0.055999934673309326,0.6000000238418579,-1.5769500732421875,-9.5367431640625e-07,10.6503324508667,0.0,0.0,0.0,4.76837158203125e-07,7.538360478065442e-07,8.195638656616211e-08,15.45125675201416,15.45125675201416,36.83287811279297,36.83287811279297,0.532188355922699,0.532188355922699,0.45561593770980835,0.45561593770980835,0.012195754796266556,0.012195754796266556,0.296124666929245,0.296124666929245,4.699432373046875,4.699432373046875,1.6730680465698242,1.6730680465698242,1.146235466003418,1.146235466003418,0.0,0.0,-0.08367697894573212,-0.08367697894573212,0.3359174132347107,0.3359174132347107,0.5500251054763794,0.5500251054763794,0.03329422324895859,0.03329422324895859,0.31800583004951477,0.31800583004951477,56.898929595947266,56.898929595947266,27.55290412902832,27.55290412902832,39.7210578918457,39.7210578918457,5.944040298461914,5.944040298461914,0.0,0.0,180.0
