step,t,wing_q,wing_qd,wing_qdd,wing_q_R,wing_qd_R,wing_qdd_R,airspeed,v_air_wx,v_air_wy,v_air_wz,body_pitch_deg,mod_enabled,mod_delta,mod_mode,mod_smooth,mod_f_eff_hz,mod_fd_hz,mod_fu_hz,omega_w_norm_L,omega_w_norm_R,omega_c_norm_L,omega_c_norm_R,joint_pos_L,joint_pos_R,joint_vel_L,joint_vel_R,eta_tip_L,eta_tip_R,tau_twist_x_L,tau_twist_x_R,tau_hinge_L,tau_hinge_R,power_in_L,power_in_R,power_in_T,F_wang_x_L,F_wang_y_L,F_wang_z_L,tau_wang_x_L,tau_wang_y_L,tau_wang_z_L,F_link_x_L,F_link_y_L,F_link_z_L,tau_link_x_L,tau_link_y_L,tau_link_z_L,F_world_x_L,F_world_y_L,F_world_z_L,tau_world_x_L,tau_world_y_L,tau_world_z_L,F_wang_x_R,F_wang_y_R,F_wang_z_R,tau_wang_x_R,tau_wang_y_R,tau_wang_z_R,F_link_x_R,F_link_y_R,F_link_z_R,tau_link_x_R,tau_link_y_R,tau_link_z_R,F_world_x_R,F_world_y_R,F_world_z_R,tau_world_x_R,tau_world_y_R,tau_world_z_R,p_base_wx,p_base_wy,p_base_wz,p_wing_L_wx,p_wing_L_wy,p_wing_L_wz,p_wing_R_wx,p_wing_R_wy,p_wing_R_wz,F_world_x_T,F_world_y_T,F_world_z_T,tau_world_x_T,tau_world_y_T,tau_world_z_T,tau_world_x_T_about_base,tau_world_y_T_about_base,tau_world_z_T_about_base,aoa_mean_deg_L,aoa_mean_deg_R,aoa_max_deg_L,aoa_max_deg_R,aoa_frac_pre_L,aoa_frac_pre_R,aoa_frac_mid_L,aoa_frac_mid_R,aoa_frac_post_L,aoa_frac_post_R,del_sep_ratio_L,del_sep_ratio_R,del_Nc_L,del_Nc_R,del_Na_L,del_Na_R,del_Fx_suction_L,del_Fx_suction_R,del_Fx_camber_L,del_Fx_camber_R,del_Fx_friction_L,del_Fx_friction_R,del_Fx_total_L,del_Fx_total_R,del_k_mean_L,del_k_mean_R,del_alpha_prime_mean_L,del_alpha_prime_mean_R,del_alpha_le_mean_L,del_alpha_le_mean_R,del_alpha_tip_deg_L,del_alpha_tip_deg_R,del_alpha_prime_tip_deg_L,del_alpha_prime_tip_deg_R,del_alpha_le_tip_deg_L,del_alpha_le_tip_deg_R,del_theta_tip_deg_L,del_theta_tip_deg_R,mod_profile,mod_ff_amp,mod_ff_shift_deg
0,0.0,0.0,13.149450210865439,-0.0,0.0,13.149450210865439,-0.0,5.0,-5.0,0.0,0.0,15.0,0,0.5,0.0,0.0,4.0,4.0,4.0,13.14945125579834,13.14944839477539,13.149450302124023,13.149450302124023,0.03785882517695427,0.03876300901174545,6.0684919357299805,6.385886192321777,0.1745329201221466,0.1745329201221466,0.0,0.0,nan,nan,22.978927612304688,22.978927612304688,45.957855224609375,0.0,-3.19177508354187,0.9701002836227417,0.0,0.0,0.0,0.9701002836227417,0.0,-3.19177508354187,0.0,0.0,0.0,1.760039210319519,0.27611708641052246,-2.820380210876465,0.0,0.0,0.0,0.0,-3.19177508354187,0.9701002836227417,0.0,0.0,0.0,0.9701002836227417,0.0,-3.19177508354187,-0.0,-0.0,-0.0,1.760039210319519,-0.27611640095710754,-2.820380210876465,0.0,0.0,0.0,4.470348358154297e-08,0.0,0.6000000238418579,0.0,0.05600005388259888,0.6000000238418579,-5.960464477539063e-08,-0.055999934673309326,0.6000000238418579,3.520078420639038,6.854534149169922e-07,-5.64076042175293,0.0,0.0,0.0,-3.427267074584961e-07,-4.2026937308037304e-07,-1.9371509552001953e-07,34.67287063598633,34.67287063598633,55.16856002807617,55.16856002807617,0.11794667690992355,0.11794667690992355,0.33168351650238037,0.33168351650238037,0.5503698587417603,0.5503698587417603,0.0,0.0,-3.19177508354187,-3.19177508354187,0.0,0.0,1.0542998313903809,1.0542998313903809,0.0,0.0,-0.08419948071241379,-0.08419948071241379,0.9701002836227417,0.9701002836227417,0.6875313520431519,0.6875313520431519,-0.4086047410964966,-0.4086047410964966,-0.14680534601211548,-0.14680534601211548,-93.22547149658203,-93.22547149658203,-60.28449249267578,-60.28449249267578,-45.28449249267578,-45.28449249267578,25.0,25.0,0.0,0.0,180.0
1,0.004166666666666667,0.05468929198163629,13.077416146760637,-34.54474731740278,0.05468929198163629,13.077416146760637,-34.54474731740278,5.0,-5.0,0.0,0.0,15.0,0,0.5,0.0,0.0,4.0,4.0,4.0,13.077413558959961,13.077415466308594,13.077417373657227,13.07741641998291,0.09119296073913574,0.09215692430734634,5.542169094085693,5.880609512329102,0.17357681691646576,0.17357681691646576,0.0,0.0,nan,nan,23.661972045898438,23.661972045898438,47.323944091796875,0.0,-3.5482778549194336,0.959634006023407,0.0,0.0,0.0,0.959634006023407,0.0,-3.5482778549194336,0.0,0.0,0.0,1.8448281288146973,0.11326973885297775,-3.177255630493164,0.0,0.0,0.0,0.0,-3.5482778549194336,0.959634006023407,0.0,0.0,0.0,0.959634006023407,0.0,-3.5482778549194336,-0.0,-0.0,-0.0,1.8448281288146973,-0.11326901614665985,-3.177255630493164,0.0,0.0,0.0,4.470348358154297e-08,0.0,0.6000000238418579,-1.2665987014770508e-07,0.05600002408027649,0.5999999642372131,-1.4901161193847656e-08,-0.055999964475631714,0.6000000238418579,3.6896562576293945,7.227063179016113e-07,-6.354511260986328,0.0,0.0,0.0,-1.9371509552001953e-07,-8.438047416348127e-07,-1.2665987014770508e-07,34.63703918457031,34.63703918457031,55.12528610229492,55.12528610229492,0.11794667690992355,0.11794667690992355,0.33168351650238037,0.33168351650238037,0.5503698587417603,0.5503698587417603,0.0,0.0,-3.162571907043457,-3.162571907043457,-0.3857057988643646,-0.3857057988643646,1.0436427593231201,1.0436427593231201,0.0,0.0,-0.08400866389274597,-0.08400866389274597,0.959634006023407,0.959634006023407,0.6875313520431519,0.6875313520431519,-0.4075804352760315,-0.4075804352760315,-0.12696640193462372,-0.12696640193462372,-92.77405548095703,-92.77405548095703,-60.105342864990234,-60.105342864990234,-45.06331253051758,-45.06331253051758,24.945220947265625,24.945220947265625,0.0,0.0,180.0
2,0.008333333333333333,0.10877939663585168,12.862103174726665,-68.71101515424297,0.10877939663585168,12.862103174726665,-68.71101515424297,5.0,-5.0,0.0,0.0,15.0,0,0.5,0.0,0.0,4.0,4.0,4.0,12.862104415893555,12.862102508544922,12.862103462219238,12.862103462219238,0.14317482709884644,0.1441907435655594,4.898515224456787,5.253173828125,0.1707189679145813,0.1707189679145813,0.0,0.0,nan,nan,22.019763946533203,22.019763946533203,44.039527893066406,0.0,-3.340590000152588,0.9608744978904724,0.0,0.0,0.0,0.9608744978904724,0.0,-3.340590000152588,0.0,0.0,0.0,1.792528510093689,-0.07402873039245605,-2.9772777557373047,0.0,0.0,0.0,0.0,-3.340590000152588,0.9608744978904724,0.0,0.0,0.0,0.9608744978904724,0.0,-3.340590000152588,-0.0,-0.0,-0.0,1.7925286293029785,0.07402940839529037,-2.9772777557373047,0.0,0.0,0.0,4.470348358154297e-08,0.0,0.6000000238418579,-8.940696716308594e-08,0.05600005388259888,0.5999999642372131,1.4901161193847656e-08,-0.055999964475631714,0.6000000238418579,3.585057258605957,6.780028343200684e-07,-5.954555511474609,0.0,0.0,0.0,-2.682209014892578e-07,-5.948568855274061e-07,-1.4901161193847656e-07,34.50687026977539,34.50687026977539,54.97015380859375,54.97015380859375,0.11794667690992355,0.11794667690992355,0.33168351650238037,0.33168351650238037,0.5503698587417603,0.5503698587417603,0.0,0.0,-3.2993273735046387,-3.2993273735046387,-0.04126247018575668,-0.04126247018575668,1.0443220138549805,1.0443220138549805,0.0,0.0,-0.08344756811857224,-0.08344756811857224,0.9608744978904724,0.9608744978904724,0.6875313520431519,0.6875313520431519,-0.4163326621055603,-0.4163326621055603,-0.11711011826992035,-0.11711011826992035,-91.33904266357422,-91.33904266357422,-59.35974884033203,-59.35974884033203,-44.276145935058594,-44.276145935058594,24.781476974487305,24.781476974487305,0.0,0.0,180.0
3,0.0125,0.16167769145697247,12.505870308742256,-102.12447073034897,0.16167769145697247,12.505870308742256,-102.12447073034897,5.0,-5.0,0.0,0.0,15.0,0,0.5,0.0,0.0,4.0,4.0,4.0,12.505867004394531,12.505868911743164,12.50586986541748,12.50586986541748,0.1935575008392334,0.19461442530155182,4.1963043212890625,4.563189506530762,0.1659906804561615,0.1659906804561615,0.0,0.0,nan,nan,19.73407745361328,19.73407745361328,39.46815490722656,0.0,-3.0477731227874756,0.929520308971405,0.0,0.0,0.0,0.929520308971405,0.0,-3.0477731227874756,0.0,0.0,0.0,1.6844470500946045,-0.22855328023433685,-2.695056676864624,0.0,0.0,0.0,0.0,-3.0477731227874756,0.929520308971405,0.0,0.0,0.0,0.929520308971405,0.0,-3.0477731227874756,-0.0,-0.0,-0.0,1.6844474077224731,0.2285538911819458,-2.695056438446045,0.0,0.0,0.0,4.470348358154297e-08,0.0,0.6000000238418579,-1.341104507446289e-07,0.05600002408027649,0.5999999642372131,-1.4901161193847656e-08,-0.05599990487098694,0.5999999642372131,3.368894577026367,6.109476089477539e-07,-5.39011287689209,0.0,0.0,0.0,-3.2782554626464844e-07,-8.433532912022201e-07,-1.564621925354004e-07,34.27505874633789,34.275062561035156,54.68935775756836,54.689361572265625,0.11794667690992355,0.11794667690992355,0.34582775831222534,0.34582775831222534,0.5362256169319153,0.5362256169319153,0.0,0.0,-3.3539724349975586,-3.3539724349975586,0.3061996400356293,0.3061996400356293,1.0120697021484375,1.0120697021484375,0.0,0.0,-0.08254943788051605,-0.08254943788051605,0.929520308971405,0.929520308971405,0.6875313520431519,0.6875313520431519,-0.42186641693115234,-0.42186641693115234,-0.10444542020559311,-0.10444542020559311,-88.93122863769531,-88.93122863769531,-58.04961395263672,-58.04961395263672,-42.925357818603516,-42.925357818603516,24.51056671142578,24.51056671142578,0.0,0.0,180.0
4,0.016666666666666666,0.21280461165725864,12.012620510633662,-134.41902923421384,0.21280461165725864,12.012620510633662,-134.41902923421384,5.0,-5.0,0.0,0.0,15.0,0,0.5,0.0,0.0,4.0,4.0,4.0,12.012622833251953,12.01262092590332,12.01262092590332,12.01262092590332,0.24178996682167053,0.24287661910057068,3.443376064300537,3.818385124206543,0.15944376587867737,0.15944376587867737,0.0,0.0,nan,nan,16.918792724609375,16.918792724609375,33.83758544921875,0.0,-2.6744585037231445,0.8680248260498047,0.0,0.0,0.0,0.8680248260498047,0.0,-2.6744585037231445,0.0,0.0,0.0,1.5251439809799194,-0.3365868926048279,-2.338127613067627,0.0,0.0,0.0,0.0,-2.6744585037231445,0.8680248260498047,0.0,0.0,0.0,0.8680248260498047,0.0,-2.6744585037231445,-0.0,-0.0,-0.0,1.5251439809799194,0.33658748865127563,-2.338127374649048,0.0,0.0,0.0,4.470348358154297e-08,0.0,0.6000000238418579,-1.4901161193847656e-08,0.05600005388259888,0.5999999642372131,-8.940696716308594e-08,-0.055999964475631714,0.6000000238418579,3.050287961959839,5.960464477539062e-07,-4.676255226135254,0.0,0.0,0.0,-2.5331974029541016e-07,-5.43836222277605e-07,-1.564621925354004e-07,33.929054260253906,33.929054260253906,54.25863265991211,54.25863265991211,0.11794667690992355,0.11794667690992355,0.34582775831222534,0.34582775831222534,0.5362256169319153,0.5362256169319153,0.0,0.0,-3.3283002376556396,-3.3283002376556396,0.6538419723510742,0.6538419723510742,0.9493916630744934,0.9493916630744934,0.0,0.0,-0.0813668966293335,-0.0813668966293335,0.8680248260498047,0.8680248260498047,0.6875313520431519,0.6875313520431519,-0.4241059124469757,-0.4241059124469757,-0.08909580856561661,-0.08909580856561661,-85.56938934326172,-85.56938934326172,-56.185123443603516,-56.185123443603516,-41.021575927734375,-41.021575927734375,24.135456085205078,24.135456085205078,0.0,0.0,180.0
5,0.020833333333333332,0.26159999999999994,11.387757928408114,-165.24086472479843,0.26159999999999994,11.387757928408114,-165.24086472479843,5.0,-5.0,0.0,0.0,15.0,0,0.5,0.0,0.0,4.0,4.0,4.0,11.38775634765625,11.387758255004883,11.387758255004883,11.387758255004883,0.2873462736606598,0.2884508967399597,2.648386240005493,3.0273144245147705,0.1511499434709549,0.1511499434709549,0.0,0.0,nan,nan,13.72516918182373,13.72516918182373,27.45033836364746,0.0,-2.228184700012207,0.7810051441192627,0.0,0.0,0.0,0.7810051441192627,0.0,-2.228184700012207,0.0,0.0,0.0,1.3222825527191162,-0.38790759444236755,-1.917256474494934,0.0,0.0,0.0,0.0,-2.228184700012207,0.7810051441192627,0.0,0.0,0.0,0.7810051441192627,0.0,-2.228184700012207,-0.0,-0.0,-0.0,1.3222825527191162,0.38790807127952576,-1.917256474494934,0.0,0.0,0.0,4.470348358154297e-08,0.0,0.6000000238418579,-1.2665987014770508e-07,0.05600002408027649,0.5999999642372131,2.9802322387695312e-08,-0.055999964475631714,0.6000000238418579,2.6445651054382324,4.76837158203125e-07,-3.834512948989868,0.0,0.0,0.0,-1.4156103134155273e-07,-4.3593101395345e-07,-2.2351741790771484e-08,33.45112609863281,33.45112228393555,53.641597747802734,53.641597747802734,0.11794667690992355,0.11794667690992355,0.3599705994129181,0.3599705994129181,0.5220827460289001,0.5220827460289001,0.0,0.0,-3.226665496826172,-3.226665496826172,0.998481035232544,0.998481035232544,0.8609734773635864,0.8609734773635864,0.0,0.0,-0.07996834814548492,-0.07996834814548492,0.7810051441192627,0.7810051441192627,0.6875313520431519,0.6875313520431519,-0.42299923300743103,-0.42299923300743103,-0.07120217382907867,-0.07120217382907867,-81.2807846069336,-81.2807846069336,-53.78126907348633,-53.78126907348633,-38.580223083496094,-38.580223083496094,23.660253524780273,23.660253524780273,0.0,0.0,180.0
6,0.025,0.30752924399942194,10.638128687277376,-194.25228672258416,0.30752924399942194,10.638128687277376,-194.25228672258416,5.0,-5.0,0.0,0.0,15.0,0,0.5,0.0,0.0,4.0,4.0,4.0,10.638126373291016,10.638126373291016,10.638128280639648,10.638128280639648,0.32973089814186096,0.3308415710926056,1.8206133842468262,2.199239730834961,0.14120009541511536,0.14120009541511536,0.0,0.0,nan,nan,10.33301830291748,10.33301830291748,20.66603660583496,0.0,-1.7190345525741577,0.6747884750366211,0.0,0.0,0.0,0.6747884750366211,0.0,-1.7190345525741577,0.0,0.0,0.0,1.0859016180038452,-0.376674085855484,-1.4454596042633057,0.0,0.0,0.0,0.0,-1.7190345525741577,0.6747884750366211,0.0,0.0,0.0,0.6747884750366211,0.0,-1.7190345525741577,-0.0,-0.0,-0.0,1.0859016180038452,0.3766743838787079,-1.4454596042633057,0.0,0.0,0.0,4.470348358154297e-08,0.0,0.6000000238418579,-1.043081283569336e-07,0.05600002408027649,0.5999999642372131,0.0,-0.055999934673309326,0.6000000238418579,2.1718032360076904,2.980232238769531e-07,-2.8909192085266113,0.0,0.0,0.0,-1.564621925354004e-07,-3.447321432759054e-07,-5.960464477539063e-08,32.81843185424805,32.81843185424805,52.78731918334961,52.78731918334961,0.11794667690992355,0.11794667690992355,0.3882598280906677,0.3882598280906677,0.4937935173511505,0.4937935173511505,0.0,0.0,-3.0555949211120605,-3.0555949211120605,1.3365604877471924,1.3365604877471924,0.7532216906547546,0.7532216906547546,0.0,0.0,-0.07843320816755295,-0.07843320816755295,0.6747884750366211,0.6747884750366211,0.6875313520431519,0.6875313520431519,-0.4185221195220947,-0.4185221195220947,-0.05092410370707512,-0.05092410370707512,-76.1016845703125,-76.1016845703125,-50.858245849609375,-50.858245849609375,-35.62189865112305,-35.62189865112305,23.09016990661621,23.09016990661621,0.0,0.0,180.0
7,0.029166666666666667,0.3500891332469546,9.771945882077281,-221.1354400171329,0.3500891332469546,9.771945882077281,-221.1354400171329,5.0,-5.0,0.0,0.0,15.0,0,0.5,0.0,0.0,4.0,4.0,4.0,9.77194595336914,9.771944046020508,9.77194595336914,9.77194595336914,0.36848390102386475,0.36958861351013184,0.9698535203933716,1.3439693450927734,0.12970323860645294,0.12970323860645294,0.0,0.0,nan,nan,6.938737392425537,6.938737392425537,13.877474784851074,0.0,-1.159053087234497,0.5568212866783142,0.0,0.0,0.0,0.5568212866783142,0.0,-1.159053087234497,0.0,0.0,0.0,0.8274807929992676,-0.30185675621032715,-0.9368094801902771,0.0,0.0,0.0,0.0,-1.159053087234497,0.5568212866783142,0.0,0.0,0.0,0.5568212866783142,0.0,-1.159053087234497,-0.0,-0.0,-0.0,0.8274807333946228,0.3018568754196167,-0.9368094205856323,0.0,0.0,0.0,4.470348358154297e-08,0.0,0.6000000238418579,-7.450580596923828e-08,0.05600005388259888,0.5999999642372131,-7.450580596923828e-08,-0.055999934673309326,0.6000000238418579,1.6549615859985352,1.1920928955078125e-07,-1.8736188411712646,0.0,0.0,0.0,-1.341104507446289e-07,-2.726744696701644e-07,-1.0058283805847168e-07,32.003082275390625,32.003082275390625,51.626708984375,51.626705169677734,0.11794667690992355,0.11794667690992355,0.4165618121623993,0.4165618121623993,0.46549156308174133,0.46549156308174133,0.0,0.0,-2.823221206665039,-2.823221206665039,1.6641682386398315,1.6641682386398315,0.6336681842803955,0.6336681842803955,0.0,0.0,-0.0768468976020813,-0.0768468976020813,0.5568212866783142,0.5568212866783142,0.6875313520431519,0.6875313520431519,-0.41068142652511597,-0.41068142652511597,-0.028441643342375755,-0.028441643342375755,-70.07818603515625,-70.07818603515625,-47.441864013671875,-47.441864013671875,-32.17280578613281,-32.17280578613281,22.431447982788086,22.431447982788086,0.0,0.0,180.0
8,0.03333333333333333,0.3888133726897726,8.798699592882008,-245.5957871552881,0.3888133726897726,8.798699592882008,-245.5957871552881,5.0,-5.0,0.0,0.0,15.0,0,0.5,0.0,0.0,4.0,4.0,4.0,8.798697471618652,8.798700332641602,8.798699378967285,8.798699378967285,0.4031856954097748,0.4042724668979645,0.10621678829193115,0.4716775417327881,0.11678532510995865,0.11678532510995865,0.0,0.0,nan,nan,3.7410473823547363,3.7410473823547363,7.482094764709473,0.0,-0.5614643096923828,0.4350121021270752,0.0,0.0,0.0,0.4350121021270752,0.0,-0.5614643096923828,0.0,0.0,0.0,0.5589218735694885,-0.16710157692432404,-0.40516796708106995,0.0,0.0,0.0,0.0,-0.5614643096923828,0.4350121021270752,0.0,0.0,0.0,0.4350121021270752,0.0,-0.5614643096923828,-0.0,-0.0,-0.0,0.5589218735694885,0.1671016812324524,-0.40516793727874756,0.0,0.0,0.0,4.470348358154297e-08,0.0,0.6000000238418579,-1.1920928955078125e-07,0.0559999942779541,0.5999999642372131,7.450580596923828e-08,-0.0559999942779541,0.6000000238418579,1.117843747138977,1.043081283569336e-07,-0.8103358745574951,0.0,0.0,0.0,-1.1175870895385742e-08,-8.765159975610004e-08,2.9802322387695312e-08,30.97215461730957,30.97215461730957,50.06764221191406,50.06764221191406,0.11794667690992355,0.11794667690992355,0.45904016494750977,0.45904016494750977,0.42301318049430847,0.42301318049430847,0.0,0.0,-2.5385632514953613,-2.5385632514953613,1.9770989418029785,1.9770989418029785,0.510308027267456,0.510308027267456,0.0,0.0,-0.07529588043689728,-0.07529588043689728,0.4350121021270752,0.4350121021270752,0.6875313520431519,0.6875313520431519,-0.39951926469802856,-0.39951926469802856,-0.003957314416766167,-0.003957314416766167,-63.26660919189453,-63.26660919189453,-43.56381607055664,-43.56381607055664,-28.265003204345703,-28.265003204345703,21.691307067871094,21.691307067871094,0.0,0.0,180.0
9,0.0375,0.4232776914569725,7.729052909700856,-267.36533545514743,0.4232776914569725,7.729052909700856,-267.36533545514743,5.0,-5.0,0.0,0.0,15.0,0,0.5,0.0,0.0,4.0,4.0,4.0,7.729053020477295,7.729052543640137,7.729052543640137,7.729053020477295,0.43346092104911804,0.43451786041259766,-0.7600602507591248,-0.4072924852371216,0.10258787870407104,0.10258787870407104,0.0,0.0,nan,nan,0.9259294271469116,0.9259294271469116,1.8518588542938232,0.0,0.06025876849889755,0.3170948326587677,0.0,0.0,0.0,0.3170948326587677,0.0,0.06025876849889755,0.0,0.0,0.0,0.2915695607662201,0.019905680790543556,0.13700810074806213,0.0,0.0,0.0,0.0,0.06025876849889755,0.3170948326587677,0.0,0.0,0.0,0.3170948326587677,0.0,0.06025876849889755,-0.0,-0.0,-0.0,0.2915695607662201,-0.01990569941699505,0.13700811564922333,0.0,0.0,0.0,4.470348358154297e-08,0.0,0.6000000238418579,-4.470348358154297e-08,0.05600005388259888,0.5999999642372131,-5.960464477539063e-08,-0.055999964475631714,0.5999999642372131,0.5831391215324402,-1.862645149230957e-08,0.27401620149612427,0.0,0.0,0.0,1.1175870895385742e-08,-8.217261537879494e-09,-2.60770320892334e-08,29.688247680664062,29.68825340270996,47.989009857177734,47.98902130126953,0.11794667690992355,0.11794667690992355,0.5015096664428711,0.5015096664428711,0.38054367899894714,0.38054367899894714,0.0,0.0,-2.2106995582580566,-2.2106995582580566,2.270958185195923,2.270958185195923,0.3909580409526825,0.3909580409526825,0.0,0.0,-0.07386322319507599,-0.07386322319507599,0.3170948326587677,0.3170948326587677,0.6875313520431519,0.6875313520431519,-0.3851169943809509,-0.3851169943809509,0.02230161242187023,0.02230161242187023,-55.73393630981445,-55.73393630981445,-39.261966705322266,-39.261966705322266,-23.936664581298828,-23.936664581298828,20.877853393554688,20.877853393554688,0.0,0.0,180.0
10,0.041666666666666664,0.4531044912600183,6.574725105432721,-286.20557318996674,0.4531044912600183,6.574725105432721,-286.20557318996674,5.0,-5.0,0.0,0.0,15.0,0,0.5,0.0,0.0,4.0,4.0,4.0,6.574724197387695,6.5747246742248535,6.574725151062012,6.574725151062012,0.45898184180259705,0.4599974751472473,-1.6188337802886963,-1.2826377153396606,0.0872664600610733,0.0872664600610733,0.0,0.0,nan,nan,-1.3474327325820923,-1.3474327325820923,-2.6948654651641846,0.0,0.6934417486190796,0.2100943773984909,0.0,0.0,0.0,0.2100943773984909,0.0,0.6934417486190796,0.0,0.0,0.0,0.03537857159972191,0.24848680198192596,0.6797086000442505,0.0,0.0,0.0,0.0,0.6934417486190796,0.2100943773984909,0.0,0.0,0.0,0.2100943773984909,0.0,0.6934417486190796,-0.0,-0.0,-0.0,0.03537857532501221,-0.24848689138889313,0.6797085404396057,0.0,0.0,0.0,4.470348358154297e-08,0.0,0.6000000238418579,-9.685754776000977e-08,0.05600002408027649,0.5999999642372131,-8.940696716308594e-08,-0.055999934673309326,0.6000000238418579,0.07075715065002441,-8.940696716308594e-08,1.359417200088501,0.0,0.0,0.0,7.82310962677002e-08,1.85267538199696e-07,-4.889443516731262e-09,28.110885620117188,28.110885620117188,45.23462677001953,45.23462677001953,0.11794667690992355,0.11794667690992355,0.5859286785125732,0.5859286785125732,0.296124666929245,0.296124666929245,0.0,0.0,-1.8478643894195557,-1.8478643894195557,2.541306257247925,2.541306257247925,0.2827192544937134,0.2827192544937134,0.0,0.0,-0.07262490689754486,-0.07262490689754486,0.2100943773984909,0.2100943773984909,0.6875313520431519,0.6875313520431519,-0.3675980567932129,-0.3675980567932129,0.05008181929588318,0.05008181929588318,-47.5577392578125,-47.5577392578125,-34.5803108215332,-34.5803108215332,-19.232088088989258,-19.232088088989258,20.0,20.0,0.0,0.0,180.0
11,0.04583333333333333,0.4779669834386088,5.348363237059784,-301.9100827725502,0.4779669834386088,5.348363237059784,-301.9100827725502,5.0,-5.0,0.0,0.0,15.0,0,0.5,0.0,0.0,4.0,4.0,4.0,5.348362922668457,5.348362445831299,5.348363399505615,5.348363399505615,0.47947171330451965,0.4804348647594452,-2.460256338119507,-2.1443209648132324,0.07098893821239471,0.07098893821239471,0.0,0.0,nan,nan,-2.957315444946289,-2.957315444946289,-5.914630889892578,0.0,1.3272591829299927,0.11998675763607025,0.0,0.0,0.0,0.11998675763607025,0.0,1.3272591829299927,0.0,0.0,0.0,-0.2016494870185852,0.506264865398407,1.216160774230957,0.0,0.0,0.0,0.0,1.3272591829299927,0.11998675763607025,0.0,0.0,0.0,0.11998675763607025,0.0,1.3272591829299927,-0.0,-0.0,-0.0,-0.20164936780929565,-0.5062651634216309,1.216160774230957,0.0,0.0,0.0,4.470348358154297e-08,0.0,0.6000000238418579,-6.705522537231445e-08,0.0559999942779541,0.6000000238418579,-3.725290298461914e-08,-0.055999934673309326,0.6000000238418579,-0.40329885482788086,-2.980232238769531e-07,2.432321548461914,0.0,0.0,0.0,7.450580596923828e-08,2.3558871475870546e-07,3.725290298461914e-09,26.19974136352539,26.199739456176758,41.61005401611328,41.61005401611328,0.11794667690992355,0.11794667690992355,0.6943473815917969,0.6943473815917969,0.18770600855350494,0.18770600855350494,0.0,0.0,-1.4565637111663818,-1.4565637111663818,2.783823013305664,2.783823013305664,0.19163408875465393,0.19163408875465393,0.0,0.0,-0.07164733111858368,-0.07164733111858368,0.11998675763607025,0.11998675763607025,0.6875313520431519,0.6875313520431519,-0.3471300005912781,-0.3471300005912781,0.07910328358411789,0.07910328358411789,-38.82585906982422,-38.82585906982422,-29.568832397460938,-29.568832397460938,-14.201499938964844,-14.201499938964844,19.067367553710938,19.067367553710938,0.0,0.0,180.0
12,0.05,0.49759276932562435,4.063403581844657,-314.30680230953107,0.49759276932562435,4.063403581844657,-314.30680230953107,5.0,-5.0,0.0,0.0,15.0,0,0.5,0.0,0.0,4.0,4.0,4.0,4.063404083251953,4.063401699066162,4.063403606414795,4.063403606414795,0.4947068691253662,0.49560707807540894,-3.2749717235565186,-2.9827632904052734,0.05393363907933235,0.05393363907933235,0.0,0.0,nan,nan,-3.8247807025909424,-3.8247807025909424,-7.649561405181885,0.0,1.9536712169647217,0.051612477749586105,0.0,0.0,0.0,0.051612477749586105,0.0,1.9536712169647217,0.0,0.0,0.0,-0.41368845105171204,0.7804991602897644,1.7433239221572876,0.0,0.0,0.0,0.0,1.9536712169647217,0.051612477749586105,0.0,0.0,0.0,0.051612477749586105,0.0,1.9536712169647217,-0.0,-0.0,-0.0,-0.4136883020401001,-0.7804991602897644,1.743323802947998,0.0,0.0,0.0,4.470348358154297e-08,0.0,0.6000000238418579,2.2351741790771484e-08,0.05600005388259888,0.6000000238418579,-4.470348358154297e-08,-0.055999964475631714,0.6000000238418579,-0.8273767232894897,0.0,3.486647605895996,0.0,0.0,0.0,1.6391277313232422e-07,1.9483161395328352e-07,9.872019290924072e-08,23.921432495117188,23.921432495117188,36.89210510253906,36.89210510253906,0.11794667690992355,0.11794667690992355,0.8524252772331238,0.8524252772331238,0.029628142714500427,0.029628142714500427,0.0,0.0,-1.0408191680908203,-1.0408191680908203,2.994490623474121,2.994490623474121,0.12259799987077713,0.12259799987077713,0.0,0.0,-0.07098551839590073,-0.07098551839590073,0.051612477749586105,0.051612477749586105,0.6875313520431519,0.6875313520431519,-0.3239253759384155,-0.3239253759384155,0.10905972868204117,0.10905972868204117,-29.635650634765625,-29.635650634765625,-24.283130645751953,-24.283130645751953,-8.900716781616211,-8.900716781616211,18.090171813964844,18.090171813964844,0.0,0.0,180.0
13,0.05416666666666667,0.5117668247039271,2.733924426664974,-323.2599107474819,0.5117668247039271,2.733924426664974,-323.2599107474819,5.0,-5.0,0.0,0.0,15.0,0,0.5,0.0,0.0,4.0,4.0,4.0,2.7339236736297607,2.7339231967926025,2.733924388885498,2.733924388885498,0.5045189261436462,0.5053463578224182,-4.054283618927002,-3.7890141010284424,0.03628743439912796,0.03628743439912796,0.0,0.0,nan,nan,-3.9124815464019775,-3.9124815464019775,-7.824963092803955,0.0,2.5680761337280273,0.008859370835125446,0.0,0.0,0.0,0.008859370835125446,0.0,2.5680761337280273,0.0,0.0,0.0,-0.5969381332397461,1.059220552444458,2.2620365619659424,0.0,0.0,0.0,0.0,2.5680761337280273,0.008859370835125446,0.0,0.0,0.0,0.008859370835125446,0.0,2.5680761337280273,-0.0,-0.0,-0.0,-0.5969380140304565,-1.0592212677001953,2.2620363235473633,0.0,0.0,0.0,4.470348358154297e-08,0.0,0.6000000238418579,-8.940696716308594e-08,0.05600002408027649,0.5999999642372131,-6.705522537231445e-08,-0.055999964475631714,0.6000000238418579,-1.1938761472702026,-7.152557373046875e-07,4.524072647094727,0.0,0.0,0.0,2.086162567138672e-07,5.917453336223844e-07,1.862645149230957e-08,21.262304306030273,21.262296676635742,30.87116050720215,30.87116050720215,0.11794667690992355,0.11794667690992355,0.8820533156394958,0.8820533156394958,0.0,0.0,0.0,0.0,-0.6016952395439148,-0.6016952395439148,3.169771671295166,3.169771671295166,0.0795416608452797,0.0795416608452797,0.0,0.0,-0.07068228721618652,-0.07068228721618652,0.008859370835125446,0.008859370835125446,0.6875313520431519,0.6875313520431519,-0.2982402741909027,-0.2982402741909027,0.1396210938692093,0.1396210938692093,-20.09270668029785,-20.09270668029785,-18.7836856842041,-18.7836856842041,-3.390378713607788,-3.390378713607788,17.079116821289062,17.079116821289062,0.0,0.0,180.0
14,0.058333333333333334,0.5203338556566806,1.374491823356286,-328.671315956798,0.5203338556566806,1.374491823356286,-328.671315956798,5.0,-5.0,0.0,0.0,15.0,0,0.5,0.0,0.0,4.0,4.0,4.0,1.374491810798645,1.374491810798645,1.3744919300079346,1.3744919300079346,0.5087963938713074,0.5095419883728027,-4.790268421173096,-4.554867267608643,0.018243659287691116,0.018243659287691116,0.0,0.0,nan,nan,-3.2174181938171387,-3.2174181938171387,-6.434836387634277,0.0,3.1694860458374023,-0.0049437955021858215,0.0,0.0,0.0,-0.0049437955021858215,0.0,3.1694860458374023,0.0,0.0,0.0,-0.7491441965103149,1.331964135169983,2.7767465114593506,0.0,0.0,0.0,0.0,3.1694860458374023,-0.0049437955021858215,0.0,0.0,0.0,-0.0049437955021858215,0.0,3.1694860458374023,-0.0,-0.0,-0.0,-0.7491441965103149,-1.3319644927978516,2.7767465114593506,0.0,0.0,0.0,4.470348358154297e-08,0.0,0.6000000238418579,-3.725290298461914e-08,0.05600002408027649,0.5999999642372131,-1.4901161193847656e-08,-0.055999964475631714,0.6000000238418579,-1.4982883930206299,-3.5762786865234375e-07,5.553493022918701,0.0,0.0,0.0,2.5331974029541016e-07,4.3773155766757554e-07,1.4901161193847656e-08,18.250926971435547,18.250926971435547,23.46627426147461,23.46627426147461,0.11794667690992355,0.11794667690992355,0.8820533156394958,0.8820533156394958,0.0,0.0,0.0,0.0,-0.13728201389312744,-0.13728201389312744,3.3067679405212402,3.3067679405212402,0.06582416594028473,0.06582416594028473,0.0,0.0,-0.07076795399188995,-0.07076795399188995,-0.0049437955021858215,-0.0049437955021858215,0.6875313520431519,0.6875313520431519,-0.2703714966773987,-0.2703714966773987,0.17043715715408325,0.17043715715408325,-10.309233665466309,-10.309233665466309,-13.134974479675293,-13.134974479675293,2.2649168968200684,2.2649168968200684,16.045286178588867,16.045286178588867,0.0,0.0,180.0
15,0.0625,0.5232,8.051716055641924e-16,-330.4817294495969,0.5232,8.051716055641924e-16,-330.4817294495969,5.0,-5.0,0.0,0.0,15.0,0,0.5,0.0,0.0,4.0,4.0,4.0,8.051714672702495e-16,8.051713084515719e-16,8.051716790284864e-16,8.051716790284864e-16,0.507486879825592,0.5081425309181213,-5.475809097290039,-5.272894859313965,1.0687059363260585e-17,1.0687059363260585e-17,0.0,0.0,nan,nan,-1.7601532936096191,-1.7601532936096191,-3.5203065872192383,0.0,3.760092258453369,0.013430955819785595,0.0,0.0,0.0,0.013430955819785595,0.0,3.760092258453369,0.0,0.0,0.0,-0.868926465511322,1.5899357795715332,3.2947752475738525,0.0,0.0,0.0,0.0,3.760092258453369,0.013430955819785595,0.0,0.0,0.0,0.013430955819785595,0.0,3.760092258453369,-0.0,-0.0,-0.0,-0.8689263463020325,-1.589936375617981,3.2947750091552734,0.0,0.0,0.0,4.470348358154297e-08,0.0,0.6000000238418579,-1.4156103134155273e-07,0.05600002408027649,0.5999999642372131,-5.960464477539063e-08,-0.055999934673309326,0.6000000238418579,-1.7378528118133545,-5.960464477539062e-07,6.589550018310547,0.0,0.0,0.0,4.023313522338867e-07,1.0091636113429558e-06,-4.470348358154297e-08,14.99998950958252,14.99998950958252,14.999988555908203,14.999988555908203,1.0,1.0,0.0,0.0,0.0,0.0,0.0,0.0,0.35674142837524414,0.35674142837524414,3.403350830078125,3.403350830078125,0.08469101041555405,0.08469101041555405,0.0,0.0,-0.07126004993915558,-0.07126004993915558,0.013430955819785595,0.013430955819785595,0.6875313520431519,0.6875313520431519,-0.24065180122852325,-0.24065180122852325,0.20114286243915558,0.20114286243915558,-0.40209388732910156,-0.40209388732910156,-7.404346942901611,-7.404346942901611,7.997747898101807,7.997747898101807,15.000000953674316,15.000000953674316,0.0,0.0,180.0
16,0.06666666666666667,0.5203338556566807,-1.3744918233562844,-328.6713159567981,0.5203338556566807,-1.3744918233562844,-328.6713159567981,5.0,-5.0,0.0,0.0,15.0,0,0.5,0.0,0.0,4.0,4.0,4.0,1.374491810798645,1.374491810798645,1.3744919300079346,1.3744919300079346,0.5005970597267151,0.5011558532714844,-6.104563236236572,-5.936422348022461,-0.018243659287691116,-0.018243659287691116,0.0,0.0,nan,nan,0.42551466822624207,0.42551466822624207,0.8510293364524841,0.0,4.344228744506836,0.06742891669273376,0.0,0.0,0.0,0.06742891669273376,0.0,4.344228744506836,0.0,0.0,0.0,-0.9551313519477844,1.825645089149475,3.825129508972168,0.0,0.0,0.0,0.0,4.344228744506836,0.06742891669273376,0.0,0.0,0.0,0.06742891669273376,0.0,4.344228744506836,-0.0,-0.0,-0.0,-0.9551313519477844,-1.8256455659866333,3.825129270553589,0.0,0.0,0.0,4.470348358154297e-08,0.0,0.6000000238418579,-3.725290298461914e-08,0.05600002408027649,0.5999999642372131,-1.4901161193847656e-08,-0.055999964475631714,0.6000000238418579,-1.9102627038955688,-4.76837158203125e-07,7.650259017944336,0.0,0.0,0.0,3.5762786865234375e-07,5.984195468045073e-07,1.4901161193847656e-08,11.839410781860352,11.839410781860352,15.893213272094727,15.893213272094727,0.8820533156394958,0.8820533156394958,0.11794667690992355,0.11794667690992355,0.0,0.0,0.0,0.0,0.8859835267066956,0.8859835267066956,3.458245277404785,3.458245277404785,0.13959217071533203,0.13959217071533203,0.0,0.0,-0.07216325402259827,-0.07216325402259827,0.06742891669273376,0.06742891669273376,0.6875313520431519,0.6875313520431519,-0.20944349467754364,-0.20944349467754364,0.2313651740550995,0.2313651740550995,9.509451866149902,9.509451866149902,-1.6607481241226196,-1.6607481241226196,13.739143371582031,13.739143371582031,13.954715728759766,13.954715728759766,0.0,0.0,180.0
17,0.07083333333333333,0.5117668247039271,-2.7339244266649727,-323.2599107474819,0.5117668247039271,-2.7339244266649727,-323.2599107474819,5.0,-5.0,0.0,0.0,15.0,0,0.5,0.0,0.0,4.0,4.0,4.0,2.7339236736297607,2.7339231967926025,2.733924388885498,2.733924388885498,0.4881949722766876,0.4886508584022522,-6.670886039733887,-6.5394487380981445,-0.03628743439912796,-0.03628743439912796,0.0,0.0,nan,nan,3.2985029220581055,3.2985029220581055,6.597005844116211,0.0,4.926915168762207,0.16070625185966492,0.0,0.0,0.0,0.16070625185966492,0.0,4.926915168762207,0.0,0.0,0.0,-1.006427526473999,2.032140016555786,4.3769659996032715,0.0,0.0,0.0,0.0,4.926915168762207,0.16070625185966492,0.0,0.0,0.0,0.16070625185966492,0.0,4.926915168762207,-0.0,-0.0,-0.0,-1.00642728805542,-2.0321412086486816,4.376965522766113,0.0,0.0,0.0,4.470348358154297e-08,0.0,0.6000000238418579,-8.940696716308594e-08,0.05600002408027649,0.5999999642372131,-6.705522537231445e-08,-0.055999964475631714,0.6000000238418579,-2.012854814529419,-1.1920928955078125e-06,8.753931045532227,0.0,0.0,0.0,4.023313522338867e-07,1.1361486258465447e-06,2.9802322387695312e-08,9.949695587158203,9.949694633483887,16.791915893554688,16.791893005371094,0.8820533156394958,0.8820533156394958,0.11794667690992355,0.11794667690992355,0.0,0.0,0.0,0.0,1.4558489322662354,1.4558489322662354,3.471066474914551,3.471066474914551,0.23417508602142334,0.23417508602142334,0.0,0.0,-0.07346884906291962,-0.07346884906291962,0.16070625185966492,0.16070625185966492,0.6875313520431519,0.6875313520431519,-0.17713092267513275,-0.17713092267513275,0.26073044538497925,0.26073044538497925,19.30609130859375,19.30609130859375,4.026639938354492,4.026639938354492,19.419946670532227,19.419946670532227,12.920884132385254,12.920884132385254,0.0,0.0,180.0
18,0.075,0.4975927693256244,-4.063403581844655,-314.3068023095311,0.4975927693256244,-4.063403581844655,-314.3068023095311,5.0,-5.0,0.0,0.0,15.0,0,0.5,0.0,0.0,4.0,4.0,4.0,4.063404083251953,4.063401699066162,4.063403606414795,4.063403606414795,0.4704091548919678,0.470757395029068,-7.169713973999023,-7.076537609100342,-0.05393363907933235,-0.05393363907933235,0.0,0.0,nan,nan,6.810070991516113,6.810070991516113,13.620141983032227,0.0,5.5123138427734375,0.2967248558998108,0.0,0.0,0.0,0.2967248558998108,0.0,5.5123138427734375,0.0,0.0,0.0,-1.0212775468826294,2.202190399169922,4.95792293548584,0.0,0.0,0.0,0.0,5.5123138427734375,0.2967248558998108,0.0,0.0,0.0,0.2967248558998108,0.0,5.5123138427734375,-0.0,-0.0,-0.0,-1.0212771892547607,-2.202190399169922,4.957922458648682,0.0,0.0,0.0,4.470348358154297e-08,0.0,0.6000000238418579,2.2351741790771484e-08,0.05600005388259888,0.6000000238418579,-4.470348358154297e-08,-0.055999964475631714,0.6000000238418579,-2.0425548553466797,0.0,9.91584587097168,0.0,0.0,0.0,4.76837158203125e-07,5.54091059257189e-07,2.60770320892334e-07,10.287637710571289,10.287635803222656,17.6888484954834,17.6888484954834,0.8698575496673584,0.8698575496673584,0.1301424354314804,0.1301424354314804,0.0,0.0,0.0,0.0,2.070012092590332,2.070012092590332,3.4423022270202637,3.4423022270202637,0.371878981590271,0.371878981590271,0.0,0.0,-0.07515415549278259,-0.07515415549278259,0.2967248558998108,0.2967248558998108,0.6875313520431519,0.6875313520431519,-0.14411206543445587,-0.14411206543445587,0.28887301683425903,0.28887301683425903,28.870824813842773,28.870824813842773,9.589773178100586,9.589773178100586,24.972187042236328,24.972187042236328,11.909831047058105,11.909831047058105,0.0,0.0,180.0
19,0.07916666666666666,0.47796698343860883,-5.34836323705978,-301.91008277255025,0.47796698343860883,-5.34836323705978,-301.91008277255025,5.0,-5.0,0.0,0.0,15.0,0,0.5,0.0,0.0,4.0,4.0,4.0,5.348362922668457,5.348362445831299,5.348363399505615,5.348363399505615,0.44742870330810547,0.4476659595966339,-7.596513748168945,-7.542740345001221,-0.07098893821239471,-0.07098893821239471,0.0,0.0,nan,nan,10.898033142089844,10.898033142089844,21.796066284179688,0.0,6.102418422698975,0.4780232906341553,0.0,0.0,0.0,0.4780232906341553,0.0,6.102418422698975,0.0,0.0,0.0,-0.9982734322547913,2.327684164047241,5.572553634643555,0.0,0.0,0.0,0.0,6.102418422698975,0.4780232906341553,0.0,0.0,0.0,0.4780232906341553,0.0,6.102418422698975,-0.0,-0.0,-0.0,-0.9982727766036987,-2.327685594558716,5.5725531578063965,0.0,0.0,0.0,4.470348358154297e-08,0.0,0.6000000238418579,-6.705522537231445e-08,0.0559999942779541,0.6000000238418579,-3.725290298461914e-08,-0.055999934673309326,0.6000000238418579,-1.9965462684631348,-1.430511474609375e-06,11.14510726928711,0.0,0.0,0.0,3.5762786865234375e-07,1.07948767436028e-06,2.60770320892334e-08,11.774944305419922,11.774947166442871,24.057353973388672,24.057369232177734,0.7199033498764038,0.7199033498764038,0.28009676933288574,0.28009676933288574,0.0,0.0,0.0,0.0,2.729173421859741,2.729173421859741,3.3732450008392334,3.3732450008392334,0.5552050471305847,0.5552050471305847,0.0,0.0,-0.07718174159526825,-0.07718174159526825,0.4780232906341553,0.4780232906341553,0.6875313520431519,0.6875313520431519,-0.11078988015651703,-0.11078988015651703,0.3154434263706207,0.3154434263706207,38.0911979675293,38.0911979675293,14.963057518005371,14.963057518005371,30.330387115478516,30.330387115478516,10.932634353637695,10.932634353637695,0.0,0.0,180.0
20,0.08333333333333333,0.45310449126001834,-6.574725105432717,-286.2055731899668,0.45310449126001834,-6.574725105432717,-286.2055731899668,5.0,-5.0,0.0,0.0,15.0,0,0.5,0.0,0.0,4.0,4.0,4.0,6.574724197387695,6.5747246742248535,6.574725151062012,6.574725151062012,0.41950178146362305,0.4196256399154663,-7.94720458984375,-7.933566570281982,-0.0872664600610733,-0.0872664600610733,0.0,0.0,nan,nan,15.478615760803223,15.478615760803223,30.957231521606445,0.0,6.696176528930664,0.7053472995758057,0.0,0.0,0.0,0.7053472995758057,0.0,6.696176528930664,0.0,0.0,0.0,-0.9366906881332397,2.3994970321655273,6.221038818359375,0.0,0.0,0.0,0.0,6.696176528930664,0.7053472995758057,0.0,0.0,0.0,0.7053472995758057,0.0,6.696176528930664,-0.0,-0.0,-0.0,-0.936690628528595,-2.3994979858398438,6.221038341522217,0.0,0.0,0.0,4.470348358154297e-08,0.0,0.6000000238418579,-9.685754776000977e-08,0.05600002408027649,0.5999999642372131,-8.940696716308594e-08,-0.055999934673309326,0.6000000238418579,-1.8733813762664795,-9.5367431640625e-07,12.44207763671875,0.0,0.0,0.0,7.450580596923828e-07,1.770794028743694e-06,7.078051567077637e-08,13.596657752990723,13.596657752990723,30.176292419433594,30.176292419433594,0.5998412370681763,0.5998412370681763,0.4001588523387909,0.4001588523387909,0.0,0.0,0.0,0.0,3.430295467376709,3.430295467376709,3.265880584716797,3.265880584716797,0.7848461866378784,0.7848461866378784,0.0,0.0,-0.07949888706207275,-0.07949888706207275,0.7053472995758057,0.7053472995758057,0.6875313520431519,0.6875313520431519,-0.07756372541189194,-0.07756372541189194,0.3401161730289459,0.3401161730289459,46.861289978027344,46.861289978027344,20.084516525268555,20.084516525268555,35.4327392578125,35.4327392578125,10.000000953674316,10.000000953674316,0.0,0.0,180.0
21,0.0875,0.4232776914569725,-7.7290529097008545,-267.36533545514743,0.4232776914569725,-7.7290529097008545,-267.36533545514743,5.0,-5.0,0.0,0.0,15.0,0,0.5,0.0,0.0,4.0,4.0,4.0,7.729053020477295,7.729052543640137,7.729052543640137,7.729053020477295,0.3869327902793884,0.3869423568248749,-8.218172073364258,-8.244974136352539,-0.10258787870407104,-0.10258787870407104,0.0,0.0,nan,nan,20.439483642578125,20.439483642578125,40.87896728515625,0.0,7.289093017578125,0.9768509268760681,0.0,0.0,0.0,0.9768509268760681,0.0,7.289093017578125,0.0,0.0,0.0,-0.83708256483078,2.407855272293091,6.8983073234558105,0.0,0.0,0.0,0.0,7.289093017578125,0.9768509268760681,0.0,0.0,0.0,0.9768509268760681,0.0,7.289093017578125,-0.0,-0.0,-0.0,-0.8370827436447144,-2.4078567028045654,6.898306846618652,0.0,0.0,0.0,4.470348358154297e-08,0.0,0.6000000238418579,-4.470348358154297e-08,0.05600005388259888,0.5999999642372131,-5.960464477539063e-08,-0.055999964475631714,0.5999999642372131,-1.6741652488708496,-1.430511474609375e-06,13.796613693237305,0.0,0.0,0.0,6.258487701416016e-07,1.4360941804625327e-06,9.685754776000977e-08,15.395145416259766,15.395149230957031,35.01286697387695,35.01286697387695,0.5156482458114624,0.5156482458114624,0.48382794857025146,0.48382794857025146,0.0005239031161181629,0.0005239031161181629,0.0,0.0,4.166346073150635,4.166346073150635,3.122746706008911,3.122746706008911,1.0588884353637695,1.0588884353637695,0.0,0.0,-0.08203749358654022,-0.08203749358654022,0.9768509268760681,0.9768509268760681,0.6875313520431519,0.6875313520431519,-0.04482176899909973,-0.04482176899909973,0.36259689927101135,0.36259689927101135,55.08332824707031,55.08332824707031,24.896770477294922,24.896770477294922,40.22207260131836,40.22207260131836,9.122148513793945,9.122148513793945,0.0,0.0,180.0
22,0.09166666666666666,0.3888133726897728,-8.798699592882002,-245.59578715528818,0.3888133726897728,-8.798699592882002,-245.59578715528818,5.0,-5.0,0.0,0.0,15.0,0,0.5,0.0,0.0,4.0,4.0,4.0,8.798697471618652,8.798700332641602,8.798699378967285,8.798699378967285,0.35007941722869873,0.3499748408794403,-8.406329154968262,-8.473406791687012,-0.11678532510995865,-0.11678532510995865,0.0,0.0,nan,nan,25.636682510375977,25.636682510375977,51.27336502075195,0.0,7.87327241897583,1.287545919418335,0.0,0.0,0.0,1.287545919418335,0.0,7.87327241897583,0.0,0.0,0.0,-0.7017360329627991,2.3432233333587646,7.593620300292969,0.0,0.0,0.0,0.0,7.87327241897583,1.287545919418335,0.0,0.0,0.0,1.287545919418335,0.0,7.87327241897583,-0.0,-0.0,-0.0,-0.7017359733581543,-2.3432250022888184,7.5936198234558105,0.0,0.0,0.0,4.470348358154297e-08,0.0,0.6000000238418579,-1.1920928955078125e-07,0.0559999942779541,0.5999999642372131,7.450580596923828e-08,-0.0559999942779541,0.6000000238418579,-1.4034719467163086,-1.6689300537109375e-06,15.187240600585938,0.0,0.0,0.0,1.7881393432617188e-07,1.0602105930956895e-06,-4.507601261138916e-07,17.021957397460938,17.02195930480957,38.748355865478516,38.748355865478516,0.45904016494750977,0.45904016494750977,0.5113317370414734,0.5113317370414734,0.029628142714500427,0.029628142714500427,0.0,0.0,4.9265031814575195,4.9265031814575195,2.9467689990997314,2.9467689990997314,1.3722610473632812,1.3722610473632812,0.0,0.0,-0.08471508324146271,-0.08471508324146271,1.287545919418335,1.287545919418335,0.6875313520431519,0.6875313520431519,-0.01293425913900137,-0.01293425913900137,0.3826277554035187,0.3826277554035187,62.66898727416992,62.66898727416992,29.347816467285156,29.347816467285156,44.64663314819336,44.64663314819336,8.308694839477539,8.308694839477539,0.0,0.0,180.0
23,0.09583333333333333,0.3500891332469547,-9.77194588207728,-221.13544001713296,0.3500891332469547,-9.77194588207728,-221.13544001713296,5.0,-5.0,0.0,0.0,15.0,0,0.5,0.0,0.0,4.0,4.0,4.0,9.77194595336914,9.771944046020508,9.77194595336914,9.77194595336914,0.309348464012146,0.3091311752796173,-8.509130477905273,-8.615896224975586,-0.12970323860645294,-0.12970323860645294,0.0,0.0,nan,nan,30.896617889404297,30.896617889404297,61.793235778808594,0.0,8.437788963317871,1.629106044769287,0.0,0.0,0.0,1.629106044769287,0.0,8.437788963317871,0.0,0.0,0.0,-0.5349011421203613,2.197486400604248,8.290669441223145,0.0,0.0,0.0,0.0,8.437788963317871,1.629106044769287,0.0,0.0,0.0,1.629106044769287,0.0,8.437788963317871,-0.0,-0.0,-0.0,-0.5349006652832031,-2.1974873542785645,8.290669441223145,0.0,0.0,0.0,4.470348358154297e-08,0.0,0.6000000238418579,-7.450580596923828e-08,0.05600005388259888,0.5999999642372131,-7.450580596923828e-08,-0.055999934673309326,0.6000000238418579,-1.0698018074035645,-9.5367431640625e-07,16.58133888244629,0.0,0.0,0.0,1.1324882507324219e-06,2.0085321921214927e-06,9.12696123123169e-08,18.42395782470703,18.423959732055664,41.59705352783203,41.59705352783203,0.4165618121623993,0.4165618121623993,0.5018131136894226,0.5018131136894226,0.08162510395050049,0.08162510395050049,0.0,0.0,5.696693420410156,5.696693420410156,2.741095781326294,2.741095781326294,1.7165427207946777,1.7165427207946777,0.0,0.0,-0.0874367505311966,-0.0874367505311966,1.629106044769287,1.629106044769287,0.6875313520431519,0.6875313520431519,0.017751619219779968,0.017751619219779968,0.39999139308929443,0.39999139308929443,69.54007720947266,69.54007720947266,33.391475677490234,33.391475677490234,48.6605339050293,48.6605339050293,7.568552494049072,7.568552494049072,0.0,0.0,180.0
24,0.1,0.307529243999422,-10.638128687277375,-194.25228672258422,0.307529243999422,-10.638128687277375,-194.25228672258422,5.0,-5.0,0.0,0.0,15.0,0,0.5,0.0,0.0,4.0,4.0,4.0,10.638126373291016,10.638126373291016,10.638128280639648,10.638128280639648,0.2651907205581665,0.264863520860672,-8.524703979492188,-8.6701021194458,-0.14120009541511536,-0.14120009541511536,0.0,0.0,nan,nan,36.02296447753906,36.02296447753906,72.04592895507812,0.0,8.969316482543945,1.9900643825531006,0.0,0.0,0.0,1.9900643825531006,0.0,8.969316482543945,0.0,0.0,0.0,-0.3427571654319763,1.9653526544570923,8.968215942382812,0.0,0.0,0.0,0.0,8.969316482543945,1.9900643825531006,0.0,0.0,0.0,1.9900643825531006,0.0,8.969316482543945,-0.0,-0.0,-0.0,-0.34275713562965393,-1.9653542041778564,8.968215942382812,0.0,0.0,0.0,4.470348358154297e-08,0.0,0.6000000238418579,-1.043081283569336e-07,0.05600002408027649,0.5999999642372131,0.0,-0.055999934673309326,0.6000000238418579,-0.6855143308639526,-1.5497207641601562e-06,17.936431884765625,0.0,0.0,0.0,9.5367431640625e-07,1.757708673721936e-06,-1.73225998878479e-07,19.592592239379883,19.592592239379883,43.749908447265625,43.749908447265625,0.3882598280906677,0.3882598280906677,0.4860711097717285,0.4860711097717285,0.12566909193992615,0.12566909193992615,0.0,0.0,6.460369110107422,6.460369110107422,2.508946657180786,2.508946657180786,2.08016300201416,2.08016300201416,0.0,0.0,-0.09009853005409241,-0.09009853005409241,1.9900643825531006,1.9900643825531006,0.6875313520431519,0.6875313520431519,0.046915218234062195,0.046915218234062195,0.41451317071914673,0.41451317071914673,75.62899017333984,75.62899017333984,36.9876823425293,36.9876823425293,52.22402572631836,52.22402572631836,6.9098310470581055,6.9098310470581055,0.0,0.0,180.0
25,0.10416666666666667,0.26159999999999994,-11.387757928408114,-165.24086472479843,0.26159999999999994,-11.387757928408114,-165.24086472479843,5.0,-5.0,0.0,0.0,15.0,0,0.5,0.0,0.0,4.0,4.0,4.0,11.38775634765625,11.387758255004883,11.387758255004883,11.387758255004883,0.21809609234333038,0.2176627665758133,-8.451909065246582,-8.634444236755371,-0.1511499434709549,-0.1511499434709549,0.0,0.0,nan,nan,40.80731201171875,40.80731201171875,81.6146240234375,0.0,9.452922821044922,2.3563876152038574,0.0,0.0,0.0,2.3563876152038574,0.0,9.452922821044922,0.0,0.0,0.0,-0.1331367939710617,1.6456718444824219,9.601268768310547,0.0,0.0,0.0,0.0,9.452922821044922,2.3563876152038574,0.0,0.0,0.0,2.3563876152038574,0.0,9.452922821044922,-0.0,-0.0,-0.0,-0.13313664495944977,-1.6456737518310547,9.60126781463623,0.0,0.0,0.0,4.470348358154297e-08,0.0,0.6000000238418579,-1.2665987014770508e-07,0.05600002408027649,0.5999999642372131,2.9802322387695312e-08,-0.055999964475631714,0.6000000238418579,-0.2662734389305115,-1.9073486328125e-06,19.202537536621094,0.0,0.0,0.0,7.152557373046875e-07,1.7963111531571485e-06,-2.4121254682540894e-07,20.53957176208496,20.539573669433594,45.360450744628906,45.360450744628906,0.37411409616470337,0.37411409616470337,0.46373581886291504,0.46373581886291504,0.1621500849723816,0.1621500849723816,0.0,0.0,7.199442386627197,7.199442386627197,2.253480911254883,2.253480911254883,2.448979616165161,2.448979616165161,0.0,0.0,-0.09259215742349625,-0.09259215742349625,2.3563876152038574,2.3563876152038574,0.6875313520431519,0.6875313520431519,0.07426454871892929,0.07426454871892929,0.42606160044670105,0.42606160044670105,80.8786849975586,80.8786849975586,40.102500915527344,40.102500915527344,55.30354690551758,55.30354690551758,6.339746475219727,6.339746475219727,0.0,0.0,180.0
26,0.10833333333333334,0.21280461165725859,-12.012620510633663,-134.4190292342138,0.21280461165725859,-12.012620510633663,-134.4190292342138,5.0,-5.0,0.0,0.0,15.0,0,0.5,0.0,0.0,4.0,4.0,4.0,12.012622833251953,12.01262092590332,12.01262092590332,12.01262092590332,0.16858753561973572,0.16805292665958405,-8.290440559387207,-8.508199691772461,-0.15944376587867737,-0.15944376587867737,0.0,0.0,nan,nan,45.04187774658203,45.04187774658203,90.08375549316406,0.0,9.872970581054688,2.7123494148254395,0.0,0.0,0.0,2.7123494148254395,0.0,9.872970581054688,0.0,0.0,0.0,0.08493616431951523,1.2425365447998047,10.162739753723145,0.0,0.0,0.0,0.0,9.872970581054688,2.7123494148254395,0.0,0.0,0.0,2.7123494148254395,0.0,9.872970581054688,-0.0,-0.0,-0.0,0.08493637293577194,-1.2425388097763062,10.162738800048828,0.0,0.0,0.0,4.470348358154297e-08,0.0,0.6000000238418579,-1.4901161193847656e-08,0.05600005388259888,0.5999999642372131,-8.940696716308594e-08,-0.055999964475631714,0.6000000238418579,0.16987253725528717,-2.2649765014648438e-06,20.325477600097656,0.0,0.0,0.0,1.0132789611816406e-06,1.963613385669305e-06,9.685754776000977e-08,21.284902572631836,21.284902572631836,46.54609298706055,46.54609298706055,0.3599705994129181,0.3599705994129181,0.45232340693473816,0.45232340693473816,0.18770600855350494,0.18770600855350494,0.0,0.0,7.895265579223633,7.895265579223633,1.977705478668213,1.977705478668213,2.8071603775024414,2.8071603775024414,0.0,0.0,-0.09481063485145569,-0.09481063485145569,2.7123494148254395,2.7123494148254395,0.6875313520431519,0.6875313520431519,0.09953662008047104,0.09953662008047104,0.4345467686653137,0.4345467686653137,85.24230194091797,85.24230194091797,42.70792007446289,42.70792007446289,57.8714714050293,57.8714714050293,5.864545822143555,5.864545822143555,0.0,0.0,180.0
27,0.1125,0.16167769145697253,-12.505870308742256,-102.12447073034902,0.16167769145697253,-12.505870308742256,-102.12447073034902,5.0,-5.0,0.0,0.0,15.0,0,0.5,0.0,0.0,4.0,4.0,4.0,12.505867004394531,12.505868911743164,12.50586986541748,12.50586986541748,0.11721450090408325,0.11658472567796707,-8.04092025756836,-8.2915620803833,-0.1659906804561615,-0.1659906804561615,0.0,0.0,nan,nan,48.5326042175293,48.5326042175293,97.0652084350586,0.0,10.214041709899902,3.041612148284912,0.0,0.0,0.0,3.041612148284912,0.0,10.214041709899902,0.0,0.0,0.0,0.30183112621307373,0.765953540802002,10.62545394897461,0.0,0.0,0.0,0.0,10.214041709899902,3.041612148284912,0.0,0.0,0.0,3.041612148284912,0.0,10.214041709899902,-0.0,-0.0,-0.0,0.30183032155036926,-0.7659557461738586,10.625452995300293,0.0,0.0,0.0,4.470348358154297e-08,0.0,0.6000000238418579,-1.341104507446289e-07,0.05600002408027649,0.5999999642372131,-1.4901161193847656e-08,-0.05599990487098694,0.5999999642372131,0.6036614179611206,-2.205371856689453e-06,21.25090789794922,0.0,0.0,0.0,1.3113021850585938e-06,2.497324658179423e-06,-1.73225998878479e-07,21.85128402709961,21.851276397705078,47.39370346069336,47.39369201660156,0.34582775831222534,0.34582775831222534,0.4401395618915558,0.4401395618915558,0.21403278410434723,0.21403278410434723,0.0,0.0,8.529619216918945,8.529619216918945,1.684422254562378,1.684422254562378,3.1382670402526855,3.1382670402526855,0.0,0.0,-0.09665454924106598,-0.09665454924106598,3.041612148284912,3.041612148284912,0.6875313520431519,0.6875313520431519,0.12249677628278732,0.12249677628278732,0.43991780281066895,0.43991780281066895,88.6827163696289,88.6827163696289,44.78164291381836,44.78164291381836,59.9058952331543,59.9058952331543,5.489435195922852,5.489435195922852,0.0,0.0,180.0
28,0.11666666666666667,0.10877939663585168,-12.862103174726665,-68.71101515424297,0.10877939663585168,-12.862103174726665,-68.71101515424297,5.0,-5.0,0.0,0.0,15.0,0,0.5,0.0,0.0,4.0,4.0,4.0,12.862104415893555,12.862102508544922,12.862103462219238,12.862103462219238,0.06454700976610184,0.0638289675116539,-7.70494270324707,-7.985764503479004,-0.1707189679145813,-0.1707189679145813,0.0,0.0,nan,nan,51.111480712890625,51.111480712890625,102.22296142578125,0.0,10.461870193481445,3.3284010887145996,0.0,0.0,0.0,3.3284010887145996,0.0,10.461870193481445,0.0,0.0,0.0,0.5079259276390076,0.23183894157409668,10.964363098144531,0.0,0.0,0.0,0.0,10.461870193481445,3.3284010887145996,0.0,0.0,0.0,3.3284010887145996,0.0,10.461870193481445,-0.0,-0.0,-0.0,0.507925808429718,-0.2318411022424698,10.964363098144531,0.0,0.0,0.0,4.470348358154297e-08,0.0,0.6000000238418579,-8.940696716308594e-08,0.05600005388259888,0.5999999642372131,1.4901161193847656e-08,-0.055999964475631714,0.6000000238418579,1.0158517360687256,-2.16066837310791e-06,21.928726196289062,0.0,0.0,0.0,9.5367431640625e-07,1.7669244698481634e-06,-7.636845111846924e-08,22.26312828063965,22.26312828063965,47.965152740478516,47.96514892578125,0.33168351650238037,0.33168351650238037,0.4408826231956482,0.4408826231956482,0.2274339199066162,0.2274339199066162,0.0,0.0,9.085651397705078,9.085651397705078,1.3762192726135254,1.3762192726135254,3.4264395236968994,3.4264395236968994,0.0,0.0,-0.09803842753171921,-0.09803842753171921,3.3284010887145996,3.3284010887145996,0.6875313520431519,0.6875313520431519,0.14293727278709412,0.14293727278709412,0.4421597719192505,0.4421597719192505,91.17183685302734,91.17183685302734,46.30663299560547,46.30663299560547,61.39023208618164,61.39023208618164,5.218523979187012,5.218523979187012,0.0,0.0,180.0
29,0.12083333333333333,0.05468929198163643,-13.077416146760637,-34.54474731740287,0.05468929198163643,-13.077416146760637,-34.54474731740287,5.0,-5.0,0.0,0.0,15.0,0,0.5,0.0,0.0,4.0,4.0,4.0,13.077413558959961,13.077415466308594,13.077417373657227,13.07741641998291,0.011168430559337139,0.010370032861828804,-7.285177230834961,-7.593106746673584,-0.17357681691646576,-0.17357681691646576,0.0,0.0,nan,nan,52.64690017700195,52.64690017700195,105.2938003540039,0.0,10.604192733764648,3.558640956878662,0.0,0.0,0.0,3.558640956878662,0.0,10.604192733764648,0.0,0.0,0.0,0.694218635559082,-0.33851179480552673,11.158686637878418,0.0,0.0,0.0,0.0,10.604192733764648,3.558640956878662,0.0,0.0,0.0,3.558640956878662,0.0,10.604192733764648,-0.0,-0.0,-0.0,0.6942183375358582,0.33850958943367004,11.158686637878418,0.0,0.0,0.0,4.470348358154297e-08,0.0,0.6000000238418579,-1.2665987014770508e-07,0.05600002408027649,0.5999999642372131,-1.4901161193847656e-08,-0.055999964475631714,0.6000000238418579,1.388437032699585,-2.205371856689453e-06,22.317373275756836,0.0,0.0,0.0,6.556510925292969e-07,2.5359208848385606e-06,-1.862645149230957e-08,22.551340103149414,22.551340103149414,48.30184555053711,48.301841735839844,0.33168351650238037,0.33168351650238037,0.42734771966934204,0.42734771966934204,0.24096885323524475,0.24096885323524475,0.0,0.0,9.548687934875488,9.548687934875488,1.055504560470581,1.055504560470581,3.6575374603271484,3.6575374603271484,0.0,0.0,-0.09889648109674454,-0.09889648109674454,3.558640956878662,3.558640956878662,0.6875313520431519,0.6875313520431519,0.16067491471767426,0.16067491471767426,0.44128894805908203,0.44128894805908203,92.68999481201172,92.68999481201172,47.27080535888672,47.27080535888672,62.31283950805664,62.31283950805664,5.054781436920166,5.054781436920166,0.0,0.0,180.0
30,0.125,6.407352053138952e-17,-13.149450210865439,-4.0472339214713043e-14,6.407352053138952e-17,-13.149450210865439,-4.0472339214713043e-14,5.0,-5.0,0.0,0.0,15.0,0,0.5,0.0,0.0,4.0,4.0,4.0,13.14945125579834,13.14944839477539,13.149450302124023,13.149450302124023,-0.04204782843589783,-0.042920004576444626,-6.7399582862854,-7.070716857910156,-0.1745329201221466,-0.1745329201221466,0.0,0.0,nan,nan,51.63037872314453,51.63037872314453,103.26075744628906,0.0,10.212841033935547,3.891202926635742,0.0,0.0,0.0,3.891202926635742,0.0,10.212841033935547,0.0,0.0,0.0,1.1252487897872925,-0.8835021257400513,10.834980964660645,0.0,0.0,0.0,0.0,10.212841033935547,3.891202926635742,0.0,0.0,0.0,3.891202926635742,0.0,10.212841033935547,-0.0,-0.0,-0.0,1.125248670578003,0.8834998607635498,10.834980964660645,0.0,0.0,0.0,4.470348358154297e-08,0.0,0.6000000238418579,0.0,0.05600005388259888,0.6000000238418579,-5.960464477539063e-08,-0.055999934673309326,0.6000000238418579,2.250497341156006,-2.2649765014648438e-06,21.66996192932129,0.0,0.0,0.0,1.2516975402832031e-06,1.614537950445083e-06,-1.9371509552001953e-07,22.721416473388672,22.721416473388672,48.42781066894531,48.42781066894531,0.33168351650238037,0.33168351650238037,0.42734771966934204,0.42734771966934204,0.24096885323524475,0.24096885323524475,0.0,0.0,10.212841033935547,10.212841033935547,5.344756721350954e-16,5.344756721350954e-16,3.9903903007507324,3.9903903007507324,0.0,0.0,-0.0991872251033783,-0.0991872251033783,3.891202926635742,3.891202926635742,0.6875313520431519,0.6875313520431519,0.1884465217590332,0.1884465217590332,0.4502459168434143,0.4502459168434143,93.22547149658203,93.22547149658203,47.670352935791016,47.670352935791016,62.670352935791016,62.670352935791016,5.000000953674316,5.000000953674316,0.0,0.0,180.0
31,0.12916666666666665,-0.05468929198163608,-13.077416146760639,34.544747317402646,-0.05468929198163608,-13.077416146760639,34.544747317402646,5.0,-5.0,0.0,0.0,15.0,0,0.5,0.0,0.0,4.0,4.0,4.0,13.077411651611328,13.077411651611328,13.07741641998291,13.07741641998291,-0.09536141157150269,-0.09629354625940323,-6.2103447914123535,-6.562084197998047,-0.17357681691646576,-0.17357681691646576,0.0,0.0,nan,nan,52.291194915771484,52.291194915771484,104.58238983154297,0.0,10.537731170654297,3.8076071739196777,0.0,0.0,0.0,3.8076071739196777,0.0,10.537731170654297,0.0,0.0,0.0,0.9776893258094788,-1.4840997457504272,11.062695503234863,0.0,0.0,0.0,0.0,10.537731170654297,3.8076071739196777,0.0,0.0,0.0,3.8076071739196777,0.0,10.537731170654297,-0.0,-0.0,-0.0,0.9776883125305176,1.4840975999832153,11.062695503234863,0.0,0.0,0.0,4.470348358154297e-08,0.0,0.6000000238418579,-1.341104507446289e-07,0.05600005388259888,0.5999999642372131,-8.940696716308594e-08,-0.055999934673309326,0.6000000238418579,1.9553775787353516,-2.1457672119140625e-06,22.125391006469727,0.0,0.0,0.0,1.2516975402832031e-06,3.4035124372167047e-06,-1.043081283569336e-07,22.75739288330078,22.75739288330078,48.35152053833008,48.35151672363281,0.33168351650238037,0.33168351650238037,0.42734771966934204,0.42734771966934204,0.24096885323524475,0.24096885323524475,0.0,0.0,10.152026176452637,10.152026176452637,0.3857057988643646,0.3857057988643646,3.906503677368164,3.906503677368164,0.0,0.0,-0.09889648109674454,-0.09889648109674454,3.8076071739196777,3.8076071739196777,0.6875313520431519,0.6875313520431519,0.1874222308397293,0.1874222308397293,0.43040701746940613,0.43040701746940613,92.77405548095703,92.77405548095703,47.491207122802734,47.491207122802734,62.44917297363281,62.44917297363281,5.054781436920166,5.054781436920166,0.0,0.0,180.0
32,0.13333333333333333,-0.10877939663585154,-12.862103174726665,68.7110151542429,-0.10877939663585154,-12.862103174726665,68.7110151542429,5.0,-5.0,0.0,0.0,15.0,0,0.5,0.0,0.0,4.0,4.0,4.0,12.862103462219238,12.862100601196289,12.862103462219238,12.862103462219238,-0.1473393440246582,-0.14832346141338348,-5.5660576820373535,-5.934005260467529,-0.1707189679145813,-0.1707189679145813,0.0,0.0,nan,nan,50.382816314697266,50.382816314697266,100.76563262939453,0.0,10.320570945739746,3.81473970413208,0.0,0.0,0.0,3.81473970413208,0.0,10.320570945739746,0.0,0.0,0.0,1.0644288063049316,-2.0037968158721924,10.766531944274902,0.0,0.0,0.0,0.0,10.320570945739746,3.81473970413208,0.0,0.0,0.0,3.81473970413208,0.0,10.320570945739746,-0.0,-0.0,-0.0,1.0644290447235107,2.0037944316864014,10.766532897949219,0.0,0.0,0.0,4.470348358154297e-08,0.0,0.6000000238418579,0.0,0.05600005388259888,0.6000000238418579,-7.450580596923828e-08,-0.05599990487098694,0.5999999642372131,2.1288578510284424,-2.384185791015625e-06,21.533065795898438,0.0,0.0,0.0,1.6689300537109375e-06,1.7013273918564664e-06,-2.942979335784912e-07,22.6500244140625,22.6500244140625,48.06657791137695,48.06657791137695,0.33168351650238037,0.33168351650238037,0.4408826231956482,0.4408826231956482,0.2274339199066162,0.2274339199066162,0.0,0.0,10.279309272766113,10.279309272766113,0.04126247018575668,0.04126247018575668,3.91277813911438,3.91277813911438,0.0,0.0,-0.09803842753171921,-0.09803842753171921,3.81473970413208,3.81473970413208,0.6875313520431519,0.6875313520431519,0.19617444276809692,0.19617444276809692,0.42055070400238037,0.42055070400238037,91.33904266357422,91.33904266357422,46.745609283447266,46.745609283447266,61.66200637817383,61.66200637817383,5.218523979187012,5.218523979187012,0.0,0.0,180.0
33,0.1375,-0.16167769145697264,-12.505870308742256,102.12447073034909,-0.16167769145697264,-12.505870308742256,102.12447073034909,5.0,-5.0,0.0,0.0,15.0,0,0.5,0.0,0.0,4.0,4.0,4.0,12.50586986541748,12.505867004394531,12.50586986541748,12.50586986541748,-0.19769495725631714,-0.1987203061580658,-4.859506130218506,-5.239599227905273,-0.1659906804561615,-0.1659906804561615,0.0,0.0,nan,nan,47.40152359008789,47.40152359008789,94.80304718017578,0.0,9.981866836547852,3.742885112762451,0.0,0.0,0.0,3.742885112762451,0.0,9.981866836547852,0.0,0.0,0.0,1.111084222793579,-2.453061580657959,10.314786911010742,0.0,0.0,0.0,0.0,9.981866836547852,3.742885112762451,0.0,0.0,0.0,3.742885112762451,0.0,9.981866836547852,-0.0,-0.0,-0.0,1.1110844612121582,2.4530587196350098,10.314787864685059,0.0,0.0,0.0,4.470348358154297e-08,0.0,0.6000000238418579,-1.4901161193847656e-08,0.05600005388259888,0.6000000238418579,-4.470348358154297e-08,-0.05599990487098694,0.5999999642372131,2.2221686840057373,-2.86102294921875e-06,20.629573822021484,0.0,0.0,0.0,1.6093254089355469e-06,1.4707973150507314e-06,-2.2351741790771484e-07,22.38785743713379,22.387853622436523,47.55125045776367,47.55125427246094,0.33168351650238037,0.33168351650238037,0.45428380370140076,0.45428380370140076,0.21403278410434723,0.21403278410434723,0.0,0.0,10.288066864013672,10.288066864013672,-0.3061996400356293,-0.3061996400356293,3.8395395278930664,3.8395395278930664,0.0,0.0,-0.09665454924106598,-0.09665454924106598,3.742885112762451,3.742885112762451,0.6875313520431519,0.6875313520431519,0.20170819759368896,0.20170819759368896,0.4078860282897949,0.4078860282897949,88.93122863769531,88.93122863769531,45.435482025146484,45.435482025146484,60.31122589111328,60.31122589111328,5.489435195922852,5.489435195922852,0.0,0.0,180.0
34,0.14166666666666666,-0.21280461165725847,-12.012620510633665,134.41902923421375,-0.21280461165725847,-12.012620510633665,134.41902923421375,5.0,-5.0,0.0,0.0,15.0,0,0.5,0.0,0.0,4.0,4.0,4.0,12.012622833251953,12.012619018554688,12.012621879577637,12.012621879577637,-0.24587805569171906,-0.2469334602355957,-4.098662853240967,-4.486714839935303,-0.15944376587867737,-0.15944376587867737,0.0,0.0,nan,nan,43.476402282714844,43.476402282714844,86.95280456542969,0.0,9.527621269226074,3.5967259407043457,0.0,0.0,0.0,3.5967259407043457,0.0,9.527621269226074,0.0,0.0,0.0,1.1179596185684204,-2.810337781906128,9.724411010742188,0.0,0.0,0.0,0.0,9.527621269226074,3.5967259407043457,0.0,0.0,0.0,3.5967259407043457,0.0,9.527621269226074,-0.0,-0.0,-0.0,1.1179596185684204,2.810335159301758,9.724411964416504,0.0,0.0,0.0,4.470348358154297e-08,0.0,0.6000000238418579,1.4901161193847656e-08,0.056000083684921265,0.6000000238418579,-1.4901161193847656e-08,-0.055999964475631714,0.6000000238418579,2.235919237136841,-2.6226043701171875e-06,19.448822021484375,0.0,0.0,0.0,1.0728836059570312e-06,8.69430152761197e-07,-2.1606683731079102e-07,21.956323623657227,21.95631980895996,46.766902923583984,46.766902923583984,0.34582775831222534,0.34582775831222534,0.45338863134384155,0.45338863134384155,0.20078371465206146,0.20078371465206146,0.0,0.0,10.181463241577148,10.181463241577148,-0.6538419723510742,-0.6538419723510742,3.6915364265441895,3.6915364265441895,0.0,0.0,-0.09481063485145569,-0.09481063485145569,3.5967259407043457,3.5967259407043457,0.6875313520431519,0.6875313520431519,0.20394764840602875,0.20394764840602875,0.3925364315509796,0.3925364315509796,85.56938934326172,85.56938934326172,43.570987701416016,43.570987701416016,58.407440185546875,58.407440185546875,5.864545822143555,5.864545822143555,0.0,0.0,180.0
35,0.14583333333333334,-0.26160000000000005,-11.387757928408114,165.24086472479848,-0.26160000000000005,-11.387757928408114,165.24086472479848,5.0,-5.0,0.0,0.0,15.0,0,0.5,0.0,0.0,4.0,4.0,4.0,11.387757301330566,11.387755393981934,11.387758255004883,11.387758255004883,-0.2913639545440674,-0.2924378514289856,-3.2923929691314697,-3.684140920639038,-0.1511499434709549,-0.1511499434709549,0.0,0.0,nan,nan,38.78638458251953,38.78638458251953,77.57276916503906,0.0,8.967832565307617,3.3847107887268066,0.0,0.0,0.0,3.3847107887268066,0.0,8.967832565307617,0.0,0.0,0.0,1.0876402854919434,-3.060027599334717,9.018401145935059,0.0,0.0,0.0,0.0,8.967832565307617,3.3847107887268066,0.0,0.0,0.0,3.3847107887268066,0.0,8.967832565307617,-0.0,-0.0,-0.0,1.0876400470733643,3.060025453567505,9.018402099609375,0.0,0.0,0.0,4.470348358154297e-08,0.0,0.6000000238418579,-5.960464477539063e-08,0.05600005388259888,0.6000000238418579,-1.043081283569336e-07,-0.05599990487098694,0.5999999642372131,2.1752803325653076,-2.1457672119140625e-06,18.03680419921875,0.0,0.0,0.0,1.430511474609375e-06,2.2197107227839297e-06,-3.0919909477233887e-07,21.33799934387207,21.337997436523438,45.65513610839844,45.65513610839844,0.3599705994129181,0.3599705994129181,0.46520882844924927,0.46520882844924927,0.17482061684131622,0.17482061684131622,0.0,0.0,9.966314315795898,9.966314315795898,-0.998481035232544,-0.998481035232544,3.4773027896881104,3.4773027896881104,0.0,0.0,-0.09259215742349625,-0.09259215742349625,3.3847107887268066,3.3847107887268066,0.6875313520431519,0.6875313520431519,0.20284099876880646,0.20284099876880646,0.3746427595615387,0.3746427595615387,81.2807846069336,81.2807846069336,41.16713333129883,41.16713333129883,55.966087341308594,55.966087341308594,6.339746475219727,6.339746475219727,0.0,0.0,180.0
36,0.15,-0.3075292439994219,-10.638128687277378,194.25228672258413,-0.3075292439994219,-10.638128687277378,194.25228672258413,5.0,-5.0,0.0,0.0,15.0,0,0.5,0.0,0.0,4.0,4.0,4.0,10.6381254196167,10.638129234313965,10.638128280639648,10.638129234313965,-0.3336593806743622,-0.3347400426864624,-2.4503250122070312,-2.841481924057007,-0.14120009541511536,-0.14120009541511536,0.0,0.0,nan,nan,33.55207061767578,33.55207061767578,67.10414123535156,0.0,8.316140174865723,3.1183838844299316,0.0,0.0,0.0,3.1183838844299316,0.0,8.316140174865723,0.0,0.0,0.0,1.0247893333435059,-3.1935651302337646,8.223956108093262,0.0,0.0,0.0,0.0,8.316140174865723,3.1183838844299316,0.0,0.0,0.0,3.1183838844299316,0.0,8.316140174865723,-0.0,-0.0,-0.0,1.024788498878479,3.1935641765594482,8.223957061767578,0.0,0.0,0.0,4.470348358154297e-08,0.0,0.6000000238418579,-4.470348358154297e-08,0.0559999942779541,0.6000000238418579,-2.9802322387695312e-08,-0.055999934673309326,0.5999999642372131,2.0495777130126953,-9.5367431640625e-07,16.447914123535156,0.0,0.0,0.0,6.258487701416016e-07,1.2869293186668074e-06,-5.960464477539063e-08,20.513864517211914,20.513864517211914,44.13380813598633,44.13380813598633,0.37411409616470337,0.37411409616470337,0.48833751678466797,0.48833751678466797,0.13754841685295105,0.13754841685295105,0.0,0.0,9.652700424194336,9.652700424194336,-1.3365604877471924,-1.3365604877471924,3.208482265472412,3.208482265472412,0.0,0.0,-0.09009853005409241,-0.09009853005409241,3.1183838844299316,3.1183838844299316,0.6875313520431519,0.6875313520431519,0.19836385548114777,0.19836385548114777,0.35436469316482544,0.35436469316482544,76.1016845703125,76.1016845703125,38.24410629272461,38.24410629272461,53.00776290893555,53.00776290893555,6.9098310470581055,6.9098310470581055,0.0,0.0,180.0
37,0.15416666666666667,-0.3500891332469546,-9.771945882077281,221.1354400171329,-0.3500891332469546,-9.771945882077281,221.1354400171329,5.0,-5.0,0.0,0.0,15.0,0,0.5,0.0,0.0,4.0,4.0,4.0,9.771944046020508,9.771944046020508,9.77194595336914,9.77194595336914,-0.3723071813583374,-0.37338271737098694,-1.5826985836029053,-1.969012975692749,-0.12970323860645294,-0.12970323860645294,0.0,0.0,nan,nan,28.023643493652344,28.023643493652344,56.04728698730469,0.0,7.589224338531494,2.811491012573242,0.0,0.0,0.0,2.811491012573242,0.0,7.589224338531494,0.0,0.0,0.0,0.935802698135376,-3.2099151611328125,7.370314598083496,0.0,0.0,0.0,0.0,7.589224338531494,2.811491012573242,0.0,0.0,0.0,2.811491012573242,0.0,7.589224338531494,-0.0,-0.0,-0.0,0.9358021020889282,3.2099132537841797,7.370315074920654,0.0,0.0,0.0,4.470348358154297e-08,0.0,0.6000000238418579,-2.9802322387695312e-08,0.05600002408027649,0.6000000238418579,-5.960464477539063e-08,-0.05599990487098694,0.5999999642372131,1.8716048002243042,-1.9073486328125e-06,14.740629196166992,0.0,0.0,0.0,1.043081283569336e-06,1.2621368341569905e-06,-2.421438694000244e-07,19.466066360473633,19.466066360473633,42.091888427734375,42.09187698364258,0.4024088680744171,0.4024088680744171,0.5055375695228577,0.5055375695228577,0.0920536071062088,0.0920536071062088,0.0,0.0,9.253393173217773,9.253393173217773,-1.6641682386398315,-1.6641682386398315,2.898927688598633,2.898927688598633,0.0,0.0,-0.0874367505311966,-0.0874367505311966,2.811491012573242,2.811491012573242,0.6875313520431519,0.6875313520431519,0.1905231773853302,0.1905231773853302,0.3318822383880615,0.3318822383880615,70.07818603515625,70.07818603515625,34.82772445678711,34.82772445678711,49.55867004394531,49.55867004394531,7.568552494049072,7.568552494049072,0.0,0.0,180.0
38,0.15833333333333333,-0.38881337268977256,-8.798699592882011,245.59578715528804,-0.38881337268977256,-8.798699592882011,245.59578715528804,5.0,-5.0,0.0,0.0,15.0,0,0.5,0.0,0.0,4.0,4.0,4.0,8.798697471618652,8.798699378967285,8.798699378967285,8.798699378967285,-0.4068913161754608,-0.4079497456550598,-0.7001919746398926,-1.0774734020233154,-0.11678532510995865,-0.11678532510995865,0.0,0.0,nan,nan,22.46521759033203,22.46521759033203,44.93043518066406,0.0,6.806042671203613,2.478945255279541,0.0,0.0,0.0,2.478945255279541,0.0,6.806042671203613,0.0,0.0,0.0,0.828307569026947,-3.1152701377868652,6.486631393432617,0.0,0.0,0.0,0.0,6.806042671203613,2.478945255279541,0.0,0.0,0.0,2.478945255279541,0.0,6.806042671203613,-0.0,-0.0,-0.0,0.8283069133758545,3.1152687072753906,6.486631870269775,0.0,0.0,0.0,4.470348358154297e-08,0.0,0.6000000238418579,-1.1920928955078125e-07,0.05600005388259888,0.6000000238418579,7.450580596923828e-08,-0.055999964475631714,0.6000000238418579,1.6566145420074463,-1.430511474609375e-06,12.973262786865234,0.0,0.0,0.0,5.662441253662109e-07,8.699250315657991e-07,4.917383193969727e-07,18.1834716796875,18.1834716796875,39.3846321105957,39.38462829589844,0.43071863055229187,0.43071863055229187,0.5245851278305054,0.5245851278305054,0.04469626769423485,0.04469626769423485,0.0,0.0,8.783141136169434,8.783141136169434,-1.9770989418029785,-1.9770989418029785,2.563660144805908,2.563660144805908,0.0,0.0,-0.08471508324146271,-0.08471508324146271,2.478945255279541,2.478945255279541,0.6875313520431519,0.6875313520431519,0.17936104536056519,0.17936104536056519,0.3073979318141937,0.3073979318141937,63.26660919189453,63.26660919189453,30.94968032836914,30.94968032836914,45.6508674621582,45.6508674621582,8.308694839477539,8.308694839477539,0.0,0.0,180.0
39,0.1625,-0.42327769145697247,-7.729052909700857,267.36533545514743,-0.42327769145697247,-7.729052909700857,267.36533545514743,5.0,-5.0,0.0,0.0,15.0,0,0.5,0.0,0.0,4.0,4.0,4.0,7.7290520668029785,7.729051113128662,7.729052543640137,7.729052543640137,-0.4370405077934265,-0.4380701780319214,0.18627363443374634,-0.17791825532913208,-0.10258787870407104,-0.10258787870407104,0.0,0.0,nan,nan,17.13665008544922,17.13665008544922,34.27330017089844,0.0,5.98688268661499,2.135742664337158,0.0,0.0,0.0,2.135742664337158,0.0,5.98688268661499,0.0,0.0,0.0,0.7105571031570435,-2.922109603881836,5.600049018859863,0.0,0.0,0.0,0.0,5.98688268661499,2.135742664337158,0.0,0.0,0.0,2.135742664337158,0.0,5.98688268661499,-0.0,-0.0,-0.0,0.7105568051338196,2.9221088886260986,5.600049018859863,0.0,0.0,0.0,4.470348358154297e-08,0.0,0.6000000238418579,-8.940696716308594e-08,0.05600005388259888,0.5999999642372131,-5.960464477539063e-08,-0.055999934673309326,0.6000000238418579,1.4211139678955078,-7.152557373046875e-07,11.200098037719727,0.0,0.0,0.0,4.76837158203125e-07,1.2928032901982078e-06,-1.862645149230957e-08,16.672590255737305,16.672588348388672,35.83316421508789,35.83316421508789,0.4873591661453247,0.4873591661453247,0.5105845332145691,0.5105845332145691,0.002056337660178542,0.002056337660178542,0.0,0.0,8.257841110229492,8.257841110229492,-2.270958185195923,-2.270958185195923,2.217780351638794,2.217780351638794,0.0,0.0,-0.08203749358654022,-0.08203749358654022,2.135742664337158,2.135742664337158,0.6875313520431519,0.6875313520431519,0.16495880484580994,0.16495880484580994,0.28113895654678345,0.28113895654678345,55.73393630981445,55.73393630981445,26.647829055786133,26.647829055786133,41.32252883911133,41.32252883911133,9.122148513793945,9.122148513793945,0.0,0.0,180.0
40,0.16666666666666666,-0.45310449126001817,-6.574725105432726,286.2055731899667,-0.45310449126001817,-6.574725105432726,286.2055731899667,5.0,-5.0,0.0,0.0,15.0,0,0.5,0.0,0.0,4.0,4.0,4.0,6.574723243713379,6.574724197387695,6.574725151062012,6.574725151062012,-0.4624323546886444,-0.46342161297798157,1.0657483339309692,0.7185443639755249,-0.0872664600610733,-0.0872664600610733,0.0,0.0,nan,nan,12.274343490600586,12.274343490600586,24.548686981201172,0.0,5.152291297912598,1.7959200143814087,0.0,0.0,0.0,1.7959200143814087,0.0,5.152291297912598,0.0,0.0,0.0,0.5907725691795349,-2.6477489471435547,4.7341156005859375,0.0,0.0,0.0,0.0,5.152291297912598,1.7959200143814087,0.0,0.0,0.0,1.7959200143814087,0.0,5.152291297912598,-0.0,-0.0,-0.0,0.590772271156311,2.6477479934692383,4.734116077423096,0.0,0.0,0.0,4.470348358154297e-08,0.0,0.6000000238418579,-5.960464477539063e-08,0.05600002408027649,0.5999999642372131,1.4901161193847656e-08,-0.055999964475631714,0.6000000238418579,1.1815447807312012,-9.5367431640625e-07,9.468231201171875,0.0,0.0,0.0,8.940696716308594e-08,5.996815843900549e-07,1.4528632164001465e-07,14.979104042053223,14.979104995727539,31.23953628540039,31.239530563354492,0.557930588722229,0.557930588722229,0.4420694410800934,0.4420694410800934,0.0,0.0,0.0,0.0,7.693597793579102,7.693597793579102,-2.541306257247925,-2.541306257247925,1.8754189014434814,1.8754189014434814,0.0,0.0,-0.07949888706207275,-0.07949888706207275,1.7959200143814087,1.7959200143814087,0.6875313520431519,0.6875313520431519,0.1474398374557495,0.1474398374557495,0.25335875153541565,0.25335875153541565,47.5577392578125,47.5577392578125,21.96617317199707,21.96617317199707,36.617950439453125,36.617950439453125,10.000000953674316,10.000000953674316,0.0,0.0,180.0
41,0.17083333333333334,-0.47796698343860883,-5.348363237059781,301.91008277255025,-0.47796698343860883,-5.348363237059781,301.91008277255025,5.0,-5.0,0.0,0.0,15.0,0,0.5,0.0,0.0,4.0,4.0,4.0,5.348362922668457,5.348362922668457,5.348363399505615,5.348363399505615,-0.48279547691345215,-0.48373329639434814,1.9274815320968628,1.6009414196014404,-0.07098893821239471,-0.07098893821239471,0.0,0.0,nan,nan,8.073507308959961,8.073507308959961,16.147014617919922,0.0,4.321923732757568,1.4716615676879883,0.0,0.0,0.0,1.4716615676879883,0.0,4.321923732757568,0.0,0.0,0.0,0.4765144884586334,-2.312507152557373,3.9076919555664062,0.0,0.0,0.0,0.0,4.321923732757568,1.4716615676879883,0.0,0.0,0.0,1.4716615676879883,0.0,4.321923732757568,-0.0,-0.0,-0.0,0.4765143394470215,2.312506675720215,3.9076924324035645,0.0,0.0,0.0,4.470348358154297e-08,0.0,0.6000000238418579,-5.960464477539063e-08,0.05600003898143768,0.6000000238418579,-5.960464477539063e-08,-0.055999934673309326,0.6000000238418579,0.9530287981033325,-4.76837158203125e-07,7.815384387969971,0.0,0.0,0.0,3.725290298461914e-07,8.15208125004574e-07,-5.774199962615967e-08,13.231226921081543,13.231224060058594,25.44611167907715,25.44611167907715,0.6680206060409546,0.6680206060409546,0.3319794535636902,0.3319794535636902,0.0,0.0,0.0,0.0,7.105746269226074,7.105746269226074,-2.783823013305664,-2.783823013305664,1.5488433837890625,1.5488433837890625,0.0,0.0,-0.07718174159526825,-0.07718174159526825,1.4716615676879883,1.4716615676879883,0.6875313520431519,0.6875313520431519,0.1269717812538147,0.1269717812538147,0.22433730959892273,0.22433730959892273,38.82585906982422,38.82585906982422,16.954694747924805,16.954694747924805,31.587364196777344,31.587364196777344,10.932634353637695,10.932634353637695,0.0,0.0,180.0
42,0.175,-0.49759276932562435,-4.063403581844658,314.30680230953107,-0.49759276932562435,-4.063403581844658,314.30680230953107,5.0,-5.0,0.0,0.0,15.0,0,0.5,0.0,0.0,4.0,4.0,4.0,4.06340217590332,4.063403606414795,4.063403606414795,4.063403606414795,-0.49791255593299866,-0.4987882673740387,2.761117696762085,2.4586830139160156,-0.05393363907933235,-0.05393363907933235,0.0,0.0,nan,nan,4.674442291259766,4.674442291259766,9.348884582519531,0.0,3.513381242752075,1.1726548671722412,0.0,0.0,0.0,1.1726548671722412,0.0,3.513381242752075,0.0,0.0,0.0,0.37418287992477417,-1.937772274017334,3.1343250274658203,0.0,0.0,0.0,0.0,3.513381242752075,1.1726548671722412,0.0,0.0,0.0,1.1726548671722412,0.0,3.513381242752075,-0.0,-0.0,-0.0,0.37418264150619507,1.9377715587615967,3.1343255043029785,0.0,0.0,0.0,4.470348358154297e-08,0.0,0.6000000238418579,-1.4901161193847656e-07,0.05600002408027649,0.6000000238418579,-1.4901161193847656e-08,-0.055999964475631714,0.5999999642372131,0.7483655214309692,-7.152557373046875e-07,6.268650531768799,0.0,0.0,0.0,2.8312206268310547e-07,7.716834033999476e-07,2.253800630569458e-07,11.729952812194824,11.729949951171875,18.518930435180664,18.518930435180664,0.8289155960083008,0.8289155960083008,0.1710844784975052,0.1710844784975052,0.0,0.0,0.0,0.0,6.507871627807617,6.507871627807617,-2.994490623474121,-2.994490623474121,1.2478089332580566,1.2478089332580566,0.0,0.0,-0.07515415549278259,-0.07515415549278259,1.1726548671722412,1.1726548671722412,0.6875313520431519,0.6875313520431519,0.10376715660095215,0.10376715660095215,0.19438087940216064,0.19438087940216064,29.635650634765625,29.635650634765625,11.668993949890137,11.668993949890137,26.28658103942871,26.28658103942871,11.909831047058105,11.909831047058105,0.0,0.0,180.0
43,0.17916666666666667,-0.5117668247039271,-2.733924426664981,323.25991074748185,-0.5117668247039271,-2.733924426664981,323.25991074748185,5.0,-5.0,0.0,0.0,15.0,0,0.5,0.0,0.0,4.0,4.0,4.0,2.733924150466919,2.73392391204834,2.733924388885498,2.733924388885498,-0.507621705532074,-0.5084254741668701,3.556931734085083,3.281764030456543,-0.03628743439912796,-0.03628743439912796,0.0,0.0,nan,nan,2.155184268951416,2.155184268951416,4.310368537902832,0.0,2.741119384765625,0.9057631492614746,0.0,0.0,0.0,0.9057631492614746,0.0,2.741119384765625,0.0,0.0,0.0,0.2887166738510132,-1.5440940856933594,2.422098159790039,0.0,0.0,0.0,0.0,2.741119384765625,0.9057631492614746,0.0,0.0,0.0,0.9057631492614746,0.0,2.741119384765625,-0.0,-0.0,-0.0,0.28871649503707886,1.544093370437622,2.422098398208618,0.0,0.0,0.0,4.470348358154297e-08,0.0,0.6000000238418579,-4.470348358154297e-08,0.05600003898143768,0.6000000238418579,-4.470348358154297e-08,-0.055999964475631714,0.6000000238418579,0.577433168888092,-7.152557373046875e-07,4.844196319580078,0.0,0.0,0.0,1.7881393432617188e-07,4.3310492969794723e-07,-3.166496753692627e-08,11.121833801269531,11.121831893920898,16.643383026123047,16.643383026123047,0.8820533156394958,0.8820533156394958,0.11794667690992355,0.11794667690992355,0.0,0.0,0.0,0.0,5.910890579223633,5.910890579223633,-3.169771671295166,-3.169771671295166,0.9792319536209106,0.9792319536209106,0.0,0.0,-0.07346884906291962,-0.07346884906291962,0.9057631492614746,0.9057631492614746,0.6875313520431519,0.6875313520431519,0.07808203995227814,0.07808203995227814,0.16381949186325073,0.16381949186325073,20.09270668029785,20.09270668029785,6.16955041885376,6.16955041885376,20.776241302490234,20.776241302490234,12.920884132385254,12.920884132385254,0.0,0.0,180.0
44,0.18333333333333332,-0.5203338556566806,-1.3744918233562962,328.671315956798,-0.5203338556566806,-1.3744918233562962,328.671315956798,5.0,-5.0,0.0,0.0,15.0,0,0.5,0.0,0.0,4.0,4.0,4.0,1.374491810798645,1.374491810798645,1.374491810798645,1.3744919300079346,-0.5118175148963928,-0.5125400424003601,4.306000232696533,4.060959815979004,-0.018243659287691116,-0.018243659287691116,0.0,0.0,nan,nan,0.5322170853614807,0.5322170853614807,1.0644341707229614,0.0,2.0155587196350098,0.6750735640525818,0.0,0.0,0.0,0.6750735640525818,0.0,2.0155587196350098,0.0,0.0,0.0,0.2235807627439499,-1.1496055126190186,1.7738715410232544,0.0,0.0,0.0,0.0,2.0155587196350098,0.6750735640525818,0.0,0.0,0.0,0.6750735640525818,0.0,2.0155587196350098,-0.0,-0.0,-0.0,0.22358064353466034,1.1496047973632812,1.773871898651123,0.0,0.0,0.0,4.470348358154297e-08,0.0,0.6000000238418579,-7.450580596923828e-08,0.05600002408027649,0.6000000238418579,-4.470348358154297e-08,-0.055999964475631714,0.6000000238418579,0.44716140627861023,-7.152557373046875e-07,3.547743320465088,0.0,0.0,0.0,8.195638656616211e-08,3.7005847275395354e-07,1.3969838619232178e-08,12.324207305908203,12.324207305908203,15.813404083251953,15.813404083251953,0.8820533156394958,0.8820533156394958,0.11794667690992355,0.11794667690992355,0.0,0.0,0.0,0.0,5.32232666015625,5.32232666015625,-3.3067679405212402,-3.3067679405212402,0.7472367882728577,0.7472367882728577,0.0,0.0,-0.07216325402259827,-0.07216325402259827,0.6750735640525818,0.6750735640525818,0.6875313520431519,0.6875313520431519,0.0502132847905159,0.0502132847905159,0.13300344347953796,0.13300344347953796,10.309234619140625,10.309234619140625,0.52083820104599,0.52083820104599,15.12094783782959,15.12094783782959,13.954715728759766,13.954715728759766,0.0,0.0,180.0
45,0.1875,-0.5232,-2.415514816692577e-15,330.4817294495969,-0.5232,-2.415514816692577e-15,330.4817294495969,5.0,-5.0,0.0,0.0,15.0,0,0.5,0.0,0.0,4.0,4.0,4.0,2.415514772387663e-15,2.4155149841459e-15,2.415514772387663e-15,2.4155149841459e-15,-0.5104531049728394,-0.5110860466957092,5.000348091125488,4.787969589233398,-3.206117974414298e-17,-3.206117974414298e-17,0.0,0.0,nan,nan,-0.23076343536376953,-0.23076343536376953,-0.46152687072753906,0.0,1.342545509338379,0.4823017418384552,0.0,0.0,0.0,0.4823017418384552,0.0,1.342545509338379,0.0,0.0,0.0,0.18102331459522247,-0.7688992023468018,1.1878838539123535,0.0,0.0,0.0,0.0,1.342545509338379,0.4823017418384552,0.0,0.0,0.0,0.4823017418384552,0.0,1.342545509338379,-0.0,-0.0,-0.0,0.18102328479290009,0.7688989043235779,1.187883973121643,0.0,0.0,0.0,4.470348358154297e-08,0.0,0.6000000238418579,1.4901161193847656e-08,0.05600003898143768,0.6000000238418579,0.0,-0.05599997937679291,0.5999999642372131,0.36204659938812256,-2.980232238769531e-07,2.375767707824707,0.0,0.0,0.0,1.1175870895385742e-07,7.771441801196488e-08,-2.421438694000244e-08,14.99998950958252,14.99998950958252,14.999988555908203,14.999988555908203,1.0,1.0,0.0,0.0,0.0,0.0,0.0,0.0,4.745896339416504,4.745896339416504,-3.403350830078125,-3.403350830078125,0.553561806678772,0.553561806678772,0.0,0.0,-0.07126004993915558,-0.07126004993915558,0.4823017418384552,0.4823017418384552,0.6875313520431519,0.6875313520431519,0.02049357444047928,0.02049357444047928,0.10229769349098206,0.10229769349098206,0.40209388732910156,0.40209388732910156,-5.209789752960205,-5.209789752960205,9.388116836547852,9.388116836547852,15.000000953674316,15.000000953674316,0.0,0.0,180.0
46,0.19166666666666665,-0.5203338556566807,1.3744918233562797,328.6713159567981,-0.5203338556566807,1.3744918233562797,328.6713159567981,5.0,-5.0,0.0,0.0,15.0,0,0.5,0.0,0.0,4.0,4.0,4.0,1.374491810798645,1.374491810798645,1.374491810798645,1.3744919300079346,-0.5035388469696045,-0.5040750503540039,5.6330342292785645,5.455510139465332,0.018243659287691116,0.018243659287691116,0.0,0.0,nan,nan,-0.20792880654335022,-0.20792880654335022,-0.41585761308670044,0.0,0.7233331203460693,0.3274730145931244,0.0,0.0,0.0,0.3274730145931244,0.0,0.7233331203460693,0.0,0.0,0.0,0.16254034638404846,-0.41256436705589294,0.6586506962776184,0.0,0.0,0.0,0.0,0.7233331203460693,0.3274730145931244,0.0,0.0,0.0,0.3274730145931244,0.0,0.7233331203460693,-0.0,-0.0,-0.0,0.1625402867794037,0.41256412863731384,0.658650815486908,0.0,0.0,0.0,4.470348358154297e-08,0.0,0.6000000238418579,-7.450580596923828e-08,0.05600002408027649,0.6000000238418579,-4.470348358154297e-08,-0.055999964475631714,0.6000000238418579,0.32508063316345215,-2.384185791015625e-07,1.3173015117645264,0.0,0.0,0.0,2.9802322387695312e-08,1.374052516212032e-07,-9.313225746154785e-10,18.036861419677734,18.036865234375,23.0157527923584,23.0157527923584,0.11794667690992355,0.11794667690992355,0.8820533156394958,0.8820533156394958,0.0,0.0,0.0,0.0,4.181578636169434,4.181578636169434,-3.458245277404785,-3.458245277404785,0.39824098348617554,0.39824098348617554,0.0,0.0,-0.07076795399188995,-0.07076795399188995,0.3274730145931244,0.3274730145931244,0.6875313520431519,0.6875313520431519,-0.010714729316532612,-0.010714729316532612,0.07207543402910233,0.07207543402910233,-9.509451866149902,-9.509451866149902,-10.953388214111328,-10.953388214111328,3.6467208862304688,3.6467208862304688,16.045286178588867,16.045286178588867,0.0,0.0,180.0
47,0.19583333333333333,-0.5117668247039271,2.7339244266649767,323.25991074748185,-0.5117668247039271,2.7339244266649767,323.25991074748185,5.0,-5.0,0.0,0.0,15.0,0,0.5,0.0,0.0,4.0,4.0,4.0,2.733924150466919,2.73392391204834,2.733924388885498,2.733924388885498,-0.4911441206932068,-0.49157750606536865,6.198157787322998,6.057314872741699,0.03628743439912796,0.03628743439912796,0.0,0.0,nan,nan,0.5058761835098267,0.5058761835098267,1.0117523670196533,0.0,0.1551963984966278,0.20970411598682404,0.0,0.0,0.0,0.20970411598682404,0.0,0.1551963984966278,0.0,0.0,0.0,0.1693701595067978,-0.08742334693670273,0.17813658714294434,0.0,0.0,0.0,0.0,0.1551963984966278,0.20970411598682404,0.0,0.0,0.0,0.20970411598682404,0.0,0.1551963984966278,-0.0,-0.0,-0.0,0.1693701595067978,0.08742330968379974,0.17813660204410553,0.0,0.0,0.0,4.470348358154297e-08,0.0,0.6000000238418579,-4.470348358154297e-08,0.05600003898143768,0.6000000238418579,-4.470348358154297e-08,-0.055999964475631714,0.6000000238418579,0.3387403190135956,-3.725290298461914e-08,0.35627317428588867,0.0,0.0,0.0,1.210719347000122e-08,3.185330399446684e-08,-1.210719347000122e-08,20.958690643310547,20.958694458007812,30.33509063720703,30.335094451904297,0.11794667690992355,0.11794667690992355,0.8820533156394958,0.8820533156394958,0.0,0.0,0.0,0.0,3.626262903213501,3.626262903213501,-3.471066474914551,-3.471066474914551,0.28038641810417175,0.28038641810417175,0.0,0.0,-0.07068228721618652,-0.07068228721618652,0.20970411598682404,0.20970411598682404,0.6875313520431519,0.6875313520431519,-0.043027304112911224,-0.043027304112911224,0.04271015152335167,0.04271015152335167,-19.30609130859375,-19.30609130859375,-16.640775680541992,-16.640775680541992,-2.0340824127197266,-2.0340824127197266,17.079116821289062,17.079116821289062,0.0,0.0,180.0
48,0.2,-0.4975927693256244,4.063403581844654,314.3068023095311,-0.4975927693256244,4.063403581844654,314.3068023095311,5.0,-5.0,0.0,0.0,15.0,0,0.5,0.0,0.0,4.0,4.0,4.0,4.06340217590332,4.063403606414795,4.063403606414795,4.063403606414795,-0.47339698672294617,-0.4737224280834198,6.690789699554443,6.588075637817383,0.05393363907933235,0.05393363907933235,0.0,0.0,nan,nan,1.8098325729370117,1.8098325729370117,3.6196651458740234,0.0,-0.3673388361930847,0.12786665558815002,0.0,0.0,0.0,0.12786665558815002,0.0,-0.3673388361930847,0.0,0.0,0.0,0.20281565189361572,0.20260225236415863,-0.2628799080848694,0.0,0.0,0.0,0.0,-0.3673388361930847,0.12786665558815002,0.0,0.0,0.0,0.12786665558815002,0.0,-0.3673388361930847,-0.0,-0.0,-0.0,0.20281566679477692,-0.20260217785835266,-0.26287996768951416,0.0,0.0,0.0,4.470348358154297e-08,0.0,0.6000000238418579,-1.4901161193847656e-07,0.05600002408027649,0.6000000238418579,-1.4901161193847656e-08,-0.055999964475631714,0.5999999642372131,0.40563130378723145,7.450580596923828e-08,-0.5257598757743835,0.0,0.0,0.0,-2.421438694000244e-08,-7.868142404277023e-08,-3.91155481338501e-08,23.59121322631836,23.59121322631836,36.3895149230957,36.3895149230957,0.11794667690992355,0.11794667690992355,0.864794909954071,0.864794909954071,0.017258400097489357,0.017258400097489357,0.0,0.0,3.074963092803955,3.074963092803955,-3.4423022270202637,-3.4423022270202637,0.19885218143463135,0.19885218143463135,0.0,0.0,-0.07098551839590073,-0.07098551839590073,0.12786665558815002,0.12786665558815002,0.6875313520431519,0.6875313520431519,-0.07604614645242691,-0.07604614645242691,0.014567578211426735,0.014567578211426735,-28.870820999145508,-28.870820999145508,-22.203908920288086,-22.203908920288086,-7.586321830749512,-7.586321830749512,18.090171813964844,18.090171813964844,0.0,0.0,180.0
49,0.20416666666666666,-0.4779669834386089,5.348363237059776,301.9100827725503,-0.4779669834386089,5.348363237059776,301.9100827725503,5.0,-5.0,0.0,0.0,15.0,0,0.5,0.0,0.0,4.0,4.0,4.0,5.348362922668457,5.348362922668457,5.348363399505615,5.348363399505615,-0.450483500957489,-0.4506973922252655,7.1068572998046875,7.043339252471924,0.07098893821239471,0.07098893821239471,0.0,0.0,nan,nan,3.605567455291748,3.605567455291748,7.211134910583496,0.0,-0.8508800268173218,0.08092880994081497,0.0,0.0,0.0,0.08092880994081497,0.0,-0.8508800268173218,0.0,0.0,0.0,0.26421868801116943,0.4552755653858185,-0.6733936071395874,0.0,0.0,0.0,0.0,-0.8508800268173218,0.08092880994081497,0.0,0.0,0.0,0.08092880994081497,0.0,-0.8508800268173218,-0.0,-0.0,-0.0,0.2642187178134918,-0.45527544617652893,-0.673393726348877,0.0,0.0,0.0,4.470348358154297e-08,0.0,0.6000000238418579,-5.960464477539063e-08,0.05600003898143768,0.6000000238418579,-5.960464477539063e-08,-0.055999934673309326,0.6000000238418579,0.5284373760223389,1.1920928955078125e-07,-1.3467873334884644,0.0,0.0,0.0,-6.332993507385254e-08,-1.4048086427465023e-07,-2.60770320892334e-08,25.876405715942383,25.876405715942383,41.17609786987305,41.17610168457031,0.11794667690992355,0.11794667690992355,0.7199033498764038,0.7199033498764038,0.1621500849723816,0.1621500849723816,0.0,0.0,2.522365093231201,2.522365093231201,-3.3732450008392334,-3.3732450008392334,0.15257614850997925,0.15257614850997925,0.0,0.0,-0.07164733111858368,-0.07164733111858368,0.08092880994081497,0.08092880994081497,0.6875313520431519,0.6875313520431519,-0.10936833173036575,-0.10936833173036575,-0.012002810835838318,-0.012002810835838318,-38.0911979675293,-38.0911979675293,-27.577194213867188,-27.577194213867188,-12.944524765014648,-12.944524765014648,19.067367553710938,19.067367553710938,0.0,0.0,180.0
50,0.20833333333333334,-0.4531044912600183,6.574725105432721,286.20557318996674,-0.4531044912600183,6.574725105432721,286.20557318996674,5.0,-5.0,0.0,0.0,15.0,0,0.5,0.0,0.0,4.0,4.0,4.0,6.574723243713379,6.574724197387695,6.574725151062012,6.574725151062012,-0.4226471185684204,-0.4227469265460968,7.443029880523682,7.419358730316162,0.0872664600610733,0.0872664600610733,0.0,0.0,nan,nan,5.7982072830200195,5.7982072830200195,11.596414566040039,0.0,-1.3015027046203613,0.06789825856685638,0.0,0.0,0.0,0.06789825856685638,0.0,-1.3015027046203613,0.0,0.0,0.0,0.35455477237701416,0.6688388586044312,-1.0608793497085571,0.0,0.0,0.0,0.0,-1.3015027046203613,0.06789825856685638,0.0,0.0,0.0,0.06789825856685638,0.0,-1.3015027046203613,-0.0,-0.0,-0.0,0.35455483198165894,-0.6688386797904968,-1.0608794689178467,0.0,0.0,0.0,4.470348358154297e-08,0.0,0.6000000238418579,-5.960464477539063e-08,0.05600002408027649,0.5999999642372131,1.4901161193847656e-08,-0.055999964475631714,0.6000000238418579,0.7091096043586731,1.7881393432617188e-07,-2.1217589378356934,0.0,0.0,0.0,-1.862645149230957e-08,-1.6340811725967797e-07,-6.705522537231445e-08,27.812030792236328,27.812030792236328,44.87302017211914,44.87302017211914,0.11794667690992355,0.11794667690992355,0.5998412370681763,0.5998412370681763,0.28221216797828674,0.28221216797828674,0.0,0.0,1.9643778800964355,1.9643778800964355,-3.265880584716797,-3.265880584716797,0.14052316546440125,0.14052316546440125,0.0,0.0,-0.07262490689754486,-0.07262490689754486,0.06789825856685638,0.06789825856685638,0.6875313520431519,0.6875313520431519,-0.14259451627731323,-0.14259451627731323,-0.0366755835711956,-0.0366755835711956,-46.861289978027344,-46.861289978027344,-32.69865417480469,-32.69865417480469,-18.046876907348633,-18.046876907348633,20.0,20.0,0.0,0.0,180.0
51,0.2125,-0.4232776914569726,7.729052909700853,267.3653354551475,-0.4232776914569726,7.729052909700853,267.3653354551475,5.0,-5.0,0.0,0.0,15.0,0,0.5,0.0,0.0,4.0,4.0,4.0,7.7290520668029785,7.729051113128662,7.729052543640137,7.729052543640137,-0.39018669724464417,-0.3901713490486145,7.696592330932617,7.713010787963867,0.10258787870407104,0.10258787870407104,0.0,0.0,nan,nan,8.291972160339355,8.291972160339355,16.58394432067871,0.0,-1.7233970165252686,0.08743828535079956,0.0,0.0,0.0,0.08743828535079956,0.0,-1.7233970165252686,0.0,0.0,0.0,0.4737671911716461,0.8411648273468018,-1.4302898645401,0.0,0.0,0.0,0.0,-1.7233970165252686,0.08743828535079956,0.0,0.0,0.0,0.08743828535079956,0.0,-1.7233970165252686,-0.0,-0.0,-0.0,0.4737672805786133,-0.8411646485328674,-1.4302899837493896,0.0,0.0,0.0,4.470348358154297e-08,0.0,0.6000000238418579,-8.940696716308594e-08,0.05600005388259888,0.5999999642372131,-5.960464477539063e-08,-0.055999934673309326,0.6000000238418579,0.947534441947937,1.7881393432617188e-07,-2.8605799674987793,0.0,0.0,0.0,-1.1175870895385742e-07,-3.6924643609381747e-07,-7.82310962677002e-08,29.422452926635742,29.422452926635742,47.69276809692383,47.69276809692383,0.11794667690992355,0.11794667690992355,0.5156482458114624,0.5156482458114624,0.366405189037323,0.366405189037323,0.0,0.0,1.3993496894836426,1.3993496894836426,-3.122746706008911,-3.122746706008911,0.16130149364471436,0.16130149364471436,0.0,0.0,-0.07386322319507599,-0.07386322319507599,0.08743828535079956,0.08743828535079956,0.6875313520431519,0.6875313520431519,-0.17533646523952484,-0.17533646523952484,-0.05915629118680954,-0.05915629118680954,-55.08332824707031,-55.08332824707031,-37.51090621948242,-37.51090621948242,-22.83620834350586,-22.83620834350586,20.877853393554688,20.877853393554688,0.0,0.0,180.0
52,0.21666666666666667,-0.38881337268977256,8.798699592882011,245.59578715528804,-0.38881337268977256,8.798699592882011,245.59578715528804,5.0,-5.0,0.0,0.0,15.0,0,0.5,0.0,0.0,4.0,4.0,4.0,8.798697471618652,8.798699378967285,8.798699378967285,8.798699378967285,-0.35345396399497986,-0.3533235788345337,7.865415096282959,7.9217305183410645,0.11678532510995865,0.11678532510995865,0.0,0.0,nan,nan,10.983920097351074,10.983920097351074,21.96784019470215,0.0,-2.11802339553833,0.13733989000320435,0.0,0.0,0.0,0.13733989000320435,0.0,-2.11802339553833,0.0,0.0,0.0,0.6200483441352844,0.9694641828536987,-1.7834136486053467,0.0,0.0,0.0,0.0,-2.11802339553833,0.13733989000320435,0.0,0.0,0.0,0.13733989000320435,0.0,-2.11802339553833,-0.0,-0.0,-0.0,0.620048463344574,-0.9694638252258301,-1.7834138870239258,0.0,0.0,0.0,4.470348358154297e-08,0.0,0.6000000238418579,-1.1920928955078125e-07,0.05600005388259888,0.6000000238418579,7.450580596923828e-08,-0.055999964475631714,0.6000000238418579,1.2400968074798584,3.5762786865234375e-07,-3.5668275356292725,0.0,0.0,0.0,-1.4901161193847656e-07,-2.3917439762044523e-07,-2.384185791015625e-07,30.742801666259766,30.742807388305664,49.827266693115234,49.827266693115234,0.11794667690992355,0.11794667690992355,0.45904016494750977,0.45904016494750977,0.42301318049430847,0.42301318049430847,0.0,0.0,0.8287456035614014,0.8287456035614014,-2.9467689990997314,-2.9467689990997314,0.21263575553894043,0.21263575553894043,0.0,0.0,-0.07529588043689728,-0.07529588043689728,0.13733989000320435,0.13733989000320435,0.6875313520431519,0.6875313520431519,-0.20722396671772003,-0.20722396671772003,-0.07918713241815567,-0.07918713241815567,-62.66898727416992,-62.66898727416992,-41.961952209472656,-41.961952209472656,-27.260766983032227,-27.260766983032227,21.691307067871094,21.691307067871094,0.0,0.0,180.0
53,0.22083333333333333,-0.3500891332469549,9.771945882077274,221.1354400171331,-0.3500891332469549,9.771945882077274,221.1354400171331,5.0,-5.0,0.0,0.0,15.0,0,0.5,0.0,0.0,4.0,4.0,4.0,9.771944046020508,9.771944046020508,9.77194595336914,9.77194595336914,-0.3128495514392853,-0.3126055598258972,7.947925090789795,8.0435209274292,0.12970323860645294,0.12970323860645294,0.0,0.0,nan,nan,13.759259223937988,13.759259223937988,27.518518447875977,0.0,-2.4838132858276367,0.21405309438705444,0.0,0.0,0.0,0.21405309438705444,0.0,-2.4838132858276367,0.0,0.0,0.0,0.7892844676971436,1.0505461692810059,-2.1186153888702393,0.0,0.0,0.0,0.0,-2.4838132858276367,0.21405309438705444,0.0,0.0,0.0,0.21405309438705444,0.0,-2.4838132858276367,-0.0,-0.0,-0.0,0.7892845273017883,-1.050545573234558,-2.11861515045166,0.0,0.0,0.0,4.470348358154297e-08,0.0,0.6000000238418579,-2.9802322387695312e-08,0.05600002408027649,0.6000000238418579,-5.960464477539063e-08,-0.05599990487098694,0.5999999642372131,1.578568935394287,5.960464477539062e-07,-4.23723030090332,0.0,0.0,0.0,-3.3527612686157227e-07,-4.2588294490997214e-07,-6.332993507385254e-08,31.810546875,31.810548782348633,51.43326187133789,51.43326187133789,0.11794667690992355,0.11794667690992355,0.4165618121623993,0.4165618121623993,0.46549156308174133,0.46549156308174133,0.0,0.0,0.25728273391723633,0.25728273391723633,-2.741095781326294,-2.741095781326294,0.29089999198913574,0.29089999198913574,0.0,0.0,-0.0768468976020813,-0.0768468976020813,0.21405309438705444,0.21405309438705444,0.6875313520431519,0.6875313520431519,-0.23790986835956573,-0.23790986835956573,-0.09655079990625381,-0.09655079990625381,-69.54007720947266,-69.54007720947266,-46.005615234375,-46.005615234375,-31.274667739868164,-31.274667739868164,22.431447982788086,22.431447982788086,0.0,0.0,180.0
54,0.225,-0.30752924399942205,10.638128687277375,194.25228672258424,-0.30752924399942205,10.638128687277375,194.25228672258424,5.0,-5.0,0.0,0.0,15.0,0,0.5,0.0,0.0,4.0,4.0,4.0,10.6381254196167,10.638129234313965,10.638128280639648,10.638129234313965,-0.268818736076355,-0.2684638500213623,7.943155765533447,8.076977729797363,0.14120009541511536,0.14120009541511536,0.0,0.0,nan,nan,16.490360260009766,16.490360260009766,32.98072052001953,0.0,-2.8163435459136963,0.3124285340309143,0.0,0.0,0.0,0.3124285340309143,0.0,-2.8163435459136963,0.0,0.0,0.0,0.9748148322105408,1.0815327167510986,-2.4309310913085938,0.0,0.0,0.0,0.0,-2.8163435459136963,0.3124285340309143,0.0,0.0,0.0,0.3124285340309143,0.0,-2.8163435459136963,-0.0,-0.0,-0.0,0.9748150706291199,-1.0815324783325195,-2.4309310913085938,0.0,0.0,0.0,4.470348358154297e-08,0.0,0.6000000238418579,-4.470348358154297e-08,0.0559999942779541,0.6000000238418579,-2.9802322387695312e-08,-0.055999934673309326,0.5999999642372131,1.9496299028396606,2.384185791015625e-07,-4.8618621826171875,0.0,0.0,0.0,-2.086162567138672e-07,-4.5656415181838383e-07,-5.960464477539063e-08,32.66132736206055,32.66133499145508,52.6333122253418,52.6333122253418,0.11794667690992355,0.11794667690992355,0.3882598280906677,0.3882598280906677,0.4937935173511505,0.4937935173511505,0.0,0.0,-0.3073969781398773,-0.3073969781398773,-2.508946657180786,-2.508946657180786,0.39086174964904785,0.39086174964904785,0.0,0.0,-0.07843320816755295,-0.07843320816755295,0.3124285340309143,0.3124285340309143,0.6875313520431519,0.6875313520431519,-0.26707345247268677,-0.26707345247268677,-0.1110726147890091,-0.1110726147890091,-75.62899017333984,-75.62899017333984,-49.6018180847168,-49.6018180847168,-34.83816146850586,-34.83816146850586,23.09016990661621,23.09016990661621,0.0,0.0,180.0
55,0.22916666666666666,-0.2616000000000002,11.38775792840811,165.2408647247986,-0.2616000000000002,11.38775792840811,165.2408647247986,5.0,-5.0,0.0,0.0,15.0,0,0.5,0.0,0.0,4.0,4.0,4.0,11.387757301330566,11.387755393981934,11.387758255004883,11.387758255004883,-0.22184622287750244,-0.221384197473526,7.850795745849609,8.021371841430664,0.1511499434709549,0.1511499434709549,0.0,0.0,nan,nan,19.040014266967773,19.040014266967773,38.08002853393555,0.0,-3.1088550090789795,0.4257430136203766,0.0,0.0,0.0,0.4257430136203766,0.0,-3.1088550090789795,0.0,0.0,0.0,1.167574167251587,1.0608117580413818,-2.712505578994751,0.0,0.0,0.0,0.0,-3.1088550090789795,0.4257430136203766,0.0,0.0,0.0,0.4257430136203766,0.0,-3.1088550090789795,-0.0,-0.0,-0.0,1.167574167251587,-1.0608110427856445,-2.71250581741333,0.0,0.0,0.0,4.470348358154297e-08,0.0,0.6000000238418579,-5.960464477539063e-08,0.05600005388259888,0.6000000238418579,-1.043081283569336e-07,-0.05599990487098694,0.5999999642372131,2.335148334503174,7.152557373046875e-07,-5.42501163482666,0.0,0.0,0.0,-4.470348358154297e-07,-7.567240345451864e-07,-1.2665987014770508e-07,33.32706069946289,33.32706069946289,53.52107620239258,53.52107620239258,0.11794667690992355,0.11794667690992355,0.37411409616470337,0.37411409616470337,0.5079392194747925,0.5079392194747925,0.0,0.0,-0.8553740978240967,-0.8553740978240967,-2.253480911254883,-2.253480911254883,0.5057113766670227,0.5057113766670227,0.0,0.0,-0.07996834814548492,-0.07996834814548492,0.4257430136203766,0.4257430136203766,0.6875313520431519,0.6875313520431519,-0.29442280530929565,-0.29442280530929565,-0.12262101471424103,-0.12262101471424103,-80.8786849975586,-80.8786849975586,-52.716636657714844,-52.716636657714844,-37.91768264770508,-37.91768264770508,23.660253524780273,23.660253524780273,0.0,0.0,180.0
56,0.23333333333333334,-0.21280461165725864,12.012620510633663,134.41902923421384,-0.21280461165725864,12.012620510633663,134.41902923421384,5.0,-5.0,0.0,0.0,15.0,0,0.5,0.0,0.0,4.0,4.0,4.0,12.012622833251953,12.012619018554688,12.012621879577637,12.012621879577637,-0.1724501997232437,-0.1718861311674118,7.671280384063721,7.8767170906066895,0.15944376587867737,0.15944376587867737,0.0,0.0,nan,nan,21.268205642700195,21.268205642700195,42.53641128540039,0.0,-3.352978229522705,0.5460072755813599,0.0,0.0,0.0,0.5460072755813599,0.0,-3.352978229522705,0.0,0.0,0.0,1.3566049337387085,0.9890193939208984,-2.9533119201660156,0.0,0.0,0.0,0.0,-3.352978229522705,0.5460072755813599,0.0,0.0,0.0,0.5460072755813599,0.0,-3.352978229522705,-0.0,-0.0,-0.0,1.356604814529419,-0.9890182614326477,-2.953312397003174,0.0,0.0,0.0,4.470348358154297e-08,0.0,0.6000000238418579,1.4901161193847656e-08,0.056000083684921265,0.6000000238418579,-1.4901161193847656e-08,-0.055999964475631714,0.6000000238418579,2.713209629058838,1.1324882507324219e-06,-5.9066243171691895,0.0,0.0,0.0,-3.129243850708008e-07,-2.6404669029034267e-07,-1.341104507446289e-07,33.83513259887695,33.83513259887695,54.16705322265625,54.16705322265625,0.11794667690992355,0.11794667690992355,0.3599705994129181,0.3599705994129181,0.5220827460289001,0.5220827460289001,0.0,0.0,-1.3752729892730713,-1.3752729892730713,-1.977705478668213,-1.977705478668213,0.6273742318153381,0.6273742318153381,0.0,0.0,-0.0813668966293335,-0.0813668966293335,0.5460072755813599,0.5460072755813599,0.6875313520431519,0.6875313520431519,-0.3196948766708374,-0.3196948766708374,-0.13110613822937012,-0.13110613822937012,-85.24230194091797,-85.24230194091797,-55.32205581665039,-55.32205581665039,-40.48560333251953,-40.48560333251953,24.135456085205078,24.135456085205078,0.0,0.0,180.0
57,0.2375,-0.16167769145697258,12.505870308742256,102.12447073034905,-0.16167769145697258,12.505870308742256,102.12447073034905,5.0,-5.0,0.0,0.0,15.0,0,0.5,0.0,0.0,4.0,4.0,4.0,12.50586986541748,12.505867004394531,12.50586986541748,12.50586986541748,-0.1211763471364975,-0.12051628530025482,7.40586519241333,7.643869876861572,0.1659906804561615,0.1659906804561615,0.0,0.0,nan,nan,23.041179656982422,23.041179656982422,46.082359313964844,0.0,-3.539578437805176,0.6645023226737976,0.0,0.0,0.0,0.6645023226737976,0.0,-3.539578437805176,0.0,0.0,0.0,1.5298748016357422,0.869857668876648,-3.142134666442871,0.0,0.0,0.0,0.0,-3.539578437805176,0.6645023226737976,0.0,0.0,0.0,0.6645023226737976,0.0,-3.539578437805176,-0.0,-0.0,-0.0,1.5298746824264526,-0.8698567748069763,-3.14213490486145,0.0,0.0,0.0,4.470348358154297e-08,0.0,0.6000000238418579,-1.4901161193847656e-08,0.05600005388259888,0.6000000238418579,-4.470348358154297e-08,-0.05599990487098694,0.5999999642372131,3.0597496032714844,8.940696716308594e-07,-6.284269332885742,0.0,0.0,0.0,-5.066394805908203e-07,-5.594022240984486e-07,-2.1606683731079102e-07,34.208213806152344,34.208213806152344,54.62337875366211,54.62337875366211,0.11794667690992355,0.11794667690992355,0.34582775831222534,0.34582775831222534,0.5362256169319153,0.5362256169319153,0.0,0.0,-1.8551560640335083,-1.8551560640335083,-1.684422254562378,-1.684422254562378,0.7470517754554749,0.7470517754554749,0.0,0.0,-0.08254943788051605,-0.08254943788051605,0.6645023226737976,0.6645023226737976,0.6875313520431519,0.6875313520431519,-0.3426550030708313,-0.3426550030708313,-0.13647718727588654,-0.13647718727588654,-88.6827163696289,-88.6827163696289,-57.395782470703125,-57.395782470703125,-42.52003479003906,-42.52003479003906,24.51056671142578,24.51056671142578,0.0,0.0,180.0
58,0.24166666666666667,-0.10877939663585197,12.862103174726663,68.71101515424316,-0.10877939663585197,12.862103174726663,68.71101515424316,5.0,-5.0,0.0,0.0,15.0,0,0.5,0.0,0.0,4.0,4.0,4.0,12.862103462219238,12.862100601196289,12.862103462219238,12.862103462219238,-0.06859129667282104,-0.06784234195947647,7.056676387786865,7.324594020843506,0.1707189679145813,0.1707189679145813,0.0,0.0,nan,nan,24.241369247436523,24.241369247436523,48.48273849487305,0.0,-3.659621238708496,0.7724611759185791,0.0,0.0,0.0,0.7724611759185791,0.0,-3.659621238708496,0.0,0.0,0.0,1.6752947568893433,0.7105360627174377,-3.267728567123413,0.0,0.0,0.0,0.0,-3.659621238708496,0.7724611759185791,0.0,0.0,0.0,0.7724611759185791,0.0,-3.659621238708496,-0.0,-0.0,-0.0,1.6752946376800537,-0.7105352282524109,-3.267728805541992,0.0,0.0,0.0,4.470348358154297e-08,0.0,0.6000000238418579,0.0,0.05600005388259888,0.6000000238418579,-7.450580596923828e-08,-0.05599990487098694,0.5999999642372131,3.3505892753601074,8.344650268554688e-07,-6.535457611083984,0.0,0.0,0.0,-5.21540641784668e-07,-6.35477817922947e-07,-2.0116567611694336e-07,34.464237213134766,34.4642333984375,54.927406311035156,54.92740249633789,0.11794667690992355,0.11794667690992355,0.33168351650238037,0.33168351650238037,0.5503698587417603,0.5503698587417603,0.0,0.0,-2.2834019660949707,-2.2834019660949707,-1.3762192726135254,-1.3762192726135254,0.8559087514877319,0.8559087514877319,0.0,0.0,-0.08344756811857224,-0.08344756811857224,0.7724611759185791,0.7724611759185791,0.6875313520431519,0.6875313520431519,-0.3630954921245575,-0.3630954921245575,-0.13871921598911285,-0.13871921598911285,-91.17183685302734,-91.17183685302734,-58.920772552490234,-58.920772552490234,-44.004371643066406,-44.004371643066406,24.781476974487305,24.781476974487305,0.0,0.0,180.0
59,0.24583333333333332,-0.05468929198163673,13.077416146760637,34.54474731740306,-0.05468929198163673,13.077416146760637,34.54474731740306,5.0,-5.0,0.0,0.0,15.0,0,0.5,0.0,0.0,4.0,4.0,4.0,13.077411651611328,13.077411651611328,13.07741641998291,13.07741641998291,-0.01527581736445427,-0.014446042478084564,6.626794815063477,6.921618461608887,0.17357681691646576,0.17357681691646576,0.0,0.0,nan,nan,24.776870727539062,24.776870727539062,49.553741455078125,0.0,-3.704998016357422,0.8617952466011047,0.0,0.0,0.0,0.8617952466011047,0.0,-3.704998016357422,0.0,0.0,0.0,1.7817952632904053,0.5217998623847961,-3.320034980773926,0.0,0.0,0.0,0.0,-3.704998016357422,0.8617952466011047,0.0,0.0,0.0,0.8617952466011047,0.0,-3.704998016357422,-0.0,-0.0,-0.0,1.7817955017089844,-0.5217990279197693,-3.320034980773926,0.0,0.0,0.0,4.470348358154297e-08,0.0,0.6000000238418579,-1.341104507446289e-07,0.05600005388259888,0.5999999642372131,-8.940696716308594e-08,-0.055999934673309326,0.6000000238418579,3.5635907649993896,8.344650268554688e-07,-6.640069961547852,0.0,0.0,0.0,-3.5762786865234375e-07,-1.1451231785031268e-06,-2.3096799850463867e-07,34.61635208129883,34.61635971069336,55.10426712036133,55.10426712036133,0.11794667690992355,0.11794667690992355,0.33168351650238037,0.33168351650238037,0.5503698587417603,0.5503698587417603,0.0,0.0,-2.64949369430542,-2.64949369430542,-1.055504560470581,-1.055504560470581,0.9458039402961731,0.9458039402961731,0.0,0.0,-0.08400866389274597,-0.08400866389274597,0.8617952466011047,0.8617952466011047,0.6875313520431519,0.6875313520431519,-0.38083311915397644,-0.38083311915397644,-0.137848362326622,-0.137848362326622,-92.68999481201172,-92.68999481201172,-59.88494110107422,-59.88494110107422,-44.926971435546875,-44.926971435546875,24.945220947265625,24.945220947265625,0.0,0.0,180.0
60,0.25,-1.2814704106277904e-16,13.149450210865439,8.094467842942609e-14,-1.2814704106277904e-16,13.149450210865439,8.094467842942609e-14,5.0,-5.0,0.0,0.0,15.0,0,0.5,0.0,0.0,4.0,4.0,4.0,13.14945125579834,13.14944839477539,13.149450302124023,13.149450302124023,0.03785882517695427,0.03876300901174545,6.0684919357299805,6.385886192321777,0.1745329201221466,0.1745329201221466,0.0,0.0,nan,nan,22.978927612304688,22.978927612304688,45.957855224609375,0.0,-3.19177508354187,0.9701002836227417,0.0,0.0,0.0,0.9701002836227417,0.0,-3.19177508354187,0.0,0.0,0.0,1.760039210319519,0.27611708641052246,-2.820380210876465,0.0,0.0,0.0,0.0,-3.19177508354187,0.9701002836227417,0.0,0.0,0.0,0.9701002836227417,0.0,-3.19177508354187,-0.0,-0.0,-0.0,1.760039210319519,-0.27611640095710754,-2.820380210876465,0.0,0.0,0.0,4.470348358154297e-08,0.0,0.6000000238418579,0.0,0.05600005388259888,0.6000000238418579,-5.960464477539063e-08,-0.055999934673309326,0.6000000238418579,3.520078420639038,6.854534149169922e-07,-5.64076042175293,0.0,0.0,0.0,-3.427267074584961e-07,-4.2026937308037304e-07,-1.9371509552001953e-07,34.67287063598633,34.67287063598633,55.16856002807617,55.16856002807617,0.11794667690992355,0.11794667690992355,0.33168351650238037,0.33168351650238037,0.5503698587417603,0.5503698587417603,0.0,0.0,-3.19177508354187,-3.19177508354187,-1.0689513442701908e-15,-1.0689513442701908e-15,1.0542998313903809,1.0542998313903809,0.0,0.0,-0.08419948071241379,-0.08419948071241379,0.9701002836227417,0.9701002836227417,0.6875313520431519,0.6875313520431519,-0.4086047410964966,-0.4086047410964966,-0.14680534601211548,-0.14680534601211548,-93.22547149658203,-93.22547149658203,-60.28449249267578,-60.28449249267578,-45.28449249267578,-45.28449249267578,25.0,25.0,0.0,0.0,180.0
61,0.25416666666666665,0.05468929198163601,13.077416146760639,-34.5447473174026,0.05468929198163601,13.077416146760639,-34.5447473174026,5.0,-5.0,0.0,0.0,15.0,0,0.5,0.0,0.0,4.0,4.0,4.0,13.077413558959961,13.077415466308594,13.077417373657227,13.07741641998291,0.09119296073913574,0.09215692430734634,5.542169094085693,5.880609512329102,0.17357681691646576,0.17357681691646576,0.0,0.0,nan,nan,23.661972045898438,23.661972045898438,47.323944091796875,0.0,-3.5482778549194336,0.959634006023407,0.0,0.0,0.0,0.959634006023407,0.0,-3.5482778549194336,0.0,0.0,0.0,1.8448281288146973,0.11326973885297775,-3.177255630493164,0.0,0.0,0.0,0.0,-3.5482778549194336,0.959634006023407,0.0,0.0,0.0,0.959634006023407,0.0,-3.5482778549194336,-0.0,-0.0,-0.0,1.8448281288146973,-0.11326901614665985,-3.177255630493164,0.0,0.0,0.0,4.470348358154297e-08,0.0,0.6000000238418579,-1.2665987014770508e-07,0.05600002408027649,0.5999999642372131,-1.4901161193847656e-08,-0.055999964475631714,0.6000000238418579,3.6896562576293945,7.227063179016113e-07,-6.354511260986328,0.0,0.0,0.0,-1.9371509552001953e-07,-8.438047416348127e-07,-1.2665987014770508e-07,34.63703918457031,34.63703918457031,55.12528610229492,55.12528610229492,0.11794667690992355,0.11794667690992355,0.33168351650238037,0.33168351650238037,0.5503698587417603,0.5503698587417603,0.0,0.0,-3.162571907043457,-3.162571907043457,-0.3857057988643646,-0.3857057988643646,1.0436427593231201,1.0436427593231201,0.0,0.0,-0.08400866389274597,-0.08400866389274597,0.959634006023407,0.959634006023407,0.6875313520431519,0.6875313520431519,-0.4075804352760315,-0.4075804352760315,-0.12696640193462372,-0.12696640193462372,-92.77405548095703,-92.77405548095703,-60.105342864990234,-60.105342864990234,-45.06331253051758,-45.06331253051758,24.945220947265625,24.945220947265625,0.0,0.0,180.0
62,0.2583333333333333,0.10877939663585125,12.862103174726666,-68.71101515424272,0.10877939663585125,12.862103174726666,-68.71101515424272,5.0,-5.0,0.0,0.0,15.0,0,0.5,0.0,0.0,4.0,4.0,4.0,12.862104415893555,12.862102508544922,12.862103462219238,12.862103462219238,0.14317482709884644,0.1441907435655594,4.898515224456787,5.253173828125,0.1707189679145813,0.1707189679145813,0.0,0.0,nan,nan,22.019763946533203,22.019763946533203,44.039527893066406,0.0,-3.340590000152588,0.9608744978904724,0.0,0.0,0.0,0.9608744978904724,0.0,-3.340590000152588,0.0,0.0,0.0,1.792528510093689,-0.07402873039245605,-2.9772777557373047,0.0,0.0,0.0,0.0,-3.340590000152588,0.9608744978904724,0.0,0.0,0.0,0.9608744978904724,0.0,-3.340590000152588,-0.0,-0.0,-0.0,1.7925286293029785,0.07402940839529037,-2.9772777557373047,0.0,0.0,0.0,4.470348358154297e-08,0.0,0.6000000238418579,-8.940696716308594e-08,0.05600005388259888,0.5999999642372131,1.4901161193847656e-08,-0.055999964475631714,0.6000000238418579,3.585057258605957,6.780028343200684e-07,-5.954555511474609,0.0,0.0,0.0,-2.682209014892578e-07,-5.948568855274061e-07,-1.4901161193847656e-07,34.50687026977539,34.50687026977539,54.97015380859375,54.97015380859375,0.11794667690992355,0.11794667690992355,0.33168351650238037,0.33168351650238037,0.5503698587417603,0.5503698587417603,0.0,0.0,-3.2993273735046387,-3.2993273735046387,-0.04126247018575668,-0.04126247018575668,1.0443220138549805,1.0443220138549805,0.0,0.0,-0.08344756811857224,-0.08344756811857224,0.9608744978904724,0.9608744978904724,0.6875313520431519,0.6875313520431519,-0.4163326621055603,-0.4163326621055603,-0.11711011826992035,-0.11711011826992035,-91.33904266357422,-91.33904266357422,-59.35974884033203,-59.35974884033203,-44.276145935058594,-44.276145935058594,24.781476974487305,24.781476974487305,0.0,0.0,180.0
63,0.2625,0.16167769145697236,12.505870308742258,-102.1244707303489,0.16167769145697236,12.505870308742258,-102.1244707303489,5.0,-5.0,0.0,0.0,15.0,0,0.5,0.0,0.0,4.0,4.0,4.0,12.505867004394531,12.505868911743164,12.50586986541748,12.50586986541748,0.1935575008392334,0.19461442530155182,4.1963043212890625,4.563189506530762,0.1659906804561615,0.1659906804561615,0.0,0.0,nan,nan,19.73407745361328,19.73407745361328,39.46815490722656,0.0,-3.0477731227874756,0.929520308971405,0.0,0.0,0.0,0.929520308971405,0.0,-3.0477731227874756,0.0,0.0,0.0,1.6844470500946045,-0.22855328023433685,-2.695056676864624,0.0,0.0,0.0,0.0,-3.0477731227874756,0.929520308971405,0.0,0.0,0.0,0.929520308971405,0.0,-3.0477731227874756,-0.0,-0.0,-0.0,1.6844474077224731,0.2285538911819458,-2.695056438446045,0.0,0.0,0.0,4.470348358154297e-08,0.0,0.6000000238418579,-1.341104507446289e-07,0.05600002408027649,0.5999999642372131,-1.4901161193847656e-08,-0.05599990487098694,0.5999999642372131,3.368894577026367,6.109476089477539e-07,-5.39011287689209,0.0,0.0,0.0,-3.2782554626464844e-07,-8.433532912022201e-07,-1.564621925354004e-07,34.27505874633789,34.275062561035156,54.68935775756836,54.689361572265625,0.11794667690992355,0.11794667690992355,0.34582775831222534,0.34582775831222534,0.5362256169319153,0.5362256169319153,0.0,0.0,-3.3539724349975586,-3.3539724349975586,0.3061996400356293,0.3061996400356293,1.0120697021484375,1.0120697021484375,0.0,0.0,-0.08254943788051605,-0.08254943788051605,0.929520308971405,0.929520308971405,0.6875313520431519,0.6875313520431519,-0.42186641693115234,-0.42186641693115234,-0.10444542020559311,-0.10444542020559311,-88.93122863769531,-88.93122863769531,-58.04961395263672,-58.04961395263672,-42.925357818603516,-42.925357818603516,24.51056671142578,24.51056671142578,0.0,0.0,180.0
64,0.26666666666666666,0.21280461165725842,12.012620510633665,-134.4190292342137,0.21280461165725842,12.012620510633665,-134.4190292342137,5.0,-5.0,0.0,0.0,15.0,0,0.5,0.0,0.0,4.0,4.0,4.0,12.012622833251953,12.01262092590332,12.01262092590332,12.01262092590332,0.24178996682167053,0.24287661910057068,3.443376064300537,3.818385124206543,0.15944376587867737,0.15944376587867737,0.0,0.0,nan,nan,16.918792724609375,16.918792724609375,33.83758544921875,0.0,-2.6744585037231445,0.8680248260498047,0.0,0.0,0.0,0.8680248260498047,0.0,-2.6744585037231445,0.0,0.0,0.0,1.5251439809799194,-0.3365868926048279,-2.338127613067627,0.0,0.0,0.0,0.0,-2.6744585037231445,0.8680248260498047,0.0,0.0,0.0,0.8680248260498047,0.0,-2.6744585037231445,-0.0,-0.0,-0.0,1.5251439809799194,0.33658748865127563,-2.338127374649048,0.0,0.0,0.0,4.470348358154297e-08,0.0,0.6000000238418579,-1.4901161193847656e-08,0.05600005388259888,0.5999999642372131,-8.940696716308594e-08,-0.055999964475631714,0.6000000238418579,3.050287961959839,5.960464477539062e-07,-4.676255226135254,0.0,0.0,0.0,-2.5331974029541016e-07,-5.43836222277605e-07,-1.564621925354004e-07,33.929054260253906,33.929054260253906,54.25863265991211,54.25863265991211,0.11794667690992355,0.11794667690992355,0.34582775831222534,0.34582775831222534,0.5362256169319153,0.5362256169319153,0.0,0.0,-3.3283002376556396,-3.3283002376556396,0.6538419723510742,0.6538419723510742,0.9493916630744934,0.9493916630744934,0.0,0.0,-0.0813668966293335,-0.0813668966293335,0.8680248260498047,0.8680248260498047,0.6875313520431519,0.6875313520431519,-0.4241059124469757,-0.4241059124469757,-0.08909580856561661,-0.08909580856561661,-85.56938934326172,-85.56938934326172,-56.185123443603516,-56.185123443603516,-41.021575927734375,-41.021575927734375,24.135456085205078,24.135456085205078,0.0,0.0,180.0
65,0.2708333333333333,0.2615999999999996,11.387757928408119,-165.24086472479823,0.2615999999999996,11.387757928408119,-165.24086472479823,5.0,-5.0,0.0,0.0,15.0,0,0.5,0.0,0.0,4.0,4.0,4.0,11.38775634765625,11.387758255004883,11.387758255004883,11.387758255004883,0.2873462736606598,0.2884508967399597,2.648386240005493,3.0273144245147705,0.1511499434709549,0.1511499434709549,0.0,0.0,nan,nan,13.72516918182373,13.72516918182373,27.45033836364746,0.0,-2.228184700012207,0.7810051441192627,0.0,0.0,0.0,0.7810051441192627,0.0,-2.228184700012207,0.0,0.0,0.0,1.3222825527191162,-0.38790759444236755,-1.917256474494934,0.0,0.0,0.0,0.0,-2.228184700012207,0.7810051441192627,0.0,0.0,0.0,0.7810051441192627,0.0,-2.228184700012207,-0.0,-0.0,-0.0,1.3222825527191162,0.38790807127952576,-1.917256474494934,0.0,0.0,0.0,4.470348358154297e-08,0.0,0.6000000238418579,-1.2665987014770508e-07,0.05600002408027649,0.5999999642372131,2.9802322387695312e-08,-0.055999964475631714,0.6000000238418579,2.6445651054382324,4.76837158203125e-07,-3.834512948989868,0.0,0.0,0.0,-1.4156103134155273e-07,-4.3593101395345e-07,-2.2351741790771484e-08,33.45112609863281,33.45112228393555,53.641597747802734,53.641597747802734,0.11794667690992355,0.11794667690992355,0.3599705994129181,0.3599705994129181,0.5220827460289001,0.5220827460289001,0.0,0.0,-3.226665496826172,-3.226665496826172,0.998481035232544,0.998481035232544,0.8609734773635864,0.8609734773635864,0.0,0.0,-0.07996834814548492,-0.07996834814548492,0.7810051441192627,0.7810051441192627,0.6875313520431519,0.6875313520431519,-0.42299923300743103,-0.42299923300743103,-0.07120217382907867,-0.07120217382907867,-81.2807846069336,-81.2807846069336,-53.78126907348633,-53.78126907348633,-38.580223083496094,-38.580223083496094,23.660253524780273,23.660253524780273,0.0,0.0,180.0
66,0.275,0.30752924399942216,10.638128687277371,-194.25228672258433,0.30752924399942216,10.638128687277371,-194.25228672258433,5.0,-5.0,0.0,0.0,15.0,0,0.5,0.0,0.0,4.0,4.0,4.0,10.638126373291016,10.638126373291016,10.638128280639648,10.638128280639648,0.32973089814186096,0.3308415710926056,1.8206133842468262,2.199239730834961,0.14120009541511536,0.14120009541511536,0.0,0.0,nan,nan,10.33301830291748,10.33301830291748,20.66603660583496,0.0,-1.7190345525741577,0.6747884750366211,0.0,0.0,0.0,0.6747884750366211,0.0,-1.7190345525741577,0.0,0.0,0.0,1.0859016180038452,-0.376674085855484,-1.4454596042633057,0.0,0.0,0.0,0.0,-1.7190345525741577,0.6747884750366211,0.0,0.0,0.0,0.6747884750366211,0.0,-1.7190345525741577,-0.0,-0.0,-0.0,1.0859016180038452,0.3766743838787079,-1.4454596042633057,0.0,0.0,0.0,4.470348358154297e-08,0.0,0.6000000238418579,-1.043081283569336e-07,0.05600002408027649,0.5999999642372131,0.0,-0.055999934673309326,0.6000000238418579,2.1718032360076904,2.980232238769531e-07,-2.8909192085266113,0.0,0.0,0.0,-1.564621925354004e-07,-3.447321432759054e-07,-5.960464477539063e-08,32.81843185424805,32.81843185424805,52.78731918334961,52.78731918334961,0.11794667690992355,0.11794667690992355,0.3882598280906677,0.3882598280906677,0.4937935173511505,0.4937935173511505,0.0,0.0,-3.0555949211120605,-3.0555949211120605,1.3365604877471924,1.3365604877471924,0.7532216906547546,0.7532216906547546,0.0,0.0,-0.07843320816755295,-0.07843320816755295,0.6747884750366211,0.6747884750366211,0.6875313520431519,0.6875313520431519,-0.4185221195220947,-0.4185221195220947,-0.05092410370707512,-0.05092410370707512,-76.1016845703125,-76.1016845703125,-50.858245849609375,-50.858245849609375,-35.62189865112305,-35.62189865112305,23.09016990661621,23.09016990661621,0.0,0.0,180.0
67,0.2791666666666667,0.35008913324695473,9.77194588207728,-221.135440017133,0.35008913324695473,9.77194588207728,-221.135440017133,5.0,-5.0,0.0,0.0,15.0,0,0.5,0.0,0.0,4.0,4.0,4.0,9.77194595336914,9.771944046020508,9.77194595336914,9.77194595336914,0.36848390102386475,0.36958861351013184,0.9698535203933716,1.3439693450927734,0.12970323860645294,0.12970323860645294,0.0,0.0,nan,nan,6.938737392425537,6.938737392425537,13.877474784851074,0.0,-1.159053087234497,0.5568212866783142,0.0,0.0,0.0,0.5568212866783142,0.0,-1.159053087234497,0.0,0.0,0.0,0.8274807929992676,-0.30185675621032715,-0.9368094801902771,0.0,0.0,0.0,0.0,-1.159053087234497,0.5568212866783142,0.0,0.0,0.0,0.5568212866783142,0.0,-1.159053087234497,-0.0,-0.0,-0.0,0.8274807333946228,0.3018568754196167,-0.9368094205856323,0.0,0.0,0.0,4.470348358154297e-08,0.0,0.6000000238418579,-7.450580596923828e-08,0.05600005388259888,0.5999999642372131,-7.450580596923828e-08,-0.055999934673309326,0.6000000238418579,1.6549615859985352,1.1920928955078125e-07,-1.8736188411712646,0.0,0.0,0.0,-1.341104507446289e-07,-2.726744696701644e-07,-1.0058283805847168e-07,32.003082275390625,32.003082275390625,51.626708984375,51.626705169677734,0.11794667690992355,0.11794667690992355,0.4165618121623993,0.4165618121623993,0.46549156308174133,0.46549156308174133,0.0,0.0,-2.823221206665039,-2.823221206665039,1.6641682386398315,1.6641682386398315,0.6336681842803955,0.6336681842803955,0.0,0.0,-0.0768468976020813,-0.0768468976020813,0.5568212866783142,0.5568212866783142,0.6875313520431519,0.6875313520431519,-0.41068142652511597,-0.41068142652511597,-0.028441643342375755,-0.028441643342375755,-70.07818603515625,-70.07818603515625,-47.441864013671875,-47.441864013671875,-32.17280578613281,-32.17280578613281,22.431447982788086,22.431447982788086,0.0,0.0,180.0
68,0.2833333333333333,0.3888133726897724,8.798699592882016,-245.59578715528792,0.3888133726897724,8.798699592882016,-245.59578715528792,5.0,-5.0,0.0,0.0,15.0,0,0.5,0.0,0.0,4.0,4.0,4.0,8.798697471618652,8.798700332641602,8.798699378967285,8.798699378967285,0.4031856954097748,0.4042724668979645,0.10621678829193115,0.4716775417327881,0.11678532510995865,0.11678532510995865,0.0,0.0,nan,nan,3.7410473823547363,3.7410473823547363,7.482094764709473,0.0,-0.5614643096923828,0.4350121021270752,0.0,0.0,0.0,0.4350121021270752,0.0,-0.5614643096923828,0.0,0.0,0.0,0.5589218735694885,-0.16710157692432404,-0.40516796708106995,0.0,0.0,0.0,0.0,-0.5614643096923828,0.4350121021270752,0.0,0.0,0.0,0.4350121021270752,0.0,-0.5614643096923828,-0.0,-0.0,-0.0,0.5589218735694885,0.1671016812324524,-0.40516793727874756,0.0,0.0,0.0,4.470348358154297e-08,0.0,0.6000000238418579,-1.1920928955078125e-07,0.0559999942779541,0.5999999642372131,7.450580596923828e-08,-0.0559999942779541,0.6000000238418579,1.117843747138977,1.043081283569336e-07,-0.8103358745574951,0.0,0.0,0.0,-1.1175870895385742e-08,-8.765159975610004e-08,2.9802322387695312e-08,30.97215461730957,30.97215461730957,50.06764221191406,50.06764221191406,0.11794667690992355,0.11794667690992355,0.45904016494750977,0.45904016494750977,0.42301318049430847,0.42301318049430847,0.0,0.0,-2.5385632514953613,-2.5385632514953613,1.9770989418029785,1.9770989418029785,0.510308027267456,0.510308027267456,0.0,0.0,-0.07529588043689728,-0.07529588043689728,0.4350121021270752,0.4350121021270752,0.6875313520431519,0.6875313520431519,-0.39951926469802856,-0.39951926469802856,-0.003957314416766167,-0.003957314416766167,-63.26660919189453,-63.26660919189453,-43.56381607055664,-43.56381607055664,-28.265003204345703,-28.265003204345703,21.691307067871094,21.691307067871094,0.0,0.0,180.0
69,0.2875,0.42327769145697214,7.729052909700868,-267.3653354551472,0.42327769145697214,7.729052909700868,-267.3653354551472,5.0,-5.0,0.0,0.0,15.0,0,0.5,0.0,0.0,4.0,4.0,4.0,7.729053020477295,7.729052543640137,7.729052543640137,7.729053020477295,0.43346092104911804,0.43451786041259766,-0.7600602507591248,-0.4072924852371216,0.10258787870407104,0.10258787870407104,0.0,0.0,nan,nan,0.9259294271469116,0.9259294271469116,1.8518588542938232,0.0,0.06025876849889755,0.3170948326587677,0.0,0.0,0.0,0.3170948326587677,0.0,0.06025876849889755,0.0,0.0,0.0,0.2915695607662201,0.019905680790543556,0.13700810074806213,0.0,0.0,0.0,0.0,0.06025876849889755,0.3170948326587677,0.0,0.0,0.0,0.3170948326587677,0.0,0.06025876849889755,-0.0,-0.0,-0.0,0.2915695607662201,-0.01990569941699505,0.13700811564922333,0.0,0.0,0.0,4.470348358154297e-08,0.0,0.6000000238418579,-4.470348358154297e-08,0.05600005388259888,0.5999999642372131,-5.960464477539063e-08,-0.055999964475631714,0.5999999642372131,0.5831391215324402,-1.862645149230957e-08,0.27401620149612427,0.0,0.0,0.0,1.1175870895385742e-08,-8.217261537879494e-09,-2.60770320892334e-08,29.688247680664062,29.68825340270996,47.989009857177734,47.98902130126953,0.11794667690992355,0.11794667690992355,0.5015096664428711,0.5015096664428711,0.38054367899894714,0.38054367899894714,0.0,0.0,-2.2106995582580566,-2.2106995582580566,2.270958185195923,2.270958185195923,0.3909580409526825,0.3909580409526825,0.0,0.0,-0.07386322319507599,-0.07386322319507599,0.3170948326587677,0.3170948326587677,0.6875313520431519,0.6875313520431519,-0.3851169943809509,-0.3851169943809509,0.02230161242187023,0.02230161242187023,-55.73393630981445,-55.73393630981445,-39.261966705322266,-39.261966705322266,-23.936664581298828,-23.936664581298828,20.877853393554688,20.877853393554688,0.0,0.0,180.0
70,0.2916666666666667,0.4531044912600184,6.574725105432716,-286.20557318996686,0.4531044912600184,6.574725105432716,-286.20557318996686,5.0,-5.0,0.0,0.0,15.0,0,0.5,0.0,0.0,4.0,4.0,4.0,6.574724197387695,6.5747246742248535,6.574725151062012,6.574725151062012,0.45898184180259705,0.4599974751472473,-1.6188337802886963,-1.2826377153396606,0.0872664600610733,0.0872664600610733,0.0,0.0,nan,nan,-1.3474327325820923,-1.3474327325820923,-2.6948654651641846,0.0,0.6934417486190796,0.2100943773984909,0.0,0.0,0.0,0.2100943773984909,0.0,0.6934417486190796,0.0,0.0,0.0,0.03537857159972191,0.24848680198192596,0.6797086000442505,0.0,0.0,0.0,0.0,0.6934417486190796,0.2100943773984909,0.0,0.0,0.0,0.2100943773984909,0.0,0.6934417486190796,-0.0,-0.0,-0.0,0.03537857532501221,-0.24848689138889313,0.6797085404396057,0.0,0.0,0.0,4.470348358154297e-08,0.0,0.6000000238418579,-9.685754776000977e-08,0.05600002408027649,0.5999999642372131,-8.940696716308594e-08,-0.055999934673309326,0.6000000238418579,0.07075715065002441,-8.940696716308594e-08,1.359417200088501,0.0,0.0,0.0,7.82310962677002e-08,1.85267538199696e-07,-4.889443516731262e-09,28.110885620117188,28.110885620117188,45.23462677001953,45.23462677001953,0.11794667690992355,0.11794667690992355,0.5859286785125732,0.5859286785125732,0.296124666929245,0.296124666929245,0.0,0.0,-1.8478643894195557,-1.8478643894195557,2.541306257247925,2.541306257247925,0.2827192544937134,0.2827192544937134,0.0,0.0,-0.07262490689754486,-0.07262490689754486,0.2100943773984909,0.2100943773984909,0.6875313520431519,0.6875313520431519,-0.3675980567932129,-0.3675980567932129,0.05008181929588318,0.05008181929588318,-47.5577392578125,-47.5577392578125,-34.5803108215332,-34.5803108215332,-19.232088088989258,-19.232088088989258,20.0,20.0,0.0,0.0,180.0
71,0.29583333333333334,0.4779669834386088,5.348363237059782,-301.9100827725502,0.4779669834386088,5.348363237059782,-301.9100827725502,5.0,-5.0,0.0,0.0,15.0,0,0.5,0.0,0.0,4.0,4.0,4.0,5.348362922668457,5.348362445831299,5.348363399505615,5.348363399505615,0.47947171330451965,0.4804348647594452,-2.460256338119507,-2.1443209648132324,0.07098893821239471,0.07098893821239471,0.0,0.0,nan,nan,-2.957315444946289,-2.957315444946289,-5.914630889892578,0.0,1.3272591829299927,0.11998675763607025,0.0,0.0,0.0,0.11998675763607025,0.0,1.3272591829299927,0.0,0.0,0.0,-0.2016494870185852,0.506264865398407,1.216160774230957,0.0,0.0,0.0,0.0,1.3272591829299927,0.11998675763607025,0.0,0.0,0.0,0.11998675763607025,0.0,1.3272591829299927,-0.0,-0.0,-0.0,-0.20164936780929565,-0.5062651634216309,1.216160774230957,0.0,0.0,0.0,4.470348358154297e-08,0.0,0.6000000238418579,-6.705522537231445e-08,0.0559999942779541,0.6000000238418579,-3.725290298461914e-08,-0.055999934673309326,0.6000000238418579,-0.40329885482788086,-2.980232238769531e-07,2.432321548461914,0.0,0.0,0.0,7.450580596923828e-08,2.3558871475870546e-07,3.725290298461914e-09,26.19974136352539,26.199739456176758,41.61005401611328,41.61005401611328,0.11794667690992355,0.11794667690992355,0.6943473815917969,0.6943473815917969,0.18770600855350494,0.18770600855350494,0.0,0.0,-1.4565637111663818,-1.4565637111663818,2.783823013305664,2.783823013305664,0.19163408875465393,0.19163408875465393,0.0,0.0,-0.07164733111858368,-0.07164733111858368,0.11998675763607025,0.11998675763607025,0.6875313520431519,0.6875313520431519,-0.3471300005912781,-0.3471300005912781,0.07910328358411789,0.07910328358411789,-38.82585906982422,-38.82585906982422,-29.568832397460938,-29.568832397460938,-14.201499938964844,-14.201499938964844,19.067367553710938,19.067367553710938,0.0,0.0,180.0
72,0.3,0.49759276932562435,4.0634035818446606,-314.30680230953107,0.49759276932562435,4.0634035818446606,-314.30680230953107,5.0,-5.0,0.0,0.0,15.0,0,0.5,0.0,0.0,4.0,4.0,4.0,4.063404083251953,4.063401699066162,4.063403606414795,4.063403606414795,0.4947068691253662,0.49560707807540894,-3.2749717235565186,-2.9827632904052734,0.05393363907933235,0.05393363907933235,0.0,0.0,nan,nan,-3.8247807025909424,-3.8247807025909424,-7.649561405181885,0.0,1.9536712169647217,0.051612477749586105,0.0,0.0,0.0,0.051612477749586105,0.0,1.9536712169647217,0.0,0.0,0.0,-0.41368845105171204,0.7804991602897644,1.7433239221572876,0.0,0.0,0.0,0.0,1.9536712169647217,0.051612477749586105,0.0,0.0,0.0,0.051612477749586105,0.0,1.9536712169647217,-0.0,-0.0,-0.0,-0.4136883020401001,-0.7804991602897644,1.743323802947998,0.0,0.0,0.0,4.470348358154297e-08,0.0,0.6000000238418579,2.2351741790771484e-08,0.05600005388259888,0.6000000238418579,-4.470348358154297e-08,-0.055999964475631714,0.6000000238418579,-0.8273767232894897,0.0,3.486647605895996,0.0,0.0,0.0,1.6391277313232422e-07,1.9483161395328352e-07,9.872019290924072e-08,23.921432495117188,23.921432495117188,36.89210510253906,36.89210510253906,0.11794667690992355,0.11794667690992355,0.8524252772331238,0.8524252772331238,0.029628142714500427,0.029628142714500427,0.0,0.0,-1.0408191680908203,-1.0408191680908203,2.994490623474121,2.994490623474121,0.12259799987077713,0.12259799987077713,0.0,0.0,-0.07098551839590073,-0.07098551839590073,0.051612477749586105,0.051612477749586105,0.6875313520431519,0.6875313520431519,-0.3239253759384155,-0.3239253759384155,0.10905972868204117,0.10905972868204117,-29.635650634765625,-29.635650634765625,-24.283130645751953,-24.283130645751953,-8.900716781616211,-8.900716781616211,18.090171813964844,18.090171813964844,0.0,0.0,180.0
73,0.30416666666666664,0.511766824703927,2.7339244266649834,-323.25991074748185,0.511766824703927,2.7339244266649834,-323.25991074748185,5.0,-5.0,0.0,0.0,15.0,0,0.5,0.0,0.0,4.0,4.0,4.0,2.7339236736297607,2.7339231967926025,2.733924388885498,2.733924388885498,0.5045189261436462,0.5053463578224182,-4.054283618927002,-3.7890141010284424,0.03628743439912796,0.03628743439912796,0.0,0.0,nan,nan,-3.9124815464019775,-3.9124815464019775,-7.824963092803955,0.0,2.5680761337280273,0.008859370835125446,0.0,0.0,0.0,0.008859370835125446,0.0,2.5680761337280273,0.0,0.0,0.0,-0.5969381332397461,1.059220552444458,2.2620365619659424,0.0,0.0,0.0,0.0,2.5680761337280273,0.008859370835125446,0.0,0.0,0.0,0.008859370835125446,0.0,2.5680761337280273,-0.0,-0.0,-0.0,-0.5969380140304565,-1.0592212677001953,2.2620363235473633,0.0,0.0,0.0,4.470348358154297e-08,0.0,0.6000000238418579,-8.940696716308594e-08,0.05600002408027649,0.5999999642372131,-6.705522537231445e-08,-0.055999964475631714,0.6000000238418579,-1.1938761472702026,-7.152557373046875e-07,4.524072647094727,0.0,0.0,0.0,2.086162567138672e-07,5.917453336223844e-07,1.862645149230957e-08,21.262304306030273,21.262296676635742,30.87116050720215,30.87116050720215,0.11794667690992355,0.11794667690992355,0.8820533156394958,0.8820533156394958,0.0,0.0,0.0,0.0,-0.6016952395439148,-0.6016952395439148,3.169771671295166,3.169771671295166,0.0795416608452797,0.0795416608452797,0.0,0.0,-0.07068228721618652,-0.07068228721618652,0.008859370835125446,0.008859370835125446,0.6875313520431519,0.6875313520431519,-0.2982402741909027,-0.2982402741909027,0.1396210938692093,0.1396210938692093,-20.09270668029785,-20.09270668029785,-18.7836856842041,-18.7836856842041,-3.390378713607788,-3.390378713607788,17.079116821289062,17.079116821289062,0.0,0.0,180.0
74,0.30833333333333335,0.5203338556566806,1.3744918233562862,-328.671315956798,0.5203338556566806,1.3744918233562862,-328.671315956798,5.0,-5.0,0.0,0.0,15.0,0,0.5,0.0,0.0,4.0,4.0,4.0,1.374491810798645,1.374491810798645,1.3744919300079346,1.3744919300079346,0.5087963938713074,0.5095419883728027,-4.790268421173096,-4.554867267608643,0.018243659287691116,0.018243659287691116,0.0,0.0,nan,nan,-3.2174181938171387,-3.2174181938171387,-6.434836387634277,0.0,3.1694860458374023,-0.0049437955021858215,0.0,0.0,0.0,-0.0049437955021858215,0.0,3.1694860458374023,0.0,0.0,0.0,-0.7491441965103149,1.331964135169983,2.7767465114593506,0.0,0.0,0.0,0.0,3.1694860458374023,-0.0049437955021858215,0.0,0.0,0.0,-0.0049437955021858215,0.0,3.1694860458374023,-0.0,-0.0,-0.0,-0.7491441965103149,-1.3319644927978516,2.7767465114593506,0.0,0.0,0.0,4.470348358154297e-08,0.0,0.6000000238418579,-3.725290298461914e-08,0.05600002408027649,0.5999999642372131,-1.4901161193847656e-08,-0.055999964475631714,0.6000000238418579,-1.4982883930206299,-3.5762786865234375e-07,5.553493022918701,0.0,0.0,0.0,2.5331974029541016e-07,4.3773155766757554e-07,1.4901161193847656e-08,18.250926971435547,18.250926971435547,23.46627426147461,23.46627426147461,0.11794667690992355,0.11794667690992355,0.8820533156394958,0.8820533156394958,0.0,0.0,0.0,0.0,-0.13728201389312744,-0.13728201389312744,3.3067679405212402,3.3067679405212402,0.06582416594028473,0.06582416594028473,0.0,0.0,-0.07076795399188995,-0.07076795399188995,-0.0049437955021858215,-0.0049437955021858215,0.6875313520431519,0.6875313520431519,-0.2703714966773987,-0.2703714966773987,0.17043715715408325,0.17043715715408325,-10.309233665466309,-10.309233665466309,-13.134974479675293,-13.134974479675293,2.2649168968200684,2.2649168968200684,16.045286178588867,16.045286178588867,0.0,0.0,180.0
75,0.3125,0.5232,4.0258580278209625e-15,-330.4817294495969,0.5232,4.0258580278209625e-15,-330.4817294495969,5.0,-5.0,0.0,0.0,15.0,0,0.5,0.0,0.0,4.0,4.0,4.0,4.025857389290807e-15,4.02585654225786e-15,4.025858236323754e-15,4.025858236323754e-15,0.507486879825592,0.5081425309181213,-5.475809097290039,-5.272894859313965,5.343529847066415e-17,5.343529847066415e-17,0.0,0.0,nan,nan,-1.7601532936096191,-1.7601532936096191,-3.5203065872192383,0.0,3.760092258453369,0.013430955819785595,0.0,0.0,0.0,0.013430955819785595,0.0,3.760092258453369,0.0,0.0,0.0,-0.868926465511322,1.5899357795715332,3.2947752475738525,0.0,0.0,0.0,0.0,3.760092258453369,0.013430955819785595,0.0,0.0,0.0,0.013430955819785595,0.0,3.760092258453369,-0.0,-0.0,-0.0,-0.8689263463020325,-1.589936375617981,3.2947750091552734,0.0,0.0,0.0,4.470348358154297e-08,0.0,0.6000000238418579,-1.4156103134155273e-07,0.05600002408027649,0.5999999642372131,-5.960464477539063e-08,-0.055999934673309326,0.6000000238418579,-1.7378528118133545,-5.960464477539062e-07,6.589550018310547,0.0,0.0,0.0,4.023313522338867e-07,1.0091636113429558e-06,-4.470348358154297e-08,14.99998950958252,14.99998950958252,14.999988555908203,14.999988555908203,1.0,1.0,0.0,0.0,0.0,0.0,0.0,0.0,0.35674142837524414,0.35674142837524414,3.403350830078125,3.403350830078125,0.08469101041555405,0.08469101041555405,0.0,0.0,-0.07126004993915558,-0.07126004993915558,0.013430955819785595,0.013430955819785595,0.6875313520431519,0.6875313520431519,-0.24065180122852325,-0.24065180122852325,0.20114286243915558,0.20114286243915558,-0.40209388732910156,-0.40209388732910156,-7.404346942901611,-7.404346942901611,7.997747898101807,7.997747898101807,15.000000953674316,15.000000953674316,0.0,0.0,180.0
76,0.31666666666666665,0.5203338556566807,-1.3744918233562784,-328.6713159567981,0.5203338556566807,-1.3744918233562784,-328.6713159567981,5.0,-5.0,0.0,0.0,15.0,0,0.5,0.0,0.0,4.0,4.0,4.0,1.374491810798645,1.374491810798645,1.3744919300079346,1.3744919300079346,0.5005970597267151,0.5011558532714844,-6.104563236236572,-5.936422348022461,-0.018243659287691116,-0.018243659287691116,0.0,0.0,nan,nan,0.42551466822624207,0.42551466822624207,0.8510293364524841,0.0,4.344228744506836,0.06742891669273376,0.0,0.0,0.0,0.06742891669273376,0.0,4.344228744506836,0.0,0.0,0.0,-0.9551313519477844,1.825645089149475,3.825129508972168,0.0,0.0,0.0,0.0,4.344228744506836,0.06742891669273376,0.0,0.0,0.0,0.06742891669273376,0.0,4.344228744506836,-0.0,-0.0,-0.0,-0.9551313519477844,-1.8256455659866333,3.825129270553589,0.0,0.0,0.0,4.470348358154297e-08,0.0,0.6000000238418579,-3.725290298461914e-08,0.05600002408027649,0.5999999642372131,-1.4901161193847656e-08,-0.055999964475631714,0.6000000238418579,-1.9102627038955688,-4.76837158203125e-07,7.650259017944336,0.0,0.0,0.0,3.5762786865234375e-07,5.984195468045073e-07,1.4901161193847656e-08,11.839410781860352,11.839410781860352,15.893213272094727,15.893213272094727,0.8820533156394958,0.8820533156394958,0.11794667690992355,0.11794667690992355,0.0,0.0,0.0,0.0,0.8859835267066956,0.8859835267066956,3.458245277404785,3.458245277404785,0.13959217071533203,0.13959217071533203,0.0,0.0,-0.07216325402259827,-0.07216325402259827,0.06742891669273376,0.06742891669273376,0.6875313520431519,0.6875313520431519,-0.20944349467754364,-0.20944349467754364,0.2313651740550995,0.2313651740550995,9.509451866149902,9.509451866149902,-1.6607481241226196,-1.6607481241226196,13.739143371582031,13.739143371582031,13.954715728759766,13.954715728759766,0.0,0.0,180.0
77,0.3208333333333333,0.5117668247039272,-2.733924426664964,-323.25991074748197,0.5117668247039272,-2.733924426664964,-323.25991074748197,5.0,-5.0,0.0,0.0,15.0,0,0.5,0.0,0.0,4.0,4.0,4.0,2.7339236736297607,2.7339231967926025,2.733924388885498,2.733924388885498,0.4881949722766876,0.4886508584022522,-6.670886039733887,-6.5394487380981445,-0.03628743439912796,-0.03628743439912796,0.0,0.0,nan,nan,3.2985029220581055,3.2985029220581055,6.597005844116211,0.0,4.926915168762207,0.16070625185966492,0.0,0.0,0.0,0.16070625185966492,0.0,4.926915168762207,0.0,0.0,0.0,-1.006427526473999,2.032140016555786,4.3769659996032715,0.0,0.0,0.0,0.0,4.926915168762207,0.16070625185966492,0.0,0.0,0.0,0.16070625185966492,0.0,4.926915168762207,-0.0,-0.0,-0.0,-1.00642728805542,-2.0321412086486816,4.376965522766113,0.0,0.0,0.0,4.470348358154297e-08,0.0,0.6000000238418579,-8.940696716308594e-08,0.05600002408027649,0.5999999642372131,-6.705522537231445e-08,-0.055999964475631714,0.6000000238418579,-2.012854814529419,-1.1920928955078125e-06,8.753931045532227,0.0,0.0,0.0,4.023313522338867e-07,1.1361486258465447e-06,2.9802322387695312e-08,9.949695587158203,9.949694633483887,16.791915893554688,16.791893005371094,0.8820533156394958,0.8820533156394958,0.11794667690992355,0.11794667690992355,0.0,0.0,0.0,0.0,1.4558489322662354,1.4558489322662354,3.471066474914551,3.471066474914551,0.23417508602142334,0.23417508602142334,0.0,0.0,-0.07346884906291962,-0.07346884906291962,0.16070625185966492,0.16070625185966492,0.6875313520431519,0.6875313520431519,-0.17713092267513275,-0.17713092267513275,0.26073044538497925,0.26073044538497925,19.30609130859375,19.30609130859375,4.026639938354492,4.026639938354492,19.419946670532227,19.419946670532227,12.920884132385254,12.920884132385254,0.0,0.0,180.0
78,0.325,0.4975927693256244,-4.063403581844653,-314.3068023095311,0.4975927693256244,-4.063403581844653,-314.3068023095311,5.0,-5.0,0.0,0.0,15.0,0,0.5,0.0,0.0,4.0,4.0,4.0,4.063404083251953,4.063401699066162,4.063403606414795,4.063403606414795,0.4704091548919678,0.470757395029068,-7.169713973999023,-7.076537609100342,-0.05393363907933235,-0.05393363907933235,0.0,0.0,nan,nan,6.810070991516113,6.810070991516113,13.620141983032227,0.0,5.5123138427734375,0.2967248558998108,0.0,0.0,0.0,0.2967248558998108,0.0,5.5123138427734375,0.0,0.0,0.0,-1.0212775468826294,2.202190399169922,4.95792293548584,0.0,0.0,0.0,0.0,5.5123138427734375,0.2967248558998108,0.0,0.0,0.0,0.2967248558998108,0.0,5.5123138427734375,-0.0,-0.0,-0.0,-1.0212771892547607,-2.202190399169922,4.957922458648682,0.0,0.0,0.0,4.470348358154297e-08,0.0,0.6000000238418579,2.2351741790771484e-08,0.05600005388259888,0.6000000238418579,-4.470348358154297e-08,-0.055999964475631714,0.6000000238418579,-2.0425548553466797,0.0,9.91584587097168,0.0,0.0,0.0,4.76837158203125e-07,5.54091059257189e-07,2.60770320892334e-07,10.287637710571289,10.287635803222656,17.6888484954834,17.6888484954834,0.8698575496673584,0.8698575496673584,0.1301424354314804,0.1301424354314804,0.0,0.0,0.0,0.0,2.070012092590332,2.070012092590332,3.4423022270202637,3.4423022270202637,0.371878981590271,0.371878981590271,0.0,0.0,-0.07515415549278259,-0.07515415549278259,0.2967248558998108,0.2967248558998108,0.6875313520431519,0.6875313520431519,-0.14411206543445587,-0.14411206543445587,0.28887301683425903,0.28887301683425903,28.870824813842773,28.870824813842773,9.589773178100586,9.589773178100586,24.972187042236328,24.972187042236328,11.909831047058105,11.909831047058105,0.0,0.0,180.0
79,0.32916666666666666,0.4779669834386087,-5.348363237059784,-301.9100827725502,0.4779669834386087,-5.348363237059784,-301.9100827725502,5.0,-5.0,0.0,0.0,15.0,0,0.5,0.0,0.0,4.0,4.0,4.0,5.348362922668457,5.348362445831299,5.348363399505615,5.348363399505615,0.44742870330810547,0.4476659595966339,-7.596513748168945,-7.542740345001221,-0.07098893821239471,-0.07098893821239471,0.0,0.0,nan,nan,10.898033142089844,10.898033142089844,21.796066284179688,0.0,6.102418422698975,0.4780232906341553,0.0,0.0,0.0,0.4780232906341553,0.0,6.102418422698975,0.0,0.0,0.0,-0.9982734322547913,2.327684164047241,5.572553634643555,0.0,0.0,0.0,0.0,6.102418422698975,0.4780232906341553,0.0,0.0,0.0,0.4780232906341553,0.0,6.102418422698975,-0.0,-0.0,-0.0,-0.9982727766036987,-2.327685594558716,5.5725531578063965,0.0,0.0,0.0,4.470348358154297e-08,0.0,0.6000000238418579,-6.705522537231445e-08,0.0559999942779541,0.6000000238418579,-3.725290298461914e-08,-0.055999934673309326,0.6000000238418579,-1.9965462684631348,-1.430511474609375e-06,11.14510726928711,0.0,0.0,0.0,3.5762786865234375e-07,1.07948767436028e-06,2.60770320892334e-08,11.774944305419922,11.774947166442871,24.057353973388672,24.057369232177734,0.7199033498764038,0.7199033498764038,0.28009676933288574,0.28009676933288574,0.0,0.0,0.0,0.0,2.729173421859741,2.729173421859741,3.3732450008392334,3.3732450008392334,0.5552050471305847,0.5552050471305847,0.0,0.0,-0.07718174159526825,-0.07718174159526825,0.4780232906341553,0.4780232906341553,0.6875313520431519,0.6875313520431519,-0.11078988015651703,-0.11078988015651703,0.3154434263706207,0.3154434263706207,38.0911979675293,38.0911979675293,14.963057518005371,14.963057518005371,30.330387115478516,30.330387115478516,10.932634353637695,10.932634353637695,0.0,0.0,180.0
80,0.3333333333333333,0.45310449126001856,-6.574725105432709,-286.20557318996697,0.45310449126001856,-6.574725105432709,-286.20557318996697,5.0,-5.0,0.0,0.0,15.0,0,0.5,0.0,0.0,4.0,4.0,4.0,6.574724197387695,6.5747246742248535,6.574725151062012,6.574725151062012,0.41950178146362305,0.4196256399154663,-7.94720458984375,-7.933566570281982,-0.0872664600610733,-0.0872664600610733,0.0,0.0,nan,nan,15.478615760803223,15.478615760803223,30.957231521606445,0.0,6.696176528930664,0.7053472995758057,0.0,0.0,0.0,0.7053472995758057,0.0,6.696176528930664,0.0,0.0,0.0,-0.9366906881332397,2.3994970321655273,6.221038818359375,0.0,0.0,0.0,0.0,6.696176528930664,0.7053472995758057,0.0,0.0,0.0,0.7053472995758057,0.0,6.696176528930664,-0.0,-0.0,-0.0,-0.936690628528595,-2.3994979858398438,6.221038341522217,0.0,0.0,0.0,4.470348358154297e-08,0.0,0.6000000238418579,-9.685754776000977e-08,0.05600002408027649,0.5999999642372131,-8.940696716308594e-08,-0.055999934673309326,0.6000000238418579,-1.8733813762664795,-9.5367431640625e-07,12.44207763671875,0.0,0.0,0.0,7.450580596923828e-07,1.770794028743694e-06,7.078051567077637e-08,13.596657752990723,13.596657752990723,30.176292419433594,30.176292419433594,0.5998412370681763,0.5998412370681763,0.4001588523387909,0.4001588523387909,0.0,0.0,0.0,0.0,3.430295467376709,3.430295467376709,3.265880584716797,3.265880584716797,0.7848461866378784,0.7848461866378784,0.0,0.0,-0.07949888706207275,-0.07949888706207275,0.7053472995758057,0.7053472995758057,0.6875313520431519,0.6875313520431519,-0.07756372541189194,-0.07756372541189194,0.3401161730289459,0.3401161730289459,46.861289978027344,46.861289978027344,20.084516525268555,20.084516525268555,35.4327392578125,35.4327392578125,10.000000953674316,10.000000953674316,0.0,0.0,180.0
81,0.3375,0.42327769145697264,-7.729052909700853,-267.36533545514754,0.42327769145697264,-7.729052909700853,-267.36533545514754,5.0,-5.0,0.0,0.0,15.0,0,0.5,0.0,0.0,4.0,4.0,4.0,7.729053020477295,7.729052543640137,7.729052543640137,7.729053020477295,0.3869327902793884,0.3869423568248749,-8.218172073364258,-8.244974136352539,-0.10258787870407104,-0.10258787870407104,0.0,0.0,nan,nan,20.439483642578125,20.439483642578125,40.87896728515625,0.0,7.289093017578125,0.9768509268760681,0.0,0.0,0.0,0.9768509268760681,0.0,7.289093017578125,0.0,0.0,0.0,-0.83708256483078,2.407855272293091,6.8983073234558105,0.0,0.0,0.0,0.0,7.289093017578125,0.9768509268760681,0.0,0.0,0.0,0.9768509268760681,0.0,7.289093017578125,-0.0,-0.0,-0.0,-0.8370827436447144,-2.4078567028045654,6.898306846618652,0.0,0.0,0.0,4.470348358154297e-08,0.0,0.6000000238418579,-4.470348358154297e-08,0.05600005388259888,0.5999999642372131,-5.960464477539063e-08,-0.055999964475631714,0.5999999642372131,-1.6741652488708496,-1.430511474609375e-06,13.796613693237305,0.0,0.0,0.0,6.258487701416016e-07,1.4360941804625327e-06,9.685754776000977e-08,15.395145416259766,15.395149230957031,35.01286697387695,35.01286697387695,0.5156482458114624,0.5156482458114624,0.48382794857025146,0.48382794857025146,0.0005239031161181629,0.0005239031161181629,0.0,0.0,4.166346073150635,4.166346073150635,3.122746706008911,3.122746706008911,1.0588884353637695,1.0588884353637695,0.0,0.0,-0.08203749358654022,-0.08203749358654022,0.9768509268760681,0.9768509268760681,0.6875313520431519,0.6875313520431519,-0.04482176899909973,-0.04482176899909973,0.36259689927101135,0.36259689927101135,55.08332824707031,55.08332824707031,24.896770477294922,24.896770477294922,40.22207260131836,40.22207260131836,9.122148513793945,9.122148513793945,0.0,0.0,180.0
82,0.3416666666666667,0.38881337268977256,-8.798699592882011,-245.59578715528804,0.38881337268977256,-8.798699592882011,-245.59578715528804,5.0,-5.0,0.0,0.0,15.0,0,0.5,0.0,0.0,4.0,4.0,4.0,8.798697471618652,8.798700332641602,8.798699378967285,8.798699378967285,0.35007941722869873,0.3499748408794403,-8.406329154968262,-8.473406791687012,-0.11678532510995865,-0.11678532510995865,0.0,0.0,nan,nan,25.636682510375977,25.636682510375977,51.27336502075195,0.0,7.87327241897583,1.287545919418335,0.0,0.0,0.0,1.287545919418335,0.0,7.87327241897583,0.0,0.0,0.0,-0.7017360329627991,2.3432233333587646,7.593620300292969,0.0,0.0,0.0,0.0,7.87327241897583,1.287545919418335,0.0,0.0,0.0,1.287545919418335,0.0,7.87327241897583,-0.0,-0.0,-0.0,-0.7017359733581543,-2.3432250022888184,7.5936198234558105,0.0,0.0,0.0,4.470348358154297e-08,0.0,0.6000000238418579,-1.1920928955078125e-07,0.0559999942779541,0.5999999642372131,7.450580596923828e-08,-0.0559999942779541,0.6000000238418579,-1.4034719467163086,-1.6689300537109375e-06,15.187240600585938,0.0,0.0,0.0,1.7881393432617188e-07,1.0602105930956895e-06,-4.507601261138916e-07,17.021957397460938,17.02195930480957,38.748355865478516,38.748355865478516,0.45904016494750977,0.45904016494750977,0.5113317370414734,0.5113317370414734,0.029628142714500427,0.029628142714500427,0.0,0.0,4.9265031814575195,4.9265031814575195,2.9467689990997314,2.9467689990997314,1.3722610473632812,1.3722610473632812,0.0,0.0,-0.08471508324146271,-0.08471508324146271,1.287545919418335,1.287545919418335,0.6875313520431519,0.6875313520431519,-0.01293425913900137,-0.01293425913900137,0.3826277554035187,0.3826277554035187,62.66898727416992,62.66898727416992,29.347816467285156,29.347816467285156,44.64663314819336,44.64663314819336,8.308694839477539,8.308694839477539,0.0,0.0,180.0
83,0.3458333333333333,0.35008913324695495,-9.771945882077272,-221.13544001713313,0.35008913324695495,-9.771945882077272,-221.13544001713313,5.0,-5.0,0.0,0.0,15.0,0,0.5,0.0,0.0,4.0,4.0,4.0,9.77194595336914,9.771944046020508,9.77194595336914,9.77194595336914,0.309348464012146,0.3091311752796173,-8.509130477905273,-8.615896224975586,-0.12970323860645294,-0.12970323860645294,0.0,0.0,nan,nan,30.896617889404297,30.896617889404297,61.793235778808594,0.0,8.437788963317871,1.629106044769287,0.0,0.0,0.0,1.629106044769287,0.0,8.437788963317871,0.0,0.0,0.0,-0.5349011421203613,2.197486400604248,8.290669441223145,0.0,0.0,0.0,0.0,8.437788963317871,1.629106044769287,0.0,0.0,0.0,1.629106044769287,0.0,8.437788963317871,-0.0,-0.0,-0.0,-0.5349006652832031,-2.1974873542785645,8.290669441223145,0.0,0.0,0.0,4.470348358154297e-08,0.0,0.6000000238418579,-7.450580596923828e-08,0.05600005388259888,0.5999999642372131,-7.450580596923828e-08,-0.055999934673309326,0.6000000238418579,-1.0698018074035645,-9.5367431640625e-07,16.58133888244629,0.0,0.0,0.0,1.1324882507324219e-06,2.0085321921214927e-06,9.12696123123169e-08,18.42395782470703,18.423959732055664,41.59705352783203,41.59705352783203,0.4165618121623993,0.4165618121623993,0.5018131136894226,0.5018131136894226,0.08162510395050049,0.08162510395050049,0.0,0.0,5.696693420410156,5.696693420410156,2.741095781326294,2.741095781326294,1.7165427207946777,1.7165427207946777,0.0,0.0,-0.0874367505311966,-0.0874367505311966,1.629106044769287,1.629106044769287,0.6875313520431519,0.6875313520431519,0.017751619219779968,0.017751619219779968,0.39999139308929443,0.39999139308929443,69.54007720947266,69.54007720947266,33.391475677490234,33.391475677490234,48.6605339050293,48.6605339050293,7.568552494049072,7.568552494049072,0.0,0.0,180.0
84,0.35,0.30752924399942205,-10.638128687277373,-194.25228672258424,0.30752924399942205,-10.638128687277373,-194.25228672258424,5.0,-5.0,0.0,0.0,15.0,0,0.5,0.0,0.0,4.0,4.0,4.0,10.638126373291016,10.638126373291016,10.638128280639648,10.638128280639648,0.2651907205581665,0.264863520860672,-8.524703979492188,-8.6701021194458,-0.14120009541511536,-0.14120009541511536,0.0,0.0,nan,nan,36.02296447753906,36.02296447753906,72.04592895507812,0.0,8.969316482543945,1.9900643825531006,0.0,0.0,0.0,1.9900643825531006,0.0,8.969316482543945,0.0,0.0,0.0,-0.3427571654319763,1.9653526544570923,8.968215942382812,0.0,0.0,0.0,0.0,8.969316482543945,1.9900643825531006,0.0,0.0,0.0,1.9900643825531006,0.0,8.969316482543945,-0.0,-0.0,-0.0,-0.34275713562965393,-1.9653542041778564,8.968215942382812,0.0,0.0,0.0,4.470348358154297e-08,0.0,0.6000000238418579,-1.043081283569336e-07,0.05600002408027649,0.5999999642372131,0.0,-0.055999934673309326,0.6000000238418579,-0.6855143308639526,-1.5497207641601562e-06,17.936431884765625,0.0,0.0,0.0,9.5367431640625e-07,1.757708673721936e-06,-1.73225998878479e-07,19.592592239379883,19.592592239379883,43.749908447265625,43.749908447265625,0.3882598280906677,0.3882598280906677,0.4860711097717285,0.4860711097717285,0.12566909193992615,0.12566909193992615,0.0,0.0,6.460369110107422,6.460369110107422,2.508946657180786,2.508946657180786,2.08016300201416,2.08016300201416,0.0,0.0,-0.09009853005409241,-0.09009853005409241,1.9900643825531006,1.9900643825531006,0.6875313520431519,0.6875313520431519,0.046915218234062195,0.046915218234062195,0.41451317071914673,0.41451317071914673,75.62899017333984,75.62899017333984,36.9876823425293,36.9876823425293,52.22402572631836,52.22402572631836,6.9098310470581055,6.9098310470581055,0.0,0.0,180.0
85,0.3541666666666667,0.2615999999999999,-11.387757928408115,-165.24086472479837,0.2615999999999999,-11.387757928408115,-165.24086472479837,5.0,-5.0,0.0,0.0,15.0,0,0.5,0.0,0.0,4.0,4.0,4.0,11.38775634765625,11.387758255004883,11.387758255004883,11.387758255004883,0.21809609234333038,0.2176627665758133,-8.451909065246582,-8.634444236755371,-0.1511499434709549,-0.1511499434709549,0.0,0.0,nan,nan,40.80731201171875,40.80731201171875,81.6146240234375,0.0,9.452922821044922,2.3563876152038574,0.0,0.0,0.0,2.3563876152038574,0.0,9.452922821044922,0.0,0.0,0.0,-0.1331367939710617,1.6456718444824219,9.601268768310547,0.0,0.0,0.0,0.0,9.452922821044922,2.3563876152038574,0.0,0.0,0.0,2.3563876152038574,0.0,9.452922821044922,-0.0,-0.0,-0.0,-0.13313664495944977,-1.6456737518310547,9.60126781463623,0.0,0.0,0.0,4.470348358154297e-08,0.0,0.6000000238418579,-1.2665987014770508e-07,0.05600002408027649,0.5999999642372131,2.9802322387695312e-08,-0.055999964475631714,0.6000000238418579,-0.2662734389305115,-1.9073486328125e-06,19.202537536621094,0.0,0.0,0.0,7.152557373046875e-07,1.7963111531571485e-06,-2.4121254682540894e-07,20.53957176208496,20.539573669433594,45.360450744628906,45.360450744628906,0.37411409616470337,0.37411409616470337,0.46373581886291504,0.46373581886291504,0.1621500849723816,0.1621500849723816,0.0,0.0,7.199442386627197,7.199442386627197,2.253480911254883,2.253480911254883,2.448979616165161,2.448979616165161,0.0,0.0,-0.09259215742349625,-0.09259215742349625,2.3563876152038574,2.3563876152038574,0.6875313520431519,0.6875313520431519,0.07426454871892929,0.07426454871892929,0.42606160044670105,0.42606160044670105,80.8786849975586,80.8786849975586,40.102500915527344,40.102500915527344,55.30354690551758,55.30354690551758,6.339746475219727,6.339746475219727,0.0,0.0,180.0
86,0.35833333333333334,0.21280461165725914,-12.012620510633658,-134.41902923421415,0.21280461165725914,-12.012620510633658,-134.41902923421415,5.0,-5.0,0.0,0.0,15.0,0,0.5,0.0,0.0,4.0,4.0,4.0,12.012622833251953,12.01262092590332,12.01262092590332,12.01262092590332,0.16858753561973572,0.16805292665958405,-8.290440559387207,-8.508199691772461,-0.15944376587867737,-0.15944376587867737,0.0,0.0,nan,nan,45.04187774658203,45.04187774658203,90.08375549316406,0.0,9.872970581054688,2.7123494148254395,0.0,0.0,0.0,2.7123494148254395,0.0,9.872970581054688,0.0,0.0,0.0,0.08493616431951523,1.2425365447998047,10.162739753723145,0.0,0.0,0.0,0.0,9.872970581054688,2.7123494148254395,0.0,0.0,0.0,2.7123494148254395,0.0,9.872970581054688,-0.0,-0.0,-0.0,0.08493637293577194,-1.2425388097763062,10.162738800048828,0.0,0.0,0.0,4.470348358154297e-08,0.0,0.6000000238418579,-1.4901161193847656e-08,0.05600005388259888,0.5999999642372131,-8.940696716308594e-08,-0.055999964475631714,0.6000000238418579,0.16987253725528717,-2.2649765014648438e-06,20.325477600097656,0.0,0.0,0.0,1.0132789611816406e-06,1.963613385669305e-06,9.685754776000977e-08,21.284902572631836,21.284902572631836,46.54609298706055,46.54609298706055,0.3599705994129181,0.3599705994129181,0.45232340693473816,0.45232340693473816,0.18770600855350494,0.18770600855350494,0.0,0.0,7.895265579223633,7.895265579223633,1.977705478668213,1.977705478668213,2.8071603775024414,2.8071603775024414,0.0,0.0,-0.09481063485145569,-0.09481063485145569,2.7123494148254395,2.7123494148254395,0.6875313520431519,0.6875313520431519,0.09953662008047104,0.09953662008047104,0.4345467686653137,0.4345467686653137,85.24230194091797,85.24230194091797,42.70792007446289,42.70792007446289,57.8714714050293,57.8714714050293,5.864545822143555,5.864545822143555,0.0,0.0,180.0
87,0.3625,0.16167769145697267,-12.505870308742255,-102.1244707303491,0.16167769145697267,-12.505870308742255,-102.1244707303491,5.0,-5.0,0.0,0.0,15.0,0,0.5,0.0,0.0,4.0,4.0,4.0,12.505867004394531,12.505868911743164,12.50586986541748,12.50586986541748,0.11721450090408325,0.11658472567796707,-8.04092025756836,-8.2915620803833,-0.1659906804561615,-0.1659906804561615,0.0,0.0,nan,nan,48.5326042175293,48.5326042175293,97.0652084350586,0.0,10.214041709899902,3.041612148284912,0.0,0.0,0.0,3.041612148284912,0.0,10.214041709899902,0.0,0.0,0.0,0.30183112621307373,0.765953540802002,10.62545394897461,0.0,0.0,0.0,0.0,10.214041709899902,3.041612148284912,0.0,0.0,0.0,3.041612148284912,0.0,10.214041709899902,-0.0,-0.0,-0.0,0.30183032155036926,-0.7659557461738586,10.625452995300293,0.0,0.0,0.0,4.470348358154297e-08,0.0,0.6000000238418579,-1.341104507446289e-07,0.05600002408027649,0.5999999642372131,-1.4901161193847656e-08,-0.05599990487098694,0.5999999642372131,0.6036614179611206,-2.205371856689453e-06,21.25090789794922,0.0,0.0,0.0,1.3113021850585938e-06,2.497324658179423e-06,-1.73225998878479e-07,21.85128402709961,21.851276397705078,47.39370346069336,47.39369201660156,0.34582775831222534,0.34582775831222534,0.4401395618915558,0.4401395618915558,0.21403278410434723,0.21403278410434723,0.0,0.0,8.529619216918945,8.529619216918945,1.684422254562378,1.684422254562378,3.1382670402526855,3.1382670402526855,0.0,0.0,-0.09665454924106598,-0.09665454924106598,3.041612148284912,3.041612148284912,0.6875313520431519,0.6875313520431519,0.12249677628278732,0.12249677628278732,0.43991780281066895,0.43991780281066895,88.6827163696289,88.6827163696289,44.78164291381836,44.78164291381836,59.9058952331543,59.9058952331543,5.489435195922852,5.489435195922852,0.0,0.0,180.0
88,0.36666666666666664,0.10877939663585247,-12.86210317472666,-68.71101515424348,0.10877939663585247,-12.86210317472666,-68.71101515424348,5.0,-5.0,0.0,0.0,15.0,0,0.5,0.0,0.0,4.0,4.0,4.0,12.862104415893555,12.862102508544922,12.862103462219238,12.862103462219238,0.06454700976610184,0.0638289675116539,-7.70494270324707,-7.985764503479004,-0.1707189679145813,-0.1707189679145813,0.0,0.0,nan,nan,51.111480712890625,51.111480712890625,102.22296142578125,0.0,10.461870193481445,3.3284010887145996,0.0,0.0,0.0,3.3284010887145996,0.0,10.461870193481445,0.0,0.0,0.0,0.5079259276390076,0.23183894157409668,10.964363098144531,0.0,0.0,0.0,0.0,10.461870193481445,3.3284010887145996,0.0,0.0,0.0,3.3284010887145996,0.0,10.461870193481445,-0.0,-0.0,-0.0,0.507925808429718,-0.2318411022424698,10.964363098144531,0.0,0.0,0.0,4.470348358154297e-08,0.0,0.6000000238418579,-8.940696716308594e-08,0.05600005388259888,0.5999999642372131,1.4901161193847656e-08,-0.055999964475631714,0.6000000238418579,1.0158517360687256,-2.16066837310791e-06,21.928726196289062,0.0,0.0,0.0,9.5367431640625e-07,1.7669244698481634e-06,-7.636845111846924e-08,22.26312828063965,22.26312828063965,47.965152740478516,47.96514892578125,0.33168351650238037,0.33168351650238037,0.4408826231956482,0.4408826231956482,0.2274339199066162,0.2274339199066162,0.0,0.0,9.085651397705078,9.085651397705078,1.3762192726135254,1.3762192726135254,3.4264395236968994,3.4264395236968994,0.0,0.0,-0.09803842753171921,-0.09803842753171921,3.3284010887145996,3.3284010887145996,0.6875313520431519,0.6875313520431519,0.14293727278709412,0.14293727278709412,0.4421597719192505,0.4421597719192505,91.17183685302734,91.17183685302734,46.30663299560547,46.30663299560547,61.39023208618164,61.39023208618164,5.218523979187012,5.218523979187012,0.0,0.0,180.0
89,0.37083333333333335,0.05468929198163587,-13.077416146760639,-34.54474731740251,0.05468929198163587,-13.077416146760639,-34.54474731740251,5.0,-5.0,0.0,0.0,15.0,0,0.5,0.0,0.0,4.0,4.0,4.0,13.077413558959961,13.077415466308594,13.077417373657227,13.07741641998291,0.011168430559337139,0.010370032861828804,-7.285177230834961,-7.593106746673584,-0.17357681691646576,-0.17357681691646576,0.0,0.0,nan,nan,52.64690017700195,52.64690017700195,105.2938003540039,0.0,10.604192733764648,3.558640956878662,0.0,0.0,0.0,3.558640956878662,0.0,10.604192733764648,0.0,0.0,0.0,0.694218635559082,-0.33851179480552673,11.158686637878418,0.0,0.0,0.0,0.0,10.604192733764648,3.558640956878662,0.0,0.0,0.0,3.558640956878662,0.0,10.604192733764648,-0.0,-0.0,-0.0,0.6942183375358582,0.33850958943367004,11.158686637878418,0.0,0.0,0.0,4.470348358154297e-08,0.0,0.6000000238418579,-1.2665987014770508e-07,0.05600002408027649,0.5999999642372131,-1.4901161193847656e-08,-0.055999964475631714,0.6000000238418579,1.388437032699585,-2.205371856689453e-06,22.317373275756836,0.0,0.0,0.0,6.556510925292969e-07,2.5359208848385606e-06,-1.862645149230957e-08,22.551340103149414,22.551340103149414,48.30184555053711,48.301841735839844,0.33168351650238037,0.33168351650238037,0.42734771966934204,0.42734771966934204,0.24096885323524475,0.24096885323524475,0.0,0.0,9.548687934875488,9.548687934875488,1.055504560470581,1.055504560470581,3.6575374603271484,3.6575374603271484,0.0,0.0,-0.09889648109674454,-0.09889648109674454,3.558640956878662,3.558640956878662,0.6875313520431519,0.6875313520431519,0.16067491471767426,0.16067491471767426,0.44128894805908203,0.44128894805908203,92.68999481201172,92.68999481201172,47.27080535888672,47.27080535888672,62.31283950805664,62.31283950805664,5.054781436920166,5.054781436920166,0.0,0.0,180.0
90,0.375,1.9222056159416854e-16,-13.149450210865439,-1.214170176441391e-13,1.9222056159416854e-16,-13.149450210865439,-1.214170176441391e-13,5.0,-5.0,0.0,0.0,15.0,0,0.5,0.0,0.0,4.0,4.0,4.0,13.14945125579834,13.14944839477539,13.149450302124023,13.149450302124023,-0.04204782843589783,-0.042920004576444626,-6.7399582862854,-7.070716857910156,-0.1745329201221466,-0.1745329201221466,0.0,0.0,nan,nan,51.63037872314453,51.63037872314453,103.26075744628906,0.0,10.212841033935547,3.891202926635742,0.0,0.0,0.0,3.891202926635742,0.0,10.212841033935547,0.0,0.0,0.0,1.1252487897872925,-0.8835021257400513,10.834980964660645,0.0,0.0,0.0,0.0,10.212841033935547,3.891202926635742,0.0,0.0,0.0,3.891202926635742,0.0,10.212841033935547,-0.0,-0.0,-0.0,1.125248670578003,0.8834998607635498,10.834980964660645,0.0,0.0,0.0,4.470348358154297e-08,0.0,0.6000000238418579,0.0,0.05600005388259888,0.6000000238418579,-5.960464477539063e-08,-0.055999934673309326,0.6000000238418579,2.250497341156006,-2.2649765014648438e-06,21.66996192932129,0.0,0.0,0.0,1.2516975402832031e-06,1.614537950445083e-06,-1.9371509552001953e-07,22.721416473388672,22.721416473388672,48.42781066894531,48.42781066894531,0.33168351650238037,0.33168351650238037,0.42734771966934204,0.42734771966934204,0.24096885323524475,0.24096885323524475,0.0,0.0,10.212841033935547,10.212841033935547,1.6034271222844045e-15,1.6034271222844045e-15,3.9903903007507324,3.9903903007507324,0.0,0.0,-0.0991872251033783,-0.0991872251033783,3.891202926635742,3.891202926635742,0.6875313520431519,0.6875313520431519,0.1884465217590332,0.1884465217590332,0.4502459168434143,0.4502459168434143,93.22547149658203,93.22547149658203,47.670352935791016,47.670352935791016,62.670352935791016,62.670352935791016,5.000000953674316,5.000000953674316,0.0,0.0,180.0
91,0.37916666666666665,-0.05468929198163549,-13.07741614676064,34.544747317402276,-0.05468929198163549,-13.07741614676064,34.544747317402276,5.0,-5.0,0.0,0.0,15.0,0,0.5,0.0,0.0,4.0,4.0,4.0,13.077411651611328,13.077411651611328,13.07741641998291,13.07741641998291,-0.09536141157150269,-0.09629354625940323,-6.2103447914123535,-6.562084197998047,-0.17357681691646576,-0.17357681691646576,0.0,0.0,nan,nan,52.291194915771484,52.291194915771484,104.58238983154297,0.0,10.537731170654297,3.8076071739196777,0.0,0.0,0.0,3.8076071739196777,0.0,10.537731170654297,0.0,0.0,0.0,0.9776893258094788,-1.4840997457504272,11.062695503234863,0.0,0.0,0.0,0.0,10.537731170654297,3.8076071739196777,0.0,0.0,0.0,3.8076071739196777,0.0,10.537731170654297,-0.0,-0.0,-0.0,0.9776883125305176,1.4840975999832153,11.062695503234863,0.0,0.0,0.0,4.470348358154297e-08,0.0,0.6000000238418579,-1.341104507446289e-07,0.05600005388259888,0.5999999642372131,-8.940696716308594e-08,-0.055999934673309326,0.6000000238418579,1.9553775787353516,-2.1457672119140625e-06,22.125391006469727,0.0,0.0,0.0,1.2516975402832031e-06,3.4035124372167047e-06,-1.043081283569336e-07,22.75739288330078,22.75739288330078,48.35152053833008,48.35151672363281,0.33168351650238037,0.33168351650238037,0.42734771966934204,0.42734771966934204,0.24096885323524475,0.24096885323524475,0.0,0.0,10.152026176452637,10.152026176452637,0.3857057988643646,0.3857057988643646,3.906503677368164,3.906503677368164,0.0,0.0,-0.09889648109674454,-0.09889648109674454,3.8076071739196777,3.8076071739196777,0.6875313520431519,0.6875313520431519,0.1874222308397293,0.1874222308397293,0.43040701746940613,0.43040701746940613,92.77405548095703,92.77405548095703,47.491207122802734,47.491207122802734,62.44917297363281,62.44917297363281,5.054781436920166,5.054781436920166,0.0,0.0,180.0
92,0.3833333333333333,-0.10877939663585119,-12.862103174726666,68.71101515424267,-0.10877939663585119,-12.862103174726666,68.71101515424267,5.0,-5.0,0.0,0.0,15.0,0,0.5,0.0,0.0,4.0,4.0,4.0,12.862103462219238,12.862100601196289,12.862103462219238,12.862103462219238,-0.1473393440246582,-0.14832346141338348,-5.5660576820373535,-5.934005260467529,-0.1707189679145813,-0.1707189679145813,0.0,0.0,nan,nan,50.382816314697266,50.382816314697266,100.76563262939453,0.0,10.320570945739746,3.81473970413208,0.0,0.0,0.0,3.81473970413208,0.0,10.320570945739746,0.0,0.0,0.0,1.0644288063049316,-2.0037968158721924,10.766531944274902,0.0,0.0,0.0,0.0,10.320570945739746,3.81473970413208,0.0,0.0,0.0,3.81473970413208,0.0,10.320570945739746,-0.0,-0.0,-0.0,1.0644290447235107,2.0037944316864014,10.766532897949219,0.0,0.0,0.0,4.470348358154297e-08,0.0,0.6000000238418579,0.0,0.05600005388259888,0.6000000238418579,-7.450580596923828e-08,-0.05599990487098694,0.5999999642372131,2.1288578510284424,-2.384185791015625e-06,21.533065795898438,0.0,0.0,0.0,1.6689300537109375e-06,1.7013273918564664e-06,-2.942979335784912e-07,22.6500244140625,22.6500244140625,48.06657791137695,48.06657791137695,0.33168351650238037,0.33168351650238037,0.4408826231956482,0.4408826231956482,0.2274339199066162,0.2274339199066162,0.0,0.0,10.279309272766113,10.279309272766113,0.04126247018575668,0.04126247018575668,3.91277813911438,3.91277813911438,0.0,0.0,-0.09803842753171921,-0.09803842753171921,3.81473970413208,3.81473970413208,0.6875313520431519,0.6875313520431519,0.19617444276809692,0.19617444276809692,0.42055070400238037,0.42055070400238037,91.33904266357422,91.33904266357422,46.745609283447266,46.745609283447266,61.66200637817383,61.66200637817383,5.218523979187012,5.218523979187012,0.0,0.0,180.0
93,0.3875,-0.1616776914569723,-12.505870308742258,102.12447073034886,-0.1616776914569723,-12.505870308742258,102.12447073034886,5.0,-5.0,0.0,0.0,15.0,0,0.5,0.0,0.0,4.0,4.0,4.0,12.50586986541748,12.505867004394531,12.50586986541748,12.50586986541748,-0.19769495725631714,-0.1987203061580658,-4.859506130218506,-5.239599227905273,-0.1659906804561615,-0.1659906804561615,0.0,0.0,nan,nan,47.40152359008789,47.40152359008789,94.80304718017578,0.0,9.981866836547852,3.742885112762451,0.0,0.0,0.0,3.742885112762451,0.0,9.981866836547852,0.0,0.0,0.0,1.111084222793579,-2.453061580657959,10.314786911010742,0.0,0.0,0.0,0.0,9.981866836547852,3.742885112762451,0.0,0.0,0.0,3.742885112762451,0.0,9.981866836547852,-0.0,-0.0,-0.0,1.1110844612121582,2.4530587196350098,10.314787864685059,0.0,0.0,0.0,4.470348358154297e-08,0.0,0.6000000238418579,-1.4901161193847656e-08,0.05600005388259888,0.6000000238418579,-4.470348358154297e-08,-0.05599990487098694,0.5999999642372131,2.2221686840057373,-2.86102294921875e-06,20.629573822021484,0.0,0.0,0.0,1.6093254089355469e-06,1.4707973150507314e-06,-2.2351741790771484e-07,22.38785743713379,22.387853622436523,47.55125045776367,47.55125427246094,0.33168351650238037,0.33168351650238037,0.45428380370140076,0.45428380370140076,0.21403278410434723,0.21403278410434723,0.0,0.0,10.288066864013672,10.288066864013672,-0.3061996400356293,-0.3061996400356293,3.8395395278930664,3.8395395278930664,0.0,0.0,-0.09665454924106598,-0.09665454924106598,3.742885112762451,3.742885112762451,0.6875313520431519,0.6875313520431519,0.20170819759368896,0.20170819759368896,0.4078860282897949,0.4078860282897949,88.93122863769531,88.93122863769531,45.435482025146484,45.435482025146484,60.31122589111328,60.31122589111328,5.489435195922852,5.489435195922852,0.0,0.0,180.0
94,0.39166666666666666,-0.21280461165725875,-12.01262051063366,134.41902923421392,-0.21280461165725875,-12.01262051063366,134.41902923421392,5.0,-5.0,0.0,0.0,15.0,0,0.5,0.0,0.0,4.0,4.0,4.0,12.012622833251953,12.012619018554688,12.012621879577637,12.012621879577637,-0.24587805569171906,-0.2469334602355957,-4.098662853240967,-4.486714839935303,-0.15944376587867737,-0.15944376587867737,0.0,0.0,nan,nan,43.476402282714844,43.476402282714844,86.95280456542969,0.0,9.527621269226074,3.5967259407043457,0.0,0.0,0.0,3.5967259407043457,0.0,9.527621269226074,0.0,0.0,0.0,1.1179596185684204,-2.810337781906128,9.724411010742188,0.0,0.0,0.0,0.0,9.527621269226074,3.5967259407043457,0.0,0.0,0.0,3.5967259407043457,0.0,9.527621269226074,-0.0,-0.0,-0.0,1.1179596185684204,2.810335159301758,9.724411964416504,0.0,0.0,0.0,4.470348358154297e-08,0.0,0.6000000238418579,1.4901161193847656e-08,0.056000083684921265,0.6000000238418579,-1.4901161193847656e-08,-0.055999964475631714,0.6000000238418579,2.235919237136841,-2.6226043701171875e-06,19.448822021484375,0.0,0.0,0.0,1.0728836059570312e-06,8.69430152761197e-07,-2.1606683731079102e-07,21.956323623657227,21.95631980895996,46.766902923583984,46.766902923583984,0.34582775831222534,0.34582775831222534,0.45338863134384155,0.45338863134384155,0.20078371465206146,0.20078371465206146,0.0,0.0,10.181463241577148,10.181463241577148,-0.6538419723510742,-0.6538419723510742,3.6915364265441895,3.6915364265441895,0.0,0.0,-0.09481063485145569,-0.09481063485145569,3.5967259407043457,3.5967259407043457,0.6875313520431519,0.6875313520431519,0.20394764840602875,0.20394764840602875,0.3925364315509796,0.3925364315509796,85.56938934326172,85.56938934326172,43.570987701416016,43.570987701416016,58.407440185546875,58.407440185546875,5.864545822143555,5.864545822143555,0.0,0.0,180.0
95,0.3958333333333333,-0.26159999999999956,-11.38775792840812,165.24086472479817,-0.26159999999999956,-11.38775792840812,165.24086472479817,5.0,-5.0,0.0,0.0,15.0,0,0.5,0.0,0.0,4.0,4.0,4.0,11.387757301330566,11.387755393981934,11.387758255004883,11.387758255004883,-0.2913639545440674,-0.2924378514289856,-3.2923929691314697,-3.684140920639038,-0.1511499434709549,-0.1511499434709549,0.0,0.0,nan,nan,38.78638458251953,38.78638458251953,77.57276916503906,0.0,8.967832565307617,3.3847107887268066,0.0,0.0,0.0,3.3847107887268066,0.0,8.967832565307617,0.0,0.0,0.0,1.0876402854919434,-3.060027599334717,9.018401145935059,0.0,0.0,0.0,0.0,8.967832565307617,3.3847107887268066,0.0,0.0,0.0,3.3847107887268066,0.0,8.967832565307617,-0.0,-0.0,-0.0,1.0876400470733643,3.060025453567505,9.018402099609375,0.0,0.0,0.0,4.470348358154297e-08,0.0,0.6000000238418579,-5.960464477539063e-08,0.05600005388259888,0.6000000238418579,-1.043081283569336e-07,-0.05599990487098694,0.5999999642372131,2.1752803325653076,-2.1457672119140625e-06,18.03680419921875,0.0,0.0,0.0,1.430511474609375e-06,2.2197107227839297e-06,-3.0919909477233887e-07,21.33799934387207,21.337997436523438,45.65513610839844,45.65513610839844,0.3599705994129181,0.3599705994129181,0.46520882844924927,0.46520882844924927,0.17482061684131622,0.17482061684131622,0.0,0.0,9.966314315795898,9.966314315795898,-0.998481035232544,-0.998481035232544,3.4773027896881104,3.4773027896881104,0.0,0.0,-0.09259215742349625,-0.09259215742349625,3.3847107887268066,3.3847107887268066,0.6875313520431519,0.6875313520431519,0.20284099876880646,0.20284099876880646,0.3746427595615387,0.3746427595615387,81.2807846069336,81.2807846069336,41.16713333129883,41.16713333129883,55.966087341308594,55.966087341308594,6.339746475219727,6.339746475219727,0.0,0.0,180.0
96,0.4,-0.3075292439994218,-10.63812868727738,194.25228672258407,-0.3075292439994218,-10.63812868727738,194.25228672258407,5.0,-5.0,0.0,0.0,15.0,0,0.5,0.0,0.0,4.0,4.0,4.0,10.6381254196167,10.638129234313965,10.638128280639648,10.638129234313965,-0.3336593806743622,-0.3347400426864624,-2.4503250122070312,-2.841481924057007,-0.14120009541511536,-0.14120009541511536,0.0,0.0,nan,nan,33.55207061767578,33.55207061767578,67.10414123535156,0.0,8.316140174865723,3.1183838844299316,0.0,0.0,0.0,3.1183838844299316,0.0,8.316140174865723,0.0,0.0,0.0,1.0247893333435059,-3.1935651302337646,8.223956108093262,0.0,0.0,0.0,0.0,8.316140174865723,3.1183838844299316,0.0,0.0,0.0,3.1183838844299316,0.0,8.316140174865723,-0.0,-0.0,-0.0,1.024788498878479,3.1935641765594482,8.223957061767578,0.0,0.0,0.0,4.470348358154297e-08,0.0,0.6000000238418579,-4.470348358154297e-08,0.0559999942779541,0.6000000238418579,-2.9802322387695312e-08,-0.055999934673309326,0.5999999642372131,2.0495777130126953,-9.5367431640625e-07,16.447914123535156,0.0,0.0,0.0,6.258487701416016e-07,1.2869293186668074e-06,-5.960464477539063e-08,20.513864517211914,20.513864517211914,44.13380813598633,44.13380813598633,0.37411409616470337,0.37411409616470337,0.48833751678466797,0.48833751678466797,0.13754841685295105,0.13754841685295105,0.0,0.0,9.652700424194336,9.652700424194336,-1.3365604877471924,-1.3365604877471924,3.208482265472412,3.208482265472412,0.0,0.0,-0.09009853005409241,-0.09009853005409241,3.1183838844299316,3.1183838844299316,0.6875313520431519,0.6875313520431519,0.19836385548114777,0.19836385548114777,0.35436469316482544,0.35436469316482544,76.1016845703125,76.1016845703125,38.24410629272461,38.24410629272461,53.00776290893555,53.00776290893555,6.9098310470581055,6.9098310470581055,0.0,0.0,180.0
97,0.4041666666666667,-0.3500891332469547,-9.77194588207728,221.13544001713296,-0.3500891332469547,-9.77194588207728,221.13544001713296,5.0,-5.0,0.0,0.0,15.0,0,0.5,0.0,0.0,4.0,4.0,4.0,9.771944046020508,9.771944046020508,9.77194595336914,9.77194595336914,-0.3723071813583374,-0.37338271737098694,-1.5826985836029053,-1.969012975692749,-0.12970323860645294,-0.12970323860645294,0.0,0.0,nan,nan,28.023643493652344,28.023643493652344,56.04728698730469,0.0,7.589224338531494,2.811491012573242,0.0,0.0,0.0,2.811491012573242,0.0,7.589224338531494,0.0,0.0,0.0,0.935802698135376,-3.2099151611328125,7.370314598083496,0.0,0.0,0.0,0.0,7.589224338531494,2.811491012573242,0.0,0.0,0.0,2.811491012573242,0.0,7.589224338531494,-0.0,-0.0,-0.0,0.9358021020889282,3.2099132537841797,7.370315074920654,0.0,0.0,0.0,4.470348358154297e-08,0.0,0.6000000238418579,-2.9802322387695312e-08,0.05600002408027649,0.6000000238418579,-5.960464477539063e-08,-0.05599990487098694,0.5999999642372131,1.8716048002243042,-1.9073486328125e-06,14.740629196166992,0.0,0.0,0.0,1.043081283569336e-06,1.2621368341569905e-06,-2.421438694000244e-07,19.466066360473633,19.466066360473633,42.091888427734375,42.09187698364258,0.4024088680744171,0.4024088680744171,0.5055375695228577,0.5055375695228577,0.0920536071062088,0.0920536071062088,0.0,0.0,9.253393173217773,9.253393173217773,-1.6641682386398315,-1.6641682386398315,2.898927688598633,2.898927688598633,0.0,0.0,-0.0874367505311966,-0.0874367505311966,2.811491012573242,2.811491012573242,0.6875313520431519,0.6875313520431519,0.1905231773853302,0.1905231773853302,0.3318822383880615,0.3318822383880615,70.07818603515625,70.07818603515625,34.82772445678711,34.82772445678711,49.55867004394531,49.55867004394531,7.568552494049072,7.568552494049072,0.0,0.0,180.0
98,0.4083333333333333,-0.38881337268977234,-8.798699592882016,245.5957871552879,-0.38881337268977234,-8.798699592882016,245.5957871552879,5.0,-5.0,0.0,0.0,15.0,0,0.5,0.0,0.0,4.0,4.0,4.0,8.798697471618652,8.798699378967285,8.798699378967285,8.798699378967285,-0.4068913161754608,-0.4079497456550598,-0.7001919746398926,-1.0774734020233154,-0.11678532510995865,-0.11678532510995865,0.0,0.0,nan,nan,22.46521759033203,22.46521759033203,44.93043518066406,0.0,6.806042671203613,2.478945255279541,0.0,0.0,0.0,2.478945255279541,0.0,6.806042671203613,0.0,0.0,0.0,0.828307569026947,-3.1152701377868652,6.486631393432617,0.0,0.0,0.0,0.0,6.806042671203613,2.478945255279541,0.0,0.0,0.0,2.478945255279541,0.0,6.806042671203613,-0.0,-0.0,-0.0,0.8283069133758545,3.1152687072753906,6.486631870269775,0.0,0.0,0.0,4.470348358154297e-08,0.0,0.6000000238418579,-1.1920928955078125e-07,0.05600005388259888,0.6000000238418579,7.450580596923828e-08,-0.055999964475631714,0.6000000238418579,1.6566145420074463,-1.430511474609375e-06,12.973262786865234,0.0,0.0,0.0,5.662441253662109e-07,8.699250315657991e-07,4.917383193969727e-07,18.1834716796875,18.1834716796875,39.3846321105957,39.38462829589844,0.43071863055229187,0.43071863055229187,0.5245851278305054,0.5245851278305054,0.04469626769423485,0.04469626769423485,0.0,0.0,8.783141136169434,8.783141136169434,-1.9770989418029785,-1.9770989418029785,2.563660144805908,2.563660144805908,0.0,0.0,-0.08471508324146271,-0.08471508324146271,2.478945255279541,2.478945255279541,0.6875313520431519,0.6875313520431519,0.17936104536056519,0.17936104536056519,0.3073979318141937,0.3073979318141937,63.26660919189453,63.26660919189453,30.94968032836914,30.94968032836914,45.6508674621582,45.6508674621582,8.308694839477539,8.308694839477539,0.0,0.0,180.0
99,0.4125,-0.4232776914569724,-7.729052909700861,267.3653354551474,-0.4232776914569724,-7.729052909700861,267.3653354551474,5.0,-5.0,0.0,0.0,15.0,0,0.5,0.0,0.0,4.0,4.0,4.0,7.7290520668029785,7.729051113128662,7.729052543640137,7.729052543640137,-0.4370405077934265,-0.4380701780319214,0.18627363443374634,-0.17791825532913208,-0.10258787870407104,-0.10258787870407104,0.0,0.0,nan,nan,17.13665008544922,17.13665008544922,34.27330017089844,0.0,5.98688268661499,2.135742664337158,0.0,0.0,0.0,2.135742664337158,0.0,5.98688268661499,0.0,0.0,0.0,0.7105571031570435,-2.922109603881836,5.600049018859863,0.0,0.0,0.0,0.0,5.98688268661499,2.135742664337158,0.0,0.0,0.0,2.135742664337158,0.0,5.98688268661499,-0.0,-0.0,-0.0,0.7105568051338196,2.9221088886260986,5.600049018859863,0.0,0.0,0.0,4.470348358154297e-08,0.0,0.6000000238418579,-8.940696716308594e-08,0.05600005388259888,0.5999999642372131,-5.960464477539063e-08,-0.055999934673309326,0.6000000238418579,1.4211139678955078,-7.152557373046875e-07,11.200098037719727,0.0,0.0,0.0,4.76837158203125e-07,1.2928032901982078e-06,-1.862645149230957e-08,16.672590255737305,16.672588348388672,35.83316421508789,35.83316421508789,0.4873591661453247,0.4873591661453247,0.5105845332145691,0.5105845332145691,0.002056337660178542,0.002056337660178542,0.0,0.0,8.257841110229492,8.257841110229492,-2.270958185195923,-2.270958185195923,2.217780351638794,2.217780351638794,0.0,0.0,-0.08203749358654022,-0.08203749358654022,2.135742664337158,2.135742664337158,0.6875313520431519,0.6875313520431519,0.16495880484580994,0.16495880484580994,0.28113895654678345,0.28113895654678345,55.73393630981445,55.73393630981445,26.647829055786133,26.647829055786133,41.32252883911133,41.32252883911133,9.122148513793945,9.122148513793945,0.0,0.0,180.0
100,0.4166666666666667,-0.45310449126001834,-6.574725105432718,286.2055731899668,-0.45310449126001834,-6.574725105432718,286.2055731899668,5.0,-5.0,0.0,0.0,15.0,0,0.5,0.0,0.0,4.0,4.0,4.0,6.574723243713379,6.574724197387695,6.574725151062012,6.574725151062012,-0.4624323546886444,-0.46342161297798157,1.0657483339309692,0.7185443639755249,-0.0872664600610733,-0.0872664600610733,0.0,0.0,nan,nan,12.274343490600586,12.274343490600586,24.548686981201172,0.0,5.152291297912598,1.7959200143814087,0.0,0.0,0.0,1.7959200143814087,0.0,5.152291297912598,0.0,0.0,0.0,0.5907725691795349,-2.6477489471435547,4.7341156005859375,0.0,0.0,0.0,0.0,5.152291297912598,1.7959200143814087,0.0,0.0,0.0,1.7959200143814087,0.0,5.152291297912598,-0.0,-0.0,-0.0,0.590772271156311,2.6477479934692383,4.734116077423096,0.0,0.0,0.0,4.470348358154297e-08,0.0,0.6000000238418579,-5.960464477539063e-08,0.05600002408027649,0.5999999642372131,1.4901161193847656e-08,-0.055999964475631714,0.6000000238418579,1.1815447807312012,-9.5367431640625e-07,9.468231201171875,0.0,0.0,0.0,8.940696716308594e-08,5.996815843900549e-07,1.4528632164001465e-07,14.979104042053223,14.979104995727539,31.23953628540039,31.239530563354492,0.557930588722229,0.557930588722229,0.4420694410800934,0.4420694410800934,0.0,0.0,0.0,0.0,7.693597793579102,7.693597793579102,-2.541306257247925,-2.541306257247925,1.8754189014434814,1.8754189014434814,0.0,0.0,-0.07949888706207275,-0.07949888706207275,1.7959200143814087,1.7959200143814087,0.6875313520431519,0.6875313520431519,0.1474398374557495,0.1474398374557495,0.25335875153541565,0.25335875153541565,47.5577392578125,47.5577392578125,21.96617317199707,21.96617317199707,36.617950439453125,36.617950439453125,10.000000953674316,10.000000953674316,0.0,0.0,180.0
101,0.42083333333333334,-0.4779669834386086,-5.348363237059794,301.9100827725501,-0.4779669834386086,-5.348363237059794,301.9100827725501,5.0,-5.0,0.0,0.0,15.0,0,0.5,0.0,0.0,4.0,4.0,4.0,5.348362922668457,5.348362922668457,5.348363399505615,5.348363399505615,-0.48279547691345215,-0.48373329639434814,1.9274815320968628,1.6009414196014404,-0.07098893821239471,-0.07098893821239471,0.0,0.0,nan,nan,8.073507308959961,8.073507308959961,16.147014617919922,0.0,4.321923732757568,1.4716615676879883,0.0,0.0,0.0,1.4716615676879883,0.0,4.321923732757568,0.0,0.0,0.0,0.4765144884586334,-2.312507152557373,3.9076919555664062,0.0,0.0,0.0,0.0,4.321923732757568,1.4716615676879883,0.0,0.0,0.0,1.4716615676879883,0.0,4.321923732757568,-0.0,-0.0,-0.0,0.4765143394470215,2.312506675720215,3.9076924324035645,0.0,0.0,0.0,4.470348358154297e-08,0.0,0.6000000238418579,-5.960464477539063e-08,0.05600003898143768,0.6000000238418579,-5.960464477539063e-08,-0.055999934673309326,0.6000000238418579,0.9530287981033325,-4.76837158203125e-07,7.815384387969971,0.0,0.0,0.0,3.725290298461914e-07,8.15208125004574e-07,-5.774199962615967e-08,13.231226921081543,13.231224060058594,25.44611167907715,25.44611167907715,0.6680206060409546,0.6680206060409546,0.3319794535636902,0.3319794535636902,0.0,0.0,0.0,0.0,7.105746269226074,7.105746269226074,-2.783823013305664,-2.783823013305664,1.5488433837890625,1.5488433837890625,0.0,0.0,-0.07718174159526825,-0.07718174159526825,1.4716615676879883,1.4716615676879883,0.6875313520431519,0.6875313520431519,0.1269717812538147,0.1269717812538147,0.22433730959892273,0.22433730959892273,38.82585906982422,38.82585906982422,16.954694747924805,16.954694747924805,31.587364196777344,31.587364196777344,10.932634353637695,10.932634353637695,0.0,0.0,180.0
102,0.425,-0.4975927693256243,-4.063403581844662,314.30680230953107,-0.4975927693256243,-4.063403581844662,314.30680230953107,5.0,-5.0,0.0,0.0,15.0,0,0.5,0.0,0.0,4.0,4.0,4.0,4.06340217590332,4.063403606414795,4.063403606414795,4.063403606414795,-0.49791255593299866,-0.4987882673740387,2.761117696762085,2.4586830139160156,-0.05393363907933235,-0.05393363907933235,0.0,0.0,nan,nan,4.674442291259766,4.674442291259766,9.348884582519531,0.0,3.513381242752075,1.1726548671722412,0.0,0.0,0.0,1.1726548671722412,0.0,3.513381242752075,0.0,0.0,0.0,0.37418287992477417,-1.937772274017334,3.1343250274658203,0.0,0.0,0.0,0.0,3.513381242752075,1.1726548671722412,0.0,0.0,0.0,1.1726548671722412,0.0,3.513381242752075,-0.0,-0.0,-0.0,0.37418264150619507,1.9377715587615967,3.1343255043029785,0.0,0.0,0.0,4.470348358154297e-08,0.0,0.6000000238418579,-1.4901161193847656e-07,0.05600002408027649,0.6000000238418579,-1.4901161193847656e-08,-0.055999964475631714,0.5999999642372131,0.7483655214309692,-7.152557373046875e-07,6.268650531768799,0.0,0.0,0.0,2.8312206268310547e-07,7.716834033999476e-07,2.253800630569458e-07,11.729952812194824,11.729949951171875,18.518930435180664,18.518930435180664,0.8289155960083008,0.8289155960083008,0.1710844784975052,0.1710844784975052,0.0,0.0,0.0,0.0,6.507871627807617,6.507871627807617,-2.994490623474121,-2.994490623474121,1.2478089332580566,1.2478089332580566,0.0,0.0,-0.07515415549278259,-0.07515415549278259,1.1726548671722412,1.1726548671722412,0.6875313520431519,0.6875313520431519,0.10376715660095215,0.10376715660095215,0.19438087940216064,0.19438087940216064,29.635650634765625,29.635650634765625,11.668993949890137,11.668993949890137,26.28658103942871,26.28658103942871,11.909831047058105,11.909831047058105,0.0,0.0,180.0
103,0.42916666666666664,-0.511766824703927,-2.733924426664996,323.2599107474818,-0.511766824703927,-2.733924426664996,323.2599107474818,5.0,-5.0,0.0,0.0,15.0,0,0.5,0.0,0.0,4.0,4.0,4.0,2.733924150466919,2.73392391204834,2.733924388885498,2.733924388885498,-0.507621705532074,-0.5084254741668701,3.556931734085083,3.281764030456543,-0.03628743439912796,-0.03628743439912796,0.0,0.0,nan,nan,2.155184268951416,2.155184268951416,4.310368537902832,0.0,2.741119384765625,0.9057631492614746,0.0,0.0,0.0,0.9057631492614746,0.0,2.741119384765625,0.0,0.0,0.0,0.2887166738510132,-1.5440940856933594,2.422098159790039,0.0,0.0,0.0,0.0,2.741119384765625,0.9057631492614746,0.0,0.0,0.0,0.9057631492614746,0.0,2.741119384765625,-0.0,-0.0,-0.0,0.28871649503707886,1.544093370437622,2.422098398208618,0.0,0.0,0.0,4.470348358154297e-08,0.0,0.6000000238418579,-4.470348358154297e-08,0.05600003898143768,0.6000000238418579,-4.470348358154297e-08,-0.055999964475631714,0.6000000238418579,0.577433168888092,-7.152557373046875e-07,4.844196319580078,0.0,0.0,0.0,1.7881393432617188e-07,4.3310492969794723e-07,-3.166496753692627e-08,11.121833801269531,11.121831893920898,16.643383026123047,16.643383026123047,0.8820533156394958,0.8820533156394958,0.11794667690992355,0.11794667690992355,0.0,0.0,0.0,0.0,5.910890579223633,5.910890579223633,-3.169771671295166,-3.169771671295166,0.9792319536209106,0.9792319536209106,0.0,0.0,-0.07346884906291962,-0.07346884906291962,0.9057631492614746,0.9057631492614746,0.6875313520431519,0.6875313520431519,0.07808203995227814,0.07808203995227814,0.16381949186325073,0.16381949186325073,20.09270668029785,20.09270668029785,6.16955041885376,6.16955041885376,20.776241302490234,20.776241302490234,12.920884132385254,12.920884132385254,0.0,0.0,180.0
104,0.43333333333333335,-0.5203338556566807,-1.3744918233562764,328.6713159567981,-0.5203338556566807,-1.3744918233562764,328.6713159567981,5.0,-5.0,0.0,0.0,15.0,0,0.5,0.0,0.0,4.0,4.0,4.0,1.374491810798645,1.374491810798645,1.374491810798645,1.3744919300079346,-0.5118175148963928,-0.5125400424003601,4.306000232696533,4.060959815979004,-0.018243659287691116,-0.018243659287691116,0.0,0.0,nan,nan,0.5322170853614807,0.5322170853614807,1.0644341707229614,0.0,2.0155587196350098,0.6750735640525818,0.0,0.0,0.0,0.6750735640525818,0.0,2.0155587196350098,0.0,0.0,0.0,0.2235807627439499,-1.1496055126190186,1.7738715410232544,0.0,0.0,0.0,0.0,2.0155587196350098,0.6750735640525818,0.0,0.0,0.0,0.6750735640525818,0.0,2.0155587196350098,-0.0,-0.0,-0.0,0.22358064353466034,1.1496047973632812,1.773871898651123,0.0,0.0,0.0,4.470348358154297e-08,0.0,0.6000000238418579,-7.450580596923828e-08,0.05600002408027649,0.6000000238418579,-4.470348358154297e-08,-0.055999964475631714,0.6000000238418579,0.44716140627861023,-7.152557373046875e-07,3.547743320465088,0.0,0.0,0.0,8.195638656616211e-08,3.7005847275395354e-07,1.3969838619232178e-08,12.324207305908203,12.324207305908203,15.813404083251953,15.813404083251953,0.8820533156394958,0.8820533156394958,0.11794667690992355,0.11794667690992355,0.0,0.0,0.0,0.0,5.32232666015625,5.32232666015625,-3.3067679405212402,-3.3067679405212402,0.7472367882728577,0.7472367882728577,0.0,0.0,-0.07216325402259827,-0.07216325402259827,0.6750735640525818,0.6750735640525818,0.6875313520431519,0.6875313520431519,0.0502132847905159,0.0502132847905159,0.13300344347953796,0.13300344347953796,10.309234619140625,10.309234619140625,0.52083820104599,0.52083820104599,15.12094783782959,15.12094783782959,13.954715728759766,13.954715728759766,0.0,0.0,180.0
105,0.4375,-0.5232,-5.636201238949347e-15,330.4817294495969,-0.5232,-5.636201238949347e-15,330.4817294495969,5.0,-5.0,0.0,0.0,15.0,0,0.5,0.0,0.0,4.0,4.0,4.0,5.636201276743372e-15,5.636201700259845e-15,5.636201276743372e-15,5.636201276743372e-15,-0.5104531049728394,-0.5110860466957092,5.000348091125488,4.787969589233398,-7.480941388846287e-17,-7.480941388846287e-17,0.0,0.0,nan,nan,-0.23076343536376953,-0.23076343536376953,-0.46152687072753906,0.0,1.342545509338379,0.4823017418384552,0.0,0.0,0.0,0.4823017418384552,0.0,1.342545509338379,0.0,0.0,0.0,0.18102331459522247,-0.7688992023468018,1.1878838539123535,0.0,0.0,0.0,0.0,1.342545509338379,0.4823017418384552,0.0,0.0,0.0,0.4823017418384552,0.0,1.342545509338379,-0.0,-0.0,-0.0,0.18102328479290009,0.7688989043235779,1.187883973121643,0.0,0.0,0.0,4.470348358154297e-08,0.0,0.6000000238418579,1.4901161193847656e-08,0.05600003898143768,0.6000000238418579,0.0,-0.05599997937679291,0.5999999642372131,0.36204659938812256,-2.980232238769531e-07,2.375767707824707,0.0,0.0,0.0,1.1175870895385742e-07,7.771441801196488e-08,-2.421438694000244e-08,14.99998950958252,14.99998950958252,14.999988555908203,14.999988555908203,1.0,1.0,0.0,0.0,0.0,0.0,0.0,0.0,4.745896339416504,4.745896339416504,-3.403350830078125,-3.403350830078125,0.553561806678772,0.553561806678772,0.0,0.0,-0.07126004993915558,-0.07126004993915558,0.4823017418384552,0.4823017418384552,0.6875313520431519,0.6875313520431519,0.02049357444047928,0.02049357444047928,0.10229769349098206,0.10229769349098206,0.40209388732910156,0.40209388732910156,-5.209789752960205,-5.209789752960205,9.388116836547852,9.388116836547852,15.000000953674316,15.000000953674316,0.0,0.0,180.0
106,0.44166666666666665,-0.5203338556566807,1.374491823356265,328.6713159567981,-0.5203338556566807,1.374491823356265,328.6713159567981,5.0,-5.0,0.0,0.0,15.0,0,0.5,0.0,0.0,4.0,4.0,4.0,1.374491810798645,1.374491810798645,1.374491810798645,1.3744919300079346,-0.5035388469696045,-0.5040750503540039,5.6330342292785645,5.455510139465332,0.018243659287691116,0.018243659287691116,0.0,0.0,nan,nan,-0.20792880654335022,-0.20792880654335022,-0.41585761308670044,0.0,0.7233331203460693,0.3274730145931244,0.0,0.0,0.0,0.3274730145931244,0.0,0.7233331203460693,0.0,0.0,0.0,0.16254034638404846,-0.41256436705589294,0.6586506962776184,0.0,0.0,0.0,0.0,0.7233331203460693,0.3274730145931244,0.0,0.0,0.0,0.3274730145931244,0.0,0.7233331203460693,-0.0,-0.0,-0.0,0.1625402867794037,0.41256412863731384,0.658650815486908,0.0,0.0,0.0,4.470348358154297e-08,0.0,0.6000000238418579,-7.450580596923828e-08,0.05600002408027649,0.6000000238418579,-4.470348358154297e-08,-0.055999964475631714,0.6000000238418579,0.32508063316345215,-2.384185791015625e-07,1.3173015117645264,0.0,0.0,0.0,2.9802322387695312e-08,1.374052516212032e-07,-9.313225746154785e-10,18.036861419677734,18.036865234375,23.0157527923584,23.0157527923584,0.11794667690992355,0.11794667690992355,0.8820533156394958,0.8820533156394958,0.0,0.0,0.0,0.0,4.181578636169434,4.181578636169434,-3.458245277404785,-3.458245277404785,0.39824098348617554,0.39824098348617554,0.0,0.0,-0.07076795399188995,-0.07076795399188995,0.3274730145931244,0.3274730145931244,0.6875313520431519,0.6875313520431519,-0.010714729316532612,-0.010714729316532612,0.07207543402910233,0.07207543402910233,-9.509451866149902,-9.509451866149902,-10.953388214111328,-10.953388214111328,3.6467208862304688,3.6467208862304688,16.045286178588867,16.045286178588867,0.0,0.0,180.0
107,0.4458333333333333,-0.5117668247039272,2.7339244266649625,323.25991074748197,-0.5117668247039272,2.7339244266649625,323.25991074748197,5.0,-5.0,0.0,0.0,15.0,0,0.5,0.0,0.0,4.0,4.0,4.0,2.733924150466919,2.73392391204834,2.733924388885498,2.733924388885498,-0.4911441206932068,-0.49157750606536865,6.198157787322998,6.057314872741699,0.03628743439912796,0.03628743439912796,0.0,0.0,nan,nan,0.5058761835098267,0.5058761835098267,1.0117523670196533,0.0,0.1551963984966278,0.20970411598682404,0.0,0.0,0.0,0.20970411598682404,0.0,0.1551963984966278,0.0,0.0,0.0,0.1693701595067978,-0.08742334693670273,0.17813658714294434,0.0,0.0,0.0,0.0,0.1551963984966278,0.20970411598682404,0.0,0.0,0.0,0.20970411598682404,0.0,0.1551963984966278,-0.0,-0.0,-0.0,0.1693701595067978,0.08742330968379974,0.17813660204410553,0.0,0.0,0.0,4.470348358154297e-08,0.0,0.6000000238418579,-4.470348358154297e-08,0.05600003898143768,0.6000000238418579,-4.470348358154297e-08,-0.055999964475631714,0.6000000238418579,0.3387403190135956,-3.725290298461914e-08,0.35627317428588867,0.0,0.0,0.0,1.210719347000122e-08,3.185330399446684e-08,-1.210719347000122e-08,20.958690643310547,20.958694458007812,30.33509063720703,30.335094451904297,0.11794667690992355,0.11794667690992355,0.8820533156394958,0.8820533156394958,0.0,0.0,0.0,0.0,3.626262903213501,3.626262903213501,-3.471066474914551,-3.471066474914551,0.28038641810417175,0.28038641810417175,0.0,0.0,-0.07068228721618652,-0.07068228721618652,0.20970411598682404,0.20970411598682404,0.6875313520431519,0.6875313520431519,-0.043027304112911224,-0.043027304112911224,0.04271015152335167,0.04271015152335167,-19.30609130859375,-19.30609130859375,-16.640775680541992,-16.640775680541992,-2.0340824127197266,-2.0340824127197266,17.079116821289062,17.079116821289062,0.0,0.0,180.0
108,0.45,-0.49759276932562446,4.063403581844651,314.3068023095312,-0.49759276932562446,4.063403581844651,314.3068023095312,5.0,-5.0,0.0,0.0,15.0,0,0.5,0.0,0.0,4.0,4.0,4.0,4.06340217590332,4.063403606414795,4.063403606414795,4.063403606414795,-0.47339698672294617,-0.4737224280834198,6.690789699554443,6.588075637817383,0.05393363907933235,0.05393363907933235,0.0,0.0,nan,nan,1.8098325729370117,1.8098325729370117,3.6196651458740234,0.0,-0.3673388361930847,0.12786665558815002,0.0,0.0,0.0,0.12786665558815002,0.0,-0.3673388361930847,0.0,0.0,0.0,0.20281565189361572,0.20260225236415863,-0.2628799080848694,0.0,0.0,0.0,0.0,-0.3673388361930847,0.12786665558815002,0.0,0.0,0.0,0.12786665558815002,0.0,-0.3673388361930847,-0.0,-0.0,-0.0,0.20281566679477692,-0.20260217785835266,-0.26287996768951416,0.0,0.0,0.0,4.470348358154297e-08,0.0,0.6000000238418579,-1.4901161193847656e-07,0.05600002408027649,0.6000000238418579,-1.4901161193847656e-08,-0.055999964475631714,0.5999999642372131,0.40563130378723145,7.450580596923828e-08,-0.5257598757743835,0.0,0.0,0.0,-2.421438694000244e-08,-7.868142404277023e-08,-3.91155481338501e-08,23.59121322631836,23.59121322631836,36.3895149230957,36.3895149230957,0.11794667690992355,0.11794667690992355,0.864794909954071,0.864794909954071,0.017258400097489357,0.017258400097489357,0.0,0.0,3.074963092803955,3.074963092803955,-3.4423022270202637,-3.4423022270202637,0.19885218143463135,0.19885218143463135,0.0,0.0,-0.07098551839590073,-0.07098551839590073,0.12786665558815002,0.12786665558815002,0.6875313520431519,0.6875313520431519,-0.07604614645242691,-0.07604614645242691,0.014567578211426735,0.014567578211426735,-28.870820999145508,-28.870820999145508,-22.203908920288086,-22.203908920288086,-7.586321830749512,-7.586321830749512,18.090171813964844,18.090171813964844,0.0,0.0,180.0
109,0.45416666666666666,-0.4779669834386088,5.348363237059783,301.9100827725502,-0.4779669834386088,5.348363237059783,301.9100827725502,5.0,-5.0,0.0,0.0,15.0,0,0.5,0.0,0.0,4.0,4.0,4.0,5.348362922668457,5.348362922668457,5.348363399505615,5.348363399505615,-0.450483500957489,-0.4506973922252655,7.1068572998046875,7.043339252471924,0.07098893821239471,0.07098893821239471,0.0,0.0,nan,nan,3.605567455291748,3.605567455291748,7.211134910583496,0.0,-0.8508800268173218,0.08092880994081497,0.0,0.0,0.0,0.08092880994081497,0.0,-0.8508800268173218,0.0,0.0,0.0,0.26421868801116943,0.4552755653858185,-0.6733936071395874,0.0,0.0,0.0,0.0,-0.8508800268173218,0.08092880994081497,0.0,0.0,0.0,0.08092880994081497,0.0,-0.8508800268173218,-0.0,-0.0,-0.0,0.2642187178134918,-0.45527544617652893,-0.673393726348877,0.0,0.0,0.0,4.470348358154297e-08,0.0,0.6000000238418579,-5.960464477539063e-08,0.05600003898143768,0.6000000238418579,-5.960464477539063e-08,-0.055999934673309326,0.6000000238418579,0.5284373760223389,1.1920928955078125e-07,-1.3467873334884644,0.0,0.0,0.0,-6.332993507385254e-08,-1.4048086427465023e-07,-2.60770320892334e-08,25.876405715942383,25.876405715942383,41.17609786987305,41.17610168457031,0.11794667690992355,0.11794667690992355,0.7199033498764038,0.7199033498764038,0.1621500849723816,0.1621500849723816,0.0,0.0,2.522365093231201,2.522365093231201,-3.3732450008392334,-3.3732450008392334,0.15257614850997925,0.15257614850997925,0.0,0.0,-0.07164733111858368,-0.07164733111858368,0.08092880994081497,0.08092880994081497,0.6875313520431519,0.6875313520431519,-0.10936833173036575,-0.10936833173036575,-0.012002810835838318,-0.012002810835838318,-38.0911979675293,-38.0911979675293,-27.577194213867188,-27.577194213867188,-12.944524765014648,-12.944524765014648,19.067367553710938,19.067367553710938,0.0,0.0,180.0
110,0.4583333333333333,-0.45310449126001856,6.574725105432708,286.20557318996697,-0.45310449126001856,6.574725105432708,286.20557318996697,5.0,-5.0,0.0,0.0,15.0,0,0.5,0.0,0.0,4.0,4.0,4.0,6.574723243713379,6.574724197387695,6.574725151062012,6.574725151062012,-0.4226471185684204,-0.4227469265460968,7.443029880523682,7.419358730316162,0.0872664600610733,0.0872664600610733,0.0,0.0,nan,nan,5.7982072830200195,5.7982072830200195,11.596414566040039,0.0,-1.3015027046203613,0.06789825856685638,0.0,0.0,0.0,0.06789825856685638,0.0,-1.3015027046203613,0.0,0.0,0.0,0.35455477237701416,0.6688388586044312,-1.0608793497085571,0.0,0.0,0.0,0.0,-1.3015027046203613,0.06789825856685638,0.0,0.0,0.0,0.06789825856685638,0.0,-1.3015027046203613,-0.0,-0.0,-0.0,0.35455483198165894,-0.6688386797904968,-1.0608794689178467,0.0,0.0,0.0,4.470348358154297e-08,0.0,0.6000000238418579,-5.960464477539063e-08,0.05600002408027649,0.5999999642372131,1.4901161193847656e-08,-0.055999964475631714,0.6000000238418579,0.7091096043586731,1.7881393432617188e-07,-2.1217589378356934,0.0,0.0,0.0,-1.862645149230957e-08,-1.6340811725967797e-07,-6.705522537231445e-08,27.812030792236328,27.812030792236328,44.87302017211914,44.87302017211914,0.11794667690992355,0.11794667690992355,0.5998412370681763,0.5998412370681763,0.28221216797828674,0.28221216797828674,0.0,0.0,1.9643778800964355,1.9643778800964355,-3.265880584716797,-3.265880584716797,0.14052316546440125,0.14052316546440125,0.0,0.0,-0.07262490689754486,-0.07262490689754486,0.06789825856685638,0.06789825856685638,0.6875313520431519,0.6875313520431519,-0.14259451627731323,-0.14259451627731323,-0.0366755835711956,-0.0366755835711956,-46.861289978027344,-46.861289978027344,-32.69865417480469,-32.69865417480469,-18.046876907348633,-18.046876907348633,20.0,20.0,0.0,0.0,180.0
111,0.46249999999999997,-0.42327769145697264,7.729052909700852,267.36533545514754,-0.42327769145697264,7.729052909700852,267.36533545514754,5.0,-5.0,0.0,0.0,15.0,0,0.5,0.0,0.0,4.0,4.0,4.0,7.7290520668029785,7.729051113128662,7.729052543640137,7.729052543640137,-0.39018669724464417,-0.3901713490486145,7.696592330932617,7.713010787963867,0.10258787870407104,0.10258787870407104,0.0,0.0,nan,nan,8.291972160339355,8.291972160339355,16.58394432067871,0.0,-1.7233970165252686,0.08743828535079956,0.0,0.0,0.0,0.08743828535079956,0.0,-1.7233970165252686,0.0,0.0,0.0,0.4737671911716461,0.8411648273468018,-1.4302898645401,0.0,0.0,0.0,0.0,-1.7233970165252686,0.08743828535079956,0.0,0.0,0.0,0.08743828535079956,0.0,-1.7233970165252686,-0.0,-0.0,-0.0,0.4737672805786133,-0.8411646485328674,-1.4302899837493896,0.0,0.0,0.0,4.470348358154297e-08,0.0,0.6000000238418579,-8.940696716308594e-08,0.05600005388259888,0.5999999642372131,-5.960464477539063e-08,-0.055999934673309326,0.6000000238418579,0.947534441947937,1.7881393432617188e-07,-2.8605799674987793,0.0,0.0,0.0,-1.1175870895385742e-07,-3.6924643609381747e-07,-7.82310962677002e-08,29.422452926635742,29.422452926635742,47.69276809692383,47.69276809692383,0.11794667690992355,0.11794667690992355,0.5156482458114624,0.5156482458114624,0.366405189037323,0.366405189037323,0.0,0.0,1.3993496894836426,1.3993496894836426,-3.122746706008911,-3.122746706008911,0.16130149364471436,0.16130149364471436,0.0,0.0,-0.07386322319507599,-0.07386322319507599,0.08743828535079956,0.08743828535079956,0.6875313520431519,0.6875313520431519,-0.17533646523952484,-0.17533646523952484,-0.05915629118680954,-0.05915629118680954,-55.08332824707031,-55.08332824707031,-37.51090621948242,-37.51090621948242,-22.83620834350586,-22.83620834350586,20.877853393554688,20.877853393554688,0.0,0.0,180.0
112,0.4666666666666667,-0.3888133726897726,8.79869959288201,245.5957871552881,-0.3888133726897726,8.79869959288201,245.5957871552881,5.0,-5.0,0.0,0.0,15.0,0,0.5,0.0,0.0,4.0,4.0,4.0,8.798697471618652,8.798699378967285,8.798699378967285,8.798699378967285,-0.35345396399497986,-0.3533235788345337,7.865415096282959,7.9217305183410645,0.11678532510995865,0.11678532510995865,0.0,0.0,nan,nan,10.983920097351074,10.983920097351074,21.96784019470215,0.0,-2.11802339553833,0.13733989000320435,0.0,0.0,0.0,0.13733989000320435,0.0,-2.11802339553833,0.0,0.0,0.0,0.6200483441352844,0.9694641828536987,-1.7834136486053467,0.0,0.0,0.0,0.0,-2.11802339553833,0.13733989000320435,0.0,0.0,0.0,0.13733989000320435,0.0,-2.11802339553833,-0.0,-0.0,-0.0,0.620048463344574,-0.9694638252258301,-1.7834138870239258,0.0,0.0,0.0,4.470348358154297e-08,0.0,0.6000000238418579,-1.1920928955078125e-07,0.05600005388259888,0.6000000238418579,7.450580596923828e-08,-0.055999964475631714,0.6000000238418579,1.2400968074798584,3.5762786865234375e-07,-3.5668275356292725,0.0,0.0,0.0,-1.4901161193847656e-07,-2.3917439762044523e-07,-2.384185791015625e-07,30.742801666259766,30.742807388305664,49.827266693115234,49.827266693115234,0.11794667690992355,0.11794667690992355,0.45904016494750977,0.45904016494750977,0.42301318049430847,0.42301318049430847,0.0,0.0,0.8287456035614014,0.8287456035614014,-2.9467689990997314,-2.9467689990997314,0.21263575553894043,0.21263575553894043,0.0,0.0,-0.07529588043689728,-0.07529588043689728,0.13733989000320435,0.13733989000320435,0.6875313520431519,0.6875313520431519,-0.20722396671772003,-0.20722396671772003,-0.07918713241815567,-0.07918713241815567,-62.66898727416992,-62.66898727416992,-41.961952209472656,-41.961952209472656,-27.260766983032227,-27.260766983032227,21.691307067871094,21.691307067871094,0.0,0.0,180.0
113,0.4708333333333333,-0.350089133246955,9.771945882077272,221.13544001713316,-0.350089133246955,9.771945882077272,221.13544001713316,5.0,-5.0,0.0,0.0,15.0,0,0.5,0.0,0.0,4.0,4.0,4.0,9.771944046020508,9.771944046020508,9.77194595336914,9.77194595336914,-0.3128495514392853,-0.3126055598258972,7.947925090789795,8.0435209274292,0.12970323860645294,0.12970323860645294,0.0,0.0,nan,nan,13.759259223937988,13.759259223937988,27.518518447875977,0.0,-2.4838132858276367,0.21405309438705444,0.0,0.0,0.0,0.21405309438705444,0.0,-2.4838132858276367,0.0,0.0,0.0,0.7892844676971436,1.0505461692810059,-2.1186153888702393,0.0,0.0,0.0,0.0,-2.4838132858276367,0.21405309438705444,0.0,0.0,0.0,0.21405309438705444,0.0,-2.4838132858276367,-0.0,-0.0,-0.0,0.7892845273017883,-1.050545573234558,-2.11861515045166,0.0,0.0,0.0,4.470348358154297e-08,0.0,0.6000000238418579,-2.9802322387695312e-08,0.05600002408027649,0.6000000238418579,-5.960464477539063e-08,-0.05599990487098694,0.5999999642372131,1.578568935394287,5.960464477539062e-07,-4.23723030090332,0.0,0.0,0.0,-3.3527612686157227e-07,-4.2588294490997214e-07,-6.332993507385254e-08,31.810546875,31.810548782348633,51.43326187133789,51.43326187133789,0.11794667690992355,0.11794667690992355,0.4165618121623993,0.4165618121623993,0.46549156308174133,0.46549156308174133,0.0,0.0,0.25728273391723633,0.25728273391723633,-2.741095781326294,-2.741095781326294,0.29089999198913574,0.29089999198913574,0.0,0.0,-0.0768468976020813,-0.0768468976020813,0.21405309438705444,0.21405309438705444,0.6875313520431519,0.6875313520431519,-0.23790986835956573,-0.23790986835956573,-0.09655079990625381,-0.09655079990625381,-69.54007720947266,-69.54007720947266,-46.005615234375,-46.005615234375,-31.274667739868164,-31.274667739868164,22.431447982788086,22.431447982788086,0.0,0.0,180.0
114,0.475,-0.3075292439994221,10.638128687277371,194.25228672258427,-0.3075292439994221,10.638128687277371,194.25228672258427,5.0,-5.0,0.0,0.0,15.0,0,0.5,0.0,0.0,4.0,4.0,4.0,10.6381254196167,10.638129234313965,10.638128280639648,10.638129234313965,-0.268818736076355,-0.2684638500213623,7.943155765533447,8.076977729797363,0.14120009541511536,0.14120009541511536,0.0,0.0,nan,nan,16.490360260009766,16.490360260009766,32.98072052001953,0.0,-2.8163435459136963,0.3124285340309143,0.0,0.0,0.0,0.3124285340309143,0.0,-2.8163435459136963,0.0,0.0,0.0,0.9748148322105408,1.0815327167510986,-2.4309310913085938,0.0,0.0,0.0,0.0,-2.8163435459136963,0.3124285340309143,0.0,0.0,0.0,0.3124285340309143,0.0,-2.8163435459136963,-0.0,-0.0,-0.0,0.9748150706291199,-1.0815324783325195,-2.4309310913085938,0.0,0.0,0.0,4.470348358154297e-08,0.0,0.6000000238418579,-4.470348358154297e-08,0.0559999942779541,0.6000000238418579,-2.9802322387695312e-08,-0.055999934673309326,0.5999999642372131,1.9496299028396606,2.384185791015625e-07,-4.8618621826171875,0.0,0.0,0.0,-2.086162567138672e-07,-4.5656415181838383e-07,-5.960464477539063e-08,32.66132736206055,32.66133499145508,52.6333122253418,52.6333122253418,0.11794667690992355,0.11794667690992355,0.3882598280906677,0.3882598280906677,0.4937935173511505,0.4937935173511505,0.0,0.0,-0.3073969781398773,-0.3073969781398773,-2.508946657180786,-2.508946657180786,0.39086174964904785,0.39086174964904785,0.0,0.0,-0.07843320816755295,-0.07843320816755295,0.3124285340309143,0.3124285340309143,0.6875313520431519,0.6875313520431519,-0.26707345247268677,-0.26707345247268677,-0.1110726147890091,-0.1110726147890091,-75.62899017333984,-75.62899017333984,-49.6018180847168,-49.6018180847168,-34.83816146850586,-34.83816146850586,23.09016990661621,23.09016990661621,0.0,0.0,180.0
115,0.4791666666666667,-0.26159999999999994,11.387757928408114,165.24086472479843,-0.26159999999999994,11.387757928408114,165.24086472479843,5.0,-5.0,0.0,0.0,15.0,0,0.5,0.0,0.0,4.0,4.0,4.0,11.387757301330566,11.387755393981934,11.387758255004883,11.387758255004883,-0.22184622287750244,-0.221384197473526,7.850795745849609,8.021371841430664,0.1511499434709549,0.1511499434709549,0.0,0.0,nan,nan,19.040014266967773,19.040014266967773,38.08002853393555,0.0,-3.1088550090789795,0.4257430136203766,0.0,0.0,0.0,0.4257430136203766,0.0,-3.1088550090789795,0.0,0.0,0.0,1.167574167251587,1.0608117580413818,-2.712505578994751,0.0,0.0,0.0,0.0,-3.1088550090789795,0.4257430136203766,0.0,0.0,0.0,0.4257430136203766,0.0,-3.1088550090789795,-0.0,-0.0,-0.0,1.167574167251587,-1.0608110427856445,-2.71250581741333,0.0,0.0,0.0,4.470348358154297e-08,0.0,0.6000000238418579,-5.960464477539063e-08,0.05600005388259888,0.6000000238418579,-1.043081283569336e-07,-0.05599990487098694,0.5999999642372131,2.335148334503174,7.152557373046875e-07,-5.42501163482666,0.0,0.0,0.0,-4.470348358154297e-07,-7.567240345451864e-07,-1.2665987014770508e-07,33.32706069946289,33.32706069946289,53.52107620239258,53.52107620239258,0.11794667690992355,0.11794667690992355,0.37411409616470337,0.37411409616470337,0.5079392194747925,0.5079392194747925,0.0,0.0,-0.8553740978240967,-0.8553740978240967,-2.253480911254883,-2.253480911254883,0.5057113766670227,0.5057113766670227,0.0,0.0,-0.07996834814548492,-0.07996834814548492,0.4257430136203766,0.4257430136203766,0.6875313520431519,0.6875313520431519,-0.29442280530929565,-0.29442280530929565,-0.12262101471424103,-0.12262101471424103,-80.8786849975586,-80.8786849975586,-52.716636657714844,-52.716636657714844,-37.91768264770508,-37.91768264770508,23.660253524780273,23.660253524780273,0.0,0.0,180.0
116,0.48333333333333334,-0.2128046116572592,12.012620510633656,134.4190292342142,-0.2128046116572592,12.012620510633656,134.4190292342142,5.0,-5.0,0.0,0.0,15.0,0,0.5,0.0,0.0,4.0,4.0,4.0,12.012622833251953,12.012619018554688,12.012621879577637,12.012621879577637,-0.1724501997232437,-0.1718861311674118,7.671280384063721,7.8767170906066895,0.15944376587867737,0.15944376587867737,0.0,0.0,nan,nan,21.268205642700195,21.268205642700195,42.53641128540039,0.0,-3.352978229522705,0.5460072755813599,0.0,0.0,0.0,0.5460072755813599,0.0,-3.352978229522705,0.0,0.0,0.0,1.3566049337387085,0.9890193939208984,-2.9533119201660156,0.0,0.0,0.0,0.0,-3.352978229522705,0.5460072755813599,0.0,0.0,0.0,0.5460072755813599,0.0,-3.352978229522705,-0.0,-0.0,-0.0,1.356604814529419,-0.9890182614326477,-2.953312397003174,0.0,0.0,0.0,4.470348358154297e-08,0.0,0.6000000238418579,1.4901161193847656e-08,0.056000083684921265,0.6000000238418579,-1.4901161193847656e-08,-0.055999964475631714,0.6000000238418579,2.713209629058838,1.1324882507324219e-06,-5.9066243171691895,0.0,0.0,0.0,-3.129243850708008e-07,-2.6404669029034267e-07,-1.341104507446289e-07,33.83513259887695,33.83513259887695,54.16705322265625,54.16705322265625,0.11794667690992355,0.11794667690992355,0.3599705994129181,0.3599705994129181,0.5220827460289001,0.5220827460289001,0.0,0.0,-1.3752729892730713,-1.3752729892730713,-1.977705478668213,-1.977705478668213,0.6273742318153381,0.6273742318153381,0.0,0.0,-0.0813668966293335,-0.0813668966293335,0.5460072755813599,0.5460072755813599,0.6875313520431519,0.6875313520431519,-0.3196948766708374,-0.3196948766708374,-0.13110613822937012,-0.13110613822937012,-85.24230194091797,-85.24230194091797,-55.32205581665039,-55.32205581665039,-40.48560333251953,-40.48560333251953,24.135456085205078,24.135456085205078,0.0,0.0,180.0
117,0.4875,-0.16167769145697275,12.505870308742255,102.12447073034915,-0.16167769145697275,12.505870308742255,102.12447073034915,5.0,-5.0,0.0,0.0,15.0,0,0.5,0.0,0.0,4.0,4.0,4.0,12.50586986541748,12.505867004394531,12.50586986541748,12.50586986541748,-0.1211763471364975,-0.12051628530025482,7.40586519241333,7.643869876861572,0.1659906804561615,0.1659906804561615,0.0,0.0,nan,nan,23.041179656982422,23.041179656982422,46.082359313964844,0.0,-3.539578437805176,0.6645023226737976,0.0,0.0,0.0,0.6645023226737976,0.0,-3.539578437805176,0.0,0.0,0.0,1.5298748016357422,0.869857668876648,-3.142134666442871,0.0,0.0,0.0,0.0,-3.539578437805176,0.6645023226737976,0.0,0.0,0.0,0.6645023226737976,0.0,-3.539578437805176,-0.0,-0.0,-0.0,1.5298746824264526,-0.8698567748069763,-3.14213490486145,0.0,0.0,0.0,4.470348358154297e-08,0.0,0.6000000238418579,-1.4901161193847656e-08,0.05600005388259888,0.6000000238418579,-4.470348358154297e-08,-0.05599990487098694,0.5999999642372131,3.0597496032714844,8.940696716308594e-07,-6.284269332885742,0.0,0.0,0.0,-5.066394805908203e-07,-5.594022240984486e-07,-2.1606683731079102e-07,34.208213806152344,34.208213806152344,54.62337875366211,54.62337875366211,0.11794667690992355,0.11794667690992355,0.34582775831222534,0.34582775831222534,0.5362256169319153,0.5362256169319153,0.0,0.0,-1.8551560640335083,-1.8551560640335083,-1.684422254562378,-1.684422254562378,0.7470517754554749,0.7470517754554749,0.0,0.0,-0.08254943788051605,-0.08254943788051605,0.6645023226737976,0.6645023226737976,0.6875313520431519,0.6875313520431519,-0.3426550030708313,-0.3426550030708313,-0.13647718727588654,-0.13647718727588654,-88.6827163696289,-88.6827163696289,-57.395782470703125,-57.395782470703125,-42.52003479003906,-42.52003479003906,24.51056671142578,24.51056671142578,0.0,0.0,180.0
118,0.49166666666666664,-0.10877939663585254,12.86210317472666,68.71101515424353,-0.10877939663585254,12.86210317472666,68.71101515424353,5.0,-5.0,0.0,0.0,15.0,0,0.5,0.0,0.0,4.0,4.0,4.0,12.862103462219238,12.862100601196289,12.862103462219238,12.862103462219238,-0.06859129667282104,-0.06784234195947647,7.056676387786865,7.324594020843506,0.1707189679145813,0.1707189679145813,0.0,0.0,nan,nan,24.241369247436523,24.241369247436523,48.48273849487305,0.0,-3.659621238708496,0.7724611759185791,0.0,0.0,0.0,0.7724611759185791,0.0,-3.659621238708496,0.0,0.0,0.0,1.6752947568893433,0.7105360627174377,-3.267728567123413,0.0,0.0,0.0,0.0,-3.659621238708496,0.7724611759185791,0.0,0.0,0.0,0.7724611759185791,0.0,-3.659621238708496,-0.0,-0.0,-0.0,1.6752946376800537,-0.7105352282524109,-3.267728805541992,0.0,0.0,0.0,4.470348358154297e-08,0.0,0.6000000238418579,0.0,0.05600005388259888,0.6000000238418579,-7.450580596923828e-08,-0.05599990487098694,0.5999999642372131,3.3505892753601074,8.344650268554688e-07,-6.535457611083984,0.0,0.0,0.0,-5.21540641784668e-07,-6.35477817922947e-07,-2.0116567611694336e-07,34.464237213134766,34.4642333984375,54.927406311035156,54.92740249633789,0.11794667690992355,0.11794667690992355,0.33168351650238037,0.33168351650238037,0.5503698587417603,0.5503698587417603,0.0,0.0,-2.2834019660949707,-2.2834019660949707,-1.3762192726135254,-1.3762192726135254,0.8559087514877319,0.8559087514877319,0.0,0.0,-0.08344756811857224,-0.08344756811857224,0.7724611759185791,0.7724611759185791,0.6875313520431519,0.6875313520431519,-0.3630954921245575,-0.3630954921245575,-0.13871921598911285,-0.13871921598911285,-91.17183685302734,-91.17183685302734,-58.920772552490234,-58.920772552490234,-44.004371643066406,-44.004371643066406,24.781476974487305,24.781476974487305,0.0,0.0,180.0
119,0.49583333333333335,-0.05468929198163593,13.077416146760639,34.54474731740255,-0.05468929198163593,13.077416146760639,34.54474731740255,5.0,-5.0,0.0,0.0,15.0,0,0.5,0.0,0.0,4.0,4.0,4.0,13.077411651611328,13.077411651611328,13.07741641998291,13.07741641998291,-0.01527581736445427,-0.014446042478084564,6.626794815063477,6.921618461608887,0.17357681691646576,0.17357681691646576,0.0,0.0,nan,nan,24.776870727539062,24.776870727539062,49.553741455078125,0.0,-3.704998016357422,0.8617952466011047,0.0,0.0,0.0,0.8617952466011047,0.0,-3.704998016357422,0.0,0.0,0.0,1.7817952632904053,0.5217998623847961,-3.320034980773926,0.0,0.0,0.0,0.0,-3.704998016357422,0.8617952466011047,0.0,0.0,0.0,0.8617952466011047,0.0,-3.704998016357422,-0.0,-0.0,-0.0,1.7817955017089844,-0.5217990279197693,-3.320034980773926,0.0,0.0,0.0,4.470348358154297e-08,0.0,0.6000000238418579,-1.341104507446289e-07,0.05600005388259888,0.5999999642372131,-8.940696716308594e-08,-0.055999934673309326,0.6000000238418579,3.5635907649993896,8.344650268554688e-07,-6.640069961547852,0.0,0.0,0.0,-3.5762786865234375e-07,-1.1451231785031268e-06,-2.3096799850463867e-07,34.61635208129883,34.61635971069336,55.10426712036133,55.10426712036133,0.11794667690992355,0.11794667690992355,0.33168351650238037,0.33168351650238037,0.5503698587417603,0.5503698587417603,0.0,0.0,-2.64949369430542,-2.64949369430542,-1.055504560470581,-1.055504560470581,0.9458039402961731,0.9458039402961731,0.0,0.0,-0.08400866389274597,-0.08400866389274597,0.8617952466011047,0.8617952466011047,0.6875313520431519,0.6875313520431519,-0.38083311915397644,-0.38083311915397644,-0.137848362326622,-0.137848362326622,-92.68999481201172,-92.68999481201172,-59.88494110107422,-59.88494110107422,-44.926971435546875,-44.926971435546875,24.945220947265625,24.945220947265625,0.0,0.0,180.0
120,0.5,-2.5629408212555807e-16,13.149450210865439,1.6188935685885217e-13,-2.5629408212555807e-16,13.149450210865439,1.6188935685885217e-13,5.0,-5.0,0.0,0.0,15.0,0,0.5,0.0,0.0,4.0,4.0,4.0,13.14945125579834,13.14944839477539,13.149450302124023,13.149450302124023,0.03785882517695427,0.03876300901174545,6.0684919357299805,6.385886192321777,0.1745329201221466,0.1745329201221466,0.0,0.0,nan,nan,22.978927612304688,22.978927612304688,45.957855224609375,0.0,-3.19177508354187,0.9701002836227417,0.0,0.0,0.0,0.9701002836227417,0.0,-3.19177508354187,0.0,0.0,0.0,1.760039210319519,0.27611708641052246,-2.820380210876465,0.0,0.0,0.0,0.0,-3.19177508354187,0.9701002836227417,0.0,0.0,0.0,0.9701002836227417,0.0,-3.19177508354187,-0.0,-0.0,-0.0,1.760039210319519,-0.27611640095710754,-2.820380210876465,0.0,0.0,0.0,4.470348358154297e-08,0.0,0.6000000238418579,0.0,0.05600005388259888,0.6000000238418579,-5.960464477539063e-08,-0.055999934673309326,0.6000000238418579,3.520078420639038,6.854534149169922e-07,-5.64076042175293,0.0,0.0,0.0,-3.427267074584961e-07,-4.2026937308037304e-07,-1.9371509552001953e-07,34.67287063598633,34.67287063598633,55.16856002807617,55.16856002807617,0.11794667690992355,0.11794667690992355,0.33168351650238037,0.33168351650238037,0.5503698587417603,0.5503698587417603,0.0,0.0,-3.19177508354187,-3.19177508354187,-2.1379026885403815e-15,-2.1379026885403815e-15,1.0542998313903809,1.0542998313903809,0.0,0.0,-0.08419948071241379,-0.08419948071241379,0.9701002836227417,0.9701002836227417,0.6875313520431519,0.6875313520431519,-0.4086047410964966,-0.4086047410964966,-0.14680534601211548,-0.14680534601211548,-93.22547149658203,-93.22547149658203,-60.28449249267578,-60.28449249267578,-45.28449249267578,-45.28449249267578,25.0,25.0,0.0,0.0,180.0
121,0.5041666666666667,0.05468929198163543,13.07741614676064,-34.54474731740223,0.05468929198163543,13.07741614676064,-34.54474731740223,5.0,-5.0,0.0,0.0,15.0,0,0.5,0.0,0.0,4.0,4.0,4.0,13.077413558959961,13.077415466308594,13.077417373657227,13.07741641998291,0.09119296073913574,0.09215692430734634,5.542169094085693,5.880609512329102,0.17357681691646576,0.17357681691646576,0.0,0.0,nan,nan,23.661972045898438,23.661972045898438,47.323944091796875,0.0,-3.5482778549194336,0.959634006023407,0.0,0.0,0.0,0.959634006023407,0.0,-3.5482778549194336,0.0,0.0,0.0,1.8448281288146973,0.11326973885297775,-3.177255630493164,0.0,0.0,0.0,0.0,-3.5482778549194336,0.959634006023407,0.0,0.0,0.0,0.959634006023407,0.0,-3.5482778549194336,-0.0,-0.0,-0.0,1.8448281288146973,-0.11326901614665985,-3.177255630493164,0.0,0.0,0.0,4.470348358154297e-08,0.0,0.6000000238418579,-1.2665987014770508e-07,0.05600002408027649,0.5999999642372131,-1.4901161193847656e-08,-0.055999964475631714,0.6000000238418579,3.6896562576293945,7.227063179016113e-07,-6.354511260986328,0.0,0.0,0.0,-1.9371509552001953e-07,-8.438047416348127e-07,-1.2665987014770508e-07,34.63703918457031,34.63703918457031,55.12528610229492,55.12528610229492,0.11794667690992355,0.11794667690992355,0.33168351650238037,0.33168351650238037,0.5503698587417603,0.5503698587417603,0.0,0.0,-3.162571907043457,-3.162571907043457,-0.3857057988643646,-0.3857057988643646,1.0436427593231201,1.0436427593231201,0.0,0.0,-0.08400866389274597,-0.08400866389274597,0.959634006023407,0.959634006023407,0.6875313520431519,0.6875313520431519,-0.4075804352760315,-0.4075804352760315,-0.12696640193462372,-0.12696640193462372,-92.77405548095703,-92.77405548095703,-60.105342864990234,-60.105342864990234,-45.06331253051758,-45.06331253051758,24.945220947265625,24.945220947265625,0.0,0.0,180.0
122,0.5083333333333333,0.10877939663585112,12.862103174726666,-68.71101515424263,0.10877939663585112,12.862103174726666,-68.71101515424263,5.0,-5.0,0.0,0.0,15.0,0,0.5,0.0,0.0,4.0,4.0,4.0,12.862104415893555,12.862102508544922,12.862103462219238,12.862103462219238,0.14317482709884644,0.1441907435655594,4.898515224456787,5.253173828125,0.1707189679145813,0.1707189679145813,0.0,0.0,nan,nan,22.019763946533203,22.019763946533203,44.039527893066406,0.0,-3.340590000152588,0.9608744978904724,0.0,0.0,0.0,0.9608744978904724,0.0,-3.340590000152588,0.0,0.0,0.0,1.792528510093689,-0.07402873039245605,-2.9772777557373047,0.0,0.0,0.0,0.0,-3.340590000152588,0.9608744978904724,0.0,0.0,0.0,0.9608744978904724,0.0,-3.340590000152588,-0.0,-0.0,-0.0,1.7925286293029785,0.07402940839529037,-2.9772777557373047,0.0,0.0,0.0,4.470348358154297e-08,0.0,0.6000000238418579,-8.940696716308594e-08,0.05600005388259888,0.5999999642372131,1.4901161193847656e-08,-0.055999964475631714,0.6000000238418579,3.585057258605957,6.780028343200684e-07,-5.954555511474609,0.0,0.0,0.0,-2.682209014892578e-07,-5.948568855274061e-07,-1.4901161193847656e-07,34.50687026977539,34.50687026977539,54.97015380859375,54.97015380859375,0.11794667690992355,0.11794667690992355,0.33168351650238037,0.33168351650238037,0.5503698587417603,0.5503698587417603,0.0,0.0,-3.2993273735046387,-3.2993273735046387,-0.04126247018575668,-0.04126247018575668,1.0443220138549805,1.0443220138549805,0.0,0.0,-0.08344756811857224,-0.08344756811857224,0.9608744978904724,0.9608744978904724,0.6875313520431519,0.6875313520431519,-0.4163326621055603,-0.4163326621055603,-0.11711011826992035,-0.11711011826992035,-91.33904266357422,-91.33904266357422,-59.35974884033203,-59.35974884033203,-44.276145935058594,-44.276145935058594,24.781476974487305,24.781476974487305,0.0,0.0,180.0
123,0.5125,0.16167769145697133,12.505870308742267,-102.12447073034826,0.16167769145697133,12.505870308742267,-102.12447073034826,5.0,-5.0,0.0,0.0,15.0,0,0.5,0.0,0.0,4.0,4.0,4.0,12.505867004394531,12.505868911743164,12.50586986541748,12.50586986541748,0.1935575008392334,0.19461442530155182,4.1963043212890625,4.563189506530762,0.1659906804561615,0.1659906804561615,0.0,0.0,nan,nan,19.73407745361328,19.73407745361328,39.46815490722656,0.0,-3.0477731227874756,0.929520308971405,0.0,0.0,0.0,0.929520308971405,0.0,-3.0477731227874756,0.0,0.0,0.0,1.6844470500946045,-0.22855328023433685,-2.695056676864624,0.0,0.0,0.0,0.0,-3.0477731227874756,0.929520308971405,0.0,0.0,0.0,0.929520308971405,0.0,-3.0477731227874756,-0.0,-0.0,-0.0,1.6844474077224731,0.2285538911819458,-2.695056438446045,0.0,0.0,0.0,4.470348358154297e-08,0.0,0.6000000238418579,-1.341104507446289e-07,0.05600002408027649,0.5999999642372131,-1.4901161193847656e-08,-0.05599990487098694,0.5999999642372131,3.368894577026367,6.109476089477539e-07,-5.39011287689209,0.0,0.0,0.0,-3.2782554626464844e-07,-8.433532912022201e-07,-1.564621925354004e-07,34.27505874633789,34.275062561035156,54.68935775756836,54.689361572265625,0.11794667690992355,0.11794667690992355,0.34582775831222534,0.34582775831222534,0.5362256169319153,0.5362256169319153,0.0,0.0,-3.3539724349975586,-3.3539724349975586,0.3061996400356293,0.3061996400356293,1.0120697021484375,1.0120697021484375,0.0,0.0,-0.08254943788051605,-0.08254943788051605,0.929520308971405,0.929520308971405,0.6875313520431519,0.6875313520431519,-0.42186641693115234,-0.42186641693115234,-0.10444542020559311,-0.10444542020559311,-88.93122863769531,-88.93122863769531,-58.04961395263672,-58.04961395263672,-42.925357818603516,-42.925357818603516,24.51056671142578,24.51056671142578,0.0,0.0,180.0
124,0.5166666666666666,0.21280461165725786,12.01262051063367,-134.41902923421335,0.21280461165725786,12.01262051063367,-134.41902923421335,5.0,-5.0,0.0,0.0,15.0,0,0.5,0.0,0.0,4.0,4.0,4.0,12.012622833251953,12.01262092590332,12.01262092590332,12.01262092590332,0.24178996682167053,0.24287661910057068,3.443376064300537,3.818385124206543,0.15944376587867737,0.15944376587867737,0.0,0.0,nan,nan,16.918792724609375,16.918792724609375,33.83758544921875,0.0,-2.6744585037231445,0.8680248260498047,0.0,0.0,0.0,0.8680248260498047,0.0,-2.6744585037231445,0.0,0.0,0.0,1.5251439809799194,-0.3365868926048279,-2.338127613067627,0.0,0.0,0.0,0.0,-2.6744585037231445,0.8680248260498047,0.0,0.0,0.0,0.8680248260498047,0.0,-2.6744585037231445,-0.0,-0.0,-0.0,1.5251439809799194,0.33658748865127563,-2.338127374649048,0.0,0.0,0.0,4.470348358154297e-08,0.0,0.6000000238418579,-1.4901161193847656e-08,0.05600005388259888,0.5999999642372131,-8.940696716308594e-08,-0.055999964475631714,0.6000000238418579,3.050287961959839,5.960464477539062e-07,-4.676255226135254,0.0,0.0,0.0,-2.5331974029541016e-07,-5.43836222277605e-07,-1.564621925354004e-07,33.929054260253906,33.929054260253906,54.25863265991211,54.25863265991211,0.11794667690992355,0.11794667690992355,0.34582775831222534,0.34582775831222534,0.5362256169319153,0.5362256169319153,0.0,0.0,-3.3283002376556396,-3.3283002376556396,0.6538419723510742,0.6538419723510742,0.9493916630744934,0.9493916630744934,0.0,0.0,-0.0813668966293335,-0.0813668966293335,0.8680248260498047,0.8680248260498047,0.6875313520431519,0.6875313520431519,-0.4241059124469757,-0.4241059124469757,-0.08909580856561661,-0.08909580856561661,-85.56938934326172,-85.56938934326172,-56.185123443603516,-56.185123443603516,-41.021575927734375,-41.021575927734375,24.135456085205078,24.135456085205078,0.0,0.0,180.0
125,0.5208333333333334,0.2616000000000003,11.387757928408108,-165.24086472479863,0.2616000000000003,11.387757928408108,-165.24086472479863,5.0,-5.0,0.0,0.0,15.0,0,0.5,0.0,0.0,4.0,4.0,4.0,11.38775634765625,11.387758255004883,11.387758255004883,11.387758255004883,0.2873462736606598,0.2884508967399597,2.648386240005493,3.0273144245147705,0.1511499434709549,0.1511499434709549,0.0,0.0,nan,nan,13.72516918182373,13.72516918182373,27.45033836364746,0.0,-2.228184700012207,0.7810051441192627,0.0,0.0,0.0,0.7810051441192627,0.0,-2.228184700012207,0.0,0.0,0.0,1.3222825527191162,-0.38790759444236755,-1.917256474494934,0.0,0.0,0.0,0.0,-2.228184700012207,0.7810051441192627,0.0,0.0,0.0,0.7810051441192627,0.0,-2.228184700012207,-0.0,-0.0,-0.0,1.3222825527191162,0.38790807127952576,-1.917256474494934,0.0,0.0,0.0,4.470348358154297e-08,0.0,0.6000000238418579,-1.2665987014770508e-07,0.05600002408027649,0.5999999642372131,2.9802322387695312e-08,-0.055999964475631714,0.6000000238418579,2.6445651054382324,4.76837158203125e-07,-3.834512948989868,0.0,0.0,0.0,-1.4156103134155273e-07,-4.3593101395345e-07,-2.2351741790771484e-08,33.45112609863281,33.45112228393555,53.641597747802734,53.641597747802734,0.11794667690992355,0.11794667690992355,0.3599705994129181,0.3599705994129181,0.5220827460289001,0.5220827460289001,0.0,0.0,-3.226665496826172,-3.226665496826172,0.998481035232544,0.998481035232544,0.8609734773635864,0.8609734773635864,0.0,0.0,-0.07996834814548492,-0.07996834814548492,0.7810051441192627,0.7810051441192627,0.6875313520431519,0.6875313520431519,-0.42299923300743103,-0.42299923300743103,-0.07120217382907867,-0.07120217382907867,-81.2807846069336,-81.2807846069336,-53.78126907348633,-53.78126907348633,-38.580223083496094,-38.580223083496094,23.660253524780273,23.660253524780273,0.0,0.0,180.0
126,0.525,0.3075292439994217,10.63812868727738,-194.25228672258402,0.3075292439994217,10.63812868727738,-194.25228672258402,5.0,-5.0,0.0,0.0,15.0,0,0.5,0.0,0.0,4.0,4.0,4.0,10.638126373291016,10.638126373291016,10.638128280639648,10.638128280639648,0.32973089814186096,0.3308415710926056,1.8206133842468262,2.199239730834961,0.14120009541511536,0.14120009541511536,0.0,0.0,nan,nan,10.33301830291748,10.33301830291748,20.66603660583496,0.0,-1.7190345525741577,0.6747884750366211,0.0,0.0,0.0,0.6747884750366211,0.0,-1.7190345525741577,0.0,0.0,0.0,1.0859016180038452,-0.376674085855484,-1.4454596042633057,0.0,0.0,0.0,0.0,-1.7190345525741577,0.6747884750366211,0.0,0.0,0.0,0.6747884750366211,0.0,-1.7190345525741577,-0.0,-0.0,-0.0,1.0859016180038452,0.3766743838787079,-1.4454596042633057,0.0,0.0,0.0,4.470348358154297e-08,0.0,0.6000000238418579,-1.043081283569336e-07,0.05600002408027649,0.5999999642372131,0.0,-0.055999934673309326,0.6000000238418579,2.1718032360076904,2.980232238769531e-07,-2.8909192085266113,0.0,0.0,0.0,-1.564621925354004e-07,-3.447321432759054e-07,-5.960464477539063e-08,32.81843185424805,32.81843185424805,52.78731918334961,52.78731918334961,0.11794667690992355,0.11794667690992355,0.3882598280906677,0.3882598280906677,0.4937935173511505,0.4937935173511505,0.0,0.0,-3.0555949211120605,-3.0555949211120605,1.3365604877471924,1.3365604877471924,0.7532216906547546,0.7532216906547546,0.0,0.0,-0.07843320816755295,-0.07843320816755295,0.6747884750366211,0.6747884750366211,0.6875313520431519,0.6875313520431519,-0.4185221195220947,-0.4185221195220947,-0.05092410370707512,-0.05092410370707512,-76.1016845703125,-76.1016845703125,-50.858245849609375,-50.858245849609375,-35.62189865112305,-35.62189865112305,23.09016990661621,23.09016990661621,0.0,0.0,180.0
127,0.5291666666666667,0.3500891332469546,9.77194588207728,-221.1354400171329,0.3500891332469546,9.77194588207728,-221.1354400171329,5.0,-5.0,0.0,0.0,15.0,0,0.5,0.0,0.0,4.0,4.0,4.0,9.77194595336914,9.771944046020508,9.77194595336914,9.77194595336914,0.36848390102386475,0.36958861351013184,0.9698535203933716,1.3439693450927734,0.12970323860645294,0.12970323860645294,0.0,0.0,nan,nan,6.938737392425537,6.938737392425537,13.877474784851074,0.0,-1.159053087234497,0.5568212866783142,0.0,0.0,0.0,0.5568212866783142,0.0,-1.159053087234497,0.0,0.0,0.0,0.8274807929992676,-0.30185675621032715,-0.9368094801902771,0.0,0.0,0.0,0.0,-1.159053087234497,0.5568212866783142,0.0,0.0,0.0,0.5568212866783142,0.0,-1.159053087234497,-0.0,-0.0,-0.0,0.8274807333946228,0.3018568754196167,-0.9368094205856323,0.0,0.0,0.0,4.470348358154297e-08,0.0,0.6000000238418579,-7.450580596923828e-08,0.05600005388259888,0.5999999642372131,-7.450580596923828e-08,-0.055999934673309326,0.6000000238418579,1.6549615859985352,1.1920928955078125e-07,-1.8736188411712646,0.0,0.0,0.0,-1.341104507446289e-07,-2.726744696701644e-07,-1.0058283805847168e-07,32.003082275390625,32.003082275390625,51.626708984375,51.626705169677734,0.11794667690992355,0.11794667690992355,0.4165618121623993,0.4165618121623993,0.46549156308174133,0.46549156308174133,0.0,0.0,-2.823221206665039,-2.823221206665039,1.6641682386398315,1.6641682386398315,0.6336681842803955,0.6336681842803955,0.0,0.0,-0.0768468976020813,-0.0768468976020813,0.5568212866783142,0.5568212866783142,0.6875313520431519,0.6875313520431519,-0.41068142652511597,-0.41068142652511597,-0.028441643342375755,-0.028441643342375755,-70.07818603515625,-70.07818603515625,-47.441864013671875,-47.441864013671875,-32.17280578613281,-32.17280578613281,22.431447982788086,22.431447982788086,0.0,0.0,180.0
128,0.5333333333333333,0.3888133726897723,8.798699592882018,-245.59578715528787,0.3888133726897723,8.798699592882018,-245.59578715528787,5.0,-5.0,0.0,0.0,15.0,0,0.5,0.0,0.0,4.0,4.0,4.0,8.798697471618652,8.798700332641602,8.798699378967285,8.798699378967285,0.4031856954097748,0.4042724668979645,0.10621678829193115,0.4716775417327881,0.11678532510995865,0.11678532510995865,0.0,0.0,nan,nan,3.7410473823547363,3.7410473823547363,7.482094764709473,0.0,-0.5614643096923828,0.4350121021270752,0.0,0.0,0.0,0.4350121021270752,0.0,-0.5614643096923828,0.0,0.0,0.0,0.5589218735694885,-0.16710157692432404,-0.40516796708106995,0.0,0.0,0.0,0.0,-0.5614643096923828,0.4350121021270752,0.0,0.0,0.0,0.4350121021270752,0.0,-0.5614643096923828,-0.0,-0.0,-0.0,0.5589218735694885,0.1671016812324524,-0.40516793727874756,0.0,0.0,0.0,4.470348358154297e-08,0.0,0.6000000238418579,-1.1920928955078125e-07,0.0559999942779541,0.5999999642372131,7.450580596923828e-08,-0.0559999942779541,0.6000000238418579,1.117843747138977,1.043081283569336e-07,-0.8103358745574951,0.0,0.0,0.0,-1.1175870895385742e-08,-8.765159975610004e-08,2.9802322387695312e-08,30.97215461730957,30.97215461730957,50.06764221191406,50.06764221191406,0.11794667690992355,0.11794667690992355,0.45904016494750977,0.45904016494750977,0.42301318049430847,0.42301318049430847,0.0,0.0,-2.5385632514953613,-2.5385632514953613,1.9770989418029785,1.9770989418029785,0.510308027267456,0.510308027267456,0.0,0.0,-0.07529588043689728,-0.07529588043689728,0.4350121021270752,0.4350121021270752,0.6875313520431519,0.6875313520431519,-0.39951926469802856,-0.39951926469802856,-0.003957314416766167,-0.003957314416766167,-63.26660919189453,-63.26660919189453,-43.56381607055664,-43.56381607055664,-28.265003204345703,-28.265003204345703,21.691307067871094,21.691307067871094,0.0,0.0,180.0
129,0.5375,0.4232776914569723,7.729052909700862,-267.3653354551473,0.4232776914569723,7.729052909700862,-267.3653354551473,5.0,-5.0,0.0,0.0,15.0,0,0.5,0.0,0.0,4.0,4.0,4.0,7.729053020477295,7.729052543640137,7.729052543640137,7.729053020477295,0.43346092104911804,0.43451786041259766,-0.7600602507591248,-0.4072924852371216,0.10258787870407104,0.10258787870407104,0.0,0.0,nan,nan,0.9259294271469116,0.9259294271469116,1.8518588542938232,0.0,0.06025876849889755,0.3170948326587677,0.0,0.0,0.0,0.3170948326587677,0.0,0.06025876849889755,0.0,0.0,0.0,0.2915695607662201,0.019905680790543556,0.13700810074806213,0.0,0.0,0.0,0.0,0.06025876849889755,0.3170948326587677,0.0,0.0,0.0,0.3170948326587677,0.0,0.06025876849889755,-0.0,-0.0,-0.0,0.2915695607662201,-0.01990569941699505,0.13700811564922333,0.0,0.0,0.0,4.470348358154297e-08,0.0,0.6000000238418579,-4.470348358154297e-08,0.05600005388259888,0.5999999642372131,-5.960464477539063e-08,-0.055999964475631714,0.5999999642372131,0.5831391215324402,-1.862645149230957e-08,0.27401620149612427,0.0,0.0,0.0,1.1175870895385742e-08,-8.217261537879494e-09,-2.60770320892334e-08,29.688247680664062,29.68825340270996,47.989009857177734,47.98902130126953,0.11794667690992355,0.11794667690992355,0.5015096664428711,0.5015096664428711,0.38054367899894714,0.38054367899894714,0.0,0.0,-2.2106995582580566,-2.2106995582580566,2.270958185195923,2.270958185195923,0.3909580409526825,0.3909580409526825,0.0,0.0,-0.07386322319507599,-0.07386322319507599,0.3170948326587677,0.3170948326587677,0.6875313520431519,0.6875313520431519,-0.3851169943809509,-0.3851169943809509,0.02230161242187023,0.02230161242187023,-55.73393630981445,-55.73393630981445,-39.261966705322266,-39.261966705322266,-23.936664581298828,-23.936664581298828,20.877853393554688,20.877853393554688,0.0,0.0,180.0
130,0.5416666666666666,0.45310449126001784,6.574725105432738,-286.2055731899665,0.45310449126001784,6.574725105432738,-286.2055731899665,5.0,-5.0,0.0,0.0,15.0,0,0.5,0.0,0.0,4.0,4.0,4.0,6.574724197387695,6.5747246742248535,6.574725151062012,6.574725151062012,0.45898184180259705,0.4599974751472473,-1.6188337802886963,-1.2826377153396606,0.0872664600610733,0.0872664600610733,0.0,0.0,nan,nan,-1.3474327325820923,-1.3474327325820923,-2.6948654651641846,0.0,0.6934417486190796,0.2100943773984909,0.0,0.0,0.0,0.2100943773984909,0.0,0.6934417486190796,0.0,0.0,0.0,0.03537857159972191,0.24848680198192596,0.6797086000442505,0.0,0.0,0.0,0.0,0.6934417486190796,0.2100943773984909,0.0,0.0,0.0,0.2100943773984909,0.0,0.6934417486190796,-0.0,-0.0,-0.0,0.03537857532501221,-0.24848689138889313,0.6797085404396057,0.0,0.0,0.0,4.470348358154297e-08,0.0,0.6000000238418579,-9.685754776000977e-08,0.05600002408027649,0.5999999642372131,-8.940696716308594e-08,-0.055999934673309326,0.6000000238418579,0.07075715065002441,-8.940696716308594e-08,1.359417200088501,0.0,0.0,0.0,7.82310962677002e-08,1.85267538199696e-07,-4.889443516731262e-09,28.110885620117188,28.110885620117188,45.23462677001953,45.23462677001953,0.11794667690992355,0.11794667690992355,0.5859286785125732,0.5859286785125732,0.296124666929245,0.296124666929245,0.0,0.0,-1.8478643894195557,-1.8478643894195557,2.541306257247925,2.541306257247925,0.2827192544937134,0.2827192544937134,0.0,0.0,-0.07262490689754486,-0.07262490689754486,0.2100943773984909,0.2100943773984909,0.6875313520431519,0.6875313520431519,-0.3675980567932129,-0.3675980567932129,0.05008181929588318,0.05008181929588318,-47.5577392578125,-47.5577392578125,-34.5803108215332,-34.5803108215332,-19.232088088989258,-19.232088088989258,20.0,20.0,0.0,0.0,180.0
131,0.5458333333333333,0.47796698343860855,5.348363237059796,-301.9100827725501,0.47796698343860855,5.348363237059796,-301.9100827725501,5.0,-5.0,0.0,0.0,15.0,0,0.5,0.0,0.0,4.0,4.0,4.0,5.348362922668457,5.348362445831299,5.348363399505615,5.348363399505615,0.47947171330451965,0.4804348647594452,-2.460256338119507,-2.1443209648132324,0.07098893821239471,0.07098893821239471,0.0,0.0,nan,nan,-2.957315444946289,-2.957315444946289,-5.914630889892578,0.0,1.3272591829299927,0.11998675763607025,0.0,0.0,0.0,0.11998675763607025,0.0,1.3272591829299927,0.0,0.0,0.0,-0.2016494870185852,0.506264865398407,1.216160774230957,0.0,0.0,0.0,0.0,1.3272591829299927,0.11998675763607025,0.0,0.0,0.0,0.11998675763607025,0.0,1.3272591829299927,-0.0,-0.0,-0.0,-0.20164936780929565,-0.5062651634216309,1.216160774230957,0.0,0.0,0.0,4.470348358154297e-08,0.0,0.6000000238418579,-6.705522537231445e-08,0.0559999942779541,0.6000000238418579,-3.725290298461914e-08,-0.055999934673309326,0.6000000238418579,-0.40329885482788086,-2.980232238769531e-07,2.432321548461914,0.0,0.0,0.0,7.450580596923828e-08,2.3558871475870546e-07,3.725290298461914e-09,26.19974136352539,26.199739456176758,41.61005401611328,41.61005401611328,0.11794667690992355,0.11794667690992355,0.6943473815917969,0.6943473815917969,0.18770600855350494,0.18770600855350494,0.0,0.0,-1.4565637111663818,-1.4565637111663818,2.783823013305664,2.783823013305664,0.19163408875465393,0.19163408875465393,0.0,0.0,-0.07164733111858368,-0.07164733111858368,0.11998675763607025,0.11998675763607025,0.6875313520431519,0.6875313520431519,-0.3471300005912781,-0.3471300005912781,0.07910328358411789,0.07910328358411789,-38.82585906982422,-38.82585906982422,-29.568832397460938,-29.568832397460938,-14.201499938964844,-14.201499938964844,19.067367553710938,19.067367553710938,0.0,0.0,180.0
132,0.55,0.4975927693256246,4.063403581844641,-314.30680230953124,0.4975927693256246,4.063403581844641,-314.30680230953124,5.0,-5.0,0.0,0.0,15.0,0,0.5,0.0,0.0,4.0,4.0,4.0,4.063404083251953,4.063401699066162,4.063403606414795,4.063403606414795,0.4947068691253662,0.49560707807540894,-3.2749717235565186,-2.9827632904052734,0.05393363907933235,0.05393363907933235,0.0,0.0,nan,nan,-3.8247807025909424,-3.8247807025909424,-7.649561405181885,0.0,1.9536712169647217,0.051612477749586105,0.0,0.0,0.0,0.051612477749586105,0.0,1.9536712169647217,0.0,0.0,0.0,-0.41368845105171204,0.7804991602897644,1.7433239221572876,0.0,0.0,0.0,0.0,1.9536712169647217,0.051612477749586105,0.0,0.0,0.0,0.051612477749586105,0.0,1.9536712169647217,-0.0,-0.0,-0.0,-0.4136883020401001,-0.7804991602897644,1.743323802947998,0.0,0.0,0.0,4.470348358154297e-08,0.0,0.6000000238418579,2.2351741790771484e-08,0.05600005388259888,0.6000000238418579,-4.470348358154297e-08,-0.055999964475631714,0.6000000238418579,-0.8273767232894897,0.0,3.486647605895996,0.0,0.0,0.0,1.6391277313232422e-07,1.9483161395328352e-07,9.872019290924072e-08,23.921432495117188,23.921432495117188,36.89210510253906,36.89210510253906,0.11794667690992355,0.11794667690992355,0.8524252772331238,0.8524252772331238,0.029628142714500427,0.029628142714500427,0.0,0.0,-1.0408191680908203,-1.0408191680908203,2.994490623474121,2.994490623474121,0.12259799987077713,0.12259799987077713,0.0,0.0,-0.07098551839590073,-0.07098551839590073,0.051612477749586105,0.051612477749586105,0.6875313520431519,0.6875313520431519,-0.3239253759384155,-0.3239253759384155,0.10905972868204117,0.10905972868204117,-29.635650634765625,-29.635650634765625,-24.283130645751953,-24.283130645751953,-8.900716781616211,-8.900716781616211,18.090171813964844,18.090171813964844,0.0,0.0,180.0
133,0.5541666666666667,0.5117668247039271,2.733924426664975,-323.2599107474819,0.5117668247039271,2.733924426664975,-323.2599107474819,5.0,-5.0,0.0,0.0,15.0,0,0.5,0.0,0.0,4.0,4.0,4.0,2.7339236736297607,2.7339231967926025,2.733924388885498,2.733924388885498,0.5045189261436462,0.5053463578224182,-4.054283618927002,-3.7890141010284424,0.03628743439912796,0.03628743439912796,0.0,0.0,nan,nan,-3.9124815464019775,-3.9124815464019775,-7.824963092803955,0.0,2.5680761337280273,0.008859370835125446,0.0,0.0,0.0,0.008859370835125446,0.0,2.5680761337280273,0.0,0.0,0.0,-0.5969381332397461,1.059220552444458,2.2620365619659424,0.0,0.0,0.0,0.0,2.5680761337280273,0.008859370835125446,0.0,0.0,0.0,0.008859370835125446,0.0,2.5680761337280273,-0.0,-0.0,-0.0,-0.5969380140304565,-1.0592212677001953,2.2620363235473633,0.0,0.0,0.0,4.470348358154297e-08,0.0,0.6000000238418579,-8.940696716308594e-08,0.05600002408027649,0.5999999642372131,-6.705522537231445e-08,-0.055999964475631714,0.6000000238418579,-1.1938761472702026,-7.152557373046875e-07,4.524072647094727,0.0,0.0,0.0,2.086162567138672e-07,5.917453336223844e-07,1.862645149230957e-08,21.262304306030273,21.262296676635742,30.87116050720215,30.87116050720215,0.11794667690992355,0.11794667690992355,0.8820533156394958,0.8820533156394958,0.0,0.0,0.0,0.0,-0.6016952395439148,-0.6016952395439148,3.169771671295166,3.169771671295166,0.0795416608452797,0.0795416608452797,0.0,0.0,-0.07068228721618652,-0.07068228721618652,0.008859370835125446,0.008859370835125446,0.6875313520431519,0.6875313520431519,-0.2982402741909027,-0.2982402741909027,0.1396210938692093,0.1396210938692093,-20.09270668029785,-20.09270668029785,-18.7836856842041,-18.7836856842041,-3.390378713607788,-3.390378713607788,17.079116821289062,17.079116821289062,0.0,0.0,180.0
134,0.5583333333333333,0.5203338556566807,1.3744918233562777,-328.6713159567981,0.5203338556566807,1.3744918233562777,-328.6713159567981,5.0,-5.0,0.0,0.0,15.0,0,0.5,0.0,0.0,4.0,4.0,4.0,1.374491810798645,1.374491810798645,1.3744919300079346,1.3744919300079346,0.5087963938713074,0.5095419883728027,-4.790268421173096,-4.554867267608643,0.018243659287691116,0.018243659287691116,0.0,0.0,nan,nan,-3.2174181938171387,-3.2174181938171387,-6.434836387634277,0.0,3.1694860458374023,-0.0049437955021858215,0.0,0.0,0.0,-0.0049437955021858215,0.0,3.1694860458374023,0.0,0.0,0.0,-0.7491441965103149,1.331964135169983,2.7767465114593506,0.0,0.0,0.0,0.0,3.1694860458374023,-0.0049437955021858215,0.0,0.0,0.0,-0.0049437955021858215,0.0,3.1694860458374023,-0.0,-0.0,-0.0,-0.7491441965103149,-1.3319644927978516,2.7767465114593506,0.0,0.0,0.0,4.470348358154297e-08,0.0,0.6000000238418579,-3.725290298461914e-08,0.05600002408027649,0.5999999642372131,-1.4901161193847656e-08,-0.055999964475631714,0.6000000238418579,-1.4982883930206299,-3.5762786865234375e-07,5.553493022918701,0.0,0.0,0.0,2.5331974029541016e-07,4.3773155766757554e-07,1.4901161193847656e-08,18.250926971435547,18.250926971435547,23.46627426147461,23.46627426147461,0.11794667690992355,0.11794667690992355,0.8820533156394958,0.8820533156394958,0.0,0.0,0.0,0.0,-0.13728201389312744,-0.13728201389312744,3.3067679405212402,3.3067679405212402,0.06582416594028473,0.06582416594028473,0.0,0.0,-0.07076795399188995,-0.07076795399188995,-0.0049437955021858215,-0.0049437955021858215,0.6875313520431519,0.6875313520431519,-0.2703714966773987,-0.2703714966773987,0.17043715715408325,0.17043715715408325,-10.309233665466309,-10.309233665466309,-13.134974479675293,-13.134974479675293,2.2649168968200684,2.2649168968200684,16.045286178588867,16.045286178588867,0.0,0.0,180.0
135,0.5625,0.5232,7.246544450077732e-15,-330.4817294495969,0.5232,7.246544450077732e-15,-330.4817294495969,5.0,-5.0,0.0,0.0,15.0,0,0.5,0.0,0.0,4.0,4.0,4.0,7.246543046613568e-15,7.246542199580621e-15,7.246544740679463e-15,7.246544740679463e-15,0.507486879825592,0.5081425309181213,-5.475809097290039,-5.272894859313965,9.618353592370649e-17,9.618353592370649e-17,0.0,0.0,nan,nan,-1.7601532936096191,-1.7601532936096191,-3.5203065872192383,0.0,3.760092258453369,0.013430955819785595,0.0,0.0,0.0,0.013430955819785595,0.0,3.760092258453369,0.0,0.0,0.0,-0.868926465511322,1.5899357795715332,3.2947752475738525,0.0,0.0,0.0,0.0,3.760092258453369,0.013430955819785595,0.0,0.0,0.0,0.013430955819785595,0.0,3.760092258453369,-0.0,-0.0,-0.0,-0.8689263463020325,-1.589936375617981,3.2947750091552734,0.0,0.0,0.0,4.470348358154297e-08,0.0,0.6000000238418579,-1.4156103134155273e-07,0.05600002408027649,0.5999999642372131,-5.960464477539063e-08,-0.055999934673309326,0.6000000238418579,-1.7378528118133545,-5.960464477539062e-07,6.589550018310547,0.0,0.0,0.0,4.023313522338867e-07,1.0091636113429558e-06,-4.470348358154297e-08,14.99998950958252,14.99998950958252,14.999988555908203,14.999988555908203,1.0,1.0,0.0,0.0,0.0,0.0,0.0,0.0,0.35674142837524414,0.35674142837524414,3.403350830078125,3.403350830078125,0.08469101041555405,0.08469101041555405,0.0,0.0,-0.07126004993915558,-0.07126004993915558,0.013430955819785595,0.013430955819785595,0.6875313520431519,0.6875313520431519,-0.24065180122852325,-0.24065180122852325,0.20114286243915558,0.20114286243915558,-0.40209388732910156,-0.40209388732910156,-7.404346942901611,-7.404346942901611,7.997747898101807,7.997747898101807,15.000000953674316,15.000000953674316,0.0,0.0,180.0
136,0.5666666666666667,0.5203338556566807,-1.3744918233562633,-328.6713159567981,0.5203338556566807,-1.3744918233562633,-328.6713159567981,5.0,-5.0,0.0,0.0,15.0,0,0.5,0.0,0.0,4.0,4.0,4.0,1.374491810798645,1.374491810798645,1.3744919300079346,1.3744919300079346,0.5005970597267151,0.5011558532714844,-6.104563236236572,-5.936422348022461,-0.018243659287691116,-0.018243659287691116,0.0,0.0,nan,nan,0.42551466822624207,0.42551466822624207,0.8510293364524841,0.0,4.344228744506836,0.06742891669273376,0.0,0.0,0.0,0.06742891669273376,0.0,4.344228744506836,0.0,0.0,0.0,-0.9551313519477844,1.825645089149475,3.825129508972168,0.0,0.0,0.0,0.0,4.344228744506836,0.06742891669273376,0.0,0.0,0.0,0.06742891669273376,0.0,4.344228744506836,-0.0,-0.0,-0.0,-0.9551313519477844,-1.8256455659866333,3.825129270553589,0.0,0.0,0.0,4.470348358154297e-08,0.0,0.6000000238418579,-3.725290298461914e-08,0.05600002408027649,0.5999999642372131,-1.4901161193847656e-08,-0.055999964475631714,0.6000000238418579,-1.9102627038955688,-4.76837158203125e-07,7.650259017944336,0.0,0.0,0.0,3.5762786865234375e-07,5.984195468045073e-07,1.4901161193847656e-08,11.839410781860352,11.839410781860352,15.893213272094727,15.893213272094727,0.8820533156394958,0.8820533156394958,0.11794667690992355,0.11794667690992355,0.0,0.0,0.0,0.0,0.8859835267066956,0.8859835267066956,3.458245277404785,3.458245277404785,0.13959217071533203,0.13959217071533203,0.0,0.0,-0.07216325402259827,-0.07216325402259827,0.06742891669273376,0.06742891669273376,0.6875313520431519,0.6875313520431519,-0.20944349467754364,-0.20944349467754364,0.2313651740550995,0.2313651740550995,9.509451866149902,9.509451866149902,-1.6607481241226196,-1.6607481241226196,13.739143371582031,13.739143371582031,13.954715728759766,13.954715728759766,0.0,0.0,180.0
137,0.5708333333333333,0.5117668247039272,-2.7339244266649607,-323.25991074748197,0.5117668247039272,-2.7339244266649607,-323.25991074748197,5.0,-5.0,0.0,0.0,15.0,0,0.5,0.0,0.0,4.0,4.0,4.0,2.7339236736297607,2.7339231967926025,2.733924388885498,2.733924388885498,0.4881949722766876,0.4886508584022522,-6.670886039733887,-6.5394487380981445,-0.03628743439912796,-0.03628743439912796,0.0,0.0,nan,nan,3.2985029220581055,3.2985029220581055,6.597005844116211,0.0,4.926915168762207,0.16070625185966492,0.0,0.0,0.0,0.16070625185966492,0.0,4.926915168762207,0.0,0.0,0.0,-1.006427526473999,2.032140016555786,4.3769659996032715,0.0,0.0,0.0,0.0,4.926915168762207,0.16070625185966492,0.0,0.0,0.0,0.16070625185966492,0.0,4.926915168762207,-0.0,-0.0,-0.0,-1.00642728805542,-2.0321412086486816,4.376965522766113,0.0,0.0,0.0,4.470348358154297e-08,0.0,0.6000000238418579,-8.940696716308594e-08,0.05600002408027649,0.5999999642372131,-6.705522537231445e-08,-0.055999964475631714,0.6000000238418579,-2.012854814529419,-1.1920928955078125e-06,8.753931045532227,0.0,0.0,0.0,4.023313522338867e-07,1.1361486258465447e-06,2.9802322387695312e-08,9.949695587158203,9.949694633483887,16.791915893554688,16.791893005371094,0.8820533156394958,0.8820533156394958,0.11794667690992355,0.11794667690992355,0.0,0.0,0.0,0.0,1.4558489322662354,1.4558489322662354,3.471066474914551,3.471066474914551,0.23417508602142334,0.23417508602142334,0.0,0.0,-0.07346884906291962,-0.07346884906291962,0.16070625185966492,0.16070625185966492,0.6875313520431519,0.6875313520431519,-0.17713092267513275,-0.17713092267513275,0.26073044538497925,0.26073044538497925,19.30609130859375,19.30609130859375,4.026639938354492,4.026639938354492,19.419946670532227,19.419946670532227,12.920884132385254,12.920884132385254,0.0,0.0,180.0
138,0.575,0.49759276932562474,-4.063403581844627,-314.30680230953135,0.49759276932562474,-4.063403581844627,-314.30680230953135,5.0,-5.0,0.0,0.0,15.0,0,0.5,0.0,0.0,4.0,4.0,4.0,4.063404083251953,4.063401699066162,4.063403606414795,4.063403606414795,0.4704091548919678,0.470757395029068,-7.169713973999023,-7.076537609100342,-0.05393363907933235,-0.05393363907933235,0.0,0.0,nan,nan,6.810070991516113,6.810070991516113,13.620141983032227,0.0,5.5123138427734375,0.2967248558998108,0.0,0.0,0.0,0.2967248558998108,0.0,5.5123138427734375,0.0,0.0,0.0,-1.0212775468826294,2.202190399169922,4.95792293548584,0.0,0.0,0.0,0.0,5.5123138427734375,0.2967248558998108,0.0,0.0,0.0,0.2967248558998108,0.0,5.5123138427734375,-0.0,-0.0,-0.0,-1.0212771892547607,-2.202190399169922,4.957922458648682,0.0,0.0,0.0,4.470348358154297e-08,0.0,0.6000000238418579,2.2351741790771484e-08,0.05600005388259888,0.6000000238418579,-4.470348358154297e-08,-0.055999964475631714,0.6000000238418579,-2.0425548553466797,0.0,9.91584587097168,0.0,0.0,0.0,4.76837158203125e-07,5.54091059257189e-07,2.60770320892334e-07,10.287637710571289,10.287635803222656,17.6888484954834,17.6888484954834,0.8698575496673584,0.8698575496673584,0.1301424354314804,0.1301424354314804,0.0,0.0,0.0,0.0,2.070012092590332,2.070012092590332,3.4423022270202637,3.4423022270202637,0.371878981590271,0.371878981590271,0.0,0.0,-0.07515415549278259,-0.07515415549278259,0.2967248558998108,0.2967248558998108,0.6875313520431519,0.6875313520431519,-0.14411206543445587,-0.14411206543445587,0.28887301683425903,0.28887301683425903,28.870824813842773,28.870824813842773,9.589773178100586,9.589773178100586,24.972187042236328,24.972187042236328,11.909831047058105,11.909831047058105,0.0,0.0,180.0
139,0.5791666666666666,0.47796698343860916,-5.34836323705976,-301.9100827725505,0.47796698343860916,-5.34836323705976,-301.9100827725505,5.0,-5.0,0.0,0.0,15.0,0,0.5,0.0,0.0,4.0,4.0,4.0,5.348362922668457,5.348362445831299,5.348363399505615,5.348363399505615,0.44742870330810547,0.4476659595966339,-7.596513748168945,-7.542740345001221,-0.07098893821239471,-0.07098893821239471,0.0,0.0,nan,nan,10.898033142089844,10.898033142089844,21.796066284179688,0.0,6.102418422698975,0.4780232906341553,0.0,0.0,0.0,0.4780232906341553,0.0,6.102418422698975,0.0,0.0,0.0,-0.9982734322547913,2.327684164047241,5.572553634643555,0.0,0.0,0.0,0.0,6.102418422698975,0.4780232906341553,0.0,0.0,0.0,0.4780232906341553,0.0,6.102418422698975,-0.0,-0.0,-0.0,-0.9982727766036987,-2.327685594558716,5.5725531578063965,0.0,0.0,0.0,4.470348358154297e-08,0.0,0.6000000238418579,-6.705522537231445e-08,0.0559999942779541,0.6000000238418579,-3.725290298461914e-08,-0.055999934673309326,0.6000000238418579,-1.9965462684631348,-1.430511474609375e-06,11.14510726928711,0.0,0.0,0.0,3.5762786865234375e-07,1.07948767436028e-06,2.60770320892334e-08,11.774944305419922,11.774947166442871,24.057353973388672,24.057369232177734,0.7199033498764038,0.7199033498764038,0.28009676933288574,0.28009676933288574,0.0,0.0,0.0,0.0,2.729173421859741,2.729173421859741,3.3732450008392334,3.3732450008392334,0.5552050471305847,0.5552050471305847,0.0,0.0,-0.07718174159526825,-0.07718174159526825,0.4780232906341553,0.4780232906341553,0.6875313520431519,0.6875313520431519,-0.11078988015651703,-0.11078988015651703,0.3154434263706207,0.3154434263706207,38.0911979675293,38.0911979675293,14.963057518005371,14.963057518005371,30.330387115478516,30.330387115478516,10.932634353637695,10.932634353637695,0.0,0.0,180.0
140,0.5833333333333334,0.45310449126001817,-6.5747251054327265,-286.2055731899667,0.45310449126001817,-6.5747251054327265,-286.2055731899667,5.0,-5.0,0.0,0.0,15.0,0,0.5,0.0,0.0,4.0,4.0,4.0,6.574724197387695,6.5747246742248535,6.574725151062012,6.574725151062012,0.41950178146362305,0.4196256399154663,-7.94720458984375,-7.933566570281982,-0.0872664600610733,-0.0872664600610733,0.0,0.0,nan,nan,15.478615760803223,15.478615760803223,30.957231521606445,0.0,6.696176528930664,0.7053472995758057,0.0,0.0,0.0,0.7053472995758057,0.0,6.696176528930664,0.0,0.0,0.0,-0.9366906881332397,2.3994970321655273,6.221038818359375,0.0,0.0,0.0,0.0,6.696176528930664,0.7053472995758057,0.0,0.0,0.0,0.7053472995758057,0.0,6.696176528930664,-0.0,-0.0,-0.0,-0.936690628528595,-2.3994979858398438,6.221038341522217,0.0,0.0,0.0,4.470348358154297e-08,0.0,0.6000000238418579,-9.685754776000977e-08,0.05600002408027649,0.5999999642372131,-8.940696716308594e-08,-0.055999934673309326,0.6000000238418579,-1.8733813762664795,-9.5367431640625e-07,12.44207763671875,0.0,0.0,0.0,7.450580596923828e-07,1.770794028743694e-06,7.078051567077637e-08,13.596657752990723,13.596657752990723,30.176292419433594,30.176292419433594,0.5998412370681763,0.5998412370681763,0.4001588523387909,0.4001588523387909,0.0,0.0,0.0,0.0,3.430295467376709,3.430295467376709,3.265880584716797,3.265880584716797,0.7848461866378784,0.7848461866378784,0.0,0.0,-0.07949888706207275,-0.07949888706207275,0.7053472995758057,0.7053472995758057,0.6875313520431519,0.6875313520431519,-0.07756372541189194,-0.07756372541189194,0.3401161730289459,0.3401161730289459,46.861289978027344,46.861289978027344,20.084516525268555,20.084516525268555,35.4327392578125,35.4327392578125,10.000000953674316,10.000000953674316,0.0,0.0,180.0
141,0.5875,0.4232776914569727,-7.72905290970085,-267.36533545514754,0.4232776914569727,-7.72905290970085,-267.36533545514754,5.0,-5.0,0.0,0.0,15.0,0,0.5,0.0,0.0,4.0,4.0,4.0,7.729053020477295,7.729052543640137,7.729052543640137,7.729053020477295,0.3869327902793884,0.3869423568248749,-8.218172073364258,-8.244974136352539,-0.10258787870407104,-0.10258787870407104,0.0,0.0,nan,nan,20.439483642578125,20.439483642578125,40.87896728515625,0.0,7.289093017578125,0.9768509268760681,0.0,0.0,0.0,0.9768509268760681,0.0,7.289093017578125,0.0,0.0,0.0,-0.83708256483078,2.407855272293091,6.8983073234558105,0.0,0.0,0.0,0.0,7.289093017578125,0.9768509268760681,0.0,0.0,0.0,0.9768509268760681,0.0,7.289093017578125,-0.0,-0.0,-0.0,-0.8370827436447144,-2.4078567028045654,6.898306846618652,0.0,0.0,0.0,4.470348358154297e-08,0.0,0.6000000238418579,-4.470348358154297e-08,0.05600005388259888,0.5999999642372131,-5.960464477539063e-08,-0.055999964475631714,0.5999999642372131,-1.6741652488708496,-1.430511474609375e-06,13.796613693237305,0.0,0.0,0.0,6.258487701416016e-07,1.4360941804625327e-06,9.685754776000977e-08,15.395145416259766,15.395149230957031,35.01286697387695,35.01286697387695,0.5156482458114624,0.5156482458114624,0.48382794857025146,0.48382794857025146,0.0005239031161181629,0.0005239031161181629,0.0,0.0,4.166346073150635,4.166346073150635,3.122746706008911,3.122746706008911,1.0588884353637695,1.0588884353637695,0.0,0.0,-0.08203749358654022,-0.08203749358654022,0.9768509268760681,0.9768509268760681,0.6875313520431519,0.6875313520431519,-0.04482176899909973,-0.04482176899909973,0.36259689927101135,0.36259689927101135,55.08332824707031,55.08332824707031,24.896770477294922,24.896770477294922,40.22207260131836,40.22207260131836,9.122148513793945,9.122148513793945,0.0,0.0,180.0
142,0.5916666666666667,0.3888133726897727,-8.798699592882008,-245.59578715528812,0.3888133726897727,-8.798699592882008,-245.59578715528812,5.0,-5.0,0.0,0.0,15.0,0,0.5,0.0,0.0,4.0,4.0,4.0,8.798697471618652,8.798700332641602,8.798699378967285,8.798699378967285,0.35007941722869873,0.3499748408794403,-8.406329154968262,-8.473406791687012,-0.11678532510995865,-0.11678532510995865,0.0,0.0,nan,nan,25.636682510375977,25.636682510375977,51.27336502075195,0.0,7.87327241897583,1.287545919418335,0.0,0.0,0.0,1.287545919418335,0.0,7.87327241897583,0.0,0.0,0.0,-0.7017360329627991,2.3432233333587646,7.593620300292969,0.0,0.0,0.0,0.0,7.87327241897583,1.287545919418335,0.0,0.0,0.0,1.287545919418335,0.0,7.87327241897583,-0.0,-0.0,-0.0,-0.7017359733581543,-2.3432250022888184,7.5936198234558105,0.0,0.0,0.0,4.470348358154297e-08,0.0,0.6000000238418579,-1.1920928955078125e-07,0.0559999942779541,0.5999999642372131,7.450580596923828e-08,-0.0559999942779541,0.6000000238418579,-1.4034719467163086,-1.6689300537109375e-06,15.187240600585938,0.0,0.0,0.0,1.7881393432617188e-07,1.0602105930956895e-06,-4.507601261138916e-07,17.021957397460938,17.02195930480957,38.748355865478516,38.748355865478516,0.45904016494750977,0.45904016494750977,0.5113317370414734,0.5113317370414734,0.029628142714500427,0.029628142714500427,0.0,0.0,4.9265031814575195,4.9265031814575195,2.9467689990997314,2.9467689990997314,1.3722610473632812,1.3722610473632812,0.0,0.0,-0.08471508324146271,-0.08471508324146271,1.287545919418335,1.287545919418335,0.6875313520431519,0.6875313520431519,-0.01293425913900137,-0.01293425913900137,0.3826277554035187,0.3826277554035187,62.66898727416992,62.66898727416992,29.347816467285156,29.347816467285156,44.64663314819336,44.64663314819336,8.308694839477539,8.308694839477539,0.0,0.0,180.0
143,0.5958333333333333,0.3500891332469551,-9.77194588207727,-221.13544001713322,0.3500891332469551,-9.77194588207727,-221.13544001713322,5.0,-5.0,0.0,0.0,15.0,0,0.5,0.0,0.0,4.0,4.0,4.0,9.77194595336914,9.771944046020508,9.77194595336914,9.77194595336914,0.309348464012146,0.3091311752796173,-8.509130477905273,-8.615896224975586,-0.12970323860645294,-0.12970323860645294,0.0,0.0,nan,nan,30.896617889404297,30.896617889404297,61.793235778808594,0.0,8.437788963317871,1.629106044769287,0.0,0.0,0.0,1.629106044769287,0.0,8.437788963317871,0.0,0.0,0.0,-0.5349011421203613,2.197486400604248,8.290669441223145,0.0,0.0,0.0,0.0,8.437788963317871,1.629106044769287,0.0,0.0,0.0,1.629106044769287,0.0,8.437788963317871,-0.0,-0.0,-0.0,-0.5349006652832031,-2.1974873542785645,8.290669441223145,0.0,0.0,0.0,4.470348358154297e-08,0.0,0.6000000238418579,-7.450580596923828e-08,0.05600005388259888,0.5999999642372131,-7.450580596923828e-08,-0.055999934673309326,0.6000000238418579,-1.0698018074035645,-9.5367431640625e-07,16.58133888244629,0.0,0.0,0.0,1.1324882507324219e-06,2.0085321921214927e-06,9.12696123123169e-08,18.42395782470703,18.423959732055664,41.59705352783203,41.59705352783203,0.4165618121623993,0.4165618121623993,0.5018131136894226,0.5018131136894226,0.08162510395050049,0.08162510395050049,0.0,0.0,5.696693420410156,5.696693420410156,2.741095781326294,2.741095781326294,1.7165427207946777,1.7165427207946777,0.0,0.0,-0.0874367505311966,-0.0874367505311966,1.629106044769287,1.629106044769287,0.6875313520431519,0.6875313520431519,0.017751619219779968,0.017751619219779968,0.39999139308929443,0.39999139308929443,69.54007720947266,69.54007720947266,33.391475677490234,33.391475677490234,48.6605339050293,48.6605339050293,7.568552494049072,7.568552494049072,0.0,0.0,180.0
144,0.6,0.30752924399942216,-10.638128687277371,-194.25228672258433,0.30752924399942216,-10.638128687277371,-194.25228672258433,5.0,-5.0,0.0,0.0,15.0,0,0.5,0.0,0.0,4.0,4.0,4.0,10.638126373291016,10.638126373291016,10.638128280639648,10.638128280639648,0.2651907205581665,0.264863520860672,-8.524703979492188,-8.6701021194458,-0.14120009541511536,-0.14120009541511536,0.0,0.0,nan,nan,36.02296447753906,36.02296447753906,72.04592895507812,0.0,8.969316482543945,1.9900643825531006,0.0,0.0,0.0,1.9900643825531006,0.0,8.969316482543945,0.0,0.0,0.0,-0.3427571654319763,1.9653526544570923,8.968215942382812,0.0,0.0,0.0,0.0,8.969316482543945,1.9900643825531006,0.0,0.0,0.0,1.9900643825531006,0.0,8.969316482543945,-0.0,-0.0,-0.0,-0.34275713562965393,-1.9653542041778564,8.968215942382812,0.0,0.0,0.0,4.470348358154297e-08,0.0,0.6000000238418579,-1.043081283569336e-07,0.05600002408027649,0.5999999642372131,0.0,-0.055999934673309326,0.6000000238418579,-0.6855143308639526,-1.5497207641601562e-06,17.936431884765625,0.0,0.0,0.0,9.5367431640625e-07,1.757708673721936e-06,-1.73225998878479e-07,19.592592239379883,19.592592239379883,43.749908447265625,43.749908447265625,0.3882598280906677,0.3882598280906677,0.4860711097717285,0.4860711097717285,0.12566909193992615,0.12566909193992615,0.0,0.0,6.460369110107422,6.460369110107422,2.508946657180786,2.508946657180786,2.08016300201416,2.08016300201416,0.0,0.0,-0.09009853005409241,-0.09009853005409241,1.9900643825531006,1.9900643825531006,0.6875313520431519,0.6875313520431519,0.046915218234062195,0.046915218234062195,0.41451317071914673,0.41451317071914673,75.62899017333984,75.62899017333984,36.9876823425293,36.9876823425293,52.22402572631836,52.22402572631836,6.9098310470581055,6.9098310470581055,0.0,0.0,180.0
145,0.6041666666666666,0.26160000000000083,-11.387757928408101,-165.24086472479897,0.26160000000000083,-11.387757928408101,-165.24086472479897,5.0,-5.0,0.0,0.0,15.0,0,0.5,0.0,0.0,4.0,4.0,4.0,11.38775634765625,11.387758255004883,11.387758255004883,11.387758255004883,0.21809609234333038,0.2176627665758133,-8.451909065246582,-8.634444236755371,-0.1511499434709549,-0.1511499434709549,0.0,0.0,nan,nan,40.80731201171875,40.80731201171875,81.6146240234375,0.0,9.452922821044922,2.3563876152038574,0.0,0.0,0.0,2.3563876152038574,0.0,9.452922821044922,0.0,0.0,0.0,-0.1331367939710617,1.6456718444824219,9.601268768310547,0.0,0.0,0.0,0.0,9.452922821044922,2.3563876152038574,0.0,0.0,0.0,2.3563876152038574,0.0,9.452922821044922,-0.0,-0.0,-0.0,-0.13313664495944977,-1.6456737518310547,9.60126781463623,0.0,0.0,0.0,4.470348358154297e-08,0.0,0.6000000238418579,-1.2665987014770508e-07,0.05600002408027649,0.5999999642372131,2.9802322387695312e-08,-0.055999964475631714,0.6000000238418579,-0.2662734389305115,-1.9073486328125e-06,19.202537536621094,0.0,0.0,0.0,7.152557373046875e-07,1.7963111531571485e-06,-2.4121254682540894e-07,20.53957176208496,20.539573669433594,45.360450744628906,45.360450744628906,0.37411409616470337,0.37411409616470337,0.46373581886291504,0.46373581886291504,0.1621500849723816,0.1621500849723816,0.0,0.0,7.199442386627197,7.199442386627197,2.253480911254883,2.253480911254883,2.448979616165161,2.448979616165161,0.0,0.0,-0.09259215742349625,-0.09259215742349625,2.3563876152038574,2.3563876152038574,0.6875313520431519,0.6875313520431519,0.07426454871892929,0.07426454871892929,0.42606160044670105,0.42606160044670105,80.8786849975586,80.8786849975586,40.102500915527344,40.102500915527344,55.30354690551758,55.30354690551758,6.339746475219727,6.339746475219727,0.0,0.0,180.0
146,0.6083333333333333,0.21280461165725925,-12.012620510633656,-134.41902923421424,0.21280461165725925,-12.012620510633656,-134.41902923421424,5.0,-5.0,0.0,0.0,15.0,0,0.5,0.0,0.0,4.0,4.0,4.0,12.012622833251953,12.01262092590332,12.01262092590332,12.01262092590332,0.16858753561973572,0.16805292665958405,-8.290440559387207,-8.508199691772461,-0.15944376587867737,-0.15944376587867737,0.0,0.0,nan,nan,45.04187774658203,45.04187774658203,90.08375549316406,0.0,9.872970581054688,2.7123494148254395,0.0,0.0,0.0,2.7123494148254395,0.0,9.872970581054688,0.0,0.0,0.0,0.08493616431951523,1.2425365447998047,10.162739753723145,0.0,0.0,0.0,0.0,9.872970581054688,2.7123494148254395,0.0,0.0,0.0,2.7123494148254395,0.0,9.872970581054688,-0.0,-0.0,-0.0,0.08493637293577194,-1.2425388097763062,10.162738800048828,0.0,0.0,0.0,4.470348358154297e-08,0.0,0.6000000238418579,-1.4901161193847656e-08,0.05600005388259888,0.5999999642372131,-8.940696716308594e-08,-0.055999964475631714,0.6000000238418579,0.16987253725528717,-2.2649765014648438e-06,20.325477600097656,0.0,0.0,0.0,1.0132789611816406e-06,1.963613385669305e-06,9.685754776000977e-08,21.284902572631836,21.284902572631836,46.54609298706055,46.54609298706055,0.3599705994129181,0.3599705994129181,0.45232340693473816,0.45232340693473816,0.18770600855350494,0.18770600855350494,0.0,0.0,7.895265579223633,7.895265579223633,1.977705478668213,1.977705478668213,2.8071603775024414,2.8071603775024414,0.0,0.0,-0.09481063485145569,-0.09481063485145569,2.7123494148254395,2.7123494148254395,0.6875313520431519,0.6875313520431519,0.09953662008047104,0.09953662008047104,0.4345467686653137,0.4345467686653137,85.24230194091797,85.24230194091797,42.70792007446289,42.70792007446289,57.8714714050293,57.8714714050293,5.864545822143555,5.864545822143555,0.0,0.0,180.0
147,0.6125,0.1616776914569719,-12.505870308742262,-102.1244707303486,0.1616776914569719,-12.505870308742262,-102.1244707303486,5.0,-5.0,0.0,0.0,15.0,0,0.5,0.0,0.0,4.0,4.0,4.0,12.505867004394531,12.505868911743164,12.50586986541748,12.50586986541748,0.11721450090408325,0.11658472567796707,-8.04092025756836,-8.2915620803833,-0.1659906804561615,-0.1659906804561615,0.0,0.0,nan,nan,48.5326042175293,48.5326042175293,97.0652084350586,0.0,10.214041709899902,3.041612148284912,0.0,0.0,0.0,3.041612148284912,0.0,10.214041709899902,0.0,0.0,0.0,0.30183112621307373,0.765953540802002,10.62545394897461,0.0,0.0,0.0,0.0,10.214041709899902,3.041612148284912,0.0,0.0,0.0,3.041612148284912,0.0,10.214041709899902,-0.0,-0.0,-0.0,0.30183032155036926,-0.7659557461738586,10.625452995300293,0.0,0.0,0.0,4.470348358154297e-08,0.0,0.6000000238418579,-1.341104507446289e-07,0.05600002408027649,0.5999999642372131,-1.4901161193847656e-08,-0.05599990487098694,0.5999999642372131,0.6036614179611206,-2.205371856689453e-06,21.25090789794922,0.0,0.0,0.0,1.3113021850585938e-06,2.497324658179423e-06,-1.73225998878479e-07,21.85128402709961,21.851276397705078,47.39370346069336,47.39369201660156,0.34582775831222534,0.34582775831222534,0.4401395618915558,0.4401395618915558,0.21403278410434723,0.21403278410434723,0.0,0.0,8.529619216918945,8.529619216918945,1.684422254562378,1.684422254562378,3.1382670402526855,3.1382670402526855,0.0,0.0,-0.09665454924106598,-0.09665454924106598,3.041612148284912,3.041612148284912,0.6875313520431519,0.6875313520431519,0.12249677628278732,0.12249677628278732,0.43991780281066895,0.43991780281066895,88.6827163696289,88.6827163696289,44.78164291381836,44.78164291381836,59.9058952331543,59.9058952331543,5.489435195922852,5.489435195922852,0.0,0.0,180.0
148,0.6166666666666667,0.10877939663585169,-12.862103174726665,-68.71101515424299,0.10877939663585169,-12.862103174726665,-68.71101515424299,5.0,-5.0,0.0,0.0,15.0,0,0.5,0.0,0.0,4.0,4.0,4.0,12.862104415893555,12.862102508544922,12.862103462219238,12.862103462219238,0.06454700976610184,0.0638289675116539,-7.70494270324707,-7.985764503479004,-0.1707189679145813,-0.1707189679145813,0.0,0.0,nan,nan,51.111480712890625,51.111480712890625,102.22296142578125,0.0,10.461870193481445,3.3284010887145996,0.0,0.0,0.0,3.3284010887145996,0.0,10.461870193481445,0.0,0.0,0.0,0.5079259276390076,0.23183894157409668,10.964363098144531,0.0,0.0,0.0,0.0,10.461870193481445,3.3284010887145996,0.0,0.0,0.0,3.3284010887145996,0.0,10.461870193481445,-0.0,-0.0,-0.0,0.507925808429718,-0.2318411022424698,10.964363098144531,0.0,0.0,0.0,4.470348358154297e-08,0.0,0.6000000238418579,-8.940696716308594e-08,0.05600005388259888,0.5999999642372131,1.4901161193847656e-08,-0.055999964475631714,0.6000000238418579,1.0158517360687256,-2.16066837310791e-06,21.928726196289062,0.0,0.0,0.0,9.5367431640625e-07,1.7669244698481634e-06,-7.636845111846924e-08,22.26312828063965,22.26312828063965,47.965152740478516,47.96514892578125,0.33168351650238037,0.33168351650238037,0.4408826231956482,0.4408826231956482,0.2274339199066162,0.2274339199066162,0.0,0.0,9.085651397705078,9.085651397705078,1.3762192726135254,1.3762192726135254,3.4264395236968994,3.4264395236968994,0.0,0.0,-0.09803842753171921,-0.09803842753171921,3.3284010887145996,3.3284010887145996,0.6875313520431519,0.6875313520431519,0.14293727278709412,0.14293727278709412,0.4421597719192505,0.4421597719192505,91.17183685302734,91.17183685302734,46.30663299560547,46.30663299560547,61.39023208618164,61.39023208618164,5.218523979187012,5.218523979187012,0.0,0.0,180.0
149,0.6208333333333333,0.054689291981635996,-13.077416146760639,-34.544747317402596,0.054689291981635996,-13.077416146760639,-34.544747317402596,5.0,-5.0,0.0,0.0,15.0,0,0.5,0.0,0.0,4.0,4.0,4.0,13.077413558959961,13.077415466308594,13.077417373657227,13.07741641998291,0.011168430559337139,0.010370032861828804,-7.285177230834961,-7.593106746673584,-0.17357681691646576,-0.17357681691646576,0.0,0.0,nan,nan,52.64690017700195,52.64690017700195,105.2938003540039,0.0,10.604192733764648,3.558640956878662,0.0,0.0,0.0,3.558640956878662,0.0,10.604192733764648,0.0,0.0,0.0,0.694218635559082,-0.33851179480552673,11.158686637878418,0.0,0.0,0.0,0.0,10.604192733764648,3.558640956878662,0.0,0.0,0.0,3.558640956878662,0.0,10.604192733764648,-0.0,-0.0,-0.0,0.6942183375358582,0.33850958943367004,11.158686637878418,0.0,0.0,0.0,4.470348358154297e-08,0.0,0.6000000238418579,-1.2665987014770508e-07,0.05600002408027649,0.5999999642372131,-1.4901161193847656e-08,-0.055999964475631714,0.6000000238418579,1.388437032699585,-2.205371856689453e-06,22.317373275756836,0.0,0.0,0.0,6.556510925292969e-07,2.5359208848385606e-06,-1.862645149230957e-08,22.551340103149414,22.551340103149414,48.30184555053711,48.301841735839844,0.33168351650238037,0.33168351650238037,0.42734771966934204,0.42734771966934204,0.24096885323524475,0.24096885323524475,0.0,0.0,9.548687934875488,9.548687934875488,1.055504560470581,1.055504560470581,3.6575374603271484,3.6575374603271484,0.0,0.0,-0.09889648109674454,-0.09889648109674454,3.558640956878662,3.558640956878662,0.6875313520431519,0.6875313520431519,0.16067491471767426,0.16067491471767426,0.44128894805908203,0.44128894805908203,92.68999481201172,92.68999481201172,47.27080535888672,47.27080535888672,62.31283950805664,62.31283950805664,5.054781436920166,5.054781436920166,0.0,0.0,180.0
150,0.625,3.2036760265694763e-16,-13.149450210865439,-2.0236169607356524e-13,3.2036760265694763e-16,-13.149450210865439,-2.0236169607356524e-13,5.0,-5.0,0.0,0.0,15.0,0,0.5,0.0,0.0,4.0,4.0,4.0,13.14945125579834,13.14944839477539,13.149450302124023,13.149450302124023,-0.04204782843589783,-0.042920004576444626,-6.7399582862854,-7.070716857910156,-0.1745329201221466,-0.1745329201221466,0.0,0.0,nan,nan,51.63037872314453,51.63037872314453,103.26075744628906,0.0,10.212841033935547,3.891202926635742,0.0,0.0,0.0,3.891202926635742,0.0,10.212841033935547,0.0,0.0,0.0,1.1252487897872925,-0.8835021257400513,10.834980964660645,0.0,0.0,0.0,0.0,10.212841033935547,3.891202926635742,0.0,0.0,0.0,3.891202926635742,0.0,10.212841033935547,-0.0,-0.0,-0.0,1.125248670578003,0.8834998607635498,10.834980964660645,0.0,0.0,0.0,4.470348358154297e-08,0.0,0.6000000238418579,0.0,0.05600005388259888,0.6000000238418579,-5.960464477539063e-08,-0.055999934673309326,0.6000000238418579,2.250497341156006,-2.2649765014648438e-06,21.66996192932129,0.0,0.0,0.0,1.2516975402832031e-06,1.614537950445083e-06,-1.9371509552001953e-07,22.721416473388672,22.721416473388672,48.42781066894531,48.42781066894531,0.33168351650238037,0.33168351650238037,0.42734771966934204,0.42734771966934204,0.24096885323524475,0.24096885323524475,0.0,0.0,10.212841033935547,10.212841033935547,2.672378360675477e-15,2.672378360675477e-15,3.9903903007507324,3.9903903007507324,0.0,0.0,-0.0991872251033783,-0.0991872251033783,3.891202926635742,3.891202926635742,0.6875313520431519,0.6875313520431519,0.1884465217590332,0.1884465217590332,0.4502459168434143,0.4502459168434143,93.22547149658203,93.22547149658203,47.670352935791016,47.670352935791016,62.670352935791016,62.670352935791016,5.000000953674316,5.000000953674316,0.0,0.0,180.0
151,0.6291666666666667,-0.05468929198163536,-13.07741614676064,34.54474731740219,-0.05468929198163536,-13.07741614676064,34.54474731740219,5.0,-5.0,0.0,0.0,15.0,0,0.5,0.0,0.0,4.0,4.0,4.0,13.077411651611328,13.077411651611328,13.07741641998291,13.07741641998291,-0.09536141157150269,-0.09629354625940323,-6.2103447914123535,-6.562084197998047,-0.17357681691646576,-0.17357681691646576,0.0,0.0,nan,nan,52.291194915771484,52.291194915771484,104.58238983154297,0.0,10.537731170654297,3.8076071739196777,0.0,0.0,0.0,3.8076071739196777,0.0,10.537731170654297,0.0,0.0,0.0,0.9776893258094788,-1.4840997457504272,11.062695503234863,0.0,0.0,0.0,0.0,10.537731170654297,3.8076071739196777,0.0,0.0,0.0,3.8076071739196777,0.0,10.537731170654297,-0.0,-0.0,-0.0,0.9776883125305176,1.4840975999832153,11.062695503234863,0.0,0.0,0.0,4.470348358154297e-08,0.0,0.6000000238418579,-1.341104507446289e-07,0.05600005388259888,0.5999999642372131,-8.940696716308594e-08,-0.055999934673309326,0.6000000238418579,1.9553775787353516,-2.1457672119140625e-06,22.125391006469727,0.0,0.0,0.0,1.2516975402832031e-06,3.4035124372167047e-06,-1.043081283569336e-07,22.75739288330078,22.75739288330078,48.35152053833008,48.35151672363281,0.33168351650238037,0.33168351650238037,0.42734771966934204,0.42734771966934204,0.24096885323524475,0.24096885323524475,0.0,0.0,10.152026176452637,10.152026176452637,0.3857057988643646,0.3857057988643646,3.906503677368164,3.906503677368164,0.0,0.0,-0.09889648109674454,-0.09889648109674454,3.8076071739196777,3.8076071739196777,0.6875313520431519,0.6875313520431519,0.1874222308397293,0.1874222308397293,0.43040701746940613,0.43040701746940613,92.77405548095703,92.77405548095703,47.491207122802734,47.491207122802734,62.44917297363281,62.44917297363281,5.054781436920166,5.054781436920166,0.0,0.0,180.0
152,0.6333333333333333,-0.10877939663585107,-12.862103174726666,68.71101515424259,-0.10877939663585107,-12.862103174726666,68.71101515424259,5.0,-5.0,0.0,0.0,15.0,0,0.5,0.0,0.0,4.0,4.0,4.0,12.862103462219238,12.862100601196289,12.862103462219238,12.862103462219238,-0.1473393440246582,-0.14832346141338348,-5.5660576820373535,-5.934005260467529,-0.1707189679145813,-0.1707189679145813,0.0,0.0,nan,nan,50.382816314697266,50.382816314697266,100.76563262939453,0.0,10.320570945739746,3.81473970413208,0.0,0.0,0.0,3.81473970413208,0.0,10.320570945739746,0.0,0.0,0.0,1.0644288063049316,-2.0037968158721924,10.766531944274902,0.0,0.0,0.0,0.0,10.320570945739746,3.81473970413208,0.0,0.0,0.0,3.81473970413208,0.0,10.320570945739746,-0.0,-0.0,-0.0,1.0644290447235107,2.0037944316864014,10.766532897949219,0.0,0.0,0.0,4.470348358154297e-08,0.0,0.6000000238418579,0.0,0.05600005388259888,0.6000000238418579,-7.450580596923828e-08,-0.05599990487098694,0.5999999642372131,2.1288578510284424,-2.384185791015625e-06,21.533065795898438,0.0,0.0,0.0,1.6689300537109375e-06,1.7013273918564664e-06,-2.942979335784912e-07,22.6500244140625,22.6500244140625,48.06657791137695,48.06657791137695,0.33168351650238037,0.33168351650238037,0.4408826231956482,0.4408826231956482,0.2274339199066162,0.2274339199066162,0.0,0.0,10.279309272766113,10.279309272766113,0.04126247018575668,0.04126247018575668,3.91277813911438,3.91277813911438,0.0,0.0,-0.09803842753171921,-0.09803842753171921,3.81473970413208,3.81473970413208,0.6875313520431519,0.6875313520431519,0.19617444276809692,0.19617444276809692,0.42055070400238037,0.42055070400238037,91.33904266357422,91.33904266357422,46.745609283447266,46.745609283447266,61.66200637817383,61.66200637817383,5.218523979187012,5.218523979187012,0.0,0.0,180.0
153,0.6375,-0.16167769145697128,-12.505870308742267,102.12447073034822,-0.16167769145697128,-12.505870308742267,102.12447073034822,5.0,-5.0,0.0,0.0,15.0,0,0.5,0.0,0.0,4.0,4.0,4.0,12.50586986541748,12.505867004394531,12.50586986541748,12.50586986541748,-0.19769495725631714,-0.1987203061580658,-4.859506130218506,-5.239599227905273,-0.1659906804561615,-0.1659906804561615,0.0,0.0,nan,nan,47.40152359008789,47.40152359008789,94.80304718017578,0.0,9.981866836547852,3.742885112762451,0.0,0.0,0.0,3.742885112762451,0.0,9.981866836547852,0.0,0.0,0.0,1.111084222793579,-2.453061580657959,10.314786911010742,0.0,0.0,0.0,0.0,9.981866836547852,3.742885112762451,0.0,0.0,0.0,3.742885112762451,0.0,9.981866836547852,-0.0,-0.0,-0.0,1.1110844612121582,2.4530587196350098,10.314787864685059,0.0,0.0,0.0,4.470348358154297e-08,0.0,0.6000000238418579,-1.4901161193847656e-08,0.05600005388259888,0.6000000238418579,-4.470348358154297e-08,-0.05599990487098694,0.5999999642372131,2.2221686840057373,-2.86102294921875e-06,20.629573822021484,0.0,0.0,0.0,1.6093254089355469e-06,1.4707973150507314e-06,-2.2351741790771484e-07,22.38785743713379,22.387853622436523,47.55125045776367,47.55125427246094,0.33168351650238037,0.33168351650238037,0.45428380370140076,0.45428380370140076,0.21403278410434723,0.21403278410434723,0.0,0.0,10.288066864013672,10.288066864013672,-0.3061996400356293,-0.3061996400356293,3.8395395278930664,3.8395395278930664,0.0,0.0,-0.09665454924106598,-0.09665454924106598,3.742885112762451,3.742885112762451,0.6875313520431519,0.6875313520431519,0.20170819759368896,0.20170819759368896,0.4078860282897949,0.4078860282897949,88.93122863769531,88.93122863769531,45.435482025146484,45.435482025146484,60.31122589111328,60.31122589111328,5.489435195922852,5.489435195922852,0.0,0.0,180.0
154,0.6416666666666666,-0.2128046116572578,-12.012620510633672,134.41902923421333,-0.2128046116572578,-12.012620510633672,134.41902923421333,5.0,-5.0,0.0,0.0,15.0,0,0.5,0.0,0.0,4.0,4.0,4.0,12.012622833251953,12.012619018554688,12.012621879577637,12.012621879577637,-0.24587805569171906,-0.2469334602355957,-4.098662853240967,-4.486714839935303,-0.15944376587867737,-0.15944376587867737,0.0,0.0,nan,nan,43.476402282714844,43.476402282714844,86.95280456542969,0.0,9.527621269226074,3.5967259407043457,0.0,0.0,0.0,3.5967259407043457,0.0,9.527621269226074,0.0,0.0,0.0,1.1179596185684204,-2.810337781906128,9.724411010742188,0.0,0.0,0.0,0.0,9.527621269226074,3.5967259407043457,0.0,0.0,0.0,3.5967259407043457,0.0,9.527621269226074,-0.0,-0.0,-0.0,1.1179596185684204,2.810335159301758,9.724411964416504,0.0,0.0,0.0,4.470348358154297e-08,0.0,0.6000000238418579,1.4901161193847656e-08,0.056000083684921265,0.6000000238418579,-1.4901161193847656e-08,-0.055999964475631714,0.6000000238418579,2.235919237136841,-2.6226043701171875e-06,19.448822021484375,0.0,0.0,0.0,1.0728836059570312e-06,8.69430152761197e-07,-2.1606683731079102e-07,21.956323623657227,21.95631980895996,46.766902923583984,46.766902923583984,0.34582775831222534,0.34582775831222534,0.45338863134384155,0.45338863134384155,0.20078371465206146,0.20078371465206146,0.0,0.0,10.181463241577148,10.181463241577148,-0.6538419723510742,-0.6538419723510742,3.6915364265441895,3.6915364265441895,0.0,0.0,-0.09481063485145569,-0.09481063485145569,3.5967259407043457,3.5967259407043457,0.6875313520431519,0.6875313520431519,0.20394764840602875,0.20394764840602875,0.3925364315509796,0.3925364315509796,85.56938934326172,85.56938934326172,43.570987701416016,43.570987701416016,58.407440185546875,58.407440185546875,5.864545822143555,5.864545822143555,0.0,0.0,180.0
155,0.6458333333333334,-0.26159999999999944,-11.38775792840812,165.24086472479812,-0.26159999999999944,-11.38775792840812,165.24086472479812,5.0,-5.0,0.0,0.0,15.0,0,0.5,0.0,0.0,4.0,4.0,4.0,11.387757301330566,11.387755393981934,11.387758255004883,11.387758255004883,-0.2913639545440674,-0.2924378514289856,-3.2923929691314697,-3.684140920639038,-0.1511499434709549,-0.1511499434709549,0.0,0.0,nan,nan,38.78638458251953,38.78638458251953,77.57276916503906,0.0,8.967832565307617,3.3847107887268066,0.0,0.0,0.0,3.3847107887268066,0.0,8.967832565307617,0.0,0.0,0.0,1.0876402854919434,-3.060027599334717,9.018401145935059,0.0,0.0,0.0,0.0,8.967832565307617,3.3847107887268066,0.0,0.0,0.0,3.3847107887268066,0.0,8.967832565307617,-0.0,-0.0,-0.0,1.0876400470733643,3.060025453567505,9.018402099609375,0.0,0.0,0.0,4.470348358154297e-08,0.0,0.6000000238418579,-5.960464477539063e-08,0.05600005388259888,0.6000000238418579,-1.043081283569336e-07,-0.05599990487098694,0.5999999642372131,2.1752803325653076,-2.1457672119140625e-06,18.03680419921875,0.0,0.0,0.0,1.430511474609375e-06,2.2197107227839297e-06,-3.0919909477233887e-07,21.33799934387207,21.337997436523438,45.65513610839844,45.65513610839844,0.3599705994129181,0.3599705994129181,0.46520882844924927,0.46520882844924927,0.17482061684131622,0.17482061684131622,0.0,0.0,9.966314315795898,9.966314315795898,-0.998481035232544,-0.998481035232544,3.4773027896881104,3.4773027896881104,0.0,0.0,-0.09259215742349625,-0.09259215742349625,3.3847107887268066,3.3847107887268066,0.6875313520431519,0.6875313520431519,0.20284099876880646,0.20284099876880646,0.3746427595615387,0.3746427595615387,81.2807846069336,81.2807846069336,41.16713333129883,41.16713333129883,55.966087341308594,55.966087341308594,6.339746475219727,6.339746475219727,0.0,0.0,180.0
156,0.65,-0.30752924399942166,-10.63812868727738,194.252286722584,-0.30752924399942166,-10.63812868727738,194.252286722584,5.0,-5.0,0.0,0.0,15.0,0,0.5,0.0,0.0,4.0,4.0,4.0,10.6381254196167,10.638129234313965,10.638128280639648,10.638129234313965,-0.3336593806743622,-0.3347400426864624,-2.4503250122070312,-2.841481924057007,-0.14120009541511536,-0.14120009541511536,0.0,0.0,nan,nan,33.55207061767578,33.55207061767578,67.10414123535156,0.0,8.316140174865723,3.1183838844299316,0.0,0.0,0.0,3.1183838844299316,0.0,8.316140174865723,0.0,0.0,0.0,1.0247893333435059,-3.1935651302337646,8.223956108093262,0.0,0.0,0.0,0.0,8.316140174865723,3.1183838844299316,0.0,0.0,0.0,3.1183838844299316,0.0,8.316140174865723,-0.0,-0.0,-0.0,1.024788498878479,3.1935641765594482,8.223957061767578,0.0,0.0,0.0,4.470348358154297e-08,0.0,0.6000000238418579,-4.470348358154297e-08,0.0559999942779541,0.6000000238418579,-2.9802322387695312e-08,-0.055999934673309326,0.5999999642372131,2.0495777130126953,-9.5367431640625e-07,16.447914123535156,0.0,0.0,0.0,6.258487701416016e-07,1.2869293186668074e-06,-5.960464477539063e-08,20.513864517211914,20.513864517211914,44.13380813598633,44.13380813598633,0.37411409616470337,0.37411409616470337,0.48833751678466797,0.48833751678466797,0.13754841685295105,0.13754841685295105,0.0,0.0,9.652700424194336,9.652700424194336,-1.3365604877471924,-1.3365604877471924,3.208482265472412,3.208482265472412,0.0,0.0,-0.09009853005409241,-0.09009853005409241,3.1183838844299316,3.1183838844299316,0.6875313520431519,0.6875313520431519,0.19836385548114777,0.19836385548114777,0.35436469316482544,0.35436469316482544,76.1016845703125,76.1016845703125,38.24410629272461,38.24410629272461,53.00776290893555,53.00776290893555,6.9098310470581055,6.9098310470581055,0.0,0.0,180.0
157,0.6541666666666667,-0.35008913324695456,-9.771945882077281,221.13544001713288,-0.35008913324695456,-9.771945882077281,221.13544001713288,5.0,-5.0,0.0,0.0,15.0,0,0.5,0.0,0.0,4.0,4.0,4.0,9.771944046020508,9.771944046020508,9.77194595336914,9.77194595336914,-0.3723071813583374,-0.37338271737098694,-1.5826985836029053,-1.969012975692749,-0.12970323860645294,-0.12970323860645294,0.0,0.0,nan,nan,28.023643493652344,28.023643493652344,56.04728698730469,0.0,7.589224338531494,2.811491012573242,0.0,0.0,0.0,2.811491012573242,0.0,7.589224338531494,0.0,0.0,0.0,0.935802698135376,-3.2099151611328125,7.370314598083496,0.0,0.0,0.0,0.0,7.589224338531494,2.811491012573242,0.0,0.0,0.0,2.811491012573242,0.0,7.589224338531494,-0.0,-0.0,-0.0,0.9358021020889282,3.2099132537841797,7.370315074920654,0.0,0.0,0.0,4.470348358154297e-08,0.0,0.6000000238418579,-2.9802322387695312e-08,0.05600002408027649,0.6000000238418579,-5.960464477539063e-08,-0.05599990487098694,0.5999999642372131,1.8716048002243042,-1.9073486328125e-06,14.740629196166992,0.0,0.0,0.0,1.043081283569336e-06,1.2621368341569905e-06,-2.421438694000244e-07,19.466066360473633,19.466066360473633,42.091888427734375,42.09187698364258,0.4024088680744171,0.4024088680744171,0.5055375695228577,0.5055375695228577,0.0920536071062088,0.0920536071062088,0.0,0.0,9.253393173217773,9.253393173217773,-1.6641682386398315,-1.6641682386398315,2.898927688598633,2.898927688598633,0.0,0.0,-0.0874367505311966,-0.0874367505311966,2.811491012573242,2.811491012573242,0.6875313520431519,0.6875313520431519,0.1905231773853302,0.1905231773853302,0.3318822383880615,0.3318822383880615,70.07818603515625,70.07818603515625,34.82772445678711,34.82772445678711,49.55867004394531,49.55867004394531,7.568552494049072,7.568552494049072,0.0,0.0,180.0
158,0.6583333333333333,-0.38881337268977284,-8.798699592882002,245.59578715528824,-0.38881337268977284,-8.798699592882002,245.59578715528824,5.0,-5.0,0.0,0.0,15.0,0,0.5,0.0,0.0,4.0,4.0,4.0,8.798697471618652,8.798699378967285,8.798699378967285,8.798699378967285,-0.4068913161754608,-0.4079497456550598,-0.7001919746398926,-1.0774734020233154,-0.11678532510995865,-0.11678532510995865,0.0,0.0,nan,nan,22.46521759033203,22.46521759033203,44.93043518066406,0.0,6.806042671203613,2.478945255279541,0.0,0.0,0.0,2.478945255279541,0.0,6.806042671203613,0.0,0.0,0.0,0.828307569026947,-3.1152701377868652,6.486631393432617,0.0,0.0,0.0,0.0,6.806042671203613,2.478945255279541,0.0,0.0,0.0,2.478945255279541,0.0,6.806042671203613,-0.0,-0.0,-0.0,0.8283069133758545,3.1152687072753906,6.486631870269775,0.0,0.0,0.0,4.470348358154297e-08,0.0,0.6000000238418579,-1.1920928955078125e-07,0.05600005388259888,0.6000000238418579,7.450580596923828e-08,-0.055999964475631714,0.6000000238418579,1.6566145420074463,-1.430511474609375e-06,12.973262786865234,0.0,0.0,0.0,5.662441253662109e-07,8.699250315657991e-07,4.917383193969727e-07,18.1834716796875,18.1834716796875,39.3846321105957,39.38462829589844,0.43071863055229187,0.43071863055229187,0.5245851278305054,0.5245851278305054,0.04469626769423485,0.04469626769423485,0.0,0.0,8.783141136169434,8.783141136169434,-1.9770989418029785,-1.9770989418029785,2.563660144805908,2.563660144805908,0.0,0.0,-0.08471508324146271,-0.08471508324146271,2.478945255279541,2.478945255279541,0.6875313520431519,0.6875313520431519,0.17936104536056519,0.17936104536056519,0.3073979318141937,0.3073979318141937,63.26660919189453,63.26660919189453,30.94968032836914,30.94968032836914,45.6508674621582,45.6508674621582,8.308694839477539,8.308694839477539,0.0,0.0,180.0
159,0.6625,-0.42327769145697175,-7.729052909700882,267.365335455147,-0.42327769145697175,-7.729052909700882,267.365335455147,5.0,-5.0,0.0,0.0,15.0,0,0.5,0.0,0.0,4.0,4.0,4.0,7.7290520668029785,7.729051113128662,7.729052543640137,7.729052543640137,-0.4370405077934265,-0.4380701780319214,0.18627363443374634,-0.17791825532913208,-0.10258787870407104,-0.10258787870407104,0.0,0.0,nan,nan,17.13665008544922,17.13665008544922,34.27330017089844,0.0,5.98688268661499,2.135742664337158,0.0,0.0,0.0,2.135742664337158,0.0,5.98688268661499,0.0,0.0,0.0,0.7105571031570435,-2.922109603881836,5.600049018859863,0.0,0.0,0.0,0.0,5.98688268661499,2.135742664337158,0.0,0.0,0.0,2.135742664337158,0.0,5.98688268661499,-0.0,-0.0,-0.0,0.7105568051338196,2.9221088886260986,5.600049018859863,0.0,0.0,0.0,4.470348358154297e-08,0.0,0.6000000238418579,-8.940696716308594e-08,0.05600005388259888,0.5999999642372131,-5.960464477539063e-08,-0.055999934673309326,0.6000000238418579,1.4211139678955078,-7.152557373046875e-07,11.200098037719727,0.0,0.0,0.0,4.76837158203125e-07,1.2928032901982078e-06,-1.862645149230957e-08,16.672590255737305,16.672588348388672,35.83316421508789,35.83316421508789,0.4873591661453247,0.4873591661453247,0.5105845332145691,0.5105845332145691,0.002056337660178542,0.002056337660178542,0.0,0.0,8.257841110229492,8.257841110229492,-2.270958185195923,-2.270958185195923,2.217780351638794,2.217780351638794,0.0,0.0,-0.08203749358654022,-0.08203749358654022,2.135742664337158,2.135742664337158,0.6875313520431519,0.6875313520431519,0.16495880484580994,0.16495880484580994,0.28113895654678345,0.28113895654678345,55.73393630981445,55.73393630981445,26.647829055786133,26.647829055786133,41.32252883911133,41.32252883911133,9.122148513793945,9.122148513793945,0.0,0.0,180.0
160,0.6666666666666666,-0.4531044912600178,-6.57472510543274,286.20557318996646,-0.4531044912600178,-6.57472510543274,286.20557318996646,5.0,-5.0,0.0,0.0,15.0,0,0.5,0.0,0.0,4.0,4.0,4.0,6.574723243713379,6.574724197387695,6.574725151062012,6.574725151062012,-0.4624323546886444,-0.46342161297798157,1.0657483339309692,0.7185443639755249,-0.0872664600610733,-0.0872664600610733,0.0,0.0,nan,nan,12.274343490600586,12.274343490600586,24.548686981201172,0.0,5.152291297912598,1.7959200143814087,0.0,0.0,0.0,1.7959200143814087,0.0,5.152291297912598,0.0,0.0,0.0,0.5907725691795349,-2.6477489471435547,4.7341156005859375,0.0,0.0,0.0,0.0,5.152291297912598,1.7959200143814087,0.0,0.0,0.0,1.7959200143814087,0.0,5.152291297912598,-0.0,-0.0,-0.0,0.590772271156311,2.6477479934692383,4.734116077423096,0.0,0.0,0.0,4.470348358154297e-08,0.0,0.6000000238418579,-5.960464477539063e-08,0.05600002408027649,0.5999999642372131,1.4901161193847656e-08,-0.055999964475631714,0.6000000238418579,1.1815447807312012,-9.5367431640625e-07,9.468231201171875,0.0,0.0,0.0,8.940696716308594e-08,5.996815843900549e-07,1.4528632164001465e-07,14.979104042053223,14.979104995727539,31.23953628540039,31.239530563354492,0.557930588722229,0.557930588722229,0.4420694410800934,0.4420694410800934,0.0,0.0,0.0,0.0,7.693597793579102,7.693597793579102,-2.541306257247925,-2.541306257247925,1.8754189014434814,1.8754189014434814,0.0,0.0,-0.07949888706207275,-0.07949888706207275,1.7959200143814087,1.7959200143814087,0.6875313520431519,0.6875313520431519,0.1474398374557495,0.1474398374557495,0.25335875153541565,0.25335875153541565,47.5577392578125,47.5577392578125,21.96617317199707,21.96617317199707,36.617950439453125,36.617950439453125,10.000000953674316,10.000000953674316,0.0,0.0,180.0
161,0.6708333333333333,-0.47796698343860855,-5.348363237059797,301.9100827725501,-0.47796698343860855,-5.348363237059797,301.9100827725501,5.0,-5.0,0.0,0.0,15.0,0,0.5,0.0,0.0,4.0,4.0,4.0,5.348362922668457,5.348362922668457,5.348363399505615,5.348363399505615,-0.48279547691345215,-0.48373329639434814,1.9274815320968628,1.6009414196014404,-0.07098893821239471,-0.07098893821239471,0.0,0.0,nan,nan,8.073507308959961,8.073507308959961,16.147014617919922,0.0,4.321923732757568,1.4716615676879883,0.0,0.0,0.0,1.4716615676879883,0.0,4.321923732757568,0.0,0.0,0.0,0.4765144884586334,-2.312507152557373,3.9076919555664062,0.0,0.0,0.0,0.0,4.321923732757568,1.4716615676879883,0.0,0.0,0.0,1.4716615676879883,0.0,4.321923732757568,-0.0,-0.0,-0.0,0.4765143394470215,2.312506675720215,3.9076924324035645,0.0,0.0,0.0,4.470348358154297e-08,0.0,0.6000000238418579,-5.960464477539063e-08,0.05600003898143768,0.6000000238418579,-5.960464477539063e-08,-0.055999934673309326,0.6000000238418579,0.9530287981033325,-4.76837158203125e-07,7.815384387969971,0.0,0.0,0.0,3.725290298461914e-07,8.15208125004574e-07,-5.774199962615967e-08,13.231226921081543,13.231224060058594,25.44611167907715,25.44611167907715,0.6680206060409546,0.6680206060409546,0.3319794535636902,0.3319794535636902,0.0,0.0,0.0,0.0,7.105746269226074,7.105746269226074,-2.783823013305664,-2.783823013305664,1.5488433837890625,1.5488433837890625,0.0,0.0,-0.07718174159526825,-0.07718174159526825,1.4716615676879883,1.4716615676879883,0.6875313520431519,0.6875313520431519,0.1269717812538147,0.1269717812538147,0.22433730959892273,0.22433730959892273,38.82585906982422,38.82585906982422,16.954694747924805,16.954694747924805,31.587364196777344,31.587364196777344,10.932634353637695,10.932634353637695,0.0,0.0,180.0
162,0.675,-0.4975927693256243,-4.063403581844665,314.30680230953107,-0.4975927693256243,-4.063403581844665,314.30680230953107,5.0,-5.0,0.0,0.0,15.0,0,0.5,0.0,0.0,4.0,4.0,4.0,4.06340217590332,4.063403606414795,4.063403606414795,4.063403606414795,-0.49791255593299866,-0.4987882673740387,2.761117696762085,2.4586830139160156,-0.05393363907933235,-0.05393363907933235,0.0,0.0,nan,nan,4.674442291259766,4.674442291259766,9.348884582519531,0.0,3.513381242752075,1.1726548671722412,0.0,0.0,0.0,1.1726548671722412,0.0,3.513381242752075,0.0,0.0,0.0,0.37418287992477417,-1.937772274017334,3.1343250274658203,0.0,0.0,0.0,0.0,3.513381242752075,1.1726548671722412,0.0,0.0,0.0,1.1726548671722412,0.0,3.513381242752075,-0.0,-0.0,-0.0,0.37418264150619507,1.9377715587615967,3.1343255043029785,0.0,0.0,0.0,4.470348358154297e-08,0.0,0.6000000238418579,-1.4901161193847656e-07,0.05600002408027649,0.6000000238418579,-1.4901161193847656e-08,-0.055999964475631714,0.5999999642372131,0.7483655214309692,-7.152557373046875e-07,6.268650531768799,0.0,0.0,0.0,2.8312206268310547e-07,7.716834033999476e-07,2.253800630569458e-07,11.729952812194824,11.729949951171875,18.518930435180664,18.518930435180664,0.8289155960083008,0.8289155960083008,0.1710844784975052,0.1710844784975052,0.0,0.0,0.0,0.0,6.507871627807617,6.507871627807617,-2.994490623474121,-2.994490623474121,1.2478089332580566,1.2478089332580566,0.0,0.0,-0.07515415549278259,-0.07515415549278259,1.1726548671722412,1.1726548671722412,0.6875313520431519,0.6875313520431519,0.10376715660095215,0.10376715660095215,0.19438087940216064,0.19438087940216064,29.635650634765625,29.635650634765625,11.668993949890137,11.668993949890137,26.28658103942871,26.28658103942871,11.909831047058105,11.909831047058105,0.0,0.0,180.0
163,0.6791666666666667,-0.5117668247039271,-2.7339244266649763,323.25991074748185,-0.5117668247039271,-2.7339244266649763,323.25991074748185,5.0,-5.0,0.0,0.0,15.0,0,0.5,0.0,0.0,4.0,4.0,4.0,2.733924150466919,2.73392391204834,2.733924388885498,2.733924388885498,-0.507621705532074,-0.5084254741668701,3.556931734085083,3.281764030456543,-0.03628743439912796,-0.03628743439912796,0.0,0.0,nan,nan,2.155184268951416,2.155184268951416,4.310368537902832,0.0,2.741119384765625,0.9057631492614746,0.0,0.0,0.0,0.9057631492614746,0.0,2.741119384765625,0.0,0.0,0.0,0.2887166738510132,-1.5440940856933594,2.422098159790039,0.0,0.0,0.0,0.0,2.741119384765625,0.9057631492614746,0.0,0.0,0.0,0.9057631492614746,0.0,2.741119384765625,-0.0,-0.0,-0.0,0.28871649503707886,1.544093370437622,2.422098398208618,0.0,0.0,0.0,4.470348358154297e-08,0.0,0.6000000238418579,-4.470348358154297e-08,0.05600003898143768,0.6000000238418579,-4.470348358154297e-08,-0.055999964475631714,0.6000000238418579,0.577433168888092,-7.152557373046875e-07,4.844196319580078,0.0,0.0,0.0,1.7881393432617188e-07,4.3310492969794723e-07,-3.166496753692627e-08,11.121833801269531,11.121831893920898,16.643383026123047,16.643383026123047,0.8820533156394958,0.8820533156394958,0.11794667690992355,0.11794667690992355,0.0,0.0,0.0,0.0,5.910890579223633,5.910890579223633,-3.169771671295166,-3.169771671295166,0.9792319536209106,0.9792319536209106,0.0,0.0,-0.07346884906291962,-0.07346884906291962,0.9057631492614746,0.9057631492614746,0.6875313520431519,0.6875313520431519,0.07808203995227814,0.07808203995227814,0.16381949186325073,0.16381949186325073,20.09270668029785,20.09270668029785,6.16955041885376,6.16955041885376,20.776241302490234,20.776241302490234,12.920884132385254,12.920884132385254,0.0,0.0,180.0
164,0.6833333333333333,-0.5203338556566807,-1.3744918233562795,328.6713159567981,-0.5203338556566807,-1.3744918233562795,328.6713159567981,5.0,-5.0,0.0,0.0,15.0,0,0.5,0.0,0.0,4.0,4.0,4.0,1.374491810798645,1.374491810798645,1.374491810798645,1.3744919300079346,-0.5118175148963928,-0.5125400424003601,4.306000232696533,4.060959815979004,-0.018243659287691116,-0.018243659287691116,0.0,0.0,nan,nan,0.5322170853614807,0.5322170853614807,1.0644341707229614,0.0,2.0155587196350098,0.6750735640525818,0.0,0.0,0.0,0.6750735640525818,0.0,2.0155587196350098,0.0,0.0,0.0,0.2235807627439499,-1.1496055126190186,1.7738715410232544,0.0,0.0,0.0,0.0,2.0155587196350098,0.6750735640525818,0.0,0.0,0.0,0.6750735640525818,0.0,2.0155587196350098,-0.0,-0.0,-0.0,0.22358064353466034,1.1496047973632812,1.773871898651123,0.0,0.0,0.0,4.470348358154297e-08,0.0,0.6000000238418579,-7.450580596923828e-08,0.05600002408027649,0.6000000238418579,-4.470348358154297e-08,-0.055999964475631714,0.6000000238418579,0.44716140627861023,-7.152557373046875e-07,3.547743320465088,0.0,0.0,0.0,8.195638656616211e-08,3.7005847275395354e-07,1.3969838619232178e-08,12.324207305908203,12.324207305908203,15.813404083251953,15.813404083251953,0.8820533156394958,0.8820533156394958,0.11794667690992355,0.11794667690992355,0.0,0.0,0.0,0.0,5.32232666015625,5.32232666015625,-3.3067679405212402,-3.3067679405212402,0.7472367882728577,0.7472367882728577,0.0,0.0,-0.07216325402259827,-0.07216325402259827,0.6750735640525818,0.6750735640525818,0.6875313520431519,0.6875313520431519,0.0502132847905159,0.0502132847905159,0.13300344347953796,0.13300344347953796,10.309234619140625,10.309234619140625,0.52083820104599,0.52083820104599,15.12094783782959,15.12094783782959,13.954715728759766,13.954715728759766,0.0,0.0,180.0
165,0.6875,-0.5232,-3.221500347763e-14,330.4817294495969,-0.5232,-3.221500347763e-14,330.4817294495969,5.0,-5.0,0.0,0.0,15.0,0,0.5,0.0,0.0,4.0,4.0,4.0,3.221500418314725e-14,3.221500757127904e-14,3.221500418314725e-14,3.221500418314725e-14,-0.5104531049728394,-0.5110860466957092,5.000348091125488,4.787969589233398,-4.2759041093586774e-16,-4.2759041093586774e-16,0.0,0.0,nan,nan,-0.23076343536376953,-0.23076343536376953,-0.46152687072753906,0.0,1.342545509338379,0.4823017418384552,0.0,0.0,0.0,0.4823017418384552,0.0,1.342545509338379,0.0,0.0,0.0,0.18102331459522247,-0.7688992023468018,1.1878838539123535,0.0,0.0,0.0,0.0,1.342545509338379,0.4823017418384552,0.0,0.0,0.0,0.4823017418384552,0.0,1.342545509338379,-0.0,-0.0,-0.0,0.18102328479290009,0.7688989043235779,1.187883973121643,0.0,0.0,0.0,4.470348358154297e-08,0.0,0.6000000238418579,1.4901161193847656e-08,0.05600003898143768,0.6000000238418579,0.0,-0.05599997937679291,0.5999999642372131,0.36204659938812256,-2.980232238769531e-07,2.375767707824707,0.0,0.0,0.0,1.1175870895385742e-07,7.771441801196488e-08,-2.421438694000244e-08,14.99998950958252,14.99998950958252,14.999988555908203,14.999988555908203,1.0,1.0,0.0,0.0,0.0,0.0,0.0,0.0,4.745896339416504,4.745896339416504,-3.403350830078125,-3.403350830078125,0.553561806678772,0.553561806678772,0.0,0.0,-0.07126004993915558,-0.07126004993915558,0.4823017418384552,0.4823017418384552,0.6875313520431519,0.6875313520431519,0.02049357444047928,0.02049357444047928,0.10229769349098206,0.10229769349098206,0.40209388732910156,0.40209388732910156,-5.209789752960205,-5.209789752960205,9.388116836547852,9.388116836547852,15.000000953674316,15.000000953674316,0.0,0.0,180.0
166,0.6916666666666667,-0.5203338556566807,1.374491823356262,328.6713159567981,-0.5203338556566807,1.374491823356262,328.6713159567981,5.0,-5.0,0.0,0.0,15.0,0,0.5,0.0,0.0,4.0,4.0,4.0,1.374491810798645,1.374491810798645,1.374491810798645,1.3744919300079346,-0.5035388469696045,-0.5040750503540039,5.6330342292785645,5.455510139465332,0.018243659287691116,0.018243659287691116,0.0,0.0,nan,nan,-0.20792880654335022,-0.20792880654335022,-0.41585761308670044,0.0,0.7233331203460693,0.3274730145931244,0.0,0.0,0.0,0.3274730145931244,0.0,0.7233331203460693,0.0,0.0,0.0,0.16254034638404846,-0.41256436705589294,0.6586506962776184,0.0,0.0,0.0,0.0,0.7233331203460693,0.3274730145931244,0.0,0.0,0.0,0.3274730145931244,0.0,0.7233331203460693,-0.0,-0.0,-0.0,0.1625402867794037,0.41256412863731384,0.658650815486908,0.0,0.0,0.0,4.470348358154297e-08,0.0,0.6000000238418579,-7.450580596923828e-08,0.05600002408027649,0.6000000238418579,-4.470348358154297e-08,-0.055999964475631714,0.6000000238418579,0.32508063316345215,-2.384185791015625e-07,1.3173015117645264,0.0,0.0,0.0,2.9802322387695312e-08,1.374052516212032e-07,-9.313225746154785e-10,18.036861419677734,18.036865234375,23.0157527923584,23.0157527923584,0.11794667690992355,0.11794667690992355,0.8820533156394958,0.8820533156394958,0.0,0.0,0.0,0.0,4.181578636169434,4.181578636169434,-3.458245277404785,-3.458245277404785,0.39824098348617554,0.39824098348617554,0.0,0.0,-0.07076795399188995,-0.07076795399188995,0.3274730145931244,0.3274730145931244,0.6875313520431519,0.6875313520431519,-0.010714729316532612,-0.010714729316532612,0.07207543402910233,0.07207543402910233,-9.509451866149902,-9.509451866149902,-10.953388214111328,-10.953388214111328,3.6467208862304688,3.6467208862304688,16.045286178588867,16.045286178588867,0.0,0.0,180.0
167,0.6958333333333333,-0.5117668247039272,2.733924426664959,323.25991074748197,-0.5117668247039272,2.733924426664959,323.25991074748197,5.0,-5.0,0.0,0.0,15.0,0,0.5,0.0,0.0,4.0,4.0,4.0,2.733924150466919,2.73392391204834,2.733924388885498,2.733924388885498,-0.4911441206932068,-0.49157750606536865,6.198157787322998,6.057314872741699,0.03628743439912796,0.03628743439912796,0.0,0.0,nan,nan,0.5058761835098267,0.5058761835098267,1.0117523670196533,0.0,0.1551963984966278,0.20970411598682404,0.0,0.0,0.0,0.20970411598682404,0.0,0.1551963984966278,0.0,0.0,0.0,0.1693701595067978,-0.08742334693670273,0.17813658714294434,0.0,0.0,0.0,0.0,0.1551963984966278,0.20970411598682404,0.0,0.0,0.0,0.20970411598682404,0.0,0.1551963984966278,-0.0,-0.0,-0.0,0.1693701595067978,0.08742330968379974,0.17813660204410553,0.0,0.0,0.0,4.470348358154297e-08,0.0,0.6000000238418579,-4.470348358154297e-08,0.05600003898143768,0.6000000238418579,-4.470348358154297e-08,-0.055999964475631714,0.6000000238418579,0.3387403190135956,-3.725290298461914e-08,0.35627317428588867,0.0,0.0,0.0,1.210719347000122e-08,3.185330399446684e-08,-1.210719347000122e-08,20.958690643310547,20.958694458007812,30.33509063720703,30.335094451904297,0.11794667690992355,0.11794667690992355,0.8820533156394958,0.8820533156394958,0.0,0.0,0.0,0.0,3.626262903213501,3.626262903213501,-3.471066474914551,-3.471066474914551,0.28038641810417175,0.28038641810417175,0.0,0.0,-0.07068228721618652,-0.07068228721618652,0.20970411598682404,0.20970411598682404,0.6875313520431519,0.6875313520431519,-0.043027304112911224,-0.043027304112911224,0.04271015152335167,0.04271015152335167,-19.30609130859375,-19.30609130859375,-16.640775680541992,-16.640775680541992,-2.0340824127197266,-2.0340824127197266,17.079116821289062,17.079116821289062,0.0,0.0,180.0
168,0.7,-0.49759276932562446,4.063403581844648,314.3068023095312,-0.49759276932562446,4.063403581844648,314.3068023095312,5.0,-5.0,0.0,0.0,15.0,0,0.5,0.0,0.0,4.0,4.0,4.0,4.06340217590332,4.063403606414795,4.063403606414795,4.063403606414795,-0.47339698672294617,-0.4737224280834198,6.690789699554443,6.588075637817383,0.05393363907933235,0.05393363907933235,0.0,0.0,nan,nan,1.8098325729370117,1.8098325729370117,3.6196651458740234,0.0,-0.3673388361930847,0.12786665558815002,0.0,0.0,0.0,0.12786665558815002,0.0,-0.3673388361930847,0.0,0.0,0.0,0.20281565189361572,0.20260225236415863,-0.2628799080848694,0.0,0.0,0.0,0.0,-0.3673388361930847,0.12786665558815002,0.0,0.0,0.0,0.12786665558815002,0.0,-0.3673388361930847,-0.0,-0.0,-0.0,0.20281566679477692,-0.20260217785835266,-0.26287996768951416,0.0,0.0,0.0,4.470348358154297e-08,0.0,0.6000000238418579,-1.4901161193847656e-07,0.05600002408027649,0.6000000238418579,-1.4901161193847656e-08,-0.055999964475631714,0.5999999642372131,0.40563130378723145,7.450580596923828e-08,-0.5257598757743835,0.0,0.0,0.0,-2.421438694000244e-08,-7.868142404277023e-08,-3.91155481338501e-08,23.59121322631836,23.59121322631836,36.3895149230957,36.3895149230957,0.11794667690992355,0.11794667690992355,0.864794909954071,0.864794909954071,0.017258400097489357,0.017258400097489357,0.0,0.0,3.074963092803955,3.074963092803955,-3.4423022270202637,-3.4423022270202637,0.19885218143463135,0.19885218143463135,0.0,0.0,-0.07098551839590073,-0.07098551839590073,0.12786665558815002,0.12786665558815002,0.6875313520431519,0.6875313520431519,-0.07604614645242691,-0.07604614645242691,0.014567578211426735,0.014567578211426735,-28.870820999145508,-28.870820999145508,-22.203908920288086,-22.203908920288086,-7.586321830749512,-7.586321830749512,18.090171813964844,18.090171813964844,0.0,0.0,180.0
169,0.7041666666666666,-0.4779669834386096,5.348363237059738,301.9100827725507,-0.4779669834386096,5.348363237059738,301.9100827725507,5.0,-5.0,0.0,0.0,15.0,0,0.5,0.0,0.0,4.0,4.0,4.0,5.348362922668457,5.348362922668457,5.348363399505615,5.348363399505615,-0.450483500957489,-0.4506973922252655,7.1068572998046875,7.043339252471924,0.07098893821239471,0.07098893821239471,0.0,0.0,nan,nan,3.605567455291748,3.605567455291748,7.211134910583496,0.0,-0.8508800268173218,0.08092880994081497,0.0,0.0,0.0,0.08092880994081497,0.0,-0.8508800268173218,0.0,0.0,0.0,0.26421868801116943,0.4552755653858185,-0.6733936071395874,0.0,0.0,0.0,0.0,-0.8508800268173218,0.08092880994081497,0.0,0.0,0.0,0.08092880994081497,0.0,-0.8508800268173218,-0.0,-0.0,-0.0,0.2642187178134918,-0.45527544617652893,-0.673393726348877,0.0,0.0,0.0,4.470348358154297e-08,0.0,0.6000000238418579,-5.960464477539063e-08,0.05600003898143768,0.6000000238418579,-5.960464477539063e-08,-0.055999934673309326,0.6000000238418579,0.5284373760223389,1.1920928955078125e-07,-1.3467873334884644,0.0,0.0,0.0,-6.332993507385254e-08,-1.4048086427465023e-07,-2.60770320892334e-08,25.876405715942383,25.876405715942383,41.17609786987305,41.17610168457031,0.11794667690992355,0.11794667690992355,0.7199033498764038,0.7199033498764038,0.1621500849723816,0.1621500849723816,0.0,0.0,2.522365093231201,2.522365093231201,-3.3732450008392334,-3.3732450008392334,0.15257614850997925,0.15257614850997925,0.0,0.0,-0.07164733111858368,-0.07164733111858368,0.08092880994081497,0.08092880994081497,0.6875313520431519,0.6875313520431519,-0.10936833173036575,-0.10936833173036575,-0.012002810835838318,-0.012002810835838318,-38.0911979675293,-38.0911979675293,-27.577194213867188,-27.577194213867188,-12.944524765014648,-12.944524765014648,19.067367553710938,19.067367553710938,0.0,0.0,180.0
170,0.7083333333333334,-0.45310449126001817,6.574725105432726,286.2055731899667,-0.45310449126001817,6.574725105432726,286.2055731899667,5.0,-5.0,0.0,0.0,15.0,0,0.5,0.0,0.0,4.0,4.0,4.0,6.574723243713379,6.574724197387695,6.574725151062012,6.574725151062012,-0.4226471185684204,-0.4227469265460968,7.443029880523682,7.419358730316162,0.0872664600610733,0.0872664600610733,0.0,0.0,nan,nan,5.7982072830200195,5.7982072830200195,11.596414566040039,0.0,-1.3015027046203613,0.06789825856685638,0.0,0.0,0.0,0.06789825856685638,0.0,-1.3015027046203613,0.0,0.0,0.0,0.35455477237701416,0.6688388586044312,-1.0608793497085571,0.0,0.0,0.0,0.0,-1.3015027046203613,0.06789825856685638,0.0,0.0,0.0,0.06789825856685638,0.0,-1.3015027046203613,-0.0,-0.0,-0.0,0.35455483198165894,-0.6688386797904968,-1.0608794689178467,0.0,0.0,0.0,4.470348358154297e-08,0.0,0.6000000238418579,-5.960464477539063e-08,0.05600002408027649,0.5999999642372131,1.4901161193847656e-08,-0.055999964475631714,0.6000000238418579,0.7091096043586731,1.7881393432617188e-07,-2.1217589378356934,0.0,0.0,0.0,-1.862645149230957e-08,-1.6340811725967797e-07,-6.705522537231445e-08,27.812030792236328,27.812030792236328,44.87302017211914,44.87302017211914,0.11794667690992355,0.11794667690992355,0.5998412370681763,0.5998412370681763,0.28221216797828674,0.28221216797828674,0.0,0.0,1.9643778800964355,1.9643778800964355,-3.265880584716797,-3.265880584716797,0.14052316546440125,0.14052316546440125,0.0,0.0,-0.07262490689754486,-0.07262490689754486,0.06789825856685638,0.06789825856685638,0.6875313520431519,0.6875313520431519,-0.14259451627731323,-0.14259451627731323,-0.0366755835711956,-0.0366755835711956,-46.861289978027344,-46.861289978027344,-32.69865417480469,-32.69865417480469,-18.046876907348633,-18.046876907348633,20.0,20.0,0.0,0.0,180.0
171,0.7125,-0.42327769145697214,7.729052909700868,267.3653354551472,-0.42327769145697214,7.729052909700868,267.3653354551472,5.0,-5.0,0.0,0.0,15.0,0,0.5,0.0,0.0,4.0,4.0,4.0,7.7290520668029785,7.729051113128662,7.729052543640137,7.729052543640137,-0.39018669724464417,-0.3901713490486145,7.696592330932617,7.713010787963867,0.10258787870407104,0.10258787870407104,0.0,0.0,nan,nan,8.291972160339355,8.291972160339355,16.58394432067871,0.0,-1.7233970165252686,0.08743828535079956,0.0,0.0,0.0,0.08743828535079956,0.0,-1.7233970165252686,0.0,0.0,0.0,0.4737671911716461,0.8411648273468018,-1.4302898645401,0.0,0.0,0.0,0.0,-1.7233970165252686,0.08743828535079956,0.0,0.0,0.0,0.08743828535079956,0.0,-1.7233970165252686,-0.0,-0.0,-0.0,0.4737672805786133,-0.8411646485328674,-1.4302899837493896,0.0,0.0,0.0,4.470348358154297e-08,0.0,0.6000000238418579,-8.940696716308594e-08,0.05600005388259888,0.5999999642372131,-5.960464477539063e-08,-0.055999934673309326,0.6000000238418579,0.947534441947937,1.7881393432617188e-07,-2.8605799674987793,0.0,0.0,0.0,-1.1175870895385742e-07,-3.6924643609381747e-07,-7.82310962677002e-08,29.422452926635742,29.422452926635742,47.69276809692383,47.69276809692383,0.11794667690992355,0.11794667690992355,0.5156482458114624,0.5156482458114624,0.366405189037323,0.366405189037323,0.0,0.0,1.3993496894836426,1.3993496894836426,-3.122746706008911,-3.122746706008911,0.16130149364471436,0.16130149364471436,0.0,0.0,-0.07386322319507599,-0.07386322319507599,0.08743828535079956,0.08743828535079956,0.6875313520431519,0.6875313520431519,-0.17533646523952484,-0.17533646523952484,-0.05915629118680954,-0.05915629118680954,-55.08332824707031,-55.08332824707031,-37.51090621948242,-37.51090621948242,-22.83620834350586,-22.83620834350586,20.877853393554688,20.877853393554688,0.0,0.0,180.0
172,0.7166666666666667,-0.3888133726897733,8.798699592881988,245.59578715528852,-0.3888133726897733,8.798699592881988,245.59578715528852,5.0,-5.0,0.0,0.0,15.0,0,0.5,0.0,0.0,4.0,4.0,4.0,8.798697471618652,8.798699378967285,8.798699378967285,8.798699378967285,-0.35345396399497986,-0.3533235788345337,7.865415096282959,7.9217305183410645,0.11678532510995865,0.11678532510995865,0.0,0.0,nan,nan,10.983920097351074,10.983920097351074,21.96784019470215,0.0,-2.11802339553833,0.13733989000320435,0.0,0.0,0.0,0.13733989000320435,0.0,-2.11802339553833,0.0,0.0,0.0,0.6200483441352844,0.9694641828536987,-1.7834136486053467,0.0,0.0,0.0,0.0,-2.11802339553833,0.13733989000320435,0.0,0.0,0.0,0.13733989000320435,0.0,-2.11802339553833,-0.0,-0.0,-0.0,0.620048463344574,-0.9694638252258301,-1.7834138870239258,0.0,0.0,0.0,4.470348358154297e-08,0.0,0.6000000238418579,-1.1920928955078125e-07,0.05600005388259888,0.6000000238418579,7.450580596923828e-08,-0.055999964475631714,0.6000000238418579,1.2400968074798584,3.5762786865234375e-07,-3.5668275356292725,0.0,0.0,0.0,-1.4901161193847656e-07,-2.3917439762044523e-07,-2.384185791015625e-07,30.742801666259766,30.742807388305664,49.827266693115234,49.827266693115234,0.11794667690992355,0.11794667690992355,0.45904016494750977,0.45904016494750977,0.42301318049430847,0.42301318049430847,0.0,0.0,0.8287456035614014,0.8287456035614014,-2.9467689990997314,-2.9467689990997314,0.21263575553894043,0.21263575553894043,0.0,0.0,-0.07529588043689728,-0.07529588043689728,0.13733989000320435,0.13733989000320435,0.6875313520431519,0.6875313520431519,-0.20722396671772003,-0.20722396671772003,-0.07918713241815567,-0.07918713241815567,-62.66898727416992,-62.66898727416992,-41.961952209472656,-41.961952209472656,-27.260766983032227,-27.260766983032227,21.691307067871094,21.691307067871094,0.0,0.0,180.0
173,0.7208333333333333,-0.3500891332469551,9.77194588207727,221.13544001713322,-0.3500891332469551,9.77194588207727,221.13544001713322,5.0,-5.0,0.0,0.0,15.0,0,0.5,0.0,0.0,4.0,4.0,4.0,9.771944046020508,9.771944046020508,9.77194595336914,9.77194595336914,-0.3128495514392853,-0.3126055598258972,7.947925090789795,8.0435209274292,0.12970323860645294,0.12970323860645294,0.0,0.0,nan,nan,13.759259223937988,13.759259223937988,27.518518447875977,0.0,-2.4838132858276367,0.21405309438705444,0.0,0.0,0.0,0.21405309438705444,0.0,-2.4838132858276367,0.0,0.0,0.0,0.7892844676971436,1.0505461692810059,-2.1186153888702393,0.0,0.0,0.0,0.0,-2.4838132858276367,0.21405309438705444,0.0,0.0,0.0,0.21405309438705444,0.0,-2.4838132858276367,-0.0,-0.0,-0.0,0.7892845273017883,-1.050545573234558,-2.11861515045166,0.0,0.0,0.0,4.470348358154297e-08,0.0,0.6000000238418579,-2.9802322387695312e-08,0.05600002408027649,0.6000000238418579,-5.960464477539063e-08,-0.05599990487098694,0.5999999642372131,1.578568935394287,5.960464477539062e-07,-4.23723030090332,0.0,0.0,0.0,-3.3527612686157227e-07,-4.2588294490997214e-07,-6.332993507385254e-08,31.810546875,31.810548782348633,51.43326187133789,51.43326187133789,0.11794667690992355,0.11794667690992355,0.4165618121623993,0.4165618121623993,0.46549156308174133,0.46549156308174133,0.0,0.0,0.25728273391723633,0.25728273391723633,-2.741095781326294,-2.741095781326294,0.29089999198913574,0.29089999198913574,0.0,0.0,-0.0768468976020813,-0.0768468976020813,0.21405309438705444,0.21405309438705444,0.6875313520431519,0.6875313520431519,-0.23790986835956573,-0.23790986835956573,-0.09655079990625381,-0.09655079990625381,-69.54007720947266,-69.54007720947266,-46.005615234375,-46.005615234375,-31.274667739868164,-31.274667739868164,22.431447982788086,22.431447982788086,0.0,0.0,180.0
174,0.725,-0.3075292439994222,10.638128687277371,194.25228672258436,-0.3075292439994222,10.638128687277371,194.25228672258436,5.0,-5.0,0.0,0.0,15.0,0,0.5,0.0,0.0,4.0,4.0,4.0,10.6381254196167,10.638129234313965,10.638128280639648,10.638129234313965,-0.268818736076355,-0.2684638500213623,7.943155765533447,8.076977729797363,0.14120009541511536,0.14120009541511536,0.0,0.0,nan,nan,16.490360260009766,16.490360260009766,32.98072052001953,0.0,-2.8163435459136963,0.3124285340309143,0.0,0.0,0.0,0.3124285340309143,0.0,-2.8163435459136963,0.0,0.0,0.0,0.9748148322105408,1.0815327167510986,-2.4309310913085938,0.0,0.0,0.0,0.0,-2.8163435459136963,0.3124285340309143,0.0,0.0,0.0,0.3124285340309143,0.0,-2.8163435459136963,-0.0,-0.0,-0.0,0.9748150706291199,-1.0815324783325195,-2.4309310913085938,0.0,0.0,0.0,4.470348358154297e-08,0.0,0.6000000238418579,-4.470348358154297e-08,0.0559999942779541,0.6000000238418579,-2.9802322387695312e-08,-0.055999934673309326,0.5999999642372131,1.9496299028396606,2.384185791015625e-07,-4.8618621826171875,0.0,0.0,0.0,-2.086162567138672e-07,-4.5656415181838383e-07,-5.960464477539063e-08,32.66132736206055,32.66133499145508,52.6333122253418,52.6333122253418,0.11794667690992355,0.11794667690992355,0.3882598280906677,0.3882598280906677,0.4937935173511505,0.4937935173511505,0.0,0.0,-0.3073969781398773,-0.3073969781398773,-2.508946657180786,-2.508946657180786,0.39086174964904785,0.39086174964904785,0.0,0.0,-0.07843320816755295,-0.07843320816755295,0.3124285340309143,0.3124285340309143,0.6875313520431519,0.6875313520431519,-0.26707345247268677,-0.26707345247268677,-0.1110726147890091,-0.1110726147890091,-75.62899017333984,-75.62899017333984,-49.6018180847168,-49.6018180847168,-34.83816146850586,-34.83816146850586,23.09016990661621,23.09016990661621,0.0,0.0,180.0
175,0.7291666666666666,-0.26160000000000005,11.387757928408114,165.24086472479848,-0.26160000000000005,11.387757928408114,165.24086472479848,5.0,-5.0,0.0,0.0,15.0,0,0.5,0.0,0.0,4.0,4.0,4.0,11.387757301330566,11.387755393981934,11.387758255004883,11.387758255004883,-0.22184622287750244,-0.221384197473526,7.850795745849609,8.021371841430664,0.1511499434709549,0.1511499434709549,0.0,0.0,nan,nan,19.040014266967773,19.040014266967773,38.08002853393555,0.0,-3.1088550090789795,0.4257430136203766,0.0,0.0,0.0,0.4257430136203766,0.0,-3.1088550090789795,0.0,0.0,0.0,1.167574167251587,1.0608117580413818,-2.712505578994751,0.0,0.0,0.0,0.0,-3.1088550090789795,0.4257430136203766,0.0,0.0,0.0,0.4257430136203766,0.0,-3.1088550090789795,-0.0,-0.0,-0.0,1.167574167251587,-1.0608110427856445,-2.71250581741333,0.0,0.0,0.0,4.470348358154297e-08,0.0,0.6000000238418579,-5.960464477539063e-08,0.05600005388259888,0.6000000238418579,-1.043081283569336e-07,-0.05599990487098694,0.5999999642372131,2.335148334503174,7.152557373046875e-07,-5.42501163482666,0.0,0.0,0.0,-4.470348358154297e-07,-7.567240345451864e-07,-1.2665987014770508e-07,33.32706069946289,33.32706069946289,53.52107620239258,53.52107620239258,0.11794667690992355,0.11794667690992355,0.37411409616470337,0.37411409616470337,0.5079392194747925,0.5079392194747925,0.0,0.0,-0.8553740978240967,-0.8553740978240967,-2.253480911254883,-2.253480911254883,0.5057113766670227,0.5057113766670227,0.0,0.0,-0.07996834814548492,-0.07996834814548492,0.4257430136203766,0.4257430136203766,0.6875313520431519,0.6875313520431519,-0.29442280530929565,-0.29442280530929565,-0.12262101471424103,-0.12262101471424103,-80.8786849975586,-80.8786849975586,-52.716636657714844,-52.716636657714844,-37.91768264770508,-37.91768264770508,23.660253524780273,23.660253524780273,0.0,0.0,180.0
176,0.7333333333333333,-0.21280461165726014,12.012620510633646,134.4190292342148,-0.21280461165726014,12.012620510633646,134.4190292342148,5.0,-5.0,0.0,0.0,15.0,0,0.5,0.0,0.0,4.0,4.0,4.0,12.012622833251953,12.012619018554688,12.012621879577637,12.012621879577637,-0.1724501997232437,-0.1718861311674118,7.671280384063721,7.8767170906066895,0.15944376587867737,0.15944376587867737,0.0,0.0,nan,nan,21.268205642700195,21.268205642700195,42.53641128540039,0.0,-3.352978229522705,0.5460072755813599,0.0,0.0,0.0,0.5460072755813599,0.0,-3.352978229522705,0.0,0.0,0.0,1.3566049337387085,0.9890193939208984,-2.9533119201660156,0.0,0.0,0.0,0.0,-3.352978229522705,0.5460072755813599,0.0,0.0,0.0,0.5460072755813599,0.0,-3.352978229522705,-0.0,-0.0,-0.0,1.356604814529419,-0.9890182614326477,-2.953312397003174,0.0,0.0,0.0,4.470348358154297e-08,0.0,0.6000000238418579,1.4901161193847656e-08,0.056000083684921265,0.6000000238418579,-1.4901161193847656e-08,-0.055999964475631714,0.6000000238418579,2.713209629058838,1.1324882507324219e-06,-5.9066243171691895,0.0,0.0,0.0,-3.129243850708008e-07,-2.6404669029034267e-07,-1.341104507446289e-07,33.83513259887695,33.83513259887695,54.16705322265625,54.16705322265625,0.11794667690992355,0.11794667690992355,0.3599705994129181,0.3599705994129181,0.5220827460289001,0.5220827460289001,0.0,0.0,-1.3752729892730713,-1.3752729892730713,-1.977705478668213,-1.977705478668213,0.6273742318153381,0.6273742318153381,0.0,0.0,-0.0813668966293335,-0.0813668966293335,0.5460072755813599,0.5460072755813599,0.6875313520431519,0.6875313520431519,-0.3196948766708374,-0.3196948766708374,-0.13110613822937012,-0.13110613822937012,-85.24230194091797,-85.24230194091797,-55.32205581665039,-55.32205581665039,-40.48560333251953,-40.48560333251953,24.135456085205078,24.135456085205078,0.0,0.0,180.0
177,0.7375,-0.16167769145697194,12.50587030874226,102.12447073034865,-0.16167769145697194,12.50587030874226,102.12447073034865,5.0,-5.0,0.0,0.0,15.0,0,0.5,0.0,0.0,4.0,4.0,4.0,12.50586986541748,12.505867004394531,12.50586986541748,12.50586986541748,-0.1211763471364975,-0.12051628530025482,7.40586519241333,7.643869876861572,0.1659906804561615,0.1659906804561615,0.0,0.0,nan,nan,23.041179656982422,23.041179656982422,46.082359313964844,0.0,-3.539578437805176,0.6645023226737976,0.0,0.0,0.0,0.6645023226737976,0.0,-3.539578437805176,0.0,0.0,0.0,1.5298748016357422,0.869857668876648,-3.142134666442871,0.0,0.0,0.0,0.0,-3.539578437805176,0.6645023226737976,0.0,0.0,0.0,0.6645023226737976,0.0,-3.539578437805176,-0.0,-0.0,-0.0,1.5298746824264526,-0.8698567748069763,-3.14213490486145,0.0,0.0,0.0,4.470348358154297e-08,0.0,0.6000000238418579,-1.4901161193847656e-08,0.05600005388259888,0.6000000238418579,-4.470348358154297e-08,-0.05599990487098694,0.5999999642372131,3.0597496032714844,8.940696716308594e-07,-6.284269332885742,0.0,0.0,0.0,-5.066394805908203e-07,-5.594022240984486e-07,-2.1606683731079102e-07,34.208213806152344,34.208213806152344,54.62337875366211,54.62337875366211,0.11794667690992355,0.11794667690992355,0.34582775831222534,0.34582775831222534,0.5362256169319153,0.5362256169319153,0.0,0.0,-1.8551560640335083,-1.8551560640335083,-1.684422254562378,-1.684422254562378,0.7470517754554749,0.7470517754554749,0.0,0.0,-0.08254943788051605,-0.08254943788051605,0.6645023226737976,0.6645023226737976,0.6875313520431519,0.6875313520431519,-0.3426550030708313,-0.3426550030708313,-0.13647718727588654,-0.13647718727588654,-88.6827163696289,-88.6827163696289,-57.395782470703125,-57.395782470703125,-42.52003479003906,-42.52003479003906,24.51056671142578,24.51056671142578,0.0,0.0,180.0
178,0.7416666666666667,-0.10877939663585084,12.862103174726668,68.71101515424246,-0.10877939663585084,12.862103174726668,68.71101515424246,5.0,-5.0,0.0,0.0,15.0,0,0.5,0.0,0.0,4.0,4.0,4.0,12.862103462219238,12.862100601196289,12.862103462219238,12.862103462219238,-0.06859129667282104,-0.06784234195947647,7.056676387786865,7.324594020843506,0.1707189679145813,0.1707189679145813,0.0,0.0,nan,nan,24.241369247436523,24.241369247436523,48.48273849487305,0.0,-3.659621238708496,0.7724611759185791,0.0,0.0,0.0,0.7724611759185791,0.0,-3.659621238708496,0.0,0.0,0.0,1.6752947568893433,0.7105360627174377,-3.267728567123413,0.0,0.0,0.0,0.0,-3.659621238708496,0.7724611759185791,0.0,0.0,0.0,0.7724611759185791,0.0,-3.659621238708496,-0.0,-0.0,-0.0,1.6752946376800537,-0.7105352282524109,-3.267728805541992,0.0,0.0,0.0,4.470348358154297e-08,0.0,0.6000000238418579,0.0,0.05600005388259888,0.6000000238418579,-7.450580596923828e-08,-0.05599990487098694,0.5999999642372131,3.3505892753601074,8.344650268554688e-07,-6.535457611083984,0.0,0.0,0.0,-5.21540641784668e-07,-6.35477817922947e-07,-2.0116567611694336e-07,34.464237213134766,34.4642333984375,54.927406311035156,54.92740249633789,0.11794667690992355,0.11794667690992355,0.33168351650238037,0.33168351650238037,0.5503698587417603,0.5503698587417603,0.0,0.0,-2.2834019660949707,-2.2834019660949707,-1.3762192726135254,-1.3762192726135254,0.8559087514877319,0.8559087514877319,0.0,0.0,-0.08344756811857224,-0.08344756811857224,0.7724611759185791,0.7724611759185791,0.6875313520431519,0.6875313520431519,-0.3630954921245575,-0.3630954921245575,-0.13871921598911285,-0.13871921598911285,-91.17183685302734,-91.17183685302734,-58.920772552490234,-58.920772552490234,-44.004371643066406,-44.004371643066406,24.781476974487305,24.781476974487305,0.0,0.0,180.0
179,0.7458333333333333,-0.05468929198163699,13.077416146760635,34.54474731740322,-0.05468929198163699,13.077416146760635,34.54474731740322,5.0,-5.0,0.0,0.0,15.0,0,0.5,0.0,0.0,4.0,4.0,4.0,13.077411651611328,13.077411651611328,13.07741641998291,13.07741641998291,-0.01527581736445427,-0.014446042478084564,6.626794815063477,6.921618461608887,0.17357681691646576,0.17357681691646576,0.0,0.0,nan,nan,24.776870727539062,24.776870727539062,49.553741455078125,0.0,-3.704998016357422,0.8617952466011047,0.0,0.0,0.0,0.8617952466011047,0.0,-3.704998016357422,0.0,0.0,0.0,1.7817952632904053,0.5217998623847961,-3.320034980773926,0.0,0.0,0.0,0.0,-3.704998016357422,0.8617952466011047,0.0,0.0,0.0,0.8617952466011047,0.0,-3.704998016357422,-0.0,-0.0,-0.0,1.7817955017089844,-0.5217990279197693,-3.320034980773926,0.0,0.0,0.0,4.470348358154297e-08,0.0,0.6000000238418579,-1.341104507446289e-07,0.05600005388259888,0.5999999642372131,-8.940696716308594e-08,-0.055999934673309326,0.6000000238418579,3.5635907649993896,8.344650268554688e-07,-6.640069961547852,0.0,0.0,0.0,-3.5762786865234375e-07,-1.1451231785031268e-06,-2.3096799850463867e-07,34.61635208129883,34.61635971069336,55.10426712036133,55.10426712036133,0.11794667690992355,0.11794667690992355,0.33168351650238037,0.33168351650238037,0.5503698587417603,0.5503698587417603,0.0,0.0,-2.64949369430542,-2.64949369430542,-1.055504560470581,-1.055504560470581,0.9458039402961731,0.9458039402961731,0.0,0.0,-0.08400866389274597,-0.08400866389274597,0.8617952466011047,0.8617952466011047,0.6875313520431519,0.6875313520431519,-0.38083311915397644,-0.38083311915397644,-0.137848362326622,-0.137848362326622,-92.68999481201172,-92.68999481201172,-59.88494110107422,-59.88494110107422,-44.926971435546875,-44.926971435546875,24.945220947265625,24.945220947265625,0.0,0.0,180.0
180,0.75,-3.844411231883371e-16,13.149450210865439,2.428340352882782e-13,-3.844411231883371e-16,13.149450210865439,2.428340352882782e-13,5.0,-5.0,0.0,0.0,15.0,0,0.5,0.0,0.0,4.0,4.0,4.0,13.14945125579834,13.14944839477539,13.149450302124023,13.149450302124023,0.03785882517695427,0.03876300901174545,6.0684919357299805,6.385886192321777,0.1745329201221466,0.1745329201221466,0.0,0.0,nan,nan,22.978927612304688,22.978927612304688,45.957855224609375,0.0,-3.19177508354187,0.9701002836227417,0.0,0.0,0.0,0.9701002836227417,0.0,-3.19177508354187,0.0,0.0,0.0,1.760039210319519,0.27611708641052246,-2.820380210876465,0.0,0.0,0.0,0.0,-3.19177508354187,0.9701002836227417,0.0,0.0,0.0,0.9701002836227417,0.0,-3.19177508354187,-0.0,-0.0,-0.0,1.760039210319519,-0.27611640095710754,-2.820380210876465,0.0,0.0,0.0,4.470348358154297e-08,0.0,0.6000000238418579,0.0,0.05600005388259888,0.6000000238418579,-5.960464477539063e-08,-0.055999934673309326,0.6000000238418579,3.520078420639038,6.854534149169922e-07,-5.64076042175293,0.0,0.0,0.0,-3.427267074584961e-07,-4.2026937308037304e-07,-1.9371509552001953e-07,34.67287063598633,34.67287063598633,55.16856002807617,55.16856002807617,0.11794667690992355,0.11794667690992355,0.33168351650238037,0.33168351650238037,0.5503698587417603,0.5503698587417603,0.0,0.0,-3.19177508354187,-3.19177508354187,-3.206854244568809e-15,-3.206854244568809e-15,1.0542998313903809,1.0542998313903809,0.0,0.0,-0.08419948071241379,-0.08419948071241379,0.9701002836227417,0.9701002836227417,0.6875313520431519,0.6875313520431519,-0.4086047410964966,-0.4086047410964966,-0.14680534601211548,-0.14680534601211548,-93.22547149658203,-93.22547149658203,-60.28449249267578,-60.28449249267578,-45.28449249267578,-45.28449249267578,25.0,25.0,0.0,0.0,180.0
181,0.7541666666666667,0.054689291981636225,13.077416146760639,-34.54474731740274,0.054689291981636225,13.077416146760639,-34.54474731740274,5.0,-5.0,0.0,0.0,15.0,0,0.5,0.0,0.0,4.0,4.0,4.0,13.077413558959961,13.077415466308594,13.077417373657227,13.07741641998291,0.09119296073913574,0.09215692430734634,5.542169094085693,5.880609512329102,0.17357681691646576,0.17357681691646576,0.0,0.0,nan,nan,23.661972045898438,23.661972045898438,47.323944091796875,0.0,-3.5482778549194336,0.959634006023407,0.0,0.0,0.0,0.959634006023407,0.0,-3.5482778549194336,0.0,0.0,0.0,1.8448281288146973,0.11326973885297775,-3.177255630493164,0.0,0.0,0.0,0.0,-3.5482778549194336,0.959634006023407,0.0,0.0,0.0,0.959634006023407,0.0,-3.5482778549194336,-0.0,-0.0,-0.0,1.8448281288146973,-0.11326901614665985,-3.177255630493164,0.0,0.0,0.0,4.470348358154297e-08,0.0,0.6000000238418579,-1.2665987014770508e-07,0.05600002408027649,0.5999999642372131,-1.4901161193847656e-08,-0.055999964475631714,0.6000000238418579,3.6896562576293945,7.227063179016113e-07,-6.354511260986328,0.0,0.0,0.0,-1.9371509552001953e-07,-8.438047416348127e-07,-1.2665987014770508e-07,34.63703918457031,34.63703918457031,55.12528610229492,55.12528610229492,0.11794667690992355,0.11794667690992355,0.33168351650238037,0.33168351650238037,0.5503698587417603,0.5503698587417603,0.0,0.0,-3.162571907043457,-3.162571907043457,-0.3857057988643646,-0.3857057988643646,1.0436427593231201,1.0436427593231201,0.0,0.0,-0.08400866389274597,-0.08400866389274597,0.959634006023407,0.959634006023407,0.6875313520431519,0.6875313520431519,-0.4075804352760315,-0.4075804352760315,-0.12696640193462372,-0.12696640193462372,-92.77405548095703,-92.77405548095703,-60.105342864990234,-60.105342864990234,-45.06331253051758,-45.06331253051758,24.945220947265625,24.945220947265625,0.0,0.0,180.0
182,0.7583333333333333,0.1087793966358501,12.862103174726672,-68.71101515424198,0.1087793966358501,12.862103174726672,-68.71101515424198,5.0,-5.0,0.0,0.0,15.0,0,0.5,0.0,0.0,4.0,4.0,4.0,12.862104415893555,12.862102508544922,12.862103462219238,12.862103462219238,0.14317482709884644,0.1441907435655594,4.898515224456787,5.253173828125,0.1707189679145813,0.1707189679145813,0.0,0.0,nan,nan,22.019763946533203,22.019763946533203,44.039527893066406,0.0,-3.340590000152588,0.9608744978904724,0.0,0.0,0.0,0.9608744978904724,0.0,-3.340590000152588,0.0,0.0,0.0,1.792528510093689,-0.07402873039245605,-2.9772777557373047,0.0,0.0,0.0,0.0,-3.340590000152588,0.9608744978904724,0.0,0.0,0.0,0.9608744978904724,0.0,-3.340590000152588,-0.0,-0.0,-0.0,1.7925286293029785,0.07402940839529037,-2.9772777557373047,0.0,0.0,0.0,4.470348358154297e-08,0.0,0.6000000238418579,-8.940696716308594e-08,0.05600005388259888,0.5999999642372131,1.4901161193847656e-08,-0.055999964475631714,0.6000000238418579,3.585057258605957,6.780028343200684e-07,-5.954555511474609,0.0,0.0,0.0,-2.682209014892578e-07,-5.948568855274061e-07,-1.4901161193847656e-07,34.50687026977539,34.50687026977539,54.97015380859375,54.97015380859375,0.11794667690992355,0.11794667690992355,0.33168351650238037,0.33168351650238037,0.5503698587417603,0.5503698587417603,0.0,0.0,-3.2993273735046387,-3.2993273735046387,-0.04126247018575668,-0.04126247018575668,1.0443220138549805,1.0443220138549805,0.0,0.0,-0.08344756811857224,-0.08344756811857224,0.9608744978904724,0.9608744978904724,0.6875313520431519,0.6875313520431519,-0.4163326621055603,-0.4163326621055603,-0.11711011826992035,-0.11711011826992035,-91.33904266357422,-91.33904266357422,-59.35974884033203,-59.35974884033203,-44.276145935058594,-44.276145935058594,24.781476974487305,24.781476974487305,0.0,0.0,180.0
183,0.7625,0.16167769145697122,12.505870308742267,-102.1244707303482,0.16167769145697122,12.505870308742267,-102.1244707303482,5.0,-5.0,0.0,0.0,15.0,0,0.5,0.0,0.0,4.0,4.0,4.0,12.505867004394531,12.505868911743164,12.50586986541748,12.50586986541748,0.1935575008392334,0.19461442530155182,4.1963043212890625,4.563189506530762,0.1659906804561615,0.1659906804561615,0.0,0.0,nan,nan,19.73407745361328,19.73407745361328,39.46815490722656,0.0,-3.0477731227874756,0.929520308971405,0.0,0.0,0.0,0.929520308971405,0.0,-3.0477731227874756,0.0,0.0,0.0,1.6844470500946045,-0.22855328023433685,-2.695056676864624,0.0,0.0,0.0,0.0,-3.0477731227874756,0.929520308971405,0.0,0.0,0.0,0.929520308971405,0.0,-3.0477731227874756,-0.0,-0.0,-0.0,1.6844474077224731,0.2285538911819458,-2.695056438446045,0.0,0.0,0.0,4.470348358154297e-08,0.0,0.6000000238418579,-1.341104507446289e-07,0.05600002408027649,0.5999999642372131,-1.4901161193847656e-08,-0.05599990487098694,0.5999999642372131,3.368894577026367,6.109476089477539e-07,-5.39011287689209,0.0,0.0,0.0,-3.2782554626464844e-07,-8.433532912022201e-07,-1.564621925354004e-07,34.27505874633789,34.275062561035156,54.68935775756836,54.689361572265625,0.11794667690992355,0.11794667690992355,0.34582775831222534,0.34582775831222534,0.5362256169319153,0.5362256169319153,0.0,0.0,-3.3539724349975586,-3.3539724349975586,0.3061996400356293,0.3061996400356293,1.0120697021484375,1.0120697021484375,0.0,0.0,-0.08254943788051605,-0.08254943788051605,0.929520308971405,0.929520308971405,0.6875313520431519,0.6875313520431519,-0.42186641693115234,-0.42186641693115234,-0.10444542020559311,-0.10444542020559311,-88.93122863769531,-88.93122863769531,-58.04961395263672,-58.04961395263672,-42.925357818603516,-42.925357818603516,24.51056671142578,24.51056671142578,0.0,0.0,180.0
184,0.7666666666666666,0.21280461165725773,12.012620510633672,-134.41902923421327,0.21280461165725773,12.012620510633672,-134.41902923421327,5.0,-5.0,0.0,0.0,15.0,0,0.5,0.0,0.0,4.0,4.0,4.0,12.012622833251953,12.01262092590332,12.01262092590332,12.01262092590332,0.24178996682167053,0.24287661910057068,3.443376064300537,3.818385124206543,0.15944376587867737,0.15944376587867737,0.0,0.0,nan,nan,16.918792724609375,16.918792724609375,33.83758544921875,0.0,-2.6744585037231445,0.8680248260498047,0.0,0.0,0.0,0.8680248260498047,0.0,-2.6744585037231445,0.0,0.0,0.0,1.5251439809799194,-0.3365868926048279,-2.338127613067627,0.0,0.0,0.0,0.0,-2.6744585037231445,0.8680248260498047,0.0,0.0,0.0,0.8680248260498047,0.0,-2.6744585037231445,-0.0,-0.0,-0.0,1.5251439809799194,0.33658748865127563,-2.338127374649048,0.0,0.0,0.0,4.470348358154297e-08,0.0,0.6000000238418579,-1.4901161193847656e-08,0.05600005388259888,0.5999999642372131,-8.940696716308594e-08,-0.055999964475631714,0.6000000238418579,3.050287961959839,5.960464477539062e-07,-4.676255226135254,0.0,0.0,0.0,-2.5331974029541016e-07,-5.43836222277605e-07,-1.564621925354004e-07,33.929054260253906,33.929054260253906,54.25863265991211,54.25863265991211,0.11794667690992355,0.11794667690992355,0.34582775831222534,0.34582775831222534,0.5362256169319153,0.5362256169319153,0.0,0.0,-3.3283002376556396,-3.3283002376556396,0.6538419723510742,0.6538419723510742,0.9493916630744934,0.9493916630744934,0.0,0.0,-0.0813668966293335,-0.0813668966293335,0.8680248260498047,0.8680248260498047,0.6875313520431519,0.6875313520431519,-0.4241059124469757,-0.4241059124469757,-0.08909580856561661,-0.08909580856561661,-85.56938934326172,-85.56938934326172,-56.185123443603516,-56.185123443603516,-41.021575927734375,-41.021575927734375,24.135456085205078,24.135456085205078,0.0,0.0,180.0
185,0.7708333333333334,0.2615999999999994,11.387757928408123,-165.24086472479806,0.2615999999999994,11.387757928408123,-165.24086472479806,5.0,-5.0,0.0,0.0,15.0,0,0.5,0.0,0.0,4.0,4.0,4.0,11.38775634765625,11.387758255004883,11.387758255004883,11.387758255004883,0.2873462736606598,0.2884508967399597,2.648386240005493,3.0273144245147705,0.1511499434709549,0.1511499434709549,0.0,0.0,nan,nan,13.72516918182373,13.72516918182373,27.45033836364746,0.0,-2.228184700012207,0.7810051441192627,0.0,0.0,0.0,0.7810051441192627,0.0,-2.228184700012207,0.0,0.0,0.0,1.3222825527191162,-0.38790759444236755,-1.917256474494934,0.0,0.0,0.0,0.0,-2.228184700012207,0.7810051441192627,0.0,0.0,0.0,0.7810051441192627,0.0,-2.228184700012207,-0.0,-0.0,-0.0,1.3222825527191162,0.38790807127952576,-1.917256474494934,0.0,0.0,0.0,4.470348358154297e-08,0.0,0.6000000238418579,-1.2665987014770508e-07,0.05600002408027649,0.5999999642372131,2.9802322387695312e-08,-0.055999964475631714,0.6000000238418579,2.6445651054382324,4.76837158203125e-07,-3.834512948989868,0.0,0.0,0.0,-1.4156103134155273e-07,-4.3593101395345e-07,-2.2351741790771484e-08,33.45112609863281,33.45112228393555,53.641597747802734,53.641597747802734,0.11794667690992355,0.11794667690992355,0.3599705994129181,0.3599705994129181,0.5220827460289001,0.5220827460289001,0.0,0.0,-3.226665496826172,-3.226665496826172,0.998481035232544,0.998481035232544,0.8609734773635864,0.8609734773635864,0.0,0.0,-0.07996834814548492,-0.07996834814548492,0.7810051441192627,0.7810051441192627,0.6875313520431519,0.6875313520431519,-0.42299923300743103,-0.42299923300743103,-0.07120217382907867,-0.07120217382907867,-81.2807846069336,-81.2807846069336,-53.78126907348633,-53.78126907348633,-38.580223083496094,-38.580223083496094,23.660253524780273,23.660253524780273,0.0,0.0,180.0
186,0.775,0.3075292439994216,10.638128687277382,-194.25228672258396,0.3075292439994216,10.638128687277382,-194.25228672258396,5.0,-5.0,0.0,0.0,15.0,0,0.5,0.0,0.0,4.0,4.0,4.0,10.638126373291016,10.638126373291016,10.638128280639648,10.638128280639648,0.32973089814186096,0.3308415710926056,1.8206133842468262,2.199239730834961,0.14120009541511536,0.14120009541511536,0.0,0.0,nan,nan,10.33301830291748,10.33301830291748,20.66603660583496,0.0,-1.7190345525741577,0.6747884750366211,0.0,0.0,0.0,0.6747884750366211,0.0,-1.7190345525741577,0.0,0.0,0.0,1.0859016180038452,-0.376674085855484,-1.4454596042633057,0.0,0.0,0.0,0.0,-1.7190345525741577,0.6747884750366211,0.0,0.0,0.0,0.6747884750366211,0.0,-1.7190345525741577,-0.0,-0.0,-0.0,1.0859016180038452,0.3766743838787079,-1.4454596042633057,0.0,0.0,0.0,4.470348358154297e-08,0.0,0.6000000238418579,-1.043081283569336e-07,0.05600002408027649,0.5999999642372131,0.0,-0.055999934673309326,0.6000000238418579,2.1718032360076904,2.980232238769531e-07,-2.8909192085266113,0.0,0.0,0.0,-1.564621925354004e-07,-3.447321432759054e-07,-5.960464477539063e-08,32.81843185424805,32.81843185424805,52.78731918334961,52.78731918334961,0.11794667690992355,0.11794667690992355,0.3882598280906677,0.3882598280906677,0.4937935173511505,0.4937935173511505,0.0,0.0,-3.0555949211120605,-3.0555949211120605,1.3365604877471924,1.3365604877471924,0.7532216906547546,0.7532216906547546,0.0,0.0,-0.07843320816755295,-0.07843320816755295,0.6747884750366211,0.6747884750366211,0.6875313520431519,0.6875313520431519,-0.4185221195220947,-0.4185221195220947,-0.05092410370707512,-0.05092410370707512,-76.1016845703125,-76.1016845703125,-50.858245849609375,-50.858245849609375,-35.62189865112305,-35.62189865112305,23.09016990661621,23.09016990661621,0.0,0.0,180.0
187,0.7791666666666667,0.35008913324695456,9.771945882077283,-221.13544001713288,0.35008913324695456,9.771945882077283,-221.13544001713288,5.0,-5.0,0.0,0.0,15.0,0,0.5,0.0,0.0,4.0,4.0,4.0,9.77194595336914,9.771944046020508,9.77194595336914,9.77194595336914,0.36848390102386475,0.36958861351013184,0.9698535203933716,1.3439693450927734,0.12970323860645294,0.12970323860645294,0.0,0.0,nan,nan,6.938737392425537,6.938737392425537,13.877474784851074,0.0,-1.159053087234497,0.5568212866783142,0.0,0.0,0.0,0.5568212866783142,0.0,-1.159053087234497,0.0,0.0,0.0,0.8274807929992676,-0.30185675621032715,-0.9368094801902771,0.0,0.0,0.0,0.0,-1.159053087234497,0.5568212866783142,0.0,0.0,0.0,0.5568212866783142,0.0,-1.159053087234497,-0.0,-0.0,-0.0,0.8274807333946228,0.3018568754196167,-0.9368094205856323,0.0,0.0,0.0,4.470348358154297e-08,0.0,0.6000000238418579,-7.450580596923828e-08,0.05600005388259888,0.5999999642372131,-7.450580596923828e-08,-0.055999934673309326,0.6000000238418579,1.6549615859985352,1.1920928955078125e-07,-1.8736188411712646,0.0,0.0,0.0,-1.341104507446289e-07,-2.726744696701644e-07,-1.0058283805847168e-07,32.003082275390625,32.003082275390625,51.626708984375,51.626705169677734,0.11794667690992355,0.11794667690992355,0.4165618121623993,0.4165618121623993,0.46549156308174133,0.46549156308174133,0.0,0.0,-2.823221206665039,-2.823221206665039,1.6641682386398315,1.6641682386398315,0.6336681842803955,0.6336681842803955,0.0,0.0,-0.0768468976020813,-0.0768468976020813,0.5568212866783142,0.5568212866783142,0.6875313520431519,0.6875313520431519,-0.41068142652511597,-0.41068142652511597,-0.028441643342375755,-0.028441643342375755,-70.07818603515625,-70.07818603515625,-47.441864013671875,-47.441864013671875,-32.17280578613281,-32.17280578613281,22.431447982788086,22.431447982788086,0.0,0.0,180.0
188,0.7833333333333333,0.3888133726897728,8.798699592882002,-245.59578715528818,0.3888133726897728,8.798699592882002,-245.59578715528818,5.0,-5.0,0.0,0.0,15.0,0,0.5,0.0,0.0,4.0,4.0,4.0,8.798697471618652,8.798700332641602,8.798699378967285,8.798699378967285,0.4031856954097748,0.4042724668979645,0.10621678829193115,0.4716775417327881,0.11678532510995865,0.11678532510995865,0.0,0.0,nan,nan,3.7410473823547363,3.7410473823547363,7.482094764709473,0.0,-0.5614643096923828,0.4350121021270752,0.0,0.0,0.0,0.4350121021270752,0.0,-0.5614643096923828,0.0,0.0,0.0,0.5589218735694885,-0.16710157692432404,-0.40516796708106995,0.0,0.0,0.0,0.0,-0.5614643096923828,0.4350121021270752,0.0,0.0,0.0,0.4350121021270752,0.0,-0.5614643096923828,-0.0,-0.0,-0.0,0.5589218735694885,0.1671016812324524,-0.40516793727874756,0.0,0.0,0.0,4.470348358154297e-08,0.0,0.6000000238418579,-1.1920928955078125e-07,0.0559999942779541,0.5999999642372131,7.450580596923828e-08,-0.0559999942779541,0.6000000238418579,1.117843747138977,1.043081283569336e-07,-0.8103358745574951,0.0,0.0,0.0,-1.1175870895385742e-08,-8.765159975610004e-08,2.9802322387695312e-08,30.97215461730957,30.97215461730957,50.06764221191406,50.06764221191406,0.11794667690992355,0.11794667690992355,0.45904016494750977,0.45904016494750977,0.42301318049430847,0.42301318049430847,0.0,0.0,-2.5385632514953613,-2.5385632514953613,1.9770989418029785,1.9770989418029785,0.510308027267456,0.510308027267456,0.0,0.0,-0.07529588043689728,-0.07529588043689728,0.4350121021270752,0.4350121021270752,0.6875313520431519,0.6875313520431519,-0.39951926469802856,-0.39951926469802856,-0.003957314416766167,-0.003957314416766167,-63.26660919189453,-63.26660919189453,-43.56381607055664,-43.56381607055664,-28.265003204345703,-28.265003204345703,21.691307067871094,21.691307067871094,0.0,0.0,180.0
189,0.7875,0.4232776914569717,7.729052909700882,-267.3653354551469,0.4232776914569717,7.729052909700882,-267.3653354551469,5.0,-5.0,0.0,0.0,15.0,0,0.5,0.0,0.0,4.0,4.0,4.0,7.729053020477295,7.729052543640137,7.729052543640137,7.729053020477295,0.43346092104911804,0.43451786041259766,-0.7600602507591248,-0.4072924852371216,0.10258787870407104,0.10258787870407104,0.0,0.0,nan,nan,0.9259294271469116,0.9259294271469116,1.8518588542938232,0.0,0.06025876849889755,0.3170948326587677,0.0,0.0,0.0,0.3170948326587677,0.0,0.06025876849889755,0.0,0.0,0.0,0.2915695607662201,0.019905680790543556,0.13700810074806213,0.0,0.0,0.0,0.0,0.06025876849889755,0.3170948326587677,0.0,0.0,0.0,0.3170948326587677,0.0,0.06025876849889755,-0.0,-0.0,-0.0,0.2915695607662201,-0.01990569941699505,0.13700811564922333,0.0,0.0,0.0,4.470348358154297e-08,0.0,0.6000000238418579,-4.470348358154297e-08,0.05600005388259888,0.5999999642372131,-5.960464477539063e-08,-0.055999964475631714,0.5999999642372131,0.5831391215324402,-1.862645149230957e-08,0.27401620149612427,0.0,0.0,0.0,1.1175870895385742e-08,-8.217261537879494e-09,-2.60770320892334e-08,29.688247680664062,29.68825340270996,47.989009857177734,47.98902130126953,0.11794667690992355,0.11794667690992355,0.5015096664428711,0.5015096664428711,0.38054367899894714,0.38054367899894714,0.0,0.0,-2.2106995582580566,-2.2106995582580566,2.270958185195923,2.270958185195923,0.3909580409526825,0.3909580409526825,0.0,0.0,-0.07386322319507599,-0.07386322319507599,0.3170948326587677,0.3170948326587677,0.6875313520431519,0.6875313520431519,-0.3851169943809509,-0.3851169943809509,0.02230161242187023,0.02230161242187023,-55.73393630981445,-55.73393630981445,-39.261966705322266,-39.261966705322266,-23.936664581298828,-23.936664581298828,20.877853393554688,20.877853393554688,0.0,0.0,180.0
190,0.7916666666666666,0.4531044912600178,6.574725105432742,-286.20557318996646,0.4531044912600178,6.574725105432742,-286.20557318996646,5.0,-5.0,0.0,0.0,15.0,0,0.5,0.0,0.0,4.0,4.0,4.0,6.574724197387695,6.5747246742248535,6.574725151062012,6.574725151062012,0.45898184180259705,0.4599974751472473,-1.6188337802886963,-1.2826377153396606,0.0872664600610733,0.0872664600610733,0.0,0.0,nan,nan,-1.3474327325820923,-1.3474327325820923,-2.6948654651641846,0.0,0.6934417486190796,0.2100943773984909,0.0,0.0,0.0,0.2100943773984909,0.0,0.6934417486190796,0.0,0.0,0.0,0.03537857159972191,0.24848680198192596,0.6797086000442505,0.0,0.0,0.0,0.0,0.6934417486190796,0.2100943773984909,0.0,0.0,0.0,0.2100943773984909,0.0,0.6934417486190796,-0.0,-0.0,-0.0,0.03537857532501221,-0.24848689138889313,0.6797085404396057,0.0,0.0,0.0,4.470348358154297e-08,0.0,0.6000000238418579,-9.685754776000977e-08,0.05600002408027649,0.5999999642372131,-8.940696716308594e-08,-0.055999934673309326,0.6000000238418579,0.07075715065002441,-8.940696716308594e-08,1.359417200088501,0.0,0.0,0.0,7.82310962677002e-08,1.85267538199696e-07,-4.889443516731262e-09,28.110885620117188,28.110885620117188,45.23462677001953,45.23462677001953,0.11794667690992355,0.11794667690992355,0.5859286785125732,0.5859286785125732,0.296124666929245,0.296124666929245,0.0,0.0,-1.8478643894195557,-1.8478643894195557,2.541306257247925,2.541306257247925,0.2827192544937134,0.2827192544937134,0.0,0.0,-0.07262490689754486,-0.07262490689754486,0.2100943773984909,0.2100943773984909,0.6875313520431519,0.6875313520431519,-0.3675980567932129,-0.3675980567932129,0.05008181929588318,0.05008181929588318,-47.5577392578125,-47.5577392578125,-34.5803108215332,-34.5803108215332,-19.232088088989258,-19.232088088989258,20.0,20.0,0.0,0.0,180.0
191,0.7958333333333333,0.4779669834386085,5.348363237059798,-301.91008277255,0.4779669834386085,5.348363237059798,-301.91008277255,5.0,-5.0,0.0,0.0,15.0,0,0.5,0.0,0.0,4.0,4.0,4.0,5.348362922668457,5.348362445831299,5.348363399505615,5.348363399505615,0.47947171330451965,0.4804348647594452,-2.460256338119507,-2.1443209648132324,0.07098893821239471,0.07098893821239471,0.0,0.0,nan,nan,-2.957315444946289,-2.957315444946289,-5.914630889892578,0.0,1.3272591829299927,0.11998675763607025,0.0,0.0,0.0,0.11998675763607025,0.0,1.3272591829299927,0.0,0.0,0.0,-0.2016494870185852,0.506264865398407,1.216160774230957,0.0,0.0,0.0,0.0,1.3272591829299927,0.11998675763607025,0.0,0.0,0.0,0.11998675763607025,0.0,1.3272591829299927,-0.0,-0.0,-0.0,-0.20164936780929565,-0.5062651634216309,1.216160774230957,0.0,0.0,0.0,4.470348358154297e-08,0.0,0.6000000238418579,-6.705522537231445e-08,0.0559999942779541,0.6000000238418579,-3.725290298461914e-08,-0.055999934673309326,0.6000000238418579,-0.40329885482788086,-2.980232238769531e-07,2.432321548461914,0.0,0.0,0.0,7.450580596923828e-08,2.3558871475870546e-07,3.725290298461914e-09,26.19974136352539,26.199739456176758,41.61005401611328,41.61005401611328,0.11794667690992355,0.11794667690992355,0.6943473815917969,0.6943473815917969,0.18770600855350494,0.18770600855350494,0.0,0.0,-1.4565637111663818,-1.4565637111663818,2.783823013305664,2.783823013305664,0.19163408875465393,0.19163408875465393,0.0,0.0,-0.07164733111858368,-0.07164733111858368,0.11998675763607025,0.11998675763607025,0.6875313520431519,0.6875313520431519,-0.3471300005912781,-0.3471300005912781,0.07910328358411789,0.07910328358411789,-38.82585906982422,-38.82585906982422,-29.568832397460938,-29.568832397460938,-14.201499938964844,-14.201499938964844,19.067367553710938,19.067367553710938,0.0,0.0,180.0
192,0.8,0.4975927693256242,4.063403581844667,-314.306802309531,0.4975927693256242,4.063403581844667,-314.306802309531,5.0,-5.0,0.0,0.0,15.0,0,0.5,0.0,0.0,4.0,4.0,4.0,4.063404083251953,4.063401699066162,4.063403606414795,4.063403606414795,0.4947068691253662,0.49560707807540894,-3.2749717235565186,-2.9827632904052734,0.05393363907933235,0.05393363907933235,0.0,0.0,nan,nan,-3.8247807025909424,-3.8247807025909424,-7.649561405181885,0.0,1.9536712169647217,0.051612477749586105,0.0,0.0,0.0,0.051612477749586105,0.0,1.9536712169647217,0.0,0.0,0.0,-0.41368845105171204,0.7804991602897644,1.7433239221572876,0.0,0.0,0.0,0.0,1.9536712169647217,0.051612477749586105,0.0,0.0,0.0,0.051612477749586105,0.0,1.9536712169647217,-0.0,-0.0,-0.0,-0.4136883020401001,-0.7804991602897644,1.743323802947998,0.0,0.0,0.0,4.470348358154297e-08,0.0,0.6000000238418579,2.2351741790771484e-08,0.05600005388259888,0.6000000238418579,-4.470348358154297e-08,-0.055999964475631714,0.6000000238418579,-0.8273767232894897,0.0,3.486647605895996,0.0,0.0,0.0,1.6391277313232422e-07,1.9483161395328352e-07,9.872019290924072e-08,23.921432495117188,23.921432495117188,36.89210510253906,36.89210510253906,0.11794667690992355,0.11794667690992355,0.8524252772331238,0.8524252772331238,0.029628142714500427,0.029628142714500427,0.0,0.0,-1.0408191680908203,-1.0408191680908203,2.994490623474121,2.994490623474121,0.12259799987077713,0.12259799987077713,0.0,0.0,-0.07098551839590073,-0.07098551839590073,0.051612477749586105,0.051612477749586105,0.6875313520431519,0.6875313520431519,-0.3239253759384155,-0.3239253759384155,0.10905972868204117,0.10905972868204117,-29.635650634765625,-29.635650634765625,-24.283130645751953,-24.283130645751953,-8.900716781616211,-8.900716781616211,18.090171813964844,18.090171813964844,0.0,0.0,180.0
193,0.8041666666666667,0.5117668247039271,2.733924426664978,-323.25991074748185,0.5117668247039271,2.733924426664978,-323.25991074748185,5.0,-5.0,0.0,0.0,15.0,0,0.5,0.0,0.0,4.0,4.0,4.0,2.7339236736297607,2.7339231967926025,2.733924388885498,2.733924388885498,0.5045189261436462,0.5053463578224182,-4.054283618927002,-3.7890141010284424,0.03628743439912796,0.03628743439912796,0.0,0.0,nan,nan,-3.9124815464019775,-3.9124815464019775,-7.824963092803955,0.0,2.5680761337280273,0.008859370835125446,0.0,0.0,0.0,0.008859370835125446,0.0,2.5680761337280273,0.0,0.0,0.0,-0.5969381332397461,1.059220552444458,2.2620365619659424,0.0,0.0,0.0,0.0,2.5680761337280273,0.008859370835125446,0.0,0.0,0.0,0.008859370835125446,0.0,2.5680761337280273,-0.0,-0.0,-0.0,-0.5969380140304565,-1.0592212677001953,2.2620363235473633,0.0,0.0,0.0,4.470348358154297e-08,0.0,0.6000000238418579,-8.940696716308594e-08,0.05600002408027649,0.5999999642372131,-6.705522537231445e-08,-0.055999964475631714,0.6000000238418579,-1.1938761472702026,-7.152557373046875e-07,4.524072647094727,0.0,0.0,0.0,2.086162567138672e-07,5.917453336223844e-07,1.862645149230957e-08,21.262304306030273,21.262296676635742,30.87116050720215,30.87116050720215,0.11794667690992355,0.11794667690992355,0.8820533156394958,0.8820533156394958,0.0,0.0,0.0,0.0,-0.6016952395439148,-0.6016952395439148,3.169771671295166,3.169771671295166,0.0795416608452797,0.0795416608452797,0.0,0.0,-0.07068228721618652,-0.07068228721618652,0.008859370835125446,0.008859370835125446,0.6875313520431519,0.6875313520431519,-0.2982402741909027,-0.2982402741909027,0.1396210938692093,0.1396210938692093,-20.09270668029785,-20.09270668029785,-18.7836856842041,-18.7836856842041,-3.390378713607788,-3.390378713607788,17.079116821289062,17.079116821289062,0.0,0.0,180.0
194,0.8083333333333333,0.5203338556566807,1.374491823356281,-328.6713159567981,0.5203338556566807,1.374491823356281,-328.6713159567981,5.0,-5.0,0.0,0.0,15.0,0,0.5,0.0,0.0,4.0,4.0,4.0,1.374491810798645,1.374491810798645,1.3744919300079346,1.3744919300079346,0.5087963938713074,0.5095419883728027,-4.790268421173096,-4.554867267608643,0.018243659287691116,0.018243659287691116,0.0,0.0,nan,nan,-3.2174181938171387,-3.2174181938171387,-6.434836387634277,0.0,3.1694860458374023,-0.0049437955021858215,0.0,0.0,0.0,-0.0049437955021858215,0.0,3.1694860458374023,0.0,0.0,0.0,-0.7491441965103149,1.331964135169983,2.7767465114593506,0.0,0.0,0.0,0.0,3.1694860458374023,-0.0049437955021858215,0.0,0.0,0.0,-0.0049437955021858215,0.0,3.1694860458374023,-0.0,-0.0,-0.0,-0.7491441965103149,-1.3319644927978516,2.7767465114593506,0.0,0.0,0.0,4.470348358154297e-08,0.0,0.6000000238418579,-3.725290298461914e-08,0.05600002408027649,0.5999999642372131,-1.4901161193847656e-08,-0.055999964475631714,0.6000000238418579,-1.4982883930206299,-3.5762786865234375e-07,5.553493022918701,0.0,0.0,0.0,2.5331974029541016e-07,4.3773155766757554e-07,1.4901161193847656e-08,18.250926971435547,18.250926971435547,23.46627426147461,23.46627426147461,0.11794667690992355,0.11794667690992355,0.8820533156394958,0.8820533156394958,0.0,0.0,0.0,0.0,-0.13728201389312744,-0.13728201389312744,3.3067679405212402,3.3067679405212402,0.06582416594028473,0.06582416594028473,0.0,0.0,-0.07076795399188995,-0.07076795399188995,-0.0049437955021858215,-0.0049437955021858215,0.6875313520431519,0.6875313520431519,-0.2703714966773987,-0.2703714966773987,0.17043715715408325,0.17043715715408325,-10.309233665466309,-10.309233665466309,-13.134974479675293,-13.134974479675293,2.2649168968200684,2.2649168968200684,16.045286178588867,16.045286178588867,0.0,0.0,180.0
195,0.8125,0.5232,-1.2890884944089386e-14,-330.4817294495969,0.5232,-1.2890884944089386e-14,-330.4817294495969,5.0,-5.0,0.0,0.0,15.0,0,0.5,0.0,0.0,4.0,4.0,4.0,1.289088261591416e-14,1.2890880074815318e-14,1.2890885157013001e-14,1.2890885157013001e-14,0.507486879825592,0.5081425309181213,-5.475809097290039,-5.272894859313965,-1.711009862176137e-16,-1.711009862176137e-16,0.0,0.0,nan,nan,-1.7601532936096191,-1.7601532936096191,-3.5203065872192383,0.0,3.760092258453369,0.013430955819785595,0.0,0.0,0.0,0.013430955819785595,0.0,3.760092258453369,0.0,0.0,0.0,-0.868926465511322,1.5899357795715332,3.2947752475738525,0.0,0.0,0.0,0.0,3.760092258453369,0.013430955819785595,0.0,0.0,0.0,0.013430955819785595,0.0,3.760092258453369,-0.0,-0.0,-0.0,-0.8689263463020325,-1.589936375617981,3.2947750091552734,0.0,0.0,0.0,4.470348358154297e-08,0.0,0.6000000238418579,-1.4156103134155273e-07,0.05600002408027649,0.5999999642372131,-5.960464477539063e-08,-0.055999934673309326,0.6000000238418579,-1.7378528118133545,-5.960464477539062e-07,6.589550018310547,0.0,0.0,0.0,4.023313522338867e-07,1.0091636113429558e-06,-4.470348358154297e-08,14.99998950958252,14.99998950958252,14.999988555908203,14.999988555908203,1.0,1.0,0.0,0.0,0.0,0.0,0.0,0.0,0.35674142837524414,0.35674142837524414,3.403350830078125,3.403350830078125,0.08469101041555405,0.08469101041555405,0.0,0.0,-0.07126004993915558,-0.07126004993915558,0.013430955819785595,0.013430955819785595,0.6875313520431519,0.6875313520431519,-0.24065180122852325,-0.24065180122852325,0.20114286243915558,0.20114286243915558,-0.40209388732910156,-0.40209388732910156,-7.404346942901611,-7.404346942901611,7.997747898101807,7.997747898101807,15.000000953674316,15.000000953674316,0.0,0.0,180.0
196,0.8166666666666667,0.5203338556566807,-1.3744918233562602,-328.6713159567981,0.5203338556566807,-1.3744918233562602,-328.6713159567981,5.0,-5.0,0.0,0.0,15.0,0,0.5,0.0,0.0,4.0,4.0,4.0,1.374491810798645,1.374491810798645,1.3744919300079346,1.3744919300079346,0.5005970597267151,0.5011558532714844,-6.104563236236572,-5.936422348022461,-0.018243659287691116,-0.018243659287691116,0.0,0.0,nan,nan,0.42551466822624207,0.42551466822624207,0.8510293364524841,0.0,4.344228744506836,0.06742891669273376,0.0,0.0,0.0,0.06742891669273376,0.0,4.344228744506836,0.0,0.0,0.0,-0.9551313519477844,1.825645089149475,3.825129508972168,0.0,0.0,0.0,0.0,4.344228744506836,0.06742891669273376,0.0,0.0,0.0,0.06742891669273376,0.0,4.344228744506836,-0.0,-0.0,-0.0,-0.9551313519477844,-1.8256455659866333,3.825129270553589,0.0,0.0,0.0,4.470348358154297e-08,0.0,0.6000000238418579,-3.725290298461914e-08,0.05600002408027649,0.5999999642372131,-1.4901161193847656e-08,-0.055999964475631714,0.6000000238418579,-1.9102627038955688,-4.76837158203125e-07,7.650259017944336,0.0,0.0,0.0,3.5762786865234375e-07,5.984195468045073e-07,1.4901161193847656e-08,11.839410781860352,11.839410781860352,15.893213272094727,15.893213272094727,0.8820533156394958,0.8820533156394958,0.11794667690992355,0.11794667690992355,0.0,0.0,0.0,0.0,0.8859835267066956,0.8859835267066956,3.458245277404785,3.458245277404785,0.13959217071533203,0.13959217071533203,0.0,0.0,-0.07216325402259827,-0.07216325402259827,0.06742891669273376,0.06742891669273376,0.6875313520431519,0.6875313520431519,-0.20944349467754364,-0.20944349467754364,0.2313651740550995,0.2313651740550995,9.509451866149902,9.509451866149902,-1.6607481241226196,-1.6607481241226196,13.739143371582031,13.739143371582031,13.954715728759766,13.954715728759766,0.0,0.0,180.0
197,0.8208333333333333,0.5117668247039272,-2.7339244266649576,-323.25991074748197,0.5117668247039272,-2.7339244266649576,-323.25991074748197,5.0,-5.0,0.0,0.0,15.0,0,0.5,0.0,0.0,4.0,4.0,4.0,2.7339236736297607,2.7339231967926025,2.733924388885498,2.733924388885498,0.4881949722766876,0.4886508584022522,-6.670886039733887,-6.5394487380981445,-0.03628743439912796,-0.03628743439912796,0.0,0.0,nan,nan,3.2985029220581055,3.2985029220581055,6.597005844116211,0.0,4.926915168762207,0.16070625185966492,0.0,0.0,0.0,0.16070625185966492,0.0,4.926915168762207,0.0,0.0,0.0,-1.006427526473999,2.032140016555786,4.3769659996032715,0.0,0.0,0.0,0.0,4.926915168762207,0.16070625185966492,0.0,0.0,0.0,0.16070625185966492,0.0,4.926915168762207,-0.0,-0.0,-0.0,-1.00642728805542,-2.0321412086486816,4.376965522766113,0.0,0.0,0.0,4.470348358154297e-08,0.0,0.6000000238418579,-8.940696716308594e-08,0.05600002408027649,0.5999999642372131,-6.705522537231445e-08,-0.055999964475631714,0.6000000238418579,-2.012854814529419,-1.1920928955078125e-06,8.753931045532227,0.0,0.0,0.0,4.023313522338867e-07,1.1361486258465447e-06,2.9802322387695312e-08,9.949695587158203,9.949694633483887,16.791915893554688,16.791893005371094,0.8820533156394958,0.8820533156394958,0.11794667690992355,0.11794667690992355,0.0,0.0,0.0,0.0,1.4558489322662354,1.4558489322662354,3.471066474914551,3.471066474914551,0.23417508602142334,0.23417508602142334,0.0,0.0,-0.07346884906291962,-0.07346884906291962,0.16070625185966492,0.16070625185966492,0.6875313520431519,0.6875313520431519,-0.17713092267513275,-0.17713092267513275,0.26073044538497925,0.26073044538497925,19.30609130859375,19.30609130859375,4.026639938354492,4.026639938354492,19.419946670532227,19.419946670532227,12.920884132385254,12.920884132385254,0.0,0.0,180.0
198,0.825,0.4975927693256245,-4.063403581844646,-314.3068023095312,0.4975927693256245,-4.063403581844646,-314.3068023095312,5.0,-5.0,0.0,0.0,15.0,0,0.5,0.0,0.0,4.0,4.0,4.0,4.063404083251953,4.063401699066162,4.063403606414795,4.063403606414795,0.4704091548919678,0.470757395029068,-7.169713973999023,-7.076537609100342,-0.05393363907933235,-0.05393363907933235,0.0,0.0,nan,nan,6.810070991516113,6.810070991516113,13.620141983032227,0.0,5.5123138427734375,0.2967248558998108,0.0,0.0,0.0,0.2967248558998108,0.0,5.5123138427734375,0.0,0.0,0.0,-1.0212775468826294,2.202190399169922,4.95792293548584,0.0,0.0,0.0,0.0,5.5123138427734375,0.2967248558998108,0.0,0.0,0.0,0.2967248558998108,0.0,5.5123138427734375,-0.0,-0.0,-0.0,-1.0212771892547607,-2.202190399169922,4.957922458648682,0.0,0.0,0.0,4.470348358154297e-08,0.0,0.6000000238418579,2.2351741790771484e-08,0.05600005388259888,0.6000000238418579,-4.470348358154297e-08,-0.055999964475631714,0.6000000238418579,-2.0425548553466797,0.0,9.91584587097168,0.0,0.0,0.0,4.76837158203125e-07,5.54091059257189e-07,2.60770320892334e-07,10.287637710571289,10.287635803222656,17.6888484954834,17.6888484954834,0.8698575496673584,0.8698575496673584,0.1301424354314804,0.1301424354314804,0.0,0.0,0.0,0.0,2.070012092590332,2.070012092590332,3.4423022270202637,3.4423022270202637,0.371878981590271,0.371878981590271,0.0,0.0,-0.07515415549278259,-0.07515415549278259,0.2967248558998108,0.2967248558998108,0.6875313520431519,0.6875313520431519,-0.14411206543445587,-0.14411206543445587,0.28887301683425903,0.28887301683425903,28.870824813842773,28.870824813842773,9.589773178100586,9.589773178100586,24.972187042236328,24.972187042236328,11.909831047058105,11.909831047058105,0.0,0.0,180.0
199,0.8291666666666666,0.4779669834386096,-5.348363237059736,-301.9100827725507,0.4779669834386096,-5.348363237059736,-301.9100827725507,5.0,-5.0,0.0,0.0,15.0,0,0.5,0.0,0.0,4.0,4.0,4.0,5.348362922668457,5.348362445831299,5.348363399505615,5.348363399505615,0.44742870330810547,0.4476659595966339,-7.596513748168945,-7.542740345001221,-0.07098893821239471,-0.07098893821239471,0.0,0.0,nan,nan,10.898033142089844,10.898033142089844,21.796066284179688,0.0,6.102418422698975,0.4780232906341553,0.0,0.0,0.0,0.4780232906341553,0.0,6.102418422698975,0.0,0.0,0.0,-0.9982734322547913,2.327684164047241,5.572553634643555,0.0,0.0,0.0,0.0,6.102418422698975,0.4780232906341553,0.0,0.0,0.0,0.4780232906341553,0.0,6.102418422698975,-0.0,-0.0,-0.0,-0.9982727766036987,-2.327685594558716,5.5725531578063965,0.0,0.0,0.0,4.470348358154297e-08,0.0,0.6000000238418579,-6.705522537231445e-08,0.0559999942779541,0.6000000238418579,-3.725290298461914e-08,-0.055999934673309326,0.6000000238418579,-1.9965462684631348,-1.430511474609375e-06,11.14510726928711,0.0,0.0,0.0,3.5762786865234375e-07,1.07948767436028e-06,2.60770320892334e-08,11.774944305419922,11.774947166442871,24.057353973388672,24.057369232177734,0.7199033498764038,0.7199033498764038,0.28009676933288574,0.28009676933288574,0.0,0.0,0.0,0.0,2.729173421859741,2.729173421859741,3.3732450008392334,3.3732450008392334,0.5552050471305847,0.5552050471305847,0.0,0.0,-0.07718174159526825,-0.07718174159526825,0.4780232906341553,0.4780232906341553,0.6875313520431519,0.6875313520431519,-0.11078988015651703,-0.11078988015651703,0.3154434263706207,0.3154434263706207,38.0911979675293,38.0911979675293,14.963057518005371,14.963057518005371,30.330387115478516,30.330387115478516,10.932634353637695,10.932634353637695,0.0,0.0,180.0
200,0.8333333333333334,0.4531044912600182,-6.574725105432724,-286.20557318996674,0.4531044912600182,-6.574725105432724,-286.20557318996674,5.0,-5.0,0.0,0.0,15.0,0,0.5,0.0,0.0,4.0,4.0,4.0,6.574724197387695,6.5747246742248535,6.574725151062012,6.574725151062012,0.41950178146362305,0.4196256399154663,-7.94720458984375,-7.933566570281982,-0.0872664600610733,-0.0872664600610733,0.0,0.0,nan,nan,15.478615760803223,15.478615760803223,30.957231521606445,0.0,6.696176528930664,0.7053472995758057,0.0,0.0,0.0,0.7053472995758057,0.0,6.696176528930664,0.0,0.0,0.0,-0.9366906881332397,2.3994970321655273,6.221038818359375,0.0,0.0,0.0,0.0,6.696176528930664,0.7053472995758057,0.0,0.0,0.0,0.7053472995758057,0.0,6.696176528930664,-0.0,-0.0,-0.0,-0.936690628528595,-2.3994979858398438,6.221038341522217,0.0,0.0,0.0,4.470348358154297e-08,0.0,0.6000000238418579,-9.685754776000977e-08,0.05600002408027649,0.5999999642372131,-8.940696716308594e-08,-0.055999934673309326,0.6000000238418579,-1.8733813762664795,-9.5367431640625e-07,12.44207763671875,0.0,0.0,0.0,7.450580596923828e-07,1.770794028743694e-06,7.078051567077637e-08,13.596657752990723,13.596657752990723,30.176292419433594,30.176292419433594,0.5998412370681763,0.5998412370681763,0.4001588523387909,0.4001588523387909,0.0,0.0,0.0,0.0,3.430295467376709,3.430295467376709,3.265880584716797,3.265880584716797,0.7848461866378784,0.7848461866378784,0.0,0.0,-0.07949888706207275,-0.07949888706207275,0.7053472995758057,0.7053472995758057,0.6875313520431519,0.6875313520431519,-0.07756372541189194,-0.07756372541189194,0.3401161730289459,0.3401161730289459,46.861289978027344,46.861289978027344,20.084516525268555,20.084516525268555,35.4327392578125,35.4327392578125,10.000000953674316,10.000000953674316,0.0,0.0,180.0
201,0.8375,0.4232776914569722,-7.729052909700866,-267.36533545514726,0.4232776914569722,-7.729052909700866,-267.36533545514726,5.0,-5.0,0.0,0.0,15.0,0,0.5,0.0,0.0,4.0,4.0,4.0,7.729053020477295,7.729052543640137,7.729052543640137,7.729053020477295,0.3869327902793884,0.3869423568248749,-8.218172073364258,-8.244974136352539,-0.10258787870407104,-0.10258787870407104,0.0,0.0,nan,nan,20.439483642578125,20.439483642578125,40.87896728515625,0.0,7.289093017578125,0.9768509268760681,0.0,0.0,0.0,0.9768509268760681,0.0,7.289093017578125,0.0,0.0,0.0,-0.83708256483078,2.407855272293091,6.8983073234558105,0.0,0.0,0.0,0.0,7.289093017578125,0.9768509268760681,0.0,0.0,0.0,0.9768509268760681,0.0,7.289093017578125,-0.0,-0.0,-0.0,-0.8370827436447144,-2.4078567028045654,6.898306846618652,0.0,0.0,0.0,4.470348358154297e-08,0.0,0.6000000238418579,-4.470348358154297e-08,0.05600005388259888,0.5999999642372131,-5.960464477539063e-08,-0.055999964475631714,0.5999999642372131,-1.6741652488708496,-1.430511474609375e-06,13.796613693237305,0.0,0.0,0.0,6.258487701416016e-07,1.4360941804625327e-06,9.685754776000977e-08,15.395145416259766,15.395149230957031,35.01286697387695,35.01286697387695,0.5156482458114624,0.5156482458114624,0.48382794857025146,0.48382794857025146,0.0005239031161181629,0.0005239031161181629,0.0,0.0,4.166346073150635,4.166346073150635,3.122746706008911,3.122746706008911,1.0588884353637695,1.0588884353637695,0.0,0.0,-0.08203749358654022,-0.08203749358654022,0.9768509268760681,0.9768509268760681,0.6875313520431519,0.6875313520431519,-0.04482176899909973,-0.04482176899909973,0.36259689927101135,0.36259689927101135,55.08332824707031,55.08332824707031,24.896770477294922,24.896770477294922,40.22207260131836,40.22207260131836,9.122148513793945,9.122148513793945,0.0,0.0,180.0
202,0.8416666666666667,0.38881337268977334,-8.798699592881986,-245.59578715528855,0.38881337268977334,-8.798699592881986,-245.59578715528855,5.0,-5.0,0.0,0.0,15.0,0,0.5,0.0,0.0,4.0,4.0,4.0,8.798697471618652,8.798700332641602,8.798699378967285,8.798699378967285,0.35007941722869873,0.3499748408794403,-8.406329154968262,-8.473406791687012,-0.11678532510995865,-0.11678532510995865,0.0,0.0,nan,nan,25.636682510375977,25.636682510375977,51.27336502075195,0.0,7.87327241897583,1.287545919418335,0.0,0.0,0.0,1.287545919418335,0.0,7.87327241897583,0.0,0.0,0.0,-0.7017360329627991,2.3432233333587646,7.593620300292969,0.0,0.0,0.0,0.0,7.87327241897583,1.287545919418335,0.0,0.0,0.0,1.287545919418335,0.0,7.87327241897583,-0.0,-0.0,-0.0,-0.7017359733581543,-2.3432250022888184,7.5936198234558105,0.0,0.0,0.0,4.470348358154297e-08,0.0,0.6000000238418579,-1.1920928955078125e-07,0.0559999942779541,0.5999999642372131,7.450580596923828e-08,-0.0559999942779541,0.6000000238418579,-1.4034719467163086,-1.6689300537109375e-06,15.187240600585938,0.0,0.0,0.0,1.7881393432617188e-07,1.0602105930956895e-06,-4.507601261138916e-07,17.021957397460938,17.02195930480957,38.748355865478516,38.748355865478516,0.45904016494750977,0.45904016494750977,0.5113317370414734,0.5113317370414734,0.029628142714500427,0.029628142714500427,0.0,0.0,4.9265031814575195,4.9265031814575195,2.9467689990997314,2.9467689990997314,1.3722610473632812,1.3722610473632812,0.0,0.0,-0.08471508324146271,-0.08471508324146271,1.287545919418335,1.287545919418335,0.6875313520431519,0.6875313520431519,-0.01293425913900137,-0.01293425913900137,0.3826277554035187,0.3826277554035187,62.66898727416992,62.66898727416992,29.347816467285156,29.347816467285156,44.64663314819336,44.64663314819336,8.308694839477539,8.308694839477539,0.0,0.0,180.0
203,0.8458333333333333,0.3500891332469552,-9.771945882077269,-221.13544001713325,0.3500891332469552,-9.771945882077269,-221.13544001713325,5.0,-5.0,0.0,0.0,15.0,0,0.5,0.0,0.0,4.0,4.0,4.0,9.77194595336914,9.771944046020508,9.77194595336914,9.77194595336914,0.309348464012146,0.3091311752796173,-8.509130477905273,-8.615896224975586,-0.12970323860645294,-0.12970323860645294,0.0,0.0,nan,nan,30.896617889404297,30.896617889404297,61.793235778808594,0.0,8.437788963317871,1.629106044769287,0.0,0.0,0.0,1.629106044769287,0.0,8.437788963317871,0.0,0.0,0.0,-0.5349011421203613,2.197486400604248,8.290669441223145,0.0,0.0,0.0,0.0,8.437788963317871,1.629106044769287,0.0,0.0,0.0,1.629106044769287,0.0,8.437788963317871,-0.0,-0.0,-0.0,-0.5349006652832031,-2.1974873542785645,8.290669441223145,0.0,0.0,0.0,4.470348358154297e-08,0.0,0.6000000238418579,-7.450580596923828e-08,0.05600005388259888,0.5999999642372131,-7.450580596923828e-08,-0.055999934673309326,0.6000000238418579,-1.0698018074035645,-9.5367431640625e-07,16.58133888244629,0.0,0.0,0.0,1.1324882507324219e-06,2.0085321921214927e-06,9.12696123123169e-08,18.42395782470703,18.423959732055664,41.59705352783203,41.59705352783203,0.4165618121623993,0.4165618121623993,0.5018131136894226,0.5018131136894226,0.08162510395050049,0.08162510395050049,0.0,0.0,5.696693420410156,5.696693420410156,2.741095781326294,2.741095781326294,1.7165427207946777,1.7165427207946777,0.0,0.0,-0.0874367505311966,-0.0874367505311966,1.629106044769287,1.629106044769287,0.6875313520431519,0.6875313520431519,0.017751619219779968,0.017751619219779968,0.39999139308929443,0.39999139308929443,69.54007720947266,69.54007720947266,33.391475677490234,33.391475677490234,48.6605339050293,48.6605339050293,7.568552494049072,7.568552494049072,0.0,0.0,180.0
204,0.85,0.3075292439994223,-10.63812868727737,-194.2522867225844,0.3075292439994223,-10.63812868727737,-194.2522867225844,5.0,-5.0,0.0,0.0,15.0,0,0.5,0.0,0.0,4.0,4.0,4.0,10.638126373291016,10.638126373291016,10.638128280639648,10.638128280639648,0.2651907205581665,0.264863520860672,-8.524703979492188,-8.6701021194458,-0.14120009541511536,-0.14120009541511536,0.0,0.0,nan,nan,36.02296447753906,36.02296447753906,72.04592895507812,0.0,8.969316482543945,1.9900643825531006,0.0,0.0,0.0,1.9900643825531006,0.0,8.969316482543945,0.0,0.0,0.0,-0.3427571654319763,1.9653526544570923,8.968215942382812,0.0,0.0,0.0,0.0,8.969316482543945,1.9900643825531006,0.0,0.0,0.0,1.9900643825531006,0.0,8.969316482543945,-0.0,-0.0,-0.0,-0.34275713562965393,-1.9653542041778564,8.968215942382812,0.0,0.0,0.0,4.470348358154297e-08,0.0,0.6000000238418579,-1.043081283569336e-07,0.05600002408027649,0.5999999642372131,0.0,-0.055999934673309326,0.6000000238418579,-0.6855143308639526,-1.5497207641601562e-06,17.936431884765625,0.0,0.0,0.0,9.5367431640625e-07,1.757708673721936e-06,-1.73225998878479e-07,19.592592239379883,19.592592239379883,43.749908447265625,43.749908447265625,0.3882598280906677,0.3882598280906677,0.4860711097717285,0.4860711097717285,0.12566909193992615,0.12566909193992615,0.0,0.0,6.460369110107422,6.460369110107422,2.508946657180786,2.508946657180786,2.08016300201416,2.08016300201416,0.0,0.0,-0.09009853005409241,-0.09009853005409241,1.9900643825531006,1.9900643825531006,0.6875313520431519,0.6875313520431519,0.046915218234062195,0.046915218234062195,0.41451317071914673,0.41451317071914673,75.62899017333984,75.62899017333984,36.9876823425293,36.9876823425293,52.22402572631836,52.22402572631836,6.9098310470581055,6.9098310470581055,0.0,0.0,180.0
205,0.8541666666666666,0.2616000000000001,-11.387757928408112,-165.24086472479854,0.2616000000000001,-11.387757928408112,-165.24086472479854,5.0,-5.0,0.0,0.0,15.0,0,0.5,0.0,0.0,4.0,4.0,4.0,11.38775634765625,11.387758255004883,11.387758255004883,11.387758255004883,0.21809609234333038,0.2176627665758133,-8.451909065246582,-8.634444236755371,-0.1511499434709549,-0.1511499434709549,0.0,0.0,nan,nan,40.80731201171875,40.80731201171875,81.6146240234375,0.0,9.452922821044922,2.3563876152038574,0.0,0.0,0.0,2.3563876152038574,0.0,9.452922821044922,0.0,0.0,0.0,-0.1331367939710617,1.6456718444824219,9.601268768310547,0.0,0.0,0.0,0.0,9.452922821044922,2.3563876152038574,0.0,0.0,0.0,2.3563876152038574,0.0,9.452922821044922,-0.0,-0.0,-0.0,-0.13313664495944977,-1.6456737518310547,9.60126781463623,0.0,0.0,0.0,4.470348358154297e-08,0.0,0.6000000238418579,-1.2665987014770508e-07,0.05600002408027649,0.5999999642372131,2.9802322387695312e-08,-0.055999964475631714,0.6000000238418579,-0.2662734389305115,-1.9073486328125e-06,19.202537536621094,0.0,0.0,0.0,7.152557373046875e-07,1.7963111531571485e-06,-2.4121254682540894e-07,20.53957176208496,20.539573669433594,45.360450744628906,45.360450744628906,0.37411409616470337,0.37411409616470337,0.46373581886291504,0.46373581886291504,0.1621500849723816,0.1621500849723816,0.0,0.0,7.199442386627197,7.199442386627197,2.253480911254883,2.253480911254883,2.448979616165161,2.448979616165161,0.0,0.0,-0.09259215742349625,-0.09259215742349625,2.3563876152038574,2.3563876152038574,0.6875313520431519,0.6875313520431519,0.07426454871892929,0.07426454871892929,0.42606160044670105,0.42606160044670105,80.8786849975586,80.8786849975586,40.102500915527344,40.102500915527344,55.30354690551758,55.30354690551758,6.339746475219727,6.339746475219727,0.0,0.0,180.0
206,0.8583333333333333,0.2128046116572602,-12.012620510633646,-134.41902923421483,0.2128046116572602,-12.012620510633646,-134.41902923421483,5.0,-5.0,0.0,0.0,15.0,0,0.5,0.0,0.0,4.0,4.0,4.0,12.012622833251953,12.01262092590332,12.01262092590332,12.01262092590332,0.16858753561973572,0.16805292665958405,-8.290440559387207,-8.508199691772461,-0.15944376587867737,-0.15944376587867737,0.0,0.0,nan,nan,45.04187774658203,45.04187774658203,90.08375549316406,0.0,9.872970581054688,2.7123494148254395,0.0,0.0,0.0,2.7123494148254395,0.0,9.872970581054688,0.0,0.0,0.0,0.08493616431951523,1.2425365447998047,10.162739753723145,0.0,0.0,0.0,0.0,9.872970581054688,2.7123494148254395,0.0,0.0,0.0,2.7123494148254395,0.0,9.872970581054688,-0.0,-0.0,-0.0,0.08493637293577194,-1.2425388097763062,10.162738800048828,0.0,0.0,0.0,4.470348358154297e-08,0.0,0.6000000238418579,-1.4901161193847656e-08,0.05600005388259888,0.5999999642372131,-8.940696716308594e-08,-0.055999964475631714,0.6000000238418579,0.16987253725528717,-2.2649765014648438e-06,20.325477600097656,0.0,0.0,0.0,1.0132789611816406e-06,1.963613385669305e-06,9.685754776000977e-08,21.284902572631836,21.284902572631836,46.54609298706055,46.54609298706055,0.3599705994129181,0.3599705994129181,0.45232340693473816,0.45232340693473816,0.18770600855350494,0.18770600855350494,0.0,0.0,7.895265579223633,7.895265579223633,1.977705478668213,1.977705478668213,2.8071603775024414,2.8071603775024414,0.0,0.0,-0.09481063485145569,-0.09481063485145569,2.7123494148254395,2.7123494148254395,0.6875313520431519,0.6875313520431519,0.09953662008047104,0.09953662008047104,0.4345467686653137,0.4345467686653137,85.24230194091797,85.24230194091797,42.70792007446289,42.70792007446289,57.8714714050293,57.8714714050293,5.864545822143555,5.864545822143555,0.0,0.0,180.0
207,0.8624999999999999,0.16167769145697378,-12.505870308742246,-102.1244707303498,0.16167769145697378,-12.505870308742246,-102.1244707303498,5.0,-5.0,0.0,0.0,15.0,0,0.5,0.0,0.0,4.0,4.0,4.0,12.505867004394531,12.505868911743164,12.50586986541748,12.50586986541748,0.11721450090408325,0.11658472567796707,-8.04092025756836,-8.2915620803833,-0.1659906804561615,-0.1659906804561615,0.0,0.0,nan,nan,48.5326042175293,48.5326042175293,97.0652084350586,0.0,10.214041709899902,3.041612148284912,0.0,0.0,0.0,3.041612148284912,0.0,10.214041709899902,0.0,0.0,0.0,0.30183112621307373,0.765953540802002,10.62545394897461,0.0,0.0,0.0,0.0,10.214041709899902,3.041612148284912,0.0,0.0,0.0,3.041612148284912,0.0,10.214041709899902,-0.0,-0.0,-0.0,0.30183032155036926,-0.7659557461738586,10.625452995300293,0.0,0.0,0.0,4.470348358154297e-08,0.0,0.6000000238418579,-1.341104507446289e-07,0.05600002408027649,0.5999999642372131,-1.4901161193847656e-08,-0.05599990487098694,0.5999999642372131,0.6036614179611206,-2.205371856689453e-06,21.25090789794922,0.0,0.0,0.0,1.3113021850585938e-06,2.497324658179423e-06,-1.73225998878479e-07,21.85128402709961,21.851276397705078,47.39370346069336,47.39369201660156,0.34582775831222534,0.34582775831222534,0.4401395618915558,0.4401395618915558,0.21403278410434723,0.21403278410434723,0.0,0.0,8.529619216918945,8.529619216918945,1.684422254562378,1.684422254562378,3.1382670402526855,3.1382670402526855,0.0,0.0,-0.09665454924106598,-0.09665454924106598,3.041612148284912,3.041612148284912,0.6875313520431519,0.6875313520431519,0.12249677628278732,0.12249677628278732,0.43991780281066895,0.43991780281066895,88.6827163696289,88.6827163696289,44.78164291381836,44.78164291381836,59.9058952331543,59.9058952331543,5.489435195922852,5.489435195922852,0.0,0.0,180.0
208,0.8666666666666667,0.1087793966358509,-12.862103174726666,-68.71101515424249,0.1087793966358509,-12.862103174726666,-68.71101515424249,5.0,-5.0,0.0,0.0,15.0,0,0.5,0.0,0.0,4.0,4.0,4.0,12.862104415893555,12.862102508544922,12.862103462219238,12.862103462219238,0.06454700976610184,0.0638289675116539,-7.70494270324707,-7.985764503479004,-0.1707189679145813,-0.1707189679145813,0.0,0.0,nan,nan,51.111480712890625,51.111480712890625,102.22296142578125,0.0,10.461870193481445,3.3284010887145996,0.0,0.0,0.0,3.3284010887145996,0.0,10.461870193481445,0.0,0.0,0.0,0.5079259276390076,0.23183894157409668,10.964363098144531,0.0,0.0,0.0,0.0,10.461870193481445,3.3284010887145996,0.0,0.0,0.0,3.3284010887145996,0.0,10.461870193481445,-0.0,-0.0,-0.0,0.507925808429718,-0.2318411022424698,10.964363098144531,0.0,0.0,0.0,4.470348358154297e-08,0.0,0.6000000238418579,-8.940696716308594e-08,0.05600005388259888,0.5999999642372131,1.4901161193847656e-08,-0.055999964475631714,0.6000000238418579,1.0158517360687256,-2.16066837310791e-06,21.928726196289062,0.0,0.0,0.0,9.5367431640625e-07,1.7669244698481634e-06,-7.636845111846924e-08,22.26312828063965,22.26312828063965,47.965152740478516,47.96514892578125,0.33168351650238037,0.33168351650238037,0.4408826231956482,0.4408826231956482,0.2274339199066162,0.2274339199066162,0.0,0.0,9.085651397705078,9.085651397705078,1.3762192726135254,1.3762192726135254,3.4264395236968994,3.4264395236968994,0.0,0.0,-0.09803842753171921,-0.09803842753171921,3.3284010887145996,3.3284010887145996,0.6875313520431519,0.6875313520431519,0.14293727278709412,0.14293727278709412,0.4421597719192505,0.4421597719192505,91.17183685302734,91.17183685302734,46.30663299560547,46.30663299560547,61.39023208618164,61.39023208618164,5.218523979187012,5.218523979187012,0.0,0.0,180.0
209,0.8708333333333333,0.05468929198163705,-13.077416146760635,-34.54474731740326,0.05468929198163705,-13.077416146760635,-34.54474731740326,5.0,-5.0,0.0,0.0,15.0,0,0.5,0.0,0.0,4.0,4.0,4.0,13.077413558959961,13.077415466308594,13.077417373657227,13.07741641998291,0.011168430559337139,0.010370032861828804,-7.285177230834961,-7.593106746673584,-0.17357681691646576,-0.17357681691646576,0.0,0.0,nan,nan,52.64690017700195,52.64690017700195,105.2938003540039,0.0,10.604192733764648,3.558640956878662,0.0,0.0,0.0,3.558640956878662,0.0,10.604192733764648,0.0,0.0,0.0,0.694218635559082,-0.33851179480552673,11.158686637878418,0.0,0.0,0.0,0.0,10.604192733764648,3.558640956878662,0.0,0.0,0.0,3.558640956878662,0.0,10.604192733764648,-0.0,-0.0,-0.0,0.6942183375358582,0.33850958943367004,11.158686637878418,0.0,0.0,0.0,4.470348358154297e-08,0.0,0.6000000238418579,-1.2665987014770508e-07,0.05600002408027649,0.5999999642372131,-1.4901161193847656e-08,-0.055999964475631714,0.6000000238418579,1.388437032699585,-2.205371856689453e-06,22.317373275756836,0.0,0.0,0.0,6.556510925292969e-07,2.5359208848385606e-06,-1.862645149230957e-08,22.551340103149414,22.551340103149414,48.30184555053711,48.301841735839844,0.33168351650238037,0.33168351650238037,0.42734771966934204,0.42734771966934204,0.24096885323524475,0.24096885323524475,0.0,0.0,9.548687934875488,9.548687934875488,1.055504560470581,1.055504560470581,3.6575374603271484,3.6575374603271484,0.0,0.0,-0.09889648109674454,-0.09889648109674454,3.558640956878662,3.558640956878662,0.6875313520431519,0.6875313520431519,0.16067491471767426,0.16067491471767426,0.44128894805908203,0.44128894805908203,92.68999481201172,92.68999481201172,47.27080535888672,47.27080535888672,62.31283950805664,62.31283950805664,5.054781436920166,5.054781436920166,0.0,0.0,180.0
210,0.875,4.485146437197266e-16,-13.149450210865439,-2.833063745029913e-13,4.485146437197266e-16,-13.149450210865439,-2.833063745029913e-13,5.0,-5.0,0.0,0.0,15.0,0,0.5,0.0,0.0,4.0,4.0,4.0,13.14945125579834,13.14944839477539,13.149450302124023,13.149450302124023,-0.04204782843589783,-0.042920004576444626,-6.7399582862854,-7.070716857910156,-0.1745329201221466,-0.1745329201221466,0.0,0.0,nan,nan,51.63037872314453,51.63037872314453,103.26075744628906,0.0,10.212841033935547,3.891202926635742,0.0,0.0,0.0,3.891202926635742,0.0,10.212841033935547,0.0,0.0,0.0,1.1252487897872925,-0.8835021257400513,10.834980964660645,0.0,0.0,0.0,0.0,10.212841033935547,3.891202926635742,0.0,0.0,0.0,3.891202926635742,0.0,10.212841033935547,-0.0,-0.0,-0.0,1.125248670578003,0.8834998607635498,10.834980964660645,0.0,0.0,0.0,4.470348358154297e-08,0.0,0.6000000238418579,0.0,0.05600005388259888,0.6000000238418579,-5.960464477539063e-08,-0.055999934673309326,0.6000000238418579,2.250497341156006,-2.2649765014648438e-06,21.66996192932129,0.0,0.0,0.0,1.2516975402832031e-06,1.614537950445083e-06,-1.9371509552001953e-07,22.721416473388672,22.721416473388672,48.42781066894531,48.42781066894531,0.33168351650238037,0.33168351650238037,0.42734771966934204,0.42734771966934204,0.24096885323524475,0.24096885323524475,0.0,0.0,10.212841033935547,10.212841033935547,3.741329704945668e-15,3.741329704945668e-15,3.9903903007507324,3.9903903007507324,0.0,0.0,-0.0991872251033783,-0.0991872251033783,3.891202926635742,3.891202926635742,0.6875313520431519,0.6875313520431519,0.1884465217590332,0.1884465217590332,0.4502459168434143,0.4502459168434143,93.22547149658203,93.22547149658203,47.670352935791016,47.670352935791016,62.670352935791016,62.670352935791016,5.000000953674316,5.000000953674316,0.0,0.0,180.0
211,0.8791666666666667,-0.054689291981636155,-13.077416146760639,34.544747317402695,-0.054689291981636155,-13.077416146760639,34.544747317402695,5.0,-5.0,0.0,0.0,15.0,0,0.5,0.0,0.0,4.0,4.0,4.0,13.077411651611328,13.077411651611328,13.07741641998291,13.07741641998291,-0.09536141157150269,-0.09629354625940323,-6.2103447914123535,-6.562084197998047,-0.17357681691646576,-0.17357681691646576,0.0,0.0,nan,nan,52.291194915771484,52.291194915771484,104.58238983154297,0.0,10.537731170654297,3.8076071739196777,0.0,0.0,0.0,3.8076071739196777,0.0,10.537731170654297,0.0,0.0,0.0,0.9776893258094788,-1.4840997457504272,11.062695503234863,0.0,0.0,0.0,0.0,10.537731170654297,3.8076071739196777,0.0,0.0,0.0,3.8076071739196777,0.0,10.537731170654297,-0.0,-0.0,-0.0,0.9776883125305176,1.4840975999832153,11.062695503234863,0.0,0.0,0.0,4.470348358154297e-08,0.0,0.6000000238418579,-1.341104507446289e-07,0.05600005388259888,0.5999999642372131,-8.940696716308594e-08,-0.055999934673309326,0.6000000238418579,1.9553775787353516,-2.1457672119140625e-06,22.125391006469727,0.0,0.0,0.0,1.2516975402832031e-06,3.4035124372167047e-06,-1.043081283569336e-07,22.75739288330078,22.75739288330078,48.35152053833008,48.35151672363281,0.33168351650238037,0.33168351650238037,0.42734771966934204,0.42734771966934204,0.24096885323524475,0.24096885323524475,0.0,0.0,10.152026176452637,10.152026176452637,0.3857057988643646,0.3857057988643646,3.906503677368164,3.906503677368164,0.0,0.0,-0.09889648109674454,-0.09889648109674454,3.8076071739196777,3.8076071739196777,0.6875313520431519,0.6875313520431519,0.1874222308397293,0.1874222308397293,0.43040701746940613,0.43040701746940613,92.77405548095703,92.77405548095703,47.491207122802734,47.491207122802734,62.44917297363281,62.44917297363281,5.054781436920166,5.054781436920166,0.0,0.0,180.0
212,0.8833333333333333,-0.10877939663585003,-12.862103174726673,68.71101515424193,-0.10877939663585003,-12.862103174726673,68.71101515424193,5.0,-5.0,0.0,0.0,15.0,0,0.5,0.0,0.0,4.0,4.0,4.0,12.862103462219238,12.862100601196289,12.862103462219238,12.862103462219238,-0.1473393440246582,-0.14832346141338348,-5.5660576820373535,-5.934005260467529,-0.1707189679145813,-0.1707189679145813,0.0,0.0,nan,nan,50.382816314697266,50.382816314697266,100.76563262939453,0.0,10.320570945739746,3.81473970413208,0.0,0.0,0.0,3.81473970413208,0.0,10.320570945739746,0.0,0.0,0.0,1.0644288063049316,-2.0037968158721924,10.766531944274902,0.0,0.0,0.0,0.0,10.320570945739746,3.81473970413208,0.0,0.0,0.0,3.81473970413208,0.0,10.320570945739746,-0.0,-0.0,-0.0,1.0644290447235107,2.0037944316864014,10.766532897949219,0.0,0.0,0.0,4.470348358154297e-08,0.0,0.6000000238418579,0.0,0.05600005388259888,0.6000000238418579,-7.450580596923828e-08,-0.05599990487098694,0.5999999642372131,2.1288578510284424,-2.384185791015625e-06,21.533065795898438,0.0,0.0,0.0,1.6689300537109375e-06,1.7013273918564664e-06,-2.942979335784912e-07,22.6500244140625,22.6500244140625,48.06657791137695,48.06657791137695,0.33168351650238037,0.33168351650238037,0.4408826231956482,0.4408826231956482,0.2274339199066162,0.2274339199066162,0.0,0.0,10.279309272766113,10.279309272766113,0.04126247018575668,0.04126247018575668,3.91277813911438,3.91277813911438,0.0,0.0,-0.09803842753171921,-0.09803842753171921,3.81473970413208,3.81473970413208,0.6875313520431519,0.6875313520431519,0.19617444276809692,0.19617444276809692,0.42055070400238037,0.42055070400238037,91.33904266357422,91.33904266357422,46.745609283447266,46.745609283447266,61.66200637817383,61.66200637817383,5.218523979187012,5.218523979187012,0.0,0.0,180.0
213,0.8875,-0.16167769145697117,-12.505870308742267,102.12447073034815,-0.16167769145697117,-12.505870308742267,102.12447073034815,5.0,-5.0,0.0,0.0,15.0,0,0.5,0.0,0.0,4.0,4.0,4.0,12.50586986541748,12.505867004394531,12.50586986541748,12.50586986541748,-0.19769495725631714,-0.1987203061580658,-4.859506130218506,-5.239599227905273,-0.1659906804561615,-0.1659906804561615,0.0,0.0,nan,nan,47.40152359008789,47.40152359008789,94.80304718017578,0.0,9.981866836547852,3.742885112762451,0.0,0.0,0.0,3.742885112762451,0.0,9.981866836547852,0.0,0.0,0.0,1.111084222793579,-2.453061580657959,10.314786911010742,0.0,0.0,0.0,0.0,9.981866836547852,3.742885112762451,0.0,0.0,0.0,3.742885112762451,0.0,9.981866836547852,-0.0,-0.0,-0.0,1.1110844612121582,2.4530587196350098,10.314787864685059,0.0,0.0,0.0,4.470348358154297e-08,0.0,0.6000000238418579,-1.4901161193847656e-08,0.05600005388259888,0.6000000238418579,-4.470348358154297e-08,-0.05599990487098694,0.5999999642372131,2.2221686840057373,-2.86102294921875e-06,20.629573822021484,0.0,0.0,0.0,1.6093254089355469e-06,1.4707973150507314e-06,-2.2351741790771484e-07,22.38785743713379,22.387853622436523,47.55125045776367,47.55125427246094,0.33168351650238037,0.33168351650238037,0.45428380370140076,0.45428380370140076,0.21403278410434723,0.21403278410434723,0.0,0.0,10.288066864013672,10.288066864013672,-0.3061996400356293,-0.3061996400356293,3.8395395278930664,3.8395395278930664,0.0,0.0,-0.09665454924106598,-0.09665454924106598,3.742885112762451,3.742885112762451,0.6875313520431519,0.6875313520431519,0.20170819759368896,0.20170819759368896,0.4078860282897949,0.4078860282897949,88.93122863769531,88.93122863769531,45.435482025146484,45.435482025146484,60.31122589111328,60.31122589111328,5.489435195922852,5.489435195922852,0.0,0.0,180.0
214,0.8916666666666666,-0.21280461165725767,-12.012620510633674,134.41902923421324,-0.21280461165725767,-12.012620510633674,134.41902923421324,5.0,-5.0,0.0,0.0,15.0,0,0.5,0.0,0.0,4.0,4.0,4.0,12.012622833251953,12.012619018554688,12.012621879577637,12.012621879577637,-0.24587805569171906,-0.2469334602355957,-4.098662853240967,-4.486714839935303,-0.15944376587867737,-0.15944376587867737,0.0,0.0,nan,nan,43.476402282714844,43.476402282714844,86.95280456542969,0.0,9.527621269226074,3.5967259407043457,0.0,0.0,0.0,3.5967259407043457,0.0,9.527621269226074,0.0,0.0,0.0,1.1179596185684204,-2.810337781906128,9.724411010742188,0.0,0.0,0.0,0.0,9.527621269226074,3.5967259407043457,0.0,0.0,0.0,3.5967259407043457,0.0,9.527621269226074,-0.0,-0.0,-0.0,1.1179596185684204,2.810335159301758,9.724411964416504,0.0,0.0,0.0,4.470348358154297e-08,0.0,0.6000000238418579,1.4901161193847656e-08,0.056000083684921265,0.6000000238418579,-1.4901161193847656e-08,-0.055999964475631714,0.6000000238418579,2.235919237136841,-2.6226043701171875e-06,19.448822021484375,0.0,0.0,0.0,1.0728836059570312e-06,8.69430152761197e-07,-2.1606683731079102e-07,21.956323623657227,21.95631980895996,46.766902923583984,46.766902923583984,0.34582775831222534,0.34582775831222534,0.45338863134384155,0.45338863134384155,0.20078371465206146,0.20078371465206146,0.0,0.0,10.181463241577148,10.181463241577148,-0.6538419723510742,-0.6538419723510742,3.6915364265441895,3.6915364265441895,0.0,0.0,-0.09481063485145569,-0.09481063485145569,3.5967259407043457,3.5967259407043457,0.6875313520431519,0.6875313520431519,0.20394764840602875,0.20394764840602875,0.3925364315509796,0.3925364315509796,85.56938934326172,85.56938934326172,43.570987701416016,43.570987701416016,58.407440185546875,58.407440185546875,5.864545822143555,5.864545822143555,0.0,0.0,180.0
215,0.8958333333333334,-0.26159999999999933,-11.387757928408123,165.24086472479803,-0.26159999999999933,-11.387757928408123,165.24086472479803,5.0,-5.0,0.0,0.0,15.0,0,0.5,0.0,0.0,4.0,4.0,4.0,11.387757301330566,11.387755393981934,11.387758255004883,11.387758255004883,-0.2913639545440674,-0.2924378514289856,-3.2923929691314697,-3.684140920639038,-0.1511499434709549,-0.1511499434709549,0.0,0.0,nan,nan,38.78638458251953,38.78638458251953,77.57276916503906,0.0,8.967832565307617,3.3847107887268066,0.0,0.0,0.0,3.3847107887268066,0.0,8.967832565307617,0.0,0.0,0.0,1.0876402854919434,-3.060027599334717,9.018401145935059,0.0,0.0,0.0,0.0,8.967832565307617,3.3847107887268066,0.0,0.0,0.0,3.3847107887268066,0.0,8.967832565307617,-0.0,-0.0,-0.0,1.0876400470733643,3.060025453567505,9.018402099609375,0.0,0.0,0.0,4.470348358154297e-08,0.0,0.6000000238418579,-5.960464477539063e-08,0.05600005388259888,0.6000000238418579,-1.043081283569336e-07,-0.05599990487098694,0.5999999642372131,2.1752803325653076,-2.1457672119140625e-06,18.03680419921875,0.0,0.0,0.0,1.430511474609375e-06,2.2197107227839297e-06,-3.0919909477233887e-07,21.33799934387207,21.337997436523438,45.65513610839844,45.65513610839844,0.3599705994129181,0.3599705994129181,0.46520882844924927,0.46520882844924927,0.17482061684131622,0.17482061684131622,0.0,0.0,9.966314315795898,9.966314315795898,-0.998481035232544,-0.998481035232544,3.4773027896881104,3.4773027896881104,0.0,0.0,-0.09259215742349625,-0.09259215742349625,3.3847107887268066,3.3847107887268066,0.6875313520431519,0.6875313520431519,0.20284099876880646,0.20284099876880646,0.3746427595615387,0.3746427595615387,81.2807846069336,81.2807846069336,41.16713333129883,41.16713333129883,55.966087341308594,55.966087341308594,6.339746475219727,6.339746475219727,0.0,0.0,180.0
216,0.9,-0.3075292439994216,-10.638128687277382,194.25228672258396,-0.3075292439994216,-10.638128687277382,194.25228672258396,5.0,-5.0,0.0,0.0,15.0,0,0.5,0.0,0.0,4.0,4.0,4.0,10.6381254196167,10.638129234313965,10.638128280639648,10.638129234313965,-0.3336593806743622,-0.3347400426864624,-2.4503250122070312,-2.841481924057007,-0.14120009541511536,-0.14120009541511536,0.0,0.0,nan,nan,33.55207061767578,33.55207061767578,67.10414123535156,0.0,8.316140174865723,3.1183838844299316,0.0,0.0,0.0,3.1183838844299316,0.0,8.316140174865723,0.0,0.0,0.0,1.0247893333435059,-3.1935651302337646,8.223956108093262,0.0,0.0,0.0,0.0,8.316140174865723,3.1183838844299316,0.0,0.0,0.0,3.1183838844299316,0.0,8.316140174865723,-0.0,-0.0,-0.0,1.024788498878479,3.1935641765594482,8.223957061767578,0.0,0.0,0.0,4.470348358154297e-08,0.0,0.6000000238418579,-4.470348358154297e-08,0.0559999942779541,0.6000000238418579,-2.9802322387695312e-08,-0.055999934673309326,0.5999999642372131,2.0495777130126953,-9.5367431640625e-07,16.447914123535156,0.0,0.0,0.0,6.258487701416016e-07,1.2869293186668074e-06,-5.960464477539063e-08,20.513864517211914,20.513864517211914,44.13380813598633,44.13380813598633,0.37411409616470337,0.37411409616470337,0.48833751678466797,0.48833751678466797,0.13754841685295105,0.13754841685295105,0.0,0.0,9.652700424194336,9.652700424194336,-1.3365604877471924,-1.3365604877471924,3.208482265472412,3.208482265472412,0.0,0.0,-0.09009853005409241,-0.09009853005409241,3.1183838844299316,3.1183838844299316,0.6875313520431519,0.6875313520431519,0.19836385548114777,0.19836385548114777,0.35436469316482544,0.35436469316482544,76.1016845703125,76.1016845703125,38.24410629272461,38.24410629272461,53.00776290893555,53.00776290893555,6.9098310470581055,6.9098310470581055,0.0,0.0,180.0
217,0.9041666666666667,-0.3500891332469545,-9.771945882077285,221.13544001713285,-0.3500891332469545,-9.771945882077285,221.13544001713285,5.0,-5.0,0.0,0.0,15.0,0,0.5,0.0,0.0,4.0,4.0,4.0,9.771944046020508,9.771944046020508,9.77194595336914,9.77194595336914,-0.3723071813583374,-0.37338271737098694,-1.5826985836029053,-1.969012975692749,-0.12970323860645294,-0.12970323860645294,0.0,0.0,nan,nan,28.023643493652344,28.023643493652344,56.04728698730469,0.0,7.589224338531494,2.811491012573242,0.0,0.0,0.0,2.811491012573242,0.0,7.589224338531494,0.0,0.0,0.0,0.935802698135376,-3.2099151611328125,7.370314598083496,0.0,0.0,0.0,0.0,7.589224338531494,2.811491012573242,0.0,0.0,0.0,2.811491012573242,0.0,7.589224338531494,-0.0,-0.0,-0.0,0.9358021020889282,3.2099132537841797,7.370315074920654,0.0,0.0,0.0,4.470348358154297e-08,0.0,0.6000000238418579,-2.9802322387695312e-08,0.05600002408027649,0.6000000238418579,-5.960464477539063e-08,-0.05599990487098694,0.5999999642372131,1.8716048002243042,-1.9073486328125e-06,14.740629196166992,0.0,0.0,0.0,1.043081283569336e-06,1.2621368341569905e-06,-2.421438694000244e-07,19.466066360473633,19.466066360473633,42.091888427734375,42.09187698364258,0.4024088680744171,0.4024088680744171,0.5055375695228577,0.5055375695228577,0.0920536071062088,0.0920536071062088,0.0,0.0,9.253393173217773,9.253393173217773,-1.6641682386398315,-1.6641682386398315,2.898927688598633,2.898927688598633,0.0,0.0,-0.0874367505311966,-0.0874367505311966,2.811491012573242,2.811491012573242,0.6875313520431519,0.6875313520431519,0.1905231773853302,0.1905231773853302,0.3318822383880615,0.3318822383880615,70.07818603515625,70.07818603515625,34.82772445678711,34.82772445678711,49.55867004394531,49.55867004394531,7.568552494049072,7.568552494049072,0.0,0.0,180.0
218,0.9083333333333333,-0.3888133726897728,-8.798699592882004,245.59578715528818,-0.3888133726897728,-8.798699592882004,245.59578715528818,5.0,-5.0,0.0,0.0,15.0,0,0.5,0.0,0.0,4.0,4.0,4.0,8.798697471618652,8.798699378967285,8.798699378967285,8.798699378967285,-0.4068913161754608,-0.4079497456550598,-0.7001919746398926,-1.0774734020233154,-0.11678532510995865,-0.11678532510995865,0.0,0.0,nan,nan,22.46521759033203,22.46521759033203,44.93043518066406,0.0,6.806042671203613,2.478945255279541,0.0,0.0,0.0,2.478945255279541,0.0,6.806042671203613,0.0,0.0,0.0,0.828307569026947,-3.1152701377868652,6.486631393432617,0.0,0.0,0.0,0.0,6.806042671203613,2.478945255279541,0.0,0.0,0.0,2.478945255279541,0.0,6.806042671203613,-0.0,-0.0,-0.0,0.8283069133758545,3.1152687072753906,6.486631870269775,0.0,0.0,0.0,4.470348358154297e-08,0.0,0.6000000238418579,-1.1920928955078125e-07,0.05600005388259888,0.6000000238418579,7.450580596923828e-08,-0.055999964475631714,0.6000000238418579,1.6566145420074463,-1.430511474609375e-06,12.973262786865234,0.0,0.0,0.0,5.662441253662109e-07,8.699250315657991e-07,4.917383193969727e-07,18.1834716796875,18.1834716796875,39.3846321105957,39.38462829589844,0.43071863055229187,0.43071863055229187,0.5245851278305054,0.5245851278305054,0.04469626769423485,0.04469626769423485,0.0,0.0,8.783141136169434,8.783141136169434,-1.9770989418029785,-1.9770989418029785,2.563660144805908,2.563660144805908,0.0,0.0,-0.08471508324146271,-0.08471508324146271,2.478945255279541,2.478945255279541,0.6875313520431519,0.6875313520431519,0.17936104536056519,0.17936104536056519,0.3073979318141937,0.3073979318141937,63.26660919189453,63.26660919189453,30.94968032836914,30.94968032836914,45.6508674621582,45.6508674621582,8.308694839477539,8.308694839477539,0.0,0.0,180.0
219,0.9125,-0.4232776914569717,-7.729052909700884,267.3653354551469,-0.4232776914569717,-7.729052909700884,267.3653354551469,5.0,-5.0,0.0,0.0,15.0,0,0.5,0.0,0.0,4.0,4.0,4.0,7.7290520668029785,7.729051113128662,7.729052543640137,7.729052543640137,-0.4370405077934265,-0.4380701780319214,0.18627363443374634,-0.17791825532913208,-0.10258787870407104,-0.10258787870407104,0.0,0.0,nan,nan,17.13665008544922,17.13665008544922,34.27330017089844,0.0,5.98688268661499,2.135742664337158,0.0,0.0,0.0,2.135742664337158,0.0,5.98688268661499,0.0,0.0,0.0,0.7105571031570435,-2.922109603881836,5.600049018859863,0.0,0.0,0.0,0.0,5.98688268661499,2.135742664337158,0.0,0.0,0.0,2.135742664337158,0.0,5.98688268661499,-0.0,-0.0,-0.0,0.7105568051338196,2.9221088886260986,5.600049018859863,0.0,0.0,0.0,4.470348358154297e-08,0.0,0.6000000238418579,-8.940696716308594e-08,0.05600005388259888,0.5999999642372131,-5.960464477539063e-08,-0.055999934673309326,0.6000000238418579,1.4211139678955078,-7.152557373046875e-07,11.200098037719727,0.0,0.0,0.0,4.76837158203125e-07,1.2928032901982078e-06,-1.862645149230957e-08,16.672590255737305,16.672588348388672,35.83316421508789,35.83316421508789,0.4873591661453247,0.4873591661453247,0.5105845332145691,0.5105845332145691,0.002056337660178542,0.002056337660178542,0.0,0.0,8.257841110229492,8.257841110229492,-2.270958185195923,-2.270958185195923,2.217780351638794,2.217780351638794,0.0,0.0,-0.08203749358654022,-0.08203749358654022,2.135742664337158,2.135742664337158,0.6875313520431519,0.6875313520431519,0.16495880484580994,0.16495880484580994,0.28113895654678345,0.28113895654678345,55.73393630981445,55.73393630981445,26.647829055786133,26.647829055786133,41.32252883911133,41.32252883911133,9.122148513793945,9.122148513793945,0.0,0.0,180.0
220,0.9166666666666666,-0.4531044912600177,-6.5747251054327425,286.2055731899664,-0.4531044912600177,-6.5747251054327425,286.2055731899664,5.0,-5.0,0.0,0.0,15.0,0,0.5,0.0,0.0,4.0,4.0,4.0,6.574723243713379,6.574724197387695,6.574725151062012,6.574725151062012,-0.4624323546886444,-0.46342161297798157,1.0657483339309692,0.7185443639755249,-0.0872664600610733,-0.0872664600610733,0.0,0.0,nan,nan,12.274343490600586,12.274343490600586,24.548686981201172,0.0,5.152291297912598,1.7959200143814087,0.0,0.0,0.0,1.7959200143814087,0.0,5.152291297912598,0.0,0.0,0.0,0.5907725691795349,-2.6477489471435547,4.7341156005859375,0.0,0.0,0.0,0.0,5.152291297912598,1.7959200143814087,0.0,0.0,0.0,1.7959200143814087,0.0,5.152291297912598,-0.0,-0.0,-0.0,0.590772271156311,2.6477479934692383,4.734116077423096,0.0,0.0,0.0,4.470348358154297e-08,0.0,0.6000000238418579,-5.960464477539063e-08,0.05600002408027649,0.5999999642372131,1.4901161193847656e-08,-0.055999964475631714,0.6000000238418579,1.1815447807312012,-9.5367431640625e-07,9.468231201171875,0.0,0.0,0.0,8.940696716308594e-08,5.996815843900549e-07,1.4528632164001465e-07,14.979104042053223,14.979104995727539,31.23953628540039,31.239530563354492,0.557930588722229,0.557930588722229,0.4420694410800934,0.4420694410800934,0.0,0.0,0.0,0.0,7.693597793579102,7.693597793579102,-2.541306257247925,-2.541306257247925,1.8754189014434814,1.8754189014434814,0.0,0.0,-0.07949888706207275,-0.07949888706207275,1.7959200143814087,1.7959200143814087,0.6875313520431519,0.6875313520431519,0.1474398374557495,0.1474398374557495,0.25335875153541565,0.25335875153541565,47.5577392578125,47.5577392578125,21.96617317199707,21.96617317199707,36.617950439453125,36.617950439453125,10.000000953674316,10.000000953674316,0.0,0.0,180.0
221,0.9208333333333333,-0.4779669834386085,-5.3483632370598,301.91008277255,-0.4779669834386085,-5.3483632370598,301.91008277255,5.0,-5.0,0.0,0.0,15.0,0,0.5,0.0,0.0,4.0,4.0,4.0,5.348362922668457,5.348362922668457,5.348363399505615,5.348363399505615,-0.48279547691345215,-0.48373329639434814,1.9274815320968628,1.6009414196014404,-0.07098893821239471,-0.07098893821239471,0.0,0.0,nan,nan,8.073507308959961,8.073507308959961,16.147014617919922,0.0,4.321923732757568,1.4716615676879883,0.0,0.0,0.0,1.4716615676879883,0.0,4.321923732757568,0.0,0.0,0.0,0.4765144884586334,-2.312507152557373,3.9076919555664062,0.0,0.0,0.0,0.0,4.321923732757568,1.4716615676879883,0.0,0.0,0.0,1.4716615676879883,0.0,4.321923732757568,-0.0,-0.0,-0.0,0.4765143394470215,2.312506675720215,3.9076924324035645,0.0,0.0,0.0,4.470348358154297e-08,0.0,0.6000000238418579,-5.960464477539063e-08,0.05600003898143768,0.6000000238418579,-5.960464477539063e-08,-0.055999934673309326,0.6000000238418579,0.9530287981033325,-4.76837158203125e-07,7.815384387969971,0.0,0.0,0.0,3.725290298461914e-07,8.15208125004574e-07,-5.774199962615967e-08,13.231226921081543,13.231224060058594,25.44611167907715,25.44611167907715,0.6680206060409546,0.6680206060409546,0.3319794535636902,0.3319794535636902,0.0,0.0,0.0,0.0,7.105746269226074,7.105746269226074,-2.783823013305664,-2.783823013305664,1.5488433837890625,1.5488433837890625,0.0,0.0,-0.07718174159526825,-0.07718174159526825,1.4716615676879883,1.4716615676879883,0.6875313520431519,0.6875313520431519,0.1269717812538147,0.1269717812538147,0.22433730959892273,0.22433730959892273,38.82585906982422,38.82585906982422,16.954694747924805,16.954694747924805,31.587364196777344,31.587364196777344,10.932634353637695,10.932634353637695,0.0,0.0,180.0
222,0.9249999999999999,-0.4975927693256242,-4.063403581844668,314.306802309531,-0.4975927693256242,-4.063403581844668,314.306802309531,5.0,-5.0,0.0,0.0,15.0,0,0.5,0.0,0.0,4.0,4.0,4.0,4.06340217590332,4.063403606414795,4.063403606414795,4.063403606414795,-0.49791255593299866,-0.4987882673740387,2.761117696762085,2.4586830139160156,-0.05393363907933235,-0.05393363907933235,0.0,0.0,nan,nan,4.674442291259766,4.674442291259766,9.348884582519531,0.0,3.513381242752075,1.1726548671722412,0.0,0.0,0.0,1.1726548671722412,0.0,3.513381242752075,0.0,0.0,0.0,0.37418287992477417,-1.937772274017334,3.1343250274658203,0.0,0.0,0.0,0.0,3.513381242752075,1.1726548671722412,0.0,0.0,0.0,1.1726548671722412,0.0,3.513381242752075,-0.0,-0.0,-0.0,0.37418264150619507,1.9377715587615967,3.1343255043029785,0.0,0.0,0.0,4.470348358154297e-08,0.0,0.6000000238418579,-1.4901161193847656e-07,0.05600002408027649,0.6000000238418579,-1.4901161193847656e-08,-0.055999964475631714,0.5999999642372131,0.7483655214309692,-7.152557373046875e-07,6.268650531768799,0.0,0.0,0.0,2.8312206268310547e-07,7.716834033999476e-07,2.253800630569458e-07,11.729952812194824,11.729949951171875,18.518930435180664,18.518930435180664,0.8289155960083008,0.8289155960083008,0.1710844784975052,0.1710844784975052,0.0,0.0,0.0,0.0,6.507871627807617,6.507871627807617,-2.994490623474121,-2.994490623474121,1.2478089332580566,1.2478089332580566,0.0,0.0,-0.07515415549278259,-0.07515415549278259,1.1726548671722412,1.1726548671722412,0.6875313520431519,0.6875313520431519,0.10376715660095215,0.10376715660095215,0.19438087940216064,0.19438087940216064,29.635650634765625,29.635650634765625,11.668993949890137,11.668993949890137,26.28658103942871,26.28658103942871,11.909831047058105,11.909831047058105,0.0,0.0,180.0
223,0.9291666666666667,-0.5117668247039271,-2.7339244266649794,323.25991074748185,-0.5117668247039271,-2.7339244266649794,323.25991074748185,5.0,-5.0,0.0,0.0,15.0,0,0.5,0.0,0.0,4.0,4.0,4.0,2.733924150466919,2.73392391204834,2.733924388885498,2.733924388885498,-0.507621705532074,-0.5084254741668701,3.556931734085083,3.281764030456543,-0.03628743439912796,-0.03628743439912796,0.0,0.0,nan,nan,2.155184268951416,2.155184268951416,4.310368537902832,0.0,2.741119384765625,0.9057631492614746,0.0,0.0,0.0,0.9057631492614746,0.0,2.741119384765625,0.0,0.0,0.0,0.2887166738510132,-1.5440940856933594,2.422098159790039,0.0,0.0,0.0,0.0,2.741119384765625,0.9057631492614746,0.0,0.0,0.0,0.9057631492614746,0.0,2.741119384765625,-0.0,-0.0,-0.0,0.28871649503707886,1.544093370437622,2.422098398208618,0.0,0.0,0.0,4.470348358154297e-08,0.0,0.6000000238418579,-4.470348358154297e-08,0.05600003898143768,0.6000000238418579,-4.470348358154297e-08,-0.055999964475631714,0.6000000238418579,0.577433168888092,-7.152557373046875e-07,4.844196319580078,0.0,0.0,0.0,1.7881393432617188e-07,4.3310492969794723e-07,-3.166496753692627e-08,11.121833801269531,11.121831893920898,16.643383026123047,16.643383026123047,0.8820533156394958,0.8820533156394958,0.11794667690992355,0.11794667690992355,0.0,0.0,0.0,0.0,5.910890579223633,5.910890579223633,-3.169771671295166,-3.169771671295166,0.9792319536209106,0.9792319536209106,0.0,0.0,-0.07346884906291962,-0.07346884906291962,0.9057631492614746,0.9057631492614746,0.6875313520431519,0.6875313520431519,0.07808203995227814,0.07808203995227814,0.16381949186325073,0.16381949186325073,20.09270668029785,20.09270668029785,6.16955041885376,6.16955041885376,20.776241302490234,20.776241302490234,12.920884132385254,12.920884132385254,0.0,0.0,180.0
224,0.9333333333333333,-0.5203338556566807,-1.3744918233562828,328.6713159567981,-0.5203338556566807,-1.3744918233562828,328.6713159567981,5.0,-5.0,0.0,0.0,15.0,0,0.5,0.0,0.0,4.0,4.0,4.0,1.374491810798645,1.374491810798645,1.374491810798645,1.3744919300079346,-0.5118175148963928,-0.5125400424003601,4.306000232696533,4.060959815979004,-0.018243659287691116,-0.018243659287691116,0.0,0.0,nan,nan,0.5322170853614807,0.5322170853614807,1.0644341707229614,0.0,2.0155587196350098,0.6750735640525818,0.0,0.0,0.0,0.6750735640525818,0.0,2.0155587196350098,0.0,0.0,0.0,0.2235807627439499,-1.1496055126190186,1.7738715410232544,0.0,0.0,0.0,0.0,2.0155587196350098,0.6750735640525818,0.0,0.0,0.0,0.6750735640525818,0.0,2.0155587196350098,-0.0,-0.0,-0.0,0.22358064353466034,1.1496047973632812,1.773871898651123,0.0,0.0,0.0,4.470348358154297e-08,0.0,0.6000000238418579,-7.450580596923828e-08,0.05600002408027649,0.6000000238418579,-4.470348358154297e-08,-0.055999964475631714,0.6000000238418579,0.44716140627861023,-7.152557373046875e-07,3.547743320465088,0.0,0.0,0.0,8.195638656616211e-08,3.7005847275395354e-07,1.3969838619232178e-08,12.324207305908203,12.324207305908203,15.813404083251953,15.813404083251953,0.8820533156394958,0.8820533156394958,0.11794667690992355,0.11794667690992355,0.0,0.0,0.0,0.0,5.32232666015625,5.32232666015625,-3.3067679405212402,-3.3067679405212402,0.7472367882728577,0.7472367882728577,0.0,0.0,-0.07216325402259827,-0.07216325402259827,0.6750735640525818,0.6750735640525818,0.6875313520431519,0.6875313520431519,0.0502132847905159,0.0502132847905159,0.13300344347953796,0.13300344347953796,10.309234619140625,10.309234619140625,0.52083820104599,0.52083820104599,15.12094783782959,15.12094783782959,13.954715728759766,13.954715728759766,0.0,0.0,180.0
225,0.9375,-0.5232,-3.543568989988677e-14,330.4817294495969,-0.5232,-3.543568989988677e-14,330.4817294495969,5.0,-5.0,0.0,0.0,15.0,0,0.5,0.0,0.0,4.0,4.0,4.0,3.5435691111019435e-14,3.5435694499151224e-14,3.5435691111019435e-14,3.5435691111019435e-14,-0.5104531049728394,-0.5110860466957092,5.000348091125488,4.787969589233398,-4.70338655006355e-16,-4.70338655006355e-16,0.0,0.0,nan,nan,-0.23076343536376953,-0.23076343536376953,-0.46152687072753906,0.0,1.342545509338379,0.4823017418384552,0.0,0.0,0.0,0.4823017418384552,0.0,1.342545509338379,0.0,0.0,0.0,0.18102331459522247,-0.7688992023468018,1.1878838539123535,0.0,0.0,0.0,0.0,1.342545509338379,0.4823017418384552,0.0,0.0,0.0,0.4823017418384552,0.0,1.342545509338379,-0.0,-0.0,-0.0,0.18102328479290009,0.7688989043235779,1.187883973121643,0.0,0.0,0.0,4.470348358154297e-08,0.0,0.6000000238418579,1.4901161193847656e-08,0.05600003898143768,0.6000000238418579,0.0,-0.05599997937679291,0.5999999642372131,0.36204659938812256,-2.980232238769531e-07,2.375767707824707,0.0,0.0,0.0,1.1175870895385742e-07,7.771441801196488e-08,-2.421438694000244e-08,14.99998950958252,14.99998950958252,14.999988555908203,14.999988555908203,1.0,1.0,0.0,0.0,0.0,0.0,0.0,0.0,4.745896339416504,4.745896339416504,-3.403350830078125,-3.403350830078125,0.553561806678772,0.553561806678772,0.0,0.0,-0.07126004993915558,-0.07126004993915558,0.4823017418384552,0.4823017418384552,0.6875313520431519,0.6875313520431519,0.02049357444047928,0.02049357444047928,0.10229769349098206,0.10229769349098206,0.40209388732910156,0.40209388732910156,-5.209789752960205,-5.209789752960205,9.388116836547852,9.388116836547852,15.000000953674316,15.000000953674316,0.0,0.0,180.0
226,0.9416666666666667,-0.5203338556566807,1.3744918233562586,328.6713159567981,-0.5203338556566807,1.3744918233562586,328.6713159567981,5.0,-5.0,0.0,0.0,15.0,0,0.5,0.0,0.0,4.0,4.0,4.0,1.374491810798645,1.374491810798645,1.374491810798645,1.3744919300079346,-0.5035388469696045,-0.5040750503540039,5.6330342292785645,5.455510139465332,0.018243659287691116,0.018243659287691116,0.0,0.0,nan,nan,-0.20792880654335022,-0.20792880654335022,-0.41585761308670044,0.0,0.7233331203460693,0.3274730145931244,0.0,0.0,0.0,0.3274730145931244,0.0,0.7233331203460693,0.0,0.0,0.0,0.16254034638404846,-0.41256436705589294,0.6586506962776184,0.0,0.0,0.0,0.0,0.7233331203460693,0.3274730145931244,0.0,0.0,0.0,0.3274730145931244,0.0,0.7233331203460693,-0.0,-0.0,-0.0,0.1625402867794037,0.41256412863731384,0.658650815486908,0.0,0.0,0.0,4.470348358154297e-08,0.0,0.6000000238418579,-7.450580596923828e-08,0.05600002408027649,0.6000000238418579,-4.470348358154297e-08,-0.055999964475631714,0.6000000238418579,0.32508063316345215,-2.384185791015625e-07,1.3173015117645264,0.0,0.0,0.0,2.9802322387695312e-08,1.374052516212032e-07,-9.313225746154785e-10,18.036861419677734,18.036865234375,23.0157527923584,23.0157527923584,0.11794667690992355,0.11794667690992355,0.8820533156394958,0.8820533156394958,0.0,0.0,0.0,0.0,4.181578636169434,4.181578636169434,-3.458245277404785,-3.458245277404785,0.39824098348617554,0.39824098348617554,0.0,0.0,-0.07076795399188995,-0.07076795399188995,0.3274730145931244,0.3274730145931244,0.6875313520431519,0.6875313520431519,-0.010714729316532612,-0.010714729316532612,0.07207543402910233,0.07207543402910233,-9.509451866149902,-9.509451866149902,-10.953388214111328,-10.953388214111328,3.6467208862304688,3.6467208862304688,16.045286178588867,16.045286178588867,0.0,0.0,180.0
227,0.9458333333333333,-0.5117668247039272,2.733924426664956,323.25991074748197,-0.5117668247039272,2.733924426664956,323.25991074748197,5.0,-5.0,0.0,0.0,15.0,0,0.5,0.0,0.0,4.0,4.0,4.0,2.733924150466919,2.73392391204834,2.733924388885498,2.733924388885498,-0.4911441206932068,-0.49157750606536865,6.198157787322998,6.057314872741699,0.03628743439912796,0.03628743439912796,0.0,0.0,nan,nan,0.5058761835098267,0.5058761835098267,1.0117523670196533,0.0,0.1551963984966278,0.20970411598682404,0.0,0.0,0.0,0.20970411598682404,0.0,0.1551963984966278,0.0,0.0,0.0,0.1693701595067978,-0.08742334693670273,0.17813658714294434,0.0,0.0,0.0,0.0,0.1551963984966278,0.20970411598682404,0.0,0.0,0.0,0.20970411598682404,0.0,0.1551963984966278,-0.0,-0.0,-0.0,0.1693701595067978,0.08742330968379974,0.17813660204410553,0.0,0.0,0.0,4.470348358154297e-08,0.0,0.6000000238418579,-4.470348358154297e-08,0.05600003898143768,0.6000000238418579,-4.470348358154297e-08,-0.055999964475631714,0.6000000238418579,0.3387403190135956,-3.725290298461914e-08,0.35627317428588867,0.0,0.0,0.0,1.210719347000122e-08,3.185330399446684e-08,-1.210719347000122e-08,20.958690643310547,20.958694458007812,30.33509063720703,30.335094451904297,0.11794667690992355,0.11794667690992355,0.8820533156394958,0.8820533156394958,0.0,0.0,0.0,0.0,3.626262903213501,3.626262903213501,-3.471066474914551,-3.471066474914551,0.28038641810417175,0.28038641810417175,0.0,0.0,-0.07068228721618652,-0.07068228721618652,0.20970411598682404,0.20970411598682404,0.6875313520431519,0.6875313520431519,-0.043027304112911224,-0.043027304112911224,0.04271015152335167,0.04271015152335167,-19.30609130859375,-19.30609130859375,-16.640775680541992,-16.640775680541992,-2.0340824127197266,-2.0340824127197266,17.079116821289062,17.079116821289062,0.0,0.0,180.0
228,0.95,-0.4975927693256245,4.0634035818446455,314.3068023095312,-0.4975927693256245,4.0634035818446455,314.3068023095312,5.0,-5.0,0.0,0.0,15.0,0,0.5,0.0,0.0,4.0,4.0,4.0,4.06340217590332,4.063403606414795,4.063403606414795,4.063403606414795,-0.47339698672294617,-0.4737224280834198,6.690789699554443,6.588075637817383,0.05393363907933235,0.05393363907933235,0.0,0.0,nan,nan,1.8098325729370117,1.8098325729370117,3.6196651458740234,0.0,-0.3673388361930847,0.12786665558815002,0.0,0.0,0.0,0.12786665558815002,0.0,-0.3673388361930847,0.0,0.0,0.0,0.20281565189361572,0.20260225236415863,-0.2628799080848694,0.0,0.0,0.0,0.0,-0.3673388361930847,0.12786665558815002,0.0,0.0,0.0,0.12786665558815002,0.0,-0.3673388361930847,-0.0,-0.0,-0.0,0.20281566679477692,-0.20260217785835266,-0.26287996768951416,0.0,0.0,0.0,4.470348358154297e-08,0.0,0.6000000238418579,-1.4901161193847656e-07,0.05600002408027649,0.6000000238418579,-1.4901161193847656e-08,-0.055999964475631714,0.5999999642372131,0.40563130378723145,7.450580596923828e-08,-0.5257598757743835,0.0,0.0,0.0,-2.421438694000244e-08,-7.868142404277023e-08,-3.91155481338501e-08,23.59121322631836,23.59121322631836,36.3895149230957,36.3895149230957,0.11794667690992355,0.11794667690992355,0.864794909954071,0.864794909954071,0.017258400097489357,0.017258400097489357,0.0,0.0,3.074963092803955,3.074963092803955,-3.4423022270202637,-3.4423022270202637,0.19885218143463135,0.19885218143463135,0.0,0.0,-0.07098551839590073,-0.07098551839590073,0.12786665558815002,0.12786665558815002,0.6875313520431519,0.6875313520431519,-0.07604614645242691,-0.07604614645242691,0.014567578211426735,0.014567578211426735,-28.870820999145508,-28.870820999145508,-22.203908920288086,-22.203908920288086,-7.586321830749512,-7.586321830749512,18.090171813964844,18.090171813964844,0.0,0.0,180.0
229,0.9541666666666666,-0.47796698343860966,5.348363237059735,301.91008277255077,-0.47796698343860966,5.348363237059735,301.91008277255077,5.0,-5.0,0.0,0.0,15.0,0,0.5,0.0,0.0,4.0,4.0,4.0,5.348362922668457,5.348362922668457,5.348363399505615,5.348363399505615,-0.450483500957489,-0.4506973922252655,7.1068572998046875,7.043339252471924,0.07098893821239471,0.07098893821239471,0.0,0.0,nan,nan,3.605567455291748,3.605567455291748,7.211134910583496,0.0,-0.8508800268173218,0.08092880994081497,0.0,0.0,0.0,0.08092880994081497,0.0,-0.8508800268173218,0.0,0.0,0.0,0.26421868801116943,0.4552755653858185,-0.6733936071395874,0.0,0.0,0.0,0.0,-0.8508800268173218,0.08092880994081497,0.0,0.0,0.0,0.08092880994081497,0.0,-0.8508800268173218,-0.0,-0.0,-0.0,0.2642187178134918,-0.45527544617652893,-0.673393726348877,0.0,0.0,0.0,4.470348358154297e-08,0.0,0.6000000238418579,-5.960464477539063e-08,0.05600003898143768,0.6000000238418579,-5.960464477539063e-08,-0.055999934673309326,0.6000000238418579,0.5284373760223389,1.1920928955078125e-07,-1.3467873334884644,0.0,0.0,0.0,-6.332993507385254e-08,-1.4048086427465023e-07,-2.60770320892334e-08,25.876405715942383,25.876405715942383,41.17609786987305,41.17610168457031,0.11794667690992355,0.11794667690992355,0.7199033498764038,0.7199033498764038,0.1621500849723816,0.1621500849723816,0.0,0.0,2.522365093231201,2.522365093231201,-3.3732450008392334,-3.3732450008392334,0.15257614850997925,0.15257614850997925,0.0,0.0,-0.07164733111858368,-0.07164733111858368,0.08092880994081497,0.08092880994081497,0.6875313520431519,0.6875313520431519,-0.10936833173036575,-0.10936833173036575,-0.012002810835838318,-0.012002810835838318,-38.0911979675293,-38.0911979675293,-27.577194213867188,-27.577194213867188,-12.944524765014648,-12.944524765014648,19.067367553710938,19.067367553710938,0.0,0.0,180.0
230,0.9583333333333334,-0.4531044912600182,6.574725105432722,286.20557318996674,-0.4531044912600182,6.574725105432722,286.20557318996674,5.0,-5.0,0.0,0.0,15.0,0,0.5,0.0,0.0,4.0,4.0,4.0,6.574723243713379,6.574724197387695,6.574725151062012,6.574725151062012,-0.4226471185684204,-0.4227469265460968,7.443029880523682,7.419358730316162,0.0872664600610733,0.0872664600610733,0.0,0.0,nan,nan,5.7982072830200195,5.7982072830200195,11.596414566040039,0.0,-1.3015027046203613,0.06789825856685638,0.0,0.0,0.0,0.06789825856685638,0.0,-1.3015027046203613,0.0,0.0,0.0,0.35455477237701416,0.6688388586044312,-1.0608793497085571,0.0,0.0,0.0,0.0,-1.3015027046203613,0.06789825856685638,0.0,0.0,0.0,0.06789825856685638,0.0,-1.3015027046203613,-0.0,-0.0,-0.0,0.35455483198165894,-0.6688386797904968,-1.0608794689178467,0.0,0.0,0.0,4.470348358154297e-08,0.0,0.6000000238418579,-5.960464477539063e-08,0.05600002408027649,0.5999999642372131,1.4901161193847656e-08,-0.055999964475631714,0.6000000238418579,0.7091096043586731,1.7881393432617188e-07,-2.1217589378356934,0.0,0.0,0.0,-1.862645149230957e-08,-1.6340811725967797e-07,-6.705522537231445e-08,27.812030792236328,27.812030792236328,44.87302017211914,44.87302017211914,0.11794667690992355,0.11794667690992355,0.5998412370681763,0.5998412370681763,0.28221216797828674,0.28221216797828674,0.0,0.0,1.9643778800964355,1.9643778800964355,-3.265880584716797,-3.265880584716797,0.14052316546440125,0.14052316546440125,0.0,0.0,-0.07262490689754486,-0.07262490689754486,0.06789825856685638,0.06789825856685638,0.6875313520431519,0.6875313520431519,-0.14259451627731323,-0.14259451627731323,-0.0366755835711956,-0.0366755835711956,-46.861289978027344,-46.861289978027344,-32.69865417480469,-32.69865417480469,-18.046876907348633,-18.046876907348633,20.0,20.0,0.0,0.0,180.0
231,0.9625,-0.4232776914569722,7.729052909700865,267.36533545514726,-0.4232776914569722,7.729052909700865,267.36533545514726,5.0,-5.0,0.0,0.0,15.0,0,0.5,0.0,0.0,4.0,4.0,4.0,7.7290520668029785,7.729051113128662,7.729052543640137,7.729052543640137,-0.39018669724464417,-0.3901713490486145,7.696592330932617,7.713010787963867,0.10258787870407104,0.10258787870407104,0.0,0.0,nan,nan,8.291972160339355,8.291972160339355,16.58394432067871,0.0,-1.7233970165252686,0.08743828535079956,0.0,0.0,0.0,0.08743828535079956,0.0,-1.7233970165252686,0.0,0.0,0.0,0.4737671911716461,0.8411648273468018,-1.4302898645401,0.0,0.0,0.0,0.0,-1.7233970165252686,0.08743828535079956,0.0,0.0,0.0,0.08743828535079956,0.0,-1.7233970165252686,-0.0,-0.0,-0.0,0.4737672805786133,-0.8411646485328674,-1.4302899837493896,0.0,0.0,0.0,4.470348358154297e-08,0.0,0.6000000238418579,-8.940696716308594e-08,0.05600005388259888,0.5999999642372131,-5.960464477539063e-08,-0.055999934673309326,0.6000000238418579,0.947534441947937,1.7881393432617188e-07,-2.8605799674987793,0.0,0.0,0.0,-1.1175870895385742e-07,-3.6924643609381747e-07,-7.82310962677002e-08,29.422452926635742,29.422452926635742,47.69276809692383,47.69276809692383,0.11794667690992355,0.11794667690992355,0.5156482458114624,0.5156482458114624,0.366405189037323,0.366405189037323,0.0,0.0,1.3993496894836426,1.3993496894836426,-3.122746706008911,-3.122746706008911,0.16130149364471436,0.16130149364471436,0.0,0.0,-0.07386322319507599,-0.07386322319507599,0.08743828535079956,0.08743828535079956,0.6875313520431519,0.6875313520431519,-0.17533646523952484,-0.17533646523952484,-0.05915629118680954,-0.05915629118680954,-55.08332824707031,-55.08332824707031,-37.51090621948242,-37.51090621948242,-22.83620834350586,-22.83620834350586,20.877853393554688,20.877853393554688,0.0,0.0,180.0
232,0.9666666666666667,-0.3888133726897734,8.798699592881986,245.5957871552886,-0.3888133726897734,8.798699592881986,245.5957871552886,5.0,-5.0,0.0,0.0,15.0,0,0.5,0.0,0.0,4.0,4.0,4.0,8.798697471618652,8.798699378967285,8.798699378967285,8.798699378967285,-0.35345396399497986,-0.3533235788345337,7.865415096282959,7.9217305183410645,0.11678532510995865,0.11678532510995865,0.0,0.0,nan,nan,10.983920097351074,10.983920097351074,21.96784019470215,0.0,-2.11802339553833,0.13733989000320435,0.0,0.0,0.0,0.13733989000320435,0.0,-2.11802339553833,0.0,0.0,0.0,0.6200483441352844,0.9694641828536987,-1.7834136486053467,0.0,0.0,0.0,0.0,-2.11802339553833,0.13733989000320435,0.0,0.0,0.0,0.13733989000320435,0.0,-2.11802339553833,-0.0,-0.0,-0.0,0.620048463344574,-0.9694638252258301,-1.7834138870239258,0.0,0.0,0.0,4.470348358154297e-08,0.0,0.6000000238418579,-1.1920928955078125e-07,0.05600005388259888,0.6000000238418579,7.450580596923828e-08,-0.055999964475631714,0.6000000238418579,1.2400968074798584,3.5762786865234375e-07,-3.5668275356292725,0.0,0.0,0.0,-1.4901161193847656e-07,-2.3917439762044523e-07,-2.384185791015625e-07,30.742801666259766,30.742807388305664,49.827266693115234,49.827266693115234,0.11794667690992355,0.11794667690992355,0.45904016494750977,0.45904016494750977,0.42301318049430847,0.42301318049430847,0.0,0.0,0.8287456035614014,0.8287456035614014,-2.9467689990997314,-2.9467689990997314,0.21263575553894043,0.21263575553894043,0.0,0.0,-0.07529588043689728,-0.07529588043689728,0.13733989000320435,0.13733989000320435,0.6875313520431519,0.6875313520431519,-0.20722396671772003,-0.20722396671772003,-0.07918713241815567,-0.07918713241815567,-62.66898727416992,-62.66898727416992,-41.961952209472656,-41.961952209472656,-27.260766983032227,-27.260766983032227,21.691307067871094,21.691307067871094,0.0,0.0,180.0
233,0.9708333333333333,-0.35008913324695523,9.771945882077269,221.13544001713328,-0.35008913324695523,9.771945882077269,221.13544001713328,5.0,-5.0,0.0,0.0,15.0,0,0.5,0.0,0.0,4.0,4.0,4.0,9.771944046020508,9.771944046020508,9.77194595336914,9.77194595336914,-0.3128495514392853,-0.3126055598258972,7.947925090789795,8.0435209274292,0.12970323860645294,0.12970323860645294,0.0,0.0,nan,nan,13.759259223937988,13.759259223937988,27.518518447875977,0.0,-2.4838132858276367,0.21405309438705444,0.0,0.0,0.0,0.21405309438705444,0.0,-2.4838132858276367,0.0,0.0,0.0,0.7892844676971436,1.0505461692810059,-2.1186153888702393,0.0,0.0,0.0,0.0,-2.4838132858276367,0.21405309438705444,0.0,0.0,0.0,0.21405309438705444,0.0,-2.4838132858276367,-0.0,-0.0,-0.0,0.7892845273017883,-1.050545573234558,-2.11861515045166,0.0,0.0,0.0,4.470348358154297e-08,0.0,0.6000000238418579,-2.9802322387695312e-08,0.05600002408027649,0.6000000238418579,-5.960464477539063e-08,-0.05599990487098694,0.5999999642372131,1.578568935394287,5.960464477539062e-07,-4.23723030090332,0.0,0.0,0.0,-3.3527612686157227e-07,-4.2588294490997214e-07,-6.332993507385254e-08,31.810546875,31.810548782348633,51.43326187133789,51.43326187133789,0.11794667690992355,0.11794667690992355,0.4165618121623993,0.4165618121623993,0.46549156308174133,0.46549156308174133,0.0,0.0,0.25728273391723633,0.25728273391723633,-2.741095781326294,-2.741095781326294,0.29089999198913574,0.29089999198913574,0.0,0.0,-0.0768468976020813,-0.0768468976020813,0.21405309438705444,0.21405309438705444,0.6875313520431519,0.6875313520431519,-0.23790986835956573,-0.23790986835956573,-0.09655079990625381,-0.09655079990625381,-69.54007720947266,-69.54007720947266,-46.005615234375,-46.005615234375,-31.274667739868164,-31.274667739868164,22.431447982788086,22.431447982788086,0.0,0.0,180.0
234,0.975,-0.30752924399942233,10.63812868727737,194.25228672258442,-0.30752924399942233,10.63812868727737,194.25228672258442,5.0,-5.0,0.0,0.0,15.0,0,0.5,0.0,0.0,4.0,4.0,4.0,10.6381254196167,10.638129234313965,10.638128280639648,10.638129234313965,-0.268818736076355,-0.2684638500213623,7.943155765533447,8.076977729797363,0.14120009541511536,0.14120009541511536,0.0,0.0,nan,nan,16.490360260009766,16.490360260009766,32.98072052001953,0.0,-2.8163435459136963,0.3124285340309143,0.0,0.0,0.0,0.3124285340309143,0.0,-2.8163435459136963,0.0,0.0,0.0,0.9748148322105408,1.0815327167510986,-2.4309310913085938,0.0,0.0,0.0,0.0,-2.8163435459136963,0.3124285340309143,0.0,0.0,0.0,0.3124285340309143,0.0,-2.8163435459136963,-0.0,-0.0,-0.0,0.9748150706291199,-1.0815324783325195,-2.4309310913085938,0.0,0.0,0.0,4.470348358154297e-08,0.0,0.6000000238418579,-4.470348358154297e-08,0.0559999942779541,0.6000000238418579,-2.9802322387695312e-08,-0.055999934673309326,0.5999999642372131,1.9496299028396606,2.384185791015625e-07,-4.8618621826171875,0.0,0.0,0.0,-2.086162567138672e-07,-4.5656415181838383e-07,-5.960464477539063e-08,32.66132736206055,32.66133499145508,52.6333122253418,52.6333122253418,0.11794667690992355,0.11794667690992355,0.3882598280906677,0.3882598280906677,0.4937935173511505,0.4937935173511505,0.0,0.0,-0.3073969781398773,-0.3073969781398773,-2.508946657180786,-2.508946657180786,0.39086174964904785,0.39086174964904785,0.0,0.0,-0.07843320816755295,-0.07843320816755295,0.3124285340309143,0.3124285340309143,0.6875313520431519,0.6875313520431519,-0.26707345247268677,-0.26707345247268677,-0.1110726147890091,-0.1110726147890091,-75.62899017333984,-75.62899017333984,-49.6018180847168,-49.6018180847168,-34.83816146850586,-34.83816146850586,23.09016990661621,23.09016990661621,0.0,0.0,180.0
235,0.9791666666666666,-0.26160000000000017,11.387757928408112,165.24086472479857,-0.26160000000000017,11.387757928408112,165.24086472479857,5.0,-5.0,0.0,0.0,15.0,0,0.5,0.0,0.0,4.0,4.0,4.0,11.387757301330566,11.387755393981934,11.387758255004883,11.387758255004883,-0.22184622287750244,-0.221384197473526,7.850795745849609,8.021371841430664,0.1511499434709549,0.1511499434709549,0.0,0.0,nan,nan,19.040014266967773,19.040014266967773,38.08002853393555,0.0,-3.1088550090789795,0.4257430136203766,0.0,0.0,0.0,0.4257430136203766,0.0,-3.1088550090789795,0.0,0.0,0.0,1.167574167251587,1.0608117580413818,-2.712505578994751,0.0,0.0,0.0,0.0,-3.1088550090789795,0.4257430136203766,0.0,0.0,0.0,0.4257430136203766,0.0,-3.1088550090789795,-0.0,-0.0,-0.0,1.167574167251587,-1.0608110427856445,-2.71250581741333,0.0,0.0,0.0,4.470348358154297e-08,0.0,0.6000000238418579,-5.960464477539063e-08,0.05600005388259888,0.6000000238418579,-1.043081283569336e-07,-0.05599990487098694,0.5999999642372131,2.335148334503174,7.152557373046875e-07,-5.42501163482666,0.0,0.0,0.0,-4.470348358154297e-07,-7.567240345451864e-07,-1.2665987014770508e-07,33.32706069946289,33.32706069946289,53.52107620239258,53.52107620239258,0.11794667690992355,0.11794667690992355,0.37411409616470337,0.37411409616470337,0.5079392194747925,0.5079392194747925,0.0,0.0,-0.8553740978240967,-0.8553740978240967,-2.253480911254883,-2.253480911254883,0.5057113766670227,0.5057113766670227,0.0,0.0,-0.07996834814548492,-0.07996834814548492,0.4257430136203766,0.4257430136203766,0.6875313520431519,0.6875313520431519,-0.29442280530929565,-0.29442280530929565,-0.12262101471424103,-0.12262101471424103,-80.8786849975586,-80.8786849975586,-52.716636657714844,-52.716636657714844,-37.91768264770508,-37.91768264770508,23.660253524780273,23.660253524780273,0.0,0.0,180.0
236,0.9833333333333333,-0.21280461165726028,12.012620510633644,134.4190292342149,-0.21280461165726028,12.012620510633644,134.4190292342149,5.0,-5.0,0.0,0.0,15.0,0,0.5,0.0,0.0,4.0,4.0,4.0,12.012622833251953,12.012619018554688,12.012621879577637,12.012621879577637,-0.1724501997232437,-0.1718861311674118,7.671280384063721,7.8767170906066895,0.15944376587867737,0.15944376587867737,0.0,0.0,nan,nan,21.268205642700195,21.268205642700195,42.53641128540039,0.0,-3.352978229522705,0.5460072755813599,0.0,0.0,0.0,0.5460072755813599,0.0,-3.352978229522705,0.0,0.0,0.0,1.3566049337387085,0.9890193939208984,-2.9533119201660156,0.0,0.0,0.0,0.0,-3.352978229522705,0.5460072755813599,0.0,0.0,0.0,0.5460072755813599,0.0,-3.352978229522705,-0.0,-0.0,-0.0,1.356604814529419,-0.9890182614326477,-2.953312397003174,0.0,0.0,0.0,4.470348358154297e-08,0.0,0.6000000238418579,1.4901161193847656e-08,0.056000083684921265,0.6000000238418579,-1.4901161193847656e-08,-0.055999964475631714,0.6000000238418579,2.713209629058838,1.1324882507324219e-06,-5.9066243171691895,0.0,0.0,0.0,-3.129243850708008e-07,-2.6404669029034267e-07,-1.341104507446289e-07,33.83513259887695,33.83513259887695,54.16705322265625,54.16705322265625,0.11794667690992355,0.11794667690992355,0.3599705994129181,0.3599705994129181,0.5220827460289001,0.5220827460289001,0.0,0.0,-1.3752729892730713,-1.3752729892730713,-1.977705478668213,-1.977705478668213,0.6273742318153381,0.6273742318153381,0.0,0.0,-0.0813668966293335,-0.0813668966293335,0.5460072755813599,0.5460072755813599,0.6875313520431519,0.6875313520431519,-0.3196948766708374,-0.3196948766708374,-0.13110613822937012,-0.13110613822937012,-85.24230194091797,-85.24230194091797,-55.32205581665039,-55.32205581665039,-40.48560333251953,-40.48560333251953,24.135456085205078,24.135456085205078,0.0,0.0,180.0
237,0.9874999999999999,-0.16167769145697386,12.505870308742246,102.12447073034986,-0.16167769145697386,12.505870308742246,102.12447073034986,5.0,-5.0,0.0,0.0,15.0,0,0.5,0.0,0.0,4.0,4.0,4.0,12.50586986541748,12.505867004394531,12.50586986541748,12.50586986541748,-0.1211763471364975,-0.12051628530025482,7.40586519241333,7.643869876861572,0.1659906804561615,0.1659906804561615,0.0,0.0,nan,nan,23.041179656982422,23.041179656982422,46.082359313964844,0.0,-3.539578437805176,0.6645023226737976,0.0,0.0,0.0,0.6645023226737976,0.0,-3.539578437805176,0.0,0.0,0.0,1.5298748016357422,0.869857668876648,-3.142134666442871,0.0,0.0,0.0,0.0,-3.539578437805176,0.6645023226737976,0.0,0.0,0.0,0.6645023226737976,0.0,-3.539578437805176,-0.0,-0.0,-0.0,1.5298746824264526,-0.8698567748069763,-3.14213490486145,0.0,0.0,0.0,4.470348358154297e-08,0.0,0.6000000238418579,-1.4901161193847656e-08,0.05600005388259888,0.6000000238418579,-4.470348358154297e-08,-0.05599990487098694,0.5999999642372131,3.0597496032714844,8.940696716308594e-07,-6.284269332885742,0.0,0.0,0.0,-5.066394805908203e-07,-5.594022240984486e-07,-2.1606683731079102e-07,34.208213806152344,34.208213806152344,54.62337875366211,54.62337875366211,0.11794667690992355,0.11794667690992355,0.34582775831222534,0.34582775831222534,0.5362256169319153,0.5362256169319153,0.0,0.0,-1.8551560640335083,-1.8551560640335083,-1.684422254562378,-1.684422254562378,0.7470517754554749,0.7470517754554749,0.0,0.0,-0.08254943788051605,-0.08254943788051605,0.6645023226737976,0.6645023226737976,0.6875313520431519,0.6875313520431519,-0.3426550030708313,-0.3426550030708313,-0.13647718727588654,-0.13647718727588654,-88.6827163696289,-88.6827163696289,-57.395782470703125,-57.395782470703125,-42.52003479003906,-42.52003479003906,24.51056671142578,24.51056671142578,0.0,0.0,180.0
238,0.9916666666666667,-0.10877939663585097,12.862103174726666,68.71101515424253,-0.10877939663585097,12.862103174726666,68.71101515424253,5.0,-5.0,0.0,0.0,15.0,0,0.5,0.0,0.0,4.0,4.0,4.0,12.862103462219238,12.862100601196289,12.862103462219238,12.862103462219238,-0.06859129667282104,-0.06784234195947647,7.056676387786865,7.324594020843506,0.1707189679145813,0.1707189679145813,0.0,0.0,nan,nan,24.241369247436523,24.241369247436523,48.48273849487305,0.0,-3.659621238708496,0.7724611759185791,0.0,0.0,0.0,0.7724611759185791,0.0,-3.659621238708496,0.0,0.0,0.0,1.6752947568893433,0.7105360627174377,-3.267728567123413,0.0,0.0,0.0,0.0,-3.659621238708496,0.7724611759185791,0.0,0.0,0.0,0.7724611759185791,0.0,-3.659621238708496,-0.0,-0.0,-0.0,1.6752946376800537,-0.7105352282524109,-3.267728805541992,0.0,0.0,0.0,4.470348358154297e-08,0.0,0.6000000238418579,0.0,0.05600005388259888,0.6000000238418579,-7.450580596923828e-08,-0.05599990487098694,0.5999999642372131,3.3505892753601074,8.344650268554688e-07,-6.535457611083984,0.0,0.0,0.0,-5.21540641784668e-07,-6.35477817922947e-07,-2.0116567611694336e-07,34.464237213134766,34.4642333984375,54.927406311035156,54.92740249633789,0.11794667690992355,0.11794667690992355,0.33168351650238037,0.33168351650238037,0.5503698587417603,0.5503698587417603,0.0,0.0,-2.2834019660949707,-2.2834019660949707,-1.3762192726135254,-1.3762192726135254,0.8559087514877319,0.8559087514877319,0.0,0.0,-0.08344756811857224,-0.08344756811857224,0.7724611759185791,0.7724611759185791,0.6875313520431519,0.6875313520431519,-0.3630954921245575,-0.3630954921245575,-0.13871921598911285,-0.13871921598911285,-91.17183685302734,-91.17183685302734,-58.920772552490234,-58.920772552490234,-44.004371643066406,-44.004371643066406,24.781476974487305,24.781476974487305,0.0,0.0,180.0
239,0.9958333333333333,-0.054689291981637106,13.077416146760635,34.5447473174033,-0.054689291981637106,13.077416146760635,34.5447473174033,5.0,-5.0,0.0,0.0,15.0,0,0.5,0.0,0.0,4.0,4.0,4.0,13.077411651611328,13.077411651611328,13.07741641998291,13.07741641998291,-0.01527581736445427,-0.014446042478084564,6.626794815063477,6.921618461608887,0.17357681691646576,0.17357681691646576,0.0,0.0,nan,nan,24.776870727539062,24.776870727539062,49.553741455078125,0.0,-3.704998016357422,0.8617952466011047,0.0,0.0,0.0,0.8617952466011047,0.0,-3.704998016357422,0.0,0.0,0.0,1.7817952632904053,0.5217998623847961,-3.320034980773926,0.0,0.0,0.0,0.0,-3.704998016357422,0.8617952466011047,0.0,0.0,0.0,0.8617952466011047,0.0,-3.704998016357422,-0.0,-0.0,-0.0,1.7817955017089844,-0.5217990279197693,-3.320034980773926,0.0,0.0,0.0,4.470348358154297e-08,0.0,0.6000000238418579,-1.341104507446289e-07,0.05600005388259888,0.5999999642372131,-8.940696716308594e-08,-0.055999934673309326,0.6000000238418579,3.5635907649993896,8.344650268554688e-07,-6.640069961547852,0.0,0.0,0.0,-3.5762786865234375e-07,-1.1451231785031268e-06,-2.3096799850463867e-07,34.61635208129883,34.61635971069336,55.10426712036133,55.10426712036133,0.11794667690992355,0.11794667690992355,0.33168351650238037,0.33168351650238037,0.5503698587417603,0.5503698587417603,0.0,0.0,-2.64949369430542,-2.64949369430542,-1.055504560470581,-1.055504560470581,0.9458039402961731,0.9458039402961731,0.0,0.0,-0.08400866389274597,-0.08400866389274597,0.8617952466011047,0.8617952466011047,0.6875313520431519,0.6875313520431519,-0.38083311915397644,-0.38083311915397644,-0.137848362326622,-0.137848362326622,-92.68999481201172,-92.68999481201172,-59.88494110107422,-59.88494110107422,-44.926971435546875,-44.926971435546875,24.945220947265625,24.945220947265625,0.0,0.0,180.0
240,1.0,-5.125881642511161e-16,13.149450210865439,3.2377871371770435e-13,-5.125881642511161e-16,13.149450210865439,3.2377871371770435e-13,5.0,-5.0,0.0,0.0,15.0,0,0.5,0.0,0.0,4.0,4.0,4.0,13.14945125579834,13.14944839477539,13.149450302124023,13.149450302124023,0.03785882517695427,0.03876300901174545,6.0684919357299805,6.385886192321777,0.1745329201221466,0.1745329201221466,0.0,0.0,nan,nan,22.978927612304688,22.978927612304688,45.957855224609375,0.0,-3.19177508354187,0.9701002836227417,0.0,0.0,0.0,0.9701002836227417,0.0,-3.19177508354187,0.0,0.0,0.0,1.760039210319519,0.27611708641052246,-2.820380210876465,0.0,0.0,0.0,0.0,-3.19177508354187,0.9701002836227417,0.0,0.0,0.0,0.9701002836227417,0.0,-3.19177508354187,-0.0,-0.0,-0.0,1.760039210319519,-0.27611640095710754,-2.820380210876465,0.0,0.0,0.0,4.470348358154297e-08,0.0,0.6000000238418579,0.0,0.05600005388259888,0.6000000238418579,-5.960464477539063e-08,-0.055999934673309326,0.6000000238418579,3.520078420639038,6.854534149169922e-07,-5.64076042175293,0.0,0.0,0.0,-3.427267074584961e-07,-4.2026937308037304e-07,-1.9371509552001953e-07,34.67287063598633,34.67287063598633,55.16856002807617,55.16856002807617,0.11794667690992355,0.11794667690992355,0.33168351650238037,0.33168351650238037,0.5503698587417603,0.5503698587417603,0.0,0.0,-3.19177508354187,-3.19177508354187,-4.275805377080763e-15,-4.275805377080763e-15,1.0542998313903809,1.0542998313903809,0.0,0.0,-0.08419948071241379,-0.08419948071241379,0.9701002836227417,0.9701002836227417,0.6875313520431519,0.6875313520431519,-0.4086047410964966,-0.4086047410964966,-0.14680534601211548,-0.14680534601211548,-93.22547149658203,-93.22547149658203,-60.28449249267578,-60.28449249267578,-45.28449249267578,-45.28449249267578,25.0,25.0,0.0,0.0,180.0
241,1.0041666666666667,0.05468929198163609,13.077416146760639,-34.54474731740265,0.05468929198163609,13.077416146760639,-34.54474731740265,5.0,-5.0,0.0,0.0,15.0,0,0.5,0.0,0.0,4.0,4.0,4.0,13.077413558959961,13.077415466308594,13.077417373657227,13.07741641998291,0.09119296073913574,0.09215692430734634,5.542169094085693,5.880609512329102,0.17357681691646576,0.17357681691646576,0.0,0.0,nan,nan,23.661972045898438,23.661972045898438,47.323944091796875,0.0,-3.5482778549194336,0.959634006023407,0.0,0.0,0.0,0.959634006023407,0.0,-3.5482778549194336,0.0,0.0,0.0,1.8448281288146973,0.11326973885297775,-3.177255630493164,0.0,0.0,0.0,0.0,-3.5482778549194336,0.959634006023407,0.0,0.0,0.0,0.959634006023407,0.0,-3.5482778549194336,-0.0,-0.0,-0.0,1.8448281288146973,-0.11326901614665985,-3.177255630493164,0.0,0.0,0.0,4.470348358154297e-08,0.0,0.6000000238418579,-1.2665987014770508e-07,0.05600002408027649,0.5999999642372131,-1.4901161193847656e-08,-0.055999964475631714,0.6000000238418579,3.6896562576293945,7.227063179016113e-07,-6.354511260986328,0.0,0.0,0.0,-1.9371509552001953e-07,-8.438047416348127e-07,-1.2665987014770508e-07,34.63703918457031,34.63703918457031,55.12528610229492,55.12528610229492,0.11794667690992355,0.11794667690992355,0.33168351650238037,0.33168351650238037,0.5503698587417603,0.5503698587417603,0.0,0.0,-3.162571907043457,-3.162571907043457,-0.3857057988643646,-0.3857057988643646,1.0436427593231201,1.0436427593231201,0.0,0.0,-0.08400866389274597,-0.08400866389274597,0.959634006023407,0.959634006023407,0.6875313520431519,0.6875313520431519,-0.4075804352760315,-0.4075804352760315,-0.12696640193462372,-0.12696640193462372,-92.77405548095703,-92.77405548095703,-60.105342864990234,-60.105342864990234,-45.06331253051758,-45.06331253051758,24.945220947265625,24.945220947265625,0.0,0.0,180.0
242,1.0083333333333333,0.10877939663584997,12.862103174726673,-68.7110151542419,0.10877939663584997,12.862103174726673,-68.7110151542419,5.0,-5.0,0.0,0.0,15.0,0,0.5,0.0,0.0,4.0,4.0,4.0,12.862104415893555,12.862102508544922,12.862103462219238,12.862103462219238,0.14317482709884644,0.1441907435655594,4.898515224456787,5.253173828125,0.1707189679145813,0.1707189679145813,0.0,0.0,nan,nan,22.019763946533203,22.019763946533203,44.039527893066406,0.0,-3.340590000152588,0.9608744978904724,0.0,0.0,0.0,0.9608744978904724,0.0,-3.340590000152588,0.0,0.0,0.0,1.792528510093689,-0.07402873039245605,-2.9772777557373047,0.0,0.0,0.0,0.0,-3.340590000152588,0.9608744978904724,0.0,0.0,0.0,0.9608744978904724,0.0,-3.340590000152588,-0.0,-0.0,-0.0,1.7925286293029785,0.07402940839529037,-2.9772777557373047,0.0,0.0,0.0,4.470348358154297e-08,0.0,0.6000000238418579,-8.940696716308594e-08,0.05600005388259888,0.5999999642372131,1.4901161193847656e-08,-0.055999964475631714,0.6000000238418579,3.585057258605957,6.780028343200684e-07,-5.954555511474609,0.0,0.0,0.0,-2.682209014892578e-07,-5.948568855274061e-07,-1.4901161193847656e-07,34.50687026977539,34.50687026977539,54.97015380859375,54.97015380859375,0.11794667690992355,0.11794667690992355,0.33168351650238037,0.33168351650238037,0.5503698587417603,0.5503698587417603,0.0,0.0,-3.2993273735046387,-3.2993273735046387,-0.04126247018575668,-0.04126247018575668,1.0443220138549805,1.0443220138549805,0.0,0.0,-0.08344756811857224,-0.08344756811857224,0.9608744978904724,0.9608744978904724,0.6875313520431519,0.6875313520431519,-0.4163326621055603,-0.4163326621055603,-0.11711011826992035,-0.11711011826992035,-91.33904266357422,-91.33904266357422,-59.35974884033203,-59.35974884033203,-44.276145935058594,-44.276145935058594,24.781476974487305,24.781476974487305,0.0,0.0,180.0
243,1.0125,0.1616776914569711,12.505870308742267,-102.12447073034811,0.1616776914569711,12.505870308742267,-102.12447073034811,5.0,-5.0,0.0,0.0,15.0,0,0.5,0.0,0.0,4.0,4.0,4.0,12.505867004394531,12.505868911743164,12.50586986541748,12.50586986541748,0.1935575008392334,0.19461442530155182,4.1963043212890625,4.563189506530762,0.1659906804561615,0.1659906804561615,0.0,0.0,nan,nan,19.73407745361328,19.73407745361328,39.46815490722656,0.0,-3.0477731227874756,0.929520308971405,0.0,0.0,0.0,0.929520308971405,0.0,-3.0477731227874756,0.0,0.0,0.0,1.6844470500946045,-0.22855328023433685,-2.695056676864624,0.0,0.0,0.0,0.0,-3.0477731227874756,0.929520308971405,0.0,0.0,0.0,0.929520308971405,0.0,-3.0477731227874756,-0.0,-0.0,-0.0,1.6844474077224731,0.2285538911819458,-2.695056438446045,0.0,0.0,0.0,4.470348358154297e-08,0.0,0.6000000238418579,-1.341104507446289e-07,0.05600002408027649,0.5999999642372131,-1.4901161193847656e-08,-0.05599990487098694,0.5999999642372131,3.368894577026367,6.109476089477539e-07,-5.39011287689209,0.0,0.0,0.0,-3.2782554626464844e-07,-8.433532912022201e-07,-1.564621925354004e-07,34.27505874633789,34.275062561035156,54.68935775756836,54.689361572265625,0.11794667690992355,0.11794667690992355,0.34582775831222534,0.34582775831222534,0.5362256169319153,0.5362256169319153,0.0,0.0,-3.3539724349975586,-3.3539724349975586,0.3061996400356293,0.3061996400356293,1.0120697021484375,1.0120697021484375,0.0,0.0,-0.08254943788051605,-0.08254943788051605,0.929520308971405,0.929520308971405,0.6875313520431519,0.6875313520431519,-0.42186641693115234,-0.42186641693115234,-0.10444542020559311,-0.10444542020559311,-88.93122863769531,-88.93122863769531,-58.04961395263672,-58.04961395263672,-42.925357818603516,-42.925357818603516,24.51056671142578,24.51056671142578,0.0,0.0,180.0
244,1.0166666666666666,0.21280461165725761,12.012620510633674,-134.4190292342132,0.21280461165725761,12.012620510633674,-134.4190292342132,5.0,-5.0,0.0,0.0,15.0,0,0.5,0.0,0.0,4.0,4.0,4.0,12.012622833251953,12.01262092590332,12.01262092590332,12.01262092590332,0.24178996682167053,0.24287661910057068,3.443376064300537,3.818385124206543,0.15944376587867737,0.15944376587867737,0.0,0.0,nan,nan,16.918792724609375,16.918792724609375,33.83758544921875,0.0,-2.6744585037231445,0.8680248260498047,0.0,0.0,0.0,0.8680248260498047,0.0,-2.6744585037231445,0.0,0.0,0.0,1.5251439809799194,-0.3365868926048279,-2.338127613067627,0.0,0.0,0.0,0.0,-2.6744585037231445,0.8680248260498047,0.0,0.0,0.0,0.8680248260498047,0.0,-2.6744585037231445,-0.0,-0.0,-0.0,1.5251439809799194,0.33658748865127563,-2.338127374649048,0.0,0.0,0.0,4.470348358154297e-08,0.0,0.6000000238418579,-1.4901161193847656e-08,0.05600005388259888,0.5999999642372131,-8.940696716308594e-08,-0.055999964475631714,0.6000000238418579,3.050287961959839,5.960464477539062e-07,-4.676255226135254,0.0,0.0,0.0,-2.5331974029541016e-07,-5.43836222277605e-07,-1.564621925354004e-07,33.929054260253906,33.929054260253906,54.25863265991211,54.25863265991211,0.11794667690992355,0.11794667690992355,0.34582775831222534,0.34582775831222534,0.5362256169319153,0.5362256169319153,0.0,0.0,-3.3283002376556396,-3.3283002376556396,0.6538419723510742,0.6538419723510742,0.9493916630744934,0.9493916630744934,0.0,0.0,-0.0813668966293335,-0.0813668966293335,0.8680248260498047,0.8680248260498047,0.6875313520431519,0.6875313520431519,-0.4241059124469757,-0.4241059124469757,-0.08909580856561661,-0.08909580856561661,-85.56938934326172,-85.56938934326172,-56.185123443603516,-56.185123443603516,-41.021575927734375,-41.021575927734375,24.135456085205078,24.135456085205078,0.0,0.0,180.0
245,1.0208333333333333,0.2615999999999993,11.387757928408124,-165.240864724798,0.2615999999999993,11.387757928408124,-165.240864724798,5.0,-5.0,0.0,0.0,15.0,0,0.5,0.0,0.0,4.0,4.0,4.0,11.38775634765625,11.387758255004883,11.387758255004883,11.387758255004883,0.2873462736606598,0.2884508967399597,2.648386240005493,3.0273144245147705,0.1511499434709549,0.1511499434709549,0.0,0.0,nan,nan,13.72516918182373,13.72516918182373,27.45033836364746,0.0,-2.228184700012207,0.7810051441192627,0.0,0.0,0.0,0.7810051441192627,0.0,-2.228184700012207,0.0,0.0,0.0,1.3222825527191162,-0.38790759444236755,-1.917256474494934,0.0,0.0,0.0,0.0,-2.228184700012207,0.7810051441192627,0.0,0.0,0.0,0.7810051441192627,0.0,-2.228184700012207,-0.0,-0.0,-0.0,1.3222825527191162,0.38790807127952576,-1.917256474494934,0.0,0.0,0.0,4.470348358154297e-08,0.0,0.6000000238418579,-1.2665987014770508e-07,0.05600002408027649,0.5999999642372131,2.9802322387695312e-08,-0.055999964475631714,0.6000000238418579,2.6445651054382324,4.76837158203125e-07,-3.834512948989868,0.0,0.0,0.0,-1.4156103134155273e-07,-4.3593101395345e-07,-2.2351741790771484e-08,33.45112609863281,33.45112228393555,53.641597747802734,53.641597747802734,0.11794667690992355,0.11794667690992355,0.3599705994129181,0.3599705994129181,0.5220827460289001,0.5220827460289001,0.0,0.0,-3.226665496826172,-3.226665496826172,0.998481035232544,0.998481035232544,0.8609734773635864,0.8609734773635864,0.0,0.0,-0.07996834814548492,-0.07996834814548492,0.7810051441192627,0.7810051441192627,0.6875313520431519,0.6875313520431519,-0.42299923300743103,-0.42299923300743103,-0.07120217382907867,-0.07120217382907867,-81.2807846069336,-81.2807846069336,-53.78126907348633,-53.78126907348633,-38.580223083496094,-38.580223083496094,23.660253524780273,23.660253524780273,0.0,0.0,180.0
246,1.025,0.30752924399942005,10.638128687277412,-194.25228672258297,0.30752924399942005,10.638128687277412,-194.25228672258297,5.0,-5.0,0.0,0.0,15.0,0,0.5,0.0,0.0,4.0,4.0,4.0,10.638126373291016,10.638126373291016,10.638128280639648,10.638128280639648,0.32973089814186096,0.3308415710926056,1.8206133842468262,2.199239730834961,0.14120009541511536,0.14120009541511536,0.0,0.0,nan,nan,10.33301830291748,10.33301830291748,20.66603660583496,0.0,-1.7190345525741577,0.6747884750366211,0.0,0.0,0.0,0.6747884750366211,0.0,-1.7190345525741577,0.0,0.0,0.0,1.0859016180038452,-0.376674085855484,-1.4454596042633057,0.0,0.0,0.0,0.0,-1.7190345525741577,0.6747884750366211,0.0,0.0,0.0,0.6747884750366211,0.0,-1.7190345525741577,-0.0,-0.0,-0.0,1.0859016180038452,0.3766743838787079,-1.4454596042633057,0.0,0.0,0.0,4.470348358154297e-08,0.0,0.6000000238418579,-1.043081283569336e-07,0.05600002408027649,0.5999999642372131,0.0,-0.055999934673309326,0.6000000238418579,2.1718032360076904,2.980232238769531e-07,-2.8909192085266113,0.0,0.0,0.0,-1.564621925354004e-07,-3.447321432759054e-07,-5.960464477539063e-08,32.81843185424805,32.81843185424805,52.78731918334961,52.78731918334961,0.11794667690992355,0.11794667690992355,0.3882598280906677,0.3882598280906677,0.4937935173511505,0.4937935173511505,0.0,0.0,-3.0555949211120605,-3.0555949211120605,1.3365604877471924,1.3365604877471924,0.7532216906547546,0.7532216906547546,0.0,0.0,-0.07843320816755295,-0.07843320816755295,0.6747884750366211,0.6747884750366211,0.6875313520431519,0.6875313520431519,-0.4185221195220947,-0.4185221195220947,-0.05092410370707512,-0.05092410370707512,-76.1016845703125,-76.1016845703125,-50.858245849609375,-50.858245849609375,-35.62189865112305,-35.62189865112305,23.09016990661621,23.09016990661621,0.0,0.0,180.0
247,1.0291666666666666,0.35008913324695307,9.771945882077317,-221.13544001713194,0.35008913324695307,9.771945882077317,-221.13544001713194,5.0,-5.0,0.0,0.0,15.0,0,0.5,0.0,0.0,4.0,4.0,4.0,9.77194595336914,9.771944046020508,9.77194595336914,9.77194595336914,0.36848390102386475,0.36958861351013184,0.9698535203933716,1.3439693450927734,0.12970323860645294,0.12970323860645294,0.0,0.0,nan,nan,6.938737392425537,6.938737392425537,13.877474784851074,0.0,-1.159053087234497,0.5568212866783142,0.0,0.0,0.0,0.5568212866783142,0.0,-1.159053087234497,0.0,0.0,0.0,0.8274807929992676,-0.30185675621032715,-0.9368094801902771,0.0,0.0,0.0,0.0,-1.159053087234497,0.5568212866783142,0.0,0.0,0.0,0.5568212866783142,0.0,-1.159053087234497,-0.0,-0.0,-0.0,0.8274807333946228,0.3018568754196167,-0.9368094205856323,0.0,0.0,0.0,4.470348358154297e-08,0.0,0.6000000238418579,-7.450580596923828e-08,0.05600005388259888,0.5999999642372131,-7.450580596923828e-08,-0.055999934673309326,0.6000000238418579,1.6549615859985352,1.1920928955078125e-07,-1.8736188411712646,0.0,0.0,0.0,-1.341104507446289e-07,-2.726744696701644e-07,-1.0058283805847168e-07,32.003082275390625,32.003082275390625,51.626708984375,51.626705169677734,0.11794667690992355,0.11794667690992355,0.4165618121623993,0.4165618121623993,0.46549156308174133,0.46549156308174133,0.0,0.0,-2.823221206665039,-2.823221206665039,1.6641682386398315,1.6641682386398315,0.6336681842803955,0.6336681842803955,0.0,0.0,-0.0768468976020813,-0.0768468976020813,0.5568212866783142,0.5568212866783142,0.6875313520431519,0.6875313520431519,-0.41068142652511597,-0.41068142652511597,-0.028441643342375755,-0.028441643342375755,-70.07818603515625,-70.07818603515625,-47.441864013671875,-47.441864013671875,-32.17280578613281,-32.17280578613281,22.431447982788086,22.431447982788086,0.0,0.0,180.0
248,1.0333333333333332,0.3888133726897715,8.79869959288204,-245.59578715528738,0.3888133726897715,8.79869959288204,-245.59578715528738,5.0,-5.0,0.0,0.0,15.0,0,0.5,0.0,0.0,4.0,4.0,4.0,8.798697471618652,8.798700332641602,8.798699378967285,8.798699378967285,0.4031856954097748,0.4042724668979645,0.10621678829193115,0.4716775417327881,0.11678532510995865,0.11678532510995865,0.0,0.0,nan,nan,3.7410473823547363,3.7410473823547363,7.482094764709473,0.0,-0.5614643096923828,0.4350121021270752,0.0,0.0,0.0,0.4350121021270752,0.0,-0.5614643096923828,0.0,0.0,0.0,0.5589218735694885,-0.16710157692432404,-0.40516796708106995,0.0,0.0,0.0,0.0,-0.5614643096923828,0.4350121021270752,0.0,0.0,0.0,0.4350121021270752,0.0,-0.5614643096923828,-0.0,-0.0,-0.0,0.5589218735694885,0.1671016812324524,-0.40516793727874756,0.0,0.0,0.0,4.470348358154297e-08,0.0,0.6000000238418579,-1.1920928955078125e-07,0.0559999942779541,0.5999999642372131,7.450580596923828e-08,-0.0559999942779541,0.6000000238418579,1.117843747138977,1.043081283569336e-07,-0.8103358745574951,0.0,0.0,0.0,-1.1175870895385742e-08,-8.765159975610004e-08,2.9802322387695312e-08,30.97215461730957,30.97215461730957,50.06764221191406,50.06764221191406,0.11794667690992355,0.11794667690992355,0.45904016494750977,0.45904016494750977,0.42301318049430847,0.42301318049430847,0.0,0.0,-2.5385632514953613,-2.5385632514953613,1.9770989418029785,1.9770989418029785,0.510308027267456,0.510308027267456,0.0,0.0,-0.07529588043689728,-0.07529588043689728,0.4350121021270752,0.4350121021270752,0.6875313520431519,0.6875313520431519,-0.39951926469802856,-0.39951926469802856,-0.003957314416766167,-0.003957314416766167,-63.26660919189453,-63.26660919189453,-43.56381607055664,-43.56381607055664,-28.265003204345703,-28.265003204345703,21.691307067871094,21.691307067871094,0.0,0.0,180.0
249,1.0375,0.42327769145697275,7.729052909700847,-267.3653354551476,0.42327769145697275,7.729052909700847,-267.3653354551476,5.0,-5.0,0.0,0.0,15.0,0,0.5,0.0,0.0,4.0,4.0,4.0,7.729053020477295,7.729052543640137,7.729052543640137,7.729053020477295,0.43346092104911804,0.43451786041259766,-0.7600602507591248,-0.4072924852371216,0.10258787870407104,0.10258787870407104,0.0,0.0,nan,nan,0.9259294271469116,0.9259294271469116,1.8518588542938232,0.0,0.06025876849889755,0.3170948326587677,0.0,0.0,0.0,0.3170948326587677,0.0,0.06025876849889755,0.0,0.0,0.0,0.2915695607662201,0.019905680790543556,0.13700810074806213,0.0,0.0,0.0,0.0,0.06025876849889755,0.3170948326587677,0.0,0.0,0.0,0.3170948326587677,0.0,0.06025876849889755,-0.0,-0.0,-0.0,0.2915695607662201,-0.01990569941699505,0.13700811564922333,0.0,0.0,0.0,4.470348358154297e-08,0.0,0.6000000238418579,-4.470348358154297e-08,0.05600005388259888,0.5999999642372131,-5.960464477539063e-08,-0.055999964475631714,0.5999999642372131,0.5831391215324402,-1.862645149230957e-08,0.27401620149612427,0.0,0.0,0.0,1.1175870895385742e-08,-8.217261537879494e-09,-2.60770320892334e-08,29.688247680664062,29.68825340270996,47.989009857177734,47.98902130126953,0.11794667690992355,0.11794667690992355,0.5015096664428711,0.5015096664428711,0.38054367899894714,0.38054367899894714,0.0,0.0,-2.2106995582580566,-2.2106995582580566,2.270958185195923,2.270958185195923,0.3909580409526825,0.3909580409526825,0.0,0.0,-0.07386322319507599,-0.07386322319507599,0.3170948326587677,0.3170948326587677,0.6875313520431519,0.6875313520431519,-0.3851169943809509,-0.3851169943809509,0.02230161242187023,0.02230161242187023,-55.73393630981445,-55.73393630981445,-39.261966705322266,-39.261966705322266,-23.936664581298828,-23.936664581298828,20.877853393554688,20.877853393554688,0.0,0.0,180.0
250,1.0416666666666667,0.45310449126001867,6.574725105432704,-286.205573189967,0.45310449126001867,6.574725105432704,-286.205573189967,5.0,-5.0,0.0,0.0,15.0,0,0.5,0.0,0.0,4.0,4.0,4.0,6.574724197387695,6.5747246742248535,6.574725151062012,6.574725151062012,0.45898184180259705,0.4599974751472473,-1.6188337802886963,-1.2826377153396606,0.0872664600610733,0.0872664600610733,0.0,0.0,nan,nan,-1.3474327325820923,-1.3474327325820923,-2.6948654651641846,0.0,0.6934417486190796,0.2100943773984909,0.0,0.0,0.0,0.2100943773984909,0.0,0.6934417486190796,0.0,0.0,0.0,0.03537857159972191,0.24848680198192596,0.6797086000442505,0.0,0.0,0.0,0.0,0.6934417486190796,0.2100943773984909,0.0,0.0,0.0,0.2100943773984909,0.0,0.6934417486190796,-0.0,-0.0,-0.0,0.03537857532501221,-0.24848689138889313,0.6797085404396057,0.0,0.0,0.0,4.470348358154297e-08,0.0,0.6000000238418579,-9.685754776000977e-08,0.05600002408027649,0.5999999642372131,-8.940696716308594e-08,-0.055999934673309326,0.6000000238418579,0.07075715065002441,-8.940696716308594e-08,1.359417200088501,0.0,0.0,0.0,7.82310962677002e-08,1.85267538199696e-07,-4.889443516731262e-09,28.110885620117188,28.110885620117188,45.23462677001953,45.23462677001953,0.11794667690992355,0.11794667690992355,0.5859286785125732,0.5859286785125732,0.296124666929245,0.296124666929245,0.0,0.0,-1.8478643894195557,-1.8478643894195557,2.541306257247925,2.541306257247925,0.2827192544937134,0.2827192544937134,0.0,0.0,-0.07262490689754486,-0.07262490689754486,0.2100943773984909,0.2100943773984909,0.6875313520431519,0.6875313520431519,-0.3675980567932129,-0.3675980567932129,0.05008181929588318,0.05008181929588318,-47.5577392578125,-47.5577392578125,-34.5803108215332,-34.5803108215332,-19.232088088989258,-19.232088088989258,20.0,20.0,0.0,0.0,180.0
251,1.0458333333333334,0.47796698343860916,5.3483632370597585,-301.9100827725505,0.47796698343860916,5.3483632370597585,-301.9100827725505,5.0,-5.0,0.0,0.0,15.0,0,0.5,0.0,0.0,4.0,4.0,4.0,5.348362922668457,5.348362445831299,5.348363399505615,5.348363399505615,0.47947171330451965,0.4804348647594452,-2.460256338119507,-2.1443209648132324,0.07098893821239471,0.07098893821239471,0.0,0.0,nan,nan,-2.957315444946289,-2.957315444946289,-5.914630889892578,0.0,1.3272591829299927,0.11998675763607025,0.0,0.0,0.0,0.11998675763607025,0.0,1.3272591829299927,0.0,0.0,0.0,-0.2016494870185852,0.506264865398407,1.216160774230957,0.0,0.0,0.0,0.0,1.3272591829299927,0.11998675763607025,0.0,0.0,0.0,0.11998675763607025,0.0,1.3272591829299927,-0.0,-0.0,-0.0,-0.20164936780929565,-0.5062651634216309,1.216160774230957,0.0,0.0,0.0,4.470348358154297e-08,0.0,0.6000000238418579,-6.705522537231445e-08,0.0559999942779541,0.6000000238418579,-3.725290298461914e-08,-0.055999934673309326,0.6000000238418579,-0.40329885482788086,-2.980232238769531e-07,2.432321548461914,0.0,0.0,0.0,7.450580596923828e-08,2.3558871475870546e-07,3.725290298461914e-09,26.19974136352539,26.199739456176758,41.61005401611328,41.61005401611328,0.11794667690992355,0.11794667690992355,0.6943473815917969,0.6943473815917969,0.18770600855350494,0.18770600855350494,0.0,0.0,-1.4565637111663818,-1.4565637111663818,2.783823013305664,2.783823013305664,0.19163408875465393,0.19163408875465393,0.0,0.0,-0.07164733111858368,-0.07164733111858368,0.11998675763607025,0.11998675763607025,0.6875313520431519,0.6875313520431519,-0.3471300005912781,-0.3471300005912781,0.07910328358411789,0.07910328358411789,-38.82585906982422,-38.82585906982422,-29.568832397460938,-29.568832397460938,-14.201499938964844,-14.201499938964844,19.067367553710938,19.067367553710938,0.0,0.0,180.0
252,1.05,0.4975927693256242,4.063403581844669,-314.306802309531,0.4975927693256242,4.063403581844669,-314.306802309531,5.0,-5.0,0.0,0.0,15.0,0,0.5,0.0,0.0,4.0,4.0,4.0,4.063404083251953,4.063401699066162,4.063403606414795,4.063403606414795,0.4947068691253662,0.49560707807540894,-3.2749717235565186,-2.9827632904052734,0.05393363907933235,0.05393363907933235,0.0,0.0,nan,nan,-3.8247807025909424,-3.8247807025909424,-7.649561405181885,0.0,1.9536712169647217,0.051612477749586105,0.0,0.0,0.0,0.051612477749586105,0.0,1.9536712169647217,0.0,0.0,0.0,-0.41368845105171204,0.7804991602897644,1.7433239221572876,0.0,0.0,0.0,0.0,1.9536712169647217,0.051612477749586105,0.0,0.0,0.0,0.051612477749586105,0.0,1.9536712169647217,-0.0,-0.0,-0.0,-0.4136883020401001,-0.7804991602897644,1.743323802947998,0.0,0.0,0.0,4.470348358154297e-08,0.0,0.6000000238418579,2.2351741790771484e-08,0.05600005388259888,0.6000000238418579,-4.470348358154297e-08,-0.055999964475631714,0.6000000238418579,-0.8273767232894897,0.0,3.486647605895996,0.0,0.0,0.0,1.6391277313232422e-07,1.9483161395328352e-07,9.872019290924072e-08,23.921432495117188,23.921432495117188,36.89210510253906,36.89210510253906,0.11794667690992355,0.11794667690992355,0.8524252772331238,0.8524252772331238,0.029628142714500427,0.029628142714500427,0.0,0.0,-1.0408191680908203,-1.0408191680908203,2.994490623474121,2.994490623474121,0.12259799987077713,0.12259799987077713,0.0,0.0,-0.07098551839590073,-0.07098551839590073,0.051612477749586105,0.051612477749586105,0.6875313520431519,0.6875313520431519,-0.3239253759384155,-0.3239253759384155,0.10905972868204117,0.10905972868204117,-29.635650634765625,-29.635650634765625,-24.283130645751953,-24.283130645751953,-8.900716781616211,-8.900716781616211,18.090171813964844,18.090171813964844,0.0,0.0,180.0
253,1.0541666666666667,0.5117668247039271,2.733924426664981,-323.25991074748185,0.5117668247039271,2.733924426664981,-323.25991074748185,5.0,-5.0,0.0,0.0,15.0,0,0.5,0.0,0.0,4.0,4.0,4.0,2.7339236736297607,2.7339231967926025,2.733924388885498,2.733924388885498,0.5045189261436462,0.5053463578224182,-4.054283618927002,-3.7890141010284424,0.03628743439912796,0.03628743439912796,0.0,0.0,nan,nan,-3.9124815464019775,-3.9124815464019775,-7.824963092803955,0.0,2.5680761337280273,0.008859370835125446,0.0,0.0,0.0,0.008859370835125446,0.0,2.5680761337280273,0.0,0.0,0.0,-0.5969381332397461,1.059220552444458,2.2620365619659424,0.0,0.0,0.0,0.0,2.5680761337280273,0.008859370835125446,0.0,0.0,0.0,0.008859370835125446,0.0,2.5680761337280273,-0.0,-0.0,-0.0,-0.5969380140304565,-1.0592212677001953,2.2620363235473633,0.0,0.0,0.0,4.470348358154297e-08,0.0,0.6000000238418579,-8.940696716308594e-08,0.05600002408027649,0.5999999642372131,-6.705522537231445e-08,-0.055999964475631714,0.6000000238418579,-1.1938761472702026,-7.152557373046875e-07,4.524072647094727,0.0,0.0,0.0,2.086162567138672e-07,5.917453336223844e-07,1.862645149230957e-08,21.262304306030273,21.262296676635742,30.87116050720215,30.87116050720215,0.11794667690992355,0.11794667690992355,0.8820533156394958,0.8820533156394958,0.0,0.0,0.0,0.0,-0.6016952395439148,-0.6016952395439148,3.169771671295166,3.169771671295166,0.0795416608452797,0.0795416608452797,0.0,0.0,-0.07068228721618652,-0.07068228721618652,0.008859370835125446,0.008859370835125446,0.6875313520431519,0.6875313520431519,-0.2982402741909027,-0.2982402741909027,0.1396210938692093,0.1396210938692093,-20.09270668029785,-20.09270668029785,-18.7836856842041,-18.7836856842041,-3.390378713607788,-3.390378713607788,17.079116821289062,17.079116821289062,0.0,0.0,180.0
254,1.0583333333333333,0.5203338556566807,1.3744918233562842,-328.6713159567981,0.5203338556566807,1.3744918233562842,-328.6713159567981,5.0,-5.0,0.0,0.0,15.0,0,0.5,0.0,0.0,4.0,4.0,4.0,1.374491810798645,1.374491810798645,1.3744919300079346,1.3744919300079346,0.5087963938713074,0.5095419883728027,-4.790268421173096,-4.554867267608643,0.018243659287691116,0.018243659287691116,0.0,0.0,nan,nan,-3.2174181938171387,-3.2174181938171387,-6.434836387634277,0.0,3.1694860458374023,-0.0049437955021858215,0.0,0.0,0.0,-0.0049437955021858215,0.0,3.1694860458374023,0.0,0.0,0.0,-0.7491441965103149,1.331964135169983,2.7767465114593506,0.0,0.0,0.0,0.0,3.1694860458374023,-0.0049437955021858215,0.0,0.0,0.0,-0.0049437955021858215,0.0,3.1694860458374023,-0.0,-0.0,-0.0,-0.7491441965103149,-1.3319644927978516,2.7767465114593506,0.0,0.0,0.0,4.470348358154297e-08,0.0,0.6000000238418579,-3.725290298461914e-08,0.05600002408027649,0.5999999642372131,-1.4901161193847656e-08,-0.055999964475631714,0.6000000238418579,-1.4982883930206299,-3.5762786865234375e-07,5.553493022918701,0.0,0.0,0.0,2.5331974029541016e-07,4.3773155766757554e-07,1.4901161193847656e-08,18.250926971435547,18.250926971435547,23.46627426147461,23.46627426147461,0.11794667690992355,0.11794667690992355,0.8820533156394958,0.8820533156394958,0.0,0.0,0.0,0.0,-0.13728201389312744,-0.13728201389312744,3.3067679405212402,3.3067679405212402,0.06582416594028473,0.06582416594028473,0.0,0.0,-0.07076795399188995,-0.07076795399188995,-0.0049437955021858215,-0.0049437955021858215,0.6875313520431519,0.6875313520431519,-0.2703714966773987,-0.2703714966773987,0.17043715715408325,0.17043715715408325,-10.309233665466309,-10.309233665466309,-13.134974479675293,-13.134974479675293,2.2649168968200684,2.2649168968200684,16.045286178588867,16.045286178588867,0.0,0.0,180.0
255,1.0625,0.5232,-9.670198521832617e-15,-330.4817294495969,0.5232,-9.670198521832617e-15,-330.4817294495969,5.0,-5.0,0.0,0.0,15.0,0,0.5,0.0,0.0,4.0,4.0,4.0,9.670195688041977e-15,9.67019484100903e-15,9.670199076173766e-15,9.670199076173766e-15,0.507486879825592,0.5081425309181213,-5.475809097290039,-5.272894859313965,-1.2835274214712645e-16,-1.2835274214712645e-16,0.0,0.0,nan,nan,-1.7601532936096191,-1.7601532936096191,-3.5203065872192383,0.0,3.760092258453369,0.013430955819785595,0.0,0.0,0.0,0.013430955819785595,0.0,3.760092258453369,0.0,0.0,0.0,-0.868926465511322,1.5899357795715332,3.2947752475738525,0.0,0.0,0.0,0.0,3.760092258453369,0.013430955819785595,0.0,0.0,0.0,0.013430955819785595,0.0,3.760092258453369,-0.0,-0.0,-0.0,-0.8689263463020325,-1.589936375617981,3.2947750091552734,0.0,0.0,0.0,4.470348358154297e-08,0.0,0.6000000238418579,-1.4156103134155273e-07,0.05600002408027649,0.5999999642372131,-5.960464477539063e-08,-0.055999934673309326,0.6000000238418579,-1.7378528118133545,-5.960464477539062e-07,6.589550018310547,0.0,0.0,0.0,4.023313522338867e-07,1.0091636113429558e-06,-4.470348358154297e-08,14.99998950958252,14.99998950958252,14.999988555908203,14.999988555908203,1.0,1.0,0.0,0.0,0.0,0.0,0.0,0.0,0.35674142837524414,0.35674142837524414,3.403350830078125,3.403350830078125,0.08469101041555405,0.08469101041555405,0.0,0.0,-0.07126004993915558,-0.07126004993915558,0.013430955819785595,0.013430955819785595,0.6875313520431519,0.6875313520431519,-0.24065180122852325,-0.24065180122852325,0.20114286243915558,0.20114286243915558,-0.40209388732910156,-0.40209388732910156,-7.404346942901611,-7.404346942901611,7.997747898101807,7.997747898101807,15.000000953674316,15.000000953674316,0.0,0.0,180.0
256,1.0666666666666667,0.5203338556566808,-1.374491823356257,-328.67131595679814,0.5203338556566808,-1.374491823356257,-328.67131595679814,5.0,-5.0,0.0,0.0,15.0,0,0.5,0.0,0.0,4.0,4.0,4.0,1.374491810798645,1.374491810798645,1.3744919300079346,1.3744919300079346,0.5005970597267151,0.5011558532714844,-6.104563236236572,-5.936422348022461,-0.018243659287691116,-0.018243659287691116,0.0,0.0,nan,nan,0.42551466822624207,0.42551466822624207,0.8510293364524841,0.0,4.344228744506836,0.06742891669273376,0.0,0.0,0.0,0.06742891669273376,0.0,4.344228744506836,0.0,0.0,0.0,-0.9551313519477844,1.825645089149475,3.825129508972168,0.0,0.0,0.0,0.0,4.344228744506836,0.06742891669273376,0.0,0.0,0.0,0.06742891669273376,0.0,4.344228744506836,-0.0,-0.0,-0.0,-0.9551313519477844,-1.8256455659866333,3.825129270553589,0.0,0.0,0.0,4.470348358154297e-08,0.0,0.6000000238418579,-3.725290298461914e-08,0.05600002408027649,0.5999999642372131,-1.4901161193847656e-08,-0.055999964475631714,0.6000000238418579,-1.9102627038955688,-4.76837158203125e-07,7.650259017944336,0.0,0.0,0.0,3.5762786865234375e-07,5.984195468045073e-07,1.4901161193847656e-08,11.839410781860352,11.839410781860352,15.893213272094727,15.893213272094727,0.8820533156394958,0.8820533156394958,0.11794667690992355,0.11794667690992355,0.0,0.0,0.0,0.0,0.8859835267066956,0.8859835267066956,3.458245277404785,3.458245277404785,0.13959217071533203,0.13959217071533203,0.0,0.0,-0.07216325402259827,-0.07216325402259827,0.06742891669273376,0.06742891669273376,0.6875313520431519,0.6875313520431519,-0.20944349467754364,-0.20944349467754364,0.2313651740550995,0.2313651740550995,9.509451866149902,9.509451866149902,-1.6607481241226196,-1.6607481241226196,13.739143371582031,13.739143371582031,13.954715728759766,13.954715728759766,0.0,0.0,180.0
257,1.0708333333333333,0.5117668247039273,-2.7339244266649545,-323.259910747482,0.5117668247039273,-2.7339244266649545,-323.259910747482,5.0,-5.0,0.0,0.0,15.0,0,0.5,0.0,0.0,4.0,4.0,4.0,2.7339236736297607,2.7339231967926025,2.733924388885498,2.733924388885498,0.4881949722766876,0.4886508584022522,-6.670886039733887,-6.5394487380981445,-0.03628743439912796,-0.03628743439912796,0.0,0.0,nan,nan,3.2985029220581055,3.2985029220581055,6.597005844116211,0.0,4.926915168762207,0.16070625185966492,0.0,0.0,0.0,0.16070625185966492,0.0,4.926915168762207,0.0,0.0,0.0,-1.006427526473999,2.032140016555786,4.3769659996032715,0.0,0.0,0.0,0.0,4.926915168762207,0.16070625185966492,0.0,0.0,0.0,0.16070625185966492,0.0,4.926915168762207,-0.0,-0.0,-0.0,-1.00642728805542,-2.0321412086486816,4.376965522766113,0.0,0.0,0.0,4.470348358154297e-08,0.0,0.6000000238418579,-8.940696716308594e-08,0.05600002408027649,0.5999999642372131,-6.705522537231445e-08,-0.055999964475631714,0.6000000238418579,-2.012854814529419,-1.1920928955078125e-06,8.753931045532227,0.0,0.0,0.0,4.023313522338867e-07,1.1361486258465447e-06,2.9802322387695312e-08,9.949695587158203,9.949694633483887,16.791915893554688,16.791893005371094,0.8820533156394958,0.8820533156394958,0.11794667690992355,0.11794667690992355,0.0,0.0,0.0,0.0,1.4558489322662354,1.4558489322662354,3.471066474914551,3.471066474914551,0.23417508602142334,0.23417508602142334,0.0,0.0,-0.07346884906291962,-0.07346884906291962,0.16070625185966492,0.16070625185966492,0.6875313520431519,0.6875313520431519,-0.17713092267513275,-0.17713092267513275,0.26073044538497925,0.26073044538497925,19.30609130859375,19.30609130859375,4.026639938354492,4.026639938354492,19.419946670532227,19.419946670532227,12.920884132385254,12.920884132385254,0.0,0.0,180.0
258,1.075,0.4975927693256245,-4.063403581844643,-314.3068023095312,0.4975927693256245,-4.063403581844643,-314.3068023095312,5.0,-5.0,0.0,0.0,15.0,0,0.5,0.0,0.0,4.0,4.0,4.0,4.063404083251953,4.063401699066162,4.063403606414795,4.063403606414795,0.4704091548919678,0.470757395029068,-7.169713973999023,-7.076537609100342,-0.05393363907933235,-0.05393363907933235,0.0,0.0,nan,nan,6.810070991516113,6.810070991516113,13.620141983032227,0.0,5.5123138427734375,0.2967248558998108,0.0,0.0,0.0,0.2967248558998108,0.0,5.5123138427734375,0.0,0.0,0.0,-1.0212775468826294,2.202190399169922,4.95792293548584,0.0,0.0,0.0,0.0,5.5123138427734375,0.2967248558998108,0.0,0.0,0.0,0.2967248558998108,0.0,5.5123138427734375,-0.0,-0.0,-0.0,-1.0212771892547607,-2.202190399169922,4.957922458648682,0.0,0.0,0.0,4.470348358154297e-08,0.0,0.6000000238418579,2.2351741790771484e-08,0.05600005388259888,0.6000000238418579,-4.470348358154297e-08,-0.055999964475631714,0.6000000238418579,-2.0425548553466797,0.0,9.91584587097168,0.0,0.0,0.0,4.76837158203125e-07,5.54091059257189e-07,2.60770320892334e-07,10.287637710571289,10.287635803222656,17.6888484954834,17.6888484954834,0.8698575496673584,0.8698575496673584,0.1301424354314804,0.1301424354314804,0.0,0.0,0.0,0.0,2.070012092590332,2.070012092590332,3.4423022270202637,3.4423022270202637,0.371878981590271,0.371878981590271,0.0,0.0,-0.07515415549278259,-0.07515415549278259,0.2967248558998108,0.2967248558998108,0.6875313520431519,0.6875313520431519,-0.14411206543445587,-0.14411206543445587,0.28887301683425903,0.28887301683425903,28.870824813842773,28.870824813842773,9.589773178100586,9.589773178100586,24.972187042236328,24.972187042236328,11.909831047058105,11.909831047058105,0.0,0.0,180.0
259,1.0791666666666666,0.47796698343860966,-5.348363237059734,-301.91008277255077,0.47796698343860966,-5.348363237059734,-301.91008277255077,5.0,-5.0,0.0,0.0,15.0,0,0.5,0.0,0.0,4.0,4.0,4.0,5.348362922668457,5.348362445831299,5.348363399505615,5.348363399505615,0.44742870330810547,0.4476659595966339,-7.596513748168945,-7.542740345001221,-0.07098893821239471,-0.07098893821239471,0.0,0.0,nan,nan,10.898033142089844,10.898033142089844,21.796066284179688,0.0,6.102418422698975,0.4780232906341553,0.0,0.0,0.0,0.4780232906341553,0.0,6.102418422698975,0.0,0.0,0.0,-0.9982734322547913,2.327684164047241,5.572553634643555,0.0,0.0,0.0,0.0,6.102418422698975,0.4780232906341553,0.0,0.0,0.0,0.4780232906341553,0.0,6.102418422698975,-0.0,-0.0,-0.0,-0.9982727766036987,-2.327685594558716,5.5725531578063965,0.0,0.0,0.0,4.470348358154297e-08,0.0,0.6000000238418579,-6.705522537231445e-08,0.0559999942779541,0.6000000238418579,-3.725290298461914e-08,-0.055999934673309326,0.6000000238418579,-1.9965462684631348,-1.430511474609375e-06,11.14510726928711,0.0,0.0,0.0,3.5762786865234375e-07,1.07948767436028e-06,2.60770320892334e-08,11.774944305419922,11.774947166442871,24.057353973388672,24.057369232177734,0.7199033498764038,0.7199033498764038,0.28009676933288574,0.28009676933288574,0.0,0.0,0.0,0.0,2.729173421859741,2.729173421859741,3.3732450008392334,3.3732450008392334,0.5552050471305847,0.5552050471305847,0.0,0.0,-0.07718174159526825,-0.07718174159526825,0.4780232906341553,0.4780232906341553,0.6875313520431519,0.6875313520431519,-0.11078988015651703,-0.11078988015651703,0.3154434263706207,0.3154434263706207,38.0911979675293,38.0911979675293,14.963057518005371,14.963057518005371,30.330387115478516,30.330387115478516,10.932634353637695,10.932634353637695,0.0,0.0,180.0
260,1.0833333333333333,0.4531044912600192,-6.57472510543268,-286.20557318996737,0.4531044912600192,-6.57472510543268,-286.20557318996737,5.0,-5.0,0.0,0.0,15.0,0,0.5,0.0,0.0,4.0,4.0,4.0,6.574724197387695,6.5747246742248535,6.574725151062012,6.574725151062012,0.41950178146362305,0.4196256399154663,-7.94720458984375,-7.933566570281982,-0.0872664600610733,-0.0872664600610733,0.0,0.0,nan,nan,15.478615760803223,15.478615760803223,30.957231521606445,0.0,6.696176528930664,0.7053472995758057,0.0,0.0,0.0,0.7053472995758057,0.0,6.696176528930664,0.0,0.0,0.0,-0.9366906881332397,2.3994970321655273,6.221038818359375,0.0,0.0,0.0,0.0,6.696176528930664,0.7053472995758057,0.0,0.0,0.0,0.7053472995758057,0.0,6.696176528930664,-0.0,-0.0,-0.0,-0.936690628528595,-2.3994979858398438,6.221038341522217,0.0,0.0,0.0,4.470348358154297e-08,0.0,0.6000000238418579,-9.685754776000977e-08,0.05600002408027649,0.5999999642372131,-8.940696716308594e-08,-0.055999934673309326,0.6000000238418579,-1.8733813762664795,-9.5367431640625e-07,12.44207763671875,0.0,0.0,0.0,7.450580596923828e-07,1.770794028743694e-06,7.078051567077637e-08,13.596657752990723,13.596657752990723,30.176292419433594,30.176292419433594,0.5998412370681763,0.5998412370681763,0.4001588523387909,0.4001588523387909,0.0,0.0,0.0,0.0,3.430295467376709,3.430295467376709,3.265880584716797,3.265880584716797,0.7848461866378784,0.7848461866378784,0.0,0.0,-0.07949888706207275,-0.07949888706207275,0.7053472995758057,0.7053472995758057,0.6875313520431519,0.6875313520431519,-0.07756372541189194,-0.07756372541189194,0.3401161730289459,0.3401161730289459,46.861289978027344,46.861289978027344,20.084516525268555,20.084516525268555,35.4327392578125,35.4327392578125,10.000000953674316,10.000000953674316,0.0,0.0,180.0
261,1.0875,0.42327769145697336,-7.729052909700825,-267.365335455148,0.42327769145697336,-7.729052909700825,-267.365335455148,5.0,-5.0,0.0,0.0,15.0,0,0.5,0.0,0.0,4.0,4.0,4.0,7.729053020477295,7.729052543640137,7.729052543640137,7.729053020477295,0.3869327902793884,0.3869423568248749,-8.218172073364258,-8.244974136352539,-0.10258787870407104,-0.10258787870407104,0.0,0.0,nan,nan,20.439483642578125,20.439483642578125,40.87896728515625,0.0,7.289093017578125,0.9768509268760681,0.0,0.0,0.0,0.9768509268760681,0.0,7.289093017578125,0.0,0.0,0.0,-0.83708256483078,2.407855272293091,6.8983073234558105,0.0,0.0,0.0,0.0,7.289093017578125,0.9768509268760681,0.0,0.0,0.0,0.9768509268760681,0.0,7.289093017578125,-0.0,-0.0,-0.0,-0.8370827436447144,-2.4078567028045654,6.898306846618652,0.0,0.0,0.0,4.470348358154297e-08,0.0,0.6000000238418579,-4.470348358154297e-08,0.05600005388259888,0.5999999642372131,-5.960464477539063e-08,-0.055999964475631714,0.5999999642372131,-1.6741652488708496,-1.430511474609375e-06,13.796613693237305,0.0,0.0,0.0,6.258487701416016e-07,1.4360941804625327e-06,9.685754776000977e-08,15.395145416259766,15.395149230957031,35.01286697387695,35.01286697387695,0.5156482458114624,0.5156482458114624,0.48382794857025146,0.48382794857025146,0.0005239031161181629,0.0005239031161181629,0.0,0.0,4.166346073150635,4.166346073150635,3.122746706008911,3.122746706008911,1.0588884353637695,1.0588884353637695,0.0,0.0,-0.08203749358654022,-0.08203749358654022,0.9768509268760681,0.9768509268760681,0.6875313520431519,0.6875313520431519,-0.04482176899909973,-0.04482176899909973,0.36259689927101135,0.36259689927101135,55.08332824707031,55.08332824707031,24.896770477294922,24.896770477294922,40.22207260131836,40.22207260131836,9.122148513793945,9.122148513793945,0.0,0.0,180.0
262,1.0916666666666666,0.3888133726897735,-8.798699592881986,-245.59578715528863,0.3888133726897735,-8.798699592881986,-245.59578715528863,5.0,-5.0,0.0,0.0,15.0,0,0.5,0.0,0.0,4.0,4.0,4.0,8.798697471618652,8.798700332641602,8.798699378967285,8.798699378967285,0.35007941722869873,0.3499748408794403,-8.406329154968262,-8.473406791687012,-0.11678532510995865,-0.11678532510995865,0.0,0.0,nan,nan,25.636682510375977,25.636682510375977,51.27336502075195,0.0,7.87327241897583,1.287545919418335,0.0,0.0,0.0,1.287545919418335,0.0,7.87327241897583,0.0,0.0,0.0,-0.7017360329627991,2.3432233333587646,7.593620300292969,0.0,0.0,0.0,0.0,7.87327241897583,1.287545919418335,0.0,0.0,0.0,1.287545919418335,0.0,7.87327241897583,-0.0,-0.0,-0.0,-0.7017359733581543,-2.3432250022888184,7.5936198234558105,0.0,0.0,0.0,4.470348358154297e-08,0.0,0.6000000238418579,-1.1920928955078125e-07,0.0559999942779541,0.5999999642372131,7.450580596923828e-08,-0.0559999942779541,0.6000000238418579,-1.4034719467163086,-1.6689300537109375e-06,15.187240600585938,0.0,0.0,0.0,1.7881393432617188e-07,1.0602105930956895e-06,-4.507601261138916e-07,17.021957397460938,17.02195930480957,38.748355865478516,38.748355865478516,0.45904016494750977,0.45904016494750977,0.5113317370414734,0.5113317370414734,0.029628142714500427,0.029628142714500427,0.0,0.0,4.9265031814575195,4.9265031814575195,2.9467689990997314,2.9467689990997314,1.3722610473632812,1.3722610473632812,0.0,0.0,-0.08471508324146271,-0.08471508324146271,1.287545919418335,1.287545919418335,0.6875313520431519,0.6875313520431519,-0.01293425913900137,-0.01293425913900137,0.3826277554035187,0.3826277554035187,62.66898727416992,62.66898727416992,29.347816467285156,29.347816467285156,44.64663314819336,44.64663314819336,8.308694839477539,8.308694839477539,0.0,0.0,180.0
263,1.0958333333333332,0.3500891332469567,-9.771945882077235,-221.13544001713421,0.3500891332469567,-9.771945882077235,-221.13544001713421,5.0,-5.0,0.0,0.0,15.0,0,0.5,0.0,0.0,4.0,4.0,4.0,9.77194595336914,9.771944046020508,9.77194595336914,9.77194595336914,0.309348464012146,0.3091311752796173,-8.509130477905273,-8.615896224975586,-0.12970323860645294,-0.12970323860645294,0.0,0.0,nan,nan,30.896617889404297,30.896617889404297,61.793235778808594,0.0,8.437788963317871,1.629106044769287,0.0,0.0,0.0,1.629106044769287,0.0,8.437788963317871,0.0,0.0,0.0,-0.5349011421203613,2.197486400604248,8.290669441223145,0.0,0.0,0.0,0.0,8.437788963317871,1.629106044769287,0.0,0.0,0.0,1.629106044769287,0.0,8.437788963317871,-0.0,-0.0,-0.0,-0.5349006652832031,-2.1974873542785645,8.290669441223145,0.0,0.0,0.0,4.470348358154297e-08,0.0,0.6000000238418579,-7.450580596923828e-08,0.05600005388259888,0.5999999642372131,-7.450580596923828e-08,-0.055999934673309326,0.6000000238418579,-1.0698018074035645,-9.5367431640625e-07,16.58133888244629,0.0,0.0,0.0,1.1324882507324219e-06,2.0085321921214927e-06,9.12696123123169e-08,18.42395782470703,18.423959732055664,41.59705352783203,41.59705352783203,0.4165618121623993,0.4165618121623993,0.5018131136894226,0.5018131136894226,0.08162510395050049,0.08162510395050049,0.0,0.0,5.696693420410156,5.696693420410156,2.741095781326294,2.741095781326294,1.7165427207946777,1.7165427207946777,0.0,0.0,-0.0874367505311966,-0.0874367505311966,1.629106044769287,1.629106044769287,0.6875313520431519,0.6875313520431519,0.017751619219779968,0.017751619219779968,0.39999139308929443,0.39999139308929443,69.54007720947266,69.54007720947266,33.391475677490234,33.391475677490234,48.6605339050293,48.6605339050293,7.568552494049072,7.568552494049072,0.0,0.0,180.0
264,1.1,0.3075292439994209,-10.638128687277396,-194.2522867225835,0.3075292439994209,-10.638128687277396,-194.2522867225835,5.0,-5.0,0.0,0.0,15.0,0,0.5,0.0,0.0,4.0,4.0,4.0,10.638126373291016,10.638126373291016,10.638128280639648,10.638128280639648,0.2651907205581665,0.264863520860672,-8.524703979492188,-8.6701021194458,-0.14120009541511536,-0.14120009541511536,0.0,0.0,nan,nan,36.02296447753906,36.02296447753906,72.04592895507812,0.0,8.969316482543945,1.9900643825531006,0.0,0.0,0.0,1.9900643825531006,0.0,8.969316482543945,0.0,0.0,0.0,-0.3427571654319763,1.9653526544570923,8.968215942382812,0.0,0.0,0.0,0.0,8.969316482543945,1.9900643825531006,0.0,0.0,0.0,1.9900643825531006,0.0,8.969316482543945,-0.0,-0.0,-0.0,-0.34275713562965393,-1.9653542041778564,8.968215942382812,0.0,0.0,0.0,4.470348358154297e-08,0.0,0.6000000238418579,-1.043081283569336e-07,0.05600002408027649,0.5999999642372131,0.0,-0.055999934673309326,0.6000000238418579,-0.6855143308639526,-1.5497207641601562e-06,17.936431884765625,0.0,0.0,0.0,9.5367431640625e-07,1.757708673721936e-06,-1.73225998878479e-07,19.592592239379883,19.592592239379883,43.749908447265625,43.749908447265625,0.3882598280906677,0.3882598280906677,0.4860711097717285,0.4860711097717285,0.12566909193992615,0.12566909193992615,0.0,0.0,6.460369110107422,6.460369110107422,2.508946657180786,2.508946657180786,2.08016300201416,2.08016300201416,0.0,0.0,-0.09009853005409241,-0.09009853005409241,1.9900643825531006,1.9900643825531006,0.6875313520431519,0.6875313520431519,0.046915218234062195,0.046915218234062195,0.41451317071914673,0.41451317071914673,75.62899017333984,75.62899017333984,36.9876823425293,36.9876823425293,52.22402572631836,52.22402572631836,6.9098310470581055,6.9098310470581055,0.0,0.0,180.0
265,1.1041666666666667,0.2616000000000002,-11.38775792840811,-165.2408647247986,0.2616000000000002,-11.38775792840811,-165.2408647247986,5.0,-5.0,0.0,0.0,15.0,0,0.5,0.0,0.0,4.0,4.0,4.0,11.38775634765625,11.387758255004883,11.387758255004883,11.387758255004883,0.21809609234333038,0.2176627665758133,-8.451909065246582,-8.634444236755371,-0.1511499434709549,-0.1511499434709549,0.0,0.0,nan,nan,40.80731201171875,40.80731201171875,81.6146240234375,0.0,9.452922821044922,2.3563876152038574,0.0,0.0,0.0,2.3563876152038574,0.0,9.452922821044922,0.0,0.0,0.0,-0.1331367939710617,1.6456718444824219,9.601268768310547,0.0,0.0,0.0,0.0,9.452922821044922,2.3563876152038574,0.0,0.0,0.0,2.3563876152038574,0.0,9.452922821044922,-0.0,-0.0,-0.0,-0.13313664495944977,-1.6456737518310547,9.60126781463623,0.0,0.0,0.0,4.470348358154297e-08,0.0,0.6000000238418579,-1.2665987014770508e-07,0.05600002408027649,0.5999999642372131,2.9802322387695312e-08,-0.055999964475631714,0.6000000238418579,-0.2662734389305115,-1.9073486328125e-06,19.202537536621094,0.0,0.0,0.0,7.152557373046875e-07,1.7963111531571485e-06,-2.4121254682540894e-07,20.53957176208496,20.539573669433594,45.360450744628906,45.360450744628906,0.37411409616470337,0.37411409616470337,0.46373581886291504,0.46373581886291504,0.1621500849723816,0.1621500849723816,0.0,0.0,7.199442386627197,7.199442386627197,2.253480911254883,2.253480911254883,2.448979616165161,2.448979616165161,0.0,0.0,-0.09259215742349625,-0.09259215742349625,2.3563876152038574,2.3563876152038574,0.6875313520431519,0.6875313520431519,0.07426454871892929,0.07426454871892929,0.42606160044670105,0.42606160044670105,80.8786849975586,80.8786849975586,40.102500915527344,40.102500915527344,55.30354690551758,55.30354690551758,6.339746475219727,6.339746475219727,0.0,0.0,180.0
266,1.1083333333333334,0.2128046116572586,-12.012620510633663,-134.41902923421384,0.2128046116572586,-12.012620510633663,-134.41902923421384,5.0,-5.0,0.0,0.0,15.0,0,0.5,0.0,0.0,4.0,4.0,4.0,12.012622833251953,12.01262092590332,12.01262092590332,12.01262092590332,0.16858753561973572,0.16805292665958405,-8.290440559387207,-8.508199691772461,-0.15944376587867737,-0.15944376587867737,0.0,0.0,nan,nan,45.04187774658203,45.04187774658203,90.08375549316406,0.0,9.872970581054688,2.7123494148254395,0.0,0.0,0.0,2.7123494148254395,0.0,9.872970581054688,0.0,0.0,0.0,0.08493616431951523,1.2425365447998047,10.162739753723145,0.0,0.0,0.0,0.0,9.872970581054688,2.7123494148254395,0.0,0.0,0.0,2.7123494148254395,0.0,9.872970581054688,-0.0,-0.0,-0.0,0.08493637293577194,-1.2425388097763062,10.162738800048828,0.0,0.0,0.0,4.470348358154297e-08,0.0,0.6000000238418579,-1.4901161193847656e-08,0.05600005388259888,0.5999999642372131,-8.940696716308594e-08,-0.055999964475631714,0.6000000238418579,0.16987253725528717,-2.2649765014648438e-06,20.325477600097656,0.0,0.0,0.0,1.0132789611816406e-06,1.963613385669305e-06,9.685754776000977e-08,21.284902572631836,21.284902572631836,46.54609298706055,46.54609298706055,0.3599705994129181,0.3599705994129181,0.45232340693473816,0.45232340693473816,0.18770600855350494,0.18770600855350494,0.0,0.0,7.895265579223633,7.895265579223633,1.977705478668213,1.977705478668213,2.8071603775024414,2.8071603775024414,0.0,0.0,-0.09481063485145569,-0.09481063485145569,2.7123494148254395,2.7123494148254395,0.6875313520431519,0.6875313520431519,0.09953662008047104,0.09953662008047104,0.4345467686653137,0.4345467686653137,85.24230194091797,85.24230194091797,42.70792007446289,42.70792007446289,57.8714714050293,57.8714714050293,5.864545822143555,5.864545822143555,0.0,0.0,180.0
267,1.1125,0.16167769145697217,-12.505870308742258,-102.12447073034878,0.16167769145697217,-12.505870308742258,-102.12447073034878,5.0,-5.0,0.0,0.0,15.0,0,0.5,0.0,0.0,4.0,4.0,4.0,12.505867004394531,12.505868911743164,12.50586986541748,12.50586986541748,0.11721450090408325,0.11658472567796707,-8.04092025756836,-8.2915620803833,-0.1659906804561615,-0.1659906804561615,0.0,0.0,nan,nan,48.5326042175293,48.5326042175293,97.0652084350586,0.0,10.214041709899902,3.041612148284912,0.0,0.0,0.0,3.041612148284912,0.0,10.214041709899902,0.0,0.0,0.0,0.30183112621307373,0.765953540802002,10.62545394897461,0.0,0.0,0.0,0.0,10.214041709899902,3.041612148284912,0.0,0.0,0.0,3.041612148284912,0.0,10.214041709899902,-0.0,-0.0,-0.0,0.30183032155036926,-0.7659557461738586,10.625452995300293,0.0,0.0,0.0,4.470348358154297e-08,0.0,0.6000000238418579,-1.341104507446289e-07,0.05600002408027649,0.5999999642372131,-1.4901161193847656e-08,-0.05599990487098694,0.5999999642372131,0.6036614179611206,-2.205371856689453e-06,21.25090789794922,0.0,0.0,0.0,1.3113021850585938e-06,2.497324658179423e-06,-1.73225998878479e-07,21.85128402709961,21.851276397705078,47.39370346069336,47.39369201660156,0.34582775831222534,0.34582775831222534,0.4401395618915558,0.4401395618915558,0.21403278410434723,0.21403278410434723,0.0,0.0,8.529619216918945,8.529619216918945,1.684422254562378,1.684422254562378,3.1382670402526855,3.1382670402526855,0.0,0.0,-0.09665454924106598,-0.09665454924106598,3.041612148284912,3.041612148284912,0.6875313520431519,0.6875313520431519,0.12249677628278732,0.12249677628278732,0.43991780281066895,0.43991780281066895,88.6827163696289,88.6827163696289,44.78164291381836,44.78164291381836,59.9058952331543,59.9058952331543,5.489435195922852,5.489435195922852,0.0,0.0,180.0
268,1.1166666666666667,0.10877939663585104,-12.862103174726666,-68.71101515424257,0.10877939663585104,-12.862103174726666,-68.71101515424257,5.0,-5.0,0.0,0.0,15.0,0,0.5,0.0,0.0,4.0,4.0,4.0,12.862104415893555,12.862102508544922,12.862103462219238,12.862103462219238,0.06454700976610184,0.0638289675116539,-7.70494270324707,-7.985764503479004,-0.1707189679145813,-0.1707189679145813,0.0,0.0,nan,nan,51.111480712890625,51.111480712890625,102.22296142578125,0.0,10.461870193481445,3.3284010887145996,0.0,0.0,0.0,3.3284010887145996,0.0,10.461870193481445,0.0,0.0,0.0,0.5079259276390076,0.23183894157409668,10.964363098144531,0.0,0.0,0.0,0.0,10.461870193481445,3.3284010887145996,0.0,0.0,0.0,3.3284010887145996,0.0,10.461870193481445,-0.0,-0.0,-0.0,0.507925808429718,-0.2318411022424698,10.964363098144531,0.0,0.0,0.0,4.470348358154297e-08,0.0,0.6000000238418579,-8.940696716308594e-08,0.05600005388259888,0.5999999642372131,1.4901161193847656e-08,-0.055999964475631714,0.6000000238418579,1.0158517360687256,-2.16066837310791e-06,21.928726196289062,0.0,0.0,0.0,9.5367431640625e-07,1.7669244698481634e-06,-7.636845111846924e-08,22.26312828063965,22.26312828063965,47.965152740478516,47.96514892578125,0.33168351650238037,0.33168351650238037,0.4408826231956482,0.4408826231956482,0.2274339199066162,0.2274339199066162,0.0,0.0,9.085651397705078,9.085651397705078,1.3762192726135254,1.3762192726135254,3.4264395236968994,3.4264395236968994,0.0,0.0,-0.09803842753171921,-0.09803842753171921,3.3284010887145996,3.3284010887145996,0.6875313520431519,0.6875313520431519,0.14293727278709412,0.14293727278709412,0.4421597719192505,0.4421597719192505,91.17183685302734,91.17183685302734,46.30663299560547,46.30663299560547,61.39023208618164,61.39023208618164,5.218523979187012,5.218523979187012,0.0,0.0,180.0
269,1.1208333333333333,0.054689291981637175,-13.077416146760635,-34.544747317403335,0.054689291981637175,-13.077416146760635,-34.544747317403335,5.0,-5.0,0.0,0.0,15.0,0,0.5,0.0,0.0,4.0,4.0,4.0,13.077413558959961,13.077415466308594,13.077417373657227,13.07741641998291,0.011168430559337139,0.010370032861828804,-7.285177230834961,-7.593106746673584,-0.17357681691646576,-0.17357681691646576,0.0,0.0,nan,nan,52.64690017700195,52.64690017700195,105.2938003540039,0.0,10.604192733764648,3.558640956878662,0.0,0.0,0.0,3.558640956878662,0.0,10.604192733764648,0.0,0.0,0.0,0.694218635559082,-0.33851179480552673,11.158686637878418,0.0,0.0,0.0,0.0,10.604192733764648,3.558640956878662,0.0,0.0,0.0,3.558640956878662,0.0,10.604192733764648,-0.0,-0.0,-0.0,0.6942183375358582,0.33850958943367004,11.158686637878418,0.0,0.0,0.0,4.470348358154297e-08,0.0,0.6000000238418579,-1.2665987014770508e-07,0.05600002408027649,0.5999999642372131,-1.4901161193847656e-08,-0.055999964475631714,0.6000000238418579,1.388437032699585,-2.205371856689453e-06,22.317373275756836,0.0,0.0,0.0,6.556510925292969e-07,2.5359208848385606e-06,-1.862645149230957e-08,22.551340103149414,22.551340103149414,48.30184555053711,48.301841735839844,0.33168351650238037,0.33168351650238037,0.42734771966934204,0.42734771966934204,0.24096885323524475,0.24096885323524475,0.0,0.0,9.548687934875488,9.548687934875488,1.055504560470581,1.055504560470581,3.6575374603271484,3.6575374603271484,0.0,0.0,-0.09889648109674454,-0.09889648109674454,3.558640956878662,3.558640956878662,0.6875313520431519,0.6875313520431519,0.16067491471767426,0.16067491471767426,0.44128894805908203,0.44128894805908203,92.68999481201172,92.68999481201172,47.27080535888672,47.27080535888672,62.31283950805664,62.31283950805664,5.054781436920166,5.054781436920166,0.0,0.0,180.0
270,1.125,5.766616847825057e-16,-13.149450210865439,-3.642510529324174e-13,5.766616847825057e-16,-13.149450210865439,-3.642510529324174e-13,5.0,-5.0,0.0,0.0,15.0,0,0.5,0.0,0.0,4.0,4.0,4.0,13.14945125579834,13.14944839477539,13.149450302124023,13.149450302124023,-0.04204782843589783,-0.042920004576444626,-6.7399582862854,-7.070716857910156,-0.1745329201221466,-0.1745329201221466,0.0,0.0,nan,nan,51.63037872314453,51.63037872314453,103.26075744628906,0.0,10.212841033935547,3.891202926635742,0.0,0.0,0.0,3.891202926635742,0.0,10.212841033935547,0.0,0.0,0.0,1.1252487897872925,-0.8835021257400513,10.834980964660645,0.0,0.0,0.0,0.0,10.212841033935547,3.891202926635742,0.0,0.0,0.0,3.891202926635742,0.0,10.212841033935547,-0.0,-0.0,-0.0,1.125248670578003,0.8834998607635498,10.834980964660645,0.0,0.0,0.0,4.470348358154297e-08,0.0,0.6000000238418579,0.0,0.05600005388259888,0.6000000238418579,-5.960464477539063e-08,-0.055999934673309326,0.6000000238418579,2.250497341156006,-2.2649765014648438e-06,21.66996192932129,0.0,0.0,0.0,1.2516975402832031e-06,1.614537950445083e-06,-1.9371509552001953e-07,22.721416473388672,22.721416473388672,48.42781066894531,48.42781066894531,0.33168351650238037,0.33168351650238037,0.42734771966934204,0.42734771966934204,0.24096885323524475,0.24096885323524475,0.0,0.0,10.212841033935547,10.212841033935547,4.8102810492158584e-15,4.8102810492158584e-15,3.9903903007507324,3.9903903007507324,0.0,0.0,-0.0991872251033783,-0.0991872251033783,3.891202926635742,3.891202926635742,0.6875313520431519,0.6875313520431519,0.1884465217590332,0.1884465217590332,0.4502459168434143,0.4502459168434143,93.22547149658203,93.22547149658203,47.670352935791016,47.670352935791016,62.670352935791016,62.670352935791016,5.000000953674316,5.000000953674316,0.0,0.0,180.0
271,1.1291666666666667,-0.05468929198163603,-13.077416146760639,34.54474731740261,-0.05468929198163603,-13.077416146760639,34.54474731740261,5.0,-5.0,0.0,0.0,15.0,0,0.5,0.0,0.0,4.0,4.0,4.0,13.077411651611328,13.077411651611328,13.07741641998291,13.07741641998291,-0.09536141157150269,-0.09629354625940323,-6.2103447914123535,-6.562084197998047,-0.17357681691646576,-0.17357681691646576,0.0,0.0,nan,nan,52.291194915771484,52.291194915771484,104.58238983154297,0.0,10.537731170654297,3.8076071739196777,0.0,0.0,0.0,3.8076071739196777,0.0,10.537731170654297,0.0,0.0,0.0,0.9776893258094788,-1.4840997457504272,11.062695503234863,0.0,0.0,0.0,0.0,10.537731170654297,3.8076071739196777,0.0,0.0,0.0,3.8076071739196777,0.0,10.537731170654297,-0.0,-0.0,-0.0,0.9776883125305176,1.4840975999832153,11.062695503234863,0.0,0.0,0.0,4.470348358154297e-08,0.0,0.6000000238418579,-1.341104507446289e-07,0.05600005388259888,0.5999999642372131,-8.940696716308594e-08,-0.055999934673309326,0.6000000238418579,1.9553775787353516,-2.1457672119140625e-06,22.125391006469727,0.0,0.0,0.0,1.2516975402832031e-06,3.4035124372167047e-06,-1.043081283569336e-07,22.75739288330078,22.75739288330078,48.35152053833008,48.35151672363281,0.33168351650238037,0.33168351650238037,0.42734771966934204,0.42734771966934204,0.24096885323524475,0.24096885323524475,0.0,0.0,10.152026176452637,10.152026176452637,0.3857057988643646,0.3857057988643646,3.906503677368164,3.906503677368164,0.0,0.0,-0.09889648109674454,-0.09889648109674454,3.8076071739196777,3.8076071739196777,0.6875313520431519,0.6875313520431519,0.1874222308397293,0.1874222308397293,0.43040701746940613,0.43040701746940613,92.77405548095703,92.77405548095703,47.491207122802734,47.491207122802734,62.44917297363281,62.44917297363281,5.054781436920166,5.054781436920166,0.0,0.0,180.0
272,1.1333333333333333,-0.1087793966358499,-12.862103174726673,68.71101515424186,-0.1087793966358499,-12.862103174726673,68.71101515424186,5.0,-5.0,0.0,0.0,15.0,0,0.5,0.0,0.0,4.0,4.0,4.0,12.862103462219238,12.862100601196289,12.862103462219238,12.862103462219238,-0.1473393440246582,-0.14832346141338348,-5.5660576820373535,-5.934005260467529,-0.1707189679145813,-0.1707189679145813,0.0,0.0,nan,nan,50.382816314697266,50.382816314697266,100.76563262939453,0.0,10.320570945739746,3.81473970413208,0.0,0.0,0.0,3.81473970413208,0.0,10.320570945739746,0.0,0.0,0.0,1.0644288063049316,-2.0037968158721924,10.766531944274902,0.0,0.0,0.0,0.0,10.320570945739746,3.81473970413208,0.0,0.0,0.0,3.81473970413208,0.0,10.320570945739746,-0.0,-0.0,-0.0,1.0644290447235107,2.0037944316864014,10.766532897949219,0.0,0.0,0.0,4.470348358154297e-08,0.0,0.6000000238418579,0.0,0.05600005388259888,0.6000000238418579,-7.450580596923828e-08,-0.05599990487098694,0.5999999642372131,2.1288578510284424,-2.384185791015625e-06,21.533065795898438,0.0,0.0,0.0,1.6689300537109375e-06,1.7013273918564664e-06,-2.942979335784912e-07,22.6500244140625,22.6500244140625,48.06657791137695,48.06657791137695,0.33168351650238037,0.33168351650238037,0.4408826231956482,0.4408826231956482,0.2274339199066162,0.2274339199066162,0.0,0.0,10.279309272766113,10.279309272766113,0.04126247018575668,0.04126247018575668,3.91277813911438,3.91277813911438,0.0,0.0,-0.09803842753171921,-0.09803842753171921,3.81473970413208,3.81473970413208,0.6875313520431519,0.6875313520431519,0.19617444276809692,0.19617444276809692,0.42055070400238037,0.42055070400238037,91.33904266357422,91.33904266357422,46.745609283447266,46.745609283447266,61.66200637817383,61.66200637817383,5.218523979187012,5.218523979187012,0.0,0.0,180.0
273,1.1375,-0.16167769145697106,-12.505870308742267,102.12447073034808,-0.16167769145697106,-12.505870308742267,102.12447073034808,5.0,-5.0,0.0,0.0,15.0,0,0.5,0.0,0.0,4.0,4.0,4.0,12.50586986541748,12.505867004394531,12.50586986541748,12.50586986541748,-0.19769495725631714,-0.1987203061580658,-4.859506130218506,-5.239599227905273,-0.1659906804561615,-0.1659906804561615,0.0,0.0,nan,nan,47.40152359008789,47.40152359008789,94.80304718017578,0.0,9.981866836547852,3.742885112762451,0.0,0.0,0.0,3.742885112762451,0.0,9.981866836547852,0.0,0.0,0.0,1.111084222793579,-2.453061580657959,10.314786911010742,0.0,0.0,0.0,0.0,9.981866836547852,3.742885112762451,0.0,0.0,0.0,3.742885112762451,0.0,9.981866836547852,-0.0,-0.0,-0.0,1.1110844612121582,2.4530587196350098,10.314787864685059,0.0,0.0,0.0,4.470348358154297e-08,0.0,0.6000000238418579,-1.4901161193847656e-08,0.05600005388259888,0.6000000238418579,-4.470348358154297e-08,-0.05599990487098694,0.5999999642372131,2.2221686840057373,-2.86102294921875e-06,20.629573822021484,0.0,0.0,0.0,1.6093254089355469e-06,1.4707973150507314e-06,-2.2351741790771484e-07,22.38785743713379,22.387853622436523,47.55125045776367,47.55125427246094,0.33168351650238037,0.33168351650238037,0.45428380370140076,0.45428380370140076,0.21403278410434723,0.21403278410434723,0.0,0.0,10.288066864013672,10.288066864013672,-0.3061996400356293,-0.3061996400356293,3.8395395278930664,3.8395395278930664,0.0,0.0,-0.09665454924106598,-0.09665454924106598,3.742885112762451,3.742885112762451,0.6875313520431519,0.6875313520431519,0.20170819759368896,0.20170819759368896,0.4078860282897949,0.4078860282897949,88.93122863769531,88.93122863769531,45.435482025146484,45.435482025146484,60.31122589111328,60.31122589111328,5.489435195922852,5.489435195922852,0.0,0.0,180.0
274,1.1416666666666666,-0.21280461165725756,-12.012620510633674,134.41902923421318,-0.21280461165725756,-12.012620510633674,134.41902923421318,5.0,-5.0,0.0,0.0,15.0,0,0.5,0.0,0.0,4.0,4.0,4.0,12.012622833251953,12.012619018554688,12.012621879577637,12.012621879577637,-0.24587805569171906,-0.2469334602355957,-4.098662853240967,-4.486714839935303,-0.15944376587867737,-0.15944376587867737,0.0,0.0,nan,nan,43.476402282714844,43.476402282714844,86.95280456542969,0.0,9.527621269226074,3.5967259407043457,0.0,0.0,0.0,3.5967259407043457,0.0,9.527621269226074,0.0,0.0,0.0,1.1179596185684204,-2.810337781906128,9.724411010742188,0.0,0.0,0.0,0.0,9.527621269226074,3.5967259407043457,0.0,0.0,0.0,3.5967259407043457,0.0,9.527621269226074,-0.0,-0.0,-0.0,1.1179596185684204,2.810335159301758,9.724411964416504,0.0,0.0,0.0,4.470348358154297e-08,0.0,0.6000000238418579,1.4901161193847656e-08,0.056000083684921265,0.6000000238418579,-1.4901161193847656e-08,-0.055999964475631714,0.6000000238418579,2.235919237136841,-2.6226043701171875e-06,19.448822021484375,0.0,0.0,0.0,1.0728836059570312e-06,8.69430152761197e-07,-2.1606683731079102e-07,21.956323623657227,21.95631980895996,46.766902923583984,46.766902923583984,0.34582775831222534,0.34582775831222534,0.45338863134384155,0.45338863134384155,0.20078371465206146,0.20078371465206146,0.0,0.0,10.181463241577148,10.181463241577148,-0.6538419723510742,-0.6538419723510742,3.6915364265441895,3.6915364265441895,0.0,0.0,-0.09481063485145569,-0.09481063485145569,3.5967259407043457,3.5967259407043457,0.6875313520431519,0.6875313520431519,0.20394764840602875,0.20394764840602875,0.3925364315509796,0.3925364315509796,85.56938934326172,85.56938934326172,43.570987701416016,43.570987701416016,58.407440185546875,58.407440185546875,5.864545822143555,5.864545822143555,0.0,0.0,180.0
275,1.1458333333333333,-0.2615999999999992,-11.387757928408124,165.24086472479797,-0.2615999999999992,-11.387757928408124,165.24086472479797,5.0,-5.0,0.0,0.0,15.0,0,0.5,0.0,0.0,4.0,4.0,4.0,11.387757301330566,11.387755393981934,11.387758255004883,11.387758255004883,-0.2913639545440674,-0.2924378514289856,-3.2923929691314697,-3.684140920639038,-0.1511499434709549,-0.1511499434709549,0.0,0.0,nan,nan,38.78638458251953,38.78638458251953,77.57276916503906,0.0,8.967832565307617,3.3847107887268066,0.0,0.0,0.0,3.3847107887268066,0.0,8.967832565307617,0.0,0.0,0.0,1.0876402854919434,-3.060027599334717,9.018401145935059,0.0,0.0,0.0,0.0,8.967832565307617,3.3847107887268066,0.0,0.0,0.0,3.3847107887268066,0.0,8.967832565307617,-0.0,-0.0,-0.0,1.0876400470733643,3.060025453567505,9.018402099609375,0.0,0.0,0.0,4.470348358154297e-08,0.0,0.6000000238418579,-5.960464477539063e-08,0.05600005388259888,0.6000000238418579,-1.043081283569336e-07,-0.05599990487098694,0.5999999642372131,2.1752803325653076,-2.1457672119140625e-06,18.03680419921875,0.0,0.0,0.0,1.430511474609375e-06,2.2197107227839297e-06,-3.0919909477233887e-07,21.33799934387207,21.337997436523438,45.65513610839844,45.65513610839844,0.3599705994129181,0.3599705994129181,0.46520882844924927,0.46520882844924927,0.17482061684131622,0.17482061684131622,0.0,0.0,9.966314315795898,9.966314315795898,-0.998481035232544,-0.998481035232544,3.4773027896881104,3.4773027896881104,0.0,0.0,-0.09259215742349625,-0.09259215742349625,3.3847107887268066,3.3847107887268066,0.6875313520431519,0.6875313520431519,0.20284099876880646,0.20284099876880646,0.3746427595615387,0.3746427595615387,81.2807846069336,81.2807846069336,41.16713333129883,41.16713333129883,55.966087341308594,55.966087341308594,6.339746475219727,6.339746475219727,0.0,0.0,180.0
276,1.15,-0.30752924399941994,-10.638128687277412,194.2522867225829,-0.30752924399941994,-10.638128687277412,194.2522867225829,5.0,-5.0,0.0,0.0,15.0,0,0.5,0.0,0.0,4.0,4.0,4.0,10.6381254196167,10.638129234313965,10.638128280639648,10.638129234313965,-0.3336593806743622,-0.3347400426864624,-2.4503250122070312,-2.841481924057007,-0.14120009541511536,-0.14120009541511536,0.0,0.0,nan,nan,33.55207061767578,33.55207061767578,67.10414123535156,0.0,8.316140174865723,3.1183838844299316,0.0,0.0,0.0,3.1183838844299316,0.0,8.316140174865723,0.0,0.0,0.0,1.0247893333435059,-3.1935651302337646,8.223956108093262,0.0,0.0,0.0,0.0,8.316140174865723,3.1183838844299316,0.0,0.0,0.0,3.1183838844299316,0.0,8.316140174865723,-0.0,-0.0,-0.0,1.024788498878479,3.1935641765594482,8.223957061767578,0.0,0.0,0.0,4.470348358154297e-08,0.0,0.6000000238418579,-4.470348358154297e-08,0.0559999942779541,0.6000000238418579,-2.9802322387695312e-08,-0.055999934673309326,0.5999999642372131,2.0495777130126953,-9.5367431640625e-07,16.447914123535156,0.0,0.0,0.0,6.258487701416016e-07,1.2869293186668074e-06,-5.960464477539063e-08,20.513864517211914,20.513864517211914,44.13380813598633,44.13380813598633,0.37411409616470337,0.37411409616470337,0.48833751678466797,0.48833751678466797,0.13754841685295105,0.13754841685295105,0.0,0.0,9.652700424194336,9.652700424194336,-1.3365604877471924,-1.3365604877471924,3.208482265472412,3.208482265472412,0.0,0.0,-0.09009853005409241,-0.09009853005409241,3.1183838844299316,3.1183838844299316,0.6875313520431519,0.6875313520431519,0.19836385548114777,0.19836385548114777,0.35436469316482544,0.35436469316482544,76.1016845703125,76.1016845703125,38.24410629272461,38.24410629272461,53.00776290893555,53.00776290893555,6.9098310470581055,6.9098310470581055,0.0,0.0,180.0
277,1.1541666666666666,-0.350089133246953,-9.771945882077318,221.13544001713188,-0.350089133246953,-9.771945882077318,221.13544001713188,5.0,-5.0,0.0,0.0,15.0,0,0.5,0.0,0.0,4.0,4.0,4.0,9.771944046020508,9.771944046020508,9.77194595336914,9.77194595336914,-0.3723071813583374,-0.37338271737098694,-1.5826985836029053,-1.969012975692749,-0.12970323860645294,-0.12970323860645294,0.0,0.0,nan,nan,28.023643493652344,28.023643493652344,56.04728698730469,0.0,7.589224338531494,2.811491012573242,0.0,0.0,0.0,2.811491012573242,0.0,7.589224338531494,0.0,0.0,0.0,0.935802698135376,-3.2099151611328125,7.370314598083496,0.0,0.0,0.0,0.0,7.589224338531494,2.811491012573242,0.0,0.0,0.0,2.811491012573242,0.0,7.589224338531494,-0.0,-0.0,-0.0,0.9358021020889282,3.2099132537841797,7.370315074920654,0.0,0.0,0.0,4.470348358154297e-08,0.0,0.6000000238418579,-2.9802322387695312e-08,0.05600002408027649,0.6000000238418579,-5.960464477539063e-08,-0.05599990487098694,0.5999999642372131,1.8716048002243042,-1.9073486328125e-06,14.740629196166992,0.0,0.0,0.0,1.043081283569336e-06,1.2621368341569905e-06,-2.421438694000244e-07,19.466066360473633,19.466066360473633,42.091888427734375,42.09187698364258,0.4024088680744171,0.4024088680744171,0.5055375695228577,0.5055375695228577,0.0920536071062088,0.0920536071062088,0.0,0.0,9.253393173217773,9.253393173217773,-1.6641682386398315,-1.6641682386398315,2.898927688598633,2.898927688598633,0.0,0.0,-0.0874367505311966,-0.0874367505311966,2.811491012573242,2.811491012573242,0.6875313520431519,0.6875313520431519,0.1905231773853302,0.1905231773853302,0.3318822383880615,0.3318822383880615,70.07818603515625,70.07818603515625,34.82772445678711,34.82772445678711,49.55867004394531,49.55867004394531,7.568552494049072,7.568552494049072,0.0,0.0,180.0
278,1.1583333333333332,-0.38881337268977145,-8.798699592882041,245.59578715528735,-0.38881337268977145,-8.798699592882041,245.59578715528735,5.0,-5.0,0.0,0.0,15.0,0,0.5,0.0,0.0,4.0,4.0,4.0,8.798697471618652,8.798699378967285,8.798699378967285,8.798699378967285,-0.4068913161754608,-0.4079497456550598,-0.7001919746398926,-1.0774734020233154,-0.11678532510995865,-0.11678532510995865,0.0,0.0,nan,nan,22.46521759033203,22.46521759033203,44.93043518066406,0.0,6.806042671203613,2.478945255279541,0.0,0.0,0.0,2.478945255279541,0.0,6.806042671203613,0.0,0.0,0.0,0.828307569026947,-3.1152701377868652,6.486631393432617,0.0,0.0,0.0,0.0,6.806042671203613,2.478945255279541,0.0,0.0,0.0,2.478945255279541,0.0,6.806042671203613,-0.0,-0.0,-0.0,0.8283069133758545,3.1152687072753906,6.486631870269775,0.0,0.0,0.0,4.470348358154297e-08,0.0,0.6000000238418579,-1.1920928955078125e-07,0.05600005388259888,0.6000000238418579,7.450580596923828e-08,-0.055999964475631714,0.6000000238418579,1.6566145420074463,-1.430511474609375e-06,12.973262786865234,0.0,0.0,0.0,5.662441253662109e-07,8.699250315657991e-07,4.917383193969727e-07,18.1834716796875,18.1834716796875,39.3846321105957,39.38462829589844,0.43071863055229187,0.43071863055229187,0.5245851278305054,0.5245851278305054,0.04469626769423485,0.04469626769423485,0.0,0.0,8.783141136169434,8.783141136169434,-1.9770989418029785,-1.9770989418029785,2.563660144805908,2.563660144805908,0.0,0.0,-0.08471508324146271,-0.08471508324146271,2.478945255279541,2.478945255279541,0.6875313520431519,0.6875313520431519,0.17936104536056519,0.17936104536056519,0.3073979318141937,0.3073979318141937,63.26660919189453,63.26660919189453,30.94968032836914,30.94968032836914,45.6508674621582,45.6508674621582,8.308694839477539,8.308694839477539,0.0,0.0,180.0
279,1.1625,-0.4232776914569727,-7.729052909700849,267.36533545514754,-0.4232776914569727,-7.729052909700849,267.36533545514754,5.0,-5.0,0.0,0.0,15.0,0,0.5,0.0,0.0,4.0,4.0,4.0,7.7290520668029785,7.729051113128662,7.729052543640137,7.729052543640137,-0.4370405077934265,-0.4380701780319214,0.18627363443374634,-0.17791825532913208,-0.10258787870407104,-0.10258787870407104,0.0,0.0,nan,nan,17.13665008544922,17.13665008544922,34.27330017089844,0.0,5.98688268661499,2.135742664337158,0.0,0.0,0.0,2.135742664337158,0.0,5.98688268661499,0.0,0.0,0.0,0.7105571031570435,-2.922109603881836,5.600049018859863,0.0,0.0,0.0,0.0,5.98688268661499,2.135742664337158,0.0,0.0,0.0,2.135742664337158,0.0,5.98688268661499,-0.0,-0.0,-0.0,0.7105568051338196,2.9221088886260986,5.600049018859863,0.0,0.0,0.0,4.470348358154297e-08,0.0,0.6000000238418579,-8.940696716308594e-08,0.05600005388259888,0.5999999642372131,-5.960464477539063e-08,-0.055999934673309326,0.6000000238418579,1.4211139678955078,-7.152557373046875e-07,11.200098037719727,0.0,0.0,0.0,4.76837158203125e-07,1.2928032901982078e-06,-1.862645149230957e-08,16.672590255737305,16.672588348388672,35.83316421508789,35.83316421508789,0.4873591661453247,0.4873591661453247,0.5105845332145691,0.5105845332145691,0.002056337660178542,0.002056337660178542,0.0,0.0,8.257841110229492,8.257841110229492,-2.270958185195923,-2.270958185195923,2.217780351638794,2.217780351638794,0.0,0.0,-0.08203749358654022,-0.08203749358654022,2.135742664337158,2.135742664337158,0.6875313520431519,0.6875313520431519,0.16495880484580994,0.16495880484580994,0.28113895654678345,0.28113895654678345,55.73393630981445,55.73393630981445,26.647829055786133,26.647829055786133,41.32252883911133,41.32252883911133,9.122148513793945,9.122148513793945,0.0,0.0,180.0
280,1.1666666666666667,-0.4531044912600186,-6.574725105432705,286.20557318996697,-0.4531044912600186,-6.574725105432705,286.20557318996697,5.0,-5.0,0.0,0.0,15.0,0,0.5,0.0,0.0,4.0,4.0,4.0,6.574723243713379,6.574724197387695,6.574725151062012,6.574725151062012,-0.4624323546886444,-0.46342161297798157,1.0657483339309692,0.7185443639755249,-0.0872664600610733,-0.0872664600610733,0.0,0.0,nan,nan,12.274343490600586,12.274343490600586,24.548686981201172,0.0,5.152291297912598,1.7959200143814087,0.0,0.0,0.0,1.7959200143814087,0.0,5.152291297912598,0.0,0.0,0.0,0.5907725691795349,-2.6477489471435547,4.7341156005859375,0.0,0.0,0.0,0.0,5.152291297912598,1.7959200143814087,0.0,0.0,0.0,1.7959200143814087,0.0,5.152291297912598,-0.0,-0.0,-0.0,0.590772271156311,2.6477479934692383,4.734116077423096,0.0,0.0,0.0,4.470348358154297e-08,0.0,0.6000000238418579,-5.960464477539063e-08,0.05600002408027649,0.5999999642372131,1.4901161193847656e-08,-0.055999964475631714,0.6000000238418579,1.1815447807312012,-9.5367431640625e-07,9.468231201171875,0.0,0.0,0.0,8.940696716308594e-08,5.996815843900549e-07,1.4528632164001465e-07,14.979104042053223,14.979104995727539,31.23953628540039,31.239530563354492,0.557930588722229,0.557930588722229,0.4420694410800934,0.4420694410800934,0.0,0.0,0.0,0.0,7.693597793579102,7.693597793579102,-2.541306257247925,-2.541306257247925,1.8754189014434814,1.8754189014434814,0.0,0.0,-0.07949888706207275,-0.07949888706207275,1.7959200143814087,1.7959200143814087,0.6875313520431519,0.6875313520431519,0.1474398374557495,0.1474398374557495,0.25335875153541565,0.25335875153541565,47.5577392578125,47.5577392578125,21.96617317199707,21.96617317199707,36.617950439453125,36.617950439453125,10.000000953674316,10.000000953674316,0.0,0.0,180.0
281,1.1708333333333334,-0.47796698343860916,-5.34836323705976,301.9100827725505,-0.47796698343860916,-5.34836323705976,301.9100827725505,5.0,-5.0,0.0,0.0,15.0,0,0.5,0.0,0.0,4.0,4.0,4.0,5.348362922668457,5.348362922668457,5.348363399505615,5.348363399505615,-0.48279547691345215,-0.48373329639434814,1.9274815320968628,1.6009414196014404,-0.07098893821239471,-0.07098893821239471,0.0,0.0,nan,nan,8.073507308959961,8.073507308959961,16.147014617919922,0.0,4.321923732757568,1.4716615676879883,0.0,0.0,0.0,1.4716615676879883,0.0,4.321923732757568,0.0,0.0,0.0,0.4765144884586334,-2.312507152557373,3.9076919555664062,0.0,0.0,0.0,0.0,4.321923732757568,1.4716615676879883,0.0,0.0,0.0,1.4716615676879883,0.0,4.321923732757568,-0.0,-0.0,-0.0,0.4765143394470215,2.312506675720215,3.9076924324035645,0.0,0.0,0.0,4.470348358154297e-08,0.0,0.6000000238418579,-5.960464477539063e-08,0.05600003898143768,0.6000000238418579,-5.960464477539063e-08,-0.055999934673309326,0.6000000238418579,0.9530287981033325,-4.76837158203125e-07,7.815384387969971,0.0,0.0,0.0,3.725290298461914e-07,8.15208125004574e-07,-5.774199962615967e-08,13.231226921081543,13.231224060058594,25.44611167907715,25.44611167907715,0.6680206060409546,0.6680206060409546,0.3319794535636902,0.3319794535636902,0.0,0.0,0.0,0.0,7.105746269226074,7.105746269226074,-2.783823013305664,-2.783823013305664,1.5488433837890625,1.5488433837890625,0.0,0.0,-0.07718174159526825,-0.07718174159526825,1.4716615676879883,1.4716615676879883,0.6875313520431519,0.6875313520431519,0.1269717812538147,0.1269717812538147,0.22433730959892273,0.22433730959892273,38.82585906982422,38.82585906982422,16.954694747924805,16.954694747924805,31.587364196777344,31.587364196777344,10.932634353637695,10.932634353637695,0.0,0.0,180.0
282,1.175,-0.49759276932562413,-4.06340358184467,314.30680230953095,-0.49759276932562413,-4.06340358184467,314.30680230953095,5.0,-5.0,0.0,0.0,15.0,0,0.5,0.0,0.0,4.0,4.0,4.0,4.06340217590332,4.063403606414795,4.063403606414795,4.063403606414795,-0.49791255593299866,-0.4987882673740387,2.761117696762085,2.4586830139160156,-0.05393363907933235,-0.05393363907933235,0.0,0.0,nan,nan,4.674442291259766,4.674442291259766,9.348884582519531,0.0,3.513381242752075,1.1726548671722412,0.0,0.0,0.0,1.1726548671722412,0.0,3.513381242752075,0.0,0.0,0.0,0.37418287992477417,-1.937772274017334,3.1343250274658203,0.0,0.0,0.0,0.0,3.513381242752075,1.1726548671722412,0.0,0.0,0.0,1.1726548671722412,0.0,3.513381242752075,-0.0,-0.0,-0.0,0.37418264150619507,1.9377715587615967,3.1343255043029785,0.0,0.0,0.0,4.470348358154297e-08,0.0,0.6000000238418579,-1.4901161193847656e-07,0.05600002408027649,0.6000000238418579,-1.4901161193847656e-08,-0.055999964475631714,0.5999999642372131,0.7483655214309692,-7.152557373046875e-07,6.268650531768799,0.0,0.0,0.0,2.8312206268310547e-07,7.716834033999476e-07,2.253800630569458e-07,11.729952812194824,11.729949951171875,18.518930435180664,18.518930435180664,0.8289155960083008,0.8289155960083008,0.1710844784975052,0.1710844784975052,0.0,0.0,0.0,0.0,6.507871627807617,6.507871627807617,-2.994490623474121,-2.994490623474121,1.2478089332580566,1.2478089332580566,0.0,0.0,-0.07515415549278259,-0.07515415549278259,1.1726548671722412,1.1726548671722412,0.6875313520431519,0.6875313520431519,0.10376715660095215,0.10376715660095215,0.19438087940216064,0.19438087940216064,29.635650634765625,29.635650634765625,11.668993949890137,11.668993949890137,26.28658103942871,26.28658103942871,11.909831047058105,11.909831047058105,0.0,0.0,180.0
283,1.1791666666666667,-0.511766824703927,-2.733924426664983,323.25991074748185,-0.511766824703927,-2.733924426664983,323.25991074748185,5.0,-5.0,0.0,0.0,15.0,0,0.5,0.0,0.0,4.0,4.0,4.0,2.733924150466919,2.73392391204834,2.733924388885498,2.733924388885498,-0.507621705532074,-0.5084254741668701,3.556931734085083,3.281764030456543,-0.03628743439912796,-0.03628743439912796,0.0,0.0,nan,nan,2.155184268951416,2.155184268951416,4.310368537902832,0.0,2.741119384765625,0.9057631492614746,0.0,0.0,0.0,0.9057631492614746,0.0,2.741119384765625,0.0,0.0,0.0,0.2887166738510132,-1.5440940856933594,2.422098159790039,0.0,0.0,0.0,0.0,2.741119384765625,0.9057631492614746,0.0,0.0,0.0,0.9057631492614746,0.0,2.741119384765625,-0.0,-0.0,-0.0,0.28871649503707886,1.544093370437622,2.422098398208618,0.0,0.0,0.0,4.470348358154297e-08,0.0,0.6000000238418579,-4.470348358154297e-08,0.05600003898143768,0.6000000238418579,-4.470348358154297e-08,-0.055999964475631714,0.6000000238418579,0.577433168888092,-7.152557373046875e-07,4.844196319580078,0.0,0.0,0.0,1.7881393432617188e-07,4.3310492969794723e-07,-3.166496753692627e-08,11.121833801269531,11.121831893920898,16.643383026123047,16.643383026123047,0.8820533156394958,0.8820533156394958,0.11794667690992355,0.11794667690992355,0.0,0.0,0.0,0.0,5.910890579223633,5.910890579223633,-3.169771671295166,-3.169771671295166,0.9792319536209106,0.9792319536209106,0.0,0.0,-0.07346884906291962,-0.07346884906291962,0.9057631492614746,0.9057631492614746,0.6875313520431519,0.6875313520431519,0.07808203995227814,0.07808203995227814,0.16381949186325073,0.16381949186325073,20.09270668029785,20.09270668029785,6.16955041885376,6.16955041885376,20.776241302490234,20.776241302490234,12.920884132385254,12.920884132385254,0.0,0.0,180.0
284,1.1833333333333333,-0.5203338556566806,-1.374491823356286,328.671315956798,-0.5203338556566806,-1.374491823356286,328.671315956798,5.0,-5.0,0.0,0.0,15.0,0,0.5,0.0,0.0,4.0,4.0,4.0,1.374491810798645,1.374491810798645,1.374491810798645,1.3744919300079346,-0.5118175148963928,-0.5125400424003601,4.306000232696533,4.060959815979004,-0.018243659287691116,-0.018243659287691116,0.0,0.0,nan,nan,0.5322170853614807,0.5322170853614807,1.0644341707229614,0.0,2.0155587196350098,0.6750735640525818,0.0,0.0,0.0,0.6750735640525818,0.0,2.0155587196350098,0.0,0.0,0.0,0.2235807627439499,-1.1496055126190186,1.7738715410232544,0.0,0.0,0.0,0.0,2.0155587196350098,0.6750735640525818,0.0,0.0,0.0,0.6750735640525818,0.0,2.0155587196350098,-0.0,-0.0,-0.0,0.22358064353466034,1.1496047973632812,1.773871898651123,0.0,0.0,0.0,4.470348358154297e-08,0.0,0.6000000238418579,-7.450580596923828e-08,0.05600002408027649,0.6000000238418579,-4.470348358154297e-08,-0.055999964475631714,0.6000000238418579,0.44716140627861023,-7.152557373046875e-07,3.547743320465088,0.0,0.0,0.0,8.195638656616211e-08,3.7005847275395354e-07,1.3969838619232178e-08,12.324207305908203,12.324207305908203,15.813404083251953,15.813404083251953,0.8820533156394958,0.8820533156394958,0.11794667690992355,0.11794667690992355,0.0,0.0,0.0,0.0,5.32232666015625,5.32232666015625,-3.3067679405212402,-3.3067679405212402,0.7472367882728577,0.7472367882728577,0.0,0.0,-0.07216325402259827,-0.07216325402259827,0.6750735640525818,0.6750735640525818,0.6875313520431519,0.6875313520431519,0.0502132847905159,0.0502132847905159,0.13300344347953796,0.13300344347953796,10.309234619140625,10.309234619140625,0.52083820104599,0.52083820104599,15.12094783782959,15.12094783782959,13.954715728759766,13.954715728759766,0.0,0.0,180.0
285,1.1875,-0.5232,-3.865637632214354e-14,330.4817294495969,-0.5232,-3.865637632214354e-14,330.4817294495969,5.0,-5.0,0.0,0.0,15.0,0,0.5,0.0,0.0,4.0,4.0,4.0,3.865637465075983e-14,3.865637803889162e-14,3.865637465075983e-14,3.865637465075983e-14,-0.5104531049728394,-0.5110860466957092,5.000348091125488,4.787969589233398,-5.130868726070626e-16,-5.130868726070626e-16,0.0,0.0,nan,nan,-0.23076343536376953,-0.23076343536376953,-0.46152687072753906,0.0,1.342545509338379,0.4823017418384552,0.0,0.0,0.0,0.4823017418384552,0.0,1.342545509338379,0.0,0.0,0.0,0.18102331459522247,-0.7688992023468018,1.1878838539123535,0.0,0.0,0.0,0.0,1.342545509338379,0.4823017418384552,0.0,0.0,0.0,0.4823017418384552,0.0,1.342545509338379,-0.0,-0.0,-0.0,0.18102328479290009,0.7688989043235779,1.187883973121643,0.0,0.0,0.0,4.470348358154297e-08,0.0,0.6000000238418579,1.4901161193847656e-08,0.05600003898143768,0.6000000238418579,0.0,-0.05599997937679291,0.5999999642372131,0.36204659938812256,-2.980232238769531e-07,2.375767707824707,0.0,0.0,0.0,1.1175870895385742e-07,7.771441801196488e-08,-2.421438694000244e-08,14.99998950958252,14.99998950958252,14.999988555908203,14.999988555908203,1.0,1.0,0.0,0.0,0.0,0.0,0.0,0.0,4.745896339416504,4.745896339416504,-3.403350830078125,-3.403350830078125,0.553561806678772,0.553561806678772,0.0,0.0,-0.07126004993915558,-0.07126004993915558,0.4823017418384552,0.4823017418384552,0.6875313520431519,0.6875313520431519,0.02049357444047928,0.02049357444047928,0.10229769349098206,0.10229769349098206,0.40209388732910156,0.40209388732910156,-5.209789752960205,-5.209789752960205,9.388116836547852,9.388116836547852,15.000000953674316,15.000000953674316,0.0,0.0,180.0
286,1.1916666666666667,-0.5203338556566808,1.3744918233562555,328.67131595679814,-0.5203338556566808,1.3744918233562555,328.67131595679814,5.0,-5.0,0.0,0.0,15.0,0,0.5,0.0,0.0,4.0,4.0,4.0,1.374491810798645,1.374491810798645,1.374491810798645,1.3744919300079346,-0.5035388469696045,-0.5040750503540039,5.6330342292785645,5.455510139465332,0.018243659287691116,0.018243659287691116,0.0,0.0,nan,nan,-0.20792880654335022,-0.20792880654335022,-0.41585761308670044,0.0,0.7233331203460693,0.3274730145931244,0.0,0.0,0.0,0.3274730145931244,0.0,0.7233331203460693,0.0,0.0,0.0,0.16254034638404846,-0.41256436705589294,0.6586506962776184,0.0,0.0,0.0,0.0,0.7233331203460693,0.3274730145931244,0.0,0.0,0.0,0.3274730145931244,0.0,0.7233331203460693,-0.0,-0.0,-0.0,0.1625402867794037,0.41256412863731384,0.658650815486908,0.0,0.0,0.0,4.470348358154297e-08,0.0,0.6000000238418579,-7.450580596923828e-08,0.05600002408027649,0.6000000238418579,-4.470348358154297e-08,-0.055999964475631714,0.6000000238418579,0.32508063316345215,-2.384185791015625e-07,1.3173015117645264,0.0,0.0,0.0,2.9802322387695312e-08,1.374052516212032e-07,-9.313225746154785e-10,18.036861419677734,18.036865234375,23.0157527923584,23.0157527923584,0.11794667690992355,0.11794667690992355,0.8820533156394958,0.8820533156394958,0.0,0.0,0.0,0.0,4.181578636169434,4.181578636169434,-3.458245277404785,-3.458245277404785,0.39824098348617554,0.39824098348617554,0.0,0.0,-0.07076795399188995,-0.07076795399188995,0.3274730145931244,0.3274730145931244,0.6875313520431519,0.6875313520431519,-0.010714729316532612,-0.010714729316532612,0.07207543402910233,0.07207543402910233,-9.509451866149902,-9.509451866149902,-10.953388214111328,-10.953388214111328,3.6467208862304688,3.6467208862304688,16.045286178588867,16.045286178588867,0.0,0.0,180.0
287,1.1958333333333333,-0.5117668247039273,2.7339244266649527,323.259910747482,-0.5117668247039273,2.7339244266649527,323.259910747482,5.0,-5.0,0.0,0.0,15.0,0,0.5,0.0,0.0,4.0,4.0,4.0,2.733924150466919,2.73392391204834,2.733924388885498,2.733924388885498,-0.4911441206932068,-0.49157750606536865,6.198157787322998,6.057314872741699,0.03628743439912796,0.03628743439912796,0.0,0.0,nan,nan,0.5058761835098267,0.5058761835098267,1.0117523670196533,0.0,0.1551963984966278,0.20970411598682404,0.0,0.0,0.0,0.20970411598682404,0.0,0.1551963984966278,0.0,0.0,0.0,0.1693701595067978,-0.08742334693670273,0.17813658714294434,0.0,0.0,0.0,0.0,0.1551963984966278,0.20970411598682404,0.0,0.0,0.0,0.20970411598682404,0.0,0.1551963984966278,-0.0,-0.0,-0.0,0.1693701595067978,0.08742330968379974,0.17813660204410553,0.0,0.0,0.0,4.470348358154297e-08,0.0,0.6000000238418579,-4.470348358154297e-08,0.05600003898143768,0.6000000238418579,-4.470348358154297e-08,-0.055999964475631714,0.6000000238418579,0.3387403190135956,-3.725290298461914e-08,0.35627317428588867,0.0,0.0,0.0,1.210719347000122e-08,3.185330399446684e-08,-1.210719347000122e-08,20.958690643310547,20.958694458007812,30.33509063720703,30.335094451904297,0.11794667690992355,0.11794667690992355,0.8820533156394958,0.8820533156394958,0.0,0.0,0.0,0.0,3.626262903213501,3.626262903213501,-3.471066474914551,-3.471066474914551,0.28038641810417175,0.28038641810417175,0.0,0.0,-0.07068228721618652,-0.07068228721618652,0.20970411598682404,0.20970411598682404,0.6875313520431519,0.6875313520431519,-0.043027304112911224,-0.043027304112911224,0.04271015152335167,0.04271015152335167,-19.30609130859375,-19.30609130859375,-16.640775680541992,-16.640775680541992,-2.0340824127197266,-2.0340824127197266,17.079116821289062,17.079116821289062,0.0,0.0,180.0
288,1.2,-0.4975927693256246,4.063403581844642,314.30680230953124,-0.4975927693256246,4.063403581844642,314.30680230953124,5.0,-5.0,0.0,0.0,15.0,0,0.5,0.0,0.0,4.0,4.0,4.0,4.06340217590332,4.063403606414795,4.063403606414795,4.063403606414795,-0.47339698672294617,-0.4737224280834198,6.690789699554443,6.588075637817383,0.05393363907933235,0.05393363907933235,0.0,0.0,nan,nan,1.8098325729370117,1.8098325729370117,3.6196651458740234,0.0,-0.3673388361930847,0.12786665558815002,0.0,0.0,0.0,0.12786665558815002,0.0,-0.3673388361930847,0.0,0.0,0.0,0.20281565189361572,0.20260225236415863,-0.2628799080848694,0.0,0.0,0.0,0.0,-0.3673388361930847,0.12786665558815002,0.0,0.0,0.0,0.12786665558815002,0.0,-0.3673388361930847,-0.0,-0.0,-0.0,0.20281566679477692,-0.20260217785835266,-0.26287996768951416,0.0,0.0,0.0,4.470348358154297e-08,0.0,0.6000000238418579,-1.4901161193847656e-07,0.05600002408027649,0.6000000238418579,-1.4901161193847656e-08,-0.055999964475631714,0.5999999642372131,0.40563130378723145,7.450580596923828e-08,-0.5257598757743835,0.0,0.0,0.0,-2.421438694000244e-08,-7.868142404277023e-08,-3.91155481338501e-08,23.59121322631836,23.59121322631836,36.3895149230957,36.3895149230957,0.11794667690992355,0.11794667690992355,0.864794909954071,0.864794909954071,0.017258400097489357,0.017258400097489357,0.0,0.0,3.074963092803955,3.074963092803955,-3.4423022270202637,-3.4423022270202637,0.19885218143463135,0.19885218143463135,0.0,0.0,-0.07098551839590073,-0.07098551839590073,0.12786665558815002,0.12786665558815002,0.6875313520431519,0.6875313520431519,-0.07604614645242691,-0.07604614645242691,0.014567578211426735,0.014567578211426735,-28.870820999145508,-28.870820999145508,-22.203908920288086,-22.203908920288086,-7.586321830749512,-7.586321830749512,18.090171813964844,18.090171813964844,0.0,0.0,180.0
289,1.2041666666666666,-0.47796698343860966,5.348363237059732,301.91008277255077,-0.47796698343860966,5.348363237059732,301.91008277255077,5.0,-5.0,0.0,0.0,15.0,0,0.5,0.0,0.0,4.0,4.0,4.0,5.348362922668457,5.348362922668457,5.348363399505615,5.348363399505615,-0.450483500957489,-0.4506973922252655,7.1068572998046875,7.043339252471924,0.07098893821239471,0.07098893821239471,0.0,0.0,nan,nan,3.605567455291748,3.605567455291748,7.211134910583496,0.0,-0.8508800268173218,0.08092880994081497,0.0,0.0,0.0,0.08092880994081497,0.0,-0.8508800268173218,0.0,0.0,0.0,0.26421868801116943,0.4552755653858185,-0.6733936071395874,0.0,0.0,0.0,0.0,-0.8508800268173218,0.08092880994081497,0.0,0.0,0.0,0.08092880994081497,0.0,-0.8508800268173218,-0.0,-0.0,-0.0,0.2642187178134918,-0.45527544617652893,-0.673393726348877,0.0,0.0,0.0,4.470348358154297e-08,0.0,0.6000000238418579,-5.960464477539063e-08,0.05600003898143768,0.6000000238418579,-5.960464477539063e-08,-0.055999934673309326,0.6000000238418579,0.5284373760223389,1.1920928955078125e-07,-1.3467873334884644,0.0,0.0,0.0,-6.332993507385254e-08,-1.4048086427465023e-07,-2.60770320892334e-08,25.876405715942383,25.876405715942383,41.17609786987305,41.17610168457031,0.11794667690992355,0.11794667690992355,0.7199033498764038,0.7199033498764038,0.1621500849723816,0.1621500849723816,0.0,0.0,2.522365093231201,2.522365093231201,-3.3732450008392334,-3.3732450008392334,0.15257614850997925,0.15257614850997925,0.0,0.0,-0.07164733111858368,-0.07164733111858368,0.08092880994081497,0.08092880994081497,0.6875313520431519,0.6875313520431519,-0.10936833173036575,-0.10936833173036575,-0.012002810835838318,-0.012002810835838318,-38.0911979675293,-38.0911979675293,-27.577194213867188,-27.577194213867188,-12.944524765014648,-12.944524765014648,19.067367553710938,19.067367553710938,0.0,0.0,180.0
290,1.2083333333333333,-0.4531044912600192,6.574725105432679,286.20557318996737,-0.4531044912600192,6.574725105432679,286.20557318996737,5.0,-5.0,0.0,0.0,15.0,0,0.5,0.0,0.0,4.0,4.0,4.0,6.574723243713379,6.574724197387695,6.574725151062012,6.574725151062012,-0.4226471185684204,-0.4227469265460968,7.443029880523682,7.419358730316162,0.0872664600610733,0.0872664600610733,0.0,0.0,nan,nan,5.7982072830200195,5.7982072830200195,11.596414566040039,0.0,-1.3015027046203613,0.06789825856685638,0.0,0.0,0.0,0.06789825856685638,0.0,-1.3015027046203613,0.0,0.0,0.0,0.35455477237701416,0.6688388586044312,-1.0608793497085571,0.0,0.0,0.0,0.0,-1.3015027046203613,0.06789825856685638,0.0,0.0,0.0,0.06789825856685638,0.0,-1.3015027046203613,-0.0,-0.0,-0.0,0.35455483198165894,-0.6688386797904968,-1.0608794689178467,0.0,0.0,0.0,4.470348358154297e-08,0.0,0.6000000238418579,-5.960464477539063e-08,0.05600002408027649,0.5999999642372131,1.4901161193847656e-08,-0.055999964475631714,0.6000000238418579,0.7091096043586731,1.7881393432617188e-07,-2.1217589378356934,0.0,0.0,0.0,-1.862645149230957e-08,-1.6340811725967797e-07,-6.705522537231445e-08,27.812030792236328,27.812030792236328,44.87302017211914,44.87302017211914,0.11794667690992355,0.11794667690992355,0.5998412370681763,0.5998412370681763,0.28221216797828674,0.28221216797828674,0.0,0.0,1.9643778800964355,1.9643778800964355,-3.265880584716797,-3.265880584716797,0.14052316546440125,0.14052316546440125,0.0,0.0,-0.07262490689754486,-0.07262490689754486,0.06789825856685638,0.06789825856685638,0.6875313520431519,0.6875313520431519,-0.14259451627731323,-0.14259451627731323,-0.0366755835711956,-0.0366755835711956,-46.861289978027344,-46.861289978027344,-32.69865417480469,-32.69865417480469,-18.046876907348633,-18.046876907348633,20.0,20.0,0.0,0.0,180.0
291,1.2125,-0.42327769145697336,7.729052909700824,267.365335455148,-0.42327769145697336,7.729052909700824,267.365335455148,5.0,-5.0,0.0,0.0,15.0,0,0.5,0.0,0.0,4.0,4.0,4.0,7.7290520668029785,7.729051113128662,7.729052543640137,7.729052543640137,-0.39018669724464417,-0.3901713490486145,7.696592330932617,7.713010787963867,0.10258787870407104,0.10258787870407104,0.0,0.0,nan,nan,8.291972160339355,8.291972160339355,16.58394432067871,0.0,-1.7233970165252686,0.08743828535079956,0.0,0.0,0.0,0.08743828535079956,0.0,-1.7233970165252686,0.0,0.0,0.0,0.4737671911716461,0.8411648273468018,-1.4302898645401,0.0,0.0,0.0,0.0,-1.7233970165252686,0.08743828535079956,0.0,0.0,0.0,0.08743828535079956,0.0,-1.7233970165252686,-0.0,-0.0,-0.0,0.4737672805786133,-0.8411646485328674,-1.4302899837493896,0.0,0.0,0.0,4.470348358154297e-08,0.0,0.6000000238418579,-8.940696716308594e-08,0.05600005388259888,0.5999999642372131,-5.960464477539063e-08,-0.055999934673309326,0.6000000238418579,0.947534441947937,1.7881393432617188e-07,-2.8605799674987793,0.0,0.0,0.0,-1.1175870895385742e-07,-3.6924643609381747e-07,-7.82310962677002e-08,29.422452926635742,29.422452926635742,47.69276809692383,47.69276809692383,0.11794667690992355,0.11794667690992355,0.5156482458114624,0.5156482458114624,0.366405189037323,0.366405189037323,0.0,0.0,1.3993496894836426,1.3993496894836426,-3.122746706008911,-3.122746706008911,0.16130149364471436,0.16130149364471436,0.0,0.0,-0.07386322319507599,-0.07386322319507599,0.08743828535079956,0.08743828535079956,0.6875313520431519,0.6875313520431519,-0.17533646523952484,-0.17533646523952484,-0.05915629118680954,-0.05915629118680954,-55.08332824707031,-55.08332824707031,-37.51090621948242,-37.51090621948242,-22.83620834350586,-22.83620834350586,20.877853393554688,20.877853393554688,0.0,0.0,180.0
292,1.2166666666666666,-0.3888133726897735,8.798699592881984,245.59578715528863,-0.3888133726897735,8.798699592881984,245.59578715528863,5.0,-5.0,0.0,0.0,15.0,0,0.5,0.0,0.0,4.0,4.0,4.0,8.798697471618652,8.798699378967285,8.798699378967285,8.798699378967285,-0.35345396399497986,-0.3533235788345337,7.865415096282959,7.9217305183410645,0.11678532510995865,0.11678532510995865,0.0,0.0,nan,nan,10.983920097351074,10.983920097351074,21.96784019470215,0.0,-2.11802339553833,0.13733989000320435,0.0,0.0,0.0,0.13733989000320435,0.0,-2.11802339553833,0.0,0.0,0.0,0.6200483441352844,0.9694641828536987,-1.7834136486053467,0.0,0.0,0.0,0.0,-2.11802339553833,0.13733989000320435,0.0,0.0,0.0,0.13733989000320435,0.0,-2.11802339553833,-0.0,-0.0,-0.0,0.620048463344574,-0.9694638252258301,-1.7834138870239258,0.0,0.0,0.0,4.470348358154297e-08,0.0,0.6000000238418579,-1.1920928955078125e-07,0.05600005388259888,0.6000000238418579,7.450580596923828e-08,-0.055999964475631714,0.6000000238418579,1.2400968074798584,3.5762786865234375e-07,-3.5668275356292725,0.0,0.0,0.0,-1.4901161193847656e-07,-2.3917439762044523e-07,-2.384185791015625e-07,30.742801666259766,30.742807388305664,49.827266693115234,49.827266693115234,0.11794667690992355,0.11794667690992355,0.45904016494750977,0.45904016494750977,0.42301318049430847,0.42301318049430847,0.0,0.0,0.8287456035614014,0.8287456035614014,-2.9467689990997314,-2.9467689990997314,0.21263575553894043,0.21263575553894043,0.0,0.0,-0.07529588043689728,-0.07529588043689728,0.13733989000320435,0.13733989000320435,0.6875313520431519,0.6875313520431519,-0.20722396671772003,-0.20722396671772003,-0.07918713241815567,-0.07918713241815567,-62.66898727416992,-62.66898727416992,-41.961952209472656,-41.961952209472656,-27.260766983032227,-27.260766983032227,21.691307067871094,21.691307067871094,0.0,0.0,180.0
293,1.2208333333333332,-0.35008913324695673,9.771945882077235,221.13544001713424,-0.35008913324695673,9.771945882077235,221.13544001713424,5.0,-5.0,0.0,0.0,15.0,0,0.5,0.0,0.0,4.0,4.0,4.0,9.771944046020508,9.771944046020508,9.77194595336914,9.77194595336914,-0.3128495514392853,-0.3126055598258972,7.947925090789795,8.0435209274292,0.12970323860645294,0.12970323860645294,0.0,0.0,nan,nan,13.759259223937988,13.759259223937988,27.518518447875977,0.0,-2.4838132858276367,0.21405309438705444,0.0,0.0,0.0,0.21405309438705444,0.0,-2.4838132858276367,0.0,0.0,0.0,0.7892844676971436,1.0505461692810059,-2.1186153888702393,0.0,0.0,0.0,0.0,-2.4838132858276367,0.21405309438705444,0.0,0.0,0.0,0.21405309438705444,0.0,-2.4838132858276367,-0.0,-0.0,-0.0,0.7892845273017883,-1.050545573234558,-2.11861515045166,0.0,0.0,0.0,4.470348358154297e-08,0.0,0.6000000238418579,-2.9802322387695312e-08,0.05600002408027649,0.6000000238418579,-5.960464477539063e-08,-0.05599990487098694,0.5999999642372131,1.578568935394287,5.960464477539062e-07,-4.23723030090332,0.0,0.0,0.0,-3.3527612686157227e-07,-4.2588294490997214e-07,-6.332993507385254e-08,31.810546875,31.810548782348633,51.43326187133789,51.43326187133789,0.11794667690992355,0.11794667690992355,0.4165618121623993,0.4165618121623993,0.46549156308174133,0.46549156308174133,0.0,0.0,0.25728273391723633,0.25728273391723633,-2.741095781326294,-2.741095781326294,0.29089999198913574,0.29089999198913574,0.0,0.0,-0.0768468976020813,-0.0768468976020813,0.21405309438705444,0.21405309438705444,0.6875313520431519,0.6875313520431519,-0.23790986835956573,-0.23790986835956573,-0.09655079990625381,-0.09655079990625381,-69.54007720947266,-69.54007720947266,-46.005615234375,-46.005615234375,-31.274667739868164,-31.274667739868164,22.431447982788086,22.431447982788086,0.0,0.0,180.0
294,1.225,-0.30752924399942094,10.638128687277394,194.25228672258353,-0.30752924399942094,10.638128687277394,194.25228672258353,5.0,-5.0,0.0,0.0,15.0,0,0.5,0.0,0.0,4.0,4.0,4.0,10.6381254196167,10.638129234313965,10.638128280639648,10.638129234313965,-0.268818736076355,-0.2684638500213623,7.943155765533447,8.076977729797363,0.14120009541511536,0.14120009541511536,0.0,0.0,nan,nan,16.490360260009766,16.490360260009766,32.98072052001953,0.0,-2.8163435459136963,0.3124285340309143,0.0,0.0,0.0,0.3124285340309143,0.0,-2.8163435459136963,0.0,0.0,0.0,0.9748148322105408,1.0815327167510986,-2.4309310913085938,0.0,0.0,0.0,0.0,-2.8163435459136963,0.3124285340309143,0.0,0.0,0.0,0.3124285340309143,0.0,-2.8163435459136963,-0.0,-0.0,-0.0,0.9748150706291199,-1.0815324783325195,-2.4309310913085938,0.0,0.0,0.0,4.470348358154297e-08,0.0,0.6000000238418579,-4.470348358154297e-08,0.0559999942779541,0.6000000238418579,-2.9802322387695312e-08,-0.055999934673309326,0.5999999642372131,1.9496299028396606,2.384185791015625e-07,-4.8618621826171875,0.0,0.0,0.0,-2.086162567138672e-07,-4.5656415181838383e-07,-5.960464477539063e-08,32.66132736206055,32.66133499145508,52.6333122253418,52.6333122253418,0.11794667690992355,0.11794667690992355,0.3882598280906677,0.3882598280906677,0.4937935173511505,0.4937935173511505,0.0,0.0,-0.3073969781398773,-0.3073969781398773,-2.508946657180786,-2.508946657180786,0.39086174964904785,0.39086174964904785,0.0,0.0,-0.07843320816755295,-0.07843320816755295,0.3124285340309143,0.3124285340309143,0.6875313520431519,0.6875313520431519,-0.26707345247268677,-0.26707345247268677,-0.1110726147890091,-0.1110726147890091,-75.62899017333984,-75.62899017333984,-49.6018180847168,-49.6018180847168,-34.83816146850586,-34.83816146850586,23.09016990661621,23.09016990661621,0.0,0.0,180.0
295,1.2291666666666667,-0.2616000000000003,11.38775792840811,165.24086472479863,-0.2616000000000003,11.38775792840811,165.24086472479863,5.0,-5.0,0.0,0.0,15.0,0,0.5,0.0,0.0,4.0,4.0,4.0,11.387757301330566,11.387755393981934,11.387758255004883,11.387758255004883,-0.22184622287750244,-0.221384197473526,7.850795745849609,8.021371841430664,0.1511499434709549,0.1511499434709549,0.0,0.0,nan,nan,19.040014266967773,19.040014266967773,38.08002853393555,0.0,-3.1088550090789795,0.4257430136203766,0.0,0.0,0.0,0.4257430136203766,0.0,-3.1088550090789795,0.0,0.0,0.0,1.167574167251587,1.0608117580413818,-2.712505578994751,0.0,0.0,0.0,0.0,-3.1088550090789795,0.4257430136203766,0.0,0.0,0.0,0.4257430136203766,0.0,-3.1088550090789795,-0.0,-0.0,-0.0,1.167574167251587,-1.0608110427856445,-2.71250581741333,0.0,0.0,0.0,4.470348358154297e-08,0.0,0.6000000238418579,-5.960464477539063e-08,0.05600005388259888,0.6000000238418579,-1.043081283569336e-07,-0.05599990487098694,0.5999999642372131,2.335148334503174,7.152557373046875e-07,-5.42501163482666,0.0,0.0,0.0,-4.470348358154297e-07,-7.567240345451864e-07,-1.2665987014770508e-07,33.32706069946289,33.32706069946289,53.52107620239258,53.52107620239258,0.11794667690992355,0.11794667690992355,0.37411409616470337,0.37411409616470337,0.5079392194747925,0.5079392194747925,0.0,0.0,-0.8553740978240967,-0.8553740978240967,-2.253480911254883,-2.253480911254883,0.5057113766670227,0.5057113766670227,0.0,0.0,-0.07996834814548492,-0.07996834814548492,0.4257430136203766,0.4257430136203766,0.6875313520431519,0.6875313520431519,-0.29442280530929565,-0.29442280530929565,-0.12262101471424103,-0.12262101471424103,-80.8786849975586,-80.8786849975586,-52.716636657714844,-52.716636657714844,-37.91768264770508,-37.91768264770508,23.660253524780273,23.660253524780273,0.0,0.0,180.0
296,1.2333333333333334,-0.21280461165725867,12.012620510633662,134.41902923421387,-0.21280461165725867,12.012620510633662,134.41902923421387,5.0,-5.0,0.0,0.0,15.0,0,0.5,0.0,0.0,4.0,4.0,4.0,12.012622833251953,12.012619018554688,12.012621879577637,12.012621879577637,-0.1724501997232437,-0.1718861311674118,7.671280384063721,7.8767170906066895,0.15944376587867737,0.15944376587867737,0.0,0.0,nan,nan,21.268205642700195,21.268205642700195,42.53641128540039,0.0,-3.352978229522705,0.5460072755813599,0.0,0.0,0.0,0.5460072755813599,0.0,-3.352978229522705,0.0,0.0,0.0,1.3566049337387085,0.9890193939208984,-2.9533119201660156,0.0,0.0,0.0,0.0,-3.352978229522705,0.5460072755813599,0.0,0.0,0.0,0.5460072755813599,0.0,-3.352978229522705,-0.0,-0.0,-0.0,1.356604814529419,-0.9890182614326477,-2.953312397003174,0.0,0.0,0.0,4.470348358154297e-08,0.0,0.6000000238418579,1.4901161193847656e-08,0.056000083684921265,0.6000000238418579,-1.4901161193847656e-08,-0.055999964475631714,0.6000000238418579,2.713209629058838,1.1324882507324219e-06,-5.9066243171691895,0.0,0.0,0.0,-3.129243850708008e-07,-2.6404669029034267e-07,-1.341104507446289e-07,33.83513259887695,33.83513259887695,54.16705322265625,54.16705322265625,0.11794667690992355,0.11794667690992355,0.3599705994129181,0.3599705994129181,0.5220827460289001,0.5220827460289001,0.0,0.0,-1.3752729892730713,-1.3752729892730713,-1.977705478668213,-1.977705478668213,0.6273742318153381,0.6273742318153381,0.0,0.0,-0.0813668966293335,-0.0813668966293335,0.5460072755813599,0.5460072755813599,0.6875313520431519,0.6875313520431519,-0.3196948766708374,-0.3196948766708374,-0.13110613822937012,-0.13110613822937012,-85.24230194091797,-85.24230194091797,-55.32205581665039,-55.32205581665039,-40.48560333251953,-40.48560333251953,24.135456085205078,24.135456085205078,0.0,0.0,180.0
297,1.2375,-0.16167769145697222,12.505870308742258,102.1244707303488,-0.16167769145697222,12.505870308742258,102.1244707303488,5.0,-5.0,0.0,0.0,15.0,0,0.5,0.0,0.0,4.0,4.0,4.0,12.50586986541748,12.505867004394531,12.50586986541748,12.50586986541748,-0.1211763471364975,-0.12051628530025482,7.40586519241333,7.643869876861572,0.1659906804561615,0.1659906804561615,0.0,0.0,nan,nan,23.041179656982422,23.041179656982422,46.082359313964844,0.0,-3.539578437805176,0.6645023226737976,0.0,0.0,0.0,0.6645023226737976,0.0,-3.539578437805176,0.0,0.0,0.0,1.5298748016357422,0.869857668876648,-3.142134666442871,0.0,0.0,0.0,0.0,-3.539578437805176,0.6645023226737976,0.0,0.0,0.0,0.6645023226737976,0.0,-3.539578437805176,-0.0,-0.0,-0.0,1.5298746824264526,-0.8698567748069763,-3.14213490486145,0.0,0.0,0.0,4.470348358154297e-08,0.0,0.6000000238418579,-1.4901161193847656e-08,0.05600005388259888,0.6000000238418579,-4.470348358154297e-08,-0.05599990487098694,0.5999999642372131,3.0597496032714844,8.940696716308594e-07,-6.284269332885742,0.0,0.0,0.0,-5.066394805908203e-07,-5.594022240984486e-07,-2.1606683731079102e-07,34.208213806152344,34.208213806152344,54.62337875366211,54.62337875366211,0.11794667690992355,0.11794667690992355,0.34582775831222534,0.34582775831222534,0.5362256169319153,0.5362256169319153,0.0,0.0,-1.8551560640335083,-1.8551560640335083,-1.684422254562378,-1.684422254562378,0.7470517754554749,0.7470517754554749,0.0,0.0,-0.08254943788051605,-0.08254943788051605,0.6645023226737976,0.6645023226737976,0.6875313520431519,0.6875313520431519,-0.3426550030708313,-0.3426550030708313,-0.13647718727588654,-0.13647718727588654,-88.6827163696289,-88.6827163696289,-57.395782470703125,-57.395782470703125,-42.52003479003906,-42.52003479003906,24.51056671142578,24.51056671142578,0.0,0.0,180.0
298,1.2416666666666667,-0.1087793966358511,12.862103174726666,68.71101515424262,-0.1087793966358511,12.862103174726666,68.71101515424262,5.0,-5.0,0.0,0.0,15.0,0,0.5,0.0,0.0,4.0,4.0,4.0,12.862103462219238,12.862100601196289,12.862103462219238,12.862103462219238,-0.06859129667282104,-0.06784234195947647,7.056676387786865,7.324594020843506,0.1707189679145813,0.1707189679145813,0.0,0.0,nan,nan,24.241369247436523,24.241369247436523,48.48273849487305,0.0,-3.659621238708496,0.7724611759185791,0.0,0.0,0.0,0.7724611759185791,0.0,-3.659621238708496,0.0,0.0,0.0,1.6752947568893433,0.7105360627174377,-3.267728567123413,0.0,0.0,0.0,0.0,-3.659621238708496,0.7724611759185791,0.0,0.0,0.0,0.7724611759185791,0.0,-3.659621238708496,-0.0,-0.0,-0.0,1.6752946376800537,-0.7105352282524109,-3.267728805541992,0.0,0.0,0.0,4.470348358154297e-08,0.0,0.6000000238418579,0.0,0.05600005388259888,0.6000000238418579,-7.450580596923828e-08,-0.05599990487098694,0.5999999642372131,3.3505892753601074,8.344650268554688e-07,-6.535457611083984,0.0,0.0,0.0,-5.21540641784668e-07,-6.35477817922947e-07,-2.0116567611694336e-07,34.464237213134766,34.4642333984375,54.927406311035156,54.92740249633789,0.11794667690992355,0.11794667690992355,0.33168351650238037,0.33168351650238037,0.5503698587417603,0.5503698587417603,0.0,0.0,-2.2834019660949707,-2.2834019660949707,-1.3762192726135254,-1.3762192726135254,0.8559087514877319,0.8559087514877319,0.0,0.0,-0.08344756811857224,-0.08344756811857224,0.7724611759185791,0.7724611759185791,0.6875313520431519,0.6875313520431519,-0.3630954921245575,-0.3630954921245575,-0.13871921598911285,-0.13871921598911285,-91.17183685302734,-91.17183685302734,-58.920772552490234,-58.920772552490234,-44.004371643066406,-44.004371643066406,24.781476974487305,24.781476974487305,0.0,0.0,180.0
299,1.2458333333333333,-0.05468929198163724,13.077416146760635,34.54474731740338,-0.05468929198163724,13.077416146760635,34.54474731740338,5.0,-5.0,0.0,0.0,15.0,0,0.5,0.0,0.0,4.0,4.0,4.0,13.077411651611328,13.077411651611328,13.07741641998291,13.07741641998291,-0.01527581736445427,-0.014446042478084564,6.626794815063477,6.921618461608887,0.17357681691646576,0.17357681691646576,0.0,0.0,nan,nan,24.776870727539062,24.776870727539062,49.553741455078125,0.0,-3.704998016357422,0.8617952466011047,0.0,0.0,0.0,0.8617952466011047,0.0,-3.704998016357422,0.0,0.0,0.0,1.7817952632904053,0.5217998623847961,-3.320034980773926,0.0,0.0,0.0,0.0,-3.704998016357422,0.8617952466011047,0.0,0.0,0.0,0.8617952466011047,0.0,-3.704998016357422,-0.0,-0.0,-0.0,1.7817955017089844,-0.5217990279197693,-3.320034980773926,0.0,0.0,0.0,4.470348358154297e-08,0.0,0.6000000238418579,-1.341104507446289e-07,0.05600005388259888,0.5999999642372131,-8.940696716308594e-08,-0.055999934673309326,0.6000000238418579,3.5635907649993896,8.344650268554688e-07,-6.640069961547852,0.0,0.0,0.0,-3.5762786865234375e-07,-1.1451231785031268e-06,-2.3096799850463867e-07,34.61635208129883,34.61635971069336,55.10426712036133,55.10426712036133,0.11794667690992355,0.11794667690992355,0.33168351650238037,0.33168351650238037,0.5503698587417603,0.5503698587417603,0.0,0.0,-2.64949369430542,-2.64949369430542,-1.055504560470581,-1.055504560470581,0.9458039402961731,0.9458039402961731,0.0,0.0,-0.08400866389274597,-0.08400866389274597,0.8617952466011047,0.8617952466011047,0.6875313520431519,0.6875313520431519,-0.38083311915397644,-0.38083311915397644,-0.137848362326622,-0.137848362326622,-92.68999481201172,-92.68999481201172,-59.88494110107422,-59.88494110107422,-44.926971435546875,-44.926971435546875,24.945220947265625,24.945220947265625,0.0,0.0,180.0
300,1.25,-6.407352053138953e-16,13.149450210865439,4.0472339214713047e-13,-6.407352053138953e-16,13.149450210865439,4.0472339214713047e-13,5.0,-5.0,0.0,0.0,15.0,0,0.5,0.0,0.0,4.0,4.0,4.0,13.14945125579834,13.14944839477539,13.149450302124023,13.149450302124023,0.03785882517695427,0.03876300901174545,6.0684919357299805,6.385886192321777,0.1745329201221466,0.1745329201221466,0.0,0.0,nan,nan,22.978927612304688,22.978927612304688,45.957855224609375,0.0,-3.19177508354187,0.9701002836227417,0.0,0.0,0.0,0.9701002836227417,0.0,-3.19177508354187,0.0,0.0,0.0,1.760039210319519,0.27611708641052246,-2.820380210876465,0.0,0.0,0.0,0.0,-3.19177508354187,0.9701002836227417,0.0,0.0,0.0,0.9701002836227417,0.0,-3.19177508354187,-0.0,-0.0,-0.0,1.760039210319519,-0.27611640095710754,-2.820380210876465,0.0,0.0,0.0,4.470348358154297e-08,0.0,0.6000000238418579,0.0,0.05600005388259888,0.6000000238418579,-5.960464477539063e-08,-0.055999934673309326,0.6000000238418579,3.520078420639038,6.854534149169922e-07,-5.64076042175293,0.0,0.0,0.0,-3.427267074584961e-07,-4.2026937308037304e-07,-1.9371509552001953e-07,34.67287063598633,34.67287063598633,55.16856002807617,55.16856002807617,0.11794667690992355,0.11794667690992355,0.33168351650238037,0.33168351650238037,0.5503698587417603,0.5503698587417603,0.0,0.0,-3.19177508354187,-3.19177508354187,-5.344756721350954e-15,-5.344756721350954e-15,1.0542998313903809,1.0542998313903809,0.0,0.0,-0.08419948071241379,-0.08419948071241379,0.9701002836227417,0.9701002836227417,0.6875313520431519,0.6875313520431519,-0.4086047410964966,-0.4086047410964966,-0.14680534601211548,-0.14680534601211548,-93.22547149658203,-93.22547149658203,-60.28449249267578,-60.28449249267578,-45.28449249267578,-45.28449249267578,25.0,25.0,0.0,0.0,180.0
301,1.2541666666666667,0.05468929198163596,13.077416146760639,-34.544747317402575,0.05468929198163596,13.077416146760639,-34.544747317402575,5.0,-5.0,0.0,0.0,15.0,0,0.5,0.0,0.0,4.0,4.0,4.0,13.077413558959961,13.077415466308594,13.077417373657227,13.07741641998291,0.09119296073913574,0.09215692430734634,5.542169094085693,5.880609512329102,0.17357681691646576,0.17357681691646576,0.0,0.0,nan,nan,23.661972045898438,23.661972045898438,47.323944091796875,0.0,-3.5482778549194336,0.959634006023407,0.0,0.0,0.0,0.959634006023407,0.0,-3.5482778549194336,0.0,0.0,0.0,1.8448281288146973,0.11326973885297775,-3.177255630493164,0.0,0.0,0.0,0.0,-3.5482778549194336,0.959634006023407,0.0,0.0,0.0,0.959634006023407,0.0,-3.5482778549194336,-0.0,-0.0,-0.0,1.8448281288146973,-0.11326901614665985,-3.177255630493164,0.0,0.0,0.0,4.470348358154297e-08,0.0,0.6000000238418579,-1.2665987014770508e-07,0.05600002408027649,0.5999999642372131,-1.4901161193847656e-08,-0.055999964475631714,0.6000000238418579,3.6896562576293945,7.227063179016113e-07,-6.354511260986328,0.0,0.0,0.0,-1.9371509552001953e-07,-8.438047416348127e-07,-1.2665987014770508e-07,34.63703918457031,34.63703918457031,55.12528610229492,55.12528610229492,0.11794667690992355,0.11794667690992355,0.33168351650238037,0.33168351650238037,0.5503698587417603,0.5503698587417603,0.0,0.0,-3.162571907043457,-3.162571907043457,-0.3857057988643646,-0.3857057988643646,1.0436427593231201,1.0436427593231201,0.0,0.0,-0.08400866389274597,-0.08400866389274597,0.959634006023407,0.959634006023407,0.6875313520431519,0.6875313520431519,-0.4075804352760315,-0.4075804352760315,-0.12696640193462372,-0.12696640193462372,-92.77405548095703,-92.77405548095703,-60.105342864990234,-60.105342864990234,-45.06331253051758,-45.06331253051758,24.945220947265625,24.945220947265625,0.0,0.0,180.0
302,1.2583333333333333,0.10877939663584985,12.862103174726673,-68.71101515424182,0.10877939663584985,12.862103174726673,-68.71101515424182,5.0,-5.0,0.0,0.0,15.0,0,0.5,0.0,0.0,4.0,4.0,4.0,12.862104415893555,12.862102508544922,12.862103462219238,12.862103462219238,0.14317482709884644,0.1441907435655594,4.898515224456787,5.253173828125,0.1707189679145813,0.1707189679145813,0.0,0.0,nan,nan,22.019763946533203,22.019763946533203,44.039527893066406,0.0,-3.340590000152588,0.9608744978904724,0.0,0.0,0.0,0.9608744978904724,0.0,-3.340590000152588,0.0,0.0,0.0,1.792528510093689,-0.07402873039245605,-2.9772777557373047,0.0,0.0,0.0,0.0,-3.340590000152588,0.9608744978904724,0.0,0.0,0.0,0.9608744978904724,0.0,-3.340590000152588,-0.0,-0.0,-0.0,1.7925286293029785,0.07402940839529037,-2.9772777557373047,0.0,0.0,0.0,4.470348358154297e-08,0.0,0.6000000238418579,-8.940696716308594e-08,0.05600005388259888,0.5999999642372131,1.4901161193847656e-08,-0.055999964475631714,0.6000000238418579,3.585057258605957,6.780028343200684e-07,-5.954555511474609,0.0,0.0,0.0,-2.682209014892578e-07,-5.948568855274061e-07,-1.4901161193847656e-07,34.50687026977539,34.50687026977539,54.97015380859375,54.97015380859375,0.11794667690992355,0.11794667690992355,0.33168351650238037,0.33168351650238037,0.5503698587417603,0.5503698587417603,0.0,0.0,-3.2993273735046387,-3.2993273735046387,-0.04126247018575668,-0.04126247018575668,1.0443220138549805,1.0443220138549805,0.0,0.0,-0.08344756811857224,-0.08344756811857224,0.9608744978904724,0.9608744978904724,0.6875313520431519,0.6875313520431519,-0.4163326621055603,-0.4163326621055603,-0.11711011826992035,-0.11711011826992035,-91.33904266357422,-91.33904266357422,-59.35974884033203,-59.35974884033203,-44.276145935058594,-44.276145935058594,24.781476974487305,24.781476974487305,0.0,0.0,180.0
303,1.2625,0.161677691456971,12.505870308742269,-102.12447073034804,0.161677691456971,12.505870308742269,-102.12447073034804,5.0,-5.0,0.0,0.0,15.0,0,0.5,0.0,0.0,4.0,4.0,4.0,12.505867004394531,12.505868911743164,12.50586986541748,12.50586986541748,0.1935575008392334,0.19461442530155182,4.1963043212890625,4.563189506530762,0.1659906804561615,0.1659906804561615,0.0,0.0,nan,nan,19.73407745361328,19.73407745361328,39.46815490722656,0.0,-3.0477731227874756,0.929520308971405,0.0,0.0,0.0,0.929520308971405,0.0,-3.0477731227874756,0.0,0.0,0.0,1.6844470500946045,-0.22855328023433685,-2.695056676864624,0.0,0.0,0.0,0.0,-3.0477731227874756,0.929520308971405,0.0,0.0,0.0,0.929520308971405,0.0,-3.0477731227874756,-0.0,-0.0,-0.0,1.6844474077224731,0.2285538911819458,-2.695056438446045,0.0,0.0,0.0,4.470348358154297e-08,0.0,0.6000000238418579,-1.341104507446289e-07,0.05600002408027649,0.5999999642372131,-1.4901161193847656e-08,-0.05599990487098694,0.5999999642372131,3.368894577026367,6.109476089477539e-07,-5.39011287689209,0.0,0.0,0.0,-3.2782554626464844e-07,-8.433532912022201e-07,-1.564621925354004e-07,34.27505874633789,34.275062561035156,54.68935775756836,54.689361572265625,0.11794667690992355,0.11794667690992355,0.34582775831222534,0.34582775831222534,0.5362256169319153,0.5362256169319153,0.0,0.0,-3.3539724349975586,-3.3539724349975586,0.3061996400356293,0.3061996400356293,1.0120697021484375,1.0120697021484375,0.0,0.0,-0.08254943788051605,-0.08254943788051605,0.929520308971405,0.929520308971405,0.6875313520431519,0.6875313520431519,-0.42186641693115234,-0.42186641693115234,-0.10444542020559311,-0.10444542020559311,-88.93122863769531,-88.93122863769531,-58.04961395263672,-58.04961395263672,-42.925357818603516,-42.925357818603516,24.51056671142578,24.51056671142578,0.0,0.0,180.0
304,1.2666666666666666,0.2128046116572575,12.012620510633674,-134.41902923421313,0.2128046116572575,12.012620510633674,-134.41902923421313,5.0,-5.0,0.0,0.0,15.0,0,0.5,0.0,0.0,4.0,4.0,4.0,12.012622833251953,12.01262092590332,12.01262092590332,12.01262092590332,0.24178996682167053,0.24287661910057068,3.443376064300537,3.818385124206543,0.15944376587867737,0.15944376587867737,0.0,0.0,nan,nan,16.918792724609375,16.918792724609375,33.83758544921875,0.0,-2.6744585037231445,0.8680248260498047,0.0,0.0,0.0,0.8680248260498047,0.0,-2.6744585037231445,0.0,0.0,0.0,1.5251439809799194,-0.3365868926048279,-2.338127613067627,0.0,0.0,0.0,0.0,-2.6744585037231445,0.8680248260498047,0.0,0.0,0.0,0.8680248260498047,0.0,-2.6744585037231445,-0.0,-0.0,-0.0,1.5251439809799194,0.33658748865127563,-2.338127374649048,0.0,0.0,0.0,4.470348358154297e-08,0.0,0.6000000238418579,-1.4901161193847656e-08,0.05600005388259888,0.5999999642372131,-8.940696716308594e-08,-0.055999964475631714,0.6000000238418579,3.050287961959839,5.960464477539062e-07,-4.676255226135254,0.0,0.0,0.0,-2.5331974029541016e-07,-5.43836222277605e-07,-1.564621925354004e-07,33.929054260253906,33.929054260253906,54.25863265991211,54.25863265991211,0.11794667690992355,0.11794667690992355,0.34582775831222534,0.34582775831222534,0.5362256169319153,0.5362256169319153,0.0,0.0,-3.3283002376556396,-3.3283002376556396,0.6538419723510742,0.6538419723510742,0.9493916630744934,0.9493916630744934,0.0,0.0,-0.0813668966293335,-0.0813668966293335,0.8680248260498047,0.8680248260498047,0.6875313520431519,0.6875313520431519,-0.4241059124469757,-0.4241059124469757,-0.08909580856561661,-0.08909580856561661,-85.56938934326172,-85.56938934326172,-56.185123443603516,-56.185123443603516,-41.021575927734375,-41.021575927734375,24.135456085205078,24.135456085205078,0.0,0.0,180.0
305,1.2708333333333333,0.26159999999999917,11.387757928408126,-165.24086472479792,0.26159999999999917,11.387757928408126,-165.24086472479792,5.0,-5.0,0.0,0.0,15.0,0,0.5,0.0,0.0,4.0,4.0,4.0,11.38775634765625,11.387758255004883,11.387758255004883,11.387758255004883,0.2873462736606598,0.2884508967399597,2.648386240005493,3.0273144245147705,0.1511499434709549,0.1511499434709549,0.0,0.0,nan,nan,13.72516918182373,13.72516918182373,27.45033836364746,0.0,-2.228184700012207,0.7810051441192627,0.0,0.0,0.0,0.7810051441192627,0.0,-2.228184700012207,0.0,0.0,0.0,1.3222825527191162,-0.38790759444236755,-1.917256474494934,0.0,0.0,0.0,0.0,-2.228184700012207,0.7810051441192627,0.0,0.0,0.0,0.7810051441192627,0.0,-2.228184700012207,-0.0,-0.0,-0.0,1.3222825527191162,0.38790807127952576,-1.917256474494934,0.0,0.0,0.0,4.470348358154297e-08,0.0,0.6000000238418579,-1.2665987014770508e-07,0.05600002408027649,0.5999999642372131,2.9802322387695312e-08,-0.055999964475631714,0.6000000238418579,2.6445651054382324,4.76837158203125e-07,-3.834512948989868,0.0,0.0,0.0,-1.4156103134155273e-07,-4.3593101395345e-07,-2.2351741790771484e-08,33.45112609863281,33.45112228393555,53.641597747802734,53.641597747802734,0.11794667690992355,0.11794667690992355,0.3599705994129181,0.3599705994129181,0.5220827460289001,0.5220827460289001,0.0,0.0,-3.226665496826172,-3.226665496826172,0.998481035232544,0.998481035232544,0.8609734773635864,0.8609734773635864,0.0,0.0,-0.07996834814548492,-0.07996834814548492,0.7810051441192627,0.7810051441192627,0.6875313520431519,0.6875313520431519,-0.42299923300743103,-0.42299923300743103,-0.07120217382907867,-0.07120217382907867,-81.2807846069336,-81.2807846069336,-53.78126907348633,-53.78126907348633,-38.580223083496094,-38.580223083496094,23.660253524780273,23.660253524780273,0.0,0.0,180.0
306,1.275,0.3075292439994199,10.638128687277412,-194.25228672258288,0.3075292439994199,10.638128687277412,-194.25228672258288,5.0,-5.0,0.0,0.0,15.0,0,0.5,0.0,0.0,4.0,4.0,4.0,10.638126373291016,10.638126373291016,10.638128280639648,10.638128280639648,0.32973089814186096,0.3308415710926056,1.8206133842468262,2.199239730834961,0.14120009541511536,0.14120009541511536,0.0,0.0,nan,nan,10.33301830291748,10.33301830291748,20.66603660583496,0.0,-1.7190345525741577,0.6747884750366211,0.0,0.0,0.0,0.6747884750366211,0.0,-1.7190345525741577,0.0,0.0,0.0,1.0859016180038452,-0.376674085855484,-1.4454596042633057,0.0,0.0,0.0,0.0,-1.7190345525741577,0.6747884750366211,0.0,0.0,0.0,0.6747884750366211,0.0,-1.7190345525741577,-0.0,-0.0,-0.0,1.0859016180038452,0.3766743838787079,-1.4454596042633057,0.0,0.0,0.0,4.470348358154297e-08,0.0,0.6000000238418579,-1.043081283569336e-07,0.05600002408027649,0.5999999642372131,0.0,-0.055999934673309326,0.6000000238418579,2.1718032360076904,2.980232238769531e-07,-2.8909192085266113,0.0,0.0,0.0,-1.564621925354004e-07,-3.447321432759054e-07,-5.960464477539063e-08,32.81843185424805,32.81843185424805,52.78731918334961,52.78731918334961,0.11794667690992355,0.11794667690992355,0.3882598280906677,0.3882598280906677,0.4937935173511505,0.4937935173511505,0.0,0.0,-3.0555949211120605,-3.0555949211120605,1.3365604877471924,1.3365604877471924,0.7532216906547546,0.7532216906547546,0.0,0.0,-0.07843320816755295,-0.07843320816755295,0.6747884750366211,0.6747884750366211,0.6875313520431519,0.6875313520431519,-0.4185221195220947,-0.4185221195220947,-0.05092410370707512,-0.05092410370707512,-76.1016845703125,-76.1016845703125,-50.858245849609375,-50.858245849609375,-35.62189865112305,-35.62189865112305,23.09016990661621,23.09016990661621,0.0,0.0,180.0
307,1.2791666666666666,0.350089133246953,9.771945882077318,-221.13544001713188,0.350089133246953,9.771945882077318,-221.13544001713188,5.0,-5.0,0.0,0.0,15.0,0,0.5,0.0,0.0,4.0,4.0,4.0,9.77194595336914,9.771944046020508,9.77194595336914,9.77194595336914,0.36848390102386475,0.36958861351013184,0.9698535203933716,1.3439693450927734,0.12970323860645294,0.12970323860645294,0.0,0.0,nan,nan,6.938737392425537,6.938737392425537,13.877474784851074,0.0,-1.159053087234497,0.5568212866783142,0.0,0.0,0.0,0.5568212866783142,0.0,-1.159053087234497,0.0,0.0,0.0,0.8274807929992676,-0.30185675621032715,-0.9368094801902771,0.0,0.0,0.0,0.0,-1.159053087234497,0.5568212866783142,0.0,0.0,0.0,0.5568212866783142,0.0,-1.159053087234497,-0.0,-0.0,-0.0,0.8274807333946228,0.3018568754196167,-0.9368094205856323,0.0,0.0,0.0,4.470348358154297e-08,0.0,0.6000000238418579,-7.450580596923828e-08,0.05600005388259888,0.5999999642372131,-7.450580596923828e-08,-0.055999934673309326,0.6000000238418579,1.6549615859985352,1.1920928955078125e-07,-1.8736188411712646,0.0,0.0,0.0,-1.341104507446289e-07,-2.726744696701644e-07,-1.0058283805847168e-07,32.003082275390625,32.003082275390625,51.626708984375,51.626705169677734,0.11794667690992355,0.11794667690992355,0.4165618121623993,0.4165618121623993,0.46549156308174133,0.46549156308174133,0.0,0.0,-2.823221206665039,-2.823221206665039,1.6641682386398315,1.6641682386398315,0.6336681842803955,0.6336681842803955,0.0,0.0,-0.0768468976020813,-0.0768468976020813,0.5568212866783142,0.5568212866783142,0.6875313520431519,0.6875313520431519,-0.41068142652511597,-0.41068142652511597,-0.028441643342375755,-0.028441643342375755,-70.07818603515625,-70.07818603515625,-47.441864013671875,-47.441864013671875,-32.17280578613281,-32.17280578613281,22.431447982788086,22.431447982788086,0.0,0.0,180.0
308,1.2833333333333332,0.3888133726897714,8.798699592882043,-245.59578715528733,0.3888133726897714,8.798699592882043,-245.59578715528733,5.0,-5.0,0.0,0.0,15.0,0,0.5,0.0,0.0,4.0,4.0,4.0,8.798697471618652,8.798700332641602,8.798699378967285,8.798699378967285,0.4031856954097748,0.4042724668979645,0.10621678829193115,0.4716775417327881,0.11678532510995865,0.11678532510995865,0.0,0.0,nan,nan,3.7410473823547363,3.7410473823547363,7.482094764709473,0.0,-0.5614643096923828,0.4350121021270752,0.0,0.0,0.0,0.4350121021270752,0.0,-0.5614643096923828,0.0,0.0,0.0,0.5589218735694885,-0.16710157692432404,-0.40516796708106995,0.0,0.0,0.0,0.0,-0.5614643096923828,0.4350121021270752,0.0,0.0,0.0,0.4350121021270752,0.0,-0.5614643096923828,-0.0,-0.0,-0.0,0.5589218735694885,0.1671016812324524,-0.40516793727874756,0.0,0.0,0.0,4.470348358154297e-08,0.0,0.6000000238418579,-1.1920928955078125e-07,0.0559999942779541,0.5999999642372131,7.450580596923828e-08,-0.0559999942779541,0.6000000238418579,1.117843747138977,1.043081283569336e-07,-0.8103358745574951,0.0,0.0,0.0,-1.1175870895385742e-08,-8.765159975610004e-08,2.9802322387695312e-08,30.97215461730957,30.97215461730957,50.06764221191406,50.06764221191406,0.11794667690992355,0.11794667690992355,0.45904016494750977,0.45904016494750977,0.42301318049430847,0.42301318049430847,0.0,0.0,-2.5385632514953613,-2.5385632514953613,1.9770989418029785,1.9770989418029785,0.510308027267456,0.510308027267456,0.0,0.0,-0.07529588043689728,-0.07529588043689728,0.4350121021270752,0.4350121021270752,0.6875313520431519,0.6875313520431519,-0.39951926469802856,-0.39951926469802856,-0.003957314416766167,-0.003957314416766167,-63.26660919189453,-63.26660919189453,-43.56381607055664,-43.56381607055664,-28.265003204345703,-28.265003204345703,21.691307067871094,21.691307067871094,0.0,0.0,180.0
309,1.2875,0.42327769145697375,7.729052909700812,-267.3653354551482,0.42327769145697375,7.729052909700812,-267.3653354551482,5.0,-5.0,0.0,0.0,15.0,0,0.5,0.0,0.0,4.0,4.0,4.0,7.729053020477295,7.729052543640137,7.729052543640137,7.729053020477295,0.43346092104911804,0.43451786041259766,-0.7600602507591248,-0.4072924852371216,0.10258787870407104,0.10258787870407104,0.0,0.0,nan,nan,0.9259294271469116,0.9259294271469116,1.8518588542938232,0.0,0.06025876849889755,0.3170948326587677,0.0,0.0,0.0,0.3170948326587677,0.0,0.06025876849889755,0.0,0.0,0.0,0.2915695607662201,0.019905680790543556,0.13700810074806213,0.0,0.0,0.0,0.0,0.06025876849889755,0.3170948326587677,0.0,0.0,0.0,0.3170948326587677,0.0,0.06025876849889755,-0.0,-0.0,-0.0,0.2915695607662201,-0.01990569941699505,0.13700811564922333,0.0,0.0,0.0,4.470348358154297e-08,0.0,0.6000000238418579,-4.470348358154297e-08,0.05600005388259888,0.5999999642372131,-5.960464477539063e-08,-0.055999964475631714,0.5999999642372131,0.5831391215324402,-1.862645149230957e-08,0.27401620149612427,0.0,0.0,0.0,1.1175870895385742e-08,-8.217261537879494e-09,-2.60770320892334e-08,29.688247680664062,29.68825340270996,47.989009857177734,47.98902130126953,0.11794667690992355,0.11794667690992355,0.5015096664428711,0.5015096664428711,0.38054367899894714,0.38054367899894714,0.0,0.0,-2.2106995582580566,-2.2106995582580566,2.270958185195923,2.270958185195923,0.3909580409526825,0.3909580409526825,0.0,0.0,-0.07386322319507599,-0.07386322319507599,0.3170948326587677,0.3170948326587677,0.6875313520431519,0.6875313520431519,-0.3851169943809509,-0.3851169943809509,0.02230161242187023,0.02230161242187023,-55.73393630981445,-55.73393630981445,-39.261966705322266,-39.261966705322266,-23.936664581298828,-23.936664581298828,20.877853393554688,20.877853393554688,0.0,0.0,180.0
310,1.2916666666666667,0.4531044912600176,6.574725105432747,-286.20557318996634,0.4531044912600176,6.574725105432747,-286.20557318996634,5.0,-5.0,0.0,0.0,15.0,0,0.5,0.0,0.0,4.0,4.0,4.0,6.574724197387695,6.5747246742248535,6.574725151062012,6.574725151062012,0.45898184180259705,0.4599974751472473,-1.6188337802886963,-1.2826377153396606,0.0872664600610733,0.0872664600610733,0.0,0.0,nan,nan,-1.3474327325820923,-1.3474327325820923,-2.6948654651641846,0.0,0.6934417486190796,0.2100943773984909,0.0,0.0,0.0,0.2100943773984909,0.0,0.6934417486190796,0.0,0.0,0.0,0.03537857159972191,0.24848680198192596,0.6797086000442505,0.0,0.0,0.0,0.0,0.6934417486190796,0.2100943773984909,0.0,0.0,0.0,0.2100943773984909,0.0,0.6934417486190796,-0.0,-0.0,-0.0,0.03537857532501221,-0.24848689138889313,0.6797085404396057,0.0,0.0,0.0,4.470348358154297e-08,0.0,0.6000000238418579,-9.685754776000977e-08,0.05600002408027649,0.5999999642372131,-8.940696716308594e-08,-0.055999934673309326,0.6000000238418579,0.07075715065002441,-8.940696716308594e-08,1.359417200088501,0.0,0.0,0.0,7.82310962677002e-08,1.85267538199696e-07,-4.889443516731262e-09,28.110885620117188,28.110885620117188,45.23462677001953,45.23462677001953,0.11794667690992355,0.11794667690992355,0.5859286785125732,0.5859286785125732,0.296124666929245,0.296124666929245,0.0,0.0,-1.8478643894195557,-1.8478643894195557,2.541306257247925,2.541306257247925,0.2827192544937134,0.2827192544937134,0.0,0.0,-0.07262490689754486,-0.07262490689754486,0.2100943773984909,0.2100943773984909,0.6875313520431519,0.6875313520431519,-0.3675980567932129,-0.3675980567932129,0.05008181929588318,0.05008181929588318,-47.5577392578125,-47.5577392578125,-34.5803108215332,-34.5803108215332,-19.232088088989258,-19.232088088989258,20.0,20.0,0.0,0.0,180.0
311,1.2958333333333334,0.4779669834386084,5.348363237059805,-301.91008277254997,0.4779669834386084,5.348363237059805,-301.91008277254997,5.0,-5.0,0.0,0.0,15.0,0,0.5,0.0,0.0,4.0,4.0,4.0,5.348362922668457,5.348362445831299,5.348363399505615,5.348363399505615,0.47947171330451965,0.4804348647594452,-2.460256338119507,-2.1443209648132324,0.07098893821239471,0.07098893821239471,0.0,0.0,nan,nan,-2.957315444946289,-2.957315444946289,-5.914630889892578,0.0,1.3272591829299927,0.11998675763607025,0.0,0.0,0.0,0.11998675763607025,0.0,1.3272591829299927,0.0,0.0,0.0,-0.2016494870185852,0.506264865398407,1.216160774230957,0.0,0.0,0.0,0.0,1.3272591829299927,0.11998675763607025,0.0,0.0,0.0,0.11998675763607025,0.0,1.3272591829299927,-0.0,-0.0,-0.0,-0.20164936780929565,-0.5062651634216309,1.216160774230957,0.0,0.0,0.0,4.470348358154297e-08,0.0,0.6000000238418579,-6.705522537231445e-08,0.0559999942779541,0.6000000238418579,-3.725290298461914e-08,-0.055999934673309326,0.6000000238418579,-0.40329885482788086,-2.980232238769531e-07,2.432321548461914,0.0,0.0,0.0,7.450580596923828e-08,2.3558871475870546e-07,3.725290298461914e-09,26.19974136352539,26.199739456176758,41.61005401611328,41.61005401611328,0.11794667690992355,0.11794667690992355,0.6943473815917969,0.6943473815917969,0.18770600855350494,0.18770600855350494,0.0,0.0,-1.4565637111663818,-1.4565637111663818,2.783823013305664,2.783823013305664,0.19163408875465393,0.19163408875465393,0.0,0.0,-0.07164733111858368,-0.07164733111858368,0.11998675763607025,0.11998675763607025,0.6875313520431519,0.6875313520431519,-0.3471300005912781,-0.3471300005912781,0.07910328358411789,0.07910328358411789,-38.82585906982422,-38.82585906982422,-29.568832397460938,-29.568832397460938,-14.201499938964844,-14.201499938964844,19.067367553710938,19.067367553710938,0.0,0.0,180.0
312,1.3,0.49759276932562413,4.063403581844672,-314.30680230953095,0.49759276932562413,4.063403581844672,-314.30680230953095,5.0,-5.0,0.0,0.0,15.0,0,0.5,0.0,0.0,4.0,4.0,4.0,4.063404083251953,4.063401699066162,4.063403606414795,4.063403606414795,0.4947068691253662,0.49560707807540894,-3.2749717235565186,-2.9827632904052734,0.05393363907933235,0.05393363907933235,0.0,0.0,nan,nan,-3.8247807025909424,-3.8247807025909424,-7.649561405181885,0.0,1.9536712169647217,0.051612477749586105,0.0,0.0,0.0,0.051612477749586105,0.0,1.9536712169647217,0.0,0.0,0.0,-0.41368845105171204,0.7804991602897644,1.7433239221572876,0.0,0.0,0.0,0.0,1.9536712169647217,0.051612477749586105,0.0,0.0,0.0,0.051612477749586105,0.0,1.9536712169647217,-0.0,-0.0,-0.0,-0.4136883020401001,-0.7804991602897644,1.743323802947998,0.0,0.0,0.0,4.470348358154297e-08,0.0,0.6000000238418579,2.2351741790771484e-08,0.05600005388259888,0.6000000238418579,-4.470348358154297e-08,-0.055999964475631714,0.6000000238418579,-0.8273767232894897,0.0,3.486647605895996,0.0,0.0,0.0,1.6391277313232422e-07,1.9483161395328352e-07,9.872019290924072e-08,23.921432495117188,23.921432495117188,36.89210510253906,36.89210510253906,0.11794667690992355,0.11794667690992355,0.8524252772331238,0.8524252772331238,0.029628142714500427,0.029628142714500427,0.0,0.0,-1.0408191680908203,-1.0408191680908203,2.994490623474121,2.994490623474121,0.12259799987077713,0.12259799987077713,0.0,0.0,-0.07098551839590073,-0.07098551839590073,0.051612477749586105,0.051612477749586105,0.6875313520431519,0.6875313520431519,-0.3239253759384155,-0.3239253759384155,0.10905972868204117,0.10905972868204117,-29.635650634765625,-29.635650634765625,-24.283130645751953,-24.283130645751953,-8.900716781616211,-8.900716781616211,18.090171813964844,18.090171813964844,0.0,0.0,180.0
313,1.3041666666666667,0.511766824703927,2.7339244266649843,-323.25991074748185,0.511766824703927,2.7339244266649843,-323.25991074748185,5.0,-5.0,0.0,0.0,15.0,0,0.5,0.0,0.0,4.0,4.0,4.0,2.7339236736297607,2.7339231967926025,2.733924388885498,2.733924388885498,0.5045189261436462,0.5053463578224182,-4.054283618927002,-3.7890141010284424,0.03628743439912796,0.03628743439912796,0.0,0.0,nan,nan,-3.9124815464019775,-3.9124815464019775,-7.824963092803955,0.0,2.5680761337280273,0.008859370835125446,0.0,0.0,0.0,0.008859370835125446,0.0,2.5680761337280273,0.0,0.0,0.0,-0.5969381332397461,1.059220552444458,2.2620365619659424,0.0,0.0,0.0,0.0,2.5680761337280273,0.008859370835125446,0.0,0.0,0.0,0.008859370835125446,0.0,2.5680761337280273,-0.0,-0.0,-0.0,-0.5969380140304565,-1.0592212677001953,2.2620363235473633,0.0,0.0,0.0,4.470348358154297e-08,0.0,0.6000000238418579,-8.940696716308594e-08,0.05600002408027649,0.5999999642372131,-6.705522537231445e-08,-0.055999964475631714,0.6000000238418579,-1.1938761472702026,-7.152557373046875e-07,4.524072647094727,0.0,0.0,0.0,2.086162567138672e-07,5.917453336223844e-07,1.862645149230957e-08,21.262304306030273,21.262296676635742,30.87116050720215,30.87116050720215,0.11794667690992355,0.11794667690992355,0.8820533156394958,0.8820533156394958,0.0,0.0,0.0,0.0,-0.6016952395439148,-0.6016952395439148,3.169771671295166,3.169771671295166,0.0795416608452797,0.0795416608452797,0.0,0.0,-0.07068228721618652,-0.07068228721618652,0.008859370835125446,0.008859370835125446,0.6875313520431519,0.6875313520431519,-0.2982402741909027,-0.2982402741909027,0.1396210938692093,0.1396210938692093,-20.09270668029785,-20.09270668029785,-18.7836856842041,-18.7836856842041,-3.390378713607788,-3.390378713607788,17.079116821289062,17.079116821289062,0.0,0.0,180.0
314,1.3083333333333333,0.5203338556566806,1.3744918233562875,-328.671315956798,0.5203338556566806,1.3744918233562875,-328.671315956798,5.0,-5.0,0.0,0.0,15.0,0,0.5,0.0,0.0,4.0,4.0,4.0,1.374491810798645,1.374491810798645,1.3744919300079346,1.3744919300079346,0.5087963938713074,0.5095419883728027,-4.790268421173096,-4.554867267608643,0.018243659287691116,0.018243659287691116,0.0,0.0,nan,nan,-3.2174181938171387,-3.2174181938171387,-6.434836387634277,0.0,3.1694860458374023,-0.0049437955021858215,0.0,0.0,0.0,-0.0049437955021858215,0.0,3.1694860458374023,0.0,0.0,0.0,-0.7491441965103149,1.331964135169983,2.7767465114593506,0.0,0.0,0.0,0.0,3.1694860458374023,-0.0049437955021858215,0.0,0.0,0.0,-0.0049437955021858215,0.0,3.1694860458374023,-0.0,-0.0,-0.0,-0.7491441965103149,-1.3319644927978516,2.7767465114593506,0.0,0.0,0.0,4.470348358154297e-08,0.0,0.6000000238418579,-3.725290298461914e-08,0.05600002408027649,0.5999999642372131,-1.4901161193847656e-08,-0.055999964475631714,0.6000000238418579,-1.4982883930206299,-3.5762786865234375e-07,5.553493022918701,0.0,0.0,0.0,2.5331974029541016e-07,4.3773155766757554e-07,1.4901161193847656e-08,18.250926971435547,18.250926971435547,23.46627426147461,23.46627426147461,0.11794667690992355,0.11794667690992355,0.8820533156394958,0.8820533156394958,0.0,0.0,0.0,0.0,-0.13728201389312744,-0.13728201389312744,3.3067679405212402,3.3067679405212402,0.06582416594028473,0.06582416594028473,0.0,0.0,-0.07076795399188995,-0.07076795399188995,-0.0049437955021858215,-0.0049437955021858215,0.6875313520431519,0.6875313520431519,-0.2703714966773987,-0.2703714966773987,0.17043715715408325,0.17043715715408325,-10.309233665466309,-10.309233665466309,-13.134974479675293,-13.134974479675293,2.2649168968200684,2.2649168968200684,16.045286178588867,16.045286178588867,0.0,0.0,180.0
315,1.3125,0.5232,-6.4495120995758474e-15,-330.4817294495969,0.5232,-6.4495120995758474e-15,-330.4817294495969,5.0,-5.0,0.0,0.0,15.0,0,0.5,0.0,0.0,4.0,4.0,4.0,6.449510454235689e-15,6.449509607202742e-15,6.4495125718180574e-15,6.4495125718180574e-15,0.507486879825592,0.5081425309181213,-5.475809097290039,-5.272894859313965,-8.560450469408411e-17,-8.560450469408411e-17,0.0,0.0,nan,nan,-1.7601532936096191,-1.7601532936096191,-3.5203065872192383,0.0,3.760092258453369,0.013430955819785595,0.0,0.0,0.0,0.013430955819785595,0.0,3.760092258453369,0.0,0.0,0.0,-0.868926465511322,1.5899357795715332,3.2947752475738525,0.0,0.0,0.0,0.0,3.760092258453369,0.013430955819785595,0.0,0.0,0.0,0.013430955819785595,0.0,3.760092258453369,-0.0,-0.0,-0.0,-0.8689263463020325,-1.589936375617981,3.2947750091552734,0.0,0.0,0.0,4.470348358154297e-08,0.0,0.6000000238418579,-1.4156103134155273e-07,0.05600002408027649,0.5999999642372131,-5.960464477539063e-08,-0.055999934673309326,0.6000000238418579,-1.7378528118133545,-5.960464477539062e-07,6.589550018310547,0.0,0.0,0.0,4.023313522338867e-07,1.0091636113429558e-06,-4.470348358154297e-08,14.99998950958252,14.99998950958252,14.999988555908203,14.999988555908203,1.0,1.0,0.0,0.0,0.0,0.0,0.0,0.0,0.35674142837524414,0.35674142837524414,3.403350830078125,3.403350830078125,0.08469101041555405,0.08469101041555405,0.0,0.0,-0.07126004993915558,-0.07126004993915558,0.013430955819785595,0.013430955819785595,0.6875313520431519,0.6875313520431519,-0.24065180122852325,-0.24065180122852325,0.20114286243915558,0.20114286243915558,-0.40209388732910156,-0.40209388732910156,-7.404346942901611,-7.404346942901611,7.997747898101807,7.997747898101807,15.000000953674316,15.000000953674316,0.0,0.0,180.0
316,1.3166666666666667,0.5203338556566806,-1.3744918233563002,-328.67131595679797,0.5203338556566806,-1.3744918233563002,-328.67131595679797,5.0,-5.0,0.0,0.0,15.0,0,0.5,0.0,0.0,4.0,4.0,4.0,1.374491810798645,1.374491810798645,1.3744919300079346,1.3744919300079346,0.5005970597267151,0.5011558532714844,-6.104563236236572,-5.936422348022461,-0.018243659287691116,-0.018243659287691116,0.0,0.0,nan,nan,0.42551466822624207,0.42551466822624207,0.8510293364524841,0.0,4.344228744506836,0.06742891669273376,0.0,0.0,0.0,0.06742891669273376,0.0,4.344228744506836,0.0,0.0,0.0,-0.9551313519477844,1.825645089149475,3.825129508972168,0.0,0.0,0.0,0.0,4.344228744506836,0.06742891669273376,0.0,0.0,0.0,0.06742891669273376,0.0,4.344228744506836,-0.0,-0.0,-0.0,-0.9551313519477844,-1.8256455659866333,3.825129270553589,0.0,0.0,0.0,4.470348358154297e-08,0.0,0.6000000238418579,-3.725290298461914e-08,0.05600002408027649,0.5999999642372131,-1.4901161193847656e-08,-0.055999964475631714,0.6000000238418579,-1.9102627038955688,-4.76837158203125e-07,7.650259017944336,0.0,0.0,0.0,3.5762786865234375e-07,5.984195468045073e-07,1.4901161193847656e-08,11.839410781860352,11.839410781860352,15.893213272094727,15.893213272094727,0.8820533156394958,0.8820533156394958,0.11794667690992355,0.11794667690992355,0.0,0.0,0.0,0.0,0.8859835267066956,0.8859835267066956,3.458245277404785,3.458245277404785,0.13959217071533203,0.13959217071533203,0.0,0.0,-0.07216325402259827,-0.07216325402259827,0.06742891669273376,0.06742891669273376,0.6875313520431519,0.6875313520431519,-0.20944349467754364,-0.20944349467754364,0.2313651740550995,0.2313651740550995,9.509451866149902,9.509451866149902,-1.6607481241226196,-1.6607481241226196,13.739143371582031,13.739143371582031,13.954715728759766,13.954715728759766,0.0,0.0,180.0
317,1.3208333333333333,0.5117668247039278,-2.733924426664905,-323.2599107474823,0.5117668247039278,-2.733924426664905,-323.2599107474823,5.0,-5.0,0.0,0.0,15.0,0,0.5,0.0,0.0,4.0,4.0,4.0,2.7339236736297607,2.7339231967926025,2.733924388885498,2.733924388885498,0.4881949722766876,0.4886508584022522,-6.670886039733887,-6.5394487380981445,-0.03628743439912796,-0.03628743439912796,0.0,0.0,nan,nan,3.2985029220581055,3.2985029220581055,6.597005844116211,0.0,4.926915168762207,0.16070625185966492,0.0,0.0,0.0,0.16070625185966492,0.0,4.926915168762207,0.0,0.0,0.0,-1.006427526473999,2.032140016555786,4.3769659996032715,0.0,0.0,0.0,0.0,4.926915168762207,0.16070625185966492,0.0,0.0,0.0,0.16070625185966492,0.0,4.926915168762207,-0.0,-0.0,-0.0,-1.00642728805542,-2.0321412086486816,4.376965522766113,0.0,0.0,0.0,4.470348358154297e-08,0.0,0.6000000238418579,-8.940696716308594e-08,0.05600002408027649,0.5999999642372131,-6.705522537231445e-08,-0.055999964475631714,0.6000000238418579,-2.012854814529419,-1.1920928955078125e-06,8.753931045532227,0.0,0.0,0.0,4.023313522338867e-07,1.1361486258465447e-06,2.9802322387695312e-08,9.949695587158203,9.949694633483887,16.791915893554688,16.791893005371094,0.8820533156394958,0.8820533156394958,0.11794667690992355,0.11794667690992355,0.0,0.0,0.0,0.0,1.4558489322662354,1.4558489322662354,3.471066474914551,3.471066474914551,0.23417508602142334,0.23417508602142334,0.0,0.0,-0.07346884906291962,-0.07346884906291962,0.16070625185966492,0.16070625185966492,0.6875313520431519,0.6875313520431519,-0.17713092267513275,-0.17713092267513275,0.26073044538497925,0.26073044538497925,19.30609130859375,19.30609130859375,4.026639938354492,4.026639938354492,19.419946670532227,19.419946670532227,12.920884132385254,12.920884132385254,0.0,0.0,180.0
318,1.325,0.49759276932562513,-4.063403581844596,-314.3068023095316,0.49759276932562513,-4.063403581844596,-314.3068023095316,5.0,-5.0,0.0,0.0,15.0,0,0.5,0.0,0.0,4.0,4.0,4.0,4.063404083251953,4.063401699066162,4.063403606414795,4.063403606414795,0.4704091548919678,0.470757395029068,-7.169713973999023,-7.076537609100342,-0.05393363907933235,-0.05393363907933235,0.0,0.0,nan,nan,6.810070991516113,6.810070991516113,13.620141983032227,0.0,5.5123138427734375,0.2967248558998108,0.0,0.0,0.0,0.2967248558998108,0.0,5.5123138427734375,0.0,0.0,0.0,-1.0212775468826294,2.202190399169922,4.95792293548584,0.0,0.0,0.0,0.0,5.5123138427734375,0.2967248558998108,0.0,0.0,0.0,0.2967248558998108,0.0,5.5123138427734375,-0.0,-0.0,-0.0,-1.0212771892547607,-2.202190399169922,4.957922458648682,0.0,0.0,0.0,4.470348358154297e-08,0.0,0.6000000238418579,2.2351741790771484e-08,0.05600005388259888,0.6000000238418579,-4.470348358154297e-08,-0.055999964475631714,0.6000000238418579,-2.0425548553466797,0.0,9.91584587097168,0.0,0.0,0.0,4.76837158203125e-07,5.54091059257189e-07,2.60770320892334e-07,10.287637710571289,10.287635803222656,17.6888484954834,17.6888484954834,0.8698575496673584,0.8698575496673584,0.1301424354314804,0.1301424354314804,0.0,0.0,0.0,0.0,2.070012092590332,2.070012092590332,3.4423022270202637,3.4423022270202637,0.371878981590271,0.371878981590271,0.0,0.0,-0.07515415549278259,-0.07515415549278259,0.2967248558998108,0.2967248558998108,0.6875313520431519,0.6875313520431519,-0.14411206543445587,-0.14411206543445587,0.28887301683425903,0.28887301683425903,28.870824813842773,28.870824813842773,9.589773178100586,9.589773178100586,24.972187042236328,24.972187042236328,11.909831047058105,11.909831047058105,0.0,0.0,180.0
319,1.3291666666666666,0.4779669834386097,-5.348363237059731,-301.9100827725508,0.4779669834386097,-5.348363237059731,-301.9100827725508,5.0,-5.0,0.0,0.0,15.0,0,0.5,0.0,0.0,4.0,4.0,4.0,5.348362922668457,5.348362445831299,5.348363399505615,5.348363399505615,0.44742870330810547,0.4476659595966339,-7.596513748168945,-7.542740345001221,-0.07098893821239471,-0.07098893821239471,0.0,0.0,nan,nan,10.898033142089844,10.898033142089844,21.796066284179688,0.0,6.102418422698975,0.4780232906341553,0.0,0.0,0.0,0.4780232906341553,0.0,6.102418422698975,0.0,0.0,0.0,-0.9982734322547913,2.327684164047241,5.572553634643555,0.0,0.0,0.0,0.0,6.102418422698975,0.4780232906341553,0.0,0.0,0.0,0.4780232906341553,0.0,6.102418422698975,-0.0,-0.0,-0.0,-0.9982727766036987,-2.327685594558716,5.5725531578063965,0.0,0.0,0.0,4.470348358154297e-08,0.0,0.6000000238418579,-6.705522537231445e-08,0.0559999942779541,0.6000000238418579,-3.725290298461914e-08,-0.055999934673309326,0.6000000238418579,-1.9965462684631348,-1.430511474609375e-06,11.14510726928711,0.0,0.0,0.0,3.5762786865234375e-07,1.07948767436028e-06,2.60770320892334e-08,11.774944305419922,11.774947166442871,24.057353973388672,24.057369232177734,0.7199033498764038,0.7199033498764038,0.28009676933288574,0.28009676933288574,0.0,0.0,0.0,0.0,2.729173421859741,2.729173421859741,3.3732450008392334,3.3732450008392334,0.5552050471305847,0.5552050471305847,0.0,0.0,-0.07718174159526825,-0.07718174159526825,0.4780232906341553,0.4780232906341553,0.6875313520431519,0.6875313520431519,-0.11078988015651703,-0.11078988015651703,0.3154434263706207,0.3154434263706207,38.0911979675293,38.0911979675293,14.963057518005371,14.963057518005371,30.330387115478516,30.330387115478516,10.932634353637695,10.932634353637695,0.0,0.0,180.0
320,1.3333333333333333,0.4531044912600193,-6.574725105432678,-286.20557318996737,0.4531044912600193,-6.574725105432678,-286.20557318996737,5.0,-5.0,0.0,0.0,15.0,0,0.5,0.0,0.0,4.0,4.0,4.0,6.574724197387695,6.5747246742248535,6.574725151062012,6.574725151062012,0.41950178146362305,0.4196256399154663,-7.94720458984375,-7.933566570281982,-0.0872664600610733,-0.0872664600610733,0.0,0.0,nan,nan,15.478615760803223,15.478615760803223,30.957231521606445,0.0,6.696176528930664,0.7053472995758057,0.0,0.0,0.0,0.7053472995758057,0.0,6.696176528930664,0.0,0.0,0.0,-0.9366906881332397,2.3994970321655273,6.221038818359375,0.0,0.0,0.0,0.0,6.696176528930664,0.7053472995758057,0.0,0.0,0.0,0.7053472995758057,0.0,6.696176528930664,-0.0,-0.0,-0.0,-0.936690628528595,-2.3994979858398438,6.221038341522217,0.0,0.0,0.0,4.470348358154297e-08,0.0,0.6000000238418579,-9.685754776000977e-08,0.05600002408027649,0.5999999642372131,-8.940696716308594e-08,-0.055999934673309326,0.6000000238418579,-1.8733813762664795,-9.5367431640625e-07,12.44207763671875,0.0,0.0,0.0,7.450580596923828e-07,1.770794028743694e-06,7.078051567077637e-08,13.596657752990723,13.596657752990723,30.176292419433594,30.176292419433594,0.5998412370681763,0.5998412370681763,0.4001588523387909,0.4001588523387909,0.0,0.0,0.0,0.0,3.430295467376709,3.430295467376709,3.265880584716797,3.265880584716797,0.7848461866378784,0.7848461866378784,0.0,0.0,-0.07949888706207275,-0.07949888706207275,0.7053472995758057,0.7053472995758057,0.6875313520431519,0.6875313520431519,-0.07756372541189194,-0.07756372541189194,0.3401161730289459,0.3401161730289459,46.861289978027344,46.861289978027344,20.084516525268555,20.084516525268555,35.4327392578125,35.4327392578125,10.000000953674316,10.000000953674316,0.0,0.0,180.0
321,1.3375,0.4232776914569734,-7.7290529097008225,-267.36533545514806,0.4232776914569734,-7.7290529097008225,-267.36533545514806,5.0,-5.0,0.0,0.0,15.0,0,0.5,0.0,0.0,4.0,4.0,4.0,7.729053020477295,7.729052543640137,7.729052543640137,7.729053020477295,0.3869327902793884,0.3869423568248749,-8.218172073364258,-8.244974136352539,-0.10258787870407104,-0.10258787870407104,0.0,0.0,nan,nan,20.439483642578125,20.439483642578125,40.87896728515625,0.0,7.289093017578125,0.9768509268760681,0.0,0.0,0.0,0.9768509268760681,0.0,7.289093017578125,0.0,0.0,0.0,-0.83708256483078,2.407855272293091,6.8983073234558105,0.0,0.0,0.0,0.0,7.289093017578125,0.9768509268760681,0.0,0.0,0.0,0.9768509268760681,0.0,7.289093017578125,-0.0,-0.0,-0.0,-0.8370827436447144,-2.4078567028045654,6.898306846618652,0.0,0.0,0.0,4.470348358154297e-08,0.0,0.6000000238418579,-4.470348358154297e-08,0.05600005388259888,0.5999999642372131,-5.960464477539063e-08,-0.055999964475631714,0.5999999642372131,-1.6741652488708496,-1.430511474609375e-06,13.796613693237305,0.0,0.0,0.0,6.258487701416016e-07,1.4360941804625327e-06,9.685754776000977e-08,15.395145416259766,15.395149230957031,35.01286697387695,35.01286697387695,0.5156482458114624,0.5156482458114624,0.48382794857025146,0.48382794857025146,0.0005239031161181629,0.0005239031161181629,0.0,0.0,4.166346073150635,4.166346073150635,3.122746706008911,3.122746706008911,1.0588884353637695,1.0588884353637695,0.0,0.0,-0.08203749358654022,-0.08203749358654022,0.9768509268760681,0.9768509268760681,0.6875313520431519,0.6875313520431519,-0.04482176899909973,-0.04482176899909973,0.36259689927101135,0.36259689927101135,55.08332824707031,55.08332824707031,24.896770477294922,24.896770477294922,40.22207260131836,40.22207260131836,9.122148513793945,9.122148513793945,0.0,0.0,180.0
322,1.3416666666666666,0.38881337268977356,-8.798699592881983,-245.59578715528866,0.38881337268977356,-8.798699592881983,-245.59578715528866,5.0,-5.0,0.0,0.0,15.0,0,0.5,0.0,0.0,4.0,4.0,4.0,8.798697471618652,8.798700332641602,8.798699378967285,8.798699378967285,0.35007941722869873,0.3499748408794403,-8.406329154968262,-8.473406791687012,-0.11678532510995865,-0.11678532510995865,0.0,0.0,nan,nan,25.636682510375977,25.636682510375977,51.27336502075195,0.0,7.87327241897583,1.287545919418335,0.0,0.0,0.0,1.287545919418335,0.0,7.87327241897583,0.0,0.0,0.0,-0.7017360329627991,2.3432233333587646,7.593620300292969,0.0,0.0,0.0,0.0,7.87327241897583,1.287545919418335,0.0,0.0,0.0,1.287545919418335,0.0,7.87327241897583,-0.0,-0.0,-0.0,-0.7017359733581543,-2.3432250022888184,7.5936198234558105,0.0,0.0,0.0,4.470348358154297e-08,0.0,0.6000000238418579,-1.1920928955078125e-07,0.0559999942779541,0.5999999642372131,7.450580596923828e-08,-0.0559999942779541,0.6000000238418579,-1.4034719467163086,-1.6689300537109375e-06,15.187240600585938,0.0,0.0,0.0,1.7881393432617188e-07,1.0602105930956895e-06,-4.507601261138916e-07,17.021957397460938,17.02195930480957,38.748355865478516,38.748355865478516,0.45904016494750977,0.45904016494750977,0.5113317370414734,0.5113317370414734,0.029628142714500427,0.029628142714500427,0.0,0.0,4.9265031814575195,4.9265031814575195,2.9467689990997314,2.9467689990997314,1.3722610473632812,1.3722610473632812,0.0,0.0,-0.08471508324146271,-0.08471508324146271,1.287545919418335,1.287545919418335,0.6875313520431519,0.6875313520431519,-0.01293425913900137,-0.01293425913900137,0.3826277554035187,0.3826277554035187,62.66898727416992,62.66898727416992,29.347816467285156,29.347816467285156,44.64663314819336,44.64663314819336,8.308694839477539,8.308694839477539,0.0,0.0,180.0
323,1.3458333333333332,0.3500891332469554,-9.771945882077263,-221.1354400171334,0.3500891332469554,-9.771945882077263,-221.1354400171334,5.0,-5.0,0.0,0.0,15.0,0,0.5,0.0,0.0,4.0,4.0,4.0,9.77194595336914,9.771944046020508,9.77194595336914,9.77194595336914,0.309348464012146,0.3091311752796173,-8.509130477905273,-8.615896224975586,-0.12970323860645294,-0.12970323860645294,0.0,0.0,nan,nan,30.896617889404297,30.896617889404297,61.793235778808594,0.0,8.437788963317871,1.629106044769287,0.0,0.0,0.0,1.629106044769287,0.0,8.437788963317871,0.0,0.0,0.0,-0.5349011421203613,2.197486400604248,8.290669441223145,0.0,0.0,0.0,0.0,8.437788963317871,1.629106044769287,0.0,0.0,0.0,1.629106044769287,0.0,8.437788963317871,-0.0,-0.0,-0.0,-0.5349006652832031,-2.1974873542785645,8.290669441223145,0.0,0.0,0.0,4.470348358154297e-08,0.0,0.6000000238418579,-7.450580596923828e-08,0.05600005388259888,0.5999999642372131,-7.450580596923828e-08,-0.055999934673309326,0.6000000238418579,-1.0698018074035645,-9.5367431640625e-07,16.58133888244629,0.0,0.0,0.0,1.1324882507324219e-06,2.0085321921214927e-06,9.12696123123169e-08,18.42395782470703,18.423959732055664,41.59705352783203,41.59705352783203,0.4165618121623993,0.4165618121623993,0.5018131136894226,0.5018131136894226,0.08162510395050049,0.08162510395050049,0.0,0.0,5.696693420410156,5.696693420410156,2.741095781326294,2.741095781326294,1.7165427207946777,1.7165427207946777,0.0,0.0,-0.0874367505311966,-0.0874367505311966,1.629106044769287,1.629106044769287,0.6875313520431519,0.6875313520431519,0.017751619219779968,0.017751619219779968,0.39999139308929443,0.39999139308929443,69.54007720947266,69.54007720947266,33.391475677490234,33.391475677490234,48.6605339050293,48.6605339050293,7.568552494049072,7.568552494049072,0.0,0.0,180.0
324,1.35,0.30752924399942255,-10.638128687277366,-194.25228672258453,0.30752924399942255,-10.638128687277366,-194.25228672258453,5.0,-5.0,0.0,0.0,15.0,0,0.5,0.0,0.0,4.0,4.0,4.0,10.638126373291016,10.638126373291016,10.638128280639648,10.638128280639648,0.2651907205581665,0.264863520860672,-8.524703979492188,-8.6701021194458,-0.14120009541511536,-0.14120009541511536,0.0,0.0,nan,nan,36.02296447753906,36.02296447753906,72.04592895507812,0.0,8.969316482543945,1.9900643825531006,0.0,0.0,0.0,1.9900643825531006,0.0,8.969316482543945,0.0,0.0,0.0,-0.3427571654319763,1.9653526544570923,8.968215942382812,0.0,0.0,0.0,0.0,8.969316482543945,1.9900643825531006,0.0,0.0,0.0,1.9900643825531006,0.0,8.969316482543945,-0.0,-0.0,-0.0,-0.34275713562965393,-1.9653542041778564,8.968215942382812,0.0,0.0,0.0,4.470348358154297e-08,0.0,0.6000000238418579,-1.043081283569336e-07,0.05600002408027649,0.5999999642372131,0.0,-0.055999934673309326,0.6000000238418579,-0.6855143308639526,-1.5497207641601562e-06,17.936431884765625,0.0,0.0,0.0,9.5367431640625e-07,1.757708673721936e-06,-1.73225998878479e-07,19.592592239379883,19.592592239379883,43.749908447265625,43.749908447265625,0.3882598280906677,0.3882598280906677,0.4860711097717285,0.4860711097717285,0.12566909193992615,0.12566909193992615,0.0,0.0,6.460369110107422,6.460369110107422,2.508946657180786,2.508946657180786,2.08016300201416,2.08016300201416,0.0,0.0,-0.09009853005409241,-0.09009853005409241,1.9900643825531006,1.9900643825531006,0.6875313520431519,0.6875313520431519,0.046915218234062195,0.046915218234062195,0.41451317071914673,0.41451317071914673,75.62899017333984,75.62899017333984,36.9876823425293,36.9876823425293,52.22402572631836,52.22402572631836,6.9098310470581055,6.9098310470581055,0.0,0.0,180.0
325,1.3541666666666667,0.26160000000000033,-11.387757928408108,-165.24086472479868,0.26160000000000033,-11.387757928408108,-165.24086472479868,5.0,-5.0,0.0,0.0,15.0,0,0.5,0.0,0.0,4.0,4.0,4.0,11.38775634765625,11.387758255004883,11.387758255004883,11.387758255004883,0.21809609234333038,0.2176627665758133,-8.451909065246582,-8.634444236755371,-0.1511499434709549,-0.1511499434709549,0.0,0.0,nan,nan,40.80731201171875,40.80731201171875,81.6146240234375,0.0,9.452922821044922,2.3563876152038574,0.0,0.0,0.0,2.3563876152038574,0.0,9.452922821044922,0.0,0.0,0.0,-0.1331367939710617,1.6456718444824219,9.601268768310547,0.0,0.0,0.0,0.0,9.452922821044922,2.3563876152038574,0.0,0.0,0.0,2.3563876152038574,0.0,9.452922821044922,-0.0,-0.0,-0.0,-0.13313664495944977,-1.6456737518310547,9.60126781463623,0.0,0.0,0.0,4.470348358154297e-08,0.0,0.6000000238418579,-1.2665987014770508e-07,0.05600002408027649,0.5999999642372131,2.9802322387695312e-08,-0.055999964475631714,0.6000000238418579,-0.2662734389305115,-1.9073486328125e-06,19.202537536621094,0.0,0.0,0.0,7.152557373046875e-07,1.7963111531571485e-06,-2.4121254682540894e-07,20.53957176208496,20.539573669433594,45.360450744628906,45.360450744628906,0.37411409616470337,0.37411409616470337,0.46373581886291504,0.46373581886291504,0.1621500849723816,0.1621500849723816,0.0,0.0,7.199442386627197,7.199442386627197,2.253480911254883,2.253480911254883,2.448979616165161,2.448979616165161,0.0,0.0,-0.09259215742349625,-0.09259215742349625,2.3563876152038574,2.3563876152038574,0.6875313520431519,0.6875313520431519,0.07426454871892929,0.07426454871892929,0.42606160044670105,0.42606160044670105,80.8786849975586,80.8786849975586,40.102500915527344,40.102500915527344,55.30354690551758,55.30354690551758,6.339746475219727,6.339746475219727,0.0,0.0,180.0
326,1.3583333333333334,0.21280461165725872,-12.012620510633662,-134.4190292342139,0.21280461165725872,-12.012620510633662,-134.4190292342139,5.0,-5.0,0.0,0.0,15.0,0,0.5,0.0,0.0,4.0,4.0,4.0,12.012622833251953,12.01262092590332,12.01262092590332,12.01262092590332,0.16858753561973572,0.16805292665958405,-8.290440559387207,-8.508199691772461,-0.15944376587867737,-0.15944376587867737,0.0,0.0,nan,nan,45.04187774658203,45.04187774658203,90.08375549316406,0.0,9.872970581054688,2.7123494148254395,0.0,0.0,0.0,2.7123494148254395,0.0,9.872970581054688,0.0,0.0,0.0,0.08493616431951523,1.2425365447998047,10.162739753723145,0.0,0.0,0.0,0.0,9.872970581054688,2.7123494148254395,0.0,0.0,0.0,2.7123494148254395,0.0,9.872970581054688,-0.0,-0.0,-0.0,0.08493637293577194,-1.2425388097763062,10.162738800048828,0.0,0.0,0.0,4.470348358154297e-08,0.0,0.6000000238418579,-1.4901161193847656e-08,0.05600005388259888,0.5999999642372131,-8.940696716308594e-08,-0.055999964475631714,0.6000000238418579,0.16987253725528717,-2.2649765014648438e-06,20.325477600097656,0.0,0.0,0.0,1.0132789611816406e-06,1.963613385669305e-06,9.685754776000977e-08,21.284902572631836,21.284902572631836,46.54609298706055,46.54609298706055,0.3599705994129181,0.3599705994129181,0.45232340693473816,0.45232340693473816,0.18770600855350494,0.18770600855350494,0.0,0.0,7.895265579223633,7.895265579223633,1.977705478668213,1.977705478668213,2.8071603775024414,2.8071603775024414,0.0,0.0,-0.09481063485145569,-0.09481063485145569,2.7123494148254395,2.7123494148254395,0.6875313520431519,0.6875313520431519,0.09953662008047104,0.09953662008047104,0.4345467686653137,0.4345467686653137,85.24230194091797,85.24230194091797,42.70792007446289,42.70792007446289,57.8714714050293,57.8714714050293,5.864545822143555,5.864545822143555,0.0,0.0,180.0
327,1.3625,0.16167769145697228,-12.505870308742258,-102.12447073034885,0.16167769145697228,-12.505870308742258,-102.12447073034885,5.0,-5.0,0.0,0.0,15.0,0,0.5,0.0,0.0,4.0,4.0,4.0,12.505867004394531,12.505868911743164,12.50586986541748,12.50586986541748,0.11721450090408325,0.11658472567796707,-8.04092025756836,-8.2915620803833,-0.1659906804561615,-0.1659906804561615,0.0,0.0,nan,nan,48.5326042175293,48.5326042175293,97.0652084350586,0.0,10.214041709899902,3.041612148284912,0.0,0.0,0.0,3.041612148284912,0.0,10.214041709899902,0.0,0.0,0.0,0.30183112621307373,0.765953540802002,10.62545394897461,0.0,0.0,0.0,0.0,10.214041709899902,3.041612148284912,0.0,0.0,0.0,3.041612148284912,0.0,10.214041709899902,-0.0,-0.0,-0.0,0.30183032155036926,-0.7659557461738586,10.625452995300293,0.0,0.0,0.0,4.470348358154297e-08,0.0,0.6000000238418579,-1.341104507446289e-07,0.05600002408027649,0.5999999642372131,-1.4901161193847656e-08,-0.05599990487098694,0.5999999642372131,0.6036614179611206,-2.205371856689453e-06,21.25090789794922,0.0,0.0,0.0,1.3113021850585938e-06,2.497324658179423e-06,-1.73225998878479e-07,21.85128402709961,21.851276397705078,47.39370346069336,47.39369201660156,0.34582775831222534,0.34582775831222534,0.4401395618915558,0.4401395618915558,0.21403278410434723,0.21403278410434723,0.0,0.0,8.529619216918945,8.529619216918945,1.684422254562378,1.684422254562378,3.1382670402526855,3.1382670402526855,0.0,0.0,-0.09665454924106598,-0.09665454924106598,3.041612148284912,3.041612148284912,0.6875313520431519,0.6875313520431519,0.12249677628278732,0.12249677628278732,0.43991780281066895,0.43991780281066895,88.6827163696289,88.6827163696289,44.78164291381836,44.78164291381836,59.9058952331543,59.9058952331543,5.489435195922852,5.489435195922852,0.0,0.0,180.0
328,1.3666666666666667,0.10877939663585116,-12.862103174726666,-68.71101515424266,0.10877939663585116,-12.862103174726666,-68.71101515424266,5.0,-5.0,0.0,0.0,15.0,0,0.5,0.0,0.0,4.0,4.0,4.0,12.862104415893555,12.862102508544922,12.862103462219238,12.862103462219238,0.06454700976610184,0.0638289675116539,-7.70494270324707,-7.985764503479004,-0.1707189679145813,-0.1707189679145813,0.0,0.0,nan,nan,51.111480712890625,51.111480712890625,102.22296142578125,0.0,10.461870193481445,3.3284010887145996,0.0,0.0,0.0,3.3284010887145996,0.0,10.461870193481445,0.0,0.0,0.0,0.5079259276390076,0.23183894157409668,10.964363098144531,0.0,0.0,0.0,0.0,10.461870193481445,3.3284010887145996,0.0,0.0,0.0,3.3284010887145996,0.0,10.461870193481445,-0.0,-0.0,-0.0,0.507925808429718,-0.2318411022424698,10.964363098144531,0.0,0.0,0.0,4.470348358154297e-08,0.0,0.6000000238418579,-8.940696716308594e-08,0.05600005388259888,0.5999999642372131,1.4901161193847656e-08,-0.055999964475631714,0.6000000238418579,1.0158517360687256,-2.16066837310791e-06,21.928726196289062,0.0,0.0,0.0,9.5367431640625e-07,1.7669244698481634e-06,-7.636845111846924e-08,22.26312828063965,22.26312828063965,47.965152740478516,47.96514892578125,0.33168351650238037,0.33168351650238037,0.4408826231956482,0.4408826231956482,0.2274339199066162,0.2274339199066162,0.0,0.0,9.085651397705078,9.085651397705078,1.3762192726135254,1.3762192726135254,3.4264395236968994,3.4264395236968994,0.0,0.0,-0.09803842753171921,-0.09803842753171921,3.3284010887145996,3.3284010887145996,0.6875313520431519,0.6875313520431519,0.14293727278709412,0.14293727278709412,0.4421597719192505,0.4421597719192505,91.17183685302734,91.17183685302734,46.30663299560547,46.30663299560547,61.39023208618164,61.39023208618164,5.218523979187012,5.218523979187012,0.0,0.0,180.0
329,1.3708333333333333,0.054689291981635454,-13.07741614676064,-34.54474731740225,0.054689291981635454,-13.07741614676064,-34.54474731740225,5.0,-5.0,0.0,0.0,15.0,0,0.5,0.0,0.0,4.0,4.0,4.0,13.077413558959961,13.077415466308594,13.077417373657227,13.07741641998291,0.011168430559337139,0.010370032861828804,-7.285177230834961,-7.593106746673584,-0.17357681691646576,-0.17357681691646576,0.0,0.0,nan,nan,52.64690017700195,52.64690017700195,105.2938003540039,0.0,10.604192733764648,3.558640956878662,0.0,0.0,0.0,3.558640956878662,0.0,10.604192733764648,0.0,0.0,0.0,0.694218635559082,-0.33851179480552673,11.158686637878418,0.0,0.0,0.0,0.0,10.604192733764648,3.558640956878662,0.0,0.0,0.0,3.558640956878662,0.0,10.604192733764648,-0.0,-0.0,-0.0,0.6942183375358582,0.33850958943367004,11.158686637878418,0.0,0.0,0.0,4.470348358154297e-08,0.0,0.6000000238418579,-1.2665987014770508e-07,0.05600002408027649,0.5999999642372131,-1.4901161193847656e-08,-0.055999964475631714,0.6000000238418579,1.388437032699585,-2.205371856689453e-06,22.317373275756836,0.0,0.0,0.0,6.556510925292969e-07,2.5359208848385606e-06,-1.862645149230957e-08,22.551340103149414,22.551340103149414,48.30184555053711,48.301841735839844,0.33168351650238037,0.33168351650238037,0.42734771966934204,0.42734771966934204,0.24096885323524475,0.24096885323524475,0.0,0.0,9.548687934875488,9.548687934875488,1.055504560470581,1.055504560470581,3.6575374603271484,3.6575374603271484,0.0,0.0,-0.09889648109674454,-0.09889648109674454,3.558640956878662,3.558640956878662,0.6875313520431519,0.6875313520431519,0.16067491471767426,0.16067491471767426,0.44128894805908203,0.44128894805908203,92.68999481201172,92.68999481201172,47.27080535888672,47.27080535888672,62.31283950805664,62.31283950805664,5.054781436920166,5.054781436920166,0.0,0.0,180.0
330,1.375,2.5635885225937066e-15,-13.149450210865439,-1.6193026921710727e-12,2.5635885225937066e-15,-13.149450210865439,-1.6193026921710727e-12,5.0,-5.0,0.0,0.0,15.0,0,0.5,0.0,0.0,4.0,4.0,4.0,13.14945125579834,13.14944839477539,13.149450302124023,13.149450302124023,-0.04204782843589783,-0.042920004576444626,-6.7399582862854,-7.070716857910156,-0.1745329201221466,-0.1745329201221466,0.0,0.0,nan,nan,51.63037872314453,51.63037872314453,103.26075744628906,0.0,10.212841033935547,3.891202926635742,0.0,0.0,0.0,3.891202926635742,0.0,10.212841033935547,0.0,0.0,0.0,1.1252487897872925,-0.8835021257400513,10.834980964660645,0.0,0.0,0.0,0.0,10.212841033935547,3.891202926635742,0.0,0.0,0.0,3.891202926635742,0.0,10.212841033935547,-0.0,-0.0,-0.0,1.125248670578003,0.8834998607635498,10.834980964660645,0.0,0.0,0.0,4.470348358154297e-08,0.0,0.6000000238418579,0.0,0.05600005388259888,0.6000000238418579,-5.960464477539063e-08,-0.055999934673309326,0.6000000238418579,2.250497341156006,-2.2649765014648438e-06,21.66996192932129,0.0,0.0,0.0,1.2516975402832031e-06,1.614537950445083e-06,-1.9371509552001953e-07,22.721416473388672,22.721416473388672,48.42781066894531,48.42781066894531,0.33168351650238037,0.33168351650238037,0.42734771966934204,0.42734771966934204,0.24096885323524475,0.24096885323524475,0.0,0.0,10.212841033935547,10.212841033935547,2.1384429261541403e-14,2.1384429261541403e-14,3.9903903007507324,3.9903903007507324,0.0,0.0,-0.0991872251033783,-0.0991872251033783,3.891202926635742,3.891202926635742,0.6875313520431519,0.6875313520431519,0.1884465217590332,0.1884465217590332,0.4502459168434143,0.4502459168434143,93.22547149658203,93.22547149658203,47.670352935791016,47.670352935791016,62.670352935791016,62.670352935791016,5.000000953674316,5.000000953674316,0.0,0.0,180.0
331,1.3791666666666667,-0.05468929198163405,-13.077416146760642,34.54474731740137,-0.05468929198163405,-13.077416146760642,34.54474731740137,5.0,-5.0,0.0,0.0,15.0,0,0.5,0.0,0.0,4.0,4.0,4.0,13.077411651611328,13.077411651611328,13.07741641998291,13.07741641998291,-0.09536141157150269,-0.09629354625940323,-6.2103447914123535,-6.562084197998047,-0.17357681691646576,-0.17357681691646576,0.0,0.0,nan,nan,52.291194915771484,52.291194915771484,104.58238983154297,0.0,10.537731170654297,3.8076071739196777,0.0,0.0,0.0,3.8076071739196777,0.0,10.537731170654297,0.0,0.0,0.0,0.9776893258094788,-1.4840997457504272,11.062695503234863,0.0,0.0,0.0,0.0,10.537731170654297,3.8076071739196777,0.0,0.0,0.0,3.8076071739196777,0.0,10.537731170654297,-0.0,-0.0,-0.0,0.9776883125305176,1.4840975999832153,11.062695503234863,0.0,0.0,0.0,4.470348358154297e-08,0.0,0.6000000238418579,-1.341104507446289e-07,0.05600005388259888,0.5999999642372131,-8.940696716308594e-08,-0.055999934673309326,0.6000000238418579,1.9553775787353516,-2.1457672119140625e-06,22.125391006469727,0.0,0.0,0.0,1.2516975402832031e-06,3.4035124372167047e-06,-1.043081283569336e-07,22.75739288330078,22.75739288330078,48.35152053833008,48.35151672363281,0.33168351650238037,0.33168351650238037,0.42734771966934204,0.42734771966934204,0.24096885323524475,0.24096885323524475,0.0,0.0,10.152026176452637,10.152026176452637,0.3857057988643646,0.3857057988643646,3.906503677368164,3.906503677368164,0.0,0.0,-0.09889648109674454,-0.09889648109674454,3.8076071739196777,3.8076071739196777,0.6875313520431519,0.6875313520431519,0.1874222308397293,0.1874222308397293,0.43040701746940613,0.43040701746940613,92.77405548095703,92.77405548095703,47.491207122802734,47.491207122802734,62.44917297363281,62.44917297363281,5.054781436920166,5.054781436920166,0.0,0.0,180.0
332,1.3833333333333333,-0.10877939663584979,-12.862103174726675,68.71101515424178,-0.10877939663584979,-12.862103174726675,68.71101515424178,5.0,-5.0,0.0,0.0,15.0,0,0.5,0.0,0.0,4.0,4.0,4.0,12.862103462219238,12.862100601196289,12.862103462219238,12.862103462219238,-0.1473393440246582,-0.14832346141338348,-5.5660576820373535,-5.934005260467529,-0.1707189679145813,-0.1707189679145813,0.0,0.0,nan,nan,50.382816314697266,50.382816314697266,100.76563262939453,0.0,10.320570945739746,3.81473970413208,0.0,0.0,0.0,3.81473970413208,0.0,10.320570945739746,0.0,0.0,0.0,1.0644288063049316,-2.0037968158721924,10.766531944274902,0.0,0.0,0.0,0.0,10.320570945739746,3.81473970413208,0.0,0.0,0.0,3.81473970413208,0.0,10.320570945739746,-0.0,-0.0,-0.0,1.0644290447235107,2.0037944316864014,10.766532897949219,0.0,0.0,0.0,4.470348358154297e-08,0.0,0.6000000238418579,0.0,0.05600005388259888,0.6000000238418579,-7.450580596923828e-08,-0.05599990487098694,0.5999999642372131,2.1288578510284424,-2.384185791015625e-06,21.533065795898438,0.0,0.0,0.0,1.6689300537109375e-06,1.7013273918564664e-06,-2.942979335784912e-07,22.6500244140625,22.6500244140625,48.06657791137695,48.06657791137695,0.33168351650238037,0.33168351650238037,0.4408826231956482,0.4408826231956482,0.2274339199066162,0.2274339199066162,0.0,0.0,10.279309272766113,10.279309272766113,0.04126247018575668,0.04126247018575668,3.91277813911438,3.91277813911438,0.0,0.0,-0.09803842753171921,-0.09803842753171921,3.81473970413208,3.81473970413208,0.6875313520431519,0.6875313520431519,0.19617444276809692,0.19617444276809692,0.42055070400238037,0.42055070400238037,91.33904266357422,91.33904266357422,46.745609283447266,46.745609283447266,61.66200637817383,61.66200637817383,5.218523979187012,5.218523979187012,0.0,0.0,180.0
333,1.3875,-0.16167769145697095,-12.505870308742269,102.12447073034801,-0.16167769145697095,-12.505870308742269,102.12447073034801,5.0,-5.0,0.0,0.0,15.0,0,0.5,0.0,0.0,4.0,4.0,4.0,12.50586986541748,12.505867004394531,12.50586986541748,12.50586986541748,-0.19769495725631714,-0.1987203061580658,-4.859506130218506,-5.239599227905273,-0.1659906804561615,-0.1659906804561615,0.0,0.0,nan,nan,47.40152359008789,47.40152359008789,94.80304718017578,0.0,9.981866836547852,3.742885112762451,0.0,0.0,0.0,3.742885112762451,0.0,9.981866836547852,0.0,0.0,0.0,1.111084222793579,-2.453061580657959,10.314786911010742,0.0,0.0,0.0,0.0,9.981866836547852,3.742885112762451,0.0,0.0,0.0,3.742885112762451,0.0,9.981866836547852,-0.0,-0.0,-0.0,1.1110844612121582,2.4530587196350098,10.314787864685059,0.0,0.0,0.0,4.470348358154297e-08,0.0,0.6000000238418579,-1.4901161193847656e-08,0.05600005388259888,0.6000000238418579,-4.470348358154297e-08,-0.05599990487098694,0.5999999642372131,2.2221686840057373,-2.86102294921875e-06,20.629573822021484,0.0,0.0,0.0,1.6093254089355469e-06,1.4707973150507314e-06,-2.2351741790771484e-07,22.38785743713379,22.387853622436523,47.55125045776367,47.55125427246094,0.33168351650238037,0.33168351650238037,0.45428380370140076,0.45428380370140076,0.21403278410434723,0.21403278410434723,0.0,0.0,10.288066864013672,10.288066864013672,-0.3061996400356293,-0.3061996400356293,3.8395395278930664,3.8395395278930664,0.0,0.0,-0.09665454924106598,-0.09665454924106598,3.742885112762451,3.742885112762451,0.6875313520431519,0.6875313520431519,0.20170819759368896,0.20170819759368896,0.4078860282897949,0.4078860282897949,88.93122863769531,88.93122863769531,45.435482025146484,45.435482025146484,60.31122589111328,60.31122589111328,5.489435195922852,5.489435195922852,0.0,0.0,180.0
334,1.3916666666666666,-0.21280461165725745,-12.012620510633676,134.4190292342131,-0.21280461165725745,-12.012620510633676,134.4190292342131,5.0,-5.0,0.0,0.0,15.0,0,0.5,0.0,0.0,4.0,4.0,4.0,12.012622833251953,12.012619018554688,12.012621879577637,12.012621879577637,-0.24587805569171906,-0.2469334602355957,-4.098662853240967,-4.486714839935303,-0.15944376587867737,-0.15944376587867737,0.0,0.0,nan,nan,43.476402282714844,43.476402282714844,86.95280456542969,0.0,9.527621269226074,3.5967259407043457,0.0,0.0,0.0,3.5967259407043457,0.0,9.527621269226074,0.0,0.0,0.0,1.1179596185684204,-2.810337781906128,9.724411010742188,0.0,0.0,0.0,0.0,9.527621269226074,3.5967259407043457,0.0,0.0,0.0,3.5967259407043457,0.0,9.527621269226074,-0.0,-0.0,-0.0,1.1179596185684204,2.810335159301758,9.724411964416504,0.0,0.0,0.0,4.470348358154297e-08,0.0,0.6000000238418579,1.4901161193847656e-08,0.056000083684921265,0.6000000238418579,-1.4901161193847656e-08,-0.055999964475631714,0.6000000238418579,2.235919237136841,-2.6226043701171875e-06,19.448822021484375,0.0,0.0,0.0,1.0728836059570312e-06,8.69430152761197e-07,-2.1606683731079102e-07,21.956323623657227,21.95631980895996,46.766902923583984,46.766902923583984,0.34582775831222534,0.34582775831222534,0.45338863134384155,0.45338863134384155,0.20078371465206146,0.20078371465206146,0.0,0.0,10.181463241577148,10.181463241577148,-0.6538419723510742,-0.6538419723510742,3.6915364265441895,3.6915364265441895,0.0,0.0,-0.09481063485145569,-0.09481063485145569,3.5967259407043457,3.5967259407043457,0.6875313520431519,0.6875313520431519,0.20394764840602875,0.20394764840602875,0.3925364315509796,0.3925364315509796,85.56938934326172,85.56938934326172,43.570987701416016,43.570987701416016,58.407440185546875,58.407440185546875,5.864545822143555,5.864545822143555,0.0,0.0,180.0
335,1.3958333333333333,-0.2615999999999991,-11.387757928408126,165.2408647247979,-0.2615999999999991,-11.387757928408126,165.2408647247979,5.0,-5.0,0.0,0.0,15.0,0,0.5,0.0,0.0,4.0,4.0,4.0,11.387757301330566,11.387755393981934,11.387758255004883,11.387758255004883,-0.2913639545440674,-0.2924378514289856,-3.2923929691314697,-3.684140920639038,-0.1511499434709549,-0.1511499434709549,0.0,0.0,nan,nan,38.78638458251953,38.78638458251953,77.57276916503906,0.0,8.967832565307617,3.3847107887268066,0.0,0.0,0.0,3.3847107887268066,0.0,8.967832565307617,0.0,0.0,0.0,1.0876402854919434,-3.060027599334717,9.018401145935059,0.0,0.0,0.0,0.0,8.967832565307617,3.3847107887268066,0.0,0.0,0.0,3.3847107887268066,0.0,8.967832565307617,-0.0,-0.0,-0.0,1.0876400470733643,3.060025453567505,9.018402099609375,0.0,0.0,0.0,4.470348358154297e-08,0.0,0.6000000238418579,-5.960464477539063e-08,0.05600005388259888,0.6000000238418579,-1.043081283569336e-07,-0.05599990487098694,0.5999999642372131,2.1752803325653076,-2.1457672119140625e-06,18.03680419921875,0.0,0.0,0.0,1.430511474609375e-06,2.2197107227839297e-06,-3.0919909477233887e-07,21.33799934387207,21.337997436523438,45.65513610839844,45.65513610839844,0.3599705994129181,0.3599705994129181,0.46520882844924927,0.46520882844924927,0.17482061684131622,0.17482061684131622,0.0,0.0,9.966314315795898,9.966314315795898,-0.998481035232544,-0.998481035232544,3.4773027896881104,3.4773027896881104,0.0,0.0,-0.09259215742349625,-0.09259215742349625,3.3847107887268066,3.3847107887268066,0.6875313520431519,0.6875313520431519,0.20284099876880646,0.20284099876880646,0.3746427595615387,0.3746427595615387,81.2807846069336,81.2807846069336,41.16713333129883,41.16713333129883,55.966087341308594,55.966087341308594,6.339746475219727,6.339746475219727,0.0,0.0,180.0
336,1.4,-0.3075292439994214,-10.638128687277387,194.2522867225838,-0.3075292439994214,-10.638128687277387,194.2522867225838,5.0,-5.0,0.0,0.0,15.0,0,0.5,0.0,0.0,4.0,4.0,4.0,10.6381254196167,10.638129234313965,10.638128280639648,10.638129234313965,-0.3336593806743622,-0.3347400426864624,-2.4503250122070312,-2.841481924057007,-0.14120009541511536,-0.14120009541511536,0.0,0.0,nan,nan,33.55207061767578,33.55207061767578,67.10414123535156,0.0,8.316140174865723,3.1183838844299316,0.0,0.0,0.0,3.1183838844299316,0.0,8.316140174865723,0.0,0.0,0.0,1.0247893333435059,-3.1935651302337646,8.223956108093262,0.0,0.0,0.0,0.0,8.316140174865723,3.1183838844299316,0.0,0.0,0.0,3.1183838844299316,0.0,8.316140174865723,-0.0,-0.0,-0.0,1.024788498878479,3.1935641765594482,8.223957061767578,0.0,0.0,0.0,4.470348358154297e-08,0.0,0.6000000238418579,-4.470348358154297e-08,0.0559999942779541,0.6000000238418579,-2.9802322387695312e-08,-0.055999934673309326,0.5999999642372131,2.0495777130126953,-9.5367431640625e-07,16.447914123535156,0.0,0.0,0.0,6.258487701416016e-07,1.2869293186668074e-06,-5.960464477539063e-08,20.513864517211914,20.513864517211914,44.13380813598633,44.13380813598633,0.37411409616470337,0.37411409616470337,0.48833751678466797,0.48833751678466797,0.13754841685295105,0.13754841685295105,0.0,0.0,9.652700424194336,9.652700424194336,-1.3365604877471924,-1.3365604877471924,3.208482265472412,3.208482265472412,0.0,0.0,-0.09009853005409241,-0.09009853005409241,3.1183838844299316,3.1183838844299316,0.6875313520431519,0.6875313520431519,0.19836385548114777,0.19836385548114777,0.35436469316482544,0.35436469316482544,76.1016845703125,76.1016845703125,38.24410629272461,38.24410629272461,53.00776290893555,53.00776290893555,6.9098310470581055,6.9098310470581055,0.0,0.0,180.0
337,1.4041666666666666,-0.35008913324695434,-9.771945882077288,221.13544001713274,-0.35008913324695434,-9.771945882077288,221.13544001713274,5.0,-5.0,0.0,0.0,15.0,0,0.5,0.0,0.0,4.0,4.0,4.0,9.771944046020508,9.771944046020508,9.77194595336914,9.77194595336914,-0.3723071813583374,-0.37338271737098694,-1.5826985836029053,-1.969012975692749,-0.12970323860645294,-0.12970323860645294,0.0,0.0,nan,nan,28.023643493652344,28.023643493652344,56.04728698730469,0.0,7.589224338531494,2.811491012573242,0.0,0.0,0.0,2.811491012573242,0.0,7.589224338531494,0.0,0.0,0.0,0.935802698135376,-3.2099151611328125,7.370314598083496,0.0,0.0,0.0,0.0,7.589224338531494,2.811491012573242,0.0,0.0,0.0,2.811491012573242,0.0,7.589224338531494,-0.0,-0.0,-0.0,0.9358021020889282,3.2099132537841797,7.370315074920654,0.0,0.0,0.0,4.470348358154297e-08,0.0,0.6000000238418579,-2.9802322387695312e-08,0.05600002408027649,0.6000000238418579,-5.960464477539063e-08,-0.05599990487098694,0.5999999642372131,1.8716048002243042,-1.9073486328125e-06,14.740629196166992,0.0,0.0,0.0,1.043081283569336e-06,1.2621368341569905e-06,-2.421438694000244e-07,19.466066360473633,19.466066360473633,42.091888427734375,42.09187698364258,0.4024088680744171,0.4024088680744171,0.5055375695228577,0.5055375695228577,0.0920536071062088,0.0920536071062088,0.0,0.0,9.253393173217773,9.253393173217773,-1.6641682386398315,-1.6641682386398315,2.898927688598633,2.898927688598633,0.0,0.0,-0.0874367505311966,-0.0874367505311966,2.811491012573242,2.811491012573242,0.6875313520431519,0.6875313520431519,0.1905231773853302,0.1905231773853302,0.3318822383880615,0.3318822383880615,70.07818603515625,70.07818603515625,34.82772445678711,34.82772445678711,49.55867004394531,49.55867004394531,7.568552494049072,7.568552494049072,0.0,0.0,180.0
338,1.4083333333333332,-0.3888133726897701,-8.798699592882079,245.5957871552865,-0.3888133726897701,-8.798699592882079,245.5957871552865,5.0,-5.0,0.0,0.0,15.0,0,0.5,0.0,0.0,4.0,4.0,4.0,8.798697471618652,8.798699378967285,8.798699378967285,8.798699378967285,-0.4068913161754608,-0.4079497456550598,-0.7001919746398926,-1.0774734020233154,-0.11678532510995865,-0.11678532510995865,0.0,0.0,nan,nan,22.46521759033203,22.46521759033203,44.93043518066406,0.0,6.806042671203613,2.478945255279541,0.0,0.0,0.0,2.478945255279541,0.0,6.806042671203613,0.0,0.0,0.0,0.828307569026947,-3.1152701377868652,6.486631393432617,0.0,0.0,0.0,0.0,6.806042671203613,2.478945255279541,0.0,0.0,0.0,2.478945255279541,0.0,6.806042671203613,-0.0,-0.0,-0.0,0.8283069133758545,3.1152687072753906,6.486631870269775,0.0,0.0,0.0,4.470348358154297e-08,0.0,0.6000000238418579,-1.1920928955078125e-07,0.05600005388259888,0.6000000238418579,7.450580596923828e-08,-0.055999964475631714,0.6000000238418579,1.6566145420074463,-1.430511474609375e-06,12.973262786865234,0.0,0.0,0.0,5.662441253662109e-07,8.699250315657991e-07,4.917383193969727e-07,18.1834716796875,18.1834716796875,39.3846321105957,39.38462829589844,0.43071863055229187,0.43071863055229187,0.5245851278305054,0.5245851278305054,0.04469626769423485,0.04469626769423485,0.0,0.0,8.783141136169434,8.783141136169434,-1.9770989418029785,-1.9770989418029785,2.563660144805908,2.563660144805908,0.0,0.0,-0.08471508324146271,-0.08471508324146271,2.478945255279541,2.478945255279541,0.6875313520431519,0.6875313520431519,0.17936104536056519,0.17936104536056519,0.3073979318141937,0.3073979318141937,63.26660919189453,63.26660919189453,30.94968032836914,30.94968032836914,45.6508674621582,45.6508674621582,8.308694839477539,8.308694839477539,0.0,0.0,180.0
339,1.4125,-0.42327769145697264,-7.729052909700852,267.36533545514754,-0.42327769145697264,-7.729052909700852,267.36533545514754,5.0,-5.0,0.0,0.0,15.0,0,0.5,0.0,0.0,4.0,4.0,4.0,7.7290520668029785,7.729051113128662,7.729052543640137,7.729052543640137,-0.4370405077934265,-0.4380701780319214,0.18627363443374634,-0.17791825532913208,-0.10258787870407104,-0.10258787870407104,0.0,0.0,nan,nan,17.13665008544922,17.13665008544922,34.27330017089844,0.0,5.98688268661499,2.135742664337158,0.0,0.0,0.0,2.135742664337158,0.0,5.98688268661499,0.0,0.0,0.0,0.7105571031570435,-2.922109603881836,5.600049018859863,0.0,0.0,0.0,0.0,5.98688268661499,2.135742664337158,0.0,0.0,0.0,2.135742664337158,0.0,5.98688268661499,-0.0,-0.0,-0.0,0.7105568051338196,2.9221088886260986,5.600049018859863,0.0,0.0,0.0,4.470348358154297e-08,0.0,0.6000000238418579,-8.940696716308594e-08,0.05600005388259888,0.5999999642372131,-5.960464477539063e-08,-0.055999934673309326,0.6000000238418579,1.4211139678955078,-7.152557373046875e-07,11.200098037719727,0.0,0.0,0.0,4.76837158203125e-07,1.2928032901982078e-06,-1.862645149230957e-08,16.672590255737305,16.672588348388672,35.83316421508789,35.83316421508789,0.4873591661453247,0.4873591661453247,0.5105845332145691,0.5105845332145691,0.002056337660178542,0.002056337660178542,0.0,0.0,8.257841110229492,8.257841110229492,-2.270958185195923,-2.270958185195923,2.217780351638794,2.217780351638794,0.0,0.0,-0.08203749358654022,-0.08203749358654022,2.135742664337158,2.135742664337158,0.6875313520431519,0.6875313520431519,0.16495880484580994,0.16495880484580994,0.28113895654678345,0.28113895654678345,55.73393630981445,55.73393630981445,26.647829055786133,26.647829055786133,41.32252883911133,41.32252883911133,9.122148513793945,9.122148513793945,0.0,0.0,180.0
340,1.4166666666666667,-0.45310449126001856,-6.574725105432709,286.20557318996697,-0.45310449126001856,-6.574725105432709,286.20557318996697,5.0,-5.0,0.0,0.0,15.0,0,0.5,0.0,0.0,4.0,4.0,4.0,6.574723243713379,6.574724197387695,6.574725151062012,6.574725151062012,-0.4624323546886444,-0.46342161297798157,1.0657483339309692,0.7185443639755249,-0.0872664600610733,-0.0872664600610733,0.0,0.0,nan,nan,12.274343490600586,12.274343490600586,24.548686981201172,0.0,5.152291297912598,1.7959200143814087,0.0,0.0,0.0,1.7959200143814087,0.0,5.152291297912598,0.0,0.0,0.0,0.5907725691795349,-2.6477489471435547,4.7341156005859375,0.0,0.0,0.0,0.0,5.152291297912598,1.7959200143814087,0.0,0.0,0.0,1.7959200143814087,0.0,5.152291297912598,-0.0,-0.0,-0.0,0.590772271156311,2.6477479934692383,4.734116077423096,0.0,0.0,0.0,4.470348358154297e-08,0.0,0.6000000238418579,-5.960464477539063e-08,0.05600002408027649,0.5999999642372131,1.4901161193847656e-08,-0.055999964475631714,0.6000000238418579,1.1815447807312012,-9.5367431640625e-07,9.468231201171875,0.0,0.0,0.0,8.940696716308594e-08,5.996815843900549e-07,1.4528632164001465e-07,14.979104042053223,14.979104995727539,31.23953628540039,31.239530563354492,0.557930588722229,0.557930588722229,0.4420694410800934,0.4420694410800934,0.0,0.0,0.0,0.0,7.693597793579102,7.693597793579102,-2.541306257247925,-2.541306257247925,1.8754189014434814,1.8754189014434814,0.0,0.0,-0.07949888706207275,-0.07949888706207275,1.7959200143814087,1.7959200143814087,0.6875313520431519,0.6875313520431519,0.1474398374557495,0.1474398374557495,0.25335875153541565,0.25335875153541565,47.5577392578125,47.5577392578125,21.96617317199707,21.96617317199707,36.617950439453125,36.617950439453125,10.000000953674316,10.000000953674316,0.0,0.0,180.0
341,1.4208333333333334,-0.4779669834386091,-5.348363237059763,301.9100827725504,-0.4779669834386091,-5.348363237059763,301.9100827725504,5.0,-5.0,0.0,0.0,15.0,0,0.5,0.0,0.0,4.0,4.0,4.0,5.348362922668457,5.348362922668457,5.348363399505615,5.348363399505615,-0.48279547691345215,-0.48373329639434814,1.9274815320968628,1.6009414196014404,-0.07098893821239471,-0.07098893821239471,0.0,0.0,nan,nan,8.073507308959961,8.073507308959961,16.147014617919922,0.0,4.321923732757568,1.4716615676879883,0.0,0.0,0.0,1.4716615676879883,0.0,4.321923732757568,0.0,0.0,0.0,0.4765144884586334,-2.312507152557373,3.9076919555664062,0.0,0.0,0.0,0.0,4.321923732757568,1.4716615676879883,0.0,0.0,0.0,1.4716615676879883,0.0,4.321923732757568,-0.0,-0.0,-0.0,0.4765143394470215,2.312506675720215,3.9076924324035645,0.0,0.0,0.0,4.470348358154297e-08,0.0,0.6000000238418579,-5.960464477539063e-08,0.05600003898143768,0.6000000238418579,-5.960464477539063e-08,-0.055999934673309326,0.6000000238418579,0.9530287981033325,-4.76837158203125e-07,7.815384387969971,0.0,0.0,0.0,3.725290298461914e-07,8.15208125004574e-07,-5.774199962615967e-08,13.231226921081543,13.231224060058594,25.44611167907715,25.44611167907715,0.6680206060409546,0.6680206060409546,0.3319794535636902,0.3319794535636902,0.0,0.0,0.0,0.0,7.105746269226074,7.105746269226074,-2.783823013305664,-2.783823013305664,1.5488433837890625,1.5488433837890625,0.0,0.0,-0.07718174159526825,-0.07718174159526825,1.4716615676879883,1.4716615676879883,0.6875313520431519,0.6875313520431519,0.1269717812538147,0.1269717812538147,0.22433730959892273,0.22433730959892273,38.82585906982422,38.82585906982422,16.954694747924805,16.954694747924805,31.587364196777344,31.587364196777344,10.932634353637695,10.932634353637695,0.0,0.0,180.0
342,1.425,-0.4975927693256247,-4.0634035818446295,314.3068023095313,-0.4975927693256247,-4.0634035818446295,314.3068023095313,5.0,-5.0,0.0,0.0,15.0,0,0.5,0.0,0.0,4.0,4.0,4.0,4.06340217590332,4.063403606414795,4.063403606414795,4.063403606414795,-0.49791255593299866,-0.4987882673740387,2.761117696762085,2.4586830139160156,-0.05393363907933235,-0.05393363907933235,0.0,0.0,nan,nan,4.674442291259766,4.674442291259766,9.348884582519531,0.0,3.513381242752075,1.1726548671722412,0.0,0.0,0.0,1.1726548671722412,0.0,3.513381242752075,0.0,0.0,0.0,0.37418287992477417,-1.937772274017334,3.1343250274658203,0.0,0.0,0.0,0.0,3.513381242752075,1.1726548671722412,0.0,0.0,0.0,1.1726548671722412,0.0,3.513381242752075,-0.0,-0.0,-0.0,0.37418264150619507,1.9377715587615967,3.1343255043029785,0.0,0.0,0.0,4.470348358154297e-08,0.0,0.6000000238418579,-1.4901161193847656e-07,0.05600002408027649,0.6000000238418579,-1.4901161193847656e-08,-0.055999964475631714,0.5999999642372131,0.7483655214309692,-7.152557373046875e-07,6.268650531768799,0.0,0.0,0.0,2.8312206268310547e-07,7.716834033999476e-07,2.253800630569458e-07,11.729952812194824,11.729949951171875,18.518930435180664,18.518930435180664,0.8289155960083008,0.8289155960083008,0.1710844784975052,0.1710844784975052,0.0,0.0,0.0,0.0,6.507871627807617,6.507871627807617,-2.994490623474121,-2.994490623474121,1.2478089332580566,1.2478089332580566,0.0,0.0,-0.07515415549278259,-0.07515415549278259,1.1726548671722412,1.1726548671722412,0.6875313520431519,0.6875313520431519,0.10376715660095215,0.10376715660095215,0.19438087940216064,0.19438087940216064,29.635650634765625,29.635650634765625,11.668993949890137,11.668993949890137,26.28658103942871,26.28658103942871,11.909831047058105,11.909831047058105,0.0,0.0,180.0
343,1.4291666666666667,-0.5117668247039274,-2.7339244266649403,323.2599107474821,-0.5117668247039274,-2.7339244266649403,323.2599107474821,5.0,-5.0,0.0,0.0,15.0,0,0.5,0.0,0.0,4.0,4.0,4.0,2.733924150466919,2.73392391204834,2.733924388885498,2.733924388885498,-0.507621705532074,-0.5084254741668701,3.556931734085083,3.281764030456543,-0.03628743439912796,-0.03628743439912796,0.0,0.0,nan,nan,2.155184268951416,2.155184268951416,4.310368537902832,0.0,2.741119384765625,0.9057631492614746,0.0,0.0,0.0,0.9057631492614746,0.0,2.741119384765625,0.0,0.0,0.0,0.2887166738510132,-1.5440940856933594,2.422098159790039,0.0,0.0,0.0,0.0,2.741119384765625,0.9057631492614746,0.0,0.0,0.0,0.9057631492614746,0.0,2.741119384765625,-0.0,-0.0,-0.0,0.28871649503707886,1.544093370437622,2.422098398208618,0.0,0.0,0.0,4.470348358154297e-08,0.0,0.6000000238418579,-4.470348358154297e-08,0.05600003898143768,0.6000000238418579,-4.470348358154297e-08,-0.055999964475631714,0.6000000238418579,0.577433168888092,-7.152557373046875e-07,4.844196319580078,0.0,0.0,0.0,1.7881393432617188e-07,4.3310492969794723e-07,-3.166496753692627e-08,11.121833801269531,11.121831893920898,16.643383026123047,16.643383026123047,0.8820533156394958,0.8820533156394958,0.11794667690992355,0.11794667690992355,0.0,0.0,0.0,0.0,5.910890579223633,5.910890579223633,-3.169771671295166,-3.169771671295166,0.9792319536209106,0.9792319536209106,0.0,0.0,-0.07346884906291962,-0.07346884906291962,0.9057631492614746,0.9057631492614746,0.6875313520431519,0.6875313520431519,0.07808203995227814,0.07808203995227814,0.16381949186325073,0.16381949186325073,20.09270668029785,20.09270668029785,6.16955041885376,6.16955041885376,20.776241302490234,20.776241302490234,12.920884132385254,12.920884132385254,0.0,0.0,180.0
344,1.4333333333333333,-0.5203338556566804,-1.3744918233563355,328.6713159567979,-0.5203338556566804,-1.3744918233563355,328.6713159567979,5.0,-5.0,0.0,0.0,15.0,0,0.5,0.0,0.0,4.0,4.0,4.0,1.374491810798645,1.374491810798645,1.374491810798645,1.3744919300079346,-0.5118175148963928,-0.5125400424003601,4.306000232696533,4.060959815979004,-0.018243659287691116,-0.018243659287691116,0.0,0.0,nan,nan,0.5322170853614807,0.5322170853614807,1.0644341707229614,0.0,2.0155587196350098,0.6750735640525818,0.0,0.0,0.0,0.6750735640525818,0.0,2.0155587196350098,0.0,0.0,0.0,0.2235807627439499,-1.1496055126190186,1.7738715410232544,0.0,0.0,0.0,0.0,2.0155587196350098,0.6750735640525818,0.0,0.0,0.0,0.6750735640525818,0.0,2.0155587196350098,-0.0,-0.0,-0.0,0.22358064353466034,1.1496047973632812,1.773871898651123,0.0,0.0,0.0,4.470348358154297e-08,0.0,0.6000000238418579,-7.450580596923828e-08,0.05600002408027649,0.6000000238418579,-4.470348358154297e-08,-0.055999964475631714,0.6000000238418579,0.44716140627861023,-7.152557373046875e-07,3.547743320465088,0.0,0.0,0.0,8.195638656616211e-08,3.7005847275395354e-07,1.3969838619232178e-08,12.324207305908203,12.324207305908203,15.813404083251953,15.813404083251953,0.8820533156394958,0.8820533156394958,0.11794667690992355,0.11794667690992355,0.0,0.0,0.0,0.0,5.32232666015625,5.32232666015625,-3.3067679405212402,-3.3067679405212402,0.7472367882728577,0.7472367882728577,0.0,0.0,-0.07216325402259827,-0.07216325402259827,0.6750735640525818,0.6750735640525818,0.6875313520431519,0.6875313520431519,0.0502132847905159,0.0502132847905159,0.13300344347953796,0.13300344347953796,10.309234619140625,10.309234619140625,0.52083820104599,0.52083820104599,15.12094783782959,15.12094783782959,13.954715728759766,13.954715728759766,0.0,0.0,180.0
345,1.4375,-0.5232,-4.187706274440031e-14,330.4817294495969,-0.5232,-4.187706274440031e-14,330.4817294495969,5.0,-5.0,0.0,0.0,15.0,0,0.5,0.0,0.0,4.0,4.0,4.0,4.187706157863201e-14,4.18770649667638e-14,4.18770649667638e-14,4.187706157863201e-14,-0.5104531049728394,-0.5110860466957092,5.000348091125488,4.787969589233398,-5.558351431473295e-16,-5.558351431473295e-16,0.0,0.0,nan,nan,-0.23076343536376953,-0.23076343536376953,-0.46152687072753906,0.0,1.342545509338379,0.4823017418384552,0.0,0.0,0.0,0.4823017418384552,0.0,1.342545509338379,0.0,0.0,0.0,0.18102331459522247,-0.7688992023468018,1.1878838539123535,0.0,0.0,0.0,0.0,1.342545509338379,0.4823017418384552,0.0,0.0,0.0,0.4823017418384552,0.0,1.342545509338379,-0.0,-0.0,-0.0,0.18102328479290009,0.7688989043235779,1.187883973121643,0.0,0.0,0.0,4.470348358154297e-08,0.0,0.6000000238418579,1.4901161193847656e-08,0.05600003898143768,0.6000000238418579,0.0,-0.05599997937679291,0.5999999642372131,0.36204659938812256,-2.980232238769531e-07,2.375767707824707,0.0,0.0,0.0,1.1175870895385742e-07,7.771441801196488e-08,-2.421438694000244e-08,14.99998950958252,14.99998950958252,14.999988555908203,14.999988555908203,1.0,1.0,0.0,0.0,0.0,0.0,0.0,0.0,4.745896339416504,4.745896339416504,-3.403350830078125,-3.403350830078125,0.553561806678772,0.553561806678772,0.0,0.0,-0.07126004993915558,-0.07126004993915558,0.4823017418384552,0.4823017418384552,0.6875313520431519,0.6875313520431519,0.02049357444047928,0.02049357444047928,0.10229769349098206,0.10229769349098206,0.40209388732910156,0.40209388732910156,-5.209789752960205,-5.209789752960205,9.388116836547852,9.388116836547852,15.000000953674316,15.000000953674316,0.0,0.0,180.0
346,1.4416666666666667,-0.5203338556566808,1.3744918233562522,328.67131595679814,-0.5203338556566808,1.3744918233562522,328.67131595679814,5.0,-5.0,0.0,0.0,15.0,0,0.5,0.0,0.0,4.0,4.0,4.0,1.374491810798645,1.374491810798645,1.374491810798645,1.3744919300079346,-0.5035388469696045,-0.5040750503540039,5.6330342292785645,5.455510139465332,0.018243659287691116,0.018243659287691116,0.0,0.0,nan,nan,-0.20792880654335022,-0.20792880654335022,-0.41585761308670044,0.0,0.7233331203460693,0.3274730145931244,0.0,0.0,0.0,0.3274730145931244,0.0,0.7233331203460693,0.0,0.0,0.0,0.16254034638404846,-0.41256436705589294,0.6586506962776184,0.0,0.0,0.0,0.0,0.7233331203460693,0.3274730145931244,0.0,0.0,0.0,0.3274730145931244,0.0,0.7233331203460693,-0.0,-0.0,-0.0,0.1625402867794037,0.41256412863731384,0.658650815486908,0.0,0.0,0.0,4.470348358154297e-08,0.0,0.6000000238418579,-7.450580596923828e-08,0.05600002408027649,0.6000000238418579,-4.470348358154297e-08,-0.055999964475631714,0.6000000238418579,0.32508063316345215,-2.384185791015625e-07,1.3173015117645264,0.0,0.0,0.0,2.9802322387695312e-08,1.374052516212032e-07,-9.313225746154785e-10,18.036861419677734,18.036865234375,23.0157527923584,23.0157527923584,0.11794667690992355,0.11794667690992355,0.8820533156394958,0.8820533156394958,0.0,0.0,0.0,0.0,4.181578636169434,4.181578636169434,-3.458245277404785,-3.458245277404785,0.39824098348617554,0.39824098348617554,0.0,0.0,-0.07076795399188995,-0.07076795399188995,0.3274730145931244,0.3274730145931244,0.6875313520431519,0.6875313520431519,-0.010714729316532612,-0.010714729316532612,0.07207543402910233,0.07207543402910233,-9.509451866149902,-9.509451866149902,-10.953388214111328,-10.953388214111328,3.6467208862304688,3.6467208862304688,16.045286178588867,16.045286178588867,0.0,0.0,180.0
347,1.4458333333333333,-0.5117668247039273,2.7339244266649496,323.259910747482,-0.5117668247039273,2.7339244266649496,323.259910747482,5.0,-5.0,0.0,0.0,15.0,0,0.5,0.0,0.0,4.0,4.0,4.0,2.733924150466919,2.73392391204834,2.733924388885498,2.733924388885498,-0.4911441206932068,-0.49157750606536865,6.198157787322998,6.057314872741699,0.03628743439912796,0.03628743439912796,0.0,0.0,nan,nan,0.5058761835098267,0.5058761835098267,1.0117523670196533,0.0,0.1551963984966278,0.20970411598682404,0.0,0.0,0.0,0.20970411598682404,0.0,0.1551963984966278,0.0,0.0,0.0,0.1693701595067978,-0.08742334693670273,0.17813658714294434,0.0,0.0,0.0,0.0,0.1551963984966278,0.20970411598682404,0.0,0.0,0.0,0.20970411598682404,0.0,0.1551963984966278,-0.0,-0.0,-0.0,0.1693701595067978,0.08742330968379974,0.17813660204410553,0.0,0.0,0.0,4.470348358154297e-08,0.0,0.6000000238418579,-4.470348358154297e-08,0.05600003898143768,0.6000000238418579,-4.470348358154297e-08,-0.055999964475631714,0.6000000238418579,0.3387403190135956,-3.725290298461914e-08,0.35627317428588867,0.0,0.0,0.0,1.210719347000122e-08,3.185330399446684e-08,-1.210719347000122e-08,20.958690643310547,20.958694458007812,30.33509063720703,30.335094451904297,0.11794667690992355,0.11794667690992355,0.8820533156394958,0.8820533156394958,0.0,0.0,0.0,0.0,3.626262903213501,3.626262903213501,-3.471066474914551,-3.471066474914551,0.28038641810417175,0.28038641810417175,0.0,0.0,-0.07068228721618652,-0.07068228721618652,0.20970411598682404,0.20970411598682404,0.6875313520431519,0.6875313520431519,-0.043027304112911224,-0.043027304112911224,0.04271015152335167,0.04271015152335167,-19.30609130859375,-19.30609130859375,-16.640775680541992,-16.640775680541992,-2.0340824127197266,-2.0340824127197266,17.079116821289062,17.079116821289062,0.0,0.0,180.0
348,1.45,-0.4975927693256246,4.063403581844638,314.30680230953124,-0.4975927693256246,4.063403581844638,314.30680230953124,5.0,-5.0,0.0,0.0,15.0,0,0.5,0.0,0.0,4.0,4.0,4.0,4.06340217590332,4.063403606414795,4.063403606414795,4.063403606414795,-0.47339698672294617,-0.4737224280834198,6.690789699554443,6.588075637817383,0.05393363907933235,0.05393363907933235,0.0,0.0,nan,nan,1.8098325729370117,1.8098325729370117,3.6196651458740234,0.0,-0.3673388361930847,0.12786665558815002,0.0,0.0,0.0,0.12786665558815002,0.0,-0.3673388361930847,0.0,0.0,0.0,0.20281565189361572,0.20260225236415863,-0.2628799080848694,0.0,0.0,0.0,0.0,-0.3673388361930847,0.12786665558815002,0.0,0.0,0.0,0.12786665558815002,0.0,-0.3673388361930847,-0.0,-0.0,-0.0,0.20281566679477692,-0.20260217785835266,-0.26287996768951416,0.0,0.0,0.0,4.470348358154297e-08,0.0,0.6000000238418579,-1.4901161193847656e-07,0.05600002408027649,0.6000000238418579,-1.4901161193847656e-08,-0.055999964475631714,0.5999999642372131,0.40563130378723145,7.450580596923828e-08,-0.5257598757743835,0.0,0.0,0.0,-2.421438694000244e-08,-7.868142404277023e-08,-3.91155481338501e-08,23.59121322631836,23.59121322631836,36.3895149230957,36.3895149230957,0.11794667690992355,0.11794667690992355,0.864794909954071,0.864794909954071,0.017258400097489357,0.017258400097489357,0.0,0.0,3.074963092803955,3.074963092803955,-3.4423022270202637,-3.4423022270202637,0.19885218143463135,0.19885218143463135,0.0,0.0,-0.07098551839590073,-0.07098551839590073,0.12786665558815002,0.12786665558815002,0.6875313520431519,0.6875313520431519,-0.07604614645242691,-0.07604614645242691,0.014567578211426735,0.014567578211426735,-28.870820999145508,-28.870820999145508,-22.203908920288086,-22.203908920288086,-7.586321830749512,-7.586321830749512,18.090171813964844,18.090171813964844,0.0,0.0,180.0
349,1.4541666666666666,-0.47796698343860894,5.348363237059772,301.9100827725503,-0.47796698343860894,5.348363237059772,301.9100827725503,5.0,-5.0,0.0,0.0,15.0,0,0.5,0.0,0.0,4.0,4.0,4.0,5.348362922668457,5.348362922668457,5.348363399505615,5.348363399505615,-0.450483500957489,-0.4506973922252655,7.1068572998046875,7.043339252471924,0.07098893821239471,0.07098893821239471,0.0,0.0,nan,nan,3.605567455291748,3.605567455291748,7.211134910583496,0.0,-0.8508800268173218,0.08092880994081497,0.0,0.0,0.0,0.08092880994081497,0.0,-0.8508800268173218,0.0,0.0,0.0,0.26421868801116943,0.4552755653858185,-0.6733936071395874,0.0,0.0,0.0,0.0,-0.8508800268173218,0.08092880994081497,0.0,0.0,0.0,0.08092880994081497,0.0,-0.8508800268173218,-0.0,-0.0,-0.0,0.2642187178134918,-0.45527544617652893,-0.673393726348877,0.0,0.0,0.0,4.470348358154297e-08,0.0,0.6000000238418579,-5.960464477539063e-08,0.05600003898143768,0.6000000238418579,-5.960464477539063e-08,-0.055999934673309326,0.6000000238418579,0.5284373760223389,1.1920928955078125e-07,-1.3467873334884644,0.0,0.0,0.0,-6.332993507385254e-08,-1.4048086427465023e-07,-2.60770320892334e-08,25.876405715942383,25.876405715942383,41.17609786987305,41.17610168457031,0.11794667690992355,0.11794667690992355,0.7199033498764038,0.7199033498764038,0.1621500849723816,0.1621500849723816,0.0,0.0,2.522365093231201,2.522365093231201,-3.3732450008392334,-3.3732450008392334,0.15257614850997925,0.15257614850997925,0.0,0.0,-0.07164733111858368,-0.07164733111858368,0.08092880994081497,0.08092880994081497,0.6875313520431519,0.6875313520431519,-0.10936833173036575,-0.10936833173036575,-0.012002810835838318,-0.012002810835838318,-38.0911979675293,-38.0911979675293,-27.577194213867188,-27.577194213867188,-12.944524765014648,-12.944524765014648,19.067367553710938,19.067367553710938,0.0,0.0,180.0
350,1.4583333333333333,-0.4531044912600184,6.574725105432717,286.20557318996686,-0.4531044912600184,6.574725105432717,286.20557318996686,5.0,-5.0,0.0,0.0,15.0,0,0.5,0.0,0.0,4.0,4.0,4.0,6.574723243713379,6.574724197387695,6.574725151062012,6.574725151062012,-0.4226471185684204,-0.4227469265460968,7.443029880523682,7.419358730316162,0.0872664600610733,0.0872664600610733,0.0,0.0,nan,nan,5.7982072830200195,5.7982072830200195,11.596414566040039,0.0,-1.3015027046203613,0.06789825856685638,0.0,0.0,0.0,0.06789825856685638,0.0,-1.3015027046203613,0.0,0.0,0.0,0.35455477237701416,0.6688388586044312,-1.0608793497085571,0.0,0.0,0.0,0.0,-1.3015027046203613,0.06789825856685638,0.0,0.0,0.0,0.06789825856685638,0.0,-1.3015027046203613,-0.0,-0.0,-0.0,0.35455483198165894,-0.6688386797904968,-1.0608794689178467,0.0,0.0,0.0,4.470348358154297e-08,0.0,0.6000000238418579,-5.960464477539063e-08,0.05600002408027649,0.5999999642372131,1.4901161193847656e-08,-0.055999964475631714,0.6000000238418579,0.7091096043586731,1.7881393432617188e-07,-2.1217589378356934,0.0,0.0,0.0,-1.862645149230957e-08,-1.6340811725967797e-07,-6.705522537231445e-08,27.812030792236328,27.812030792236328,44.87302017211914,44.87302017211914,0.11794667690992355,0.11794667690992355,0.5998412370681763,0.5998412370681763,0.28221216797828674,0.28221216797828674,0.0,0.0,1.9643778800964355,1.9643778800964355,-3.265880584716797,-3.265880584716797,0.14052316546440125,0.14052316546440125,0.0,0.0,-0.07262490689754486,-0.07262490689754486,0.06789825856685638,0.06789825856685638,0.6875313520431519,0.6875313520431519,-0.14259451627731323,-0.14259451627731323,-0.0366755835711956,-0.0366755835711956,-46.861289978027344,-46.861289978027344,-32.69865417480469,-32.69865417480469,-18.046876907348633,-18.046876907348633,20.0,20.0,0.0,0.0,180.0
351,1.4625,-0.4232776914569746,7.729052909700784,267.3653354551488,-0.4232776914569746,7.729052909700784,267.3653354551488,5.0,-5.0,0.0,0.0,15.0,0,0.5,0.0,0.0,4.0,4.0,4.0,7.7290520668029785,7.729051113128662,7.729052543640137,7.729052543640137,-0.39018669724464417,-0.3901713490486145,7.696592330932617,7.713010787963867,0.10258787870407104,0.10258787870407104,0.0,0.0,nan,nan,8.291972160339355,8.291972160339355,16.58394432067871,0.0,-1.7233970165252686,0.08743828535079956,0.0,0.0,0.0,0.08743828535079956,0.0,-1.7233970165252686,0.0,0.0,0.0,0.4737671911716461,0.8411648273468018,-1.4302898645401,0.0,0.0,0.0,0.0,-1.7233970165252686,0.08743828535079956,0.0,0.0,0.0,0.08743828535079956,0.0,-1.7233970165252686,-0.0,-0.0,-0.0,0.4737672805786133,-0.8411646485328674,-1.4302899837493896,0.0,0.0,0.0,4.470348358154297e-08,0.0,0.6000000238418579,-8.940696716308594e-08,0.05600005388259888,0.5999999642372131,-5.960464477539063e-08,-0.055999934673309326,0.6000000238418579,0.947534441947937,1.7881393432617188e-07,-2.8605799674987793,0.0,0.0,0.0,-1.1175870895385742e-07,-3.6924643609381747e-07,-7.82310962677002e-08,29.422452926635742,29.422452926635742,47.69276809692383,47.69276809692383,0.11794667690992355,0.11794667690992355,0.5156482458114624,0.5156482458114624,0.366405189037323,0.366405189037323,0.0,0.0,1.3993496894836426,1.3993496894836426,-3.122746706008911,-3.122746706008911,0.16130149364471436,0.16130149364471436,0.0,0.0,-0.07386322319507599,-0.07386322319507599,0.08743828535079956,0.08743828535079956,0.6875313520431519,0.6875313520431519,-0.17533646523952484,-0.17533646523952484,-0.05915629118680954,-0.05915629118680954,-55.08332824707031,-55.08332824707031,-37.51090621948242,-37.51090621948242,-22.83620834350586,-22.83620834350586,20.877853393554688,20.877853393554688,0.0,0.0,180.0
352,1.4666666666666666,-0.38881337268977484,8.798699592881945,245.59578715528949,-0.38881337268977484,8.798699592881945,245.59578715528949,5.0,-5.0,0.0,0.0,15.0,0,0.5,0.0,0.0,4.0,4.0,4.0,8.798697471618652,8.798699378967285,8.798699378967285,8.798699378967285,-0.35345396399497986,-0.3533235788345337,7.865415096282959,7.9217305183410645,0.11678532510995865,0.11678532510995865,0.0,0.0,nan,nan,10.983920097351074,10.983920097351074,21.96784019470215,0.0,-2.11802339553833,0.13733989000320435,0.0,0.0,0.0,0.13733989000320435,0.0,-2.11802339553833,0.0,0.0,0.0,0.6200483441352844,0.9694641828536987,-1.7834136486053467,0.0,0.0,0.0,0.0,-2.11802339553833,0.13733989000320435,0.0,0.0,0.0,0.13733989000320435,0.0,-2.11802339553833,-0.0,-0.0,-0.0,0.620048463344574,-0.9694638252258301,-1.7834138870239258,0.0,0.0,0.0,4.470348358154297e-08,0.0,0.6000000238418579,-1.1920928955078125e-07,0.05600005388259888,0.6000000238418579,7.450580596923828e-08,-0.055999964475631714,0.6000000238418579,1.2400968074798584,3.5762786865234375e-07,-3.5668275356292725,0.0,0.0,0.0,-1.4901161193847656e-07,-2.3917439762044523e-07,-2.384185791015625e-07,30.742801666259766,30.742807388305664,49.827266693115234,49.827266693115234,0.11794667690992355,0.11794667690992355,0.45904016494750977,0.45904016494750977,0.42301318049430847,0.42301318049430847,0.0,0.0,0.8287456035614014,0.8287456035614014,-2.9467689990997314,-2.9467689990997314,0.21263575553894043,0.21263575553894043,0.0,0.0,-0.07529588043689728,-0.07529588043689728,0.13733989000320435,0.13733989000320435,0.6875313520431519,0.6875313520431519,-0.20722396671772003,-0.20722396671772003,-0.07918713241815567,-0.07918713241815567,-62.66898727416992,-62.66898727416992,-41.961952209472656,-41.961952209472656,-27.260766983032227,-27.260766983032227,21.691307067871094,21.691307067871094,0.0,0.0,180.0
353,1.4708333333333332,-0.3500891332469568,9.771945882077231,221.13544001713427,-0.3500891332469568,9.771945882077231,221.13544001713427,5.0,-5.0,0.0,0.0,15.0,0,0.5,0.0,0.0,4.0,4.0,4.0,9.771944046020508,9.771944046020508,9.77194595336914,9.77194595336914,-0.3128495514392853,-0.3126055598258972,7.947925090789795,8.0435209274292,0.12970323860645294,0.12970323860645294,0.0,0.0,nan,nan,13.759259223937988,13.759259223937988,27.518518447875977,0.0,-2.4838132858276367,0.21405309438705444,0.0,0.0,0.0,0.21405309438705444,0.0,-2.4838132858276367,0.0,0.0,0.0,0.7892844676971436,1.0505461692810059,-2.1186153888702393,0.0,0.0,0.0,0.0,-2.4838132858276367,0.21405309438705444,0.0,0.0,0.0,0.21405309438705444,0.0,-2.4838132858276367,-0.0,-0.0,-0.0,0.7892845273017883,-1.050545573234558,-2.11861515045166,0.0,0.0,0.0,4.470348358154297e-08,0.0,0.6000000238418579,-2.9802322387695312e-08,0.05600002408027649,0.6000000238418579,-5.960464477539063e-08,-0.05599990487098694,0.5999999642372131,1.578568935394287,5.960464477539062e-07,-4.23723030090332,0.0,0.0,0.0,-3.3527612686157227e-07,-4.2588294490997214e-07,-6.332993507385254e-08,31.810546875,31.810548782348633,51.43326187133789,51.43326187133789,0.11794667690992355,0.11794667690992355,0.4165618121623993,0.4165618121623993,0.46549156308174133,0.46549156308174133,0.0,0.0,0.25728273391723633,0.25728273391723633,-2.741095781326294,-2.741095781326294,0.29089999198913574,0.29089999198913574,0.0,0.0,-0.0768468976020813,-0.0768468976020813,0.21405309438705444,0.21405309438705444,0.6875313520431519,0.6875313520431519,-0.23790986835956573,-0.23790986835956573,-0.09655079990625381,-0.09655079990625381,-69.54007720947266,-69.54007720947266,-46.005615234375,-46.005615234375,-31.274667739868164,-31.274667739868164,22.431447982788086,22.431447982788086,0.0,0.0,180.0
354,1.475,-0.30752924399942105,10.638128687277392,194.25228672258362,-0.30752924399942105,10.638128687277392,194.25228672258362,5.0,-5.0,0.0,0.0,15.0,0,0.5,0.0,0.0,4.0,4.0,4.0,10.6381254196167,10.638129234313965,10.638128280639648,10.638129234313965,-0.268818736076355,-0.2684638500213623,7.943155765533447,8.076977729797363,0.14120009541511536,0.14120009541511536,0.0,0.0,nan,nan,16.490360260009766,16.490360260009766,32.98072052001953,0.0,-2.8163435459136963,0.3124285340309143,0.0,0.0,0.0,0.3124285340309143,0.0,-2.8163435459136963,0.0,0.0,0.0,0.9748148322105408,1.0815327167510986,-2.4309310913085938,0.0,0.0,0.0,0.0,-2.8163435459136963,0.3124285340309143,0.0,0.0,0.0,0.3124285340309143,0.0,-2.8163435459136963,-0.0,-0.0,-0.0,0.9748150706291199,-1.0815324783325195,-2.4309310913085938,0.0,0.0,0.0,4.470348358154297e-08,0.0,0.6000000238418579,-4.470348358154297e-08,0.0559999942779541,0.6000000238418579,-2.9802322387695312e-08,-0.055999934673309326,0.5999999642372131,1.9496299028396606,2.384185791015625e-07,-4.8618621826171875,0.0,0.0,0.0,-2.086162567138672e-07,-4.5656415181838383e-07,-5.960464477539063e-08,32.66132736206055,32.66133499145508,52.6333122253418,52.6333122253418,0.11794667690992355,0.11794667690992355,0.3882598280906677,0.3882598280906677,0.4937935173511505,0.4937935173511505,0.0,0.0,-0.3073969781398773,-0.3073969781398773,-2.508946657180786,-2.508946657180786,0.39086174964904785,0.39086174964904785,0.0,0.0,-0.07843320816755295,-0.07843320816755295,0.3124285340309143,0.3124285340309143,0.6875313520431519,0.6875313520431519,-0.26707345247268677,-0.26707345247268677,-0.1110726147890091,-0.1110726147890091,-75.62899017333984,-75.62899017333984,-49.6018180847168,-49.6018180847168,-34.83816146850586,-34.83816146850586,23.09016990661621,23.09016990661621,0.0,0.0,180.0
355,1.4791666666666667,-0.2615999999999988,11.387757928408131,165.2408647247977,-0.2615999999999988,11.387757928408131,165.2408647247977,5.0,-5.0,0.0,0.0,15.0,0,0.5,0.0,0.0,4.0,4.0,4.0,11.387757301330566,11.387755393981934,11.387758255004883,11.387758255004883,-0.22184622287750244,-0.221384197473526,7.850795745849609,8.021371841430664,0.1511499434709549,0.1511499434709549,0.0,0.0,nan,nan,19.040014266967773,19.040014266967773,38.08002853393555,0.0,-3.1088550090789795,0.4257430136203766,0.0,0.0,0.0,0.4257430136203766,0.0,-3.1088550090789795,0.0,0.0,0.0,1.167574167251587,1.0608117580413818,-2.712505578994751,0.0,0.0,0.0,0.0,-3.1088550090789795,0.4257430136203766,0.0,0.0,0.0,0.4257430136203766,0.0,-3.1088550090789795,-0.0,-0.0,-0.0,1.167574167251587,-1.0608110427856445,-2.71250581741333,0.0,0.0,0.0,4.470348358154297e-08,0.0,0.6000000238418579,-5.960464477539063e-08,0.05600005388259888,0.6000000238418579,-1.043081283569336e-07,-0.05599990487098694,0.5999999642372131,2.335148334503174,7.152557373046875e-07,-5.42501163482666,0.0,0.0,0.0,-4.470348358154297e-07,-7.567240345451864e-07,-1.2665987014770508e-07,33.32706069946289,33.32706069946289,53.52107620239258,53.52107620239258,0.11794667690992355,0.11794667690992355,0.37411409616470337,0.37411409616470337,0.5079392194747925,0.5079392194747925,0.0,0.0,-0.8553740978240967,-0.8553740978240967,-2.253480911254883,-2.253480911254883,0.5057113766670227,0.5057113766670227,0.0,0.0,-0.07996834814548492,-0.07996834814548492,0.4257430136203766,0.4257430136203766,0.6875313520431519,0.6875313520431519,-0.29442280530929565,-0.29442280530929565,-0.12262101471424103,-0.12262101471424103,-80.8786849975586,-80.8786849975586,-52.716636657714844,-52.716636657714844,-37.91768264770508,-37.91768264770508,23.660253524780273,23.660253524780273,0.0,0.0,180.0
356,1.4833333333333334,-0.2128046116572571,12.01262051063368,134.41902923421287,-0.2128046116572571,12.01262051063368,134.41902923421287,5.0,-5.0,0.0,0.0,15.0,0,0.5,0.0,0.0,4.0,4.0,4.0,12.012622833251953,12.012619018554688,12.012621879577637,12.012621879577637,-0.1724501997232437,-0.1718861311674118,7.671280384063721,7.8767170906066895,0.15944376587867737,0.15944376587867737,0.0,0.0,nan,nan,21.268205642700195,21.268205642700195,42.53641128540039,0.0,-3.352978229522705,0.5460072755813599,0.0,0.0,0.0,0.5460072755813599,0.0,-3.352978229522705,0.0,0.0,0.0,1.3566049337387085,0.9890193939208984,-2.9533119201660156,0.0,0.0,0.0,0.0,-3.352978229522705,0.5460072755813599,0.0,0.0,0.0,0.5460072755813599,0.0,-3.352978229522705,-0.0,-0.0,-0.0,1.356604814529419,-0.9890182614326477,-2.953312397003174,0.0,0.0,0.0,4.470348358154297e-08,0.0,0.6000000238418579,1.4901161193847656e-08,0.056000083684921265,0.6000000238418579,-1.4901161193847656e-08,-0.055999964475631714,0.6000000238418579,2.713209629058838,1.1324882507324219e-06,-5.9066243171691895,0.0,0.0,0.0,-3.129243850708008e-07,-2.6404669029034267e-07,-1.341104507446289e-07,33.83513259887695,33.83513259887695,54.16705322265625,54.16705322265625,0.11794667690992355,0.11794667690992355,0.3599705994129181,0.3599705994129181,0.5220827460289001,0.5220827460289001,0.0,0.0,-1.3752729892730713,-1.3752729892730713,-1.977705478668213,-1.977705478668213,0.6273742318153381,0.6273742318153381,0.0,0.0,-0.0813668966293335,-0.0813668966293335,0.5460072755813599,0.5460072755813599,0.6875313520431519,0.6875313520431519,-0.3196948766708374,-0.3196948766708374,-0.13110613822937012,-0.13110613822937012,-85.24230194091797,-85.24230194091797,-55.32205581665039,-55.32205581665039,-40.48560333251953,-40.48560333251953,24.135456085205078,24.135456085205078,0.0,0.0,180.0
357,1.4875,-0.1616776914569741,12.505870308742242,102.12447073035,-0.1616776914569741,12.505870308742242,102.12447073035,5.0,-5.0,0.0,0.0,15.0,0,0.5,0.0,0.0,4.0,4.0,4.0,12.50586986541748,12.505867004394531,12.50586986541748,12.50586986541748,-0.1211763471364975,-0.12051628530025482,7.40586519241333,7.643869876861572,0.1659906804561615,0.1659906804561615,0.0,0.0,nan,nan,23.041179656982422,23.041179656982422,46.082359313964844,0.0,-3.539578437805176,0.6645023226737976,0.0,0.0,0.0,0.6645023226737976,0.0,-3.539578437805176,0.0,0.0,0.0,1.5298748016357422,0.869857668876648,-3.142134666442871,0.0,0.0,0.0,0.0,-3.539578437805176,0.6645023226737976,0.0,0.0,0.0,0.6645023226737976,0.0,-3.539578437805176,-0.0,-0.0,-0.0,1.5298746824264526,-0.8698567748069763,-3.14213490486145,0.0,0.0,0.0,4.470348358154297e-08,0.0,0.6000000238418579,-1.4901161193847656e-08,0.05600005388259888,0.6000000238418579,-4.470348358154297e-08,-0.05599990487098694,0.5999999642372131,3.0597496032714844,8.940696716308594e-07,-6.284269332885742,0.0,0.0,0.0,-5.066394805908203e-07,-5.594022240984486e-07,-2.1606683731079102e-07,34.208213806152344,34.208213806152344,54.62337875366211,54.62337875366211,0.11794667690992355,0.11794667690992355,0.34582775831222534,0.34582775831222534,0.5362256169319153,0.5362256169319153,0.0,0.0,-1.8551560640335083,-1.8551560640335083,-1.684422254562378,-1.684422254562378,0.7470517754554749,0.7470517754554749,0.0,0.0,-0.08254943788051605,-0.08254943788051605,0.6645023226737976,0.6645023226737976,0.6875313520431519,0.6875313520431519,-0.3426550030708313,-0.3426550030708313,-0.13647718727588654,-0.13647718727588654,-88.6827163696289,-88.6827163696289,-57.395782470703125,-57.395782470703125,-42.52003479003906,-42.52003479003906,24.51056671142578,24.51056671142578,0.0,0.0,180.0
358,1.4916666666666667,-0.10877939663585304,12.862103174726657,68.71101515424384,-0.10877939663585304,12.862103174726657,68.71101515424384,5.0,-5.0,0.0,0.0,15.0,0,0.5,0.0,0.0,4.0,4.0,4.0,12.862103462219238,12.862100601196289,12.862103462219238,12.862103462219238,-0.06859129667282104,-0.06784234195947647,7.056676387786865,7.324594020843506,0.1707189679145813,0.1707189679145813,0.0,0.0,nan,nan,24.241369247436523,24.241369247436523,48.48273849487305,0.0,-3.659621238708496,0.7724611759185791,0.0,0.0,0.0,0.7724611759185791,0.0,-3.659621238708496,0.0,0.0,0.0,1.6752947568893433,0.7105360627174377,-3.267728567123413,0.0,0.0,0.0,0.0,-3.659621238708496,0.7724611759185791,0.0,0.0,0.0,0.7724611759185791,0.0,-3.659621238708496,-0.0,-0.0,-0.0,1.6752946376800537,-0.7105352282524109,-3.267728805541992,0.0,0.0,0.0,4.470348358154297e-08,0.0,0.6000000238418579,0.0,0.05600005388259888,0.6000000238418579,-7.450580596923828e-08,-0.05599990487098694,0.5999999642372131,3.3505892753601074,8.344650268554688e-07,-6.535457611083984,0.0,0.0,0.0,-5.21540641784668e-07,-6.35477817922947e-07,-2.0116567611694336e-07,34.464237213134766,34.4642333984375,54.927406311035156,54.92740249633789,0.11794667690992355,0.11794667690992355,0.33168351650238037,0.33168351650238037,0.5503698587417603,0.5503698587417603,0.0,0.0,-2.2834019660949707,-2.2834019660949707,-1.3762192726135254,-1.3762192726135254,0.8559087514877319,0.8559087514877319,0.0,0.0,-0.08344756811857224,-0.08344756811857224,0.7724611759185791,0.7724611759185791,0.6875313520431519,0.6875313520431519,-0.3630954921245575,-0.3630954921245575,-0.13871921598911285,-0.13871921598911285,-91.17183685302734,-91.17183685302734,-58.920772552490234,-58.920772552490234,-44.004371643066406,-44.004371643066406,24.781476974487305,24.781476974487305,0.0,0.0,180.0
359,1.4958333333333333,-0.05468929198163736,13.077416146760633,34.544747317403456,-0.05468929198163736,13.077416146760633,34.544747317403456,5.0,-5.0,0.0,0.0,15.0,0,0.5,0.0,0.0,4.0,4.0,4.0,13.077411651611328,13.077411651611328,13.07741641998291,13.07741641998291,-0.01527581736445427,-0.014446042478084564,6.626794815063477,6.921618461608887,0.17357681691646576,0.17357681691646576,0.0,0.0,nan,nan,24.776870727539062,24.776870727539062,49.553741455078125,0.0,-3.704998016357422,0.8617952466011047,0.0,0.0,0.0,0.8617952466011047,0.0,-3.704998016357422,0.0,0.0,0.0,1.7817952632904053,0.5217998623847961,-3.320034980773926,0.0,0.0,0.0,0.0,-3.704998016357422,0.8617952466011047,0.0,0.0,0.0,0.8617952466011047,0.0,-3.704998016357422,-0.0,-0.0,-0.0,1.7817955017089844,-0.5217990279197693,-3.320034980773926,0.0,0.0,0.0,4.470348358154297e-08,0.0,0.6000000238418579,-1.341104507446289e-07,0.05600005388259888,0.5999999642372131,-8.940696716308594e-08,-0.055999934673309326,0.6000000238418579,3.5635907649993896,8.344650268554688e-07,-6.640069961547852,0.0,0.0,0.0,-3.5762786865234375e-07,-1.1451231785031268e-06,-2.3096799850463867e-07,34.61635208129883,34.61635971069336,55.10426712036133,55.10426712036133,0.11794667690992355,0.11794667690992355,0.33168351650238037,0.33168351650238037,0.5503698587417603,0.5503698587417603,0.0,0.0,-2.64949369430542,-2.64949369430542,-1.055504560470581,-1.055504560470581,0.9458039402961731,0.9458039402961731,0.0,0.0,-0.08400866389274597,-0.08400866389274597,0.8617952466011047,0.8617952466011047,0.6875313520431519,0.6875313520431519,-0.38083311915397644,-0.38083311915397644,-0.137848362326622,-0.137848362326622,-92.68999481201172,-92.68999481201172,-59.88494110107422,-59.88494110107422,-44.926971435546875,-44.926971435546875,24.945220947265625,24.945220947265625,0.0,0.0,180.0
360,1.5,-7.688822463766742e-16,13.149450210865439,4.856680705765564e-13,-7.688822463766742e-16,13.149450210865439,4.856680705765564e-13,5.0,-5.0,0.0,0.0,15.0,0,0.5,0.0,0.0,4.0,4.0,4.0,13.14945125579834,13.14944839477539,13.149450302124023,13.149450302124023,0.03785882517695427,0.03876300901174545,6.0684919357299805,6.385886192321777,0.1745329201221466,0.1745329201221466,0.0,0.0,nan,nan,22.978927612304688,22.978927612304688,45.957855224609375,0.0,-3.19177508354187,0.9701002836227417,0.0,0.0,0.0,0.9701002836227417,0.0,-3.19177508354187,0.0,0.0,0.0,1.760039210319519,0.27611708641052246,-2.820380210876465,0.0,0.0,0.0,0.0,-3.19177508354187,0.9701002836227417,0.0,0.0,0.0,0.9701002836227417,0.0,-3.19177508354187,-0.0,-0.0,-0.0,1.760039210319519,-0.27611640095710754,-2.820380210876465,0.0,0.0,0.0,4.470348358154297e-08,0.0,0.6000000238418579,0.0,0.05600005388259888,0.6000000238418579,-5.960464477539063e-08,-0.055999934673309326,0.6000000238418579,3.520078420639038,6.854534149169922e-07,-5.64076042175293,0.0,0.0,0.0,-3.427267074584961e-07,-4.2026937308037304e-07,-1.9371509552001953e-07,34.67287063598633,34.67287063598633,55.16856002807617,55.16856002807617,0.11794667690992355,0.11794667690992355,0.33168351650238037,0.33168351650238037,0.5503698587417603,0.5503698587417603,0.0,0.0,-3.19177508354187,-3.19177508354187,-6.413708489137618e-15,-6.413708489137618e-15,1.0542998313903809,1.0542998313903809,0.0,0.0,-0.08419948071241379,-0.08419948071241379,0.9701002836227417,0.9701002836227417,0.6875313520431519,0.6875313520431519,-0.4086047410964966,-0.4086047410964966,-0.14680534601211548,-0.14680534601211548,-93.22547149658203,-93.22547149658203,-60.28449249267578,-60.28449249267578,-45.28449249267578,-45.28449249267578,25.0,25.0,0.0,0.0,180.0
361,1.5041666666666667,0.054689291981635836,13.077416146760639,-34.544747317402496,0.054689291981635836,13.077416146760639,-34.544747317402496,5.0,-5.0,0.0,0.0,15.0,0,0.5,0.0,0.0,4.0,4.0,4.0,13.077413558959961,13.077415466308594,13.077417373657227,13.07741641998291,0.09119296073913574,0.09215692430734634,5.542169094085693,5.880609512329102,0.17357681691646576,0.17357681691646576,0.0,0.0,nan,nan,23.661972045898438,23.661972045898438,47.323944091796875,0.0,-3.5482778549194336,0.959634006023407,0.0,0.0,0.0,0.959634006023407,0.0,-3.5482778549194336,0.0,0.0,0.0,1.8448281288146973,0.11326973885297775,-3.177255630493164,0.0,0.0,0.0,0.0,-3.5482778549194336,0.959634006023407,0.0,0.0,0.0,0.959634006023407,0.0,-3.5482778549194336,-0.0,-0.0,-0.0,1.8448281288146973,-0.11326901614665985,-3.177255630493164,0.0,0.0,0.0,4.470348358154297e-08,0.0,0.6000000238418579,-1.2665987014770508e-07,0.05600002408027649,0.5999999642372131,-1.4901161193847656e-08,-0.055999964475631714,0.6000000238418579,3.6896562576293945,7.227063179016113e-07,-6.354511260986328,0.0,0.0,0.0,-1.9371509552001953e-07,-8.438047416348127e-07,-1.2665987014770508e-07,34.63703918457031,34.63703918457031,55.12528610229492,55.12528610229492,0.11794667690992355,0.11794667690992355,0.33168351650238037,0.33168351650238037,0.5503698587417603,0.5503698587417603,0.0,0.0,-3.162571907043457,-3.162571907043457,-0.3857057988643646,-0.3857057988643646,1.0436427593231201,1.0436427593231201,0.0,0.0,-0.08400866389274597,-0.08400866389274597,0.959634006023407,0.959634006023407,0.6875313520431519,0.6875313520431519,-0.4075804352760315,-0.4075804352760315,-0.12696640193462372,-0.12696640193462372,-92.77405548095703,-92.77405548095703,-60.105342864990234,-60.105342864990234,-45.06331253051758,-45.06331253051758,24.945220947265625,24.945220947265625,0.0,0.0,180.0
362,1.5083333333333333,0.10877939663585152,12.862103174726665,-68.71101515424289,0.10877939663585152,12.862103174726665,-68.71101515424289,5.0,-5.0,0.0,0.0,15.0,0,0.5,0.0,0.0,4.0,4.0,4.0,12.862104415893555,12.862102508544922,12.862103462219238,12.862103462219238,0.14317482709884644,0.1441907435655594,4.898515224456787,5.253173828125,0.1707189679145813,0.1707189679145813,0.0,0.0,nan,nan,22.019763946533203,22.019763946533203,44.039527893066406,0.0,-3.340590000152588,0.9608744978904724,0.0,0.0,0.0,0.9608744978904724,0.0,-3.340590000152588,0.0,0.0,0.0,1.792528510093689,-0.07402873039245605,-2.9772777557373047,0.0,0.0,0.0,0.0,-3.340590000152588,0.9608744978904724,0.0,0.0,0.0,0.9608744978904724,0.0,-3.340590000152588,-0.0,-0.0,-0.0,1.7925286293029785,0.07402940839529037,-2.9772777557373047,0.0,0.0,0.0,4.470348358154297e-08,0.0,0.6000000238418579,-8.940696716308594e-08,0.05600005388259888,0.5999999642372131,1.4901161193847656e-08,-0.055999964475631714,0.6000000238418579,3.585057258605957,6.780028343200684e-07,-5.954555511474609,0.0,0.0,0.0,-2.682209014892578e-07,-5.948568855274061e-07,-1.4901161193847656e-07,34.50687026977539,34.50687026977539,54.97015380859375,54.97015380859375,0.11794667690992355,0.11794667690992355,0.33168351650238037,0.33168351650238037,0.5503698587417603,0.5503698587417603,0.0,0.0,-3.2993273735046387,-3.2993273735046387,-0.04126247018575668,-0.04126247018575668,1.0443220138549805,1.0443220138549805,0.0,0.0,-0.08344756811857224,-0.08344756811857224,0.9608744978904724,0.9608744978904724,0.6875313520431519,0.6875313520431519,-0.4163326621055603,-0.4163326621055603,-0.11711011826992035,-0.11711011826992035,-91.33904266357422,-91.33904266357422,-59.35974884033203,-59.35974884033203,-44.276145935058594,-44.276145935058594,24.781476974487305,24.781476974487305,0.0,0.0,180.0
363,1.5125,0.16167769145697264,12.505870308742256,-102.12447073034909,0.16167769145697264,12.505870308742256,-102.12447073034909,5.0,-5.0,0.0,0.0,15.0,0,0.5,0.0,0.0,4.0,4.0,4.0,12.505867004394531,12.505868911743164,12.50586986541748,12.50586986541748,0.1935575008392334,0.19461442530155182,4.1963043212890625,4.563189506530762,0.1659906804561615,0.1659906804561615,0.0,0.0,nan,nan,19.73407745361328,19.73407745361328,39.46815490722656,0.0,-3.0477731227874756,0.929520308971405,0.0,0.0,0.0,0.929520308971405,0.0,-3.0477731227874756,0.0,0.0,0.0,1.6844470500946045,-0.22855328023433685,-2.695056676864624,0.0,0.0,0.0,0.0,-3.0477731227874756,0.929520308971405,0.0,0.0,0.0,0.929520308971405,0.0,-3.0477731227874756,-0.0,-0.0,-0.0,1.6844474077224731,0.2285538911819458,-2.695056438446045,0.0,0.0,0.0,4.470348358154297e-08,0.0,0.6000000238418579,-1.341104507446289e-07,0.05600002408027649,0.5999999642372131,-1.4901161193847656e-08,-0.05599990487098694,0.5999999642372131,3.368894577026367,6.109476089477539e-07,-5.39011287689209,0.0,0.0,0.0,-3.2782554626464844e-07,-8.433532912022201e-07,-1.564621925354004e-07,34.27505874633789,34.275062561035156,54.68935775756836,54.689361572265625,0.11794667690992355,0.11794667690992355,0.34582775831222534,0.34582775831222534,0.5362256169319153,0.5362256169319153,0.0,0.0,-3.3539724349975586,-3.3539724349975586,0.3061996400356293,0.3061996400356293,1.0120697021484375,1.0120697021484375,0.0,0.0,-0.08254943788051605,-0.08254943788051605,0.929520308971405,0.929520308971405,0.6875313520431519,0.6875313520431519,-0.42186641693115234,-0.42186641693115234,-0.10444542020559311,-0.10444542020559311,-88.93122863769531,-88.93122863769531,-58.04961395263672,-58.04961395263672,-42.925357818603516,-42.925357818603516,24.51056671142578,24.51056671142578,0.0,0.0,180.0
364,1.5166666666666666,0.2128046116572557,12.012620510633695,-134.419029234212,0.2128046116572557,12.012620510633695,-134.419029234212,5.0,-5.0,0.0,0.0,15.0,0,0.5,0.0,0.0,4.0,4.0,4.0,12.012622833251953,12.01262092590332,12.01262092590332,12.01262092590332,0.24178996682167053,0.24287661910057068,3.443376064300537,3.818385124206543,0.15944376587867737,0.15944376587867737,0.0,0.0,nan,nan,16.918792724609375,16.918792724609375,33.83758544921875,0.0,-2.6744585037231445,0.8680248260498047,0.0,0.0,0.0,0.8680248260498047,0.0,-2.6744585037231445,0.0,0.0,0.0,1.5251439809799194,-0.3365868926048279,-2.338127613067627,0.0,0.0,0.0,0.0,-2.6744585037231445,0.8680248260498047,0.0,0.0,0.0,0.8680248260498047,0.0,-2.6744585037231445,-0.0,-0.0,-0.0,1.5251439809799194,0.33658748865127563,-2.338127374649048,0.0,0.0,0.0,4.470348358154297e-08,0.0,0.6000000238418579,-1.4901161193847656e-08,0.05600005388259888,0.5999999642372131,-8.940696716308594e-08,-0.055999964475631714,0.6000000238418579,3.050287961959839,5.960464477539062e-07,-4.676255226135254,0.0,0.0,0.0,-2.5331974029541016e-07,-5.43836222277605e-07,-1.564621925354004e-07,33.929054260253906,33.929054260253906,54.25863265991211,54.25863265991211,0.11794667690992355,0.11794667690992355,0.34582775831222534,0.34582775831222534,0.5362256169319153,0.5362256169319153,0.0,0.0,-3.3283002376556396,-3.3283002376556396,0.6538419723510742,0.6538419723510742,0.9493916630744934,0.9493916630744934,0.0,0.0,-0.0813668966293335,-0.0813668966293335,0.8680248260498047,0.8680248260498047,0.6875313520431519,0.6875313520431519,-0.4241059124469757,-0.4241059124469757,-0.08909580856561661,-0.08909580856561661,-85.56938934326172,-85.56938934326172,-56.185123443603516,-56.185123443603516,-41.021575927734375,-41.021575927734375,24.135456085205078,24.135456085205078,0.0,0.0,180.0
365,1.5208333333333333,0.26159999999999745,11.387757928408151,-165.24086472479684,0.26159999999999745,11.387757928408151,-165.24086472479684,5.0,-5.0,0.0,0.0,15.0,0,0.5,0.0,0.0,4.0,4.0,4.0,11.38775634765625,11.387758255004883,11.387758255004883,11.387758255004883,0.2873462736606598,0.2884508967399597,2.648386240005493,3.0273144245147705,0.1511499434709549,0.1511499434709549,0.0,0.0,nan,nan,13.72516918182373,13.72516918182373,27.45033836364746,0.0,-2.228184700012207,0.7810051441192627,0.0,0.0,0.0,0.7810051441192627,0.0,-2.228184700012207,0.0,0.0,0.0,1.3222825527191162,-0.38790759444236755,-1.917256474494934,0.0,0.0,0.0,0.0,-2.228184700012207,0.7810051441192627,0.0,0.0,0.0,0.7810051441192627,0.0,-2.228184700012207,-0.0,-0.0,-0.0,1.3222825527191162,0.38790807127952576,-1.917256474494934,0.0,0.0,0.0,4.470348358154297e-08,0.0,0.6000000238418579,-1.2665987014770508e-07,0.05600002408027649,0.5999999642372131,2.9802322387695312e-08,-0.055999964475631714,0.6000000238418579,2.6445651054382324,4.76837158203125e-07,-3.834512948989868,0.0,0.0,0.0,-1.4156103134155273e-07,-4.3593101395345e-07,-2.2351741790771484e-08,33.45112609863281,33.45112228393555,53.641597747802734,53.641597747802734,0.11794667690992355,0.11794667690992355,0.3599705994129181,0.3599705994129181,0.5220827460289001,0.5220827460289001,0.0,0.0,-3.226665496826172,-3.226665496826172,0.998481035232544,0.998481035232544,0.8609734773635864,0.8609734773635864,0.0,0.0,-0.07996834814548492,-0.07996834814548492,0.7810051441192627,0.7810051441192627,0.6875313520431519,0.6875313520431519,-0.42299923300743103,-0.42299923300743103,-0.07120217382907867,-0.07120217382907867,-81.2807846069336,-81.2807846069336,-53.78126907348633,-53.78126907348633,-38.580223083496094,-38.580223083496094,23.660253524780273,23.660253524780273,0.0,0.0,180.0
366,1.525,0.3075292439994198,10.638128687277414,-194.25228672258282,0.3075292439994198,10.638128687277414,-194.25228672258282,5.0,-5.0,0.0,0.0,15.0,0,0.5,0.0,0.0,4.0,4.0,4.0,10.638126373291016,10.638126373291016,10.638128280639648,10.638128280639648,0.32973089814186096,0.3308415710926056,1.8206133842468262,2.199239730834961,0.14120009541511536,0.14120009541511536,0.0,0.0,nan,nan,10.33301830291748,10.33301830291748,20.66603660583496,0.0,-1.7190345525741577,0.6747884750366211,0.0,0.0,0.0,0.6747884750366211,0.0,-1.7190345525741577,0.0,0.0,0.0,1.0859016180038452,-0.376674085855484,-1.4454596042633057,0.0,0.0,0.0,0.0,-1.7190345525741577,0.6747884750366211,0.0,0.0,0.0,0.6747884750366211,0.0,-1.7190345525741577,-0.0,-0.0,-0.0,1.0859016180038452,0.3766743838787079,-1.4454596042633057,0.0,0.0,0.0,4.470348358154297e-08,0.0,0.6000000238418579,-1.043081283569336e-07,0.05600002408027649,0.5999999642372131,0.0,-0.055999934673309326,0.6000000238418579,2.1718032360076904,2.980232238769531e-07,-2.8909192085266113,0.0,0.0,0.0,-1.564621925354004e-07,-3.447321432759054e-07,-5.960464477539063e-08,32.81843185424805,32.81843185424805,52.78731918334961,52.78731918334961,0.11794667690992355,0.11794667690992355,0.3882598280906677,0.3882598280906677,0.4937935173511505,0.4937935173511505,0.0,0.0,-3.0555949211120605,-3.0555949211120605,1.3365604877471924,1.3365604877471924,0.7532216906547546,0.7532216906547546,0.0,0.0,-0.07843320816755295,-0.07843320816755295,0.6747884750366211,0.6747884750366211,0.6875313520431519,0.6875313520431519,-0.4185221195220947,-0.4185221195220947,-0.05092410370707512,-0.05092410370707512,-76.1016845703125,-76.1016845703125,-50.858245849609375,-50.858245849609375,-35.62189865112305,-35.62189865112305,23.09016990661621,23.09016990661621,0.0,0.0,180.0
367,1.5291666666666666,0.3500891332469529,9.77194588207732,-221.13544001713183,0.3500891332469529,9.77194588207732,-221.13544001713183,5.0,-5.0,0.0,0.0,15.0,0,0.5,0.0,0.0,4.0,4.0,4.0,9.77194595336914,9.771944046020508,9.77194595336914,9.77194595336914,0.36848390102386475,0.36958861351013184,0.9698535203933716,1.3439693450927734,0.12970323860645294,0.12970323860645294,0.0,0.0,nan,nan,6.938737392425537,6.938737392425537,13.877474784851074,0.0,-1.159053087234497,0.5568212866783142,0.0,0.0,0.0,0.5568212866783142,0.0,-1.159053087234497,0.0,0.0,0.0,0.8274807929992676,-0.30185675621032715,-0.9368094801902771,0.0,0.0,0.0,0.0,-1.159053087234497,0.5568212866783142,0.0,0.0,0.0,0.5568212866783142,0.0,-1.159053087234497,-0.0,-0.0,-0.0,0.8274807333946228,0.3018568754196167,-0.9368094205856323,0.0,0.0,0.0,4.470348358154297e-08,0.0,0.6000000238418579,-7.450580596923828e-08,0.05600005388259888,0.5999999642372131,-7.450580596923828e-08,-0.055999934673309326,0.6000000238418579,1.6549615859985352,1.1920928955078125e-07,-1.8736188411712646,0.0,0.0,0.0,-1.341104507446289e-07,-2.726744696701644e-07,-1.0058283805847168e-07,32.003082275390625,32.003082275390625,51.626708984375,51.626705169677734,0.11794667690992355,0.11794667690992355,0.4165618121623993,0.4165618121623993,0.46549156308174133,0.46549156308174133,0.0,0.0,-2.823221206665039,-2.823221206665039,1.6641682386398315,1.6641682386398315,0.6336681842803955,0.6336681842803955,0.0,0.0,-0.0768468976020813,-0.0768468976020813,0.5568212866783142,0.5568212866783142,0.6875313520431519,0.6875313520431519,-0.41068142652511597,-0.41068142652511597,-0.028441643342375755,-0.028441643342375755,-70.07818603515625,-70.07818603515625,-47.441864013671875,-47.441864013671875,-32.17280578613281,-32.17280578613281,22.431447982788086,22.431447982788086,0.0,0.0,180.0
368,1.5333333333333332,0.38881337268977134,8.798699592882045,-245.59578715528727,0.38881337268977134,8.798699592882045,-245.59578715528727,5.0,-5.0,0.0,0.0,15.0,0,0.5,0.0,0.0,4.0,4.0,4.0,8.798697471618652,8.798700332641602,8.798699378967285,8.798699378967285,0.4031856954097748,0.4042724668979645,0.10621678829193115,0.4716775417327881,0.11678532510995865,0.11678532510995865,0.0,0.0,nan,nan,3.7410473823547363,3.7410473823547363,7.482094764709473,0.0,-0.5614643096923828,0.4350121021270752,0.0,0.0,0.0,0.4350121021270752,0.0,-0.5614643096923828,0.0,0.0,0.0,0.5589218735694885,-0.16710157692432404,-0.40516796708106995,0.0,0.0,0.0,0.0,-0.5614643096923828,0.4350121021270752,0.0,0.0,0.0,0.4350121021270752,0.0,-0.5614643096923828,-0.0,-0.0,-0.0,0.5589218735694885,0.1671016812324524,-0.40516793727874756,0.0,0.0,0.0,4.470348358154297e-08,0.0,0.6000000238418579,-1.1920928955078125e-07,0.0559999942779541,0.5999999642372131,7.450580596923828e-08,-0.0559999942779541,0.6000000238418579,1.117843747138977,1.043081283569336e-07,-0.8103358745574951,0.0,0.0,0.0,-1.1175870895385742e-08,-8.765159975610004e-08,2.9802322387695312e-08,30.97215461730957,30.97215461730957,50.06764221191406,50.06764221191406,0.11794667690992355,0.11794667690992355,0.45904016494750977,0.45904016494750977,0.42301318049430847,0.42301318049430847,0.0,0.0,-2.5385632514953613,-2.5385632514953613,1.9770989418029785,1.9770989418029785,0.510308027267456,0.510308027267456,0.0,0.0,-0.07529588043689728,-0.07529588043689728,0.4350121021270752,0.4350121021270752,0.6875313520431519,0.6875313520431519,-0.39951926469802856,-0.39951926469802856,-0.003957314416766167,-0.003957314416766167,-63.26660919189453,-63.26660919189453,-43.56381607055664,-43.56381607055664,-28.265003204345703,-28.265003204345703,21.691307067871094,21.691307067871094,0.0,0.0,180.0
369,1.5375,0.4232776914569737,7.729052909700815,-267.36533545514817,0.4232776914569737,7.729052909700815,-267.36533545514817,5.0,-5.0,0.0,0.0,15.0,0,0.5,0.0,0.0,4.0,4.0,4.0,7.729053020477295,7.729052543640137,7.729052543640137,7.729053020477295,0.43346092104911804,0.43451786041259766,-0.7600602507591248,-0.4072924852371216,0.10258787870407104,0.10258787870407104,0.0,0.0,nan,nan,0.9259294271469116,0.9259294271469116,1.8518588542938232,0.0,0.06025876849889755,0.3170948326587677,0.0,0.0,0.0,0.3170948326587677,0.0,0.06025876849889755,0.0,0.0,0.0,0.2915695607662201,0.019905680790543556,0.13700810074806213,0.0,0.0,0.0,0.0,0.06025876849889755,0.3170948326587677,0.0,0.0,0.0,0.3170948326587677,0.0,0.06025876849889755,-0.0,-0.0,-0.0,0.2915695607662201,-0.01990569941699505,0.13700811564922333,0.0,0.0,0.0,4.470348358154297e-08,0.0,0.6000000238418579,-4.470348358154297e-08,0.05600005388259888,0.5999999642372131,-5.960464477539063e-08,-0.055999964475631714,0.5999999642372131,0.5831391215324402,-1.862645149230957e-08,0.27401620149612427,0.0,0.0,0.0,1.1175870895385742e-08,-8.217261537879494e-09,-2.60770320892334e-08,29.688247680664062,29.68825340270996,47.989009857177734,47.98902130126953,0.11794667690992355,0.11794667690992355,0.5015096664428711,0.5015096664428711,0.38054367899894714,0.38054367899894714,0.0,0.0,-2.2106995582580566,-2.2106995582580566,2.270958185195923,2.270958185195923,0.3909580409526825,0.3909580409526825,0.0,0.0,-0.07386322319507599,-0.07386322319507599,0.3170948326587677,0.3170948326587677,0.6875313520431519,0.6875313520431519,-0.3851169943809509,-0.3851169943809509,0.02230161242187023,0.02230161242187023,-55.73393630981445,-55.73393630981445,-39.261966705322266,-39.261966705322266,-23.936664581298828,-23.936664581298828,20.877853393554688,20.877853393554688,0.0,0.0,180.0
370,1.5416666666666667,0.45310449126001756,6.5747251054327505,-286.20557318996634,0.45310449126001756,6.5747251054327505,-286.20557318996634,5.0,-5.0,0.0,0.0,15.0,0,0.5,0.0,0.0,4.0,4.0,4.0,6.574724197387695,6.5747246742248535,6.574725151062012,6.574725151062012,0.45898184180259705,0.4599974751472473,-1.6188337802886963,-1.2826377153396606,0.0872664600610733,0.0872664600610733,0.0,0.0,nan,nan,-1.3474327325820923,-1.3474327325820923,-2.6948654651641846,0.0,0.6934417486190796,0.2100943773984909,0.0,0.0,0.0,0.2100943773984909,0.0,0.6934417486190796,0.0,0.0,0.0,0.03537857159972191,0.24848680198192596,0.6797086000442505,0.0,0.0,0.0,0.0,0.6934417486190796,0.2100943773984909,0.0,0.0,0.0,0.2100943773984909,0.0,0.6934417486190796,-0.0,-0.0,-0.0,0.03537857532501221,-0.24848689138889313,0.6797085404396057,0.0,0.0,0.0,4.470348358154297e-08,0.0,0.6000000238418579,-9.685754776000977e-08,0.05600002408027649,0.5999999642372131,-8.940696716308594e-08,-0.055999934673309326,0.6000000238418579,0.07075715065002441,-8.940696716308594e-08,1.359417200088501,0.0,0.0,0.0,7.82310962677002e-08,1.85267538199696e-07,-4.889443516731262e-09,28.110885620117188,28.110885620117188,45.23462677001953,45.23462677001953,0.11794667690992355,0.11794667690992355,0.5859286785125732,0.5859286785125732,0.296124666929245,0.296124666929245,0.0,0.0,-1.8478643894195557,-1.8478643894195557,2.541306257247925,2.541306257247925,0.2827192544937134,0.2827192544937134,0.0,0.0,-0.07262490689754486,-0.07262490689754486,0.2100943773984909,0.2100943773984909,0.6875313520431519,0.6875313520431519,-0.3675980567932129,-0.3675980567932129,0.05008181929588318,0.05008181929588318,-47.5577392578125,-47.5577392578125,-34.5803108215332,-34.5803108215332,-19.232088088989258,-19.232088088989258,20.0,20.0,0.0,0.0,180.0
371,1.5458333333333334,0.4779669834386084,5.348363237059807,-301.91008277254997,0.4779669834386084,5.348363237059807,-301.91008277254997,5.0,-5.0,0.0,0.0,15.0,0,0.5,0.0,0.0,4.0,4.0,4.0,5.348362922668457,5.348362445831299,5.348363399505615,5.348363399505615,0.47947171330451965,0.4804348647594452,-2.460256338119507,-2.1443209648132324,0.07098893821239471,0.07098893821239471,0.0,0.0,nan,nan,-2.957315444946289,-2.957315444946289,-5.914630889892578,0.0,1.3272591829299927,0.11998675763607025,0.0,0.0,0.0,0.11998675763607025,0.0,1.3272591829299927,0.0,0.0,0.0,-0.2016494870185852,0.506264865398407,1.216160774230957,0.0,0.0,0.0,0.0,1.3272591829299927,0.11998675763607025,0.0,0.0,0.0,0.11998675763607025,0.0,1.3272591829299927,-0.0,-0.0,-0.0,-0.20164936780929565,-0.5062651634216309,1.216160774230957,0.0,0.0,0.0,4.470348358154297e-08,0.0,0.6000000238418579,-6.705522537231445e-08,0.0559999942779541,0.6000000238418579,-3.725290298461914e-08,-0.055999934673309326,0.6000000238418579,-0.40329885482788086,-2.980232238769531e-07,2.432321548461914,0.0,0.0,0.0,7.450580596923828e-08,2.3558871475870546e-07,3.725290298461914e-09,26.19974136352539,26.199739456176758,41.61005401611328,41.61005401611328,0.11794667690992355,0.11794667690992355,0.6943473815917969,0.6943473815917969,0.18770600855350494,0.18770600855350494,0.0,0.0,-1.4565637111663818,-1.4565637111663818,2.783823013305664,2.783823013305664,0.19163408875465393,0.19163408875465393,0.0,0.0,-0.07164733111858368,-0.07164733111858368,0.11998675763607025,0.11998675763607025,0.6875313520431519,0.6875313520431519,-0.3471300005912781,-0.3471300005912781,0.07910328358411789,0.07910328358411789,-38.82585906982422,-38.82585906982422,-29.568832397460938,-29.568832397460938,-14.201499938964844,-14.201499938964844,19.067367553710938,19.067367553710938,0.0,0.0,180.0
372,1.55,0.4975927693256241,4.063403581844676,-314.30680230953095,0.4975927693256241,4.063403581844676,-314.30680230953095,5.0,-5.0,0.0,0.0,15.0,0,0.5,0.0,0.0,4.0,4.0,4.0,4.063404083251953,4.063401699066162,4.063403606414795,4.063403606414795,0.4947068691253662,0.49560707807540894,-3.2749717235565186,-2.9827632904052734,0.05393363907933235,0.05393363907933235,0.0,0.0,nan,nan,-3.8247807025909424,-3.8247807025909424,-7.649561405181885,0.0,1.9536712169647217,0.051612477749586105,0.0,0.0,0.0,0.051612477749586105,0.0,1.9536712169647217,0.0,0.0,0.0,-0.41368845105171204,0.7804991602897644,1.7433239221572876,0.0,0.0,0.0,0.0,1.9536712169647217,0.051612477749586105,0.0,0.0,0.0,0.051612477749586105,0.0,1.9536712169647217,-0.0,-0.0,-0.0,-0.4136883020401001,-0.7804991602897644,1.743323802947998,0.0,0.0,0.0,4.470348358154297e-08,0.0,0.6000000238418579,2.2351741790771484e-08,0.05600005388259888,0.6000000238418579,-4.470348358154297e-08,-0.055999964475631714,0.6000000238418579,-0.8273767232894897,0.0,3.486647605895996,0.0,0.0,0.0,1.6391277313232422e-07,1.9483161395328352e-07,9.872019290924072e-08,23.921432495117188,23.921432495117188,36.89210510253906,36.89210510253906,0.11794667690992355,0.11794667690992355,0.8524252772331238,0.8524252772331238,0.029628142714500427,0.029628142714500427,0.0,0.0,-1.0408191680908203,-1.0408191680908203,2.994490623474121,2.994490623474121,0.12259799987077713,0.12259799987077713,0.0,0.0,-0.07098551839590073,-0.07098551839590073,0.051612477749586105,0.051612477749586105,0.6875313520431519,0.6875313520431519,-0.3239253759384155,-0.3239253759384155,0.10905972868204117,0.10905972868204117,-29.635650634765625,-29.635650634765625,-24.283130645751953,-24.283130645751953,-8.900716781616211,-8.900716781616211,18.090171813964844,18.090171813964844,0.0,0.0,180.0
373,1.5541666666666667,0.511766824703927,2.7339244266649874,-323.25991074748185,0.511766824703927,2.7339244266649874,-323.25991074748185,5.0,-5.0,0.0,0.0,15.0,0,0.5,0.0,0.0,4.0,4.0,4.0,2.7339236736297607,2.7339231967926025,2.733924388885498,2.733924388885498,0.5045189261436462,0.5053463578224182,-4.054283618927002,-3.7890141010284424,0.03628743439912796,0.03628743439912796,0.0,0.0,nan,nan,-3.9124815464019775,-3.9124815464019775,-7.824963092803955,0.0,2.5680761337280273,0.008859370835125446,0.0,0.0,0.0,0.008859370835125446,0.0,2.5680761337280273,0.0,0.0,0.0,-0.5969381332397461,1.059220552444458,2.2620365619659424,0.0,0.0,0.0,0.0,2.5680761337280273,0.008859370835125446,0.0,0.0,0.0,0.008859370835125446,0.0,2.5680761337280273,-0.0,-0.0,-0.0,-0.5969380140304565,-1.0592212677001953,2.2620363235473633,0.0,0.0,0.0,4.470348358154297e-08,0.0,0.6000000238418579,-8.940696716308594e-08,0.05600002408027649,0.5999999642372131,-6.705522537231445e-08,-0.055999964475631714,0.6000000238418579,-1.1938761472702026,-7.152557373046875e-07,4.524072647094727,0.0,0.0,0.0,2.086162567138672e-07,5.917453336223844e-07,1.862645149230957e-08,21.262304306030273,21.262296676635742,30.87116050720215,30.87116050720215,0.11794667690992355,0.11794667690992355,0.8820533156394958,0.8820533156394958,0.0,0.0,0.0,0.0,-0.6016952395439148,-0.6016952395439148,3.169771671295166,3.169771671295166,0.0795416608452797,0.0795416608452797,0.0,0.0,-0.07068228721618652,-0.07068228721618652,0.008859370835125446,0.008859370835125446,0.6875313520431519,0.6875313520431519,-0.2982402741909027,-0.2982402741909027,0.1396210938692093,0.1396210938692093,-20.09270668029785,-20.09270668029785,-18.7836856842041,-18.7836856842041,-3.390378713607788,-3.390378713607788,17.079116821289062,17.079116821289062,0.0,0.0,180.0
374,1.5583333333333333,0.5203338556566806,1.3744918233562908,-328.671315956798,0.5203338556566806,1.3744918233562908,-328.671315956798,5.0,-5.0,0.0,0.0,15.0,0,0.5,0.0,0.0,4.0,4.0,4.0,1.374491810798645,1.374491810798645,1.3744919300079346,1.3744919300079346,0.5087963938713074,0.5095419883728027,-4.790268421173096,-4.554867267608643,0.018243659287691116,0.018243659287691116,0.0,0.0,nan,nan,-3.2174181938171387,-3.2174181938171387,-6.434836387634277,0.0,3.1694860458374023,-0.0049437955021858215,0.0,0.0,0.0,-0.0049437955021858215,0.0,3.1694860458374023,0.0,0.0,0.0,-0.7491441965103149,1.331964135169983,2.7767465114593506,0.0,0.0,0.0,0.0,3.1694860458374023,-0.0049437955021858215,0.0,0.0,0.0,-0.0049437955021858215,0.0,3.1694860458374023,-0.0,-0.0,-0.0,-0.7491441965103149,-1.3319644927978516,2.7767465114593506,0.0,0.0,0.0,4.470348358154297e-08,0.0,0.6000000238418579,-3.725290298461914e-08,0.05600002408027649,0.5999999642372131,-1.4901161193847656e-08,-0.055999964475631714,0.6000000238418579,-1.4982883930206299,-3.5762786865234375e-07,5.553493022918701,0.0,0.0,0.0,2.5331974029541016e-07,4.3773155766757554e-07,1.4901161193847656e-08,18.250926971435547,18.250926971435547,23.46627426147461,23.46627426147461,0.11794667690992355,0.11794667690992355,0.8820533156394958,0.8820533156394958,0.0,0.0,0.0,0.0,-0.13728201389312744,-0.13728201389312744,3.3067679405212402,3.3067679405212402,0.06582416594028473,0.06582416594028473,0.0,0.0,-0.07076795399188995,-0.07076795399188995,-0.0049437955021858215,-0.0049437955021858215,0.6875313520431519,0.6875313520431519,-0.2703714966773987,-0.2703714966773987,0.17043715715408325,0.17043715715408325,-10.309233665466309,-10.309233665466309,-13.134974479675293,-13.134974479675293,2.2649168968200684,2.2649168968200684,16.045286178588867,16.045286178588867,0.0,0.0,180.0
375,1.5625,0.5232,-3.228825677319078e-15,-330.4817294495969,0.5232,-3.228825677319078e-15,-330.4817294495969,5.0,-5.0,0.0,0.0,15.0,0,0.5,0.0,0.0,4.0,4.0,4.0,3.228824796912928e-15,3.228824585154691e-15,3.228825643945875e-15,3.228825855704112e-15,0.507486879825592,0.5081425309181213,-5.475809097290039,-5.272894859313965,-4.2856270549764217e-17,-4.2856270549764217e-17,0.0,0.0,nan,nan,-1.7601532936096191,-1.7601532936096191,-3.5203065872192383,0.0,3.760092258453369,0.013430955819785595,0.0,0.0,0.0,0.013430955819785595,0.0,3.760092258453369,0.0,0.0,0.0,-0.868926465511322,1.5899357795715332,3.2947752475738525,0.0,0.0,0.0,0.0,3.760092258453369,0.013430955819785595,0.0,0.0,0.0,0.013430955819785595,0.0,3.760092258453369,-0.0,-0.0,-0.0,-0.8689263463020325,-1.589936375617981,3.2947750091552734,0.0,0.0,0.0,4.470348358154297e-08,0.0,0.6000000238418579,-1.4156103134155273e-07,0.05600002408027649,0.5999999642372131,-5.960464477539063e-08,-0.055999934673309326,0.6000000238418579,-1.7378528118133545,-5.960464477539062e-07,6.589550018310547,0.0,0.0,0.0,4.023313522338867e-07,1.0091636113429558e-06,-4.470348358154297e-08,14.99998950958252,14.99998950958252,14.999988555908203,14.999988555908203,1.0,1.0,0.0,0.0,0.0,0.0,0.0,0.0,0.35674142837524414,0.35674142837524414,3.403350830078125,3.403350830078125,0.08469101041555405,0.08469101041555405,0.0,0.0,-0.07126004993915558,-0.07126004993915558,0.013430955819785595,0.013430955819785595,0.6875313520431519,0.6875313520431519,-0.24065180122852325,-0.24065180122852325,0.20114286243915558,0.20114286243915558,-0.40209388732910156,-0.40209388732910156,-7.404346942901611,-7.404346942901611,7.997747898101807,7.997747898101807,15.000000953674316,15.000000953674316,0.0,0.0,180.0
376,1.5666666666666667,0.5203338556566806,-1.374491823356297,-328.671315956798,0.5203338556566806,-1.374491823356297,-328.671315956798,5.0,-5.0,0.0,0.0,15.0,0,0.5,0.0,0.0,4.0,4.0,4.0,1.374491810798645,1.374491810798645,1.3744919300079346,1.3744919300079346,0.5005970597267151,0.5011558532714844,-6.104563236236572,-5.936422348022461,-0.018243659287691116,-0.018243659287691116,0.0,0.0,nan,nan,0.42551466822624207,0.42551466822624207,0.8510293364524841,0.0,4.344228744506836,0.06742891669273376,0.0,0.0,0.0,0.06742891669273376,0.0,4.344228744506836,0.0,0.0,0.0,-0.9551313519477844,1.825645089149475,3.825129508972168,0.0,0.0,0.0,0.0,4.344228744506836,0.06742891669273376,0.0,0.0,0.0,0.06742891669273376,0.0,4.344228744506836,-0.0,-0.0,-0.0,-0.9551313519477844,-1.8256455659866333,3.825129270553589,0.0,0.0,0.0,4.470348358154297e-08,0.0,0.6000000238418579,-3.725290298461914e-08,0.05600002408027649,0.5999999642372131,-1.4901161193847656e-08,-0.055999964475631714,0.6000000238418579,-1.9102627038955688,-4.76837158203125e-07,7.650259017944336,0.0,0.0,0.0,3.5762786865234375e-07,5.984195468045073e-07,1.4901161193847656e-08,11.839410781860352,11.839410781860352,15.893213272094727,15.893213272094727,0.8820533156394958,0.8820533156394958,0.11794667690992355,0.11794667690992355,0.0,0.0,0.0,0.0,0.8859835267066956,0.8859835267066956,3.458245277404785,3.458245277404785,0.13959217071533203,0.13959217071533203,0.0,0.0,-0.07216325402259827,-0.07216325402259827,0.06742891669273376,0.06742891669273376,0.6875313520431519,0.6875313520431519,-0.20944349467754364,-0.20944349467754364,0.2313651740550995,0.2313651740550995,9.509451866149902,9.509451866149902,-1.6607481241226196,-1.6607481241226196,13.739143371582031,13.739143371582031,13.954715728759766,13.954715728759766,0.0,0.0,180.0
377,1.5708333333333333,0.5117668247039278,-2.7339244266649025,-323.2599107474823,0.5117668247039278,-2.7339244266649025,-323.2599107474823,5.0,-5.0,0.0,0.0,15.0,0,0.5,0.0,0.0,4.0,4.0,4.0,2.7339236736297607,2.7339231967926025,2.733924388885498,2.733924388885498,0.4881949722766876,0.4886508584022522,-6.670886039733887,-6.5394487380981445,-0.03628743439912796,-0.03628743439912796,0.0,0.0,nan,nan,3.2985029220581055,3.2985029220581055,6.597005844116211,0.0,4.926915168762207,0.16070625185966492,0.0,0.0,0.0,0.16070625185966492,0.0,4.926915168762207,0.0,0.0,0.0,-1.006427526473999,2.032140016555786,4.3769659996032715,0.0,0.0,0.0,0.0,4.926915168762207,0.16070625185966492,0.0,0.0,0.0,0.16070625185966492,0.0,4.926915168762207,-0.0,-0.0,-0.0,-1.00642728805542,-2.0321412086486816,4.376965522766113,0.0,0.0,0.0,4.470348358154297e-08,0.0,0.6000000238418579,-8.940696716308594e-08,0.05600002408027649,0.5999999642372131,-6.705522537231445e-08,-0.055999964475631714,0.6000000238418579,-2.012854814529419,-1.1920928955078125e-06,8.753931045532227,0.0,0.0,0.0,4.023313522338867e-07,1.1361486258465447e-06,2.9802322387695312e-08,9.949695587158203,9.949694633483887,16.791915893554688,16.791893005371094,0.8820533156394958,0.8820533156394958,0.11794667690992355,0.11794667690992355,0.0,0.0,0.0,0.0,1.4558489322662354,1.4558489322662354,3.471066474914551,3.471066474914551,0.23417508602142334,0.23417508602142334,0.0,0.0,-0.07346884906291962,-0.07346884906291962,0.16070625185966492,0.16070625185966492,0.6875313520431519,0.6875313520431519,-0.17713092267513275,-0.17713092267513275,0.26073044538497925,0.26073044538497925,19.30609130859375,19.30609130859375,4.026639938354492,4.026639938354492,19.419946670532227,19.419946670532227,12.920884132385254,12.920884132385254,0.0,0.0,180.0
378,1.575,0.4975927693256252,-4.063403581844593,-314.30680230953163,0.4975927693256252,-4.063403581844593,-314.30680230953163,5.0,-5.0,0.0,0.0,15.0,0,0.5,0.0,0.0,4.0,4.0,4.0,4.063404083251953,4.063401699066162,4.063403606414795,4.063403606414795,0.4704091548919678,0.470757395029068,-7.169713973999023,-7.076537609100342,-0.05393363907933235,-0.05393363907933235,0.0,0.0,nan,nan,6.810070991516113,6.810070991516113,13.620141983032227,0.0,5.5123138427734375,0.2967248558998108,0.0,0.0,0.0,0.2967248558998108,0.0,5.5123138427734375,0.0,0.0,0.0,-1.0212775468826294,2.202190399169922,4.95792293548584,0.0,0.0,0.0,0.0,5.5123138427734375,0.2967248558998108,0.0,0.0,0.0,0.2967248558998108,0.0,5.5123138427734375,-0.0,-0.0,-0.0,-1.0212771892547607,-2.202190399169922,4.957922458648682,0.0,0.0,0.0,4.470348358154297e-08,0.0,0.6000000238418579,2.2351741790771484e-08,0.05600005388259888,0.6000000238418579,-4.470348358154297e-08,-0.055999964475631714,0.6000000238418579,-2.0425548553466797,0.0,9.91584587097168,0.0,0.0,0.0,4.76837158203125e-07,5.54091059257189e-07,2.60770320892334e-07,10.287637710571289,10.287635803222656,17.6888484954834,17.6888484954834,0.8698575496673584,0.8698575496673584,0.1301424354314804,0.1301424354314804,0.0,0.0,0.0,0.0,2.070012092590332,2.070012092590332,3.4423022270202637,3.4423022270202637,0.371878981590271,0.371878981590271,0.0,0.0,-0.07515415549278259,-0.07515415549278259,0.2967248558998108,0.2967248558998108,0.6875313520431519,0.6875313520431519,-0.14411206543445587,-0.14411206543445587,0.28887301683425903,0.28887301683425903,28.870824813842773,28.870824813842773,9.589773178100586,9.589773178100586,24.972187042236328,24.972187042236328,11.909831047058105,11.909831047058105,0.0,0.0,180.0
379,1.5791666666666666,0.47796698343860977,-5.348363237059727,-301.9100827725508,0.47796698343860977,-5.348363237059727,-301.9100827725508,5.0,-5.0,0.0,0.0,15.0,0,0.5,0.0,0.0,4.0,4.0,4.0,5.348362922668457,5.348362445831299,5.348363399505615,5.348363399505615,0.44742870330810547,0.4476659595966339,-7.596513748168945,-7.542740345001221,-0.07098893821239471,-0.07098893821239471,0.0,0.0,nan,nan,10.898033142089844,10.898033142089844,21.796066284179688,0.0,6.102418422698975,0.4780232906341553,0.0,0.0,0.0,0.4780232906341553,0.0,6.102418422698975,0.0,0.0,0.0,-0.9982734322547913,2.327684164047241,5.572553634643555,0.0,0.0,0.0,0.0,6.102418422698975,0.4780232906341553,0.0,0.0,0.0,0.4780232906341553,0.0,6.102418422698975,-0.0,-0.0,-0.0,-0.9982727766036987,-2.327685594558716,5.5725531578063965,0.0,0.0,0.0,4.470348358154297e-08,0.0,0.6000000238418579,-6.705522537231445e-08,0.0559999942779541,0.6000000238418579,-3.725290298461914e-08,-0.055999934673309326,0.6000000238418579,-1.9965462684631348,-1.430511474609375e-06,11.14510726928711,0.0,0.0,0.0,3.5762786865234375e-07,1.07948767436028e-06,2.60770320892334e-08,11.774944305419922,11.774947166442871,24.057353973388672,24.057369232177734,0.7199033498764038,0.7199033498764038,0.28009676933288574,0.28009676933288574,0.0,0.0,0.0,0.0,2.729173421859741,2.729173421859741,3.3732450008392334,3.3732450008392334,0.5552050471305847,0.5552050471305847,0.0,0.0,-0.07718174159526825,-0.07718174159526825,0.4780232906341553,0.4780232906341553,0.6875313520431519,0.6875313520431519,-0.11078988015651703,-0.11078988015651703,0.3154434263706207,0.3154434263706207,38.0911979675293,38.0911979675293,14.963057518005371,14.963057518005371,30.330387115478516,30.330387115478516,10.932634353637695,10.932634353637695,0.0,0.0,180.0
380,1.5833333333333333,0.45310449126001934,-6.574725105432675,-286.2055731899674,0.45310449126001934,-6.574725105432675,-286.2055731899674,5.0,-5.0,0.0,0.0,15.0,0,0.5,0.0,0.0,4.0,4.0,4.0,6.574724197387695,6.5747246742248535,6.574725151062012,6.574725151062012,0.41950178146362305,0.4196256399154663,-7.94720458984375,-7.933566570281982,-0.0872664600610733,-0.0872664600610733,0.0,0.0,nan,nan,15.478615760803223,15.478615760803223,30.957231521606445,0.0,6.696176528930664,0.7053472995758057,0.0,0.0,0.0,0.7053472995758057,0.0,6.696176528930664,0.0,0.0,0.0,-0.9366906881332397,2.3994970321655273,6.221038818359375,0.0,0.0,0.0,0.0,6.696176528930664,0.7053472995758057,0.0,0.0,0.0,0.7053472995758057,0.0,6.696176528930664,-0.0,-0.0,-0.0,-0.936690628528595,-2.3994979858398438,6.221038341522217,0.0,0.0,0.0,4.470348358154297e-08,0.0,0.6000000238418579,-9.685754776000977e-08,0.05600002408027649,0.5999999642372131,-8.940696716308594e-08,-0.055999934673309326,0.6000000238418579,-1.8733813762664795,-9.5367431640625e-07,12.44207763671875,0.0,0.0,0.0,7.450580596923828e-07,1.770794028743694e-06,7.078051567077637e-08,13.596657752990723,13.596657752990723,30.176292419433594,30.176292419433594,0.5998412370681763,0.5998412370681763,0.4001588523387909,0.4001588523387909,0.0,0.0,0.0,0.0,3.430295467376709,3.430295467376709,3.265880584716797,3.265880584716797,0.7848461866378784,0.7848461866378784,0.0,0.0,-0.07949888706207275,-0.07949888706207275,0.7053472995758057,0.7053472995758057,0.6875313520431519,0.6875313520431519,-0.07756372541189194,-0.07756372541189194,0.3401161730289459,0.3401161730289459,46.861289978027344,46.861289978027344,20.084516525268555,20.084516525268555,35.4327392578125,35.4327392578125,10.000000953674316,10.000000953674316,0.0,0.0,180.0
381,1.5875,0.42327769145697347,-7.729052909700821,-267.36533545514806,0.42327769145697347,-7.729052909700821,-267.36533545514806,5.0,-5.0,0.0,0.0,15.0,0,0.5,0.0,0.0,4.0,4.0,4.0,7.729053020477295,7.729052543640137,7.729052543640137,7.729053020477295,0.3869327902793884,0.3869423568248749,-8.218172073364258,-8.244974136352539,-0.10258787870407104,-0.10258787870407104,0.0,0.0,nan,nan,20.439483642578125,20.439483642578125,40.87896728515625,0.0,7.289093017578125,0.9768509268760681,0.0,0.0,0.0,0.9768509268760681,0.0,7.289093017578125,0.0,0.0,0.0,-0.83708256483078,2.407855272293091,6.8983073234558105,0.0,0.0,0.0,0.0,7.289093017578125,0.9768509268760681,0.0,0.0,0.0,0.9768509268760681,0.0,7.289093017578125,-0.0,-0.0,-0.0,-0.8370827436447144,-2.4078567028045654,6.898306846618652,0.0,0.0,0.0,4.470348358154297e-08,0.0,0.6000000238418579,-4.470348358154297e-08,0.05600005388259888,0.5999999642372131,-5.960464477539063e-08,-0.055999964475631714,0.5999999642372131,-1.6741652488708496,-1.430511474609375e-06,13.796613693237305,0.0,0.0,0.0,6.258487701416016e-07,1.4360941804625327e-06,9.685754776000977e-08,15.395145416259766,15.395149230957031,35.01286697387695,35.01286697387695,0.5156482458114624,0.5156482458114624,0.48382794857025146,0.48382794857025146,0.0005239031161181629,0.0005239031161181629,0.0,0.0,4.166346073150635,4.166346073150635,3.122746706008911,3.122746706008911,1.0588884353637695,1.0588884353637695,0.0,0.0,-0.08203749358654022,-0.08203749358654022,0.9768509268760681,0.9768509268760681,0.6875313520431519,0.6875313520431519,-0.04482176899909973,-0.04482176899909973,0.36259689927101135,0.36259689927101135,55.08332824707031,55.08332824707031,24.896770477294922,24.896770477294922,40.22207260131836,40.22207260131836,9.122148513793945,9.122148513793945,0.0,0.0,180.0
382,1.5916666666666666,0.3888133726897736,-8.79869959288198,-245.59578715528872,0.3888133726897736,-8.79869959288198,-245.59578715528872,5.0,-5.0,0.0,0.0,15.0,0,0.5,0.0,0.0,4.0,4.0,4.0,8.798697471618652,8.798700332641602,8.798699378967285,8.798699378967285,0.35007941722869873,0.3499748408794403,-8.406329154968262,-8.473406791687012,-0.11678532510995865,-0.11678532510995865,0.0,0.0,nan,nan,25.636682510375977,25.636682510375977,51.27336502075195,0.0,7.87327241897583,1.287545919418335,0.0,0.0,0.0,1.287545919418335,0.0,7.87327241897583,0.0,0.0,0.0,-0.7017360329627991,2.3432233333587646,7.593620300292969,0.0,0.0,0.0,0.0,7.87327241897583,1.287545919418335,0.0,0.0,0.0,1.287545919418335,0.0,7.87327241897583,-0.0,-0.0,-0.0,-0.7017359733581543,-2.3432250022888184,7.5936198234558105,0.0,0.0,0.0,4.470348358154297e-08,0.0,0.6000000238418579,-1.1920928955078125e-07,0.0559999942779541,0.5999999642372131,7.450580596923828e-08,-0.0559999942779541,0.6000000238418579,-1.4034719467163086,-1.6689300537109375e-06,15.187240600585938,0.0,0.0,0.0,1.7881393432617188e-07,1.0602105930956895e-06,-4.507601261138916e-07,17.021957397460938,17.02195930480957,38.748355865478516,38.748355865478516,0.45904016494750977,0.45904016494750977,0.5113317370414734,0.5113317370414734,0.029628142714500427,0.029628142714500427,0.0,0.0,4.9265031814575195,4.9265031814575195,2.9467689990997314,2.9467689990997314,1.3722610473632812,1.3722610473632812,0.0,0.0,-0.08471508324146271,-0.08471508324146271,1.287545919418335,1.287545919418335,0.6875313520431519,0.6875313520431519,-0.01293425913900137,-0.01293425913900137,0.3826277554035187,0.3826277554035187,62.66898727416992,62.66898727416992,29.347816467285156,29.347816467285156,44.64663314819336,44.64663314819336,8.308694839477539,8.308694839477539,0.0,0.0,180.0
383,1.5958333333333332,0.35008913324695545,-9.771945882077262,-221.13544001713342,0.35008913324695545,-9.771945882077262,-221.13544001713342,5.0,-5.0,0.0,0.0,15.0,0,0.5,0.0,0.0,4.0,4.0,4.0,9.77194595336914,9.771944046020508,9.77194595336914,9.77194595336914,0.309348464012146,0.3091311752796173,-8.509130477905273,-8.615896224975586,-0.12970323860645294,-0.12970323860645294,0.0,0.0,nan,nan,30.896617889404297,30.896617889404297,61.793235778808594,0.0,8.437788963317871,1.629106044769287,0.0,0.0,0.0,1.629106044769287,0.0,8.437788963317871,0.0,0.0,0.0,-0.5349011421203613,2.197486400604248,8.290669441223145,0.0,0.0,0.0,0.0,8.437788963317871,1.629106044769287,0.0,0.0,0.0,1.629106044769287,0.0,8.437788963317871,-0.0,-0.0,-0.0,-0.5349006652832031,-2.1974873542785645,8.290669441223145,0.0,0.0,0.0,4.470348358154297e-08,0.0,0.6000000238418579,-7.450580596923828e-08,0.05600005388259888,0.5999999642372131,-7.450580596923828e-08,-0.055999934673309326,0.6000000238418579,-1.0698018074035645,-9.5367431640625e-07,16.58133888244629,0.0,0.0,0.0,1.1324882507324219e-06,2.0085321921214927e-06,9.12696123123169e-08,18.42395782470703,18.423959732055664,41.59705352783203,41.59705352783203,0.4165618121623993,0.4165618121623993,0.5018131136894226,0.5018131136894226,0.08162510395050049,0.08162510395050049,0.0,0.0,5.696693420410156,5.696693420410156,2.741095781326294,2.741095781326294,1.7165427207946777,1.7165427207946777,0.0,0.0,-0.0874367505311966,-0.0874367505311966,1.629106044769287,1.629106044769287,0.6875313520431519,0.6875313520431519,0.017751619219779968,0.017751619219779968,0.39999139308929443,0.39999139308929443,69.54007720947266,69.54007720947266,33.391475677490234,33.391475677490234,48.6605339050293,48.6605339050293,7.568552494049072,7.568552494049072,0.0,0.0,180.0
384,1.6,0.3075292439994226,-10.638128687277364,-194.25228672258459,0.3075292439994226,-10.638128687277364,-194.25228672258459,5.0,-5.0,0.0,0.0,15.0,0,0.5,0.0,0.0,4.0,4.0,4.0,10.638126373291016,10.638126373291016,10.638128280639648,10.638128280639648,0.2651907205581665,0.264863520860672,-8.524703979492188,-8.6701021194458,-0.14120009541511536,-0.14120009541511536,0.0,0.0,nan,nan,36.02296447753906,36.02296447753906,72.04592895507812,0.0,8.969316482543945,1.9900643825531006,0.0,0.0,0.0,1.9900643825531006,0.0,8.969316482543945,0.0,0.0,0.0,-0.3427571654319763,1.9653526544570923,8.968215942382812,0.0,0.0,0.0,0.0,8.969316482543945,1.9900643825531006,0.0,0.0,0.0,1.9900643825531006,0.0,8.969316482543945,-0.0,-0.0,-0.0,-0.34275713562965393,-1.9653542041778564,8.968215942382812,0.0,0.0,0.0,4.470348358154297e-08,0.0,0.6000000238418579,-1.043081283569336e-07,0.05600002408027649,0.5999999642372131,0.0,-0.055999934673309326,0.6000000238418579,-0.6855143308639526,-1.5497207641601562e-06,17.936431884765625,0.0,0.0,0.0,9.5367431640625e-07,1.757708673721936e-06,-1.73225998878479e-07,19.592592239379883,19.592592239379883,43.749908447265625,43.749908447265625,0.3882598280906677,0.3882598280906677,0.4860711097717285,0.4860711097717285,0.12566909193992615,0.12566909193992615,0.0,0.0,6.460369110107422,6.460369110107422,2.508946657180786,2.508946657180786,2.08016300201416,2.08016300201416,0.0,0.0,-0.09009853005409241,-0.09009853005409241,1.9900643825531006,1.9900643825531006,0.6875313520431519,0.6875313520431519,0.046915218234062195,0.046915218234062195,0.41451317071914673,0.41451317071914673,75.62899017333984,75.62899017333984,36.9876823425293,36.9876823425293,52.22402572631836,52.22402572631836,6.9098310470581055,6.9098310470581055,0.0,0.0,180.0
385,1.6041666666666667,0.26160000000000044,-11.387757928408107,-165.24086472479874,0.26160000000000044,-11.387757928408107,-165.24086472479874,5.0,-5.0,0.0,0.0,15.0,0,0.5,0.0,0.0,4.0,4.0,4.0,11.38775634765625,11.387758255004883,11.387758255004883,11.387758255004883,0.21809609234333038,0.2176627665758133,-8.451909065246582,-8.634444236755371,-0.1511499434709549,-0.1511499434709549,0.0,0.0,nan,nan,40.80731201171875,40.80731201171875,81.6146240234375,0.0,9.452922821044922,2.3563876152038574,0.0,0.0,0.0,2.3563876152038574,0.0,9.452922821044922,0.0,0.0,0.0,-0.1331367939710617,1.6456718444824219,9.601268768310547,0.0,0.0,0.0,0.0,9.452922821044922,2.3563876152038574,0.0,0.0,0.0,2.3563876152038574,0.0,9.452922821044922,-0.0,-0.0,-0.0,-0.13313664495944977,-1.6456737518310547,9.60126781463623,0.0,0.0,0.0,4.470348358154297e-08,0.0,0.6000000238418579,-1.2665987014770508e-07,0.05600002408027649,0.5999999642372131,2.9802322387695312e-08,-0.055999964475631714,0.6000000238418579,-0.2662734389305115,-1.9073486328125e-06,19.202537536621094,0.0,0.0,0.0,7.152557373046875e-07,1.7963111531571485e-06,-2.4121254682540894e-07,20.53957176208496,20.539573669433594,45.360450744628906,45.360450744628906,0.37411409616470337,0.37411409616470337,0.46373581886291504,0.46373581886291504,0.1621500849723816,0.1621500849723816,0.0,0.0,7.199442386627197,7.199442386627197,2.253480911254883,2.253480911254883,2.448979616165161,2.448979616165161,0.0,0.0,-0.09259215742349625,-0.09259215742349625,2.3563876152038574,2.3563876152038574,0.6875313520431519,0.6875313520431519,0.07426454871892929,0.07426454871892929,0.42606160044670105,0.42606160044670105,80.8786849975586,80.8786849975586,40.102500915527344,40.102500915527344,55.30354690551758,55.30354690551758,6.339746475219727,6.339746475219727,0.0,0.0,180.0
386,1.6083333333333334,0.21280461165725884,-12.01262051063366,-134.41902923421398,0.21280461165725884,-12.01262051063366,-134.41902923421398,5.0,-5.0,0.0,0.0,15.0,0,0.5,0.0,0.0,4.0,4.0,4.0,12.012622833251953,12.01262092590332,12.01262092590332,12.01262092590332,0.16858753561973572,0.16805292665958405,-8.290440559387207,-8.508199691772461,-0.15944376587867737,-0.15944376587867737,0.0,0.0,nan,nan,45.04187774658203,45.04187774658203,90.08375549316406,0.0,9.872970581054688,2.7123494148254395,0.0,0.0,0.0,2.7123494148254395,0.0,9.872970581054688,0.0,0.0,0.0,0.08493616431951523,1.2425365447998047,10.162739753723145,0.0,0.0,0.0,0.0,9.872970581054688,2.7123494148254395,0.0,0.0,0.0,2.7123494148254395,0.0,9.872970581054688,-0.0,-0.0,-0.0,0.08493637293577194,-1.2425388097763062,10.162738800048828,0.0,0.0,0.0,4.470348358154297e-08,0.0,0.6000000238418579,-1.4901161193847656e-08,0.05600005388259888,0.5999999642372131,-8.940696716308594e-08,-0.055999964475631714,0.6000000238418579,0.16987253725528717,-2.2649765014648438e-06,20.325477600097656,0.0,0.0,0.0,1.0132789611816406e-06,1.963613385669305e-06,9.685754776000977e-08,21.284902572631836,21.284902572631836,46.54609298706055,46.54609298706055,0.3599705994129181,0.3599705994129181,0.45232340693473816,0.45232340693473816,0.18770600855350494,0.18770600855350494,0.0,0.0,7.895265579223633,7.895265579223633,1.977705478668213,1.977705478668213,2.8071603775024414,2.8071603775024414,0.0,0.0,-0.09481063485145569,-0.09481063485145569,2.7123494148254395,2.7123494148254395,0.6875313520431519,0.6875313520431519,0.09953662008047104,0.09953662008047104,0.4345467686653137,0.4345467686653137,85.24230194091797,85.24230194091797,42.70792007446289,42.70792007446289,57.8714714050293,57.8714714050293,5.864545822143555,5.864545822143555,0.0,0.0,180.0
387,1.6125,0.1616776914569724,-12.505870308742258,-102.12447073034892,0.1616776914569724,-12.505870308742258,-102.12447073034892,5.0,-5.0,0.0,0.0,15.0,0,0.5,0.0,0.0,4.0,4.0,4.0,12.505867004394531,12.505868911743164,12.50586986541748,12.50586986541748,0.11721450090408325,0.11658472567796707,-8.04092025756836,-8.2915620803833,-0.1659906804561615,-0.1659906804561615,0.0,0.0,nan,nan,48.5326042175293,48.5326042175293,97.0652084350586,0.0,10.214041709899902,3.041612148284912,0.0,0.0,0.0,3.041612148284912,0.0,10.214041709899902,0.0,0.0,0.0,0.30183112621307373,0.765953540802002,10.62545394897461,0.0,0.0,0.0,0.0,10.214041709899902,3.041612148284912,0.0,0.0,0.0,3.041612148284912,0.0,10.214041709899902,-0.0,-0.0,-0.0,0.30183032155036926,-0.7659557461738586,10.625452995300293,0.0,0.0,0.0,4.470348358154297e-08,0.0,0.6000000238418579,-1.341104507446289e-07,0.05600002408027649,0.5999999642372131,-1.4901161193847656e-08,-0.05599990487098694,0.5999999642372131,0.6036614179611206,-2.205371856689453e-06,21.25090789794922,0.0,0.0,0.0,1.3113021850585938e-06,2.497324658179423e-06,-1.73225998878479e-07,21.85128402709961,21.851276397705078,47.39370346069336,47.39369201660156,0.34582775831222534,0.34582775831222534,0.4401395618915558,0.4401395618915558,0.21403278410434723,0.21403278410434723,0.0,0.0,8.529619216918945,8.529619216918945,1.684422254562378,1.684422254562378,3.1382670402526855,3.1382670402526855,0.0,0.0,-0.09665454924106598,-0.09665454924106598,3.041612148284912,3.041612148284912,0.6875313520431519,0.6875313520431519,0.12249677628278732,0.12249677628278732,0.43991780281066895,0.43991780281066895,88.6827163696289,88.6827163696289,44.78164291381836,44.78164291381836,59.9058952331543,59.9058952331543,5.489435195922852,5.489435195922852,0.0,0.0,180.0
388,1.6166666666666667,0.10877939663585127,-12.862103174726666,-68.71101515424273,0.10877939663585127,-12.862103174726666,-68.71101515424273,5.0,-5.0,0.0,0.0,15.0,0,0.5,0.0,0.0,4.0,4.0,4.0,12.862104415893555,12.862102508544922,12.862103462219238,12.862103462219238,0.06454700976610184,0.0638289675116539,-7.70494270324707,-7.985764503479004,-0.1707189679145813,-0.1707189679145813,0.0,0.0,nan,nan,51.111480712890625,51.111480712890625,102.22296142578125,0.0,10.461870193481445,3.3284010887145996,0.0,0.0,0.0,3.3284010887145996,0.0,10.461870193481445,0.0,0.0,0.0,0.5079259276390076,0.23183894157409668,10.964363098144531,0.0,0.0,0.0,0.0,10.461870193481445,3.3284010887145996,0.0,0.0,0.0,3.3284010887145996,0.0,10.461870193481445,-0.0,-0.0,-0.0,0.507925808429718,-0.2318411022424698,10.964363098144531,0.0,0.0,0.0,4.470348358154297e-08,0.0,0.6000000238418579,-8.940696716308594e-08,0.05600005388259888,0.5999999642372131,1.4901161193847656e-08,-0.055999964475631714,0.6000000238418579,1.0158517360687256,-2.16066837310791e-06,21.928726196289062,0.0,0.0,0.0,9.5367431640625e-07,1.7669244698481634e-06,-7.636845111846924e-08,22.26312828063965,22.26312828063965,47.965152740478516,47.96514892578125,0.33168351650238037,0.33168351650238037,0.4408826231956482,0.4408826231956482,0.2274339199066162,0.2274339199066162,0.0,0.0,9.085651397705078,9.085651397705078,1.3762192726135254,1.3762192726135254,3.4264395236968994,3.4264395236968994,0.0,0.0,-0.09803842753171921,-0.09803842753171921,3.3284010887145996,3.3284010887145996,0.6875313520431519,0.6875313520431519,0.14293727278709412,0.14293727278709412,0.4421597719192505,0.4421597719192505,91.17183685302734,91.17183685302734,46.30663299560547,46.30663299560547,61.39023208618164,61.39023208618164,5.218523979187012,5.218523979187012,0.0,0.0,180.0
389,1.6208333333333333,0.054689291981635586,-13.07741614676064,-34.54474731740233,0.054689291981635586,-13.07741614676064,-34.54474731740233,5.0,-5.0,0.0,0.0,15.0,0,0.5,0.0,0.0,4.0,4.0,4.0,13.077413558959961,13.077415466308594,13.077417373657227,13.07741641998291,0.011168430559337139,0.010370032861828804,-7.285177230834961,-7.593106746673584,-0.17357681691646576,-0.17357681691646576,0.0,0.0,nan,nan,52.64690017700195,52.64690017700195,105.2938003540039,0.0,10.604192733764648,3.558640956878662,0.0,0.0,0.0,3.558640956878662,0.0,10.604192733764648,0.0,0.0,0.0,0.694218635559082,-0.33851179480552673,11.158686637878418,0.0,0.0,0.0,0.0,10.604192733764648,3.558640956878662,0.0,0.0,0.0,3.558640956878662,0.0,10.604192733764648,-0.0,-0.0,-0.0,0.6942183375358582,0.33850958943367004,11.158686637878418,0.0,0.0,0.0,4.470348358154297e-08,0.0,0.6000000238418579,-1.2665987014770508e-07,0.05600002408027649,0.5999999642372131,-1.4901161193847656e-08,-0.055999964475631714,0.6000000238418579,1.388437032699585,-2.205371856689453e-06,22.317373275756836,0.0,0.0,0.0,6.556510925292969e-07,2.5359208848385606e-06,-1.862645149230957e-08,22.551340103149414,22.551340103149414,48.30184555053711,48.301841735839844,0.33168351650238037,0.33168351650238037,0.42734771966934204,0.42734771966934204,0.24096885323524475,0.24096885323524475,0.0,0.0,9.548687934875488,9.548687934875488,1.055504560470581,1.055504560470581,3.6575374603271484,3.6575374603271484,0.0,0.0,-0.09889648109674454,-0.09889648109674454,3.558640956878662,3.558640956878662,0.6875313520431519,0.6875313520431519,0.16067491471767426,0.16067491471767426,0.44128894805908203,0.44128894805908203,92.68999481201172,92.68999481201172,47.27080535888672,47.27080535888672,62.31283950805664,62.31283950805664,5.054781436920166,5.054781436920166,0.0,0.0,180.0
390,1.625,-1.0258240298403583e-15,-13.149450210865439,6.479665510179597e-13,-1.0258240298403583e-15,-13.149450210865439,6.479665510179597e-13,5.0,-5.0,0.0,0.0,15.0,0,0.5,0.0,0.0,4.0,4.0,4.0,13.14945125579834,13.14944839477539,13.149450302124023,13.149450302124023,-0.04204782843589783,-0.042920004576444626,-6.7399582862854,-7.070716857910156,-0.1745329201221466,-0.1745329201221466,0.0,0.0,nan,nan,51.63037872314453,51.63037872314453,103.26075744628906,0.0,10.212841033935547,3.891202926635742,0.0,0.0,0.0,3.891202926635742,0.0,10.212841033935547,0.0,0.0,0.0,1.1252487897872925,-0.8835021257400513,10.834980964660645,0.0,0.0,0.0,0.0,10.212841033935547,3.891202926635742,0.0,0.0,0.0,3.891202926635742,0.0,10.212841033935547,-0.0,-0.0,-0.0,1.125248670578003,0.8834998607635498,10.834980964660645,0.0,0.0,0.0,4.470348358154297e-08,0.0,0.6000000238418579,0.0,0.05600005388259888,0.6000000238418579,-5.960464477539063e-08,-0.055999934673309326,0.6000000238418579,2.250497341156006,-2.2649765014648438e-06,21.66996192932129,0.0,0.0,0.0,1.2516975402832031e-06,1.614537950445083e-06,-1.9371509552001953e-07,22.721416473388672,22.721416473388672,48.42781066894531,48.42781066894531,0.33168351650238037,0.33168351650238037,0.42734771966934204,0.42734771966934204,0.24096885323524475,0.24096885323524475,0.0,0.0,10.212841033935547,10.212841033935547,-8.557013130299114e-15,-8.557013130299114e-15,3.9903903007507324,3.9903903007507324,0.0,0.0,-0.0991872251033783,-0.0991872251033783,3.891202926635742,3.891202926635742,0.6875313520431519,0.6875313520431519,0.1884465217590332,0.1884465217590332,0.4502459168434143,0.4502459168434143,93.22547149658203,93.22547149658203,47.670352935791016,47.670352935791016,62.670352935791016,62.670352935791016,5.000000953674316,5.000000953674316,0.0,0.0,180.0
391,1.6291666666666667,-0.05468929198163392,-13.077416146760644,34.54474731740128,-0.05468929198163392,-13.077416146760644,34.54474731740128,5.0,-5.0,0.0,0.0,15.0,0,0.5,0.0,0.0,4.0,4.0,4.0,13.077411651611328,13.077411651611328,13.07741641998291,13.07741641998291,-0.09536141157150269,-0.09629354625940323,-6.2103447914123535,-6.562084197998047,-0.17357681691646576,-0.17357681691646576,0.0,0.0,nan,nan,52.291194915771484,52.291194915771484,104.58238983154297,0.0,10.537731170654297,3.8076071739196777,0.0,0.0,0.0,3.8076071739196777,0.0,10.537731170654297,0.0,0.0,0.0,0.9776893258094788,-1.4840997457504272,11.062695503234863,0.0,0.0,0.0,0.0,10.537731170654297,3.8076071739196777,0.0,0.0,0.0,3.8076071739196777,0.0,10.537731170654297,-0.0,-0.0,-0.0,0.9776883125305176,1.4840975999832153,11.062695503234863,0.0,0.0,0.0,4.470348358154297e-08,0.0,0.6000000238418579,-1.341104507446289e-07,0.05600005388259888,0.5999999642372131,-8.940696716308594e-08,-0.055999934673309326,0.6000000238418579,1.9553775787353516,-2.1457672119140625e-06,22.125391006469727,0.0,0.0,0.0,1.2516975402832031e-06,3.4035124372167047e-06,-1.043081283569336e-07,22.75739288330078,22.75739288330078,48.35152053833008,48.35151672363281,0.33168351650238037,0.33168351650238037,0.42734771966934204,0.42734771966934204,0.24096885323524475,0.24096885323524475,0.0,0.0,10.152026176452637,10.152026176452637,0.3857057988643646,0.3857057988643646,3.906503677368164,3.906503677368164,0.0,0.0,-0.09889648109674454,-0.09889648109674454,3.8076071739196777,3.8076071739196777,0.6875313520431519,0.6875313520431519,0.1874222308397293,0.1874222308397293,0.43040701746940613,0.43040701746940613,92.77405548095703,92.77405548095703,47.491207122802734,47.491207122802734,62.44917297363281,62.44917297363281,5.054781436920166,5.054781436920166,0.0,0.0,180.0
392,1.6333333333333333,-0.10877939663584965,-12.862103174726675,68.71101515424171,-0.10877939663584965,-12.862103174726675,68.71101515424171,5.0,-5.0,0.0,0.0,15.0,0,0.5,0.0,0.0,4.0,4.0,4.0,12.862103462219238,12.862100601196289,12.862103462219238,12.862103462219238,-0.1473393440246582,-0.14832346141338348,-5.5660576820373535,-5.934005260467529,-0.1707189679145813,-0.1707189679145813,0.0,0.0,nan,nan,50.382816314697266,50.382816314697266,100.76563262939453,0.0,10.320570945739746,3.81473970413208,0.0,0.0,0.0,3.81473970413208,0.0,10.320570945739746,0.0,0.0,0.0,1.0644288063049316,-2.0037968158721924,10.766531944274902,0.0,0.0,0.0,0.0,10.320570945739746,3.81473970413208,0.0,0.0,0.0,3.81473970413208,0.0,10.320570945739746,-0.0,-0.0,-0.0,1.0644290447235107,2.0037944316864014,10.766532897949219,0.0,0.0,0.0,4.470348358154297e-08,0.0,0.6000000238418579,0.0,0.05600005388259888,0.6000000238418579,-7.450580596923828e-08,-0.05599990487098694,0.5999999642372131,2.1288578510284424,-2.384185791015625e-06,21.533065795898438,0.0,0.0,0.0,1.6689300537109375e-06,1.7013273918564664e-06,-2.942979335784912e-07,22.6500244140625,22.6500244140625,48.06657791137695,48.06657791137695,0.33168351650238037,0.33168351650238037,0.4408826231956482,0.4408826231956482,0.2274339199066162,0.2274339199066162,0.0,0.0,10.279309272766113,10.279309272766113,0.04126247018575668,0.04126247018575668,3.91277813911438,3.91277813911438,0.0,0.0,-0.09803842753171921,-0.09803842753171921,3.81473970413208,3.81473970413208,0.6875313520431519,0.6875313520431519,0.19617444276809692,0.19617444276809692,0.42055070400238037,0.42055070400238037,91.33904266357422,91.33904266357422,46.745609283447266,46.745609283447266,61.66200637817383,61.66200637817383,5.218523979187012,5.218523979187012,0.0,0.0,180.0
393,1.6375,-0.16167769145697083,-12.50587030874227,102.12447073034794,-0.16167769145697083,-12.50587030874227,102.12447073034794,5.0,-5.0,0.0,0.0,15.0,0,0.5,0.0,0.0,4.0,4.0,4.0,12.50586986541748,12.505867004394531,12.50586986541748,12.50586986541748,-0.19769495725631714,-0.1987203061580658,-4.859506130218506,-5.239599227905273,-0.1659906804561615,-0.1659906804561615,0.0,0.0,nan,nan,47.40152359008789,47.40152359008789,94.80304718017578,0.0,9.981866836547852,3.742885112762451,0.0,0.0,0.0,3.742885112762451,0.0,9.981866836547852,0.0,0.0,0.0,1.111084222793579,-2.453061580657959,10.314786911010742,0.0,0.0,0.0,0.0,9.981866836547852,3.742885112762451,0.0,0.0,0.0,3.742885112762451,0.0,9.981866836547852,-0.0,-0.0,-0.0,1.1110844612121582,2.4530587196350098,10.314787864685059,0.0,0.0,0.0,4.470348358154297e-08,0.0,0.6000000238418579,-1.4901161193847656e-08,0.05600005388259888,0.6000000238418579,-4.470348358154297e-08,-0.05599990487098694,0.5999999642372131,2.2221686840057373,-2.86102294921875e-06,20.629573822021484,0.0,0.0,0.0,1.6093254089355469e-06,1.4707973150507314e-06,-2.2351741790771484e-07,22.38785743713379,22.387853622436523,47.55125045776367,47.55125427246094,0.33168351650238037,0.33168351650238037,0.45428380370140076,0.45428380370140076,0.21403278410434723,0.21403278410434723,0.0,0.0,10.288066864013672,10.288066864013672,-0.3061996400356293,-0.3061996400356293,3.8395395278930664,3.8395395278930664,0.0,0.0,-0.09665454924106598,-0.09665454924106598,3.742885112762451,3.742885112762451,0.6875313520431519,0.6875313520431519,0.20170819759368896,0.20170819759368896,0.4078860282897949,0.4078860282897949,88.93122863769531,88.93122863769531,45.435482025146484,45.435482025146484,60.31122589111328,60.31122589111328,5.489435195922852,5.489435195922852,0.0,0.0,180.0
394,1.6416666666666666,-0.21280461165725734,-12.012620510633676,134.419029234213,-0.21280461165725734,-12.012620510633676,134.419029234213,5.0,-5.0,0.0,0.0,15.0,0,0.5,0.0,0.0,4.0,4.0,4.0,12.012622833251953,12.012619018554688,12.012621879577637,12.012621879577637,-0.24587805569171906,-0.2469334602355957,-4.098662853240967,-4.486714839935303,-0.15944376587867737,-0.15944376587867737,0.0,0.0,nan,nan,43.476402282714844,43.476402282714844,86.95280456542969,0.0,9.527621269226074,3.5967259407043457,0.0,0.0,0.0,3.5967259407043457,0.0,9.527621269226074,0.0,0.0,0.0,1.1179596185684204,-2.810337781906128,9.724411010742188,0.0,0.0,0.0,0.0,9.527621269226074,3.5967259407043457,0.0,0.0,0.0,3.5967259407043457,0.0,9.527621269226074,-0.0,-0.0,-0.0,1.1179596185684204,2.810335159301758,9.724411964416504,0.0,0.0,0.0,4.470348358154297e-08,0.0,0.6000000238418579,1.4901161193847656e-08,0.056000083684921265,0.6000000238418579,-1.4901161193847656e-08,-0.055999964475631714,0.6000000238418579,2.235919237136841,-2.6226043701171875e-06,19.448822021484375,0.0,0.0,0.0,1.0728836059570312e-06,8.69430152761197e-07,-2.1606683731079102e-07,21.956323623657227,21.95631980895996,46.766902923583984,46.766902923583984,0.34582775831222534,0.34582775831222534,0.45338863134384155,0.45338863134384155,0.20078371465206146,0.20078371465206146,0.0,0.0,10.181463241577148,10.181463241577148,-0.6538419723510742,-0.6538419723510742,3.6915364265441895,3.6915364265441895,0.0,0.0,-0.09481063485145569,-0.09481063485145569,3.5967259407043457,3.5967259407043457,0.6875313520431519,0.6875313520431519,0.20394764840602875,0.20394764840602875,0.3925364315509796,0.3925364315509796,85.56938934326172,85.56938934326172,43.570987701416016,43.570987701416016,58.407440185546875,58.407440185546875,5.864545822143555,5.864545822143555,0.0,0.0,180.0
395,1.6458333333333333,-0.261599999999999,-11.387757928408128,165.24086472479783,-0.261599999999999,-11.387757928408128,165.24086472479783,5.0,-5.0,0.0,0.0,15.0,0,0.5,0.0,0.0,4.0,4.0,4.0,11.387757301330566,11.387755393981934,11.387758255004883,11.387758255004883,-0.2913639545440674,-0.2924378514289856,-3.2923929691314697,-3.684140920639038,-0.1511499434709549,-0.1511499434709549,0.0,0.0,nan,nan,38.78638458251953,38.78638458251953,77.57276916503906,0.0,8.967832565307617,3.3847107887268066,0.0,0.0,0.0,3.3847107887268066,0.0,8.967832565307617,0.0,0.0,0.0,1.0876402854919434,-3.060027599334717,9.018401145935059,0.0,0.0,0.0,0.0,8.967832565307617,3.3847107887268066,0.0,0.0,0.0,3.3847107887268066,0.0,8.967832565307617,-0.0,-0.0,-0.0,1.0876400470733643,3.060025453567505,9.018402099609375,0.0,0.0,0.0,4.470348358154297e-08,0.0,0.6000000238418579,-5.960464477539063e-08,0.05600005388259888,0.6000000238418579,-1.043081283569336e-07,-0.05599990487098694,0.5999999642372131,2.1752803325653076,-2.1457672119140625e-06,18.03680419921875,0.0,0.0,0.0,1.430511474609375e-06,2.2197107227839297e-06,-3.0919909477233887e-07,21.33799934387207,21.337997436523438,45.65513610839844,45.65513610839844,0.3599705994129181,0.3599705994129181,0.46520882844924927,0.46520882844924927,0.17482061684131622,0.17482061684131622,0.0,0.0,9.966314315795898,9.966314315795898,-0.998481035232544,-0.998481035232544,3.4773027896881104,3.4773027896881104,0.0,0.0,-0.09259215742349625,-0.09259215742349625,3.3847107887268066,3.3847107887268066,0.6875313520431519,0.6875313520431519,0.20284099876880646,0.20284099876880646,0.3746427595615387,0.3746427595615387,81.2807846069336,81.2807846069336,41.16713333129883,41.16713333129883,55.966087341308594,55.966087341308594,6.339746475219727,6.339746475219727,0.0,0.0,180.0
396,1.65,-0.3075292439994212,-10.638128687277387,194.25228672258373,-0.3075292439994212,-10.638128687277387,194.25228672258373,5.0,-5.0,0.0,0.0,15.0,0,0.5,0.0,0.0,4.0,4.0,4.0,10.6381254196167,10.638129234313965,10.638128280639648,10.638129234313965,-0.3336593806743622,-0.3347400426864624,-2.4503250122070312,-2.841481924057007,-0.14120009541511536,-0.14120009541511536,0.0,0.0,nan,nan,33.55207061767578,33.55207061767578,67.10414123535156,0.0,8.316140174865723,3.1183838844299316,0.0,0.0,0.0,3.1183838844299316,0.0,8.316140174865723,0.0,0.0,0.0,1.0247893333435059,-3.1935651302337646,8.223956108093262,0.0,0.0,0.0,0.0,8.316140174865723,3.1183838844299316,0.0,0.0,0.0,3.1183838844299316,0.0,8.316140174865723,-0.0,-0.0,-0.0,1.024788498878479,3.1935641765594482,8.223957061767578,0.0,0.0,0.0,4.470348358154297e-08,0.0,0.6000000238418579,-4.470348358154297e-08,0.0559999942779541,0.6000000238418579,-2.9802322387695312e-08,-0.055999934673309326,0.5999999642372131,2.0495777130126953,-9.5367431640625e-07,16.447914123535156,0.0,0.0,0.0,6.258487701416016e-07,1.2869293186668074e-06,-5.960464477539063e-08,20.513864517211914,20.513864517211914,44.13380813598633,44.13380813598633,0.37411409616470337,0.37411409616470337,0.48833751678466797,0.48833751678466797,0.13754841685295105,0.13754841685295105,0.0,0.0,9.652700424194336,9.652700424194336,-1.3365604877471924,-1.3365604877471924,3.208482265472412,3.208482265472412,0.0,0.0,-0.09009853005409241,-0.09009853005409241,3.1183838844299316,3.1183838844299316,0.6875313520431519,0.6875313520431519,0.19836385548114777,0.19836385548114777,0.35436469316482544,0.35436469316482544,76.1016845703125,76.1016845703125,38.24410629272461,38.24410629272461,53.00776290893555,53.00776290893555,6.9098310470581055,6.9098310470581055,0.0,0.0,180.0
397,1.6541666666666666,-0.35008913324695423,-9.77194588207729,221.13544001713265,-0.35008913324695423,-9.77194588207729,221.13544001713265,5.0,-5.0,0.0,0.0,15.0,0,0.5,0.0,0.0,4.0,4.0,4.0,9.771944046020508,9.771944046020508,9.77194595336914,9.77194595336914,-0.3723071813583374,-0.37338271737098694,-1.5826985836029053,-1.969012975692749,-0.12970323860645294,-0.12970323860645294,0.0,0.0,nan,nan,28.023643493652344,28.023643493652344,56.04728698730469,0.0,7.589224338531494,2.811491012573242,0.0,0.0,0.0,2.811491012573242,0.0,7.589224338531494,0.0,0.0,0.0,0.935802698135376,-3.2099151611328125,7.370314598083496,0.0,0.0,0.0,0.0,7.589224338531494,2.811491012573242,0.0,0.0,0.0,2.811491012573242,0.0,7.589224338531494,-0.0,-0.0,-0.0,0.9358021020889282,3.2099132537841797,7.370315074920654,0.0,0.0,0.0,4.470348358154297e-08,0.0,0.6000000238418579,-2.9802322387695312e-08,0.05600002408027649,0.6000000238418579,-5.960464477539063e-08,-0.05599990487098694,0.5999999642372131,1.8716048002243042,-1.9073486328125e-06,14.740629196166992,0.0,0.0,0.0,1.043081283569336e-06,1.2621368341569905e-06,-2.421438694000244e-07,19.466066360473633,19.466066360473633,42.091888427734375,42.09187698364258,0.4024088680744171,0.4024088680744171,0.5055375695228577,0.5055375695228577,0.0920536071062088,0.0920536071062088,0.0,0.0,9.253393173217773,9.253393173217773,-1.6641682386398315,-1.6641682386398315,2.898927688598633,2.898927688598633,0.0,0.0,-0.0874367505311966,-0.0874367505311966,2.811491012573242,2.811491012573242,0.6875313520431519,0.6875313520431519,0.1905231773853302,0.1905231773853302,0.3318822383880615,0.3318822383880615,70.07818603515625,70.07818603515625,34.82772445678711,34.82772445678711,49.55867004394531,49.55867004394531,7.568552494049072,7.568552494049072,0.0,0.0,180.0
398,1.6583333333333332,-0.38881337268977,-8.79869959288208,245.59578715528644,-0.38881337268977,-8.79869959288208,245.59578715528644,5.0,-5.0,0.0,0.0,15.0,0,0.5,0.0,0.0,4.0,4.0,4.0,8.798697471618652,8.798699378967285,8.798699378967285,8.798699378967285,-0.4068913161754608,-0.4079497456550598,-0.7001919746398926,-1.0774734020233154,-0.11678532510995865,-0.11678532510995865,0.0,0.0,nan,nan,22.46521759033203,22.46521759033203,44.93043518066406,0.0,6.806042671203613,2.478945255279541,0.0,0.0,0.0,2.478945255279541,0.0,6.806042671203613,0.0,0.0,0.0,0.828307569026947,-3.1152701377868652,6.486631393432617,0.0,0.0,0.0,0.0,6.806042671203613,2.478945255279541,0.0,0.0,0.0,2.478945255279541,0.0,6.806042671203613,-0.0,-0.0,-0.0,0.8283069133758545,3.1152687072753906,6.486631870269775,0.0,0.0,0.0,4.470348358154297e-08,0.0,0.6000000238418579,-1.1920928955078125e-07,0.05600005388259888,0.6000000238418579,7.450580596923828e-08,-0.055999964475631714,0.6000000238418579,1.6566145420074463,-1.430511474609375e-06,12.973262786865234,0.0,0.0,0.0,5.662441253662109e-07,8.699250315657991e-07,4.917383193969727e-07,18.1834716796875,18.1834716796875,39.3846321105957,39.38462829589844,0.43071863055229187,0.43071863055229187,0.5245851278305054,0.5245851278305054,0.04469626769423485,0.04469626769423485,0.0,0.0,8.783141136169434,8.783141136169434,-1.9770989418029785,-1.9770989418029785,2.563660144805908,2.563660144805908,0.0,0.0,-0.08471508324146271,-0.08471508324146271,2.478945255279541,2.478945255279541,0.6875313520431519,0.6875313520431519,0.17936104536056519,0.17936104536056519,0.3073979318141937,0.3073979318141937,63.26660919189453,63.26660919189453,30.94968032836914,30.94968032836914,45.6508674621582,45.6508674621582,8.308694839477539,8.308694839477539,0.0,0.0,180.0
399,1.6624999999999999,-0.42327769145697036,-7.729052909700931,267.36533545514607,-0.42327769145697036,-7.729052909700931,267.36533545514607,5.0,-5.0,0.0,0.0,15.0,0,0.5,0.0,0.0,4.0,4.0,4.0,7.7290520668029785,7.729051113128662,7.729052543640137,7.729052543640137,-0.4370405077934265,-0.4380701780319214,0.18627363443374634,-0.17791825532913208,-0.10258787870407104,-0.10258787870407104,0.0,0.0,nan,nan,17.13665008544922,17.13665008544922,34.27330017089844,0.0,5.98688268661499,2.135742664337158,0.0,0.0,0.0,2.135742664337158,0.0,5.98688268661499,0.0,0.0,0.0,0.7105571031570435,-2.922109603881836,5.600049018859863,0.0,0.0,0.0,0.0,5.98688268661499,2.135742664337158,0.0,0.0,0.0,2.135742664337158,0.0,5.98688268661499,-0.0,-0.0,-0.0,0.7105568051338196,2.9221088886260986,5.600049018859863,0.0,0.0,0.0,4.470348358154297e-08,0.0,0.6000000238418579,-8.940696716308594e-08,0.05600005388259888,0.5999999642372131,-5.960464477539063e-08,-0.055999934673309326,0.6000000238418579,1.4211139678955078,-7.152557373046875e-07,11.200098037719727,0.0,0.0,0.0,4.76837158203125e-07,1.2928032901982078e-06,-1.862645149230957e-08,16.672590255737305,16.672588348388672,35.83316421508789,35.83316421508789,0.4873591661453247,0.4873591661453247,0.5105845332145691,0.5105845332145691,0.002056337660178542,0.002056337660178542,0.0,0.0,8.257841110229492,8.257841110229492,-2.270958185195923,-2.270958185195923,2.217780351638794,2.217780351638794,0.0,0.0,-0.08203749358654022,-0.08203749358654022,2.135742664337158,2.135742664337158,0.6875313520431519,0.6875313520431519,0.16495880484580994,0.16495880484580994,0.28113895654678345,0.28113895654678345,55.73393630981445,55.73393630981445,26.647829055786133,26.647829055786133,41.32252883911133,41.32252883911133,9.122148513793945,9.122148513793945,0.0,0.0,180.0
400,1.6666666666666667,-0.4531044912600185,-6.574725105432711,286.2055731899669,-0.4531044912600185,-6.574725105432711,286.2055731899669,5.0,-5.0,0.0,0.0,15.0,0,0.5,0.0,0.0,4.0,4.0,4.0,6.574723243713379,6.574724197387695,6.574725151062012,6.574725151062012,-0.4624323546886444,-0.46342161297798157,1.0657483339309692,0.7185443639755249,-0.0872664600610733,-0.0872664600610733,0.0,0.0,nan,nan,12.274343490600586,12.274343490600586,24.548686981201172,0.0,5.152291297912598,1.7959200143814087,0.0,0.0,0.0,1.7959200143814087,0.0,5.152291297912598,0.0,0.0,0.0,0.5907725691795349,-2.6477489471435547,4.7341156005859375,0.0,0.0,0.0,0.0,5.152291297912598,1.7959200143814087,0.0,0.0,0.0,1.7959200143814087,0.0,5.152291297912598,-0.0,-0.0,-0.0,0.590772271156311,2.6477479934692383,4.734116077423096,0.0,0.0,0.0,4.470348358154297e-08,0.0,0.6000000238418579,-5.960464477539063e-08,0.05600002408027649,0.5999999642372131,1.4901161193847656e-08,-0.055999964475631714,0.6000000238418579,1.1815447807312012,-9.5367431640625e-07,9.468231201171875,0.0,0.0,0.0,8.940696716308594e-08,5.996815843900549e-07,1.4528632164001465e-07,14.979104042053223,14.979104995727539,31.23953628540039,31.239530563354492,0.557930588722229,0.557930588722229,0.4420694410800934,0.4420694410800934,0.0,0.0,0.0,0.0,7.693597793579102,7.693597793579102,-2.541306257247925,-2.541306257247925,1.8754189014434814,1.8754189014434814,0.0,0.0,-0.07949888706207275,-0.07949888706207275,1.7959200143814087,1.7959200143814087,0.6875313520431519,0.6875313520431519,0.1474398374557495,0.1474398374557495,0.25335875153541565,0.25335875153541565,47.5577392578125,47.5577392578125,21.96617317199707,21.96617317199707,36.617950439453125,36.617950439453125,10.000000953674316,10.000000953674316,0.0,0.0,180.0
401,1.6708333333333334,-0.47796698343860905,-5.348363237059766,301.9100827725504,-0.47796698343860905,-5.348363237059766,301.9100827725504,5.0,-5.0,0.0,0.0,15.0,0,0.5,0.0,0.0,4.0,4.0,4.0,5.348362922668457,5.348362922668457,5.348363399505615,5.348363399505615,-0.48279547691345215,-0.48373329639434814,1.9274815320968628,1.6009414196014404,-0.07098893821239471,-0.07098893821239471,0.0,0.0,nan,nan,8.073507308959961,8.073507308959961,16.147014617919922,0.0,4.321923732757568,1.4716615676879883,0.0,0.0,0.0,1.4716615676879883,0.0,4.321923732757568,0.0,0.0,0.0,0.4765144884586334,-2.312507152557373,3.9076919555664062,0.0,0.0,0.0,0.0,4.321923732757568,1.4716615676879883,0.0,0.0,0.0,1.4716615676879883,0.0,4.321923732757568,-0.0,-0.0,-0.0,0.4765143394470215,2.312506675720215,3.9076924324035645,0.0,0.0,0.0,4.470348358154297e-08,0.0,0.6000000238418579,-5.960464477539063e-08,0.05600003898143768,0.6000000238418579,-5.960464477539063e-08,-0.055999934673309326,0.6000000238418579,0.9530287981033325,-4.76837158203125e-07,7.815384387969971,0.0,0.0,0.0,3.725290298461914e-07,8.15208125004574e-07,-5.774199962615967e-08,13.231226921081543,13.231224060058594,25.44611167907715,25.44611167907715,0.6680206060409546,0.6680206060409546,0.3319794535636902,0.3319794535636902,0.0,0.0,0.0,0.0,7.105746269226074,7.105746269226074,-2.783823013305664,-2.783823013305664,1.5488433837890625,1.5488433837890625,0.0,0.0,-0.07718174159526825,-0.07718174159526825,1.4716615676879883,1.4716615676879883,0.6875313520431519,0.6875313520431519,0.1269717812538147,0.1269717812538147,0.22433730959892273,0.22433730959892273,38.82585906982422,38.82585906982422,16.954694747924805,16.954694747924805,31.587364196777344,31.587364196777344,10.932634353637695,10.932634353637695,0.0,0.0,180.0
402,1.675,-0.4975927693256247,-4.063403581844633,314.3068023095313,-0.4975927693256247,-4.063403581844633,314.3068023095313,5.0,-5.0,0.0,0.0,15.0,0,0.5,0.0,0.0,4.0,4.0,4.0,4.06340217590332,4.063403606414795,4.063403606414795,4.063403606414795,-0.49791255593299866,-0.4987882673740387,2.761117696762085,2.4586830139160156,-0.05393363907933235,-0.05393363907933235,0.0,0.0,nan,nan,4.674442291259766,4.674442291259766,9.348884582519531,0.0,3.513381242752075,1.1726548671722412,0.0,0.0,0.0,1.1726548671722412,0.0,3.513381242752075,0.0,0.0,0.0,0.37418287992477417,-1.937772274017334,3.1343250274658203,0.0,0.0,0.0,0.0,3.513381242752075,1.1726548671722412,0.0,0.0,0.0,1.1726548671722412,0.0,3.513381242752075,-0.0,-0.0,-0.0,0.37418264150619507,1.9377715587615967,3.1343255043029785,0.0,0.0,0.0,4.470348358154297e-08,0.0,0.6000000238418579,-1.4901161193847656e-07,0.05600002408027649,0.6000000238418579,-1.4901161193847656e-08,-0.055999964475631714,0.5999999642372131,0.7483655214309692,-7.152557373046875e-07,6.268650531768799,0.0,0.0,0.0,2.8312206268310547e-07,7.716834033999476e-07,2.253800630569458e-07,11.729952812194824,11.729949951171875,18.518930435180664,18.518930435180664,0.8289155960083008,0.8289155960083008,0.1710844784975052,0.1710844784975052,0.0,0.0,0.0,0.0,6.507871627807617,6.507871627807617,-2.994490623474121,-2.994490623474121,1.2478089332580566,1.2478089332580566,0.0,0.0,-0.07515415549278259,-0.07515415549278259,1.1726548671722412,1.1726548671722412,0.6875313520431519,0.6875313520431519,0.10376715660095215,0.10376715660095215,0.19438087940216064,0.19438087940216064,29.635650634765625,29.635650634765625,11.668993949890137,11.668993949890137,26.28658103942871,26.28658103942871,11.909831047058105,11.909831047058105,0.0,0.0,180.0
403,1.6791666666666667,-0.5117668247039273,-2.7339244266649434,323.2599107474821,-0.5117668247039273,-2.7339244266649434,323.2599107474821,5.0,-5.0,0.0,0.0,15.0,0,0.5,0.0,0.0,4.0,4.0,4.0,2.733924150466919,2.73392391204834,2.733924388885498,2.733924388885498,-0.507621705532074,-0.5084254741668701,3.556931734085083,3.281764030456543,-0.03628743439912796,-0.03628743439912796,0.0,0.0,nan,nan,2.155184268951416,2.155184268951416,4.310368537902832,0.0,2.741119384765625,0.9057631492614746,0.0,0.0,0.0,0.9057631492614746,0.0,2.741119384765625,0.0,0.0,0.0,0.2887166738510132,-1.5440940856933594,2.422098159790039,0.0,0.0,0.0,0.0,2.741119384765625,0.9057631492614746,0.0,0.0,0.0,0.9057631492614746,0.0,2.741119384765625,-0.0,-0.0,-0.0,0.28871649503707886,1.544093370437622,2.422098398208618,0.0,0.0,0.0,4.470348358154297e-08,0.0,0.6000000238418579,-4.470348358154297e-08,0.05600003898143768,0.6000000238418579,-4.470348358154297e-08,-0.055999964475631714,0.6000000238418579,0.577433168888092,-7.152557373046875e-07,4.844196319580078,0.0,0.0,0.0,1.7881393432617188e-07,4.3310492969794723e-07,-3.166496753692627e-08,11.121833801269531,11.121831893920898,16.643383026123047,16.643383026123047,0.8820533156394958,0.8820533156394958,0.11794667690992355,0.11794667690992355,0.0,0.0,0.0,0.0,5.910890579223633,5.910890579223633,-3.169771671295166,-3.169771671295166,0.9792319536209106,0.9792319536209106,0.0,0.0,-0.07346884906291962,-0.07346884906291962,0.9057631492614746,0.9057631492614746,0.6875313520431519,0.6875313520431519,0.07808203995227814,0.07808203995227814,0.16381949186325073,0.16381949186325073,20.09270668029785,20.09270668029785,6.16955041885376,6.16955041885376,20.776241302490234,20.776241302490234,12.920884132385254,12.920884132385254,0.0,0.0,180.0
404,1.6833333333333333,-0.5203338556566804,-1.3744918233563388,328.6713159567979,-0.5203338556566804,-1.3744918233563388,328.6713159567979,5.0,-5.0,0.0,0.0,15.0,0,0.5,0.0,0.0,4.0,4.0,4.0,1.374491810798645,1.374491810798645,1.374491810798645,1.3744919300079346,-0.5118175148963928,-0.5125400424003601,4.306000232696533,4.060959815979004,-0.018243659287691116,-0.018243659287691116,0.0,0.0,nan,nan,0.5322170853614807,0.5322170853614807,1.0644341707229614,0.0,2.0155587196350098,0.6750735640525818,0.0,0.0,0.0,0.6750735640525818,0.0,2.0155587196350098,0.0,0.0,0.0,0.2235807627439499,-1.1496055126190186,1.7738715410232544,0.0,0.0,0.0,0.0,2.0155587196350098,0.6750735640525818,0.0,0.0,0.0,0.6750735640525818,0.0,2.0155587196350098,-0.0,-0.0,-0.0,0.22358064353466034,1.1496047973632812,1.773871898651123,0.0,0.0,0.0,4.470348358154297e-08,0.0,0.6000000238418579,-7.450580596923828e-08,0.05600002408027649,0.6000000238418579,-4.470348358154297e-08,-0.055999964475631714,0.6000000238418579,0.44716140627861023,-7.152557373046875e-07,3.547743320465088,0.0,0.0,0.0,8.195638656616211e-08,3.7005847275395354e-07,1.3969838619232178e-08,12.324207305908203,12.324207305908203,15.813404083251953,15.813404083251953,0.8820533156394958,0.8820533156394958,0.11794667690992355,0.11794667690992355,0.0,0.0,0.0,0.0,5.32232666015625,5.32232666015625,-3.3067679405212402,-3.3067679405212402,0.7472367882728577,0.7472367882728577,0.0,0.0,-0.07216325402259827,-0.07216325402259827,0.6750735640525818,0.6750735640525818,0.6875313520431519,0.6875313520431519,0.0502132847905159,0.0502132847905159,0.13300344347953796,0.13300344347953796,10.309234619140625,10.309234619140625,0.52083820104599,0.52083820104599,15.12094783782959,15.12094783782959,13.954715728759766,13.954715728759766,0.0,0.0,180.0
405,1.6875,-0.5232,-4.5097749166657083e-14,330.4817294495969,-0.5232,-4.5097749166657083e-14,330.4817294495969,5.0,-5.0,0.0,0.0,15.0,0,0.5,0.0,0.0,4.0,4.0,4.0,4.509774850650419e-14,4.509775528276777e-14,4.509774850650419e-14,4.509775189463598e-14,-0.5104531049728394,-0.5110860466957092,5.000348091125488,4.787969589233398,-5.985833607480371e-16,-5.985833607480371e-16,0.0,0.0,nan,nan,-0.23076343536376953,-0.23076343536376953,-0.46152687072753906,0.0,1.342545509338379,0.4823017418384552,0.0,0.0,0.0,0.4823017418384552,0.0,1.342545509338379,0.0,0.0,0.0,0.18102331459522247,-0.7688992023468018,1.1878838539123535,0.0,0.0,0.0,0.0,1.342545509338379,0.4823017418384552,0.0,0.0,0.0,0.4823017418384552,0.0,1.342545509338379,-0.0,-0.0,-0.0,0.18102328479290009,0.7688989043235779,1.187883973121643,0.0,0.0,0.0,4.470348358154297e-08,0.0,0.6000000238418579,1.4901161193847656e-08,0.05600003898143768,0.6000000238418579,0.0,-0.05599997937679291,0.5999999642372131,0.36204659938812256,-2.980232238769531e-07,2.375767707824707,0.0,0.0,0.0,1.1175870895385742e-07,7.771441801196488e-08,-2.421438694000244e-08,14.99998950958252,14.99998950958252,14.999988555908203,14.999988555908203,1.0,1.0,0.0,0.0,0.0,0.0,0.0,0.0,4.745896339416504,4.745896339416504,-3.403350830078125,-3.403350830078125,0.553561806678772,0.553561806678772,0.0,0.0,-0.07126004993915558,-0.07126004993915558,0.4823017418384552,0.4823017418384552,0.6875313520431519,0.6875313520431519,0.02049357444047928,0.02049357444047928,0.10229769349098206,0.10229769349098206,0.40209388732910156,0.40209388732910156,-5.209789752960205,-5.209789752960205,9.388116836547852,9.388116836547852,15.000000953674316,15.000000953674316,0.0,0.0,180.0
406,1.6916666666666667,-0.5203338556566808,1.3744918233562489,328.67131595679814,-0.5203338556566808,1.3744918233562489,328.67131595679814,5.0,-5.0,0.0,0.0,15.0,0,0.5,0.0,0.0,4.0,4.0,4.0,1.374491810798645,1.374491810798645,1.374491810798645,1.3744919300079346,-0.5035388469696045,-0.5040750503540039,5.6330342292785645,5.455510139465332,0.018243659287691116,0.018243659287691116,0.0,0.0,nan,nan,-0.20792880654335022,-0.20792880654335022,-0.41585761308670044,0.0,0.7233331203460693,0.3274730145931244,0.0,0.0,0.0,0.3274730145931244,0.0,0.7233331203460693,0.0,0.0,0.0,0.16254034638404846,-0.41256436705589294,0.6586506962776184,0.0,0.0,0.0,0.0,0.7233331203460693,0.3274730145931244,0.0,0.0,0.0,0.3274730145931244,0.0,0.7233331203460693,-0.0,-0.0,-0.0,0.1625402867794037,0.41256412863731384,0.658650815486908,0.0,0.0,0.0,4.470348358154297e-08,0.0,0.6000000238418579,-7.450580596923828e-08,0.05600002408027649,0.6000000238418579,-4.470348358154297e-08,-0.055999964475631714,0.6000000238418579,0.32508063316345215,-2.384185791015625e-07,1.3173015117645264,0.0,0.0,0.0,2.9802322387695312e-08,1.374052516212032e-07,-9.313225746154785e-10,18.036861419677734,18.036865234375,23.0157527923584,23.0157527923584,0.11794667690992355,0.11794667690992355,0.8820533156394958,0.8820533156394958,0.0,0.0,0.0,0.0,4.181578636169434,4.181578636169434,-3.458245277404785,-3.458245277404785,0.39824098348617554,0.39824098348617554,0.0,0.0,-0.07076795399188995,-0.07076795399188995,0.3274730145931244,0.3274730145931244,0.6875313520431519,0.6875313520431519,-0.010714729316532612,-0.010714729316532612,0.07207543402910233,0.07207543402910233,-9.509451866149902,-9.509451866149902,-10.953388214111328,-10.953388214111328,3.6467208862304688,3.6467208862304688,16.045286178588867,16.045286178588867,0.0,0.0,180.0
407,1.6958333333333333,-0.5117668247039273,2.7339244266649465,323.2599107474821,-0.5117668247039273,2.7339244266649465,323.2599107474821,5.0,-5.0,0.0,0.0,15.0,0,0.5,0.0,0.0,4.0,4.0,4.0,2.733924150466919,2.73392391204834,2.733924388885498,2.733924388885498,-0.4911441206932068,-0.49157750606536865,6.198157787322998,6.057314872741699,0.03628743439912796,0.03628743439912796,0.0,0.0,nan,nan,0.5058761835098267,0.5058761835098267,1.0117523670196533,0.0,0.1551963984966278,0.20970411598682404,0.0,0.0,0.0,0.20970411598682404,0.0,0.1551963984966278,0.0,0.0,0.0,0.1693701595067978,-0.08742334693670273,0.17813658714294434,0.0,0.0,0.0,0.0,0.1551963984966278,0.20970411598682404,0.0,0.0,0.0,0.20970411598682404,0.0,0.1551963984966278,-0.0,-0.0,-0.0,0.1693701595067978,0.08742330968379974,0.17813660204410553,0.0,0.0,0.0,4.470348358154297e-08,0.0,0.6000000238418579,-4.470348358154297e-08,0.05600003898143768,0.6000000238418579,-4.470348358154297e-08,-0.055999964475631714,0.6000000238418579,0.3387403190135956,-3.725290298461914e-08,0.35627317428588867,0.0,0.0,0.0,1.210719347000122e-08,3.185330399446684e-08,-1.210719347000122e-08,20.958690643310547,20.958694458007812,30.33509063720703,30.335094451904297,0.11794667690992355,0.11794667690992355,0.8820533156394958,0.8820533156394958,0.0,0.0,0.0,0.0,3.626262903213501,3.626262903213501,-3.471066474914551,-3.471066474914551,0.28038641810417175,0.28038641810417175,0.0,0.0,-0.07068228721618652,-0.07068228721618652,0.20970411598682404,0.20970411598682404,0.6875313520431519,0.6875313520431519,-0.043027304112911224,-0.043027304112911224,0.04271015152335167,0.04271015152335167,-19.30609130859375,-19.30609130859375,-16.640775680541992,-16.640775680541992,-2.0340824127197266,-2.0340824127197266,17.079116821289062,17.079116821289062,0.0,0.0,180.0
408,1.7,-0.49759276932562463,4.063403581844636,314.3068023095313,-0.49759276932562463,4.063403581844636,314.3068023095313,5.0,-5.0,0.0,0.0,15.0,0,0.5,0.0,0.0,4.0,4.0,4.0,4.06340217590332,4.063403606414795,4.063403606414795,4.063403606414795,-0.47339698672294617,-0.4737224280834198,6.690789699554443,6.588075637817383,0.05393363907933235,0.05393363907933235,0.0,0.0,nan,nan,1.8098325729370117,1.8098325729370117,3.6196651458740234,0.0,-0.3673388361930847,0.12786665558815002,0.0,0.0,0.0,0.12786665558815002,0.0,-0.3673388361930847,0.0,0.0,0.0,0.20281565189361572,0.20260225236415863,-0.2628799080848694,0.0,0.0,0.0,0.0,-0.3673388361930847,0.12786665558815002,0.0,0.0,0.0,0.12786665558815002,0.0,-0.3673388361930847,-0.0,-0.0,-0.0,0.20281566679477692,-0.20260217785835266,-0.26287996768951416,0.0,0.0,0.0,4.470348358154297e-08,0.0,0.6000000238418579,-1.4901161193847656e-07,0.05600002408027649,0.6000000238418579,-1.4901161193847656e-08,-0.055999964475631714,0.5999999642372131,0.40563130378723145,7.450580596923828e-08,-0.5257598757743835,0.0,0.0,0.0,-2.421438694000244e-08,-7.868142404277023e-08,-3.91155481338501e-08,23.59121322631836,23.59121322631836,36.3895149230957,36.3895149230957,0.11794667690992355,0.11794667690992355,0.864794909954071,0.864794909954071,0.017258400097489357,0.017258400097489357,0.0,0.0,3.074963092803955,3.074963092803955,-3.4423022270202637,-3.4423022270202637,0.19885218143463135,0.19885218143463135,0.0,0.0,-0.07098551839590073,-0.07098551839590073,0.12786665558815002,0.12786665558815002,0.6875313520431519,0.6875313520431519,-0.07604614645242691,-0.07604614645242691,0.014567578211426735,0.014567578211426735,-28.870820999145508,-28.870820999145508,-22.203908920288086,-22.203908920288086,-7.586321830749512,-7.586321830749512,18.090171813964844,18.090171813964844,0.0,0.0,180.0
409,1.7041666666666666,-0.477966983438609,5.348363237059768,301.91008277255037,-0.477966983438609,5.348363237059768,301.91008277255037,5.0,-5.0,0.0,0.0,15.0,0,0.5,0.0,0.0,4.0,4.0,4.0,5.348362922668457,5.348362922668457,5.348363399505615,5.348363399505615,-0.450483500957489,-0.4506973922252655,7.1068572998046875,7.043339252471924,0.07098893821239471,0.07098893821239471,0.0,0.0,nan,nan,3.605567455291748,3.605567455291748,7.211134910583496,0.0,-0.8508800268173218,0.08092880994081497,0.0,0.0,0.0,0.08092880994081497,0.0,-0.8508800268173218,0.0,0.0,0.0,0.26421868801116943,0.4552755653858185,-0.6733936071395874,0.0,0.0,0.0,0.0,-0.8508800268173218,0.08092880994081497,0.0,0.0,0.0,0.08092880994081497,0.0,-0.8508800268173218,-0.0,-0.0,-0.0,0.2642187178134918,-0.45527544617652893,-0.673393726348877,0.0,0.0,0.0,4.470348358154297e-08,0.0,0.6000000238418579,-5.960464477539063e-08,0.05600003898143768,0.6000000238418579,-5.960464477539063e-08,-0.055999934673309326,0.6000000238418579,0.5284373760223389,1.1920928955078125e-07,-1.3467873334884644,0.0,0.0,0.0,-6.332993507385254e-08,-1.4048086427465023e-07,-2.60770320892334e-08,25.876405715942383,25.876405715942383,41.17609786987305,41.17610168457031,0.11794667690992355,0.11794667690992355,0.7199033498764038,0.7199033498764038,0.1621500849723816,0.1621500849723816,0.0,0.0,2.522365093231201,2.522365093231201,-3.3732450008392334,-3.3732450008392334,0.15257614850997925,0.15257614850997925,0.0,0.0,-0.07164733111858368,-0.07164733111858368,0.08092880994081497,0.08092880994081497,0.6875313520431519,0.6875313520431519,-0.10936833173036575,-0.10936833173036575,-0.012002810835838318,-0.012002810835838318,-38.0911979675293,-38.0911979675293,-27.577194213867188,-27.577194213867188,-12.944524765014648,-12.944524765014648,19.067367553710938,19.067367553710938,0.0,0.0,180.0
410,1.7083333333333333,-0.45310449126001845,6.574725105432713,286.20557318996686,-0.45310449126001845,6.574725105432713,286.20557318996686,5.0,-5.0,0.0,0.0,15.0,0,0.5,0.0,0.0,4.0,4.0,4.0,6.574723243713379,6.574724197387695,6.574725151062012,6.574725151062012,-0.4226471185684204,-0.4227469265460968,7.443029880523682,7.419358730316162,0.0872664600610733,0.0872664600610733,0.0,0.0,nan,nan,5.7982072830200195,5.7982072830200195,11.596414566040039,0.0,-1.3015027046203613,0.06789825856685638,0.0,0.0,0.0,0.06789825856685638,0.0,-1.3015027046203613,0.0,0.0,0.0,0.35455477237701416,0.6688388586044312,-1.0608793497085571,0.0,0.0,0.0,0.0,-1.3015027046203613,0.06789825856685638,0.0,0.0,0.0,0.06789825856685638,0.0,-1.3015027046203613,-0.0,-0.0,-0.0,0.35455483198165894,-0.6688386797904968,-1.0608794689178467,0.0,0.0,0.0,4.470348358154297e-08,0.0,0.6000000238418579,-5.960464477539063e-08,0.05600002408027649,0.5999999642372131,1.4901161193847656e-08,-0.055999964475631714,0.6000000238418579,0.7091096043586731,1.7881393432617188e-07,-2.1217589378356934,0.0,0.0,0.0,-1.862645149230957e-08,-1.6340811725967797e-07,-6.705522537231445e-08,27.812030792236328,27.812030792236328,44.87302017211914,44.87302017211914,0.11794667690992355,0.11794667690992355,0.5998412370681763,0.5998412370681763,0.28221216797828674,0.28221216797828674,0.0,0.0,1.9643778800964355,1.9643778800964355,-3.265880584716797,-3.265880584716797,0.14052316546440125,0.14052316546440125,0.0,0.0,-0.07262490689754486,-0.07262490689754486,0.06789825856685638,0.06789825856685638,0.6875313520431519,0.6875313520431519,-0.14259451627731323,-0.14259451627731323,-0.0366755835711956,-0.0366755835711956,-46.861289978027344,-46.861289978027344,-32.69865417480469,-32.69865417480469,-18.046876907348633,-18.046876907348633,20.0,20.0,0.0,0.0,180.0
411,1.7125,-0.42327769145697464,7.729052909700782,267.3653354551488,-0.42327769145697464,7.729052909700782,267.3653354551488,5.0,-5.0,0.0,0.0,15.0,0,0.5,0.0,0.0,4.0,4.0,4.0,7.7290520668029785,7.729051113128662,7.729052543640137,7.729052543640137,-0.39018669724464417,-0.3901713490486145,7.696592330932617,7.713010787963867,0.10258787870407104,0.10258787870407104,0.0,0.0,nan,nan,8.291972160339355,8.291972160339355,16.58394432067871,0.0,-1.7233970165252686,0.08743828535079956,0.0,0.0,0.0,0.08743828535079956,0.0,-1.7233970165252686,0.0,0.0,0.0,0.4737671911716461,0.8411648273468018,-1.4302898645401,0.0,0.0,0.0,0.0,-1.7233970165252686,0.08743828535079956,0.0,0.0,0.0,0.08743828535079956,0.0,-1.7233970165252686,-0.0,-0.0,-0.0,0.4737672805786133,-0.8411646485328674,-1.4302899837493896,0.0,0.0,0.0,4.470348358154297e-08,0.0,0.6000000238418579,-8.940696716308594e-08,0.05600005388259888,0.5999999642372131,-5.960464477539063e-08,-0.055999934673309326,0.6000000238418579,0.947534441947937,1.7881393432617188e-07,-2.8605799674987793,0.0,0.0,0.0,-1.1175870895385742e-07,-3.6924643609381747e-07,-7.82310962677002e-08,29.422452926635742,29.422452926635742,47.69276809692383,47.69276809692383,0.11794667690992355,0.11794667690992355,0.5156482458114624,0.5156482458114624,0.366405189037323,0.366405189037323,0.0,0.0,1.3993496894836426,1.3993496894836426,-3.122746706008911,-3.122746706008911,0.16130149364471436,0.16130149364471436,0.0,0.0,-0.07386322319507599,-0.07386322319507599,0.08743828535079956,0.08743828535079956,0.6875313520431519,0.6875313520431519,-0.17533646523952484,-0.17533646523952484,-0.05915629118680954,-0.05915629118680954,-55.08332824707031,-55.08332824707031,-37.51090621948242,-37.51090621948242,-22.83620834350586,-22.83620834350586,20.877853393554688,20.877853393554688,0.0,0.0,180.0
412,1.7166666666666666,-0.38881337268977495,8.798699592881945,245.59578715528954,-0.38881337268977495,8.798699592881945,245.59578715528954,5.0,-5.0,0.0,0.0,15.0,0,0.5,0.0,0.0,4.0,4.0,4.0,8.798697471618652,8.798699378967285,8.798699378967285,8.798699378967285,-0.35345396399497986,-0.3533235788345337,7.865415096282959,7.9217305183410645,0.11678532510995865,0.11678532510995865,0.0,0.0,nan,nan,10.983920097351074,10.983920097351074,21.96784019470215,0.0,-2.11802339553833,0.13733989000320435,0.0,0.0,0.0,0.13733989000320435,0.0,-2.11802339553833,0.0,0.0,0.0,0.6200483441352844,0.9694641828536987,-1.7834136486053467,0.0,0.0,0.0,0.0,-2.11802339553833,0.13733989000320435,0.0,0.0,0.0,0.13733989000320435,0.0,-2.11802339553833,-0.0,-0.0,-0.0,0.620048463344574,-0.9694638252258301,-1.7834138870239258,0.0,0.0,0.0,4.470348358154297e-08,0.0,0.6000000238418579,-1.1920928955078125e-07,0.05600005388259888,0.6000000238418579,7.450580596923828e-08,-0.055999964475631714,0.6000000238418579,1.2400968074798584,3.5762786865234375e-07,-3.5668275356292725,0.0,0.0,0.0,-1.4901161193847656e-07,-2.3917439762044523e-07,-2.384185791015625e-07,30.742801666259766,30.742807388305664,49.827266693115234,49.827266693115234,0.11794667690992355,0.11794667690992355,0.45904016494750977,0.45904016494750977,0.42301318049430847,0.42301318049430847,0.0,0.0,0.8287456035614014,0.8287456035614014,-2.9467689990997314,-2.9467689990997314,0.21263575553894043,0.21263575553894043,0.0,0.0,-0.07529588043689728,-0.07529588043689728,0.13733989000320435,0.13733989000320435,0.6875313520431519,0.6875313520431519,-0.20722396671772003,-0.20722396671772003,-0.07918713241815567,-0.07918713241815567,-62.66898727416992,-62.66898727416992,-41.961952209472656,-41.961952209472656,-27.260766983032227,-27.260766983032227,21.691307067871094,21.691307067871094,0.0,0.0,180.0
413,1.7208333333333332,-0.3500891332469569,9.77194588207723,221.13544001713436,-0.3500891332469569,9.77194588207723,221.13544001713436,5.0,-5.0,0.0,0.0,15.0,0,0.5,0.0,0.0,4.0,4.0,4.0,9.771944046020508,9.771944046020508,9.77194595336914,9.77194595336914,-0.3128495514392853,-0.3126055598258972,7.947925090789795,8.0435209274292,0.12970323860645294,0.12970323860645294,0.0,0.0,nan,nan,13.759259223937988,13.759259223937988,27.518518447875977,0.0,-2.4838132858276367,0.21405309438705444,0.0,0.0,0.0,0.21405309438705444,0.0,-2.4838132858276367,0.0,0.0,0.0,0.7892844676971436,1.0505461692810059,-2.1186153888702393,0.0,0.0,0.0,0.0,-2.4838132858276367,0.21405309438705444,0.0,0.0,0.0,0.21405309438705444,0.0,-2.4838132858276367,-0.0,-0.0,-0.0,0.7892845273017883,-1.050545573234558,-2.11861515045166,0.0,0.0,0.0,4.470348358154297e-08,0.0,0.6000000238418579,-2.9802322387695312e-08,0.05600002408027649,0.6000000238418579,-5.960464477539063e-08,-0.05599990487098694,0.5999999642372131,1.578568935394287,5.960464477539062e-07,-4.23723030090332,0.0,0.0,0.0,-3.3527612686157227e-07,-4.2588294490997214e-07,-6.332993507385254e-08,31.810546875,31.810548782348633,51.43326187133789,51.43326187133789,0.11794667690992355,0.11794667690992355,0.4165618121623993,0.4165618121623993,0.46549156308174133,0.46549156308174133,0.0,0.0,0.25728273391723633,0.25728273391723633,-2.741095781326294,-2.741095781326294,0.29089999198913574,0.29089999198913574,0.0,0.0,-0.0768468976020813,-0.0768468976020813,0.21405309438705444,0.21405309438705444,0.6875313520431519,0.6875313520431519,-0.23790986835956573,-0.23790986835956573,-0.09655079990625381,-0.09655079990625381,-69.54007720947266,-69.54007720947266,-46.005615234375,-46.005615234375,-31.274667739868164,-31.274667739868164,22.431447982788086,22.431447982788086,0.0,0.0,180.0
414,1.7249999999999999,-0.30752924399942416,10.638128687277336,194.25228672258555,-0.30752924399942416,10.638128687277336,194.25228672258555,5.0,-5.0,0.0,0.0,15.0,0,0.5,0.0,0.0,4.0,4.0,4.0,10.6381254196167,10.638129234313965,10.638128280639648,10.638129234313965,-0.268818736076355,-0.2684638500213623,7.943155765533447,8.076977729797363,0.14120009541511536,0.14120009541511536,0.0,0.0,nan,nan,16.490360260009766,16.490360260009766,32.98072052001953,0.0,-2.8163435459136963,0.3124285340309143,0.0,0.0,0.0,0.3124285340309143,0.0,-2.8163435459136963,0.0,0.0,0.0,0.9748148322105408,1.0815327167510986,-2.4309310913085938,0.0,0.0,0.0,0.0,-2.8163435459136963,0.3124285340309143,0.0,0.0,0.0,0.3124285340309143,0.0,-2.8163435459136963,-0.0,-0.0,-0.0,0.9748150706291199,-1.0815324783325195,-2.4309310913085938,0.0,0.0,0.0,4.470348358154297e-08,0.0,0.6000000238418579,-4.470348358154297e-08,0.0559999942779541,0.6000000238418579,-2.9802322387695312e-08,-0.055999934673309326,0.5999999642372131,1.9496299028396606,2.384185791015625e-07,-4.8618621826171875,0.0,0.0,0.0,-2.086162567138672e-07,-4.5656415181838383e-07,-5.960464477539063e-08,32.66132736206055,32.66133499145508,52.6333122253418,52.6333122253418,0.11794667690992355,0.11794667690992355,0.3882598280906677,0.3882598280906677,0.4937935173511505,0.4937935173511505,0.0,0.0,-0.3073969781398773,-0.3073969781398773,-2.508946657180786,-2.508946657180786,0.39086174964904785,0.39086174964904785,0.0,0.0,-0.07843320816755295,-0.07843320816755295,0.3124285340309143,0.3124285340309143,0.6875313520431519,0.6875313520431519,-0.26707345247268677,-0.26707345247268677,-0.1110726147890091,-0.1110726147890091,-75.62899017333984,-75.62899017333984,-49.6018180847168,-49.6018180847168,-34.83816146850586,-34.83816146850586,23.09016990661621,23.09016990661621,0.0,0.0,180.0
415,1.7291666666666667,-0.2615999999999989,11.38775792840813,165.24086472479775,-0.2615999999999989,11.38775792840813,165.24086472479775,5.0,-5.0,0.0,0.0,15.0,0,0.5,0.0,0.0,4.0,4.0,4.0,11.387757301330566,11.387755393981934,11.387758255004883,11.387758255004883,-0.22184622287750244,-0.221384197473526,7.850795745849609,8.021371841430664,0.1511499434709549,0.1511499434709549,0.0,0.0,nan,nan,19.040014266967773,19.040014266967773,38.08002853393555,0.0,-3.1088550090789795,0.4257430136203766,0.0,0.0,0.0,0.4257430136203766,0.0,-3.1088550090789795,0.0,0.0,0.0,1.167574167251587,1.0608117580413818,-2.712505578994751,0.0,0.0,0.0,0.0,-3.1088550090789795,0.4257430136203766,0.0,0.0,0.0,0.4257430136203766,0.0,-3.1088550090789795,-0.0,-0.0,-0.0,1.167574167251587,-1.0608110427856445,-2.71250581741333,0.0,0.0,0.0,4.470348358154297e-08,0.0,0.6000000238418579,-5.960464477539063e-08,0.05600005388259888,0.6000000238418579,-1.043081283569336e-07,-0.05599990487098694,0.5999999642372131,2.335148334503174,7.152557373046875e-07,-5.42501163482666,0.0,0.0,0.0,-4.470348358154297e-07,-7.567240345451864e-07,-1.2665987014770508e-07,33.32706069946289,33.32706069946289,53.52107620239258,53.52107620239258,0.11794667690992355,0.11794667690992355,0.37411409616470337,0.37411409616470337,0.5079392194747925,0.5079392194747925,0.0,0.0,-0.8553740978240967,-0.8553740978240967,-2.253480911254883,-2.253480911254883,0.5057113766670227,0.5057113766670227,0.0,0.0,-0.07996834814548492,-0.07996834814548492,0.4257430136203766,0.4257430136203766,0.6875313520431519,0.6875313520431519,-0.29442280530929565,-0.29442280530929565,-0.12262101471424103,-0.12262101471424103,-80.8786849975586,-80.8786849975586,-52.716636657714844,-52.716636657714844,-37.91768264770508,-37.91768264770508,23.660253524780273,23.660253524780273,0.0,0.0,180.0
416,1.7333333333333334,-0.21280461165725723,12.012620510633678,134.41902923421296,-0.21280461165725723,12.012620510633678,134.41902923421296,5.0,-5.0,0.0,0.0,15.0,0,0.5,0.0,0.0,4.0,4.0,4.0,12.012622833251953,12.012619018554688,12.012621879577637,12.012621879577637,-0.1724501997232437,-0.1718861311674118,7.671280384063721,7.8767170906066895,0.15944376587867737,0.15944376587867737,0.0,0.0,nan,nan,21.268205642700195,21.268205642700195,42.53641128540039,0.0,-3.352978229522705,0.5460072755813599,0.0,0.0,0.0,0.5460072755813599,0.0,-3.352978229522705,0.0,0.0,0.0,1.3566049337387085,0.9890193939208984,-2.9533119201660156,0.0,0.0,0.0,0.0,-3.352978229522705,0.5460072755813599,0.0,0.0,0.0,0.5460072755813599,0.0,-3.352978229522705,-0.0,-0.0,-0.0,1.356604814529419,-0.9890182614326477,-2.953312397003174,0.0,0.0,0.0,4.470348358154297e-08,0.0,0.6000000238418579,1.4901161193847656e-08,0.056000083684921265,0.6000000238418579,-1.4901161193847656e-08,-0.055999964475631714,0.6000000238418579,2.713209629058838,1.1324882507324219e-06,-5.9066243171691895,0.0,0.0,0.0,-3.129243850708008e-07,-2.6404669029034267e-07,-1.341104507446289e-07,33.83513259887695,33.83513259887695,54.16705322265625,54.16705322265625,0.11794667690992355,0.11794667690992355,0.3599705994129181,0.3599705994129181,0.5220827460289001,0.5220827460289001,0.0,0.0,-1.3752729892730713,-1.3752729892730713,-1.977705478668213,-1.977705478668213,0.6273742318153381,0.6273742318153381,0.0,0.0,-0.0813668966293335,-0.0813668966293335,0.5460072755813599,0.5460072755813599,0.6875313520431519,0.6875313520431519,-0.3196948766708374,-0.3196948766708374,-0.13110613822937012,-0.13110613822937012,-85.24230194091797,-85.24230194091797,-55.32205581665039,-55.32205581665039,-40.48560333251953,-40.48560333251953,24.135456085205078,24.135456085205078,0.0,0.0,180.0
417,1.7375,-0.16167769145697422,12.505870308742242,102.12447073035008,-0.16167769145697422,12.505870308742242,102.12447073035008,5.0,-5.0,0.0,0.0,15.0,0,0.5,0.0,0.0,4.0,4.0,4.0,12.50586986541748,12.505867004394531,12.50586986541748,12.50586986541748,-0.1211763471364975,-0.12051628530025482,7.40586519241333,7.643869876861572,0.1659906804561615,0.1659906804561615,0.0,0.0,nan,nan,23.041179656982422,23.041179656982422,46.082359313964844,0.0,-3.539578437805176,0.6645023226737976,0.0,0.0,0.0,0.6645023226737976,0.0,-3.539578437805176,0.0,0.0,0.0,1.5298748016357422,0.869857668876648,-3.142134666442871,0.0,0.0,0.0,0.0,-3.539578437805176,0.6645023226737976,0.0,0.0,0.0,0.6645023226737976,0.0,-3.539578437805176,-0.0,-0.0,-0.0,1.5298746824264526,-0.8698567748069763,-3.14213490486145,0.0,0.0,0.0,4.470348358154297e-08,0.0,0.6000000238418579,-1.4901161193847656e-08,0.05600005388259888,0.6000000238418579,-4.470348358154297e-08,-0.05599990487098694,0.5999999642372131,3.0597496032714844,8.940696716308594e-07,-6.284269332885742,0.0,0.0,0.0,-5.066394805908203e-07,-5.594022240984486e-07,-2.1606683731079102e-07,34.208213806152344,34.208213806152344,54.62337875366211,54.62337875366211,0.11794667690992355,0.11794667690992355,0.34582775831222534,0.34582775831222534,0.5362256169319153,0.5362256169319153,0.0,0.0,-1.8551560640335083,-1.8551560640335083,-1.684422254562378,-1.684422254562378,0.7470517754554749,0.7470517754554749,0.0,0.0,-0.08254943788051605,-0.08254943788051605,0.6645023226737976,0.6645023226737976,0.6875313520431519,0.6875313520431519,-0.3426550030708313,-0.3426550030708313,-0.13647718727588654,-0.13647718727588654,-88.6827163696289,-88.6827163696289,-57.395782470703125,-57.395782470703125,-42.52003479003906,-42.52003479003906,24.51056671142578,24.51056671142578,0.0,0.0,180.0
418,1.7416666666666667,-0.10877939663585316,12.862103174726656,68.71101515424392,-0.10877939663585316,12.862103174726656,68.71101515424392,5.0,-5.0,0.0,0.0,15.0,0,0.5,0.0,0.0,4.0,4.0,4.0,12.862103462219238,12.862100601196289,12.862103462219238,12.862103462219238,-0.06859129667282104,-0.06784234195947647,7.056676387786865,7.324594020843506,0.1707189679145813,0.1707189679145813,0.0,0.0,nan,nan,24.241369247436523,24.241369247436523,48.48273849487305,0.0,-3.659621238708496,0.7724611759185791,0.0,0.0,0.0,0.7724611759185791,0.0,-3.659621238708496,0.0,0.0,0.0,1.6752947568893433,0.7105360627174377,-3.267728567123413,0.0,0.0,0.0,0.0,-3.659621238708496,0.7724611759185791,0.0,0.0,0.0,0.7724611759185791,0.0,-3.659621238708496,-0.0,-0.0,-0.0,1.6752946376800537,-0.7105352282524109,-3.267728805541992,0.0,0.0,0.0,4.470348358154297e-08,0.0,0.6000000238418579,0.0,0.05600005388259888,0.6000000238418579,-7.450580596923828e-08,-0.05599990487098694,0.5999999642372131,3.3505892753601074,8.344650268554688e-07,-6.535457611083984,0.0,0.0,0.0,-5.21540641784668e-07,-6.35477817922947e-07,-2.0116567611694336e-07,34.464237213134766,34.4642333984375,54.927406311035156,54.92740249633789,0.11794667690992355,0.11794667690992355,0.33168351650238037,0.33168351650238037,0.5503698587417603,0.5503698587417603,0.0,0.0,-2.2834019660949707,-2.2834019660949707,-1.3762192726135254,-1.3762192726135254,0.8559087514877319,0.8559087514877319,0.0,0.0,-0.08344756811857224,-0.08344756811857224,0.7724611759185791,0.7724611759185791,0.6875313520431519,0.6875313520431519,-0.3630954921245575,-0.3630954921245575,-0.13871921598911285,-0.13871921598911285,-91.17183685302734,-91.17183685302734,-58.920772552490234,-58.920772552490234,-44.004371643066406,-44.004371643066406,24.781476974487305,24.781476974487305,0.0,0.0,180.0
419,1.7458333333333333,-0.054689291981637494,13.077416146760633,34.54474731740354,-0.054689291981637494,13.077416146760633,34.54474731740354,5.0,-5.0,0.0,0.0,15.0,0,0.5,0.0,0.0,4.0,4.0,4.0,13.077411651611328,13.077411651611328,13.07741641998291,13.07741641998291,-0.01527581736445427,-0.014446042478084564,6.626794815063477,6.921618461608887,0.17357681691646576,0.17357681691646576,0.0,0.0,nan,nan,24.776870727539062,24.776870727539062,49.553741455078125,0.0,-3.704998016357422,0.8617952466011047,0.0,0.0,0.0,0.8617952466011047,0.0,-3.704998016357422,0.0,0.0,0.0,1.7817952632904053,0.5217998623847961,-3.320034980773926,0.0,0.0,0.0,0.0,-3.704998016357422,0.8617952466011047,0.0,0.0,0.0,0.8617952466011047,0.0,-3.704998016357422,-0.0,-0.0,-0.0,1.7817955017089844,-0.5217990279197693,-3.320034980773926,0.0,0.0,0.0,4.470348358154297e-08,0.0,0.6000000238418579,-1.341104507446289e-07,0.05600005388259888,0.5999999642372131,-8.940696716308594e-08,-0.055999934673309326,0.6000000238418579,3.5635907649993896,8.344650268554688e-07,-6.640069961547852,0.0,0.0,0.0,-3.5762786865234375e-07,-1.1451231785031268e-06,-2.3096799850463867e-07,34.61635208129883,34.61635971069336,55.10426712036133,55.10426712036133,0.11794667690992355,0.11794667690992355,0.33168351650238037,0.33168351650238037,0.5503698587417603,0.5503698587417603,0.0,0.0,-2.64949369430542,-2.64949369430542,-1.055504560470581,-1.055504560470581,0.9458039402961731,0.9458039402961731,0.0,0.0,-0.08400866389274597,-0.08400866389274597,0.8617952466011047,0.8617952466011047,0.6875313520431519,0.6875313520431519,-0.38083311915397644,-0.38083311915397644,-0.137848362326622,-0.137848362326622,-92.68999481201172,-92.68999481201172,-59.88494110107422,-59.88494110107422,-44.926971435546875,-44.926971435546875,24.945220947265625,24.945220947265625,0.0,0.0,180.0
420,1.75,-8.970292874394532e-16,13.149450210865439,5.666127490059826e-13,-8.970292874394532e-16,13.149450210865439,5.666127490059826e-13,5.0,-5.0,0.0,0.0,15.0,0,0.5,0.0,0.0,4.0,4.0,4.0,13.14945125579834,13.14944839477539,13.149450302124023,13.149450302124023,0.03785882517695427,0.03876300901174545,6.0684919357299805,6.385886192321777,0.1745329201221466,0.1745329201221466,0.0,0.0,nan,nan,22.978927612304688,22.978927612304688,45.957855224609375,0.0,-3.19177508354187,0.9701002836227417,0.0,0.0,0.0,0.9701002836227417,0.0,-3.19177508354187,0.0,0.0,0.0,1.760039210319519,0.27611708641052246,-2.820380210876465,0.0,0.0,0.0,0.0,-3.19177508354187,0.9701002836227417,0.0,0.0,0.0,0.9701002836227417,0.0,-3.19177508354187,-0.0,-0.0,-0.0,1.760039210319519,-0.27611640095710754,-2.820380210876465,0.0,0.0,0.0,4.470348358154297e-08,0.0,0.6000000238418579,0.0,0.05600005388259888,0.6000000238418579,-5.960464477539063e-08,-0.055999934673309326,0.6000000238418579,3.520078420639038,6.854534149169922e-07,-5.64076042175293,0.0,0.0,0.0,-3.427267074584961e-07,-4.2026937308037304e-07,-1.9371509552001953e-07,34.67287063598633,34.67287063598633,55.16856002807617,55.16856002807617,0.11794667690992355,0.11794667690992355,0.33168351650238037,0.33168351650238037,0.5503698587417603,0.5503698587417603,0.0,0.0,-3.19177508354187,-3.19177508354187,-7.482659409891335e-15,-7.482659409891335e-15,1.0542998313903809,1.0542998313903809,0.0,0.0,-0.08419948071241379,-0.08419948071241379,0.9701002836227417,0.9701002836227417,0.6875313520431519,0.6875313520431519,-0.4086047410964966,-0.4086047410964966,-0.14680534601211548,-0.14680534601211548,-93.22547149658203,-93.22547149658203,-60.28449249267578,-60.28449249267578,-45.28449249267578,-45.28449249267578,25.0,25.0,0.0,0.0,180.0
421,1.7541666666666667,0.054689291981635704,13.077416146760639,-34.54474731740241,0.054689291981635704,13.077416146760639,-34.54474731740241,5.0,-5.0,0.0,0.0,15.0,0,0.5,0.0,0.0,4.0,4.0,4.0,13.077413558959961,13.077415466308594,13.077417373657227,13.07741641998291,0.09119296073913574,0.09215692430734634,5.542169094085693,5.880609512329102,0.17357681691646576,0.17357681691646576,0.0,0.0,nan,nan,23.661972045898438,23.661972045898438,47.323944091796875,0.0,-3.5482778549194336,0.959634006023407,0.0,0.0,0.0,0.959634006023407,0.0,-3.5482778549194336,0.0,0.0,0.0,1.8448281288146973,0.11326973885297775,-3.177255630493164,0.0,0.0,0.0,0.0,-3.5482778549194336,0.959634006023407,0.0,0.0,0.0,0.959634006023407,0.0,-3.5482778549194336,-0.0,-0.0,-0.0,1.8448281288146973,-0.11326901614665985,-3.177255630493164,0.0,0.0,0.0,4.470348358154297e-08,0.0,0.6000000238418579,-1.2665987014770508e-07,0.05600002408027649,0.5999999642372131,-1.4901161193847656e-08,-0.055999964475631714,0.6000000238418579,3.6896562576293945,7.227063179016113e-07,-6.354511260986328,0.0,0.0,0.0,-1.9371509552001953e-07,-8.438047416348127e-07,-1.2665987014770508e-07,34.63703918457031,34.63703918457031,55.12528610229492,55.12528610229492,0.11794667690992355,0.11794667690992355,0.33168351650238037,0.33168351650238037,0.5503698587417603,0.5503698587417603,0.0,0.0,-3.162571907043457,-3.162571907043457,-0.3857057988643646,-0.3857057988643646,1.0436427593231201,1.0436427593231201,0.0,0.0,-0.08400866389274597,-0.08400866389274597,0.959634006023407,0.959634006023407,0.6875313520431519,0.6875313520431519,-0.4075804352760315,-0.4075804352760315,-0.12696640193462372,-0.12696640193462372,-92.77405548095703,-92.77405548095703,-60.105342864990234,-60.105342864990234,-45.06331253051758,-45.06331253051758,24.945220947265625,24.945220947265625,0.0,0.0,180.0
422,1.7583333333333333,0.10877939663585141,12.862103174726666,-68.71101515424282,0.10877939663585141,12.862103174726666,-68.71101515424282,5.0,-5.0,0.0,0.0,15.0,0,0.5,0.0,0.0,4.0,4.0,4.0,12.862104415893555,12.862102508544922,12.862103462219238,12.862103462219238,0.14317482709884644,0.1441907435655594,4.898515224456787,5.253173828125,0.1707189679145813,0.1707189679145813,0.0,0.0,nan,nan,22.019763946533203,22.019763946533203,44.039527893066406,0.0,-3.340590000152588,0.9608744978904724,0.0,0.0,0.0,0.9608744978904724,0.0,-3.340590000152588,0.0,0.0,0.0,1.792528510093689,-0.07402873039245605,-2.9772777557373047,0.0,0.0,0.0,0.0,-3.340590000152588,0.9608744978904724,0.0,0.0,0.0,0.9608744978904724,0.0,-3.340590000152588,-0.0,-0.0,-0.0,1.7925286293029785,0.07402940839529037,-2.9772777557373047,0.0,0.0,0.0,4.470348358154297e-08,0.0,0.6000000238418579,-8.940696716308594e-08,0.05600005388259888,0.5999999642372131,1.4901161193847656e-08,-0.055999964475631714,0.6000000238418579,3.585057258605957,6.780028343200684e-07,-5.954555511474609,0.0,0.0,0.0,-2.682209014892578e-07,-5.948568855274061e-07,-1.4901161193847656e-07,34.50687026977539,34.50687026977539,54.97015380859375,54.97015380859375,0.11794667690992355,0.11794667690992355,0.33168351650238037,0.33168351650238037,0.5503698587417603,0.5503698587417603,0.0,0.0,-3.2993273735046387,-3.2993273735046387,-0.04126247018575668,-0.04126247018575668,1.0443220138549805,1.0443220138549805,0.0,0.0,-0.08344756811857224,-0.08344756811857224,0.9608744978904724,0.9608744978904724,0.6875313520431519,0.6875313520431519,-0.4163326621055603,-0.4163326621055603,-0.11711011826992035,-0.11711011826992035,-91.33904266357422,-91.33904266357422,-59.35974884033203,-59.35974884033203,-44.276145935058594,-44.276145935058594,24.781476974487305,24.781476974487305,0.0,0.0,180.0
423,1.7625,0.1616776914569725,12.505870308742256,-102.12447073034899,0.1616776914569725,12.505870308742256,-102.12447073034899,5.0,-5.0,0.0,0.0,15.0,0,0.5,0.0,0.0,4.0,4.0,4.0,12.505867004394531,12.505868911743164,12.50586986541748,12.50586986541748,0.1935575008392334,0.19461442530155182,4.1963043212890625,4.563189506530762,0.1659906804561615,0.1659906804561615,0.0,0.0,nan,nan,19.73407745361328,19.73407745361328,39.46815490722656,0.0,-3.0477731227874756,0.929520308971405,0.0,0.0,0.0,0.929520308971405,0.0,-3.0477731227874756,0.0,0.0,0.0,1.6844470500946045,-0.22855328023433685,-2.695056676864624,0.0,0.0,0.0,0.0,-3.0477731227874756,0.929520308971405,0.0,0.0,0.0,0.929520308971405,0.0,-3.0477731227874756,-0.0,-0.0,-0.0,1.6844474077224731,0.2285538911819458,-2.695056438446045,0.0,0.0,0.0,4.470348358154297e-08,0.0,0.6000000238418579,-1.341104507446289e-07,0.05600002408027649,0.5999999642372131,-1.4901161193847656e-08,-0.05599990487098694,0.5999999642372131,3.368894577026367,6.109476089477539e-07,-5.39011287689209,0.0,0.0,0.0,-3.2782554626464844e-07,-8.433532912022201e-07,-1.564621925354004e-07,34.27505874633789,34.275062561035156,54.68935775756836,54.689361572265625,0.11794667690992355,0.11794667690992355,0.34582775831222534,0.34582775831222534,0.5362256169319153,0.5362256169319153,0.0,0.0,-3.3539724349975586,-3.3539724349975586,0.3061996400356293,0.3061996400356293,1.0120697021484375,1.0120697021484375,0.0,0.0,-0.08254943788051605,-0.08254943788051605,0.929520308971405,0.929520308971405,0.6875313520431519,0.6875313520431519,-0.42186641693115234,-0.42186641693115234,-0.10444542020559311,-0.10444542020559311,-88.93122863769531,-88.93122863769531,-58.04961395263672,-58.04961395263672,-42.925357818603516,-42.925357818603516,24.51056671142578,24.51056671142578,0.0,0.0,180.0
424,1.7666666666666666,0.2128046116572556,12.012620510633697,-134.41902923421193,0.2128046116572556,12.012620510633697,-134.41902923421193,5.0,-5.0,0.0,0.0,15.0,0,0.5,0.0,0.0,4.0,4.0,4.0,12.012622833251953,12.01262092590332,12.01262092590332,12.01262092590332,0.24178996682167053,0.24287661910057068,3.443376064300537,3.818385124206543,0.15944376587867737,0.15944376587867737,0.0,0.0,nan,nan,16.918792724609375,16.918792724609375,33.83758544921875,0.0,-2.6744585037231445,0.8680248260498047,0.0,0.0,0.0,0.8680248260498047,0.0,-2.6744585037231445,0.0,0.0,0.0,1.5251439809799194,-0.3365868926048279,-2.338127613067627,0.0,0.0,0.0,0.0,-2.6744585037231445,0.8680248260498047,0.0,0.0,0.0,0.8680248260498047,0.0,-2.6744585037231445,-0.0,-0.0,-0.0,1.5251439809799194,0.33658748865127563,-2.338127374649048,0.0,0.0,0.0,4.470348358154297e-08,0.0,0.6000000238418579,-1.4901161193847656e-08,0.05600005388259888,0.5999999642372131,-8.940696716308594e-08,-0.055999964475631714,0.6000000238418579,3.050287961959839,5.960464477539062e-07,-4.676255226135254,0.0,0.0,0.0,-2.5331974029541016e-07,-5.43836222277605e-07,-1.564621925354004e-07,33.929054260253906,33.929054260253906,54.25863265991211,54.25863265991211,0.11794667690992355,0.11794667690992355,0.34582775831222534,0.34582775831222534,0.5362256169319153,0.5362256169319153,0.0,0.0,-3.3283002376556396,-3.3283002376556396,0.6538419723510742,0.6538419723510742,0.9493916630744934,0.9493916630744934,0.0,0.0,-0.0813668966293335,-0.0813668966293335,0.8680248260498047,0.8680248260498047,0.6875313520431519,0.6875313520431519,-0.4241059124469757,-0.4241059124469757,-0.08909580856561661,-0.08909580856561661,-85.56938934326172,-85.56938934326172,-56.185123443603516,-56.185123443603516,-41.021575927734375,-41.021575927734375,24.135456085205078,24.135456085205078,0.0,0.0,180.0
425,1.7708333333333333,0.26159999999999733,11.387757928408153,-165.24086472479678,0.26159999999999733,11.387757928408153,-165.24086472479678,5.0,-5.0,0.0,0.0,15.0,0,0.5,0.0,0.0,4.0,4.0,4.0,11.38775634765625,11.387758255004883,11.387758255004883,11.387758255004883,0.2873462736606598,0.2884508967399597,2.648386240005493,3.0273144245147705,0.1511499434709549,0.1511499434709549,0.0,0.0,nan,nan,13.72516918182373,13.72516918182373,27.45033836364746,0.0,-2.228184700012207,0.7810051441192627,0.0,0.0,0.0,0.7810051441192627,0.0,-2.228184700012207,0.0,0.0,0.0,1.3222825527191162,-0.38790759444236755,-1.917256474494934,0.0,0.0,0.0,0.0,-2.228184700012207,0.7810051441192627,0.0,0.0,0.0,0.7810051441192627,0.0,-2.228184700012207,-0.0,-0.0,-0.0,1.3222825527191162,0.38790807127952576,-1.917256474494934,0.0,0.0,0.0,4.470348358154297e-08,0.0,0.6000000238418579,-1.2665987014770508e-07,0.05600002408027649,0.5999999642372131,2.9802322387695312e-08,-0.055999964475631714,0.6000000238418579,2.6445651054382324,4.76837158203125e-07,-3.834512948989868,0.0,0.0,0.0,-1.4156103134155273e-07,-4.3593101395345e-07,-2.2351741790771484e-08,33.45112609863281,33.45112228393555,53.641597747802734,53.641597747802734,0.11794667690992355,0.11794667690992355,0.3599705994129181,0.3599705994129181,0.5220827460289001,0.5220827460289001,0.0,0.0,-3.226665496826172,-3.226665496826172,0.998481035232544,0.998481035232544,0.8609734773635864,0.8609734773635864,0.0,0.0,-0.07996834814548492,-0.07996834814548492,0.7810051441192627,0.7810051441192627,0.6875313520431519,0.6875313520431519,-0.42299923300743103,-0.42299923300743103,-0.07120217382907867,-0.07120217382907867,-81.2807846069336,-81.2807846069336,-53.78126907348633,-53.78126907348633,-38.580223083496094,-38.580223083496094,23.660253524780273,23.660253524780273,0.0,0.0,180.0
426,1.775,0.30752924399941967,10.638128687277417,-194.25228672258274,0.30752924399941967,10.638128687277417,-194.25228672258274,5.0,-5.0,0.0,0.0,15.0,0,0.5,0.0,0.0,4.0,4.0,4.0,10.638126373291016,10.638126373291016,10.638128280639648,10.638128280639648,0.32973089814186096,0.3308415710926056,1.8206133842468262,2.199239730834961,0.14120009541511536,0.14120009541511536,0.0,0.0,nan,nan,10.33301830291748,10.33301830291748,20.66603660583496,0.0,-1.7190345525741577,0.6747884750366211,0.0,0.0,0.0,0.6747884750366211,0.0,-1.7190345525741577,0.0,0.0,0.0,1.0859016180038452,-0.376674085855484,-1.4454596042633057,0.0,0.0,0.0,0.0,-1.7190345525741577,0.6747884750366211,0.0,0.0,0.0,0.6747884750366211,0.0,-1.7190345525741577,-0.0,-0.0,-0.0,1.0859016180038452,0.3766743838787079,-1.4454596042633057,0.0,0.0,0.0,4.470348358154297e-08,0.0,0.6000000238418579,-1.043081283569336e-07,0.05600002408027649,0.5999999642372131,0.0,-0.055999934673309326,0.6000000238418579,2.1718032360076904,2.980232238769531e-07,-2.8909192085266113,0.0,0.0,0.0,-1.564621925354004e-07,-3.447321432759054e-07,-5.960464477539063e-08,32.81843185424805,32.81843185424805,52.78731918334961,52.78731918334961,0.11794667690992355,0.11794667690992355,0.3882598280906677,0.3882598280906677,0.4937935173511505,0.4937935173511505,0.0,0.0,-3.0555949211120605,-3.0555949211120605,1.3365604877471924,1.3365604877471924,0.7532216906547546,0.7532216906547546,0.0,0.0,-0.07843320816755295,-0.07843320816755295,0.6747884750366211,0.6747884750366211,0.6875313520431519,0.6875313520431519,-0.4185221195220947,-0.4185221195220947,-0.05092410370707512,-0.05092410370707512,-76.1016845703125,-76.1016845703125,-50.858245849609375,-50.858245849609375,-35.62189865112305,-35.62189865112305,23.09016990661621,23.09016990661621,0.0,0.0,180.0
427,1.7791666666666666,0.3500891332469528,9.771945882077322,-221.13544001713174,0.3500891332469528,9.771945882077322,-221.13544001713174,5.0,-5.0,0.0,0.0,15.0,0,0.5,0.0,0.0,4.0,4.0,4.0,9.77194595336914,9.771944046020508,9.77194595336914,9.77194595336914,0.36848390102386475,0.36958861351013184,0.9698535203933716,1.3439693450927734,0.12970323860645294,0.12970323860645294,0.0,0.0,nan,nan,6.938737392425537,6.938737392425537,13.877474784851074,0.0,-1.159053087234497,0.5568212866783142,0.0,0.0,0.0,0.5568212866783142,0.0,-1.159053087234497,0.0,0.0,0.0,0.8274807929992676,-0.30185675621032715,-0.9368094801902771,0.0,0.0,0.0,0.0,-1.159053087234497,0.5568212866783142,0.0,0.0,0.0,0.5568212866783142,0.0,-1.159053087234497,-0.0,-0.0,-0.0,0.8274807333946228,0.3018568754196167,-0.9368094205856323,0.0,0.0,0.0,4.470348358154297e-08,0.0,0.6000000238418579,-7.450580596923828e-08,0.05600005388259888,0.5999999642372131,-7.450580596923828e-08,-0.055999934673309326,0.6000000238418579,1.6549615859985352,1.1920928955078125e-07,-1.8736188411712646,0.0,0.0,0.0,-1.341104507446289e-07,-2.726744696701644e-07,-1.0058283805847168e-07,32.003082275390625,32.003082275390625,51.626708984375,51.626705169677734,0.11794667690992355,0.11794667690992355,0.4165618121623993,0.4165618121623993,0.46549156308174133,0.46549156308174133,0.0,0.0,-2.823221206665039,-2.823221206665039,1.6641682386398315,1.6641682386398315,0.6336681842803955,0.6336681842803955,0.0,0.0,-0.0768468976020813,-0.0768468976020813,0.5568212866783142,0.5568212866783142,0.6875313520431519,0.6875313520431519,-0.41068142652511597,-0.41068142652511597,-0.028441643342375755,-0.028441643342375755,-70.07818603515625,-70.07818603515625,-47.441864013671875,-47.441864013671875,-32.17280578613281,-32.17280578613281,22.431447982788086,22.431447982788086,0.0,0.0,180.0
428,1.7833333333333332,0.38881337268977123,8.798699592882047,-245.5957871552872,0.38881337268977123,8.798699592882047,-245.5957871552872,5.0,-5.0,0.0,0.0,15.0,0,0.5,0.0,0.0,4.0,4.0,4.0,8.798697471618652,8.798700332641602,8.798699378967285,8.798699378967285,0.4031856954097748,0.4042724668979645,0.10621678829193115,0.4716775417327881,0.11678532510995865,0.11678532510995865,0.0,0.0,nan,nan,3.7410473823547363,3.7410473823547363,7.482094764709473,0.0,-0.5614643096923828,0.4350121021270752,0.0,0.0,0.0,0.4350121021270752,0.0,-0.5614643096923828,0.0,0.0,0.0,0.5589218735694885,-0.16710157692432404,-0.40516796708106995,0.0,0.0,0.0,0.0,-0.5614643096923828,0.4350121021270752,0.0,0.0,0.0,0.4350121021270752,0.0,-0.5614643096923828,-0.0,-0.0,-0.0,0.5589218735694885,0.1671016812324524,-0.40516793727874756,0.0,0.0,0.0,4.470348358154297e-08,0.0,0.6000000238418579,-1.1920928955078125e-07,0.0559999942779541,0.5999999642372131,7.450580596923828e-08,-0.0559999942779541,0.6000000238418579,1.117843747138977,1.043081283569336e-07,-0.8103358745574951,0.0,0.0,0.0,-1.1175870895385742e-08,-8.765159975610004e-08,2.9802322387695312e-08,30.97215461730957,30.97215461730957,50.06764221191406,50.06764221191406,0.11794667690992355,0.11794667690992355,0.45904016494750977,0.45904016494750977,0.42301318049430847,0.42301318049430847,0.0,0.0,-2.5385632514953613,-2.5385632514953613,1.9770989418029785,1.9770989418029785,0.510308027267456,0.510308027267456,0.0,0.0,-0.07529588043689728,-0.07529588043689728,0.4350121021270752,0.4350121021270752,0.6875313520431519,0.6875313520431519,-0.39951926469802856,-0.39951926469802856,-0.003957314416766167,-0.003957314416766167,-63.26660919189453,-63.26660919189453,-43.56381607055664,-43.56381607055664,-28.265003204345703,-28.265003204345703,21.691307067871094,21.691307067871094,0.0,0.0,180.0
429,1.7874999999999999,0.4232776914569714,7.7290529097008935,-267.36533545514675,0.4232776914569714,7.7290529097008935,-267.36533545514675,5.0,-5.0,0.0,0.0,15.0,0,0.5,0.0,0.0,4.0,4.0,4.0,7.729053020477295,7.729052543640137,7.729052543640137,7.729053020477295,0.43346092104911804,0.43451786041259766,-0.7600602507591248,-0.4072924852371216,0.10258787870407104,0.10258787870407104,0.0,0.0,nan,nan,0.9259294271469116,0.9259294271469116,1.8518588542938232,0.0,0.06025876849889755,0.3170948326587677,0.0,0.0,0.0,0.3170948326587677,0.0,0.06025876849889755,0.0,0.0,0.0,0.2915695607662201,0.019905680790543556,0.13700810074806213,0.0,0.0,0.0,0.0,0.06025876849889755,0.3170948326587677,0.0,0.0,0.0,0.3170948326587677,0.0,0.06025876849889755,-0.0,-0.0,-0.0,0.2915695607662201,-0.01990569941699505,0.13700811564922333,0.0,0.0,0.0,4.470348358154297e-08,0.0,0.6000000238418579,-4.470348358154297e-08,0.05600005388259888,0.5999999642372131,-5.960464477539063e-08,-0.055999964475631714,0.5999999642372131,0.5831391215324402,-1.862645149230957e-08,0.27401620149612427,0.0,0.0,0.0,1.1175870895385742e-08,-8.217261537879494e-09,-2.60770320892334e-08,29.688247680664062,29.68825340270996,47.989009857177734,47.98902130126953,0.11794667690992355,0.11794667690992355,0.5015096664428711,0.5015096664428711,0.38054367899894714,0.38054367899894714,0.0,0.0,-2.2106995582580566,-2.2106995582580566,2.270958185195923,2.270958185195923,0.3909580409526825,0.3909580409526825,0.0,0.0,-0.07386322319507599,-0.07386322319507599,0.3170948326587677,0.3170948326587677,0.6875313520431519,0.6875313520431519,-0.3851169943809509,-0.3851169943809509,0.02230161242187023,0.02230161242187023,-55.73393630981445,-55.73393630981445,-39.261966705322266,-39.261966705322266,-23.936664581298828,-23.936664581298828,20.877853393554688,20.877853393554688,0.0,0.0,180.0
430,1.7916666666666667,0.4531044912600175,6.574725105432753,-286.2055731899663,0.4531044912600175,6.574725105432753,-286.2055731899663,5.0,-5.0,0.0,0.0,15.0,0,0.5,0.0,0.0,4.0,4.0,4.0,6.574724197387695,6.5747246742248535,6.574725151062012,6.574725151062012,0.45898184180259705,0.4599974751472473,-1.6188337802886963,-1.2826377153396606,0.0872664600610733,0.0872664600610733,0.0,0.0,nan,nan,-1.3474327325820923,-1.3474327325820923,-2.6948654651641846,0.0,0.6934417486190796,0.2100943773984909,0.0,0.0,0.0,0.2100943773984909,0.0,0.6934417486190796,0.0,0.0,0.0,0.03537857159972191,0.24848680198192596,0.6797086000442505,0.0,0.0,0.0,0.0,0.6934417486190796,0.2100943773984909,0.0,0.0,0.0,0.2100943773984909,0.0,0.6934417486190796,-0.0,-0.0,-0.0,0.03537857532501221,-0.24848689138889313,0.6797085404396057,0.0,0.0,0.0,4.470348358154297e-08,0.0,0.6000000238418579,-9.685754776000977e-08,0.05600002408027649,0.5999999642372131,-8.940696716308594e-08,-0.055999934673309326,0.6000000238418579,0.07075715065002441,-8.940696716308594e-08,1.359417200088501,0.0,0.0,0.0,7.82310962677002e-08,1.85267538199696e-07,-4.889443516731262e-09,28.110885620117188,28.110885620117188,45.23462677001953,45.23462677001953,0.11794667690992355,0.11794667690992355,0.5859286785125732,0.5859286785125732,0.296124666929245,0.296124666929245,0.0,0.0,-1.8478643894195557,-1.8478643894195557,2.541306257247925,2.541306257247925,0.2827192544937134,0.2827192544937134,0.0,0.0,-0.07262490689754486,-0.07262490689754486,0.2100943773984909,0.2100943773984909,0.6875313520431519,0.6875313520431519,-0.3675980567932129,-0.3675980567932129,0.05008181929588318,0.05008181929588318,-47.5577392578125,-47.5577392578125,-34.5803108215332,-34.5803108215332,-19.232088088989258,-19.232088088989258,20.0,20.0,0.0,0.0,180.0
431,1.7958333333333334,0.47796698343860833,5.34836323705981,-301.9100827725499,0.47796698343860833,5.34836323705981,-301.9100827725499,5.0,-5.0,0.0,0.0,15.0,0,0.5,0.0,0.0,4.0,4.0,4.0,5.348362922668457,5.348362445831299,5.348363399505615,5.348363399505615,0.47947171330451965,0.4804348647594452,-2.460256338119507,-2.1443209648132324,0.07098893821239471,0.07098893821239471,0.0,0.0,nan,nan,-2.957315444946289,-2.957315444946289,-5.914630889892578,0.0,1.3272591829299927,0.11998675763607025,0.0,0.0,0.0,0.11998675763607025,0.0,1.3272591829299927,0.0,0.0,0.0,-0.2016494870185852,0.506264865398407,1.216160774230957,0.0,0.0,0.0,0.0,1.3272591829299927,0.11998675763607025,0.0,0.0,0.0,0.11998675763607025,0.0,1.3272591829299927,-0.0,-0.0,-0.0,-0.20164936780929565,-0.5062651634216309,1.216160774230957,0.0,0.0,0.0,4.470348358154297e-08,0.0,0.6000000238418579,-6.705522537231445e-08,0.0559999942779541,0.6000000238418579,-3.725290298461914e-08,-0.055999934673309326,0.6000000238418579,-0.40329885482788086,-2.980232238769531e-07,2.432321548461914,0.0,0.0,0.0,7.450580596923828e-08,2.3558871475870546e-07,3.725290298461914e-09,26.19974136352539,26.199739456176758,41.61005401611328,41.61005401611328,0.11794667690992355,0.11794667690992355,0.6943473815917969,0.6943473815917969,0.18770600855350494,0.18770600855350494,0.0,0.0,-1.4565637111663818,-1.4565637111663818,2.783823013305664,2.783823013305664,0.19163408875465393,0.19163408875465393,0.0,0.0,-0.07164733111858368,-0.07164733111858368,0.11998675763607025,0.11998675763607025,0.6875313520431519,0.6875313520431519,-0.3471300005912781,-0.3471300005912781,0.07910328358411789,0.07910328358411789,-38.82585906982422,-38.82585906982422,-29.568832397460938,-29.568832397460938,-14.201499938964844,-14.201499938964844,19.067367553710938,19.067367553710938,0.0,0.0,180.0
432,1.8,0.497592769325624,4.063403581844679,-314.3068023095309,0.497592769325624,4.063403581844679,-314.3068023095309,5.0,-5.0,0.0,0.0,15.0,0,0.5,0.0,0.0,4.0,4.0,4.0,4.063404083251953,4.063401699066162,4.063403606414795,4.063403606414795,0.4947068691253662,0.49560707807540894,-3.2749717235565186,-2.9827632904052734,0.05393363907933235,0.05393363907933235,0.0,0.0,nan,nan,-3.8247807025909424,-3.8247807025909424,-7.649561405181885,0.0,1.9536712169647217,0.051612477749586105,0.0,0.0,0.0,0.051612477749586105,0.0,1.9536712169647217,0.0,0.0,0.0,-0.41368845105171204,0.7804991602897644,1.7433239221572876,0.0,0.0,0.0,0.0,1.9536712169647217,0.051612477749586105,0.0,0.0,0.0,0.051612477749586105,0.0,1.9536712169647217,-0.0,-0.0,-0.0,-0.4136883020401001,-0.7804991602897644,1.743323802947998,0.0,0.0,0.0,4.470348358154297e-08,0.0,0.6000000238418579,2.2351741790771484e-08,0.05600005388259888,0.6000000238418579,-4.470348358154297e-08,-0.055999964475631714,0.6000000238418579,-0.8273767232894897,0.0,3.486647605895996,0.0,0.0,0.0,1.6391277313232422e-07,1.9483161395328352e-07,9.872019290924072e-08,23.921432495117188,23.921432495117188,36.89210510253906,36.89210510253906,0.11794667690992355,0.11794667690992355,0.8524252772331238,0.8524252772331238,0.029628142714500427,0.029628142714500427,0.0,0.0,-1.0408191680908203,-1.0408191680908203,2.994490623474121,2.994490623474121,0.12259799987077713,0.12259799987077713,0.0,0.0,-0.07098551839590073,-0.07098551839590073,0.051612477749586105,0.051612477749586105,0.6875313520431519,0.6875313520431519,-0.3239253759384155,-0.3239253759384155,0.10905972868204117,0.10905972868204117,-29.635650634765625,-29.635650634765625,-24.283130645751953,-24.283130645751953,-8.900716781616211,-8.900716781616211,18.090171813964844,18.090171813964844,0.0,0.0,180.0
433,1.8041666666666667,0.511766824703927,2.7339244266649905,-323.2599107474818,0.511766824703927,2.7339244266649905,-323.2599107474818,5.0,-5.0,0.0,0.0,15.0,0,0.5,0.0,0.0,4.0,4.0,4.0,2.7339236736297607,2.7339231967926025,2.733924388885498,2.733924388885498,0.5045189261436462,0.5053463578224182,-4.054283618927002,-3.7890141010284424,0.03628743439912796,0.03628743439912796,0.0,0.0,nan,nan,-3.9124815464019775,-3.9124815464019775,-7.824963092803955,0.0,2.5680761337280273,0.008859370835125446,0.0,0.0,0.0,0.008859370835125446,0.0,2.5680761337280273,0.0,0.0,0.0,-0.5969381332397461,1.059220552444458,2.2620365619659424,0.0,0.0,0.0,0.0,2.5680761337280273,0.008859370835125446,0.0,0.0,0.0,0.008859370835125446,0.0,2.5680761337280273,-0.0,-0.0,-0.0,-0.5969380140304565,-1.0592212677001953,2.2620363235473633,0.0,0.0,0.0,4.470348358154297e-08,0.0,0.6000000238418579,-8.940696716308594e-08,0.05600002408027649,0.5999999642372131,-6.705522537231445e-08,-0.055999964475631714,0.6000000238418579,-1.1938761472702026,-7.152557373046875e-07,4.524072647094727,0.0,0.0,0.0,2.086162567138672e-07,5.917453336223844e-07,1.862645149230957e-08,21.262304306030273,21.262296676635742,30.87116050720215,30.87116050720215,0.11794667690992355,0.11794667690992355,0.8820533156394958,0.8820533156394958,0.0,0.0,0.0,0.0,-0.6016952395439148,-0.6016952395439148,3.169771671295166,3.169771671295166,0.0795416608452797,0.0795416608452797,0.0,0.0,-0.07068228721618652,-0.07068228721618652,0.008859370835125446,0.008859370835125446,0.6875313520431519,0.6875313520431519,-0.2982402741909027,-0.2982402741909027,0.1396210938692093,0.1396210938692093,-20.09270668029785,-20.09270668029785,-18.7836856842041,-18.7836856842041,-3.390378713607788,-3.390378713607788,17.079116821289062,17.079116821289062,0.0,0.0,180.0
434,1.8083333333333333,0.5203338556566806,1.374491823356294,-328.671315956798,0.5203338556566806,1.374491823356294,-328.671315956798,5.0,-5.0,0.0,0.0,15.0,0,0.5,0.0,0.0,4.0,4.0,4.0,1.374491810798645,1.374491810798645,1.3744919300079346,1.3744919300079346,0.5087963938713074,0.5095419883728027,-4.790268421173096,-4.554867267608643,0.018243659287691116,0.018243659287691116,0.0,0.0,nan,nan,-3.2174181938171387,-3.2174181938171387,-6.434836387634277,0.0,3.1694860458374023,-0.0049437955021858215,0.0,0.0,0.0,-0.0049437955021858215,0.0,3.1694860458374023,0.0,0.0,0.0,-0.7491441965103149,1.331964135169983,2.7767465114593506,0.0,0.0,0.0,0.0,3.1694860458374023,-0.0049437955021858215,0.0,0.0,0.0,-0.0049437955021858215,0.0,3.1694860458374023,-0.0,-0.0,-0.0,-0.7491441965103149,-1.3319644927978516,2.7767465114593506,0.0,0.0,0.0,4.470348358154297e-08,0.0,0.6000000238418579,-3.725290298461914e-08,0.05600002408027649,0.5999999642372131,-1.4901161193847656e-08,-0.055999964475631714,0.6000000238418579,-1.4982883930206299,-3.5762786865234375e-07,5.553493022918701,0.0,0.0,0.0,2.5331974029541016e-07,4.3773155766757554e-07,1.4901161193847656e-08,18.250926971435547,18.250926971435547,23.46627426147461,23.46627426147461,0.11794667690992355,0.11794667690992355,0.8820533156394958,0.8820533156394958,0.0,0.0,0.0,0.0,-0.13728201389312744,-0.13728201389312744,3.3067679405212402,3.3067679405212402,0.06582416594028473,0.06582416594028473,0.0,0.0,-0.07076795399188995,-0.07076795399188995,-0.0049437955021858215,-0.0049437955021858215,0.6875313520431519,0.6875313520431519,-0.2703714966773987,-0.2703714966773987,0.17043715715408325,0.17043715715408325,-10.309233665466309,-10.309233665466309,-13.134974479675293,-13.134974479675293,2.2649168968200684,2.2649168968200684,16.045286178588867,16.045286178588867,0.0,0.0,180.0
435,1.8125,0.5232,-8.139255062308403e-18,-330.4817294495969,0.5232,-8.139255062308403e-18,-330.4817294495969,5.0,-5.0,0.0,0.0,15.0,0,0.5,0.0,0.0,4.0,4.0,4.0,8.139253741091104e-18,8.139251259549267e-18,8.13925539545233e-18,8.13925539545233e-18,0.507486879825592,0.5081425309181213,-5.475809097290039,-5.272894859313965,-1.0803250218581035e-19,-1.0803250218581035e-19,0.0,0.0,nan,nan,-1.7601532936096191,-1.7601532936096191,-3.5203065872192383,0.0,3.760092258453369,0.013430955819785595,0.0,0.0,0.0,0.013430955819785595,0.0,3.760092258453369,0.0,0.0,0.0,-0.868926465511322,1.5899357795715332,3.2947752475738525,0.0,0.0,0.0,0.0,3.760092258453369,0.013430955819785595,0.0,0.0,0.0,0.013430955819785595,0.0,3.760092258453369,-0.0,-0.0,-0.0,-0.8689263463020325,-1.589936375617981,3.2947750091552734,0.0,0.0,0.0,4.470348358154297e-08,0.0,0.6000000238418579,-1.4156103134155273e-07,0.05600002408027649,0.5999999642372131,-5.960464477539063e-08,-0.055999934673309326,0.6000000238418579,-1.7378528118133545,-5.960464477539062e-07,6.589550018310547,0.0,0.0,0.0,4.023313522338867e-07,1.0091636113429558e-06,-4.470348358154297e-08,14.99998950958252,14.99998950958252,14.999988555908203,14.999988555908203,1.0,1.0,0.0,0.0,0.0,0.0,0.0,0.0,0.35674142837524414,0.35674142837524414,3.403350830078125,3.403350830078125,0.08469101041555405,0.08469101041555405,0.0,0.0,-0.07126004993915558,-0.07126004993915558,0.013430955819785595,0.013430955819785595,0.6875313520431519,0.6875313520431519,-0.24065180122852325,-0.24065180122852325,0.20114286243915558,0.20114286243915558,-0.40209388732910156,-0.40209388732910156,-7.404346942901611,-7.404346942901611,7.997747898101807,7.997747898101807,15.000000953674316,15.000000953674316,0.0,0.0,180.0
436,1.8166666666666667,0.5203338556566806,-1.374491823356294,-328.671315956798,0.5203338556566806,-1.374491823356294,-328.671315956798,5.0,-5.0,0.0,0.0,15.0,0,0.5,0.0,0.0,4.0,4.0,4.0,1.374491810798645,1.374491810798645,1.3744919300079346,1.3744919300079346,0.5005970597267151,0.5011558532714844,-6.104563236236572,-5.936422348022461,-0.018243659287691116,-0.018243659287691116,0.0,0.0,nan,nan,0.42551466822624207,0.42551466822624207,0.8510293364524841,0.0,4.344228744506836,0.06742891669273376,0.0,0.0,0.0,0.06742891669273376,0.0,4.344228744506836,0.0,0.0,0.0,-0.9551313519477844,1.825645089149475,3.825129508972168,0.0,0.0,0.0,0.0,4.344228744506836,0.06742891669273376,0.0,0.0,0.0,0.06742891669273376,0.0,4.344228744506836,-0.0,-0.0,-0.0,-0.9551313519477844,-1.8256455659866333,3.825129270553589,0.0,0.0,0.0,4.470348358154297e-08,0.0,0.6000000238418579,-3.725290298461914e-08,0.05600002408027649,0.5999999642372131,-1.4901161193847656e-08,-0.055999964475631714,0.6000000238418579,-1.9102627038955688,-4.76837158203125e-07,7.650259017944336,0.0,0.0,0.0,3.5762786865234375e-07,5.984195468045073e-07,1.4901161193847656e-08,11.839410781860352,11.839410781860352,15.893213272094727,15.893213272094727,0.8820533156394958,0.8820533156394958,0.11794667690992355,0.11794667690992355,0.0,0.0,0.0,0.0,0.8859835267066956,0.8859835267066956,3.458245277404785,3.458245277404785,0.13959217071533203,0.13959217071533203,0.0,0.0,-0.07216325402259827,-0.07216325402259827,0.06742891669273376,0.06742891669273376,0.6875313520431519,0.6875313520431519,-0.20944349467754364,-0.20944349467754364,0.2313651740550995,0.2313651740550995,9.509451866149902,9.509451866149902,-1.6607481241226196,-1.6607481241226196,13.739143371582031,13.739143371582031,13.954715728759766,13.954715728759766,0.0,0.0,180.0
437,1.8208333333333333,0.5117668247039278,-2.7339244266648994,-323.2599107474823,0.5117668247039278,-2.7339244266648994,-323.2599107474823,5.0,-5.0,0.0,0.0,15.0,0,0.5,0.0,0.0,4.0,4.0,4.0,2.7339236736297607,2.7339231967926025,2.733924388885498,2.733924388885498,0.4881949722766876,0.4886508584022522,-6.670886039733887,-6.5394487380981445,-0.03628743439912796,-0.03628743439912796,0.0,0.0,nan,nan,3.2985029220581055,3.2985029220581055,6.597005844116211,0.0,4.926915168762207,0.16070625185966492,0.0,0.0,0.0,0.16070625185966492,0.0,4.926915168762207,0.0,0.0,0.0,-1.006427526473999,2.032140016555786,4.3769659996032715,0.0,0.0,0.0,0.0,4.926915168762207,0.16070625185966492,0.0,0.0,0.0,0.16070625185966492,0.0,4.926915168762207,-0.0,-0.0,-0.0,-1.00642728805542,-2.0321412086486816,4.376965522766113,0.0,0.0,0.0,4.470348358154297e-08,0.0,0.6000000238418579,-8.940696716308594e-08,0.05600002408027649,0.5999999642372131,-6.705522537231445e-08,-0.055999964475631714,0.6000000238418579,-2.012854814529419,-1.1920928955078125e-06,8.753931045532227,0.0,0.0,0.0,4.023313522338867e-07,1.1361486258465447e-06,2.9802322387695312e-08,9.949695587158203,9.949694633483887,16.791915893554688,16.791893005371094,0.8820533156394958,0.8820533156394958,0.11794667690992355,0.11794667690992355,0.0,0.0,0.0,0.0,1.4558489322662354,1.4558489322662354,3.471066474914551,3.471066474914551,0.23417508602142334,0.23417508602142334,0.0,0.0,-0.07346884906291962,-0.07346884906291962,0.16070625185966492,0.16070625185966492,0.6875313520431519,0.6875313520431519,-0.17713092267513275,-0.17713092267513275,0.26073044538497925,0.26073044538497925,19.30609130859375,19.30609130859375,4.026639938354492,4.026639938354492,19.419946670532227,19.419946670532227,12.920884132385254,12.920884132385254,0.0,0.0,180.0
438,1.825,0.4975927693256252,-4.0634035818445895,-314.30680230953163,0.4975927693256252,-4.0634035818445895,-314.30680230953163,5.0,-5.0,0.0,0.0,15.0,0,0.5,0.0,0.0,4.0,4.0,4.0,4.063404083251953,4.063401699066162,4.063403606414795,4.063403606414795,0.4704091548919678,0.470757395029068,-7.169713973999023,-7.076537609100342,-0.05393363907933235,-0.05393363907933235,0.0,0.0,nan,nan,6.810070991516113,6.810070991516113,13.620141983032227,0.0,5.5123138427734375,0.2967248558998108,0.0,0.0,0.0,0.2967248558998108,0.0,5.5123138427734375,0.0,0.0,0.0,-1.0212775468826294,2.202190399169922,4.95792293548584,0.0,0.0,0.0,0.0,5.5123138427734375,0.2967248558998108,0.0,0.0,0.0,0.2967248558998108,0.0,5.5123138427734375,-0.0,-0.0,-0.0,-1.0212771892547607,-2.202190399169922,4.957922458648682,0.0,0.0,0.0,4.470348358154297e-08,0.0,0.6000000238418579,2.2351741790771484e-08,0.05600005388259888,0.6000000238418579,-4.470348358154297e-08,-0.055999964475631714,0.6000000238418579,-2.0425548553466797,0.0,9.91584587097168,0.0,0.0,0.0,4.76837158203125e-07,5.54091059257189e-07,2.60770320892334e-07,10.287637710571289,10.287635803222656,17.6888484954834,17.6888484954834,0.8698575496673584,0.8698575496673584,0.1301424354314804,0.1301424354314804,0.0,0.0,0.0,0.0,2.070012092590332,2.070012092590332,3.4423022270202637,3.4423022270202637,0.371878981590271,0.371878981590271,0.0,0.0,-0.07515415549278259,-0.07515415549278259,0.2967248558998108,0.2967248558998108,0.6875313520431519,0.6875313520431519,-0.14411206543445587,-0.14411206543445587,0.28887301683425903,0.28887301683425903,28.870824813842773,28.870824813842773,9.589773178100586,9.589773178100586,24.972187042236328,24.972187042236328,11.909831047058105,11.909831047058105,0.0,0.0,180.0
439,1.8291666666666666,0.4779669834386098,-5.348363237059725,-301.9100827725509,0.4779669834386098,-5.348363237059725,-301.9100827725509,5.0,-5.0,0.0,0.0,15.0,0,0.5,0.0,0.0,4.0,4.0,4.0,5.348362922668457,5.348362445831299,5.348363399505615,5.348363399505615,0.44742870330810547,0.4476659595966339,-7.596513748168945,-7.542740345001221,-0.07098893821239471,-0.07098893821239471,0.0,0.0,nan,nan,10.898033142089844,10.898033142089844,21.796066284179688,0.0,6.102418422698975,0.4780232906341553,0.0,0.0,0.0,0.4780232906341553,0.0,6.102418422698975,0.0,0.0,0.0,-0.9982734322547913,2.327684164047241,5.572553634643555,0.0,0.0,0.0,0.0,6.102418422698975,0.4780232906341553,0.0,0.0,0.0,0.4780232906341553,0.0,6.102418422698975,-0.0,-0.0,-0.0,-0.9982727766036987,-2.327685594558716,5.5725531578063965,0.0,0.0,0.0,4.470348358154297e-08,0.0,0.6000000238418579,-6.705522537231445e-08,0.0559999942779541,0.6000000238418579,-3.725290298461914e-08,-0.055999934673309326,0.6000000238418579,-1.9965462684631348,-1.430511474609375e-06,11.14510726928711,0.0,0.0,0.0,3.5762786865234375e-07,1.07948767436028e-06,2.60770320892334e-08,11.774944305419922,11.774947166442871,24.057353973388672,24.057369232177734,0.7199033498764038,0.7199033498764038,0.28009676933288574,0.28009676933288574,0.0,0.0,0.0,0.0,2.729173421859741,2.729173421859741,3.3732450008392334,3.3732450008392334,0.5552050471305847,0.5552050471305847,0.0,0.0,-0.07718174159526825,-0.07718174159526825,0.4780232906341553,0.4780232906341553,0.6875313520431519,0.6875313520431519,-0.11078988015651703,-0.11078988015651703,0.3154434263706207,0.3154434263706207,38.0911979675293,38.0911979675293,14.963057518005371,14.963057518005371,30.330387115478516,30.330387115478516,10.932634353637695,10.932634353637695,0.0,0.0,180.0
440,1.8333333333333333,0.4531044912600194,-6.574725105432672,-286.2055731899675,0.4531044912600194,-6.574725105432672,-286.2055731899675,5.0,-5.0,0.0,0.0,15.0,0,0.5,0.0,0.0,4.0,4.0,4.0,6.574724197387695,6.5747246742248535,6.574725151062012,6.574725151062012,0.41950178146362305,0.4196256399154663,-7.94720458984375,-7.933566570281982,-0.0872664600610733,-0.0872664600610733,0.0,0.0,nan,nan,15.478615760803223,15.478615760803223,30.957231521606445,0.0,6.696176528930664,0.7053472995758057,0.0,0.0,0.0,0.7053472995758057,0.0,6.696176528930664,0.0,0.0,0.0,-0.9366906881332397,2.3994970321655273,6.221038818359375,0.0,0.0,0.0,0.0,6.696176528930664,0.7053472995758057,0.0,0.0,0.0,0.7053472995758057,0.0,6.696176528930664,-0.0,-0.0,-0.0,-0.936690628528595,-2.3994979858398438,6.221038341522217,0.0,0.0,0.0,4.470348358154297e-08,0.0,0.6000000238418579,-9.685754776000977e-08,0.05600002408027649,0.5999999642372131,-8.940696716308594e-08,-0.055999934673309326,0.6000000238418579,-1.8733813762664795,-9.5367431640625e-07,12.44207763671875,0.0,0.0,0.0,7.450580596923828e-07,1.770794028743694e-06,7.078051567077637e-08,13.596657752990723,13.596657752990723,30.176292419433594,30.176292419433594,0.5998412370681763,0.5998412370681763,0.4001588523387909,0.4001588523387909,0.0,0.0,0.0,0.0,3.430295467376709,3.430295467376709,3.265880584716797,3.265880584716797,0.7848461866378784,0.7848461866378784,0.0,0.0,-0.07949888706207275,-0.07949888706207275,0.7053472995758057,0.7053472995758057,0.6875313520431519,0.6875313520431519,-0.07756372541189194,-0.07756372541189194,0.3401161730289459,0.3401161730289459,46.861289978027344,46.861289978027344,20.084516525268555,20.084516525268555,35.4327392578125,35.4327392578125,10.000000953674316,10.000000953674316,0.0,0.0,180.0
441,1.8375,0.4232776914569736,-7.729052909700818,-267.36533545514817,0.4232776914569736,-7.729052909700818,-267.36533545514817,5.0,-5.0,0.0,0.0,15.0,0,0.5,0.0,0.0,4.0,4.0,4.0,7.729053020477295,7.729052543640137,7.729052543640137,7.729053020477295,0.3869327902793884,0.3869423568248749,-8.218172073364258,-8.244974136352539,-0.10258787870407104,-0.10258787870407104,0.0,0.0,nan,nan,20.439483642578125,20.439483642578125,40.87896728515625,0.0,7.289093017578125,0.9768509268760681,0.0,0.0,0.0,0.9768509268760681,0.0,7.289093017578125,0.0,0.0,0.0,-0.83708256483078,2.407855272293091,6.8983073234558105,0.0,0.0,0.0,0.0,7.289093017578125,0.9768509268760681,0.0,0.0,0.0,0.9768509268760681,0.0,7.289093017578125,-0.0,-0.0,-0.0,-0.8370827436447144,-2.4078567028045654,6.898306846618652,0.0,0.0,0.0,4.470348358154297e-08,0.0,0.6000000238418579,-4.470348358154297e-08,0.05600005388259888,0.5999999642372131,-5.960464477539063e-08,-0.055999964475631714,0.5999999642372131,-1.6741652488708496,-1.430511474609375e-06,13.796613693237305,0.0,0.0,0.0,6.258487701416016e-07,1.4360941804625327e-06,9.685754776000977e-08,15.395145416259766,15.395149230957031,35.01286697387695,35.01286697387695,0.5156482458114624,0.5156482458114624,0.48382794857025146,0.48382794857025146,0.0005239031161181629,0.0005239031161181629,0.0,0.0,4.166346073150635,4.166346073150635,3.122746706008911,3.122746706008911,1.0588884353637695,1.0588884353637695,0.0,0.0,-0.08203749358654022,-0.08203749358654022,0.9768509268760681,0.9768509268760681,0.6875313520431519,0.6875313520431519,-0.04482176899909973,-0.04482176899909973,0.36259689927101135,0.36259689927101135,55.08332824707031,55.08332824707031,24.896770477294922,24.896770477294922,40.22207260131836,40.22207260131836,9.122148513793945,9.122148513793945,0.0,0.0,180.0
442,1.8416666666666666,0.38881337268977373,-8.798699592881977,-245.59578715528878,0.38881337268977373,-8.798699592881977,-245.59578715528878,5.0,-5.0,0.0,0.0,15.0,0,0.5,0.0,0.0,4.0,4.0,4.0,8.798697471618652,8.798700332641602,8.798699378967285,8.798699378967285,0.35007941722869873,0.3499748408794403,-8.406329154968262,-8.473406791687012,-0.11678532510995865,-0.11678532510995865,0.0,0.0,nan,nan,25.636682510375977,25.636682510375977,51.27336502075195,0.0,7.87327241897583,1.287545919418335,0.0,0.0,0.0,1.287545919418335,0.0,7.87327241897583,0.0,0.0,0.0,-0.7017360329627991,2.3432233333587646,7.593620300292969,0.0,0.0,0.0,0.0,7.87327241897583,1.287545919418335,0.0,0.0,0.0,1.287545919418335,0.0,7.87327241897583,-0.0,-0.0,-0.0,-0.7017359733581543,-2.3432250022888184,7.5936198234558105,0.0,0.0,0.0,4.470348358154297e-08,0.0,0.6000000238418579,-1.1920928955078125e-07,0.0559999942779541,0.5999999642372131,7.450580596923828e-08,-0.0559999942779541,0.6000000238418579,-1.4034719467163086,-1.6689300537109375e-06,15.187240600585938,0.0,0.0,0.0,1.7881393432617188e-07,1.0602105930956895e-06,-4.507601261138916e-07,17.021957397460938,17.02195930480957,38.748355865478516,38.748355865478516,0.45904016494750977,0.45904016494750977,0.5113317370414734,0.5113317370414734,0.029628142714500427,0.029628142714500427,0.0,0.0,4.9265031814575195,4.9265031814575195,2.9467689990997314,2.9467689990997314,1.3722610473632812,1.3722610473632812,0.0,0.0,-0.08471508324146271,-0.08471508324146271,1.287545919418335,1.287545919418335,0.6875313520431519,0.6875313520431519,-0.01293425913900137,-0.01293425913900137,0.3826277554035187,0.3826277554035187,62.66898727416992,62.66898727416992,29.347816467285156,29.347816467285156,44.64663314819336,44.64663314819336,8.308694839477539,8.308694839477539,0.0,0.0,180.0
443,1.8458333333333332,0.35008913324695556,-9.77194588207726,-221.1354400171335,0.35008913324695556,-9.77194588207726,-221.1354400171335,5.0,-5.0,0.0,0.0,15.0,0,0.5,0.0,0.0,4.0,4.0,4.0,9.77194595336914,9.771944046020508,9.77194595336914,9.77194595336914,0.309348464012146,0.3091311752796173,-8.509130477905273,-8.615896224975586,-0.12970323860645294,-0.12970323860645294,0.0,0.0,nan,nan,30.896617889404297,30.896617889404297,61.793235778808594,0.0,8.437788963317871,1.629106044769287,0.0,0.0,0.0,1.629106044769287,0.0,8.437788963317871,0.0,0.0,0.0,-0.5349011421203613,2.197486400604248,8.290669441223145,0.0,0.0,0.0,0.0,8.437788963317871,1.629106044769287,0.0,0.0,0.0,1.629106044769287,0.0,8.437788963317871,-0.0,-0.0,-0.0,-0.5349006652832031,-2.1974873542785645,8.290669441223145,0.0,0.0,0.0,4.470348358154297e-08,0.0,0.6000000238418579,-7.450580596923828e-08,0.05600005388259888,0.5999999642372131,-7.450580596923828e-08,-0.055999934673309326,0.6000000238418579,-1.0698018074035645,-9.5367431640625e-07,16.58133888244629,0.0,0.0,0.0,1.1324882507324219e-06,2.0085321921214927e-06,9.12696123123169e-08,18.42395782470703,18.423959732055664,41.59705352783203,41.59705352783203,0.4165618121623993,0.4165618121623993,0.5018131136894226,0.5018131136894226,0.08162510395050049,0.08162510395050049,0.0,0.0,5.696693420410156,5.696693420410156,2.741095781326294,2.741095781326294,1.7165427207946777,1.7165427207946777,0.0,0.0,-0.0874367505311966,-0.0874367505311966,1.629106044769287,1.629106044769287,0.6875313520431519,0.6875313520431519,0.017751619219779968,0.017751619219779968,0.39999139308929443,0.39999139308929443,69.54007720947266,69.54007720947266,33.391475677490234,33.391475677490234,48.6605339050293,48.6605339050293,7.568552494049072,7.568552494049072,0.0,0.0,180.0
444,1.8499999999999999,0.3075292439994227,-10.638128687277362,-194.25228672258464,0.3075292439994227,-10.638128687277362,-194.25228672258464,5.0,-5.0,0.0,0.0,15.0,0,0.5,0.0,0.0,4.0,4.0,4.0,10.638126373291016,10.638126373291016,10.638128280639648,10.638128280639648,0.2651907205581665,0.264863520860672,-8.524703979492188,-8.6701021194458,-0.14120009541511536,-0.14120009541511536,0.0,0.0,nan,nan,36.02296447753906,36.02296447753906,72.04592895507812,0.0,8.969316482543945,1.9900643825531006,0.0,0.0,0.0,1.9900643825531006,0.0,8.969316482543945,0.0,0.0,0.0,-0.3427571654319763,1.9653526544570923,8.968215942382812,0.0,0.0,0.0,0.0,8.969316482543945,1.9900643825531006,0.0,0.0,0.0,1.9900643825531006,0.0,8.969316482543945,-0.0,-0.0,-0.0,-0.34275713562965393,-1.9653542041778564,8.968215942382812,0.0,0.0,0.0,4.470348358154297e-08,0.0,0.6000000238418579,-1.043081283569336e-07,0.05600002408027649,0.5999999642372131,0.0,-0.055999934673309326,0.6000000238418579,-0.6855143308639526,-1.5497207641601562e-06,17.936431884765625,0.0,0.0,0.0,9.5367431640625e-07,1.757708673721936e-06,-1.73225998878479e-07,19.592592239379883,19.592592239379883,43.749908447265625,43.749908447265625,0.3882598280906677,0.3882598280906677,0.4860711097717285,0.4860711097717285,0.12566909193992615,0.12566909193992615,0.0,0.0,6.460369110107422,6.460369110107422,2.508946657180786,2.508946657180786,2.08016300201416,2.08016300201416,0.0,0.0,-0.09009853005409241,-0.09009853005409241,1.9900643825531006,1.9900643825531006,0.6875313520431519,0.6875313520431519,0.046915218234062195,0.046915218234062195,0.41451317071914673,0.41451317071914673,75.62899017333984,75.62899017333984,36.9876823425293,36.9876823425293,52.22402572631836,52.22402572631836,6.9098310470581055,6.9098310470581055,0.0,0.0,180.0
445,1.8541666666666667,0.26160000000000055,-11.387757928408105,-165.24086472479883,0.26160000000000055,-11.387757928408105,-165.24086472479883,5.0,-5.0,0.0,0.0,15.0,0,0.5,0.0,0.0,4.0,4.0,4.0,11.38775634765625,11.387758255004883,11.387758255004883,11.387758255004883,0.21809609234333038,0.2176627665758133,-8.451909065246582,-8.634444236755371,-0.1511499434709549,-0.1511499434709549,0.0,0.0,nan,nan,40.80731201171875,40.80731201171875,81.6146240234375,0.0,9.452922821044922,2.3563876152038574,0.0,0.0,0.0,2.3563876152038574,0.0,9.452922821044922,0.0,0.0,0.0,-0.1331367939710617,1.6456718444824219,9.601268768310547,0.0,0.0,0.0,0.0,9.452922821044922,2.3563876152038574,0.0,0.0,0.0,2.3563876152038574,0.0,9.452922821044922,-0.0,-0.0,-0.0,-0.13313664495944977,-1.6456737518310547,9.60126781463623,0.0,0.0,0.0,4.470348358154297e-08,0.0,0.6000000238418579,-1.2665987014770508e-07,0.05600002408027649,0.5999999642372131,2.9802322387695312e-08,-0.055999964475631714,0.6000000238418579,-0.2662734389305115,-1.9073486328125e-06,19.202537536621094,0.0,0.0,0.0,7.152557373046875e-07,1.7963111531571485e-06,-2.4121254682540894e-07,20.53957176208496,20.539573669433594,45.360450744628906,45.360450744628906,0.37411409616470337,0.37411409616470337,0.46373581886291504,0.46373581886291504,0.1621500849723816,0.1621500849723816,0.0,0.0,7.199442386627197,7.199442386627197,2.253480911254883,2.253480911254883,2.448979616165161,2.448979616165161,0.0,0.0,-0.09259215742349625,-0.09259215742349625,2.3563876152038574,2.3563876152038574,0.6875313520431519,0.6875313520431519,0.07426454871892929,0.07426454871892929,0.42606160044670105,0.42606160044670105,80.8786849975586,80.8786849975586,40.102500915527344,40.102500915527344,55.30354690551758,55.30354690551758,6.339746475219727,6.339746475219727,0.0,0.0,180.0
446,1.8583333333333334,0.21280461165725895,-12.012620510633658,-134.41902923421407,0.21280461165725895,-12.012620510633658,-134.41902923421407,5.0,-5.0,0.0,0.0,15.0,0,0.5,0.0,0.0,4.0,4.0,4.0,12.012622833251953,12.01262092590332,12.01262092590332,12.01262092590332,0.16858753561973572,0.16805292665958405,-8.290440559387207,-8.508199691772461,-0.15944376587867737,-0.15944376587867737,0.0,0.0,nan,nan,45.04187774658203,45.04187774658203,90.08375549316406,0.0,9.872970581054688,2.7123494148254395,0.0,0.0,0.0,2.7123494148254395,0.0,9.872970581054688,0.0,0.0,0.0,0.08493616431951523,1.2425365447998047,10.162739753723145,0.0,0.0,0.0,0.0,9.872970581054688,2.7123494148254395,0.0,0.0,0.0,2.7123494148254395,0.0,9.872970581054688,-0.0,-0.0,-0.0,0.08493637293577194,-1.2425388097763062,10.162738800048828,0.0,0.0,0.0,4.470348358154297e-08,0.0,0.6000000238418579,-1.4901161193847656e-08,0.05600005388259888,0.5999999642372131,-8.940696716308594e-08,-0.055999964475631714,0.6000000238418579,0.16987253725528717,-2.2649765014648438e-06,20.325477600097656,0.0,0.0,0.0,1.0132789611816406e-06,1.963613385669305e-06,9.685754776000977e-08,21.284902572631836,21.284902572631836,46.54609298706055,46.54609298706055,0.3599705994129181,0.3599705994129181,0.45232340693473816,0.45232340693473816,0.18770600855350494,0.18770600855350494,0.0,0.0,7.895265579223633,7.895265579223633,1.977705478668213,1.977705478668213,2.8071603775024414,2.8071603775024414,0.0,0.0,-0.09481063485145569,-0.09481063485145569,2.7123494148254395,2.7123494148254395,0.6875313520431519,0.6875313520431519,0.09953662008047104,0.09953662008047104,0.4345467686653137,0.4345467686653137,85.24230194091797,85.24230194091797,42.70792007446289,42.70792007446289,57.8714714050293,57.8714714050293,5.864545822143555,5.864545822143555,0.0,0.0,180.0
447,1.8625,0.1616776914569725,-12.505870308742256,-102.12447073034899,0.1616776914569725,-12.505870308742256,-102.12447073034899,5.0,-5.0,0.0,0.0,15.0,0,0.5,0.0,0.0,4.0,4.0,4.0,12.505867004394531,12.505868911743164,12.50586986541748,12.50586986541748,0.11721450090408325,0.11658472567796707,-8.04092025756836,-8.2915620803833,-0.1659906804561615,-0.1659906804561615,0.0,0.0,nan,nan,48.5326042175293,48.5326042175293,97.0652084350586,0.0,10.214041709899902,3.041612148284912,0.0,0.0,0.0,3.041612148284912,0.0,10.214041709899902,0.0,0.0,0.0,0.30183112621307373,0.765953540802002,10.62545394897461,0.0,0.0,0.0,0.0,10.214041709899902,3.041612148284912,0.0,0.0,0.0,3.041612148284912,0.0,10.214041709899902,-0.0,-0.0,-0.0,0.30183032155036926,-0.7659557461738586,10.625452995300293,0.0,0.0,0.0,4.470348358154297e-08,0.0,0.6000000238418579,-1.341104507446289e-07,0.05600002408027649,0.5999999642372131,-1.4901161193847656e-08,-0.05599990487098694,0.5999999642372131,0.6036614179611206,-2.205371856689453e-06,21.25090789794922,0.0,0.0,0.0,1.3113021850585938e-06,2.497324658179423e-06,-1.73225998878479e-07,21.85128402709961,21.851276397705078,47.39370346069336,47.39369201660156,0.34582775831222534,0.34582775831222534,0.4401395618915558,0.4401395618915558,0.21403278410434723,0.21403278410434723,0.0,0.0,8.529619216918945,8.529619216918945,1.684422254562378,1.684422254562378,3.1382670402526855,3.1382670402526855,0.0,0.0,-0.09665454924106598,-0.09665454924106598,3.041612148284912,3.041612148284912,0.6875313520431519,0.6875313520431519,0.12249677628278732,0.12249677628278732,0.43991780281066895,0.43991780281066895,88.6827163696289,88.6827163696289,44.78164291381836,44.78164291381836,59.9058952331543,59.9058952331543,5.489435195922852,5.489435195922852,0.0,0.0,180.0
448,1.8666666666666667,0.10877939663585141,-12.862103174726666,-68.71101515424282,0.10877939663585141,-12.862103174726666,-68.71101515424282,5.0,-5.0,0.0,0.0,15.0,0,0.5,0.0,0.0,4.0,4.0,4.0,12.862104415893555,12.862102508544922,12.862103462219238,12.862103462219238,0.06454700976610184,0.0638289675116539,-7.70494270324707,-7.985764503479004,-0.1707189679145813,-0.1707189679145813,0.0,0.0,nan,nan,51.111480712890625,51.111480712890625,102.22296142578125,0.0,10.461870193481445,3.3284010887145996,0.0,0.0,0.0,3.3284010887145996,0.0,10.461870193481445,0.0,0.0,0.0,0.5079259276390076,0.23183894157409668,10.964363098144531,0.0,0.0,0.0,0.0,10.461870193481445,3.3284010887145996,0.0,0.0,0.0,3.3284010887145996,0.0,10.461870193481445,-0.0,-0.0,-0.0,0.507925808429718,-0.2318411022424698,10.964363098144531,0.0,0.0,0.0,4.470348358154297e-08,0.0,0.6000000238418579,-8.940696716308594e-08,0.05600005388259888,0.5999999642372131,1.4901161193847656e-08,-0.055999964475631714,0.6000000238418579,1.0158517360687256,-2.16066837310791e-06,21.928726196289062,0.0,0.0,0.0,9.5367431640625e-07,1.7669244698481634e-06,-7.636845111846924e-08,22.26312828063965,22.26312828063965,47.965152740478516,47.96514892578125,0.33168351650238037,0.33168351650238037,0.4408826231956482,0.4408826231956482,0.2274339199066162,0.2274339199066162,0.0,0.0,9.085651397705078,9.085651397705078,1.3762192726135254,1.3762192726135254,3.4264395236968994,3.4264395236968994,0.0,0.0,-0.09803842753171921,-0.09803842753171921,3.3284010887145996,3.3284010887145996,0.6875313520431519,0.6875313520431519,0.14293727278709412,0.14293727278709412,0.4421597719192505,0.4421597719192505,91.17183685302734,91.17183685302734,46.30663299560547,46.30663299560547,61.39023208618164,61.39023208618164,5.218523979187012,5.218523979187012,0.0,0.0,180.0
449,1.8708333333333333,0.054689291981635704,-13.077416146760639,-34.54474731740241,0.054689291981635704,-13.077416146760639,-34.54474731740241,5.0,-5.0,0.0,0.0,15.0,0,0.5,0.0,0.0,4.0,4.0,4.0,13.077413558959961,13.077415466308594,13.077417373657227,13.07741641998291,0.011168430559337139,0.010370032861828804,-7.285177230834961,-7.593106746673584,-0.17357681691646576,-0.17357681691646576,0.0,0.0,nan,nan,52.64690017700195,52.64690017700195,105.2938003540039,0.0,10.604192733764648,3.558640956878662,0.0,0.0,0.0,3.558640956878662,0.0,10.604192733764648,0.0,0.0,0.0,0.694218635559082,-0.33851179480552673,11.158686637878418,0.0,0.0,0.0,0.0,10.604192733764648,3.558640956878662,0.0,0.0,0.0,3.558640956878662,0.0,10.604192733764648,-0.0,-0.0,-0.0,0.6942183375358582,0.33850958943367004,11.158686637878418,0.0,0.0,0.0,4.470348358154297e-08,0.0,0.6000000238418579,-1.2665987014770508e-07,0.05600002408027649,0.5999999642372131,-1.4901161193847656e-08,-0.055999964475631714,0.6000000238418579,1.388437032699585,-2.205371856689453e-06,22.317373275756836,0.0,0.0,0.0,6.556510925292969e-07,2.5359208848385606e-06,-1.862645149230957e-08,22.551340103149414,22.551340103149414,48.30184555053711,48.301841735839844,0.33168351650238037,0.33168351650238037,0.42734771966934204,0.42734771966934204,0.24096885323524475,0.24096885323524475,0.0,0.0,9.548687934875488,9.548687934875488,1.055504560470581,1.055504560470581,3.6575374603271484,3.6575374603271484,0.0,0.0,-0.09889648109674454,-0.09889648109674454,3.558640956878662,3.558640956878662,0.6875313520431519,0.6875313520431519,0.16067491471767426,0.16067491471767426,0.44128894805908203,0.44128894805908203,92.68999481201172,92.68999481201172,47.27080535888672,47.27080535888672,62.31283950805664,62.31283950805664,5.054781436920166,5.054781436920166,0.0,0.0,180.0
450,1.875,2.819882604719265e-15,-13.149450210865439,-1.781192049029925e-12,2.819882604719265e-15,-13.149450210865439,-1.781192049029925e-12,5.0,-5.0,0.0,0.0,15.0,0,0.5,0.0,0.0,4.0,4.0,4.0,13.14945125579834,13.14944839477539,13.149450302124023,13.149450302124023,-0.04204782843589783,-0.042920004576444626,-6.7399582862854,-7.070716857910156,-0.1745329201221466,-0.1745329201221466,0.0,0.0,nan,nan,51.63037872314453,51.63037872314453,103.26075744628906,0.0,10.212841033935547,3.891202926635742,0.0,0.0,0.0,3.891202926635742,0.0,10.212841033935547,0.0,0.0,0.0,1.1252487897872925,-0.8835021257400513,10.834980964660645,0.0,0.0,0.0,0.0,10.212841033935547,3.891202926635742,0.0,0.0,0.0,3.891202926635742,0.0,10.212841033935547,-0.0,-0.0,-0.0,1.125248670578003,0.8834998607635498,10.834980964660645,0.0,0.0,0.0,4.470348358154297e-08,0.0,0.6000000238418579,0.0,0.05600005388259888,0.6000000238418579,-5.960464477539063e-08,-0.055999934673309326,0.6000000238418579,2.250497341156006,-2.2649765014648438e-06,21.66996192932129,0.0,0.0,0.0,1.2516975402832031e-06,1.614537950445083e-06,-1.9371509552001953e-07,22.721416473388672,22.721416473388672,48.42781066894531,48.42781066894531,0.33168351650238037,0.33168351650238037,0.42734771966934204,0.42734771966934204,0.24096885323524475,0.24096885323524475,0.0,0.0,10.212841033935547,10.212841033935547,2.352233364414768e-14,2.352233364414768e-14,3.9903903007507324,3.9903903007507324,0.0,0.0,-0.0991872251033783,-0.0991872251033783,3.891202926635742,3.891202926635742,0.6875313520431519,0.6875313520431519,0.1884465217590332,0.1884465217590332,0.4502459168434143,0.4502459168434143,93.22547149658203,93.22547149658203,47.670352935791016,47.670352935791016,62.670352935791016,62.670352935791016,5.000000953674316,5.000000953674316,0.0,0.0,180.0
451,1.8791666666666667,-0.054689291981633796,-13.077416146760644,34.5447473174012,-0.054689291981633796,-13.077416146760644,34.5447473174012,5.0,-5.0,0.0,0.0,15.0,0,0.5,0.0,0.0,4.0,4.0,4.0,13.077411651611328,13.077411651611328,13.07741641998291,13.07741641998291,-0.09536141157150269,-0.09629354625940323,-6.2103447914123535,-6.562084197998047,-0.17357681691646576,-0.17357681691646576,0.0,0.0,nan,nan,52.291194915771484,52.291194915771484,104.58238983154297,0.0,10.537731170654297,3.8076071739196777,0.0,0.0,0.0,3.8076071739196777,0.0,10.537731170654297,0.0,0.0,0.0,0.9776893258094788,-1.4840997457504272,11.062695503234863,0.0,0.0,0.0,0.0,10.537731170654297,3.8076071739196777,0.0,0.0,0.0,3.8076071739196777,0.0,10.537731170654297,-0.0,-0.0,-0.0,0.9776883125305176,1.4840975999832153,11.062695503234863,0.0,0.0,0.0,4.470348358154297e-08,0.0,0.6000000238418579,-1.341104507446289e-07,0.05600005388259888,0.5999999642372131,-8.940696716308594e-08,-0.055999934673309326,0.6000000238418579,1.9553775787353516,-2.1457672119140625e-06,22.125391006469727,0.0,0.0,0.0,1.2516975402832031e-06,3.4035124372167047e-06,-1.043081283569336e-07,22.75739288330078,22.75739288330078,48.35152053833008,48.35151672363281,0.33168351650238037,0.33168351650238037,0.42734771966934204,0.42734771966934204,0.24096885323524475,0.24096885323524475,0.0,0.0,10.152026176452637,10.152026176452637,0.3857057988643646,0.3857057988643646,3.906503677368164,3.906503677368164,0.0,0.0,-0.09889648109674454,-0.09889648109674454,3.8076071739196777,3.8076071739196777,0.6875313520431519,0.6875313520431519,0.1874222308397293,0.1874222308397293,0.43040701746940613,0.43040701746940613,92.77405548095703,92.77405548095703,47.491207122802734,47.491207122802734,62.44917297363281,62.44917297363281,5.054781436920166,5.054781436920166,0.0,0.0,180.0
452,1.8833333333333333,-0.10877939663584953,-12.862103174726675,68.71101515424162,-0.10877939663584953,-12.862103174726675,68.71101515424162,5.0,-5.0,0.0,0.0,15.0,0,0.5,0.0,0.0,4.0,4.0,4.0,12.862103462219238,12.862100601196289,12.862103462219238,12.862103462219238,-0.1473393440246582,-0.14832346141338348,-5.5660576820373535,-5.934005260467529,-0.1707189679145813,-0.1707189679145813,0.0,0.0,nan,nan,50.382816314697266,50.382816314697266,100.76563262939453,0.0,10.320570945739746,3.81473970413208,0.0,0.0,0.0,3.81473970413208,0.0,10.320570945739746,0.0,0.0,0.0,1.0644288063049316,-2.0037968158721924,10.766531944274902,0.0,0.0,0.0,0.0,10.320570945739746,3.81473970413208,0.0,0.0,0.0,3.81473970413208,0.0,10.320570945739746,-0.0,-0.0,-0.0,1.0644290447235107,2.0037944316864014,10.766532897949219,0.0,0.0,0.0,4.470348358154297e-08,0.0,0.6000000238418579,0.0,0.05600005388259888,0.6000000238418579,-7.450580596923828e-08,-0.05599990487098694,0.5999999642372131,2.1288578510284424,-2.384185791015625e-06,21.533065795898438,0.0,0.0,0.0,1.6689300537109375e-06,1.7013273918564664e-06,-2.942979335784912e-07,22.6500244140625,22.6500244140625,48.06657791137695,48.06657791137695,0.33168351650238037,0.33168351650238037,0.4408826231956482,0.4408826231956482,0.2274339199066162,0.2274339199066162,0.0,0.0,10.279309272766113,10.279309272766113,0.04126247018575668,0.04126247018575668,3.91277813911438,3.91277813911438,0.0,0.0,-0.09803842753171921,-0.09803842753171921,3.81473970413208,3.81473970413208,0.6875313520431519,0.6875313520431519,0.19617444276809692,0.19617444276809692,0.42055070400238037,0.42055070400238037,91.33904266357422,91.33904266357422,46.745609283447266,46.745609283447266,61.66200637817383,61.66200637817383,5.218523979187012,5.218523979187012,0.0,0.0,180.0
453,1.8875,-0.16167769145697067,-12.50587030874227,102.12447073034784,-0.16167769145697067,-12.50587030874227,102.12447073034784,5.0,-5.0,0.0,0.0,15.0,0,0.5,0.0,0.0,4.0,4.0,4.0,12.50586986541748,12.505867004394531,12.50586986541748,12.50586986541748,-0.19769495725631714,-0.1987203061580658,-4.859506130218506,-5.239599227905273,-0.1659906804561615,-0.1659906804561615,0.0,0.0,nan,nan,47.40152359008789,47.40152359008789,94.80304718017578,0.0,9.981866836547852,3.742885112762451,0.0,0.0,0.0,3.742885112762451,0.0,9.981866836547852,0.0,0.0,0.0,1.111084222793579,-2.453061580657959,10.314786911010742,0.0,0.0,0.0,0.0,9.981866836547852,3.742885112762451,0.0,0.0,0.0,3.742885112762451,0.0,9.981866836547852,-0.0,-0.0,-0.0,1.1110844612121582,2.4530587196350098,10.314787864685059,0.0,0.0,0.0,4.470348358154297e-08,0.0,0.6000000238418579,-1.4901161193847656e-08,0.05600005388259888,0.6000000238418579,-4.470348358154297e-08,-0.05599990487098694,0.5999999642372131,2.2221686840057373,-2.86102294921875e-06,20.629573822021484,0.0,0.0,0.0,1.6093254089355469e-06,1.4707973150507314e-06,-2.2351741790771484e-07,22.38785743713379,22.387853622436523,47.55125045776367,47.55125427246094,0.33168351650238037,0.33168351650238037,0.45428380370140076,0.45428380370140076,0.21403278410434723,0.21403278410434723,0.0,0.0,10.288066864013672,10.288066864013672,-0.3061996400356293,-0.3061996400356293,3.8395395278930664,3.8395395278930664,0.0,0.0,-0.09665454924106598,-0.09665454924106598,3.742885112762451,3.742885112762451,0.6875313520431519,0.6875313520431519,0.20170819759368896,0.20170819759368896,0.4078860282897949,0.4078860282897949,88.93122863769531,88.93122863769531,45.435482025146484,45.435482025146484,60.31122589111328,60.31122589111328,5.489435195922852,5.489435195922852,0.0,0.0,180.0
454,1.8916666666666666,-0.21280461165725723,-12.012620510633678,134.41902923421296,-0.21280461165725723,-12.012620510633678,134.41902923421296,5.0,-5.0,0.0,0.0,15.0,0,0.5,0.0,0.0,4.0,4.0,4.0,12.012622833251953,12.012619018554688,12.012621879577637,12.012621879577637,-0.24587805569171906,-0.2469334602355957,-4.098662853240967,-4.486714839935303,-0.15944376587867737,-0.15944376587867737,0.0,0.0,nan,nan,43.476402282714844,43.476402282714844,86.95280456542969,0.0,9.527621269226074,3.5967259407043457,0.0,0.0,0.0,3.5967259407043457,0.0,9.527621269226074,0.0,0.0,0.0,1.1179596185684204,-2.810337781906128,9.724411010742188,0.0,0.0,0.0,0.0,9.527621269226074,3.5967259407043457,0.0,0.0,0.0,3.5967259407043457,0.0,9.527621269226074,-0.0,-0.0,-0.0,1.1179596185684204,2.810335159301758,9.724411964416504,0.0,0.0,0.0,4.470348358154297e-08,0.0,0.6000000238418579,1.4901161193847656e-08,0.056000083684921265,0.6000000238418579,-1.4901161193847656e-08,-0.055999964475631714,0.6000000238418579,2.235919237136841,-2.6226043701171875e-06,19.448822021484375,0.0,0.0,0.0,1.0728836059570312e-06,8.69430152761197e-07,-2.1606683731079102e-07,21.956323623657227,21.95631980895996,46.766902923583984,46.766902923583984,0.34582775831222534,0.34582775831222534,0.45338863134384155,0.45338863134384155,0.20078371465206146,0.20078371465206146,0.0,0.0,10.181463241577148,10.181463241577148,-0.6538419723510742,-0.6538419723510742,3.6915364265441895,3.6915364265441895,0.0,0.0,-0.09481063485145569,-0.09481063485145569,3.5967259407043457,3.5967259407043457,0.6875313520431519,0.6875313520431519,0.20394764840602875,0.20394764840602875,0.3925364315509796,0.3925364315509796,85.56938934326172,85.56938934326172,43.570987701416016,43.570987701416016,58.407440185546875,58.407440185546875,5.864545822143555,5.864545822143555,0.0,0.0,180.0
455,1.8958333333333333,-0.2615999999999989,-11.38775792840813,165.24086472479775,-0.2615999999999989,-11.38775792840813,165.24086472479775,5.0,-5.0,0.0,0.0,15.0,0,0.5,0.0,0.0,4.0,4.0,4.0,11.387757301330566,11.387755393981934,11.387758255004883,11.387758255004883,-0.2913639545440674,-0.2924378514289856,-3.2923929691314697,-3.684140920639038,-0.1511499434709549,-0.1511499434709549,0.0,0.0,nan,nan,38.78638458251953,38.78638458251953,77.57276916503906,0.0,8.967832565307617,3.3847107887268066,0.0,0.0,0.0,3.3847107887268066,0.0,8.967832565307617,0.0,0.0,0.0,1.0876402854919434,-3.060027599334717,9.018401145935059,0.0,0.0,0.0,0.0,8.967832565307617,3.3847107887268066,0.0,0.0,0.0,3.3847107887268066,0.0,8.967832565307617,-0.0,-0.0,-0.0,1.0876400470733643,3.060025453567505,9.018402099609375,0.0,0.0,0.0,4.470348358154297e-08,0.0,0.6000000238418579,-5.960464477539063e-08,0.05600005388259888,0.6000000238418579,-1.043081283569336e-07,-0.05599990487098694,0.5999999642372131,2.1752803325653076,-2.1457672119140625e-06,18.03680419921875,0.0,0.0,0.0,1.430511474609375e-06,2.2197107227839297e-06,-3.0919909477233887e-07,21.33799934387207,21.337997436523438,45.65513610839844,45.65513610839844,0.3599705994129181,0.3599705994129181,0.46520882844924927,0.46520882844924927,0.17482061684131622,0.17482061684131622,0.0,0.0,9.966314315795898,9.966314315795898,-0.998481035232544,-0.998481035232544,3.4773027896881104,3.4773027896881104,0.0,0.0,-0.09259215742349625,-0.09259215742349625,3.3847107887268066,3.3847107887268066,0.6875313520431519,0.6875313520431519,0.20284099876880646,0.20284099876880646,0.3746427595615387,0.3746427595615387,81.2807846069336,81.2807846069336,41.16713333129883,41.16713333129883,55.966087341308594,55.966087341308594,6.339746475219727,6.339746475219727,0.0,0.0,180.0
456,1.9,-0.3075292439994211,-10.63812868727739,194.25228672258365,-0.3075292439994211,-10.63812868727739,194.25228672258365,5.0,-5.0,0.0,0.0,15.0,0,0.5,0.0,0.0,4.0,4.0,4.0,10.6381254196167,10.638129234313965,10.638128280639648,10.638129234313965,-0.3336593806743622,-0.3347400426864624,-2.4503250122070312,-2.841481924057007,-0.14120009541511536,-0.14120009541511536,0.0,0.0,nan,nan,33.55207061767578,33.55207061767578,67.10414123535156,0.0,8.316140174865723,3.1183838844299316,0.0,0.0,0.0,3.1183838844299316,0.0,8.316140174865723,0.0,0.0,0.0,1.0247893333435059,-3.1935651302337646,8.223956108093262,0.0,0.0,0.0,0.0,8.316140174865723,3.1183838844299316,0.0,0.0,0.0,3.1183838844299316,0.0,8.316140174865723,-0.0,-0.0,-0.0,1.024788498878479,3.1935641765594482,8.223957061767578,0.0,0.0,0.0,4.470348358154297e-08,0.0,0.6000000238418579,-4.470348358154297e-08,0.0559999942779541,0.6000000238418579,-2.9802322387695312e-08,-0.055999934673309326,0.5999999642372131,2.0495777130126953,-9.5367431640625e-07,16.447914123535156,0.0,0.0,0.0,6.258487701416016e-07,1.2869293186668074e-06,-5.960464477539063e-08,20.513864517211914,20.513864517211914,44.13380813598633,44.13380813598633,0.37411409616470337,0.37411409616470337,0.48833751678466797,0.48833751678466797,0.13754841685295105,0.13754841685295105,0.0,0.0,9.652700424194336,9.652700424194336,-1.3365604877471924,-1.3365604877471924,3.208482265472412,3.208482265472412,0.0,0.0,-0.09009853005409241,-0.09009853005409241,3.1183838844299316,3.1183838844299316,0.6875313520431519,0.6875313520431519,0.19836385548114777,0.19836385548114777,0.35436469316482544,0.35436469316482544,76.1016845703125,76.1016845703125,38.24410629272461,38.24410629272461,53.00776290893555,53.00776290893555,6.9098310470581055,6.9098310470581055,0.0,0.0,180.0
457,1.9041666666666666,-0.3500891332469541,-9.771945882077294,221.1354400171326,-0.3500891332469541,-9.771945882077294,221.1354400171326,5.0,-5.0,0.0,0.0,15.0,0,0.5,0.0,0.0,4.0,4.0,4.0,9.771944046020508,9.771944046020508,9.77194595336914,9.77194595336914,-0.3723071813583374,-0.37338271737098694,-1.5826985836029053,-1.969012975692749,-0.12970323860645294,-0.12970323860645294,0.0,0.0,nan,nan,28.023643493652344,28.023643493652344,56.04728698730469,0.0,7.589224338531494,2.811491012573242,0.0,0.0,0.0,2.811491012573242,0.0,7.589224338531494,0.0,0.0,0.0,0.935802698135376,-3.2099151611328125,7.370314598083496,0.0,0.0,0.0,0.0,7.589224338531494,2.811491012573242,0.0,0.0,0.0,2.811491012573242,0.0,7.589224338531494,-0.0,-0.0,-0.0,0.9358021020889282,3.2099132537841797,7.370315074920654,0.0,0.0,0.0,4.470348358154297e-08,0.0,0.6000000238418579,-2.9802322387695312e-08,0.05600002408027649,0.6000000238418579,-5.960464477539063e-08,-0.05599990487098694,0.5999999642372131,1.8716048002243042,-1.9073486328125e-06,14.740629196166992,0.0,0.0,0.0,1.043081283569336e-06,1.2621368341569905e-06,-2.421438694000244e-07,19.466066360473633,19.466066360473633,42.091888427734375,42.09187698364258,0.4024088680744171,0.4024088680744171,0.5055375695228577,0.5055375695228577,0.0920536071062088,0.0920536071062088,0.0,0.0,9.253393173217773,9.253393173217773,-1.6641682386398315,-1.6641682386398315,2.898927688598633,2.898927688598633,0.0,0.0,-0.0874367505311966,-0.0874367505311966,2.811491012573242,2.811491012573242,0.6875313520431519,0.6875313520431519,0.1905231773853302,0.1905231773853302,0.3318822383880615,0.3318822383880615,70.07818603515625,70.07818603515625,34.82772445678711,34.82772445678711,49.55867004394531,49.55867004394531,7.568552494049072,7.568552494049072,0.0,0.0,180.0
458,1.9083333333333332,-0.38881337268976995,-8.798699592882084,245.5957871552864,-0.38881337268976995,-8.798699592882084,245.5957871552864,5.0,-5.0,0.0,0.0,15.0,0,0.5,0.0,0.0,4.0,4.0,4.0,8.798697471618652,8.798699378967285,8.798699378967285,8.798699378967285,-0.4068913161754608,-0.4079497456550598,-0.7001919746398926,-1.0774734020233154,-0.11678532510995865,-0.11678532510995865,0.0,0.0,nan,nan,22.46521759033203,22.46521759033203,44.93043518066406,0.0,6.806042671203613,2.478945255279541,0.0,0.0,0.0,2.478945255279541,0.0,6.806042671203613,0.0,0.0,0.0,0.828307569026947,-3.1152701377868652,6.486631393432617,0.0,0.0,0.0,0.0,6.806042671203613,2.478945255279541,0.0,0.0,0.0,2.478945255279541,0.0,6.806042671203613,-0.0,-0.0,-0.0,0.8283069133758545,3.1152687072753906,6.486631870269775,0.0,0.0,0.0,4.470348358154297e-08,0.0,0.6000000238418579,-1.1920928955078125e-07,0.05600005388259888,0.6000000238418579,7.450580596923828e-08,-0.055999964475631714,0.6000000238418579,1.6566145420074463,-1.430511474609375e-06,12.973262786865234,0.0,0.0,0.0,5.662441253662109e-07,8.699250315657991e-07,4.917383193969727e-07,18.1834716796875,18.1834716796875,39.3846321105957,39.38462829589844,0.43071863055229187,0.43071863055229187,0.5245851278305054,0.5245851278305054,0.04469626769423485,0.04469626769423485,0.0,0.0,8.783141136169434,8.783141136169434,-1.9770989418029785,-1.9770989418029785,2.563660144805908,2.563660144805908,0.0,0.0,-0.08471508324146271,-0.08471508324146271,2.478945255279541,2.478945255279541,0.6875313520431519,0.6875313520431519,0.17936104536056519,0.17936104536056519,0.3073979318141937,0.3073979318141937,63.26660919189453,63.26660919189453,30.94968032836914,30.94968032836914,45.6508674621582,45.6508674621582,8.308694839477539,8.308694839477539,0.0,0.0,180.0
459,1.9124999999999999,-0.4232776914569703,-7.729052909700932,267.36533545514607,-0.4232776914569703,-7.729052909700932,267.36533545514607,5.0,-5.0,0.0,0.0,15.0,0,0.5,0.0,0.0,4.0,4.0,4.0,7.7290520668029785,7.729051113128662,7.729052543640137,7.729052543640137,-0.4370405077934265,-0.4380701780319214,0.18627363443374634,-0.17791825532913208,-0.10258787870407104,-0.10258787870407104,0.0,0.0,nan,nan,17.13665008544922,17.13665008544922,34.27330017089844,0.0,5.98688268661499,2.135742664337158,0.0,0.0,0.0,2.135742664337158,0.0,5.98688268661499,0.0,0.0,0.0,0.7105571031570435,-2.922109603881836,5.600049018859863,0.0,0.0,0.0,0.0,5.98688268661499,2.135742664337158,0.0,0.0,0.0,2.135742664337158,0.0,5.98688268661499,-0.0,-0.0,-0.0,0.7105568051338196,2.9221088886260986,5.600049018859863,0.0,0.0,0.0,4.470348358154297e-08,0.0,0.6000000238418579,-8.940696716308594e-08,0.05600005388259888,0.5999999642372131,-5.960464477539063e-08,-0.055999934673309326,0.6000000238418579,1.4211139678955078,-7.152557373046875e-07,11.200098037719727,0.0,0.0,0.0,4.76837158203125e-07,1.2928032901982078e-06,-1.862645149230957e-08,16.672590255737305,16.672588348388672,35.83316421508789,35.83316421508789,0.4873591661453247,0.4873591661453247,0.5105845332145691,0.5105845332145691,0.002056337660178542,0.002056337660178542,0.0,0.0,8.257841110229492,8.257841110229492,-2.270958185195923,-2.270958185195923,2.217780351638794,2.217780351638794,0.0,0.0,-0.08203749358654022,-0.08203749358654022,2.135742664337158,2.135742664337158,0.6875313520431519,0.6875313520431519,0.16495880484580994,0.16495880484580994,0.28113895654678345,0.28113895654678345,55.73393630981445,55.73393630981445,26.647829055786133,26.647829055786133,41.32252883911133,41.32252883911133,9.122148513793945,9.122148513793945,0.0,0.0,180.0
460,1.9166666666666667,-0.45310449126001845,-6.574725105432713,286.20557318996686,-0.45310449126001845,-6.574725105432713,286.20557318996686,5.0,-5.0,0.0,0.0,15.0,0,0.5,0.0,0.0,4.0,4.0,4.0,6.574723243713379,6.574724197387695,6.574725151062012,6.574725151062012,-0.4624323546886444,-0.46342161297798157,1.0657483339309692,0.7185443639755249,-0.0872664600610733,-0.0872664600610733,0.0,0.0,nan,nan,12.274343490600586,12.274343490600586,24.548686981201172,0.0,5.152291297912598,1.7959200143814087,0.0,0.0,0.0,1.7959200143814087,0.0,5.152291297912598,0.0,0.0,0.0,0.5907725691795349,-2.6477489471435547,4.7341156005859375,0.0,0.0,0.0,0.0,5.152291297912598,1.7959200143814087,0.0,0.0,0.0,1.7959200143814087,0.0,5.152291297912598,-0.0,-0.0,-0.0,0.590772271156311,2.6477479934692383,4.734116077423096,0.0,0.0,0.0,4.470348358154297e-08,0.0,0.6000000238418579,-5.960464477539063e-08,0.05600002408027649,0.5999999642372131,1.4901161193847656e-08,-0.055999964475631714,0.6000000238418579,1.1815447807312012,-9.5367431640625e-07,9.468231201171875,0.0,0.0,0.0,8.940696716308594e-08,5.996815843900549e-07,1.4528632164001465e-07,14.979104042053223,14.979104995727539,31.23953628540039,31.239530563354492,0.557930588722229,0.557930588722229,0.4420694410800934,0.4420694410800934,0.0,0.0,0.0,0.0,7.693597793579102,7.693597793579102,-2.541306257247925,-2.541306257247925,1.8754189014434814,1.8754189014434814,0.0,0.0,-0.07949888706207275,-0.07949888706207275,1.7959200143814087,1.7959200143814087,0.6875313520431519,0.6875313520431519,0.1474398374557495,0.1474398374557495,0.25335875153541565,0.25335875153541565,47.5577392578125,47.5577392578125,21.96617317199707,21.96617317199707,36.617950439453125,36.617950439453125,10.000000953674316,10.000000953674316,0.0,0.0,180.0
461,1.9208333333333334,-0.477966983438609,-5.348363237059768,301.91008277255037,-0.477966983438609,-5.348363237059768,301.91008277255037,5.0,-5.0,0.0,0.0,15.0,0,0.5,0.0,0.0,4.0,4.0,4.0,5.348362922668457,5.348362922668457,5.348363399505615,5.348363399505615,-0.48279547691345215,-0.48373329639434814,1.9274815320968628,1.6009414196014404,-0.07098893821239471,-0.07098893821239471,0.0,0.0,nan,nan,8.073507308959961,8.073507308959961,16.147014617919922,0.0,4.321923732757568,1.4716615676879883,0.0,0.0,0.0,1.4716615676879883,0.0,4.321923732757568,0.0,0.0,0.0,0.4765144884586334,-2.312507152557373,3.9076919555664062,0.0,0.0,0.0,0.0,4.321923732757568,1.4716615676879883,0.0,0.0,0.0,1.4716615676879883,0.0,4.321923732757568,-0.0,-0.0,-0.0,0.4765143394470215,2.312506675720215,3.9076924324035645,0.0,0.0,0.0,4.470348358154297e-08,0.0,0.6000000238418579,-5.960464477539063e-08,0.05600003898143768,0.6000000238418579,-5.960464477539063e-08,-0.055999934673309326,0.6000000238418579,0.9530287981033325,-4.76837158203125e-07,7.815384387969971,0.0,0.0,0.0,3.725290298461914e-07,8.15208125004574e-07,-5.774199962615967e-08,13.231226921081543,13.231224060058594,25.44611167907715,25.44611167907715,0.6680206060409546,0.6680206060409546,0.3319794535636902,0.3319794535636902,0.0,0.0,0.0,0.0,7.105746269226074,7.105746269226074,-2.783823013305664,-2.783823013305664,1.5488433837890625,1.5488433837890625,0.0,0.0,-0.07718174159526825,-0.07718174159526825,1.4716615676879883,1.4716615676879883,0.6875313520431519,0.6875313520431519,0.1269717812538147,0.1269717812538147,0.22433730959892273,0.22433730959892273,38.82585906982422,38.82585906982422,16.954694747924805,16.954694747924805,31.587364196777344,31.587364196777344,10.932634353637695,10.932634353637695,0.0,0.0,180.0
462,1.925,-0.49759276932562463,-4.063403581844636,314.3068023095313,-0.49759276932562463,-4.063403581844636,314.3068023095313,5.0,-5.0,0.0,0.0,15.0,0,0.5,0.0,0.0,4.0,4.0,4.0,4.06340217590332,4.063403606414795,4.063403606414795,4.063403606414795,-0.49791255593299866,-0.4987882673740387,2.761117696762085,2.4586830139160156,-0.05393363907933235,-0.05393363907933235,0.0,0.0,nan,nan,4.674442291259766,4.674442291259766,9.348884582519531,0.0,3.513381242752075,1.1726548671722412,0.0,0.0,0.0,1.1726548671722412,0.0,3.513381242752075,0.0,0.0,0.0,0.37418287992477417,-1.937772274017334,3.1343250274658203,0.0,0.0,0.0,0.0,3.513381242752075,1.1726548671722412,0.0,0.0,0.0,1.1726548671722412,0.0,3.513381242752075,-0.0,-0.0,-0.0,0.37418264150619507,1.9377715587615967,3.1343255043029785,0.0,0.0,0.0,4.470348358154297e-08,0.0,0.6000000238418579,-1.4901161193847656e-07,0.05600002408027649,0.6000000238418579,-1.4901161193847656e-08,-0.055999964475631714,0.5999999642372131,0.7483655214309692,-7.152557373046875e-07,6.268650531768799,0.0,0.0,0.0,2.8312206268310547e-07,7.716834033999476e-07,2.253800630569458e-07,11.729952812194824,11.729949951171875,18.518930435180664,18.518930435180664,0.8289155960083008,0.8289155960083008,0.1710844784975052,0.1710844784975052,0.0,0.0,0.0,0.0,6.507871627807617,6.507871627807617,-2.994490623474121,-2.994490623474121,1.2478089332580566,1.2478089332580566,0.0,0.0,-0.07515415549278259,-0.07515415549278259,1.1726548671722412,1.1726548671722412,0.6875313520431519,0.6875313520431519,0.10376715660095215,0.10376715660095215,0.19438087940216064,0.19438087940216064,29.635650634765625,29.635650634765625,11.668993949890137,11.668993949890137,26.28658103942871,26.28658103942871,11.909831047058105,11.909831047058105,0.0,0.0,180.0
463,1.9291666666666667,-0.5117668247039273,-2.7339244266649465,323.2599107474821,-0.5117668247039273,-2.7339244266649465,323.2599107474821,5.0,-5.0,0.0,0.0,15.0,0,0.5,0.0,0.0,4.0,4.0,4.0,2.733924150466919,2.73392391204834,2.733924388885498,2.733924388885498,-0.507621705532074,-0.5084254741668701,3.556931734085083,3.281764030456543,-0.03628743439912796,-0.03628743439912796,0.0,0.0,nan,nan,2.155184268951416,2.155184268951416,4.310368537902832,0.0,2.741119384765625,0.9057631492614746,0.0,0.0,0.0,0.9057631492614746,0.0,2.741119384765625,0.0,0.0,0.0,0.2887166738510132,-1.5440940856933594,2.422098159790039,0.0,0.0,0.0,0.0,2.741119384765625,0.9057631492614746,0.0,0.0,0.0,0.9057631492614746,0.0,2.741119384765625,-0.0,-0.0,-0.0,0.28871649503707886,1.544093370437622,2.422098398208618,0.0,0.0,0.0,4.470348358154297e-08,0.0,0.6000000238418579,-4.470348358154297e-08,0.05600003898143768,0.6000000238418579,-4.470348358154297e-08,-0.055999964475631714,0.6000000238418579,0.577433168888092,-7.152557373046875e-07,4.844196319580078,0.0,0.0,0.0,1.7881393432617188e-07,4.3310492969794723e-07,-3.166496753692627e-08,11.121833801269531,11.121831893920898,16.643383026123047,16.643383026123047,0.8820533156394958,0.8820533156394958,0.11794667690992355,0.11794667690992355,0.0,0.0,0.0,0.0,5.910890579223633,5.910890579223633,-3.169771671295166,-3.169771671295166,0.9792319536209106,0.9792319536209106,0.0,0.0,-0.07346884906291962,-0.07346884906291962,0.9057631492614746,0.9057631492614746,0.6875313520431519,0.6875313520431519,0.07808203995227814,0.07808203995227814,0.16381949186325073,0.16381949186325073,20.09270668029785,20.09270668029785,6.16955041885376,6.16955041885376,20.776241302490234,20.776241302490234,12.920884132385254,12.920884132385254,0.0,0.0,180.0
464,1.9333333333333333,-0.5203338556566803,-1.3744918233563421,328.67131595679786,-0.5203338556566803,-1.3744918233563421,328.67131595679786,5.0,-5.0,0.0,0.0,15.0,0,0.5,0.0,0.0,4.0,4.0,4.0,1.374491810798645,1.374491810798645,1.374491810798645,1.3744919300079346,-0.5118175148963928,-0.5125400424003601,4.306000232696533,4.060959815979004,-0.018243659287691116,-0.018243659287691116,0.0,0.0,nan,nan,0.5322170853614807,0.5322170853614807,1.0644341707229614,0.0,2.0155587196350098,0.6750735640525818,0.0,0.0,0.0,0.6750735640525818,0.0,2.0155587196350098,0.0,0.0,0.0,0.2235807627439499,-1.1496055126190186,1.7738715410232544,0.0,0.0,0.0,0.0,2.0155587196350098,0.6750735640525818,0.0,0.0,0.0,0.6750735640525818,0.0,2.0155587196350098,-0.0,-0.0,-0.0,0.22358064353466034,1.1496047973632812,1.773871898651123,0.0,0.0,0.0,4.470348358154297e-08,0.0,0.6000000238418579,-7.450580596923828e-08,0.05600002408027649,0.6000000238418579,-4.470348358154297e-08,-0.055999964475631714,0.6000000238418579,0.44716140627861023,-7.152557373046875e-07,3.547743320465088,0.0,0.0,0.0,8.195638656616211e-08,3.7005847275395354e-07,1.3969838619232178e-08,12.324207305908203,12.324207305908203,15.813404083251953,15.813404083251953,0.8820533156394958,0.8820533156394958,0.11794667690992355,0.11794667690992355,0.0,0.0,0.0,0.0,5.32232666015625,5.32232666015625,-3.3067679405212402,-3.3067679405212402,0.7472367882728577,0.7472367882728577,0.0,0.0,-0.07216325402259827,-0.07216325402259827,0.6750735640525818,0.6750735640525818,0.6875313520431519,0.6875313520431519,0.0502132847905159,0.0502132847905159,0.13300344347953796,0.13300344347953796,10.309234619140625,10.309234619140625,0.52083820104599,0.52083820104599,15.12094783782959,15.12094783782959,13.954715728759766,13.954715728759766,0.0,0.0,180.0
465,1.9375,-0.5232,-4.831843558891385e-14,330.4817294495969,-0.5232,-4.831843558891385e-14,330.4817294495969,5.0,-5.0,0.0,0.0,15.0,0,0.5,0.0,0.0,4.0,4.0,4.0,4.8318435434376375e-14,4.8318438822508164e-14,4.8318435434376375e-14,4.8318435434376375e-14,-0.5104531049728394,-0.5110860466957092,5.000348091125488,4.787969589233398,-6.413315783487447e-16,-6.413315783487447e-16,0.0,0.0,nan,nan,-0.23076343536376953,-0.23076343536376953,-0.46152687072753906,0.0,1.342545509338379,0.4823017418384552,0.0,0.0,0.0,0.4823017418384552,0.0,1.342545509338379,0.0,0.0,0.0,0.18102331459522247,-0.7688992023468018,1.1878838539123535,0.0,0.0,0.0,0.0,1.342545509338379,0.4823017418384552,0.0,0.0,0.0,0.4823017418384552,0.0,1.342545509338379,-0.0,-0.0,-0.0,0.18102328479290009,0.7688989043235779,1.187883973121643,0.0,0.0,0.0,4.470348358154297e-08,0.0,0.6000000238418579,1.4901161193847656e-08,0.05600003898143768,0.6000000238418579,0.0,-0.05599997937679291,0.5999999642372131,0.36204659938812256,-2.980232238769531e-07,2.375767707824707,0.0,0.0,0.0,1.1175870895385742e-07,7.771441801196488e-08,-2.421438694000244e-08,14.99998950958252,14.99998950958252,14.999988555908203,14.999988555908203,1.0,1.0,0.0,0.0,0.0,0.0,0.0,0.0,4.745896339416504,4.745896339416504,-3.403350830078125,-3.403350830078125,0.553561806678772,0.553561806678772,0.0,0.0,-0.07126004993915558,-0.07126004993915558,0.4823017418384552,0.4823017418384552,0.6875313520431519,0.6875313520431519,0.02049357444047928,0.02049357444047928,0.10229769349098206,0.10229769349098206,0.40209388732910156,0.40209388732910156,-5.209789752960205,-5.209789752960205,9.388116836547852,9.388116836547852,15.000000953674316,15.000000953674316,0.0,0.0,180.0
466,1.9416666666666667,-0.5203338556566808,1.374491823356246,328.67131595679814,-0.5203338556566808,1.374491823356246,328.67131595679814,5.0,-5.0,0.0,0.0,15.0,0,0.5,0.0,0.0,4.0,4.0,4.0,1.374491810798645,1.374491810798645,1.374491810798645,1.3744919300079346,-0.5035388469696045,-0.5040750503540039,5.6330342292785645,5.455510139465332,0.018243659287691116,0.018243659287691116,0.0,0.0,nan,nan,-0.20792880654335022,-0.20792880654335022,-0.41585761308670044,0.0,0.7233331203460693,0.3274730145931244,0.0,0.0,0.0,0.3274730145931244,0.0,0.7233331203460693,0.0,0.0,0.0,0.16254034638404846,-0.41256436705589294,0.6586506962776184,0.0,0.0,0.0,0.0,0.7233331203460693,0.3274730145931244,0.0,0.0,0.0,0.3274730145931244,0.0,0.7233331203460693,-0.0,-0.0,-0.0,0.1625402867794037,0.41256412863731384,0.658650815486908,0.0,0.0,0.0,4.470348358154297e-08,0.0,0.6000000238418579,-7.450580596923828e-08,0.05600002408027649,0.6000000238418579,-4.470348358154297e-08,-0.055999964475631714,0.6000000238418579,0.32508063316345215,-2.384185791015625e-07,1.3173015117645264,0.0,0.0,0.0,2.9802322387695312e-08,1.374052516212032e-07,-9.313225746154785e-10,18.036861419677734,18.036865234375,23.0157527923584,23.0157527923584,0.11794667690992355,0.11794667690992355,0.8820533156394958,0.8820533156394958,0.0,0.0,0.0,0.0,4.181578636169434,4.181578636169434,-3.458245277404785,-3.458245277404785,0.39824098348617554,0.39824098348617554,0.0,0.0,-0.07076795399188995,-0.07076795399188995,0.3274730145931244,0.3274730145931244,0.6875313520431519,0.6875313520431519,-0.010714729316532612,-0.010714729316532612,0.07207543402910233,0.07207543402910233,-9.509451866149902,-9.509451866149902,-10.953388214111328,-10.953388214111328,3.6467208862304688,3.6467208862304688,16.045286178588867,16.045286178588867,0.0,0.0,180.0
467,1.9458333333333333,-0.5117668247039273,2.7339244266649434,323.2599107474821,-0.5117668247039273,2.7339244266649434,323.2599107474821,5.0,-5.0,0.0,0.0,15.0,0,0.5,0.0,0.0,4.0,4.0,4.0,2.733924150466919,2.73392391204834,2.733924388885498,2.733924388885498,-0.4911441206932068,-0.49157750606536865,6.198157787322998,6.057314872741699,0.03628743439912796,0.03628743439912796,0.0,0.0,nan,nan,0.5058761835098267,0.5058761835098267,1.0117523670196533,0.0,0.1551963984966278,0.20970411598682404,0.0,0.0,0.0,0.20970411598682404,0.0,0.1551963984966278,0.0,0.0,0.0,0.1693701595067978,-0.08742334693670273,0.17813658714294434,0.0,0.0,0.0,0.0,0.1551963984966278,0.20970411598682404,0.0,0.0,0.0,0.20970411598682404,0.0,0.1551963984966278,-0.0,-0.0,-0.0,0.1693701595067978,0.08742330968379974,0.17813660204410553,0.0,0.0,0.0,4.470348358154297e-08,0.0,0.6000000238418579,-4.470348358154297e-08,0.05600003898143768,0.6000000238418579,-4.470348358154297e-08,-0.055999964475631714,0.6000000238418579,0.3387403190135956,-3.725290298461914e-08,0.35627317428588867,0.0,0.0,0.0,1.210719347000122e-08,3.185330399446684e-08,-1.210719347000122e-08,20.958690643310547,20.958694458007812,30.33509063720703,30.335094451904297,0.11794667690992355,0.11794667690992355,0.8820533156394958,0.8820533156394958,0.0,0.0,0.0,0.0,3.626262903213501,3.626262903213501,-3.471066474914551,-3.471066474914551,0.28038641810417175,0.28038641810417175,0.0,0.0,-0.07068228721618652,-0.07068228721618652,0.20970411598682404,0.20970411598682404,0.6875313520431519,0.6875313520431519,-0.043027304112911224,-0.043027304112911224,0.04271015152335167,0.04271015152335167,-19.30609130859375,-19.30609130859375,-16.640775680541992,-16.640775680541992,-2.0340824127197266,-2.0340824127197266,17.079116821289062,17.079116821289062,0.0,0.0,180.0
468,1.95,-0.4975927693256247,4.063403581844633,314.3068023095313,-0.4975927693256247,4.063403581844633,314.3068023095313,5.0,-5.0,0.0,0.0,15.0,0,0.5,0.0,0.0,4.0,4.0,4.0,4.06340217590332,4.063403606414795,4.063403606414795,4.063403606414795,-0.47339698672294617,-0.4737224280834198,6.690789699554443,6.588075637817383,0.05393363907933235,0.05393363907933235,0.0,0.0,nan,nan,1.8098325729370117,1.8098325729370117,3.6196651458740234,0.0,-0.3673388361930847,0.12786665558815002,0.0,0.0,0.0,0.12786665558815002,0.0,-0.3673388361930847,0.0,0.0,0.0,0.20281565189361572,0.20260225236415863,-0.2628799080848694,0.0,0.0,0.0,0.0,-0.3673388361930847,0.12786665558815002,0.0,0.0,0.0,0.12786665558815002,0.0,-0.3673388361930847,-0.0,-0.0,-0.0,0.20281566679477692,-0.20260217785835266,-0.26287996768951416,0.0,0.0,0.0,4.470348358154297e-08,0.0,0.6000000238418579,-1.4901161193847656e-07,0.05600002408027649,0.6000000238418579,-1.4901161193847656e-08,-0.055999964475631714,0.5999999642372131,0.40563130378723145,7.450580596923828e-08,-0.5257598757743835,0.0,0.0,0.0,-2.421438694000244e-08,-7.868142404277023e-08,-3.91155481338501e-08,23.59121322631836,23.59121322631836,36.3895149230957,36.3895149230957,0.11794667690992355,0.11794667690992355,0.864794909954071,0.864794909954071,0.017258400097489357,0.017258400097489357,0.0,0.0,3.074963092803955,3.074963092803955,-3.4423022270202637,-3.4423022270202637,0.19885218143463135,0.19885218143463135,0.0,0.0,-0.07098551839590073,-0.07098551839590073,0.12786665558815002,0.12786665558815002,0.6875313520431519,0.6875313520431519,-0.07604614645242691,-0.07604614645242691,0.014567578211426735,0.014567578211426735,-28.870820999145508,-28.870820999145508,-22.203908920288086,-22.203908920288086,-7.586321830749512,-7.586321830749512,18.090171813964844,18.090171813964844,0.0,0.0,180.0
469,1.9541666666666666,-0.47796698343860905,5.348363237059766,301.9100827725504,-0.47796698343860905,5.348363237059766,301.9100827725504,5.0,-5.0,0.0,0.0,15.0,0,0.5,0.0,0.0,4.0,4.0,4.0,5.348362922668457,5.348362922668457,5.348363399505615,5.348363399505615,-0.450483500957489,-0.4506973922252655,7.1068572998046875,7.043339252471924,0.07098893821239471,0.07098893821239471,0.0,0.0,nan,nan,3.605567455291748,3.605567455291748,7.211134910583496,0.0,-0.8508800268173218,0.08092880994081497,0.0,0.0,0.0,0.08092880994081497,0.0,-0.8508800268173218,0.0,0.0,0.0,0.26421868801116943,0.4552755653858185,-0.6733936071395874,0.0,0.0,0.0,0.0,-0.8508800268173218,0.08092880994081497,0.0,0.0,0.0,0.08092880994081497,0.0,-0.8508800268173218,-0.0,-0.0,-0.0,0.2642187178134918,-0.45527544617652893,-0.673393726348877,0.0,0.0,0.0,4.470348358154297e-08,0.0,0.6000000238418579,-5.960464477539063e-08,0.05600003898143768,0.6000000238418579,-5.960464477539063e-08,-0.055999934673309326,0.6000000238418579,0.5284373760223389,1.1920928955078125e-07,-1.3467873334884644,0.0,0.0,0.0,-6.332993507385254e-08,-1.4048086427465023e-07,-2.60770320892334e-08,25.876405715942383,25.876405715942383,41.17609786987305,41.17610168457031,0.11794667690992355,0.11794667690992355,0.7199033498764038,0.7199033498764038,0.1621500849723816,0.1621500849723816,0.0,0.0,2.522365093231201,2.522365093231201,-3.3732450008392334,-3.3732450008392334,0.15257614850997925,0.15257614850997925,0.0,0.0,-0.07164733111858368,-0.07164733111858368,0.08092880994081497,0.08092880994081497,0.6875313520431519,0.6875313520431519,-0.10936833173036575,-0.10936833173036575,-0.012002810835838318,-0.012002810835838318,-38.0911979675293,-38.0911979675293,-27.577194213867188,-27.577194213867188,-12.944524765014648,-12.944524765014648,19.067367553710938,19.067367553710938,0.0,0.0,180.0
470,1.9583333333333333,-0.4531044912600185,6.574725105432711,286.2055731899669,-0.4531044912600185,6.574725105432711,286.2055731899669,5.0,-5.0,0.0,0.0,15.0,0,0.5,0.0,0.0,4.0,4.0,4.0,6.574723243713379,6.574724197387695,6.574725151062012,6.574725151062012,-0.4226471185684204,-0.4227469265460968,7.443029880523682,7.419358730316162,0.0872664600610733,0.0872664600610733,0.0,0.0,nan,nan,5.7982072830200195,5.7982072830200195,11.596414566040039,0.0,-1.3015027046203613,0.06789825856685638,0.0,0.0,0.0,0.06789825856685638,0.0,-1.3015027046203613,0.0,0.0,0.0,0.35455477237701416,0.6688388586044312,-1.0608793497085571,0.0,0.0,0.0,0.0,-1.3015027046203613,0.06789825856685638,0.0,0.0,0.0,0.06789825856685638,0.0,-1.3015027046203613,-0.0,-0.0,-0.0,0.35455483198165894,-0.6688386797904968,-1.0608794689178467,0.0,0.0,0.0,4.470348358154297e-08,0.0,0.6000000238418579,-5.960464477539063e-08,0.05600002408027649,0.5999999642372131,1.4901161193847656e-08,-0.055999964475631714,0.6000000238418579,0.7091096043586731,1.7881393432617188e-07,-2.1217589378356934,0.0,0.0,0.0,-1.862645149230957e-08,-1.6340811725967797e-07,-6.705522537231445e-08,27.812030792236328,27.812030792236328,44.87302017211914,44.87302017211914,0.11794667690992355,0.11794667690992355,0.5998412370681763,0.5998412370681763,0.28221216797828674,0.28221216797828674,0.0,0.0,1.9643778800964355,1.9643778800964355,-3.265880584716797,-3.265880584716797,0.14052316546440125,0.14052316546440125,0.0,0.0,-0.07262490689754486,-0.07262490689754486,0.06789825856685638,0.06789825856685638,0.6875313520431519,0.6875313520431519,-0.14259451627731323,-0.14259451627731323,-0.0366755835711956,-0.0366755835711956,-46.861289978027344,-46.861289978027344,-32.69865417480469,-32.69865417480469,-18.046876907348633,-18.046876907348633,20.0,20.0,0.0,0.0,180.0
471,1.9625,-0.4232776914569747,7.729052909700779,267.36533545514885,-0.4232776914569747,7.729052909700779,267.36533545514885,5.0,-5.0,0.0,0.0,15.0,0,0.5,0.0,0.0,4.0,4.0,4.0,7.7290520668029785,7.729051113128662,7.729052543640137,7.729052543640137,-0.39018669724464417,-0.3901713490486145,7.696592330932617,7.713010787963867,0.10258787870407104,0.10258787870407104,0.0,0.0,nan,nan,8.291972160339355,8.291972160339355,16.58394432067871,0.0,-1.7233970165252686,0.08743828535079956,0.0,0.0,0.0,0.08743828535079956,0.0,-1.7233970165252686,0.0,0.0,0.0,0.4737671911716461,0.8411648273468018,-1.4302898645401,0.0,0.0,0.0,0.0,-1.7233970165252686,0.08743828535079956,0.0,0.0,0.0,0.08743828535079956,0.0,-1.7233970165252686,-0.0,-0.0,-0.0,0.4737672805786133,-0.8411646485328674,-1.4302899837493896,0.0,0.0,0.0,4.470348358154297e-08,0.0,0.6000000238418579,-8.940696716308594e-08,0.05600005388259888,0.5999999642372131,-5.960464477539063e-08,-0.055999934673309326,0.6000000238418579,0.947534441947937,1.7881393432617188e-07,-2.8605799674987793,0.0,0.0,0.0,-1.1175870895385742e-07,-3.6924643609381747e-07,-7.82310962677002e-08,29.422452926635742,29.422452926635742,47.69276809692383,47.69276809692383,0.11794667690992355,0.11794667690992355,0.5156482458114624,0.5156482458114624,0.366405189037323,0.366405189037323,0.0,0.0,1.3993496894836426,1.3993496894836426,-3.122746706008911,-3.122746706008911,0.16130149364471436,0.16130149364471436,0.0,0.0,-0.07386322319507599,-0.07386322319507599,0.08743828535079956,0.08743828535079956,0.6875313520431519,0.6875313520431519,-0.17533646523952484,-0.17533646523952484,-0.05915629118680954,-0.05915629118680954,-55.08332824707031,-55.08332824707031,-37.51090621948242,-37.51090621948242,-22.83620834350586,-22.83620834350586,20.877853393554688,20.877853393554688,0.0,0.0,180.0
472,1.9666666666666666,-0.388813372689775,8.798699592881942,245.5957871552896,-0.388813372689775,8.798699592881942,245.5957871552896,5.0,-5.0,0.0,0.0,15.0,0,0.5,0.0,0.0,4.0,4.0,4.0,8.798697471618652,8.798699378967285,8.798699378967285,8.798699378967285,-0.35345396399497986,-0.3533235788345337,7.865415096282959,7.9217305183410645,0.11678532510995865,0.11678532510995865,0.0,0.0,nan,nan,10.983920097351074,10.983920097351074,21.96784019470215,0.0,-2.11802339553833,0.13733989000320435,0.0,0.0,0.0,0.13733989000320435,0.0,-2.11802339553833,0.0,0.0,0.0,0.6200483441352844,0.9694641828536987,-1.7834136486053467,0.0,0.0,0.0,0.0,-2.11802339553833,0.13733989000320435,0.0,0.0,0.0,0.13733989000320435,0.0,-2.11802339553833,-0.0,-0.0,-0.0,0.620048463344574,-0.9694638252258301,-1.7834138870239258,0.0,0.0,0.0,4.470348358154297e-08,0.0,0.6000000238418579,-1.1920928955078125e-07,0.05600005388259888,0.6000000238418579,7.450580596923828e-08,-0.055999964475631714,0.6000000238418579,1.2400968074798584,3.5762786865234375e-07,-3.5668275356292725,0.0,0.0,0.0,-1.4901161193847656e-07,-2.3917439762044523e-07,-2.384185791015625e-07,30.742801666259766,30.742807388305664,49.827266693115234,49.827266693115234,0.11794667690992355,0.11794667690992355,0.45904016494750977,0.45904016494750977,0.42301318049430847,0.42301318049430847,0.0,0.0,0.8287456035614014,0.8287456035614014,-2.9467689990997314,-2.9467689990997314,0.21263575553894043,0.21263575553894043,0.0,0.0,-0.07529588043689728,-0.07529588043689728,0.13733989000320435,0.13733989000320435,0.6875313520431519,0.6875313520431519,-0.20722396671772003,-0.20722396671772003,-0.07918713241815567,-0.07918713241815567,-62.66898727416992,-62.66898727416992,-41.961952209472656,-41.961952209472656,-27.260766983032227,-27.260766983032227,21.691307067871094,21.691307067871094,0.0,0.0,180.0
473,1.9708333333333332,-0.35008913324695695,9.771945882077228,221.13544001713439,-0.35008913324695695,9.771945882077228,221.13544001713439,5.0,-5.0,0.0,0.0,15.0,0,0.5,0.0,0.0,4.0,4.0,4.0,9.771944046020508,9.771944046020508,9.77194595336914,9.77194595336914,-0.3128495514392853,-0.3126055598258972,7.947925090789795,8.0435209274292,0.12970323860645294,0.12970323860645294,0.0,0.0,nan,nan,13.759259223937988,13.759259223937988,27.518518447875977,0.0,-2.4838132858276367,0.21405309438705444,0.0,0.0,0.0,0.21405309438705444,0.0,-2.4838132858276367,0.0,0.0,0.0,0.7892844676971436,1.0505461692810059,-2.1186153888702393,0.0,0.0,0.0,0.0,-2.4838132858276367,0.21405309438705444,0.0,0.0,0.0,0.21405309438705444,0.0,-2.4838132858276367,-0.0,-0.0,-0.0,0.7892845273017883,-1.050545573234558,-2.11861515045166,0.0,0.0,0.0,4.470348358154297e-08,0.0,0.6000000238418579,-2.9802322387695312e-08,0.05600002408027649,0.6000000238418579,-5.960464477539063e-08,-0.05599990487098694,0.5999999642372131,1.578568935394287,5.960464477539062e-07,-4.23723030090332,0.0,0.0,0.0,-3.3527612686157227e-07,-4.2588294490997214e-07,-6.332993507385254e-08,31.810546875,31.810548782348633,51.43326187133789,51.43326187133789,0.11794667690992355,0.11794667690992355,0.4165618121623993,0.4165618121623993,0.46549156308174133,0.46549156308174133,0.0,0.0,0.25728273391723633,0.25728273391723633,-2.741095781326294,-2.741095781326294,0.29089999198913574,0.29089999198913574,0.0,0.0,-0.0768468976020813,-0.0768468976020813,0.21405309438705444,0.21405309438705444,0.6875313520431519,0.6875313520431519,-0.23790986835956573,-0.23790986835956573,-0.09655079990625381,-0.09655079990625381,-69.54007720947266,-69.54007720947266,-46.005615234375,-46.005615234375,-31.274667739868164,-31.274667739868164,22.431447982788086,22.431447982788086,0.0,0.0,180.0
474,1.9749999999999999,-0.3075292439994243,10.638128687277334,194.25228672258564,-0.3075292439994243,10.638128687277334,194.25228672258564,5.0,-5.0,0.0,0.0,15.0,0,0.5,0.0,0.0,4.0,4.0,4.0,10.6381254196167,10.638129234313965,10.638128280639648,10.638129234313965,-0.268818736076355,-0.2684638500213623,7.943155765533447,8.076977729797363,0.14120009541511536,0.14120009541511536,0.0,0.0,nan,nan,16.490360260009766,16.490360260009766,32.98072052001953,0.0,-2.8163435459136963,0.3124285340309143,0.0,0.0,0.0,0.3124285340309143,0.0,-2.8163435459136963,0.0,0.0,0.0,0.9748148322105408,1.0815327167510986,-2.4309310913085938,0.0,0.0,0.0,0.0,-2.8163435459136963,0.3124285340309143,0.0,0.0,0.0,0.3124285340309143,0.0,-2.8163435459136963,-0.0,-0.0,-0.0,0.9748150706291199,-1.0815324783325195,-2.4309310913085938,0.0,0.0,0.0,4.470348358154297e-08,0.0,0.6000000238418579,-4.470348358154297e-08,0.0559999942779541,0.6000000238418579,-2.9802322387695312e-08,-0.055999934673309326,0.5999999642372131,1.9496299028396606,2.384185791015625e-07,-4.8618621826171875,0.0,0.0,0.0,-2.086162567138672e-07,-4.5656415181838383e-07,-5.960464477539063e-08,32.66132736206055,32.66133499145508,52.6333122253418,52.6333122253418,0.11794667690992355,0.11794667690992355,0.3882598280906677,0.3882598280906677,0.4937935173511505,0.4937935173511505,0.0,0.0,-0.3073969781398773,-0.3073969781398773,-2.508946657180786,-2.508946657180786,0.39086174964904785,0.39086174964904785,0.0,0.0,-0.07843320816755295,-0.07843320816755295,0.3124285340309143,0.3124285340309143,0.6875313520431519,0.6875313520431519,-0.26707345247268677,-0.26707345247268677,-0.1110726147890091,-0.1110726147890091,-75.62899017333984,-75.62899017333984,-49.6018180847168,-49.6018180847168,-34.83816146850586,-34.83816146850586,23.09016990661621,23.09016990661621,0.0,0.0,180.0
475,1.9791666666666667,-0.261599999999999,11.387757928408128,165.24086472479783,-0.261599999999999,11.387757928408128,165.24086472479783,5.0,-5.0,0.0,0.0,15.0,0,0.5,0.0,0.0,4.0,4.0,4.0,11.387757301330566,11.387755393981934,11.387758255004883,11.387758255004883,-0.22184622287750244,-0.221384197473526,7.850795745849609,8.021371841430664,0.1511499434709549,0.1511499434709549,0.0,0.0,nan,nan,19.040014266967773,19.040014266967773,38.08002853393555,0.0,-3.1088550090789795,0.4257430136203766,0.0,0.0,0.0,0.4257430136203766,0.0,-3.1088550090789795,0.0,0.0,0.0,1.167574167251587,1.0608117580413818,-2.712505578994751,0.0,0.0,0.0,0.0,-3.1088550090789795,0.4257430136203766,0.0,0.0,0.0,0.4257430136203766,0.0,-3.1088550090789795,-0.0,-0.0,-0.0,1.167574167251587,-1.0608110427856445,-2.71250581741333,0.0,0.0,0.0,4.470348358154297e-08,0.0,0.6000000238418579,-5.960464477539063e-08,0.05600005388259888,0.6000000238418579,-1.043081283569336e-07,-0.05599990487098694,0.5999999642372131,2.335148334503174,7.152557373046875e-07,-5.42501163482666,0.0,0.0,0.0,-4.470348358154297e-07,-7.567240345451864e-07,-1.2665987014770508e-07,33.32706069946289,33.32706069946289,53.52107620239258,53.52107620239258,0.11794667690992355,0.11794667690992355,0.37411409616470337,0.37411409616470337,0.5079392194747925,0.5079392194747925,0.0,0.0,-0.8553740978240967,-0.8553740978240967,-2.253480911254883,-2.253480911254883,0.5057113766670227,0.5057113766670227,0.0,0.0,-0.07996834814548492,-0.07996834814548492,0.4257430136203766,0.4257430136203766,0.6875313520431519,0.6875313520431519,-0.29442280530929565,-0.29442280530929565,-0.12262101471424103,-0.12262101471424103,-80.8786849975586,-80.8786849975586,-52.716636657714844,-52.716636657714844,-37.91768264770508,-37.91768264770508,23.660253524780273,23.660253524780273,0.0,0.0,180.0
476,1.9833333333333334,-0.21280461165725734,12.012620510633676,134.419029234213,-0.21280461165725734,12.012620510633676,134.419029234213,5.0,-5.0,0.0,0.0,15.0,0,0.5,0.0,0.0,4.0,4.0,4.0,12.012622833251953,12.012619018554688,12.012621879577637,12.012621879577637,-0.1724501997232437,-0.1718861311674118,7.671280384063721,7.8767170906066895,0.15944376587867737,0.15944376587867737,0.0,0.0,nan,nan,21.268205642700195,21.268205642700195,42.53641128540039,0.0,-3.352978229522705,0.5460072755813599,0.0,0.0,0.0,0.5460072755813599,0.0,-3.352978229522705,0.0,0.0,0.0,1.3566049337387085,0.9890193939208984,-2.9533119201660156,0.0,0.0,0.0,0.0,-3.352978229522705,0.5460072755813599,0.0,0.0,0.0,0.5460072755813599,0.0,-3.352978229522705,-0.0,-0.0,-0.0,1.356604814529419,-0.9890182614326477,-2.953312397003174,0.0,0.0,0.0,4.470348358154297e-08,0.0,0.6000000238418579,1.4901161193847656e-08,0.056000083684921265,0.6000000238418579,-1.4901161193847656e-08,-0.055999964475631714,0.6000000238418579,2.713209629058838,1.1324882507324219e-06,-5.9066243171691895,0.0,0.0,0.0,-3.129243850708008e-07,-2.6404669029034267e-07,-1.341104507446289e-07,33.83513259887695,33.83513259887695,54.16705322265625,54.16705322265625,0.11794667690992355,0.11794667690992355,0.3599705994129181,0.3599705994129181,0.5220827460289001,0.5220827460289001,0.0,0.0,-1.3752729892730713,-1.3752729892730713,-1.977705478668213,-1.977705478668213,0.6273742318153381,0.6273742318153381,0.0,0.0,-0.0813668966293335,-0.0813668966293335,0.5460072755813599,0.5460072755813599,0.6875313520431519,0.6875313520431519,-0.3196948766708374,-0.3196948766708374,-0.13110613822937012,-0.13110613822937012,-85.24230194091797,-85.24230194091797,-55.32205581665039,-55.32205581665039,-40.48560333251953,-40.48560333251953,24.135456085205078,24.135456085205078,0.0,0.0,180.0
477,1.9875,-0.16167769145697433,12.505870308742242,102.12447073035015,-0.16167769145697433,12.505870308742242,102.12447073035015,5.0,-5.0,0.0,0.0,15.0,0,0.5,0.0,0.0,4.0,4.0,4.0,12.50586986541748,12.505867004394531,12.50586986541748,12.50586986541748,-0.1211763471364975,-0.12051628530025482,7.40586519241333,7.643869876861572,0.1659906804561615,0.1659906804561615,0.0,0.0,nan,nan,23.041179656982422,23.041179656982422,46.082359313964844,0.0,-3.539578437805176,0.6645023226737976,0.0,0.0,0.0,0.6645023226737976,0.0,-3.539578437805176,0.0,0.0,0.0,1.5298748016357422,0.869857668876648,-3.142134666442871,0.0,0.0,0.0,0.0,-3.539578437805176,0.6645023226737976,0.0,0.0,0.0,0.6645023226737976,0.0,-3.539578437805176,-0.0,-0.0,-0.0,1.5298746824264526,-0.8698567748069763,-3.14213490486145,0.0,0.0,0.0,4.470348358154297e-08,0.0,0.6000000238418579,-1.4901161193847656e-08,0.05600005388259888,0.6000000238418579,-4.470348358154297e-08,-0.05599990487098694,0.5999999642372131,3.0597496032714844,8.940696716308594e-07,-6.284269332885742,0.0,0.0,0.0,-5.066394805908203e-07,-5.594022240984486e-07,-2.1606683731079102e-07,34.208213806152344,34.208213806152344,54.62337875366211,54.62337875366211,0.11794667690992355,0.11794667690992355,0.34582775831222534,0.34582775831222534,0.5362256169319153,0.5362256169319153,0.0,0.0,-1.8551560640335083,-1.8551560640335083,-1.684422254562378,-1.684422254562378,0.7470517754554749,0.7470517754554749,0.0,0.0,-0.08254943788051605,-0.08254943788051605,0.6645023226737976,0.6645023226737976,0.6875313520431519,0.6875313520431519,-0.3426550030708313,-0.3426550030708313,-0.13647718727588654,-0.13647718727588654,-88.6827163696289,-88.6827163696289,-57.395782470703125,-57.395782470703125,-42.52003479003906,-42.52003479003906,24.51056671142578,24.51056671142578,0.0,0.0,180.0
478,1.9916666666666667,-0.10877939663585329,12.862103174726656,68.711015154244,-0.10877939663585329,12.862103174726656,68.711015154244,5.0,-5.0,0.0,0.0,15.0,0,0.5,0.0,0.0,4.0,4.0,4.0,12.862103462219238,12.862100601196289,12.862103462219238,12.862103462219238,-0.06859129667282104,-0.06784234195947647,7.056676387786865,7.324594020843506,0.1707189679145813,0.1707189679145813,0.0,0.0,nan,nan,24.241369247436523,24.241369247436523,48.48273849487305,0.0,-3.659621238708496,0.7724611759185791,0.0,0.0,0.0,0.7724611759185791,0.0,-3.659621238708496,0.0,0.0,0.0,1.6752947568893433,0.7105360627174377,-3.267728567123413,0.0,0.0,0.0,0.0,-3.659621238708496,0.7724611759185791,0.0,0.0,0.0,0.7724611759185791,0.0,-3.659621238708496,-0.0,-0.0,-0.0,1.6752946376800537,-0.7105352282524109,-3.267728805541992,0.0,0.0,0.0,4.470348358154297e-08,0.0,0.6000000238418579,0.0,0.05600005388259888,0.6000000238418579,-7.450580596923828e-08,-0.05599990487098694,0.5999999642372131,3.3505892753601074,8.344650268554688e-07,-6.535457611083984,0.0,0.0,0.0,-5.21540641784668e-07,-6.35477817922947e-07,-2.0116567611694336e-07,34.464237213134766,34.4642333984375,54.927406311035156,54.92740249633789,0.11794667690992355,0.11794667690992355,0.33168351650238037,0.33168351650238037,0.5503698587417603,0.5503698587417603,0.0,0.0,-2.2834019660949707,-2.2834019660949707,-1.3762192726135254,-1.3762192726135254,0.8559087514877319,0.8559087514877319,0.0,0.0,-0.08344756811857224,-0.08344756811857224,0.7724611759185791,0.7724611759185791,0.6875313520431519,0.6875313520431519,-0.3630954921245575,-0.3630954921245575,-0.13871921598911285,-0.13871921598911285,-91.17183685302734,-91.17183685302734,-58.920772552490234,-58.920772552490234,-44.004371643066406,-44.004371643066406,24.781476974487305,24.781476974487305,0.0,0.0,180.0
479,1.9958333333333333,-0.054689291981637626,13.077416146760633,34.54474731740362,-0.054689291981637626,13.077416146760633,34.54474731740362,5.0,-5.0,0.0,0.0,15.0,0,0.5,0.0,0.0,4.0,4.0,4.0,13.077411651611328,13.077411651611328,13.07741641998291,13.07741641998291,-0.01527581736445427,-0.014446042478084564,6.626794815063477,6.921618461608887,0.17357681691646576,0.17357681691646576,0.0,0.0,nan,nan,24.776870727539062,24.776870727539062,49.553741455078125,0.0,-3.704998016357422,0.8617952466011047,0.0,0.0,0.0,0.8617952466011047,0.0,-3.704998016357422,0.0,0.0,0.0,1.7817952632904053,0.5217998623847961,-3.320034980773926,0.0,0.0,0.0,0.0,-3.704998016357422,0.8617952466011047,0.0,0.0,0.0,0.8617952466011047,0.0,-3.704998016357422,-0.0,-0.0,-0.0,1.7817955017089844,-0.5217990279197693,-3.320034980773926,0.0,0.0,0.0,4.470348358154297e-08,0.0,0.6000000238418579,-1.341104507446289e-07,0.05600005388259888,0.5999999642372131,-8.940696716308594e-08,-0.055999934673309326,0.6000000238418579,3.5635907649993896,8.344650268554688e-07,-6.640069961547852,0.0,0.0,0.0,-3.5762786865234375e-07,-1.1451231785031268e-06,-2.3096799850463867e-07,34.61635208129883,34.61635971069336,55.10426712036133,55.10426712036133,0.11794667690992355,0.11794667690992355,0.33168351650238037,0.33168351650238037,0.5503698587417603,0.5503698587417603,0.0,0.0,-2.64949369430542,-2.64949369430542,-1.055504560470581,-1.055504560470581,0.9458039402961731,0.9458039402961731,0.0,0.0,-0.08400866389274597,-0.08400866389274597,0.8617952466011047,0.8617952466011047,0.6875313520431519,0.6875313520431519,-0.38083311915397644,-0.38083311915397644,-0.137848362326622,-0.137848362326622,-92.68999481201172,-92.68999481201172,-59.88494110107422,-59.88494110107422,-44.926971435546875,-44.926971435546875,24.945220947265625,24.945220947265625,0.0,0.0,180.0
