step,t,wing_q,wing_qd,wing_qdd,wing_q_R,wing_qd_R,wing_qdd_R,airspeed,v_air_wx,v_air_wy,v_air_wz,body_pitch_deg,mod_enabled,mod_delta,mod_mode,mod_smooth,mod_f_eff_hz,mod_fd_hz,mod_fu_hz,omega_w_norm_L,omega_w_norm_R,omega_c_norm_L,omega_c_norm_R,joint_pos_L,joint_pos_R,joint_vel_L,joint_vel_R,eta_tip_L,eta_tip_R,tau_twist_x_L,tau_twist_x_R,tau_hinge_L,tau_hinge_R,power_in_L,power_in_R,power_in_T,F_wang_x_L,F_wang_y_L,F_wang_z_L,tau_wang_x_L,tau_wang_y_L,tau_wang_z_L,F_link_x_L,F_link_y_L,F_link_z_L,tau_link_x_L,tau_link_y_L,tau_link_z_L,F_world_x_L,F_world_y_L,F_world_z_L,tau_world_x_L,tau_world_y_L,tau_world_z_L,F_wang_x_R,F_wang_y_R,F_wang_z_R,tau_wang_x_R,tau_wang_y_R,tau_wang_z_R,F_link_x_R,F_link_y_R,F_link_z_R,tau_link_x_R,tau_link_y_R,tau_link_z_R,F_world_x_R,F_world_y_R,F_world_z_R,tau_world_x_R,tau_world_y_R,tau_world_z_R,p_base_wx,p_base_wy,p_base_wz,p_wing_L_wx,p_wing_L_wy,p_wing_L_wz,p_wing_R_wx,p_wing_R_wy,p_wing_R_wz,F_world_x_T,F_world_y_T,F_world_z_T,tau_world_x_T,tau_world_y_T,tau_world_z_T,tau_world_x_T_about_base,tau_world_y_T_about_base,tau_world_z_T_about_base,aoa_mean_deg_L,aoa_mean_deg_R,aoa_max_deg_L,aoa_max_deg_R,aoa_frac_pre_L,aoa_frac_pre_R,aoa_frac_mid_L,aoa_frac_mid_R,aoa_frac_post_L,aoa_frac_post_R,del_sep_ratio_L,del_sep_ratio_R,del_Nc_L,del_Nc_R,del_Na_L,del_Na_R,del_Fx_suction_L,del_Fx_suction_R,del_Fx_camber_L,del_Fx_camber_R,del_Fx_friction_L,del_Fx_friction_R,del_Fx_total_L,del_Fx_total_R,del_k_mean_L,del_k_mean_R,del_alpha_prime_mean_L,del_alpha_prime_mean_R,del_alpha_le_mean_L,del_alpha_le_mean_R,del_alpha_tip_deg_L,del_alpha_tip_deg_R,del_alpha_prime_tip_deg_L,del_alpha_prime_tip_deg_R,del_alpha_le_tip_deg_L,del_alpha_le_tip_deg_R,del_theta_tip_deg_L,del_theta_tip_deg_R,mod_profile,mod_ff_amp,mod_ff_shift_deg
0,0.0,0.5232,-0.0,-330.4817294495969,0.5232,-0.0,-330.4817294495969,6.5,-6.5,0.0,0.0,10.0,0,0.5,0.0,0.0,4.0,4.0,4.0,0.0,0.0,0.0,0.0,0.5212748646736145,0.5198866128921509,-0.9390689134597778,-1.253448724746704,0.0,0.0,0.0,0.0,nan,nan,0.0,0.0,0.0,0.0,6.1220316886901855,0.04430560767650604,0.0,0.0,0.0,0.04430560767650604,0.0,6.1220316886901855,0.0,0.0,0.0,-0.8873571157455444,-2.9554989337921143,5.287613391876221,0.0,0.0,0.0,0.0,6.1220316886901855,0.04430560767650604,0.0,0.0,0.0,0.04430560767650604,0.0,6.1220316886901855,-0.0,-0.0,-0.0,-0.8667584657669067,-3.161149263381958,5.170792579650879,0.0,0.0,0.0,2.9802322387695312e-08,0.0,0.6000000238418579,-7.450580596923828e-08,0.05600005388259888,0.5999999642372131,-9.685754776000977e-08,-0.055999934673309326,0.5999999642372131,-1.7541155815124512,-6.116648197174072,10.458406448364258,0.0,0.0,0.0,0.006542235612869263,1.3110263807902811e-06,0.001154337078332901,9.999968528747559,9.999968528747559,9.999968528747559,9.999968528747559,1.0,1.0,0.0,0.0,0.0,0.0,0.0,0.0,1.6903128623962402,1.6903128623962402,4.431718826293945,4.431718826293945,0.0924254059791565,0.0924254059791565,0.012574739754199982,0.012574739754199982,-0.06069454178214073,-0.06069454178214073,0.04430560767650604,0.04430560767650604,0.5288505554199219,0.5288505554199219,-0.12414265424013138,-0.12414265424013138,0.050390273332595825,0.050390273332595825,0.0,0.0,-5.16387939453125,-5.16387939453125,4.836120128631592,4.836120128631592,10.0,10.0,0.0,0.0,180.0
1,0.004166666666666667,0.5203338556566806,-1.374491823356286,-328.671315956798,0.5203338556566806,-1.374491823356286,-328.671315956798,6.5,-6.5,0.0,0.0,10.0,0,0.5,0.0,0.0,4.0,4.0,4.0,1.3744913339614868,1.374491810798645,1.374491810798645,1.374491810798645,0.5132375955581665,0.5115544199943542,-2.107325315475464,-2.488476037979126,0.0,0.0,0.0,0.0,nan,nan,3.428959608078003,3.428959608078003,6.857919216156006,0.0,7.032732009887695,0.15608108043670654,0.0,0.0,0.0,0.15608108043670654,0.0,7.032732009887695,0.0,0.0,0.0,-0.9174567461013794,-3.3774869441986084,6.102010250091553,0.0,0.0,0.0,0.0,7.032732009887695,0.15608108043670654,0.0,0.0,0.0,0.15608108043670654,0.0,7.032732009887695,-0.0,-0.0,-0.0,-0.8939120173454285,-3.6141185760498047,5.968479633331299,0.0,0.0,0.0,2.9802322387695312e-08,0.0,0.6000000238418579,-8.940696716308594e-08,0.05600002408027649,0.6000000238418579,1.4901161193847656e-08,-0.0559999942779541,0.6000000238418579,-1.811368703842163,-6.991605758666992,12.070489883422852,0.0,0.0,0.0,0.007477879524230957,8.163535767380381e-07,0.0013189837336540222,7.172627925872803,7.289805889129639,9.938973426818848,9.940319061279297,1.0,1.0,0.0,0.0,0.0,0.0,0.0,0.0,2.6252903938293457,2.6252903938293457,4.40744161605835,4.40744161605835,0.19604580104351044,0.19604580104351044,0.020729832351207733,0.020729832351207733,-0.06069454178214073,-0.06069454178214073,0.15608108043670654,0.15608108043670654,0.5288505554199219,0.5288505554199219,-0.09156540036201477,-0.09156540036201477,0.08296752721071243,0.08296752721071243,8.410372734069824,8.410372734069824,-0.29037225246429443,-0.29037225246429443,9.709628105163574,9.709628105163574,10.0,10.0,0.0,0.0,180.0
2,0.008333333333333333,0.5117668247039271,-2.733924426664975,-323.2599107474819,0.5117668247039271,-2.733924426664975,-323.2599107474819,6.5,-6.5,0.0,0.0,10.0,0,0.5,0.0,0.0,4.0,4.0,4.0,2.733924388885498,2.7339234352111816,2.733924388885498,2.733924388885498,0.4995782673358917,0.4976167380809784,-3.2522642612457275,-3.6964688301086426,0.0,0.0,0.0,0.0,nan,nan,7.815568447113037,7.815568447113037,15.631136894226074,0.0,7.898821830749512,0.34755462408065796,0.0,0.0,0.0,0.34755462408065796,0.0,7.898821830749512,0.0,0.0,0.0,-0.8664069175720215,-3.733935832977295,6.9151458740234375,0.0,0.0,0.0,0.0,7.898821830749512,0.34755462408065796,0.0,0.0,0.0,0.34755462408065796,0.0,7.898821830749512,-0.0,-0.0,-0.0,-0.8403584957122803,-4.001002788543701,6.767418384552002,0.0,0.0,0.0,2.9802322387695312e-08,0.0,0.6000000238418579,-7.450580596923828e-08,0.05600005388259888,0.5999999642372131,-5.960464477539063e-08,-0.055999964475631714,0.6000000238418579,-1.7067654132843018,-7.734938621520996,13.682563781738281,0.0,0.0,0.0,0.008273124694824219,1.3780022527498659e-06,0.0014595352113246918,6.487066268920898,6.722376823425293,9.878145217895508,9.880812644958496,1.0,1.0,0.0,0.0,0.0,0.0,0.0036176415160298347,0.0036176415160298347,3.575428009033203,3.575428009033203,4.334875583648682,4.334875583648682,0.3847769498825073,0.3847769498825073,0.029013920575380325,0.029013920575380325,-0.06069454178214073,-0.06069454178214073,0.34755462408065796,0.34755462408065796,0.5288505554199219,0.5288505554199219,-0.0588291697204113,-0.0588291697204113,0.1157037541270256,0.1157037541270256,16.72859764099121,16.72859764099121,4.537944793701172,4.537944793701172,14.537944793701172,14.537944793701172,10.0,10.0,0.0,0.0,180.0
3,0.0125,0.49759276932562435,-4.063403581844656,-314.3068023095311,0.49759276932562435,-4.063403581844656,-314.3068023095311,6.5,-6.5,0.0,0.0,10.0,0,0.5,0.0,0.0,4.0,4.0,4.0,4.06340217590332,4.0634026527404785,4.063403606414795,4.063403606414795,0.4804362654685974,0.47823619842529297,-4.3636579513549805,-4.861876487731934,0.0,0.0,0.0,0.0,nan,nan,12.83091926574707,12.83091926574707,25.66183853149414,0.0,8.647600173950195,0.5778529047966003,0.0,0.0,0.0,0.5778529047966003,0.0,8.647600173950195,0.0,0.0,0.0,-0.76411372423172,-3.979480266571045,7.661251068115234,0.0,0.0,0.0,0.0,8.647600173950195,0.5778529047966003,0.0,0.0,0.0,0.5778529047966003,0.0,8.647600173950195,-0.0,-0.0,-0.0,-0.736318826675415,-4.27416467666626,7.5036163330078125,0.0,0.0,0.0,2.9802322387695312e-08,0.0,0.6000000238418579,-8.940696716308594e-08,0.05600002408027649,0.5999999642372131,-3.725290298461914e-08,-0.055999964475631714,0.6000000238418579,-1.5004324913024902,-8.253644943237305,15.164867401123047,0.0,0.0,0.0,0.008827745914459229,1.4619937473980826e-06,0.0015573203563690186,7.838231086730957,8.096651077270508,16.460233688354492,16.714324951171875,0.9861956834793091,0.9789295792579651,0.013804304413497448,0.021070441231131554,0.0,0.0,0.029639502987265587,0.029639502987265587,4.536843299865723,4.536843299865723,4.214815139770508,4.214815139770508,0.6591044068336487,0.6591044068336487,0.037393271923065186,0.037393271923065186,-0.06069454178214073,-0.06069454178214073,0.5778529047966003,0.5778529047966003,0.5288505554199219,0.5288505554199219,-0.026292625814676285,-0.026292625814676285,0.14824029803276062,0.14824029803276062,24.863542556762695,24.863542556762695,9.268174171447754,9.268174171447754,19.268173217773438,19.268173217773438,10.0,10.0,0.0,0.0,180.0
4,0.016666666666666666,0.4779669834386088,-5.348363237059781,-301.91008277255025,0.4779669834386088,-5.348363237059781,-301.91008277255025,6.5,-6.5,0.0,0.0,10.0,0,0.5,0.0,0.0,4.0,4.0,4.0,5.348361492156982,5.348362922668457,5.348363399505615,5.348363399505615,0.45594677329063416,0.45369964838027954,-5.446191787719727,-5.955069065093994,0.0,0.0,0.0,0.0,nan,nan,16.82530403137207,16.82530403137207,33.65060806274414,0.0,8.811981201171875,0.6196739673614502,0.0,0.0,0.0,0.6196739673614502,0.0,8.811981201171875,0.0,0.0,0.0,-0.761827826499939,-3.9008119106292725,7.889124393463135,0.0,0.0,0.0,0.0,8.811981201171875,0.6196739673614502,0.0,0.0,0.0,0.6196739673614502,0.0,8.811981201171875,-0.0,-0.0,-0.0,-0.734533429145813,-4.204240798950195,7.734328269958496,0.0,0.0,0.0,2.9802322387695312e-08,0.0,0.6000000238418579,-1.1920928955078125e-07,0.05600005388259888,0.5999999642372131,-5.960464477539063e-08,-0.055999964475631714,0.6000000238418579,-1.496361255645752,-8.105052947998047,15.623453140258789,0.0,0.0,0.0,0.008669048547744751,1.9124822756566573e-06,0.0015295110642910004,9.924579620361328,10.177221298217773,23.22127342224121,23.425678253173828,0.8165895342826843,0.7991940975189209,0.1834104359149933,0.2008059322834015,0.0,0.0,0.1834104359149933,0.1834104359149933,5.504448413848877,5.504448413848877,4.048576831817627,4.048576831817627,1.0169548988342285,1.0169548988342285,0.04582378640770912,0.04582378640770912,-0.06069454178214073,-0.06069454178214073,0.6196739673614502,0.6196739673614502,0.5288505554199219,0.5288505554199219,0.005687745288014412,0.005687745288014412,0.18022066354751587,0.18022066354751587,32.726078033447266,32.726078033447266,13.84848690032959,13.84848690032959,23.848485946655273,23.848485946655273,10.0,10.0,0.0,0.0,180.0
5,0.020833333333333332,0.45310449126001834,-6.5747251054327185,-286.2055731899668,0.45310449126001834,-6.5747251054327185,-286.2055731899668,6.5,-6.5,0.0,0.0,10.0,0,0.5,0.0,0.0,4.0,4.0,4.0,6.5747222900390625,6.5747222900390625,6.574725151062012,6.574725151062012,0.42641401290893555,0.42424020171165466,-6.4799017906188965,-6.972168922424316,0.0,0.0,0.0,0.0,nan,nan,20.09006690979004,20.09006690979004,40.18013381958008,0.0,8.60981559753418,0.4526422917842865,0.0,0.0,0.0,0.4526422917842865,0.0,8.60981559753418,0.0,0.0,0.0,-0.910881519317627,-3.618217706680298,7.772554397583008,0.0,0.0,0.0,0.0,8.60981559753418,0.4526422917842865,0.0,0.0,0.0,0.4526422917842865,0.0,8.60981559753418,-0.0,-0.0,-0.0,-0.8855011463165283,-3.9184110164642334,7.628613471984863,0.0,0.0,0.0,2.9802322387695312e-08,0.0,0.6000000238418579,-2.086162567138672e-07,0.05600002408027649,0.6000000238418579,-1.4156103134155273e-07,-0.055999964475631714,0.5999999642372131,-1.7963826656341553,-7.536628723144531,15.401167869567871,0.0,0.0,0.0,0.008060932159423828,3.213166110072052e-06,0.001422889530658722,12.175577163696289,12.413888931274414,29.158050537109375,29.324356079101562,0.6711705327033997,0.6523953676223755,0.32882943749427795,0.3476046323776245,0.0,0.0,0.404153436422348,0.404153436422348,6.471405506134033,6.471405506134033,3.8379812240600586,3.8379812240600586,1.4532002210617065,1.4532002210617065,0.05424624681472778,0.05424624681472778,-0.06069454178214073,-0.06069454178214073,0.4526422917842865,0.4526422917842865,0.5288505554199219,0.5288505554199219,0.0367615669965744,0.0367615669965744,0.211294487118721,0.211294487118721,40.23005294799805,40.23005294799805,18.22869873046875,18.22869873046875,28.22869873046875,28.22869873046875,10.0,10.0,0.0,0.0,180.0
6,0.025,0.4232776914569725,-7.729052909700856,-267.3653354551475,0.4232776914569725,-7.729052909700856,-267.3653354551475,6.5,-6.5,0.0,0.0,10.0,0,0.5,0.0,0.0,4.0,4.0,4.0,7.729051113128662,7.729050159454346,7.729053020477295,7.729053020477295,0.39229339361190796,0.3900485634803772,-7.423577308654785,-7.931920528411865,0.0,0.0,0.0,0.0,nan,nan,24.80949592590332,24.80949592590332,49.61899185180664,0.0,8.8551025390625,0.3738372325897217,0.0,0.0,0.0,0.3738372325897217,0.0,8.8551025390625,0.0,0.0,0.0,-1.0457897186279297,-3.480010747909546,8.08383846282959,0.0,0.0,0.0,0.0,8.8551025390625,0.3738372325897217,0.0,0.0,0.0,0.3738372325897217,0.0,8.8551025390625,-0.0,-0.0,-0.0,-1.0212970972061157,-3.793102502822876,7.944930553436279,0.0,0.0,0.0,2.9802322387695312e-08,0.0,0.6000000238418579,-2.9802322387695312e-08,0.05600002408027649,0.6000000238418579,-1.1175870895385742e-07,-0.055999964475631714,0.6000000238418579,-2.067086696624756,-7.273113250732422,16.02876853942871,0.0,0.0,0.0,0.007779330015182495,1.6065268937381916e-06,0.0013723932206630707,14.35306167602539,14.57370662689209,34.19845199584961,34.33366775512695,0.5769660472869873,0.5769660472869873,0.4230339229106903,0.4230339229106903,0.0,0.0,0.517386257648468,0.517386257648468,7.4288177490234375,7.4288177490234375,3.5853357315063477,3.5853357315063477,1.9591655731201172,1.9591655731201172,0.0625835657119751,0.0625835657119751,-0.06069454178214073,-0.06069454178214073,0.3738372325897217,0.3738372325897217,0.5288505554199219,0.5288505554199219,0.0665883794426918,0.0665883794426918,0.241121307015419,0.241121307015419,47.293270111083984,47.293270111083984,22.36082649230957,22.36082649230957,32.3608283996582,32.3608283996582,10.0,10.0,0.0,0.0,180.0
7,0.029166666666666667,0.3888133726897727,-8.798699592882008,-245.59578715528815,0.3888133726897727,-8.798699592882008,-245.59578715528815,6.5,-6.5,0.0,0.0,10.0,0,0.5,0.0,0.0,4.0,4.0,4.0,8.798699378967285,8.798697471618652,8.798699378967285,8.798699378967285,0.3538963198661804,0.35156184434890747,-8.281018257141113,-8.80966567993164,0.0,0.0,0.0,0.0,nan,nan,29.972198486328125,29.972198486328125,59.94439697265625,0.0,9.159899711608887,0.28984904289245605,0.0,0.0,0.0,0.28984904289245605,0.0,9.159899711608887,0.0,0.0,0.0,-1.1978418827056885,-3.3074259757995605,8.462498664855957,0.0,0.0,0.0,0.0,9.159899711608887,0.28984904289245605,0.0,0.0,0.0,0.28984904289245605,0.0,9.159899711608887,-0.0,-0.0,-0.0,-1.174458622932434,-3.636129856109619,8.32988452911377,0.0,0.0,0.0,2.9802322387695312e-08,0.0,0.6000000238418579,-1.4901161193847656e-08,0.05600005388259888,0.6000000238418579,3.725290298461914e-08,-0.0559999942779541,0.6000000238418579,-2.372300624847412,-6.94355583190918,16.792383193969727,0.0,0.0,0.0,0.00742688775062561,3.162407153922686e-07,0.0013096481561660767,16.3487491607666,16.550140380859375,38.389183044433594,38.49869155883789,0.5014724135398865,0.5014724135398865,0.4688880741596222,0.4688880741596222,0.029639502987265587,0.029639502987265587,0.6117570996284485,0.6117570996284485,8.365673065185547,8.365673065185547,3.2934088706970215,3.2934088706970215,2.522287368774414,2.522287368774414,0.07074028253555298,0.07074028253555298,-0.06069454178214073,-0.06069454178214073,0.28984904289245605,0.28984904289245605,0.5288505554199219,0.5288505554199219,0.09484140574932098,0.09484140574932098,0.2693743109703064,0.2693743109703064,53.838321685791016,53.838321685791016,26.1995906829834,26.1995906829834,36.199588775634766,36.199588775634766,10.0,10.0,0.0,0.0,180.0
8,0.03333333333333333,0.3500891332469546,-9.77194588207728,-221.13544001713294,0.3500891332469546,-9.77194588207728,-221.13544001713294,6.5,-6.5,0.0,0.0,10.0,0,0.5,0.0,0.0,4.0,4.0,4.0,9.771944046020508,9.771944046020508,9.77194595336914,9.77194595336914,0.3116593658924103,0.3091858923435211,-9.039249420166016,-9.599373817443848,0.0,0.0,0.0,0.0,nan,nan,35.60978317260742,35.60978317260742,71.21956634521484,0.0,9.617321014404297,0.27120256423950195,0.0,0.0,0.0,0.27120256423950195,0.0,9.617321014404297,0.0,0.0,0.0,-1.312454342842102,-3.1227736473083496,9.005118370056152,0.0,0.0,0.0,0.0,9.617321014404297,0.27120256423950195,0.0,0.0,0.0,0.27120256423950195,0.0,9.617321014404297,-0.0,-0.0,-0.0,-1.2902419567108154,-3.473106622695923,8.879145622253418,0.0,0.0,0.0,2.9802322387695312e-08,0.0,0.6000000238418579,-2.9802322387695312e-08,0.05600005388259888,0.6000000238418579,-3.725290298461914e-08,-0.0559999942779541,0.5999999642372131,-2.602696418762207,-6.595880508422852,17.88426399230957,0.0,0.0,0.0,0.007054805755615234,1.2090443988199695e-06,0.0012443885207176208,18.113937377929688,18.295137405395508,41.82071304321289,41.908836364746094,0.4637572765350342,0.4637572765350342,0.44769445061683655,0.4333321154117584,0.08854829519987106,0.1029105931520462,0.6496672034263611,0.6496672034263611,9.269046783447266,9.269046783447266,2.9653987884521484,2.9653987884521484,3.126054286956787,3.126054286956787,0.07860427349805832,0.07860427349805832,-0.06069454178214073,-0.06069454178214073,0.27120256423950195,0.27120256423950195,0.5288505554199219,0.5288505554199219,0.12121110409498215,0.12121110409498215,0.29574403166770935,0.29574403166770935,59.79351043701172,59.79351043701172,29.70293617248535,29.70293617248535,39.70293426513672,39.70293426513672,10.0,10.0,0.0,0.0,180.0
9,0.0375,0.30752924399942194,-10.638128687277376,-194.2522867225842,0.30752924399942194,-10.638128687277376,-194.2522867225842,6.5,-6.5,0.0,0.0,10.0,0,0.5,0.0,0.0,4.0,4.0,4.0,10.638124465942383,10.638129234313965,10.638128280639648,10.638128280639648,0.266011506319046,0.2634187638759613,-9.697602272033691,-10.284748077392578,0.0,0.0,0.0,0.0,nan,nan,41.064857482910156,41.064857482910156,82.12971496582031,0.0,10.013639450073242,0.2415873259305954,0.0,0.0,0.0,0.2415873259305954,0.0,10.013639450073242,0.0,0.0,0.0,-1.4292433261871338,-2.8455514907836914,9.496916770935059,0.0,0.0,0.0,0.0,10.013639450073242,0.2415873259305954,0.0,0.0,0.0,0.2415873259305954,0.0,10.013639450073242,-0.0,-0.0,-0.0,-1.4088318347930908,-3.215658187866211,9.381155014038086,0.0,0.0,0.0,2.9802322387695312e-08,0.0,0.6000000238418579,-1.1920928955078125e-07,0.0559999942779541,0.6000000238418579,8.195638656616211e-08,-0.0559999942779541,0.5999999642372131,-2.8380751609802246,-6.061209678649902,18.878070831298828,0.0,0.0,0.0,0.006482481956481934,1.0098584652951104e-06,0.0011432915925979614,19.62998390197754,19.79026222229004,44.59147644042969,44.661685943603516,0.4260307848453522,0.4260307848453522,0.4242304861545563,0.4242304861545563,0.14973872900009155,0.14973872900009155,0.6877620816230774,0.6877620816230774,10.124513626098633,10.124513626098633,2.6048989295959473,2.6048989295959473,3.7503113746643066,3.7503113746643066,0.08605034649372101,0.08605034649372101,-0.06069454178214073,-0.06069454178214073,0.2415873259305954,0.2415873259305954,0.5288505554199219,0.5288505554199219,0.1454085409641266,0.1454085409641266,0.3199414610862732,0.3199414610862732,65.09359741210938,65.09359741210938,32.83247756958008,32.83247756958008,42.83247756958008,42.83247756958008,10.0,10.0,0.0,0.0,180.0
10,0.041666666666666664,0.26160000000000005,-11.387757928408114,-165.2408647247985,0.26160000000000005,-11.387757928408114,-165.2408647247985,6.5,-6.5,0.0,0.0,10.0,0,0.5,0.0,0.0,4.0,4.0,4.0,11.387758255004883,11.3877534866333,11.387758255004883,11.387758255004883,0.21745118498802185,0.21476353704929352,-10.249259948730469,-10.857888221740723,0.0,0.0,0.0,0.0,nan,nan,46.075828552246094,46.075828552246094,92.15165710449219,0.0,10.332786560058594,0.20464488863945007,0.0,0.0,0.0,0.20464488863945007,0.0,10.332786560058594,0.0,0.0,0.0,-1.54035484790802,-2.4782962799072266,9.914318084716797,0.0,0.0,0.0,0.0,10.332786560058594,0.20464488863945007,0.0,0.0,0.0,0.20464488863945007,0.0,10.332786560058594,-0.0,-0.0,-0.0,-1.5223593711853027,-2.865363121032715,9.812261581420898,0.0,0.0,0.0,2.9802322387695312e-08,0.0,0.6000000238418579,0.0,0.05600005388259888,0.5999999642372131,-1.1920928955078125e-07,-0.055999964475631714,0.5999999642372131,-3.062714099884033,-5.343659400939941,19.726579666137695,0.0,0.0,0.0,0.005715727806091309,1.9401627469051164e-06,0.0010083839297294617,20.89377212524414,21.032363891601562,46.79151153564453,46.84650802612305,0.40714818239212036,0.40714818239212036,0.39204591512680054,0.39204591512680054,0.2008059322834015,0.2008059322834015,0.7260963320732117,0.7260963320732117,10.916738510131836,10.916738510131836,2.2158594131469727,2.2158594131469727,4.371974945068359,4.371974945068359,0.09294532239437103,0.09294532239437103,-0.06069454178214073,-0.06069454178214073,0.20464488863945007,0.20464488863945007,0.5288505554199219,0.5288505554199219,0.16716863214969635,0.16716863214969635,0.34170156717300415,0.34170156717300415,69.68050384521484,69.68050384521484,35.55393600463867,35.55393600463867,45.553932189941406,45.553932189941406,10.0,10.0,0.0,0.0,180.0
11,0.04583333333333333,0.21280461165725875,-12.012620510633662,-134.41902923421392,0.21280461165725875,-12.012620510633662,-134.41902923421392,6.5,-6.5,0.0,0.0,10.0,0,0.5,0.0,0.0,4.0,4.0,4.0,12.012619018554688,12.012619018554688,12.01262092590332,12.01262092590332,0.16651737689971924,0.1637464165687561,-10.686599731445312,-11.314092636108398,0.0,0.0,0.0,0.0,nan,nan,50.47099304199219,50.47099304199219,100.94198608398438,0.0,10.613319396972656,0.19067075848579407,0.0,0.0,0.0,0.19067075848579407,0.0,10.613319396972656,0.0,0.0,0.0,-1.620840072631836,-2.039980888366699,10.290299415588379,0.0,0.0,0.0,0.0,10.613319396972656,0.19067075848579407,0.0,0.0,0.0,0.19067075848579407,0.0,10.613319396972656,-0.0,-0.0,-0.0,-1.6057449579238892,-2.4422767162323,10.204693794250488,0.0,0.0,0.0,2.9802322387695312e-08,0.0,0.6000000238418579,0.0,0.05600005388259888,0.6000000238418579,-5.21540641784668e-08,-0.055999964475631714,0.6000000238418579,-3.2265849113464355,-4.482257843017578,20.494993209838867,0.0,0.0,0.0,0.0047948360443115234,1.143014628723904e-06,0.0008457303047180176,21.90996551513672,22.025917053222656,48.49627685546875,48.53810119628906,0.3882429003715515,0.3882429003715515,0.37529096007347107,0.37529096007347107,0.2364661693572998,0.2364661693572998,0.7453657388687134,0.7453657388687134,11.630156517028809,11.630156517028809,1.8025422096252441,1.8025422096252441,4.966104507446289,4.966104507446289,0.09915400296449661,0.09915400296449661,-0.06069454178214073,-0.06069454178214073,0.19067075848579407,0.19067075848579407,0.5288505554199219,0.5288505554199219,0.18625293672084808,0.18625293672084808,0.3607858419418335,0.3607858419418335,73.50397491455078,73.50397491455078,37.83747863769531,37.83747863769531,47.83747863769531,47.83747863769531,10.0,10.0,0.0,0.0,180.0
12,0.05,0.1616776914569725,-12.505870308742256,-102.124470730349,0.1616776914569725,-12.505870308742256,-102.124470730349,6.5,-6.5,0.0,0.0,10.0,0,0.5,0.0,0.0,4.0,4.0,4.0,12.505868911743164,12.505866050720215,12.50586986541748,12.505870819091797,0.11376573145389557,0.11092868447303772,-11.005363464355469,-11.647818565368652,0.0,0.0,0.0,0.0,nan,nan,53.98158645629883,53.98158645629883,107.96317291259766,0.0,10.836573600769043,0.20158010721206665,0.0,0.0,0.0,0.20158010721206665,0.0,10.836573600769043,0.0,0.0,0.0,-1.664211630821228,-1.5367048978805542,10.599099159240723,0.0,0.0,0.0,0.0,10.836573600769043,0.20158010721206665,0.0,0.0,0.0,0.20158010721206665,0.0,10.836573600769043,-0.0,-0.0,-0.0,-1.6524648666381836,-1.9514621496200562,10.532479286193848,0.0,0.0,0.0,2.9802322387695312e-08,0.0,0.6000000238418579,-4.470348358154297e-08,0.05600005388259888,0.5999999642372131,-3.725290298461914e-08,-0.055999964475631714,0.5999999642372131,-3.316676616668701,-3.4881670475006104,21.13157844543457,0.0,0.0,0.0,0.0037314295768737793,1.6936414795054588e-06,0.0006582066416740417,22.686660766601562,22.778676986694336,49.765262603759766,49.7954216003418,0.36930710077285767,0.36930710077285767,0.3576928973197937,0.3576928973197937,0.273000031709671,0.273000031709671,0.7453657388687134,0.7453657388687134,12.249711990356445,12.249711990356445,1.3694764375686646,1.3694764375686646,5.507285118103027,5.507285118103027,0.10454556345939636,0.10454556345939636,-0.06069454178214073,-0.06069454178214073,0.20158010721206665,0.20158010721206665,0.5288505554199219,0.5288505554199219,0.2024523764848709,0.2024523764848709,0.3769853115081787,0.3769853115081787,76.5221176147461,76.5221176147461,39.65809631347656,39.65809631347656,49.65810012817383,49.65810012817383,10.0,10.0,0.0,0.0,180.0
13,0.05416666666666667,0.10877939663585164,-12.862103174726665,-68.71101515424296,0.10877939663585164,-12.862103174726665,-68.71101515424296,6.5,-6.5,0.0,0.0,10.0,0,0.5,0.0,0.0,4.0,4.0,4.0,12.862102508544922,12.862101554870605,12.862103462219238,12.862103462219238,0.059755176305770874,0.05690803378820419,-11.206371307373047,-11.85111141204834,0.0,0.0,0.0,0.0,nan,nan,56.19171905517578,56.19171905517578,112.38343811035156,0.0,10.882471084594727,0.18065956234931946,0.0,0.0,0.0,0.18065956234931946,0.0,10.882471084594727,0.0,0.0,0.0,-1.7042558193206787,-0.9714714288711548,10.70572566986084,0.0,0.0,0.0,0.0,10.882471084594727,0.18065956234931946,0.0,0.0,0.0,0.18065956234931946,0.0,10.882471084594727,-0.0,-0.0,-0.0,-1.6963003873825073,-1.390994668006897,10.660605430603027,0.0,0.0,0.0,2.9802322387695312e-08,0.0,0.6000000238418579,-2.9802322387695312e-08,0.05600002408027649,0.5999999642372131,-3.725290298461914e-08,-0.055999964475631714,0.6000000238418579,-3.4005560874938965,-2.3624660968780518,21.366331100463867,0.0,0.0,0.0,0.0025273561477661133,1.4545419162459439e-06,0.0004457607865333557,23.233043670654297,23.2993106842041,50.64280319213867,50.662349700927734,0.36930710077285767,0.36930710077285767,0.33919021487236023,0.33919021487236023,0.2915026843547821,0.2915026843547821,0.7647067308425903,0.7647067308425903,12.761597633361816,12.761597633361816,0.9214061498641968,0.9214061498641968,5.971185684204102,5.971185684204102,0.10899999737739563,0.10899999737739563,-0.06069454178214073,-0.06069454178214073,0.18065956234931946,0.18065956234931946,0.5288505554199219,0.5288505554199219,0.2155894935131073,0.2155894935131073,0.3901224434375763,0.3901224434375763,78.70185852050781,78.70185852050781,40.99584197998047,40.99584197998047,50.9958381652832,50.9958381652832,10.0,10.0,0.0,0.0,180.0
14,0.058333333333333334,0.05468929198163629,-13.077416146760637,-34.54474731740278,0.05468929198163629,-13.077416146760637,-34.54474731740278,6.5,-6.5,0.0,0.0,10.0,0,0.5,0.0,0.0,4.0,4.0,4.0,13.077414512634277,13.077415466308594,13.07741641998291,13.07741641998291,0.005093628074973822,0.0022602227982133627,-11.283767700195312,-11.925395965576172,0.0,0.0,0.0,0.0,nan,nan,57.14447784423828,57.14447784423828,114.28895568847656,0.0,10.84921646118164,0.18645375967025757,0.0,0.0,0.0,0.18645375967025757,0.0,10.84921646118164,0.0,0.0,0.0,-1.6991466283798218,-0.3828795850276947,10.710114479064941,0.0,0.0,0.0,0.0,10.84921646118164,0.18645375967025757,0.0,0.0,0.0,0.18645375967025757,0.0,10.84921646118164,-0.0,-0.0,-0.0,-1.6951533555984497,-0.802978515625,10.687466621398926,0.0,0.0,0.0,2.9802322387695312e-08,0.0,0.6000000238418579,-8.195638656616211e-08,0.05600002408027649,0.5999999642372131,-2.9802322387695312e-08,-0.0559999942779541,0.6000000238418579,-3.3942999839782715,-1.185858130455017,21.397581100463867,0.0,0.0,0.0,0.001268625259399414,1.9352482922840863e-06,0.00022376328706741333,23.5583438873291,23.596214294433594,51.15937042236328,51.168983459472656,0.36930710077285767,0.36930710077285767,0.33919021487236023,0.33919021487236023,0.2915026843547821,0.2915026843547821,0.7647067308425903,0.7647067308425903,13.153922080993652,13.153922080993652,0.46324077248573303,0.46324077248573303,6.336139678955078,6.336139678955078,0.11241394281387329,0.11241394281387329,-0.06069454178214073,-0.06069454178214073,0.18645375967025757,0.18645375967025757,0.5288505554199219,0.5288505554199219,0.2255203127861023,0.2255203127861023,0.4000532031059265,0.4000532031059265,80.01934051513672,80.01934051513672,41.8360595703125,41.8360595703125,51.836063385009766,51.836063385009766,10.0,10.0,0.0,0.0,180.0
15,0.0625,3.203676026569476e-17,-13.149450210865439,-2.0236169607356522e-14,3.203676026569476e-17,-13.149450210865439,-2.0236169607356522e-14,6.5,-6.5,0.0,0.0,10.0,0,0.5,0.0,0.0,4.0,4.0,4.0,13.149449348449707,13.149443626403809,13.14945125579834,13.14945125579834,-0.049637481570243835,-0.05239860713481903,-11.24064826965332,-11.8659086227417,0.0,0.0,0.0,0.0,nan,nan,56.57692337036133,56.57692337036133,113.15384674072266,0.0,10.629439353942871,0.16124562919139862,0.0,0.0,0.0,0.16124562919139862,0.0,10.629439353942871,0.0,0.0,0.0,-1.6866343021392822,0.20610253512859344,10.493987083435059,0.0,0.0,0.0,0.0,10.629439353942871,0.16124562919139862,0.0,0.0,0.0,0.16124562919139862,0.0,10.629439353942871,-0.0,-0.0,-0.0,-1.6866343021392822,-0.20610253512859344,10.493987083435059,0.0,0.0,0.0,2.9802322387695312e-08,0.0,0.6000000238418579,2.9802322387695312e-08,0.05600005388259888,0.5999999642372131,-8.195638656616211e-08,-0.055999934673309326,0.5999999642372131,-3.3732686042785645,0.0,20.987974166870117,0.0,0.0,0.0,1.2516975402832031e-06,1.3738568895860226e-06,2.2351741790771484e-07,23.677425384521484,23.67742347717285,51.332786560058594,51.33278274536133,0.36930710077285767,0.36930710077285767,0.33919021487236023,0.33919021487236023,0.2915026843547821,0.2915026843547821,0.7841192483901978,0.7841192483901978,13.417312622070312,13.417312622070312,2.7136452764701144e-16,2.7136452764701144e-16,6.584644317626953,6.584644317626953,0.1147058755159378,0.1147058755159378,-0.06069454178214073,-0.06069454178214073,0.16124562919139862,0.16124562919139862,0.5288505554199219,0.5288505554199219,0.2321360558271408,0.2321360558271408,0.4066689908504486,0.4066689908504486,80.4601058959961,80.4601058959961,42.169532775878906,42.169532775878906,52.169532775878906,52.169532775878906,10.0,10.0,0.0,0.0,180.0
16,0.06666666666666667,-0.054689291981636225,-13.077416146760639,34.54474731740274,-0.054689291981636225,-13.077416146760639,34.54474731740274,6.5,-6.5,0.0,0.0,10.0,0,0.5,0.0,0.0,4.0,4.0,4.0,13.077414512634277,13.077414512634277,13.07741641998291,13.07741641998291,-0.10382247716188431,-0.10648562014102936,-11.073860168457031,-11.676928520202637,0.0,0.0,0.0,0.0,nan,nan,54.67561721801758,54.67561721801758,109.35123443603516,0.0,10.324211120605469,0.1628633737564087,0.0,0.0,0.0,0.1628633737564087,0.0,10.324211120605469,0.0,0.0,0.0,-1.6274689435958862,0.7641215920448303,10.16775894165039,0.0,0.0,0.0,0.0,10.324211120605469,0.1628633737564087,0.0,0.0,0.0,0.1628633737564087,0.0,10.324211120605469,-0.0,-0.0,-0.0,-1.631268858909607,0.3643516004085541,10.189311027526855,0.0,0.0,0.0,2.9802322387695312e-08,0.0,0.6000000238418579,-2.9802322387695312e-08,0.05600002408027649,0.5999999642372131,2.9802322387695312e-08,-0.0559999942779541,0.5999999642372131,-3.258737802505493,1.128473162651062,20.357070922851562,0.0,0.0,0.0,-0.0012065768241882324,8.002815548024955e-07,-0.00021278858184814453,23.596214294433594,23.5583438873291,51.168983459472656,51.15937423706055,0.36930710077285767,0.36930710077285767,0.33919021487236023,0.33919021487236023,0.2915026843547821,0.2915026843547821,0.7841192483901978,0.7841192483901978,13.545368194580078,13.545368194580078,-0.46324077248573303,-0.46324077248573303,6.70458984375,6.70458984375,0.11582017689943314,0.11582017689943314,-0.06069454178214073,-0.06069454178214073,0.1628633737564087,0.1628633737564087,0.5288505554199219,0.5288505554199219,0.23536424338817596,0.23536424338817596,0.4098971486091614,0.4098971486091614,80.01934051513672,80.01934051513672,41.99262619018555,41.99262619018555,51.99262237548828,51.99262237548828,10.0,10.0,0.0,0.0,180.0
17,0.07083333333333333,-0.10877939663585157,-12.862103174726665,68.71101515424292,-0.10877939663585157,-12.862103174726665,68.71101515424292,6.5,-6.5,0.0,0.0,10.0,0,0.5,0.0,0.0,4.0,4.0,4.0,12.862101554870605,12.862100601196289,12.862103462219238,12.862103462219238,-0.15687571465969086,-0.15940020978450775,-10.787040710449219,-11.35871696472168,0.0,0.0,0.0,0.0,nan,nan,51.4472541809082,51.4472541809082,102.8945083618164,0.0,9.88767147064209,0.16286776959896088,0.0,0.0,0.0,0.16286776959896088,0.0,9.88767147064209,0.0,0.0,0.0,-1.5424939393997192,1.2638397216796875,9.685866355895996,0.0,0.0,0.0,0.0,9.88767147064209,0.16286776959896088,0.0,0.0,0.0,0.16286776959896088,0.0,9.88767147064209,-0.0,-0.0,-0.0,-1.549722671508789,0.8826661109924316,9.726861000061035,0.0,0.0,0.0,2.9802322387695312e-08,0.0,0.6000000238418579,-5.21540641784668e-08,0.05600002408027649,0.5999999642372131,-1.4901161193847656e-08,-0.0559999942779541,0.5999999642372131,-3.0922164916992188,2.146505832672119,19.41272735595703,0.0,0.0,0.0,-0.002295255661010742,1.4129536793916486e-06,-0.00040490180253982544,23.2993106842041,23.233043670654297,50.662353515625,50.642799377441406,0.36930710077285767,0.36930710077285767,0.33919021487236023,0.33919021487236023,0.2915026843547821,0.2915026843547821,0.7841192483901978,0.7841192483901978,13.534982681274414,13.534982681274414,-0.9214061498641968,-0.9214061498641968,6.690123081207275,6.690123081207275,0.11572983860969543,0.11572983860969543,-0.06069454178214073,-0.06069454178214073,0.16286776959896088,0.16286776959896088,0.5288505554199219,0.5288505554199219,0.23516948521137238,0.23516948521137238,0.4097024202346802,0.4097024202346802,78.70185852050781,78.70185852050781,41.3072624206543,41.3072624206543,51.3072624206543,51.3072624206543,10.0,10.0,0.0,0.0,180.0
18,0.075,-0.16167769145697244,-12.505870308742258,102.12447073034896,-0.16167769145697244,-12.505870308742258,102.12447073034896,6.5,-6.5,0.0,0.0,10.0,0,0.5,0.0,0.0,4.0,4.0,4.0,12.505867958068848,12.505864143371582,12.50586986541748,12.50586986541748,-0.20821523666381836,-0.21056336164474487,-10.38318157196045,-10.91491413116455,0.0,0.0,0.0,0.0,nan,nan,47.068946838378906,47.068946838378906,94.13789367675781,0.0,9.329092025756836,0.16125866770744324,0.0,0.0,0.0,0.16125866770744324,0.0,9.329092025756836,0.0,0.0,0.0,-1.4346821308135986,1.6799927949905396,9.065167427062988,0.0,0.0,0.0,0.0,9.329092025756836,0.16125866770744324,0.0,0.0,0.0,0.16125866770744324,0.0,9.329092025756836,-0.0,-0.0,-0.0,-1.4447951316833496,1.3229334354400635,9.122520446777344,0.0,0.0,0.0,2.9802322387695312e-08,0.0,0.6000000238418579,-7.450580596923828e-08,0.05600005388259888,0.5999999642372131,-1.1920928955078125e-07,-0.055999934673309326,0.5999999642372131,-2.8794772624969482,3.0029263496398926,18.187686920166016,0.0,0.0,0.0,-0.0032104849815368652,2.4765622583799995e-06,-0.000566527247428894,22.77867889404297,22.686660766601562,49.7954216003418,49.765262603759766,0.36930710077285767,0.36930710077285767,0.3576928973197937,0.3576928973197937,0.273000031709671,0.273000031709671,0.7841192483901978,0.7841192483901978,13.38650131225586,13.38650131225586,-1.3694764375686646,-1.3694764375686646,6.542076110839844,6.542076110839844,0.11443784087896347,0.11443784087896347,-0.06069454178214073,-0.06069454178214073,0.16125866770744324,0.16125866770744324,0.5288505554199219,0.5288505554199219,0.23155389726161957,0.23155389726161957,0.40608686208724976,0.40608686208724976,76.5221176147461,76.5221176147461,40.1209602355957,40.1209602355957,50.1209602355957,50.1209602355957,10.0,10.0,0.0,0.0,180.0
19,0.07916666666666666,-0.21280461165725859,-12.012620510633663,134.41902923421384,-0.21280461165725859,-12.012620510633663,134.41902923421384,6.5,-6.5,0.0,0.0,10.0,0,0.5,0.0,0.0,4.0,4.0,4.0,12.012619018554688,12.012617111206055,12.01262092590332,12.01262092590332,-0.2572702467441559,-0.25942274928092957,-9.86483097076416,-10.352259635925293,0.0,0.0,0.0,0.0,nan,nan,41.85786437988281,41.85786437988281,83.71572875976562,0.0,8.706222534179688,0.18648192286491394,0.0,0.0,0.0,0.18648192286491394,0.0,8.706222534179688,0.0,0.0,0.0,-1.2875946760177612,2.0034265518188477,8.37624454498291,0.0,0.0,0.0,0.0,8.706222534179688,0.18648192286491394,0.0,0.0,0.0,0.18648192286491394,0.0,8.706222534179688,-0.0,-0.0,-0.0,-1.2999769449234009,1.673418641090393,8.446468353271484,0.0,0.0,0.0,2.9802322387695312e-08,0.0,0.6000000238418579,-1.043081283569336e-07,0.05600002408027649,0.5999999642372131,-2.9802322387695312e-08,-0.055999964475631714,0.5999999642372131,-2.587571620941162,3.676845073699951,16.822711944580078,0.0,0.0,0.0,-0.003931820392608643,1.7810218650993193e-06,-0.0006936937570571899,22.025917053222656,21.90996551513672,48.53810119628906,48.49627685546875,0.3882429003715515,0.3882429003715515,0.37529096007347107,0.37529096007347107,0.2364661693572998,0.2364661693572998,0.7647067308425903,0.7647067308425903,13.103694915771484,13.103694915771484,-1.8025422096252441,-1.8025422096252441,6.267895221710205,6.267895221710205,0.1119769960641861,0.1119769960641861,-0.06069454178214073,-0.06069454178214073,0.18648192286491394,0.18648192286491394,0.5288505554199219,0.5288505554199219,0.22455717623233795,0.22455717623233795,0.39909011125564575,0.39909011125564575,73.50397491455078,73.50397491455078,38.44671630859375,38.44671630859375,48.44671630859375,48.44671630859375,10.0,10.0,0.0,0.0,180.0
20,0.08333333333333333,-0.2615999999999999,-11.387757928408114,165.2408647247984,-0.2615999999999999,-11.387757928408114,165.2408647247984,6.5,-6.5,0.0,0.0,10.0,0,0.5,0.0,0.0,4.0,4.0,4.0,11.3877534866333,11.38775634765625,11.387758255004883,11.3877592086792,-0.3035165071487427,-0.3054298758506775,-9.240653991699219,-9.673924446105957,0.0,0.0,0.0,0.0,nan,nan,35.9595947265625,35.9595947265625,71.919189453125,0.0,7.945261001586914,0.18069784343242645,0.0,0.0,0.0,0.18069784343242645,0.0,7.945261001586914,0.0,0.0,0.0,-1.1476138830184937,2.2032835483551025,7.549062728881836,0.0,0.0,0.0,0.0,7.945261001586914,0.18069784343242645,0.0,0.0,0.0,0.18069784343242645,0.0,7.945261001586914,-0.0,-0.0,-0.0,-1.1614511013031006,1.9056533575057983,7.627538681030273,0.0,0.0,0.0,2.9802322387695312e-08,0.0,0.6000000238418579,-1.564621925354004e-07,0.0559999942779541,0.5999999642372131,-8.940696716308594e-08,-0.055999964475631714,0.5999999642372131,-2.3090648651123047,4.108936786651611,15.17660140991211,0.0,0.0,0.0,-0.004394173622131348,2.4530268092348706e-06,-0.0007754862308502197,21.032363891601562,20.893775939941406,46.84650802612305,46.79151916503906,0.40714818239212036,0.40714818239212036,0.39204591512680054,0.39204591512680054,0.2008059322834015,0.2008059322834015,0.7647067308425903,0.7647067308425903,12.69357681274414,12.69357681274414,-2.2158594131469727,-2.2158594131469727,5.8810858726501465,5.8810858726501465,0.10840825736522675,0.10840825736522675,-0.06069454178214073,-0.06069454178214073,0.18069784343242645,0.18069784343242645,0.5288505554199219,0.5288505554199219,0.2142559140920639,0.2142559140920639,0.3887888491153717,0.3887888491153717,69.68050384521484,69.68050384521484,36.30286407470703,36.30286407470703,46.30286407470703,46.30286407470703,10.0,10.0,0.0,0.0,180.0
21,0.0875,-0.3075292439994219,-10.638128687277376,194.25228672258416,-0.3075292439994219,-10.638128687277376,194.25228672258416,6.5,-6.5,0.0,0.0,10.0,0,0.5,0.0,0.0,4.0,4.0,4.0,10.638124465942383,10.638128280639648,10.638127326965332,10.638128280639648,-0.3464314639568329,-0.348096638917923,-8.513886451721191,-8.890948295593262,0.0,0.0,0.0,0.0,nan,nan,29.83804702758789,29.83804702758789,59.67609405517578,0.0,7.1533918380737305,0.20164155960083008,0.0,0.0,0.0,0.20164155960083008,0.0,7.1533918380737305,0.0,0.0,0.0,-0.9778009653091431,2.297152519226074,6.706613540649414,0.0,0.0,0.0,0.0,7.1533918380737305,0.20164155960083008,0.0,0.0,0.0,0.20164155960083008,0.0,7.1533918380737305,-0.0,-0.0,-0.0,-0.9923824667930603,2.032762289047241,6.789309501647949,0.0,0.0,0.0,2.9802322387695312e-08,0.0,0.6000000238418579,-1.341104507446289e-07,0.0559999942779541,0.5999999642372131,-4.470348358154297e-08,-0.05600002408027649,0.5999999642372131,-1.9701833724975586,4.3299150466918945,13.495923042297363,0.0,0.0,0.0,-0.004630923271179199,1.7225746660187724e-06,-0.0008171200752258301,19.79026222229004,19.629981994628906,44.66168212890625,44.59147644042969,0.4260307848453522,0.4260307848453522,0.4242304861545563,0.4242304861545563,0.14973872900009155,0.14973872900009155,0.7453657388687134,0.7453657388687134,12.166044235229492,12.166044235229492,-2.6048989295959473,-2.6048989295959473,5.40023946762085,5.40023946762085,0.10381771624088287,0.10381771624088287,-0.06069454178214073,-0.06069454178214073,0.20164155960083008,0.20164155960083008,0.5288505554199219,0.5288505554199219,0.20076295733451843,0.20076295733451843,0.37529587745666504,0.37529587745666504,65.09359741210938,65.09359741210938,33.71289825439453,33.71289825439453,43.71289825439453,43.71289825439453,10.0,10.0,0.0,0.0,180.0
22,0.09166666666666666,-0.35008913324695445,-9.771945882077285,221.13544001713282,-0.35008913324695445,-9.771945882077285,221.13544001713282,6.5,-6.5,0.0,0.0,10.0,0,0.5,0.0,0.0,4.0,4.0,4.0,9.771944046020508,9.771944046020508,9.77194595336914,9.77194595336914,-0.38555681705474854,-0.3869435489177704,-7.695195198059082,-8.009211540222168,0.0,0.0,0.0,0.0,nan,nan,23.68008041381836,23.68008041381836,47.36016082763672,0.0,6.266811370849609,0.19074222445487976,0.0,0.0,0.0,0.19074222445487976,0.0,6.266811370849609,0.0,0.0,0.0,-0.8269345760345459,2.2631359100341797,5.788238525390625,0.0,0.0,0.0,0.0,6.266811370849609,0.19074222445487976,0.0,0.0,0.0,0.19074222445487976,0.0,6.266811370849609,-0.0,-0.0,-0.0,-0.8414087891578674,2.0348527431488037,5.870324611663818,0.0,0.0,0.0,2.9802322387695312e-08,0.0,0.6000000238418579,-1.6391277313232422e-07,0.0559999942779541,0.5999999642372131,-5.960464477539063e-08,-0.05600002408027649,0.6000000238418579,-1.6683433055877686,4.2979888916015625,11.658563613891602,0.0,0.0,0.0,-0.0045968592166900635,1.6954062402874115e-06,-0.0008112043142318726,18.29513931274414,18.113937377929688,41.908851623535156,41.82071304321289,0.4637572765350342,0.4637572765350342,0.4333321154117584,0.44769445061683655,0.1029105931520462,0.08854829519987106,0.7453657388687134,0.7453657388687134,11.53339672088623,11.53339672088623,-2.9653987884521484,-2.9653987884521484,4.847716331481934,4.847716331481934,0.09831226617097855,0.09831226617097855,-0.06069454178214073,-0.06069454178214073,0.19074222445487976,0.19074222445487976,0.5288505554199219,0.5288505554199219,0.18422618508338928,0.18422618508338928,0.3587591052055359,0.3587591052055359,59.79351043701172,59.79351043701172,30.705198287963867,30.705198287963867,40.705196380615234,40.705196380615234,10.0,10.0,0.0,0.0,180.0
23,0.09583333333333333,-0.38881337268977256,-8.79869959288201,245.59578715528806,-0.38881337268977256,-8.79869959288201,245.59578715528806,6.5,-6.5,0.0,0.0,10.0,0,0.5,0.0,0.0,4.0,4.0,4.0,8.798696517944336,8.798697471618652,8.798699378967285,8.798699378967285,-0.4204488694667816,-0.4215601682662964,-6.790133953094482,-7.041780948638916,0.0,0.0,0.0,0.0,nan,nan,17.911792755126953,17.911792755126953,35.823585510253906,0.0,5.388915061950684,0.20474624633789062,0.0,0.0,0.0,0.20474624633789062,0.0,5.388915061950684,0.0,0.0,0.0,-0.6572490930557251,2.1391921043395996,4.9065470695495605,0.0,0.0,0.0,0.0,5.388915061950684,0.20474624633789062,0.0,0.0,0.0,0.20474624633789062,0.0,5.388915061950684,-0.0,-0.0,-0.0,-0.6710058450698853,1.9458112716674805,4.984565734863281,0.0,0.0,0.0,2.9802322387695312e-08,0.0,0.6000000238418579,-1.1175870895385742e-07,0.05600005388259888,0.5999999642372131,4.470348358154297e-08,-0.05600002408027649,0.6000000238418579,-1.3282549381256104,4.08500337600708,9.89111328125,0.0,0.0,0.0,-0.0043687522411346436,6.594751766897389e-07,-0.0007706321775913239,16.550140380859375,16.3487491607666,38.49869918823242,38.389183044433594,0.5014724135398865,0.5014724135398865,0.4688880741596222,0.4688880741596222,0.029639502987265587,0.029639502987265587,0.7260963320732117,0.7260963320732117,10.809706687927246,10.809706687927246,-3.2934088706970215,-3.2934088706970215,4.248120307922363,4.248120307922363,0.09201421588659286,0.09201421588659286,-0.06069454178214073,-0.06069454178214073,0.20474624633789062,0.20474624633789062,0.5288505554199219,0.5288505554199219,0.16482675075531006,0.16482675075531006,0.33935967087745667,0.33935967087745667,53.838321685791016,53.838321685791016,27.312719345092773,27.312719345092773,37.312721252441406,37.312721252441406,10.0,10.0,0.0,0.0,180.0
24,0.1,-0.42327769145697247,-7.729052909700857,267.36533545514743,-0.42327769145697247,-7.729052909700857,267.36533545514743,6.5,-6.5,0.0,0.0,10.0,0,0.5,0.0,0.0,4.0,4.0,4.0,7.729052543640137,7.729052543640137,7.729053020477295,7.729053020477295,-0.4507245123386383,-0.4515678882598877,-5.808452129364014,-5.999427795410156,0.0,0.0,0.0,0.0,nan,nan,12.7730712890625,12.7730712890625,25.546142578125,0.0,4.534917831420898,0.24175573885440826,0.0,0.0,0.0,0.24175573885440826,0.0,4.534917831420898,0.0,0.0,0.0,-0.4734913110733032,1.9425424337387085,4.077530860900879,0.0,0.0,0.0,0.0,4.534917831420898,0.24175573885440826,0.0,0.0,0.0,0.24175573885440826,0.0,4.534917831420898,-0.0,-0.0,-0.0,-0.48603489995002747,1.782200574874878,4.148669242858887,0.0,0.0,0.0,2.9802322387695312e-08,0.0,0.6000000238418579,-7.450580596923828e-09,0.05600002408027649,0.5999999642372131,2.9802322387695312e-08,-0.05600002408027649,0.6000000238418579,-0.9595261812210083,3.724742889404297,8.226200103759766,0.0,0.0,0.0,-0.003983646631240845,1.801221287678345e-07,-0.0007025133818387985,14.57370662689209,14.35306167602539,34.33366775512695,34.19845199584961,0.5769660472869873,0.5769660472869873,0.4230339229106903,0.4230339229106903,0.0,0.0,0.6877620816230774,0.6877620816230774,10.010128021240234,10.010128021240234,-3.5853357315063477,-3.5853357315063477,3.626706600189209,3.626706600189209,0.08505524694919586,0.08505524694919586,-0.06069454178214073,-0.06069454178214073,0.24175573885440826,0.24175573885440826,0.5288505554199219,0.5288505554199219,0.1427772045135498,0.1427772045135498,0.3173101246356964,0.3173101246356964,47.293270111083984,47.293270111083984,23.5726261138916,23.5726261138916,33.572628021240234,33.572628021240234,10.0,10.0,0.0,0.0,180.0
25,0.10416666666666667,-0.45310449126001834,-6.5747251054327185,286.2055731899668,-0.45310449126001834,-6.5747251054327185,286.2055731899668,6.5,-6.5,0.0,0.0,10.0,0,0.5,0.0,0.0,4.0,4.0,4.0,6.574722766876221,6.574725151062012,6.574725151062012,6.574725151062012,-0.4760573208332062,-0.47663286328315735,-4.762073993682861,-4.892402648925781,0.0,0.0,0.0,0.0,nan,nan,8.395109176635742,8.395109176635742,16.790218353271484,0.0,3.6833534240722656,0.2714579105377197,0.0,0.0,0.0,0.2714579105377197,0.0,3.6833534240722656,0.0,0.0,0.0,-0.3021935224533081,1.6763302087783813,3.2770988941192627,0.0,0.0,0.0,0.0,3.6833534240722656,0.2714579105377197,0.0,0.0,0.0,0.2714579105377197,0.0,3.6833534240722656,-0.0,-0.0,-0.0,-0.31305167078971863,1.5479050874710083,3.3386778831481934,0.0,0.0,0.0,2.9802322387695312e-08,0.0,0.6000000238418579,-7.450580596923828e-08,0.0559999942779541,0.5999999642372131,-1.4901161193847656e-08,-0.0559999942779541,0.5999999642372131,-0.6152452230453491,3.2242352962493896,6.615777015686035,0.0,0.0,0.0,-0.0034482330083847046,5.277500463307661e-07,-0.0006083007901906967,12.413888931274414,12.175577163696289,29.324356079101562,29.158050537109375,0.6523953676223755,0.6711705327033997,0.3476046323776245,0.32882943749427795,0.0,0.0,0.6496672034263611,0.6496672034263611,9.15014934539795,9.15014934539795,-3.8379812240600586,-3.8379812240600586,3.0078744888305664,3.0078744888305664,0.077569879591465,0.077569879591465,-0.06069454178214073,-0.06069454178214073,0.2714579105377197,0.2714579105377197,0.5288505554199219,0.5288505554199219,0.11831912398338318,0.11831912398338318,0.2928520441055298,0.2928520441055298,40.23005294799805,40.23005294799805,19.52588653564453,19.52588653564453,29.52588653564453,29.52588653564453,10.0,10.0,0.0,0.0,180.0
26,0.10833333333333334,-0.47796698343860883,-5.34836323705978,301.91008277255025,-0.47796698343860883,-5.34836323705978,301.91008277255025,6.5,-6.5,0.0,0.0,10.0,0,0.5,0.0,0.0,4.0,4.0,4.0,5.348361492156982,5.348361492156982,5.348363399505615,5.348363399505615,-0.4961687922477722,-0.49648118019104004,-3.662283420562744,-3.7330121994018555,0.0,0.0,0.0,0.0,nan,nan,4.89777946472168,4.89777946472168,9.79555892944336,0.0,2.8492157459259033,0.29020583629608154,0.0,0.0,0.0,0.29020583629608154,0.0,2.8492157459259033,0.0,0.0,0.0,-0.14902058243751526,1.359375,2.5163748264312744,0.0,0.0,0.0,0.0,2.8492157459259033,0.29020583629608154,0.0,0.0,0.0,0.29020583629608154,0.0,2.8492157459259033,-0.0,-0.0,-0.0,-0.1578461080789566,1.2612662315368652,2.5664258003234863,0.0,0.0,0.0,2.9802322387695312e-08,0.0,0.6000000238418579,-9.685754776000977e-08,0.0559999942779541,0.5999999046325684,-1.4901161193847656e-08,-0.05600002408027649,0.6000000238418579,-0.30686670541763306,2.6206412315368652,5.08280086517334,0.0,0.0,0.0,-0.0028027743101119995,4.5121655034563446e-07,-0.0004944633692502975,10.17722225189209,9.924577713012695,23.425678253173828,23.22127342224121,0.7991940975189209,0.8165895342826843,0.2008059322834015,0.1834104359149933,0.0,0.0,0.6117570996284485,0.6117570996284485,8.24485969543457,8.24485969543457,-4.048576831817627,-4.048576831817627,2.4138782024383545,2.4138782024383545,0.06968912482261658,0.06968912482261658,-0.06069454178214073,-0.06069454178214073,0.29020583629608154,0.29020583629608154,0.5288505554199219,0.5288505554199219,0.09172048419713974,0.09172048419713974,0.26625341176986694,0.26625341176986694,32.726078033447266,32.726078033447266,15.216852188110352,15.216852188110352,25.21685218811035,25.21685218811035,10.0,10.0,0.0,0.0,180.0
27,0.1125,-0.49759276932562435,-4.063403581844658,314.3068023095311,-0.49759276932562435,-4.063403581844658,314.3068023095311,6.5,-6.5,0.0,0.0,10.0,0,0.5,0.0,0.0,4.0,4.0,4.0,4.063403606414795,4.0634026527404785,4.063403606414795,4.063403606414795,-0.5108264684677124,-0.5109077095985413,-2.518340826034546,-2.536748170852661,0.0,0.0,0.0,0.0,nan,nan,2.417026996612549,2.417026996612549,4.834053993225098,0.0,2.1182444095611572,0.3745098114013672,0.0,0.0,0.0,0.3745098114013672,0.0,2.1182444095611572,0.0,0.0,0.0,0.04906197264790535,1.0469639301300049,1.8784772157669067,0.0,0.0,0.0,0.0,2.1182444095611572,0.3745098114013672,0.0,0.0,0.0,0.3745098114013672,0.0,2.1182444095611572,-0.0,-0.0,-0.0,0.04225350171327591,0.9747805595397949,1.9170900583267212,0.0,0.0,0.0,2.9802322387695312e-08,0.0,0.6000000238418579,2.2351741790771484e-08,0.05600002408027649,0.6000000238418579,4.470348358154297e-08,-0.05600002408027649,0.6000000238418579,0.09131547808647156,2.0217444896698,3.795567274093628,0.0,0.0,0.0,-0.0021623224020004272,-1.4571122086692867e-08,-0.00038126809522509575,8.09665298461914,7.838230133056641,16.714324951171875,16.460233688354492,0.9789295792579651,0.9861956834793091,0.021070441231131554,0.013804304413497448,0.0,0.0,0.517386257648468,0.517386257648468,7.308269023895264,7.308269023895264,-4.214815139770508,-4.214815139770508,1.8638594150543213,1.8638594150543213,0.061534538865089417,0.061534538865089417,-0.06069454178214073,-0.06069454178214073,0.3745098114013672,0.3745098114013672,0.5288505554199219,0.5288505554199219,0.06327269971370697,0.06327269971370697,0.23780560493469238,0.23780560493469238,24.863542556762695,24.863542556762695,10.692728042602539,10.692728042602539,20.69272804260254,20.69272804260254,10.0,10.0,0.0,0.0,180.0
28,0.11666666666666667,-0.5117668247039271,-2.733924426664975,323.2599107474819,-0.5117668247039271,-2.733924426664975,323.2599107474819,6.5,-6.5,0.0,0.0,10.0,0,0.5,0.0,0.0,4.0,4.0,4.0,2.733924388885498,2.73392391204834,2.733924388885498,2.733924388885498,-0.519885241985321,-0.5197385549545288,-1.346366286277771,-1.313131332397461,0.0,0.0,0.0,0.0,nan,nan,0.8105379343032837,0.8105379343032837,1.6210758686065674,0.0,1.401526689529419,0.4537746012210846,0.0,0.0,0.0,0.4537746012210846,0.0,1.401526689529419,0.0,0.0,0.0,0.2370404154062271,0.7099176645278931,1.2688645124435425,0.0,0.0,0.0,0.0,1.401526689529419,0.4537746012210846,0.0,0.0,0.0,0.4537746012210846,0.0,1.401526689529419,-0.0,-0.0,-0.0,0.23241853713989258,0.6625304222106934,1.295076608657837,0.0,0.0,0.0,2.9802322387695312e-08,0.0,0.6000000238418579,2.2351741790771484e-08,0.05600002408027649,0.5999999642372131,-2.9802322387695312e-08,-0.0559999942779541,0.5999999642372131,0.4694589376449585,1.3724480867385864,2.56394100189209,0.0,0.0,0.0,-0.0014677569270133972,5.866442620572343e-08,-0.0002588769420981407,6.722378253936768,6.487066268920898,9.880812644958496,9.878145217895508,1.0,1.0,0.0,0.0,0.0,0.0,0.404153436422348,0.404153436422348,6.35275936126709,6.35275936126709,-4.334875583648682,-4.334875583648682,1.37327241897583,1.37327241897583,0.05321352183818817,0.05321352183818817,-0.06069454178214073,-0.06069454178214073,0.4537746012210846,0.4537746012210846,0.5288505554199219,0.5288505554199219,0.03328744322061539,0.03328744322061539,0.2078203558921814,0.2078203558921814,16.72859764099121,16.72859764099121,6.003077030181885,6.003077030181885,16.003076553344727,16.003076553344727,10.0,10.0,0.0,0.0,180.0
29,0.12083333333333333,-0.5203338556566806,-1.3744918233562897,328.671315956798,-0.5203338556566806,-1.3744918233562897,328.671315956798,6.5,-6.5,0.0,0.0,10.0,0,0.5,0.0,0.0,4.0,4.0,4.0,1.3744913339614868,1.3744912147521973,1.3744916915893555,1.374491810798645,-0.5232471227645874,-0.5228762626647949,-0.10173329710960388,-0.07539695501327515,0.0,0.0,0.0,0.0,nan,nan,0.03501271456480026,0.03501271456480026,0.07002542912960052,0.0,0.7027353048324585,0.6007848978042603,0.0,0.0,0.0,0.6007848978042603,0.0,0.7027353048324585,0.0,0.0,0.0,0.48697566986083984,0.36113542318344116,0.698008120059967,0.0,0.0,0.0,0.0,0.7027353048324585,0.6007848978042603,0.0,0.0,0.0,0.6007848978042603,0.0,0.7027353048324585,-0.0,-0.0,-0.0,0.48462292551994324,0.3374902904033661,0.7113510370254517,0.0,0.0,0.0,2.9802322387695312e-08,0.0,0.6000000238418579,-1.341104507446289e-07,0.05600002408027649,0.5999999642372131,-8.940696716308594e-08,-0.055999964475631714,0.6000000238418579,0.9715986251831055,0.6986256837844849,1.4093592166900635,0.0,0.0,0.0,-0.000747140496969223,1.7018608389207657e-07,-0.00013188272714614868,7.289804458618164,7.17263126373291,9.940319061279297,9.938973426818848,1.0,1.0,0.0,0.0,0.0,0.0,0.19718828797340393,0.19718828797340393,5.38871955871582,5.38871955871582,-4.40744161605835,-4.40744161605835,0.9537029266357422,0.9537029266357422,0.04481609910726547,0.04481609910726547,-0.06069454178214073,-0.06069454178214073,0.6007848978042603,0.6007848978042603,0.5288505554199219,0.5288505554199219,0.002093259245157242,0.002093259245157242,0.17662616074085236,0.17662616074085236,8.410372734069824,8.410372734069824,1.1992864608764648,1.1992864608764648,11.199286460876465,11.199286460876465,10.0,10.0,0.0,0.0,180.0
30,0.125,-0.5232,-1.6103432111283847e-15,330.4817294495969,-0.5232,-1.6103432111283847e-15,330.4817294495969,6.5,-6.5,0.0,0.0,10.0,0,0.5,0.0,0.0,4.0,4.0,4.0,1.6103430404196175e-15,1.6103433580569727e-15,1.6103432521778543e-15,1.6103433580569727e-15,-0.5208808183670044,-0.5202804803848267,1.0282777547836304,1.164258360862732,0.0,0.0,0.0,0.0,nan,nan,-3.669769714583664e-16,-3.669769714583664e-16,-7.339539429167328e-16,0.0,-0.007307015359401703,0.5887479782104492,0.0,0.0,0.0,0.5887479782104492,0.0,-0.007307015359401703,0.0,0.0,0.0,0.5808902382850647,-0.003773035481572151,0.0960722267627716,0.0,0.0,0.0,0.0,-0.007307015359401703,0.5887479782104492,0.0,0.0,0.0,0.5887479782104492,0.0,-0.007307015359401703,-0.0,-0.0,-0.0,0.5809147953987122,-0.0035275649279356003,0.09593283385038376,0.0,0.0,0.0,2.9802322387695312e-08,0.0,0.6000000238418579,2.2351741790771484e-08,0.056000083684921265,0.5999999642372131,4.470348358154297e-08,-0.0559999942779541,0.6000000238418579,1.1618050336837769,-0.0073006004095077515,0.19200506806373596,0.0,0.0,0.0,7.814262062311172e-06,-3.5337471615548566e-08,1.3224780559539795e-06,9.999968528747559,9.999968528747559,9.999968528747559,9.999968528747559,1.0,1.0,0.0,0.0,0.0,0.0,0.0,0.0,4.424411773681641,4.424411773681641,-4.431718826293945,-4.431718826293945,0.6130286455154419,0.6130286455154419,0.03641383349895477,0.03641383349895477,-0.06069454178214073,-0.06069454178214073,0.5887479782104492,0.5887479782104492,0.5288505554199219,0.5288505554199219,-0.029968097805976868,-0.029968097805976868,0.14456482231616974,0.14456482231616974,9.853522416948014e-15,9.853522416948014e-15,-3.666015625,-3.666015625,6.333983898162842,6.333983898162842,10.0,10.0,0.0,0.0,180.0
31,0.12916666666666665,-0.5203338556566807,1.3744918233562806,328.6713159567981,-0.5203338556566807,1.3744918233562806,328.6713159567981,6.5,-6.5,0.0,0.0,10.0,0,0.5,0.0,0.0,4.0,4.0,4.0,1.3744913339614868,1.3744912147521973,1.3744916915893555,1.374491810798645,-0.5128484964370728,-0.511943519115448,2.195452928543091,2.4003677368164062,0.0,0.0,0.0,0.0,nan,nan,0.8557072281837463,0.8557072281837463,1.7114144563674927,0.0,-0.9413300156593323,0.32318115234375,0.0,0.0,0.0,0.32318115234375,0.0,-0.9413300156593323,0.0,0.0,0.0,0.4584953188896179,-0.4837491810321808,-0.7391326427459717,0.0,0.0,0.0,0.0,-0.9413300156593323,0.32318115234375,0.0,0.0,0.0,0.32318115234375,0.0,-0.9413300156593323,-0.0,-0.0,-0.0,0.4616468548774719,-0.4520759880542755,-0.7570057511329651,0.0,0.0,0.0,2.9802322387695312e-08,0.0,0.6000000238418579,-1.341104507446289e-07,0.05600002408027649,0.5999999642372131,-8.940696716308594e-08,-0.055999964475631714,0.6000000238418579,0.9201421737670898,-0.9358251690864563,-1.496138334274292,0.0,0.0,0.0,0.001000821590423584,-2.3872385668255447e-07,0.00017659179866313934,13.256440162658691,13.303919792175293,17.415996551513672,17.49999237060547,0.7635338306427002,0.7635338306427002,0.2364661693572998,0.2364661693572998,0.0,0.0,0.0,0.0,3.466111421585083,3.466111421585083,-4.40744161605835,-4.40744161605835,0.3558146059513092,0.3558146059513092,0.02806107886135578,0.02806107886135578,-0.06069454178214073,-0.06069454178214073,0.32318115234375,0.32318115234375,0.5288505554199219,0.5288505554199219,-0.06254534423351288,-0.06254534423351288,0.11198756843805313,0.11198756843805313,-8.410372734069824,-8.410372734069824,-8.539523124694824,-8.539523124694824,1.4604771137237549,1.4604771137237549,10.0,10.0,0.0,0.0,180.0
32,0.13333333333333333,-0.5117668247039271,2.733924426664972,323.2599107474819,-0.5117668247039271,2.733924426664972,323.2599107474819,6.5,-6.5,0.0,0.0,10.0,0,0.5,0.0,0.0,4.0,4.0,4.0,2.733924388885498,2.73392391204834,2.733924388885498,2.733924388885498,-0.4991934895515442,-0.498001366853714,3.3394012451171875,3.609351873397827,0.0,0.0,0.0,0.0,nan,nan,2.7142512798309326,2.7142512798309326,5.428502559661865,0.0,-1.816370964050293,0.14290021359920502,0.0,0.0,0.0,0.14290021359920502,0.0,-1.816370964050293,0.0,0.0,0.0,0.4126812219619751,-0.9200495481491089,-1.517506718635559,0.0,0.0,0.0,0.0,-1.816370964050293,0.14290021359920502,0.0,0.0,0.0,0.14290021359920502,0.0,-1.816370964050293,-0.0,-0.0,-0.0,0.418671190738678,-0.8586357831954956,-1.5514776706695557,0.0,0.0,0.0,2.9802322387695312e-08,0.0,0.6000000238418579,2.2351741790771484e-08,0.05600002408027649,0.5999999642372131,-2.9802322387695312e-08,-0.0559999942779541,0.5999999642372131,0.8313524127006531,-1.7786853313446045,-3.0689845085144043,0.0,0.0,0.0,0.0019022226333618164,-1.5333404235207126e-07,0.0003354828804731369,16.516481399536133,16.585134506225586,24.575193405151367,24.677736282348633,0.3882429003715515,0.3882429003715515,0.6117570996284485,0.6117570996284485,0.0,0.0,0.0,0.0,2.5185041427612305,2.5185041427612305,-4.334875583648682,-4.334875583648682,0.18379631638526917,0.18379631638526917,0.019798435270786285,0.019798435270786285,-0.06069454178214073,-0.06069454178214073,0.14290021359920502,0.14290021359920502,0.5288505554199219,0.5288505554199219,-0.09528157860040665,-0.09528157860040665,0.07925134152173996,0.07925134152173996,-16.72859764099121,-16.72859764099121,-13.367839813232422,-13.367839813232422,-3.367840051651001,-3.367840051651001,10.0,10.0,0.0,0.0,180.0
33,0.1375,-0.49759276932562435,4.0634035818446606,314.3068023095311,-0.49759276932562435,4.0634035818446606,314.3068023095311,6.5,-6.5,0.0,0.0,10.0,0,0.5,0.0,0.0,4.0,4.0,4.0,4.063403606414795,4.0634026527404785,4.063403606414795,4.063403606414795,-0.4800666570663452,-0.4786056876182556,4.447352409362793,4.778201580047607,0.0,0.0,0.0,0.0,nan,nan,5.437050819396973,5.437050819396973,10.874101638793945,0.0,-2.6295244693756104,0.04727136716246605,0.0,0.0,0.0,0.04727136716246605,0.0,-2.6295244693756104,0.0,0.0,0.0,0.4434913992881775,-1.2996693849563599,-2.242946147918701,0.0,0.0,0.0,0.0,-2.6295244693756104,0.04727136716246605,0.0,0.0,0.0,0.04727136716246605,0.0,-2.6295244693756104,-0.0,-0.0,-0.0,0.45194321870803833,-1.210063099861145,-2.290879249572754,0.0,0.0,0.0,2.9802322387695312e-08,0.0,0.6000000238418579,2.2351741790771484e-08,0.05600002408027649,0.6000000238418579,4.470348358154297e-08,-0.05600002408027649,0.6000000238418579,0.8954346179962158,-2.509732484817505,-4.533825397491455,0.0,0.0,0.0,0.002684265375137329,1.7425509923896243e-08,0.0004732925444841385,19.61591339111328,19.69344139099121,30.975894927978516,31.076499938964844,0.27390366792678833,0.2546343207359314,0.7260963320732117,0.7453657388687134,0.0,0.0,0.0,0.0,1.585290551185608,1.585290551185608,-4.214815139770508,-4.214815139770508,0.09630781412124634,0.09630781412124634,0.01165809202939272,0.01165809202939272,-0.06069454178214073,-0.06069454178214073,0.04727136716246605,0.04727136716246605,0.5288505554199219,0.5288505554199219,-0.12781812250614166,-0.12781812250614166,0.046714797616004944,0.046714797616004944,-24.863542556762695,-24.863542556762695,-18.098068237304688,-18.098068237304688,-8.098069190979004,-8.098069190979004,10.0,10.0,0.0,0.0,180.0
34,0.14166666666666666,-0.4779669834386089,5.348363237059776,301.9100827725503,-0.4779669834386089,5.348363237059776,301.9100827725503,6.5,-6.5,0.0,0.0,10.0,0,0.5,0.0,0.0,4.0,4.0,4.0,5.348361492156982,5.348361492156982,5.348363399505615,5.348363399505615,-0.4556785225868225,-0.453967809677124,5.506936073303223,5.894344329833984,0.0,0.0,0.0,0.0,nan,nan,8.86785888671875,8.86785888671875,17.7357177734375,0.0,-3.3786685466766357,0.03352060168981552,0.0,0.0,0.0,0.03352060168981552,0.0,-3.3786685466766357,0.0,0.0,0.0,0.5486285090446472,-1.611979603767395,-2.9183990955352783,0.0,0.0,0.0,0.0,-3.3786685466766357,0.03352060168981552,0.0,0.0,0.0,0.03352060168981552,0.0,-3.3786685466766357,-0.0,-0.0,-0.0,0.5590939521789551,-1.4956399202346802,-2.977750778198242,0.0,0.0,0.0,2.9802322387695312e-08,0.0,0.6000000238418579,-9.685754776000977e-08,0.0559999942779541,0.5999999046325684,-1.4901161193847656e-08,-0.05600002408027649,0.6000000238418579,1.107722520828247,-3.107619524002075,-5.896149635314941,0.0,0.0,0.0,0.003323584794998169,-5.681615107278049e-07,0.0005863513797521591,22.479618072509766,22.559154510498047,36.49225616455078,36.58331298828125,0.19639912247657776,0.19639912247657776,0.7825304865837097,0.7825304865837097,0.021070441231131554,0.021070441231131554,0.0,0.0,0.669908344745636,0.669908344745636,-4.048576831817627,-4.048576831817627,0.09054502844810486,0.09054502844810486,0.0036701138596981764,0.0036701138596981764,-0.06069454178214073,-0.06069454178214073,0.03352060168981552,0.03352060168981552,0.5288505554199219,0.5288505554199219,-0.1597984880208969,-0.1597984880208969,0.01473443116992712,0.01473443116992712,-32.726078033447266,-32.726078033447266,-22.678380966186523,-22.678380966186523,-12.67838191986084,-12.67838191986084,10.0,10.0,0.0,0.0,180.0
35,0.14583333333333334,-0.4531044912600183,6.574725105432721,286.2055731899668,-0.4531044912600183,6.574725105432721,286.2055731899668,6.5,-6.5,0.0,0.0,10.0,0,0.5,0.0,0.0,4.0,4.0,4.0,6.574722766876221,6.574725151062012,6.574725151062012,6.574725151062012,-0.42629721760749817,-0.4243568181991577,6.506337642669678,6.94575309753418,0.0,0.0,0.0,0.0,nan,nan,12.836766242980957,12.836766242980957,25.673532485961914,0.0,-4.061735153198242,0.09680090099573135,0.0,0.0,0.0,0.09680090099573135,0.0,-4.061735153198242,0.0,0.0,0.0,0.7233638763427734,-1.848535418510437,-3.5449576377868652,0.0,0.0,0.0,0.0,-4.061735153198242,0.09680090099573135,0.0,0.0,0.0,0.09680090099573135,0.0,-4.061735153198242,-0.0,-0.0,-0.0,0.7353373765945435,-1.7069177627563477,-3.6128621101379395,0.0,0.0,0.0,2.9802322387695312e-08,0.0,0.6000000238418579,-7.450580596923828e-08,0.0559999942779541,0.5999999642372131,-1.4901161193847656e-08,-0.0559999942779541,0.5999999642372131,1.458701252937317,-3.555453300476074,-7.157819747924805,0.0,0.0,0.0,0.0038024336099624634,-6.182207812344132e-07,0.0006707832217216492,25.072412490844727,25.149831771850586,41.143028259277344,41.22220230102539,0.15725339949131012,0.15725339949131012,0.6930078864097595,0.6930078864097595,0.14973872900009155,0.14973872900009155,0.0,0.0,-0.22375407814979553,-0.22375407814979553,-3.8379812240600586,-3.8379812240600586,0.16162678599357605,0.16162678599357605,-0.0041313376277685165,-0.0041313376277685165,-0.06069454178214073,-0.06069454178214073,0.09680090099573135,0.09680090099573135,0.5288505554199219,0.5288505554199219,-0.19087231159210205,-0.19087231159210205,-0.016339387744665146,-0.016339387744665146,-40.23005294799805,-40.23005294799805,-27.05859375,-27.05859375,-17.05859375,-17.05859375,10.0,10.0,0.0,0.0,180.0
36,0.15,-0.4232776914569726,7.7290529097008545,267.36533545514754,-0.4232776914569726,7.7290529097008545,267.36533545514754,6.5,-6.5,0.0,0.0,10.0,0,0.5,0.0,0.0,4.0,4.0,4.0,7.729052543640137,7.729052543640137,7.729053020477295,7.729053020477295,-0.3922452926635742,-0.3900964856147766,7.434454917907715,7.921063423156738,0.0,0.0,0.0,0.0,nan,nan,17.16197967529297,17.16197967529297,34.32395935058594,0.0,-4.67609977722168,0.2300952523946762,0.0,0.0,0.0,0.2300952523946762,0.0,-4.67609977722168,0.0,0.0,0.0,0.9603267312049866,-2.0030181407928467,-4.1212310791015625,0.0,0.0,0.0,0.0,-4.67609977722168,0.2300952523946762,0.0,0.0,0.0,0.2300952523946762,0.0,-4.67609977722168,-0.0,-0.0,-0.0,0.9732608199119568,-1.8376843929290771,-4.194583415985107,0.0,0.0,0.0,2.9802322387695312e-08,0.0,0.6000000238418579,-7.450580596923828e-09,0.05600002408027649,0.5999999642372131,2.9802322387695312e-08,-0.05600002408027649,0.6000000238418579,1.9335875511169434,-3.840702533721924,-8.315814971923828,0.0,0.0,0.0,0.004107624292373657,-2.1076775169603934e-07,0.0007243826985359192,27.381925582885742,27.454673767089844,45.00981521606445,45.077056884765625,0.13761016726493835,0.13761016726493835,0.5893898010253906,0.5893898010253906,0.273000031709671,0.273000031709671,0.0,0.0,-1.090764045715332,-1.090764045715332,-3.5853357315063477,-3.5853357315063477,0.302492618560791,0.302492618560791,-0.011702843010425568,-0.011702843010425568,-0.06069454178214073,-0.06069454178214073,0.2300952523946762,0.2300952523946762,0.5288505554199219,0.5288505554199219,-0.22069913148880005,-0.22069913148880005,-0.046166207641363144,-0.046166207641363144,-47.293270111083984,-47.293270111083984,-31.19072151184082,-31.19072151184082,-21.19072151184082,-21.19072151184082,10.0,10.0,0.0,0.0,180.0
37,0.15416666666666667,-0.3888133726897727,8.798699592882008,245.59578715528815,-0.3888133726897727,8.798699592882008,245.59578715528815,6.5,-6.5,0.0,0.0,10.0,0,0.5,0.0,0.0,4.0,4.0,4.0,8.798696517944336,8.798697471618652,8.798699378967285,8.798699378967285,-0.35389623045921326,-0.3515618145465851,8.281037330627441,8.809669494628906,0.0,0.0,0.0,0.0,nan,nan,21.650680541992188,21.650680541992188,43.301361083984375,0.0,-5.218169212341309,0.42405638098716736,0.0,0.0,0.0,0.42405638098716736,0.0,-5.218169212341309,0.0,0.0,0.0,1.249285340309143,-2.0714123249053955,-4.643021583557129,0.0,0.0,0.0,0.0,-5.218169212341309,0.42405638098716736,0.0,0.0,0.0,0.42405638098716736,0.0,-5.218169212341309,-0.0,-0.0,-0.0,1.2626063823699951,-1.884158968925476,-4.718567848205566,0.0,0.0,0.0,2.9802322387695312e-08,0.0,0.6000000238418579,-1.1175870895385742e-07,0.05600005388259888,0.5999999642372131,4.470348358154297e-08,-0.05600002408027649,0.6000000238418579,2.5118918418884277,-3.955571174621582,-9.361589431762695,0.0,0.0,0.0,0.004230320453643799,-6.614220069423027e-07,0.0007462054491043091,29.409000396728516,29.47548484802246,48.193477630615234,48.24968338012695,0.11794067919254303,0.11794067919254303,0.515632152557373,0.515632152557373,0.3664271831512451,0.3664271831512451,0.0,0.0,-1.9247604608535767,-1.9247604608535767,-3.2934088706970215,-3.2934088706970215,0.5037393569946289,0.5037393569946289,-0.01898840069770813,-0.01898840069770813,-0.06069454178214073,-0.06069454178214073,0.42405638098716736,0.42405638098716736,0.5288505554199219,0.5288505554199219,-0.24895215034484863,-0.24895215034484863,-0.07441923022270203,-0.07441923022270203,-53.838321685791016,-53.838321685791016,-35.02948760986328,-35.02948760986328,-25.02948570251465,-25.02948570251465,10.0,10.0,0.0,0.0,180.0
38,0.15833333333333333,-0.35008913324695473,9.77194588207728,221.135440017133,-0.35008913324695473,9.77194588207728,221.135440017133,6.5,-6.5,0.0,0.0,10.0,0,0.5,0.0,0.0,4.0,4.0,4.0,9.771944046020508,9.771944046020508,9.77194595336914,9.77194595336914,-0.311670184135437,-0.30917495489120483,9.036795616149902,9.601849555969238,0.0,0.0,0.0,0.0,nan,nan,26.10062026977539,26.10062026977539,52.20124053955078,0.0,-5.683224678039551,0.6669119596481323,0.0,0.0,0.0,0.6669119596481323,0.0,-5.683224678039551,0.0,0.0,0.0,1.5770595073699951,-2.052384853363037,-5.103373050689697,0.0,0.0,0.0,0.0,-5.683224678039551,0.6669119596481323,0.0,0.0,0.0,0.6669119596481323,0.0,-5.683224678039551,-0.0,-0.0,-0.0,1.5901857614517212,-1.845360517501831,-5.177814960479736,0.0,0.0,0.0,2.9802322387695312e-08,0.0,0.6000000238418579,-1.6391277313232422e-07,0.0559999942779541,0.5999999642372131,-5.960464477539063e-08,-0.05600002408027649,0.6000000238418579,3.167245388031006,-3.897745370864868,-10.281188011169434,0.0,0.0,0.0,0.004168778657913208,-1.5455332231795182e-06,0.0007356777787208557,31.16155433654785,31.220787048339844,50.79207229614258,50.838409423828125,0.09826549142599106,0.09826549142599106,0.47870054841041565,0.47870054841041565,0.4230339229106903,0.4230339229106903,0.0,0.0,-2.7178258895874023,-2.7178258895874023,-2.9653987884521484,-2.9653987884521484,0.753524899482727,0.753524899482727,-0.025918349623680115,-0.025918349623680115,-0.06069454178214073,-0.06069454178214073,0.6669119596481323,0.6669119596481323,0.5288505554199219,0.5288505554199219,-0.2753218412399292,-0.2753218412399292,-0.10078892111778259,-0.10078892111778259,-59.79351043701172,-59.79351043701172,-38.532833099365234,-38.532833099365234,-28.532833099365234,-28.532833099365234,10.0,10.0,0.0,0.0,180.0
39,0.1625,-0.307529243999422,10.638128687277375,194.25228672258422,-0.307529243999422,10.638128687277375,194.25228672258422,6.5,-6.5,0.0,0.0,10.0,0,0.5,0.0,0.0,4.0,4.0,4.0,10.638124465942383,10.638128280639648,10.638127326965332,10.638128280639648,-0.26602959632873535,-0.2634005546569824,9.693511009216309,10.288860321044922,0.0,0.0,0.0,0.0,nan,nan,30.3037109375,30.3037109375,60.607421875,0.0,-6.065506935119629,0.9445527791976929,0.0,0.0,0.0,0.9445527791976929,0.0,-6.065506935119629,0.0,0.0,0.0,1.9276789426803589,-1.9478026628494263,-5.4929656982421875,0.0,0.0,0.0,0.0,-6.065506935119629,0.9445527791976929,0.0,0.0,0.0,0.9445527791976929,0.0,-6.065506935119629,-0.0,-0.0,-0.0,1.9400429725646973,-1.7236206531524658,-5.563085556030273,0.0,0.0,0.0,2.9802322387695312e-08,0.0,0.6000000238418579,-1.341104507446289e-07,0.0559999942779541,0.5999999642372131,-4.470348358154297e-08,-0.05600002408027649,0.5999999642372131,3.8677220344543457,-3.6714234352111816,-11.056051254272461,0.0,0.0,0.0,0.003926664590835571,-1.5453836113010766e-06,0.0006928890943527222,32.65065002441406,32.702022552490234,52.891387939453125,52.92900466918945,0.09826549142599106,0.09826549142599106,0.4220709502696991,0.4220709502696991,0.47966358065605164,0.47966358065605164,0.0,0.0,-3.4606082439422607,-3.4606082439422607,-2.6048989295959473,-2.6048989295959473,1.0376577377319336,1.0376577377319336,-0.032410457730293274,-0.032410457730293274,-0.06069454178214073,-0.06069454178214073,0.9445527791976929,0.9445527791976929,0.5288505554199219,0.5288505554199219,-0.29951927065849304,-0.29951927065849304,-0.12498635798692703,-0.12498635798692703,-65.09359741210938,-65.09359741210938,-41.662376403808594,-41.662376403808594,-31.66237449645996,-31.66237449645996,10.0,10.0,0.0,0.0,180.0
40,0.16666666666666666,-0.2616000000000002,11.38775792840811,165.2408647247986,-0.2616000000000002,11.38775792840811,165.2408647247986,6.5,-6.5,0.0,0.0,10.0,0,0.5,0.0,0.0,4.0,4.0,4.0,11.3877534866333,11.38775634765625,11.387758255004883,11.3877592086792,-0.21747393906116486,-0.21474072337150574,10.244111061096191,10.863058090209961,0.0,0.0,0.0,0.0,nan,nan,34.052391052246094,34.052391052246094,68.10478210449219,0.0,-6.358523368835449,1.2408857345581055,0.0,0.0,0.0,1.2408857345581055,0.0,-6.358523368835449,0.0,0.0,0.0,2.2828731536865234,-1.7632687091827393,-5.80086088180542,0.0,0.0,0.0,0.0,-6.358523368835449,1.2408857345581055,0.0,0.0,0.0,1.2408857345581055,0.0,-6.358523368835449,-0.0,-0.0,-0.0,2.293947219848633,-1.5250778198242188,-5.863664150238037,0.0,0.0,0.0,2.9802322387695312e-08,0.0,0.6000000238418579,-1.564621925354004e-07,0.0559999942779541,0.5999999642372131,-8.940696716308594e-08,-0.055999964475631714,0.5999999642372131,4.576820373535156,-3.288346529006958,-11.664525032043457,0.0,0.0,0.0,0.003516584634780884,-2.052297531918157e-06,0.0006205886602401733,33.88809585571289,33.93122863769531,54.562294006347656,54.592193603515625,0.09826549142599106,0.09826549142599106,0.3843482732772827,0.3843482732772827,0.517386257648468,0.517386257648468,0.0,0.0,-4.142664432525635,-4.142664432525635,-2.2158594131469727,-2.2158594131469727,1.3399533033370972,1.3399533033370972,-0.03837297484278679,-0.03837297484278679,-0.06069454178214073,-0.06069454178214073,1.2408857345581055,1.2408857345581055,0.5288505554199219,0.5288505554199219,-0.3212794065475464,-0.3212794065475464,-0.1467464566230774,-0.1467464566230774,-69.68050384521484,-69.68050384521484,-44.38383483886719,-44.38383483886719,-34.38383483886719,-34.38383483886719,10.0,10.0,0.0,0.0,180.0
41,0.17083333333333334,-0.2128046116572586,12.012620510633663,134.41902923421384,-0.2128046116572586,12.012620510633663,134.41902923421384,6.5,-6.5,0.0,0.0,10.0,0,0.5,0.0,0.0,4.0,4.0,4.0,12.012619018554688,12.012617111206055,12.01262092590332,12.01262092590332,-0.16653446853160858,-0.1637292206287384,10.682726860046387,11.317987442016602,0.0,0.0,0.0,0.0,nan,nan,37.148765563964844,37.148765563964844,74.29753112792969,0.0,-6.555505275726318,1.5384728908538818,0.0,0.0,0.0,1.5384728908538818,0.0,-6.555505275726318,0.0,0.0,0.0,2.622899055480957,-1.50851571559906,-6.015507221221924,0.0,0.0,0.0,0.0,-6.555505275726318,1.5384728908538818,0.0,0.0,0.0,1.5384728908538818,0.0,-6.555505275726318,-0.0,-0.0,-0.0,2.6322226524353027,-1.2600305080413818,-6.06838321685791,0.0,0.0,0.0,2.9802322387695312e-08,0.0,0.6000000238418579,-1.043081283569336e-07,0.05600002408027649,0.5999999642372131,-2.9802322387695312e-08,-0.055999964475631714,0.5999999642372131,5.25512170791626,-2.7685461044311523,-12.083890914916992,0.0,0.0,0.0,0.0029605329036712646,-1.4816758948654751e-06,0.0005222409963607788,34.88499069213867,34.9196662902832,55.86098098754883,55.88398361206055,0.07861043512821198,0.07861043512821198,0.3851468563079834,0.3851468563079834,0.5362427234649658,0.5362427234649658,0.0,0.0,-4.752963066101074,-4.752963066101074,-1.8025422096252441,-1.8025422096252441,1.642876386642456,1.642876386642456,-0.043709032237529755,-0.043709032237529755,-0.06069454178214073,-0.06069454178214073,1.5384728908538818,1.5384728908538818,0.5288505554199219,0.5288505554199219,-0.34036368131637573,-0.34036368131637573,-0.16583076119422913,-0.16583076119422913,-73.50397491455078,-73.50397491455078,-46.66737747192383,-46.66737747192383,-36.66737747192383,-36.66737747192383,10.0,10.0,0.0,0.0,180.0
42,0.175,-0.16167769145697256,12.505870308742256,102.12447073034903,-0.16167769145697256,12.505870308742256,102.12447073034903,6.5,-6.5,0.0,0.0,10.0,0,0.5,0.0,0.0,4.0,4.0,4.0,12.505867958068848,12.505864143371582,12.50586986541748,12.50586986541748,-0.11376845836639404,-0.11092580109834671,11.004739761352539,11.648468017578125,0.0,0.0,0.0,0.0,nan,nan,39.41588592529297,39.41588592529297,78.83177185058594,0.0,-6.649967193603516,1.8194308280944824,0.0,0.0,0.0,1.8194308280944824,0.0,-6.649967193603516,0.0,0.0,0.0,2.9276626110076904,-1.197533130645752,-6.125936508178711,0.0,0.0,0.0,0.0,-6.649967193603516,1.8194308280944824,0.0,0.0,0.0,1.8194308280944824,0.0,-6.649967193603516,-0.0,-0.0,-0.0,2.9348714351654053,-0.9430139064788818,-6.166818141937256,0.0,0.0,0.0,2.9802322387695312e-08,0.0,0.6000000238418579,-7.450580596923828e-08,0.05600005388259888,0.5999999642372131,-1.1920928955078125e-07,-0.055999934673309326,0.5999999642372131,5.862534046173096,-2.140547037124634,-12.292755126953125,0.0,0.0,0.0,0.002288520336151123,-1.9073468138230965e-06,0.00040359795093536377,35.65095901489258,35.67704772949219,56.83053970336914,56.847259521484375,0.07861043512821198,0.07861043512821198,0.3662877678871155,0.3662877678871155,0.5551018118858337,0.5551018118858337,0.0,0.0,-5.280490875244141,-5.280490875244141,-1.3694764375686646,-1.3694764375686646,1.9284472465515137,1.9284472465515137,-0.04832196980714798,-0.04832196980714798,-0.06069454178214073,-0.06069454178214073,1.8194308280944824,1.8194308280944824,0.5288505554199219,0.5288505554199219,-0.35656312108039856,-0.35656312108039856,-0.18203018605709076,-0.18203018605709076,-76.5221176147461,-76.5221176147461,-48.48799514770508,-48.48799514770508,-38.48799514770508,-38.48799514770508,10.0,10.0,0.0,0.0,180.0
43,0.17916666666666667,-0.10877939663585191,12.862103174726663,68.71101515424313,-0.10877939663585191,12.862103174726663,68.71101515424313,6.5,-6.5,0.0,0.0,10.0,0,0.5,0.0,0.0,4.0,4.0,4.0,12.862101554870605,12.862100601196289,12.862103462219238,12.862103462219238,-0.059753190726041794,-0.056909918785095215,11.206820487976074,11.850687026977539,0.0,0.0,0.0,0.0,nan,nan,40.710113525390625,40.710113525390625,81.42022705078125,0.0,-6.6363019943237305,2.066514492034912,0.0,0.0,0.0,2.066514492034912,0.0,-6.6363019943237305,0.0,0.0,0.0,3.1780452728271484,-0.8482503890991211,-6.123028755187988,0.0,0.0,0.0,0.0,-6.6363019943237305,2.066514492034912,0.0,0.0,0.0,2.066514492034912,0.0,-6.6363019943237305,-0.0,-0.0,-0.0,3.1828970909118652,-0.5924184322357178,-6.150544166564941,0.0,0.0,0.0,2.9802322387695312e-08,0.0,0.6000000238418579,-5.21540641784668e-08,0.05600002408027649,0.5999999642372131,-1.4901161193847656e-08,-0.0559999942779541,0.5999999642372131,6.360942363739014,-1.4406688213348389,-12.27357292175293,0.0,0.0,0.0,0.0015406012535095215,-1.155913764705474e-06,0.00027170777320861816,36.19373321533203,36.211158752441406,57.50252914428711,57.513431549072266,0.07861043512821198,0.07861043512821198,0.347420334815979,0.347420334815979,0.5739692449569702,0.5739692449569702,0.0,0.0,-5.714895725250244,-5.714895725250244,-0.9214061498641968,-0.9214061498641968,2.1793298721313477,2.1793298721313477,-0.05212094262242317,-0.05212094262242317,-0.06069454178214073,-0.06069454178214073,2.066514492034912,2.066514492034912,0.5288505554199219,0.5288505554199219,-0.36970022320747375,-0.36970022320747375,-0.19516733288764954,-0.19516733288764954,-78.70185852050781,-78.70185852050781,-49.82573699951172,-49.82573699951172,-39.825740814208984,-39.825740814208984,10.0,10.0,0.0,0.0,180.0
44,0.18333333333333332,-0.054689291981636697,13.077416146760637,34.544747317403036,-0.054689291981636697,13.077416146760637,34.544747317403036,6.5,-6.5,0.0,0.0,10.0,0,0.5,0.0,0.0,4.0,4.0,4.0,13.077414512634277,13.077414512634277,13.07741641998291,13.07741641998291,-0.005079655442386866,-0.0022741013672202826,11.286931037902832,11.922252655029297,0.0,0.0,0.0,0.0,nan,nan,40.93291473388672,40.93291473388672,81.86582946777344,0.0,-6.510336875915527,2.2642691135406494,0.0,0.0,0.0,2.2642691135406494,0.0,-6.510336875915527,0.0,0.0,0.0,3.357274055480957,-0.4818468689918518,-6.000661373138428,0.0,0.0,0.0,0.0,-6.510336875915527,2.2642691135406494,0.0,0.0,0.0,2.2642691135406494,0.0,-6.510336875915527,-0.0,-0.0,-0.0,3.359670400619507,-0.2297562062740326,-6.014252185821533,0.0,0.0,0.0,2.9802322387695312e-08,0.0,0.6000000238418579,-2.9802322387695312e-08,0.05600002408027649,0.5999999642372131,2.9802322387695312e-08,-0.0559999942779541,0.5999999642372131,6.716944694519043,-0.711603045463562,-12.014913558959961,0.0,0.0,0.0,0.0007608532905578613,-7.580283636343665e-07,0.00013412535190582275,36.518890380859375,36.52760696411133,57.898468017578125,57.90384292602539,0.07861043512821198,0.07861043512821198,0.347420334815979,0.347420334815979,0.5739692449569702,0.5739692449569702,0.0,0.0,-6.047096252441406,-6.047096252441406,-0.46324077248573303,-0.46324077248573303,2.3799898624420166,2.3799898624420166,-0.05502630025148392,-0.05502630025148392,-0.06069454178214073,-0.06069454178214073,2.2642691135406494,2.2642691135406494,0.5288505554199219,0.5288505554199219,-0.37963107228279114,-0.37963107228279114,-0.20509813725948334,-0.20509813725948334,-80.01934051513672,-80.01934051513672,-50.665958404541016,-50.665958404541016,-40.66595458984375,-40.66595458984375,10.0,10.0,0.0,0.0,180.0
45,0.1875,-9.611028079708427e-17,13.149450210865439,6.070850882206957e-14,-9.611028079708427e-17,13.149450210865439,6.070850882206957e-14,6.5,-6.5,0.0,0.0,10.0,0,0.5,0.0,0.0,4.0,4.0,4.0,13.149449348449707,13.149443626403809,13.14945125579834,13.14945125579834,0.0496537983417511,0.052382390946149826,11.244342803955078,11.862236976623535,0.0,0.0,0.0,0.0,nan,nan,40.0409049987793,40.0409049987793,80.0818099975586,0.0,-6.269837856292725,2.400142192840576,0.0,0.0,0.0,2.400142192840576,0.0,-6.269837856292725,0.0,0.0,0.0,3.452216625213623,-0.12157084047794342,-5.756645679473877,0.0,0.0,0.0,0.0,-6.269837856292725,2.400142192840576,0.0,0.0,0.0,2.400142192840576,0.0,-6.269837856292725,-0.0,-0.0,-0.0,3.452216863632202,0.12157081067562103,-5.756645679473877,0.0,0.0,0.0,2.9802322387695312e-08,0.0,0.6000000238418579,2.9802322387695312e-08,0.05600005388259888,0.5999999642372131,-8.195638656616211e-08,-0.055999934673309326,0.5999999642372131,6.904433250427246,-2.9802322387695312e-08,-11.513291358947754,0.0,0.0,0.0,-6.854534149169922e-07,-1.054891640706046e-06,-4.023313522338867e-07,36.62981033325195,36.62981033325195,58.03085708618164,58.03086471557617,0.07861043512821198,0.07861043512821198,0.347420334815979,0.347420334815979,0.5739692449569702,0.5739692449569702,0.0,0.0,-6.269837856292725,-6.269837856292725,-8.140935829410343e-16,-8.140935829410343e-16,2.5178112983703613,2.5178112983703613,-0.05697442591190338,-0.05697442591190338,-0.06069454178214073,-0.06069454178214073,2.400142192840576,2.400142192840576,0.5288505554199219,0.5288505554199219,-0.38624683022499084,-0.38624683022499084,-0.21171389520168304,-0.21171389520168304,-80.4601058959961,-80.4601058959961,-50.99943161010742,-50.99943161010742,-40.99943542480469,-40.99943542480469,10.0,10.0,0.0,0.0,180.0
46,0.19166666666666665,0.054689291981636044,13.077416146760639,-34.544747317402624,0.054689291981636044,13.077416146760639,-34.544747317402624,6.5,-6.5,0.0,0.0,10.0,0,0.5,0.0,0.0,4.0,4.0,4.0,13.077414512634277,13.077415466308594,13.07741641998291,13.07741641998291,0.10384789109230042,0.10646029561758041,11.079615592956543,11.671195030212402,0.0,0.0,0.0,0.0,nan,nan,38.05246353149414,38.05246353149414,76.10492706298828,0.0,-5.914892196655273,2.465423583984375,0.0,0.0,0.0,2.465423583984375,0.0,-5.914892196655273,0.0,0.0,0.0,3.4544360637664795,0.20874236524105072,-5.393288612365723,0.0,0.0,0.0,0.0,-5.914892196655273,2.465423583984375,0.0,0.0,0.0,2.465423583984375,0.0,-5.914892196655273,-0.0,-0.0,-0.0,3.452258825302124,0.43777647614479065,-5.380940914154053,0.0,0.0,0.0,2.9802322387695312e-08,0.0,0.6000000238418579,-8.195638656616211e-08,0.05600002408027649,0.5999999642372131,-2.9802322387695312e-08,-0.0559999942779541,0.6000000238418579,6.9066948890686035,0.6465188264846802,-10.774229049682617,0.0,0.0,0.0,-0.0006916224956512451,-1.1293765282971435e-06,-0.00012208521366119385,36.527610778808594,36.518890380859375,57.90385055541992,57.898468017578125,0.07861043512821198,0.07861043512821198,0.347420334815979,0.347420334815979,0.5739692449569702,0.5739692449569702,0.0,0.0,-6.3781328201293945,-6.3781328201293945,0.46324077248573303,0.46324077248573303,2.5840396881103516,2.5840396881103516,-0.05792158097028732,-0.05792158097028732,-0.06069454178214073,-0.06069454178214073,2.465423583984375,2.465423583984375,0.5288505554199219,0.5288505554199219,-0.389475017786026,-0.389475017786026,-0.214942067861557,-0.214942067861557,-80.01934051513672,-80.01934051513672,-50.8225212097168,-50.8225212097168,-40.82252502441406,-40.82252502441406,10.0,10.0,0.0,0.0,180.0
47,0.19583333333333333,0.10877939663585173,12.862103174726663,-68.71101515424301,0.10877939663585173,12.862103174726663,-68.71101515424301,6.5,-6.5,0.0,0.0,10.0,0,0.5,0.0,0.0,4.0,4.0,4.0,12.862102508544922,12.862101554870605,12.862103462219238,12.862103462219238,0.15690909326076508,0.1593669354915619,10.794600486755371,11.351180076599121,0.0,0.0,0.0,0.0,nan,nan,35.05012512207031,35.05012512207031,70.10025024414062,0.0,-5.448153972625732,2.455911159515381,0.0,0.0,0.0,2.455911159515381,0.0,-5.448153972625732,0.0,0.0,0.0,3.360882520675659,0.4863532781600952,-4.9175004959106445,0.0,0.0,0.0,0.0,-5.448153972625732,2.455911159515381,0.0,0.0,0.0,2.455911159515381,0.0,-5.448153972625732,-0.0,-0.0,-0.0,3.3568997383117676,0.6963816285133362,-4.894911766052246,0.0,0.0,0.0,2.9802322387695312e-08,0.0,0.6000000238418579,-2.9802322387695312e-08,0.05600002408027649,0.5999999642372131,-3.725290298461914e-08,-0.055999964475631714,0.6000000238418579,6.717782020568848,1.1827349662780762,-9.81241226196289,0.0,0.0,0.0,-0.0012652277946472168,-8.216595119847625e-07,-0.00022330880165100098,36.211158752441406,36.19373321533203,57.513431549072266,57.50252914428711,0.07861043512821198,0.07861043512821198,0.347420334815979,0.347420334815979,0.5739692449569702,0.5739692449569702,0.0,0.0,-6.369560241699219,-6.369560241699219,0.9214061498641968,0.9214061498641968,2.5744521617889404,2.5744521617889404,-0.05784653127193451,-0.05784653127193451,-0.06069454178214073,-0.06069454178214073,2.455911159515381,2.455911159515381,0.5288505554199219,0.5288505554199219,-0.3892802298069,-0.3892802298069,-0.21474730968475342,-0.21474730968475342,-78.70185852050781,-78.70185852050781,-50.13716125488281,-50.13716125488281,-40.13716506958008,-40.13716506958008,10.0,10.0,0.0,0.0,180.0
48,0.2,0.1616776914569724,12.505870308742258,-102.12447073034893,0.1616776914569724,12.505870308742258,-102.12447073034893,6.5,-6.5,0.0,0.0,10.0,0,0.5,0.0,0.0,4.0,4.0,4.0,12.505868911743164,12.505866050720215,12.50586986541748,12.505870819091797,0.20825590193271637,0.21052275598049164,10.392395973205566,10.905720710754395,0.0,0.0,0.0,0.0,nan,nan,31.178041458129883,31.178041458129883,62.356082916259766,0.0,-4.874937057495117,2.3722376823425293,0.0,0.0,0.0,2.3722376823425293,0.0,-4.874937057495117,0.0,0.0,0.0,3.1741650104522705,0.6913015246391296,-4.340426445007324,0.0,0.0,0.0,0.0,-4.874937057495117,2.3722376823425293,0.0,0.0,0.0,2.3722376823425293,0.0,-4.874937057495117,-0.0,-0.0,-0.0,3.1688807010650635,0.877884030342102,-4.3104567527771,0.0,0.0,0.0,2.9802322387695312e-08,0.0,0.6000000238418579,-4.470348358154297e-08,0.05600005388259888,0.5999999642372131,-3.725290298461914e-08,-0.055999964475631714,0.5999999642372131,6.343045711517334,1.569185495376587,-8.650882720947266,0.0,0.0,0.0,-0.0016786009073257446,-9.905006663757376e-07,-0.00029630959033966064,35.67704772949219,35.65096664428711,56.847259521484375,56.830543518066406,0.07861043512821198,0.07861043512821198,0.3662877678871155,0.3662877678871155,0.5551018118858337,0.5551018118858337,0.0,0.0,-6.244413375854492,-6.244413375854492,1.3694764375686646,1.3694764375686646,2.4896841049194336,2.4896841049194336,-0.056751854717731476,-0.056751854717731476,-0.06069454178214073,-0.06069454178214073,2.3722376823425293,2.3722376823425293,0.5288505554199219,0.5288505554199219,-0.3856646716594696,-0.3856646716594696,-0.211131751537323,-0.211131751537323,-76.5221176147461,-76.5221176147461,-48.95085906982422,-48.95085906982422,-38.950862884521484,-38.950862884521484,10.0,10.0,0.0,0.0,180.0
49,0.20416666666666666,0.21280461165725845,12.012620510633665,-134.41902923421375,0.21280461165725845,12.012620510633665,-134.41902923421375,6.5,-6.5,0.0,0.0,10.0,0,0.5,0.0,0.0,4.0,4.0,4.0,12.012619018554688,12.012619018554688,12.01262092590332,12.01262092590332,0.25732550024986267,0.2593676447868347,9.877335548400879,10.339774131774902,0.0,0.0,0.0,0.0,nan,nan,26.634496688842773,26.634496688842773,53.26899337768555,0.0,-4.203140735626221,2.2198119163513184,0.0,0.0,0.0,2.2198119163513184,0.0,-4.203140735626221,0.0,0.0,0.0,2.9023447036743164,0.8078835010528564,-3.6766393184661865,0.0,0.0,0.0,0.0,-4.203140735626221,2.2198119163513184,0.0,0.0,0.0,2.2198119163513184,0.0,-4.203140735626221,-0.0,-0.0,-0.0,2.896366834640503,0.9672028422355652,-3.64273738861084,0.0,0.0,0.0,2.9802322387695312e-08,0.0,0.6000000238418579,0.0,0.05600005388259888,0.6000000238418579,-5.21540641784668e-08,-0.055999964475631714,0.6000000238418579,5.798711776733398,1.7750864028930664,-7.3193769454956055,0.0,0.0,0.0,-0.0018988251686096191,-4.0811798385220754e-07,-0.0003351271152496338,34.9196662902832,34.884986877441406,55.88398361206055,55.86098098754883,0.07861043512821198,0.07861043512821198,0.3851468563079834,0.3851468563079834,0.5362427234649658,0.5362427234649658,0.0,0.0,-6.005682945251465,-6.005682945251465,1.8025422096252441,1.8025422096252441,2.335170030593872,2.335170030593872,-0.0546637699007988,-0.0546637699007988,-0.06069454178214073,-0.06069454178214073,2.2198119163513184,2.2198119163513184,0.5288505554199219,0.5288505554199219,-0.378667950630188,-0.378667950630188,-0.204135000705719,-0.204135000705719,-73.50397491455078,-73.50397491455078,-47.276611328125,-47.276611328125,-37.276611328125,-37.276611328125,10.0,10.0,0.0,0.0,180.0
50,0.20833333333333334,0.26160000000000005,11.387757928408114,-165.2408647247985,0.26160000000000005,11.387757928408114,-165.2408647247985,6.5,-6.5,0.0,0.0,10.0,0,0.5,0.0,0.0,4.0,4.0,4.0,11.387758255004883,11.3877534866333,11.387758255004883,11.387758255004883,0.30357956886291504,0.3053669333457947,9.254923820495605,9.659675598144531,0.0,0.0,0.0,0.0,nan,nan,21.65996742248535,21.65996742248535,43.3199348449707,0.0,-3.4430088996887207,2.008385181427002,0.0,0.0,0.0,2.008385181427002,0.0,-3.4430088996887207,0.0,0.0,0.0,2.5582923889160156,0.8257980346679688,-2.9429776668548584,0.0,0.0,0.0,0.0,-3.4430088996887207,2.008385181427002,0.0,0.0,0.0,2.008385181427002,0.0,-3.4430088996887207,-0.0,-0.0,-0.0,2.5522961616516113,0.9547735452651978,-2.9089713096618652,0.0,0.0,0.0,2.9802322387695312e-08,0.0,0.6000000238418579,0.0,0.05600005388259888,0.5999999642372131,-1.1920928955078125e-07,-0.055999964475631714,0.5999999642372131,5.110588550567627,1.7805715799331665,-5.8519487380981445,0.0,0.0,0.0,-0.001904517412185669,-8.257928811872262e-07,-0.0003361999988555908,33.93122863769531,33.88809585571289,54.592193603515625,54.562294006347656,0.09826549142599106,0.09826549142599106,0.3843482732772827,0.3843482732772827,0.517386257648468,0.517386257648468,0.0,0.0,-5.658868789672852,-5.658868789672852,2.2158594131469727,2.2158594131469727,2.1207098960876465,2.1207098960876465,-0.05163048207759857,-0.05163048207759857,-0.06069454178214073,-0.06069454178214073,2.008385181427002,2.008385181427002,0.5288505554199219,0.5288505554199219,-0.36836665868759155,-0.36836665868759155,-0.19383373856544495,-0.19383373856544495,-69.68050384521484,-69.68050384521484,-45.13276290893555,-45.13276290893555,-35.13276672363281,-35.13276672363281,10.0,10.0,0.0,0.0,180.0
51,0.2125,0.30752924399942183,10.638128687277378,-194.2522867225841,0.30752924399942183,10.638128687277378,-194.2522867225841,6.5,-6.5,0.0,0.0,10.0,0,0.5,0.0,0.0,4.0,4.0,4.0,10.638124465942383,10.638129234313965,10.638128280639648,10.638128280639648,0.346510648727417,0.3480175733566284,8.53181266784668,8.873044967651367,0.0,0.0,0.0,0.0,nan,nan,16.521800994873047,16.521800994873047,33.043601989746094,0.0,-2.6067447662353516,1.7512969970703125,0.0,0.0,0.0,1.7512969970703125,0.0,-2.6067447662353516,0.0,0.0,0.0,2.1586852073669434,0.7407523393630981,-2.15720272064209,0.0,0.0,0.0,0.0,-2.6067447662353516,1.7512969970703125,0.0,0.0,0.0,1.7512969970703125,0.0,-2.6067447662353516,-0.0,-0.0,-0.0,2.153371572494507,0.8370981812477112,-2.1270675659179688,0.0,0.0,0.0,2.9802322387695312e-08,0.0,0.6000000238418579,-1.1920928955078125e-07,0.0559999942779541,0.6000000238418579,8.195638656616211e-08,-0.0559999942779541,0.5999999642372131,4.312056541442871,1.577850580215454,-4.284270286560059,0.0,0.0,0.0,-0.0016875192523002625,-3.3886396977322875e-07,-0.00029762834310531616,32.702022552490234,32.65065002441406,52.92900466918945,52.891395568847656,0.09826549142599106,0.09826549142599106,0.4220709502696991,0.4220709502696991,0.47966358065605164,0.47966358065605164,0.0,0.0,-5.211644172668457,-5.211644172668457,2.6048989295959473,2.6048989295959473,1.859710931777954,1.859710931777954,-0.04771929979324341,-0.04771929979324341,-0.06069454178214073,-0.06069454178214073,1.7512969970703125,1.7512969970703125,0.5288505554199219,0.5288505554199219,-0.3548736870288849,-0.3548736870288849,-0.18034076690673828,-0.18034076690673828,-65.09359741210938,-65.09359741210938,-42.54279708862305,-42.54279708862305,-32.54279708862305,-32.54279708862305,10.0,10.0,0.0,0.0,180.0
52,0.21666666666666667,0.35008913324695473,9.77194588207728,-221.135440017133,0.35008913324695473,9.77194588207728,-221.135440017133,6.5,-6.5,0.0,0.0,10.0,0,0.5,0.0,0.0,4.0,4.0,4.0,9.771944046020508,9.771944046020508,9.77194595336914,9.77194595336914,0.3856474757194519,0.38685306906700134,7.715717792510986,7.98870849609375,0.0,0.0,0.0,0.0,nan,nan,11.496822357177734,11.496822357177734,22.99364471435547,0.0,-1.7079863548278809,1.4644742012023926,0.0,0.0,0.0,1.4644742012023926,0.0,-1.7079863548278809,0.0,0.0,0.0,1.7227431535720825,0.5545883774757385,-1.3365963697433472,0.0,0.0,0.0,0.0,-1.7079863548278809,1.4644742012023926,0.0,0.0,0.0,1.4644742012023926,0.0,-1.7079863548278809,-0.0,-0.0,-0.0,1.7187983989715576,0.6168056726455688,-1.3142240047454834,0.0,0.0,0.0,2.9802322387695312e-08,0.0,0.6000000238418579,-2.9802322387695312e-08,0.05600005388259888,0.6000000238418579,-3.725290298461914e-08,-0.0559999942779541,0.5999999642372131,3.4415416717529297,1.1713941097259521,-2.650820255279541,0.0,0.0,0.0,-0.0012528970837593079,-2.7024131554753694e-07,-0.00022108107805252075,31.220787048339844,31.161556243896484,50.838409423828125,50.79207229614258,0.09826549142599106,0.09826549142599106,0.47870054841041565,0.47870054841041565,0.4230339229106903,0.4230339229106903,0.0,0.0,-4.673385143280029,-4.673385143280029,2.9653987884521484,2.9653987884521484,1.5681811571121216,1.5681811571121216,-0.043012477457523346,-0.043012477457523346,-0.06069454178214073,-0.06069454178214073,1.4644742012023926,1.4644742012023926,0.5288505554199219,0.5288505554199219,-0.33833691477775574,-0.33833691477775574,-0.16380399465560913,-0.16380399465560913,-59.79351043701172,-59.79351043701172,-39.53509521484375,-39.53509521484375,-29.535097122192383,-29.535097122192383,10.0,10.0,0.0,0.0,180.0
53,0.22083333333333333,0.3888133726897724,8.798699592882015,-245.59578715528795,0.3888133726897724,8.798699592882015,-245.59578715528795,6.5,-6.5,0.0,0.0,10.0,0,0.5,0.0,0.0,4.0,4.0,4.0,8.798699378967285,8.798697471618652,8.798699378967285,8.798699378967285,0.4205603301525116,0.4214487671852112,6.815383434295654,7.016551494598389,0.0,0.0,0.0,0.0,nan,nan,6.853602886199951,6.853602886199951,13.707205772399902,0.0,-0.7611852884292603,1.1652976274490356,0.0,0.0,0.0,1.1652976274490356,0.0,-0.7611852884292603,0.0,0.0,0.0,1.2708550691604614,0.27484622597694397,-0.49669766426086426,0.0,0.0,0.0,0.0,-0.7611852884292603,1.1652976274490356,0.0,0.0,0.0,1.1652976274490356,0.0,-0.7611852884292603,-0.0,-0.0,-0.0,1.2689118385314941,0.30216145515441895,-0.48567748069763184,0.0,0.0,0.0,2.9802322387695312e-08,0.0,0.6000000238418579,-1.4901161193847656e-08,0.05600005388259888,0.6000000238418579,3.725290298461914e-08,-0.0559999942779541,0.6000000238418579,2.539766788482666,0.5770076513290405,-0.9823751449584961,0.0,0.0,0.0,-0.0006171595305204391,-1.8585536665227664e-08,-0.00010891258716583252,29.47548484802246,29.40900421142578,48.24968338012695,48.1934814453125,0.11794067919254303,0.11794067919254303,0.515632152557373,0.515632152557373,0.3664271831512451,0.3664271831512451,0.0,0.0,-4.054594039916992,-4.054594039916992,3.2934088706970215,3.2934088706970215,1.263594388961792,1.263594388961792,-0.037602152675390244,-0.037602152675390244,-0.06069454178214073,-0.06069454178214073,1.1652976274490356,1.1652976274490356,0.5288505554199219,0.5288505554199219,-0.3189374804496765,-0.3189374804496765,-0.1444045752286911,-0.1444045752286911,-53.838321685791016,-53.838321685791016,-36.142616271972656,-36.142616271972656,-26.142616271972656,-26.142616271972656,10.0,10.0,0.0,0.0,180.0
54,0.225,0.42327769145697247,7.729052909700859,-267.36533545514743,0.42327769145697247,7.729052909700859,-267.36533545514743,6.5,-6.5,0.0,0.0,10.0,0,0.5,0.0,0.0,4.0,4.0,4.0,7.729051113128662,7.729050159454346,7.729053020477295,7.729053020477295,0.4508660137653351,0.4514266550540924,5.840479850769043,5.967421531677246,0.0,0.0,0.0,0.0,nan,nan,2.8361458778381348,2.8361458778381348,5.6722917556762695,0.0,0.21907106041908264,0.871467649936676,0.0,0.0,0.0,0.871467649936676,0.0,0.21907106041908264,0.0,0.0,0.0,0.8232477903366089,-0.08609382063150406,0.34971264004707336,0.0,0.0,0.0,0.0,0.21907106041908264,0.871467649936676,0.0,0.0,0.0,0.871467649936676,0.0,0.21907106041908264,-0.0,-0.0,-0.0,0.8238537311553955,-0.09383957087993622,0.3462761640548706,0.0,0.0,0.0,2.9802322387695312e-08,0.0,0.6000000238418579,-2.9802322387695312e-08,0.05600002408027649,0.6000000238418579,-1.1175870895385742e-07,-0.055999964475631714,0.6000000238418579,1.6471015214920044,-0.17993339896202087,0.6959887742996216,0.0,0.0,0.0,0.00019246339797973633,6.986370948425247e-08,3.390386700630188e-05,27.454668045043945,27.381929397583008,45.077049255371094,45.00981521606445,0.13761016726493835,0.13761016726493835,0.5893898010253906,0.5893898010253906,0.273000031709671,0.273000031709671,0.0,0.0,-3.366264820098877,-3.366264820098877,3.5853357315063477,3.5853357315063477,0.9637470245361328,0.9637470245361328,-0.03158484026789665,-0.03158484026789665,-0.06069454178214073,-0.06069454178214073,0.871467649936676,0.871467649936676,0.5288505554199219,0.5288505554199219,-0.29688793420791626,-0.29688793420791626,-0.12235501408576965,-0.12235501408576965,-47.293270111083984,-47.293270111083984,-32.40251922607422,-32.40251922607422,-22.40252113342285,-22.40252113342285,10.0,10.0,0.0,0.0,180.0
55,0.22916666666666666,0.45310449126001817,6.574725105432726,-286.2055731899667,0.45310449126001817,6.574725105432726,-286.2055731899667,6.5,-6.5,0.0,0.0,10.0,0,0.5,0.0,0.0,4.0,4.0,4.0,6.5747222900390625,6.5747222900390625,6.574725151062012,6.574725151062012,0.47623154520988464,0.47645875811576843,4.801530838012695,4.852965831756592,0.0,0.0,0.0,0.0,nan,nan,-0.34947633743286133,-0.34947633743286133,-0.6989526748657227,0.0,1.2187457084655762,0.5999780893325806,0.0,0.0,0.0,0.5999780893325806,0.0,1.2187457084655762,0.0,0.0,0.0,0.39882558584213257,-0.5121698379516602,1.1932874917984009,0.0,0.0,0.0,0.0,1.2187457084655762,0.5999780893325806,0.0,0.0,0.0,0.5999780893325806,0.0,1.2187457084655762,-0.0,-0.0,-0.0,0.40241822600364685,-0.5546630620956421,1.1729122400283813,0.0,0.0,0.0,2.9802322387695312e-08,0.0,0.6000000238418579,-2.086162567138672e-07,0.05600002408027649,0.6000000238418579,-1.4156103134155273e-07,-0.055999964475631714,0.5999999642372131,0.801243782043457,-1.0668329000473022,2.3661997318267822,0.0,0.0,0.0,0.0011410564184188843,4.6151009769346274e-07,0.00020138174295425415,25.149831771850586,25.072412490844727,41.22220230102539,41.14303970336914,0.15725339949131012,0.15725339949131012,0.6930078864097595,0.6930078864097595,0.14973872900009155,0.14973872900009155,0.0,0.0,-2.6192355155944824,-2.6192355155944824,3.8379812240600586,3.8379812240600586,0.6857283115386963,0.6857283115386963,-0.025055736303329468,-0.025055736303329468,-0.06069454178214073,-0.06069454178214073,0.5999780893325806,0.5999780893325806,0.5288505554199219,0.5288505554199219,-0.27242985367774963,-0.27242985367774963,-0.09789693355560303,-0.09789693355560303,-40.23005294799805,-40.23005294799805,-28.35578155517578,-28.35578155517578,-18.35578155517578,-18.35578155517578,10.0,10.0,0.0,0.0,180.0
56,0.23333333333333334,0.47796698343860883,5.348363237059781,-301.91008277255025,0.47796698343860883,5.348363237059781,-301.91008277255025,6.5,-6.5,0.0,0.0,10.0,0,0.5,0.0,0.0,4.0,4.0,4.0,5.348361492156982,5.348362922668457,5.348363399505615,5.348363399505615,0.49637874960899353,0.49627140164375305,3.7098186016082764,3.6854958534240723,0.0,0.0,0.0,0.0,nan,nan,-2.544257402420044,-2.544257402420044,-5.088514804840088,0.0,2.224978446960449,0.36630940437316895,0.0,0.0,0.0,0.36630940437316895,0.0,2.224978446960449,0.0,0.0,0.0,0.014299544505774975,-0.9849342107772827,2.0284011363983154,0.0,0.0,0.0,0.0,2.224978446960449,0.36630940437316895,0.0,0.0,0.0,0.36630940437316895,0.0,2.224978446960449,-0.0,-0.0,-0.0,0.021191224455833435,-1.0615483522415161,1.9893158674240112,0.0,0.0,0.0,2.9802322387695312e-08,0.0,0.6000000238418579,-1.1920928955078125e-07,0.05600005388259888,0.5999999642372131,-5.960464477539063e-08,-0.055999964475631714,0.6000000238418579,0.035490769892930984,-2.046482563018799,4.017716884613037,0.0,0.0,0.0,0.0021888986229896545,4.79261700547795e-07,0.0003861742443405092,22.559154510498047,22.4796199798584,36.58331298828125,36.49226379394531,0.19639912247657776,0.19639912247657776,0.7825304865837097,0.7825304865837097,0.021070441231131554,0.021070441231131554,0.0,0.0,-1.8235983848571777,-1.8235983848571777,4.048576831817627,4.048576831817627,0.44510751962661743,0.44510751962661743,-0.018103541806340218,-0.018103541806340218,-0.06069454178214073,-0.06069454178214073,0.36630940437316895,0.36630940437316895,0.5288505554199219,0.5288505554199219,-0.24583123624324799,-0.24583123624324799,-0.07129830867052078,-0.07129830867052078,-32.726078033447266,-32.726078033447266,-24.0467472076416,-24.0467472076416,-14.046747207641602,-14.046747207641602,10.0,10.0,0.0,0.0,180.0
57,0.2375,0.49759276932562435,4.063403581844659,-314.3068023095311,0.49759276932562435,4.063403581844659,-314.3068023095311,6.5,-6.5,0.0,0.0,10.0,0,0.5,0.0,0.0,4.0,4.0,4.0,4.06340217590332,4.0634026527404785,4.063403606414795,4.063403606414795,0.511086642742157,0.5106475949287415,2.577272415161133,2.4778361320495605,0.0,0.0,0.0,0.0,nan,nan,-3.6405889987945557,-3.6405889987945557,-7.281177997589111,0.0,3.226592779159546,0.18389636278152466,0.0,0.0,0.0,0.18389636278152466,0.0,3.226592779159546,0.0,0.0,0.0,-0.3163364827632904,-1.4848237037658691,2.8530592918395996,0.0,0.0,0.0,0.0,3.226592779159546,0.18389636278152466,0.0,0.0,0.0,0.18389636278152466,0.0,3.226592779159546,-0.0,-0.0,-0.0,-0.3059656322002411,-1.5947762727737427,2.7942428588867188,0.0,0.0,0.0,2.9802322387695312e-08,0.0,0.6000000238418579,-8.940696716308594e-08,0.05600002408027649,0.5999999642372131,-3.725290298461914e-08,-0.055999964475631714,0.6000000238418579,-0.6223021149635315,-3.0795998573303223,5.647302150726318,0.0,0.0,0.0,0.0032937973737716675,5.463348884404695e-07,0.0005810689181089401,19.693437576293945,19.61591339111328,31.076494216918945,30.975894927978516,0.2546343207359314,0.27390366792678833,0.7453657388687134,0.7260963320732117,0.0,0.0,0.0,0.0,-0.9882223010063171,-0.9882223010063171,4.214815139770508,4.214815139770508,0.25539717078208923,0.25539717078208923,-0.010806267149746418,-0.010806267149746418,-0.06069454178214073,-0.06069454178214073,0.18389636278152466,0.18389636278152466,0.5288505554199219,0.5288505554199219,-0.2173834592103958,-0.2173834592103958,-0.04285051301121712,-0.04285051301121712,-24.863542556762695,-24.863542556762695,-19.52262306213379,-19.52262306213379,-9.522622108459473,-9.522622108459473,10.0,10.0,0.0,0.0,180.0
58,0.24166666666666667,0.5117668247039271,2.7339244266649825,-323.2599107474819,0.5117668247039271,2.7339244266649825,-323.2599107474819,6.5,-6.5,0.0,0.0,10.0,0,0.5,0.0,0.0,4.0,4.0,4.0,2.733924388885498,2.7339234352111816,2.733924388885498,2.733924388885498,0.5201943516731262,0.5194297432899475,1.4163429737091064,1.243173599243164,0.0,0.0,0.0,0.0,nan,nan,-3.581852436065674,-3.581852436065674,-7.163704872131348,0.0,4.214407444000244,0.06388489902019501,0.0,0.0,0.0,0.06388489902019501,0.0,4.214407444000244,0.0,0.0,0.0,-0.5819763541221619,-1.9922373294830322,3.6684610843658447,0.0,0.0,0.0,0.0,4.214407444000244,0.06388489902019501,0.0,0.0,0.0,0.06388489902019501,0.0,4.214407444000244,-0.0,-0.0,-0.0,-0.5680781602859497,-2.134730577468872,3.5896410942077637,0.0,0.0,0.0,2.9802322387695312e-08,0.0,0.6000000238418579,-7.450580596923828e-08,0.05600005388259888,0.5999999642372131,-5.960464477539063e-08,-0.055999964475631714,0.6000000238418579,-1.1500544548034668,-4.126967906951904,7.2581024169921875,0.0,0.0,0.0,0.00441412627696991,7.382777198472468e-07,0.0007787458598613739,16.585134506225586,16.5164794921875,24.677736282348633,24.575193405151367,0.3882429003715515,0.3882429003715515,0.6117570996284485,0.6117570996284485,0.0,0.0,0.0,0.0,-0.12046787142753601,-0.12046787142753601,4.334875583648682,4.334875583648682,0.12780813872814178,0.12780813872814178,-0.0032287021167576313,-0.0032287021167576313,-0.06069454178214073,-0.06069454178214073,0.06388489902019501,0.06388489902019501,0.5288505554199219,0.5288505554199219,-0.18739819526672363,-0.18739819526672363,-0.012865269556641579,-0.012865269556641579,-16.72859764099121,-16.72859764099121,-14.832971572875977,-14.832971572875977,-4.832972049713135,-4.832972049713135,10.0,10.0,0.0,0.0,180.0
59,0.24583333333333332,0.5203338556566806,1.374491823356297,-328.671315956798,0.5203338556566806,1.374491823356297,-328.671315956798,6.5,-6.5,0.0,0.0,10.0,0,0.5,0.0,0.0,4.0,4.0,4.0,1.3744913339614868,1.374491810798645,1.374491810798645,1.374491810798645,0.5232999920845032,0.5225208401679993,-0.0006969310343265533,-0.005084231495857239,0.0,0.0,0.0,0.0,nan,nan,-2.3581910133361816,-2.3581910133361816,-4.716382026672363,0.0,5.181305885314941,0.015125873498618603,0.0,0.0,0.0,0.015125873498618603,0.0,5.181305885314941,0.0,0.0,0.0,-0.774276852607727,-2.488334894180298,4.4782633781433105,0.0,0.0,0.0,0.0,5.181305885314941,0.015125873498618603,0.0,0.0,0.0,0.015125873498618603,0.0,5.181305885314941,-0.0,-0.0,-0.0,-0.7569305300712585,-2.6626715660095215,4.379885673522949,0.0,0.0,0.0,2.9802322387695312e-08,0.0,0.6000000238418579,-8.940696716308594e-08,0.05600002408027649,0.6000000238418579,1.4901161193847656e-08,-0.0559999942779541,0.6000000238418579,-1.5312073230743408,-5.151006698608398,8.858148574829102,0.0,0.0,0.0,0.005509272217750549,5.991159923723899e-07,0.0009717568755149841,13.303915977478027,13.256443977355957,17.49999237060547,17.415996551513672,0.7635338306427002,0.7635338306427002,0.2364661693572998,0.2364661693572998,0.0,0.0,0.0,0.0,0.773864209651947,0.773864209651947,4.40744161605835,4.40744161605835,0.07124235481023788,0.07124235481023788,0.004578058607876301,0.004578058607876301,-0.06069454178214073,-0.06069454178214073,0.015125873498618603,0.015125873498618603,0.5288505554199219,0.5288505554199219,-0.1562040150165558,-0.1562040150165558,0.018328916281461716,0.018328916281461716,-8.410372734069824,-8.410372734069824,-10.029181480407715,-10.029181480407715,-0.029181983321905136,-0.029181983321905136,10.0,10.0,0.0,0.0,180.0
60,0.25,0.5232,3.2206864222567695e-15,-330.4817294495969,0.5232,3.2206864222567695e-15,-330.4817294495969,6.5,-6.5,0.0,0.0,10.0,0,0.5,0.0,0.0,4.0,4.0,4.0,3.2206865043557086e-15,3.220684810289814e-15,3.2206867161139454e-15,3.2206865043557086e-15,0.5212748646736145,0.5198866128921509,-0.9390689134597778,-1.253448724746704,0.0,0.0,0.0,0.0,nan,nan,-6.79841899531926e-15,-6.79841899531926e-15,-1.359683799063852e-14,0.0,6.1220316886901855,0.04430560767650604,0.0,0.0,0.0,0.04430560767650604,0.0,6.1220316886901855,0.0,0.0,0.0,-0.8873571157455444,-2.9554989337921143,5.287613391876221,0.0,0.0,0.0,0.0,6.1220316886901855,0.04430560767650604,0.0,0.0,0.0,0.04430560767650604,0.0,6.1220316886901855,-0.0,-0.0,-0.0,-0.8667584657669067,-3.161149263381958,5.170792579650879,0.0,0.0,0.0,2.9802322387695312e-08,0.0,0.6000000238418579,-7.450580596923828e-08,0.05600005388259888,0.5999999642372131,-9.685754776000977e-08,-0.055999934673309326,0.5999999642372131,-1.7541155815124512,-6.116648197174072,10.458406448364258,0.0,0.0,0.0,0.006542235612869263,1.3110263807902811e-06,0.001154337078332901,9.999968528747559,9.999968528747559,9.999968528747559,9.999968528747559,1.0,1.0,0.0,0.0,0.0,0.0,0.0,0.0,1.6903128623962402,1.6903128623962402,4.431718826293945,4.431718826293945,0.0924254059791565,0.0924254059791565,0.012574739754199982,0.012574739754199982,-0.06069454178214073,-0.06069454178214073,0.04430560767650604,0.04430560767650604,0.5288505554199219,0.5288505554199219,-0.12414265424013138,-0.12414265424013138,0.050390273332595825,0.050390273332595825,-1.970704483389603e-14,-1.970704483389603e-14,-5.16387939453125,-5.16387939453125,4.836120128631592,4.836120128631592,10.0,10.0,0.0,0.0,180.0
61,0.25416666666666665,0.5203338556566807,-1.374491823356279,-328.6713159567981,0.5203338556566807,-1.374491823356279,-328.6713159567981,6.5,-6.5,0.0,0.0,10.0,0,0.5,0.0,0.0,4.0,4.0,4.0,1.3744913339614868,1.374491810798645,1.374491810798645,1.374491810798645,0.5132375955581665,0.5115544199943542,-2.107325315475464,-2.488476037979126,0.0,0.0,0.0,0.0,nan,nan,3.428959608078003,3.428959608078003,6.857919216156006,0.0,7.032732009887695,0.15608108043670654,0.0,0.0,0.0,0.15608108043670654,0.0,7.032732009887695,0.0,0.0,0.0,-0.9174567461013794,-3.3774869441986084,6.102010250091553,0.0,0.0,0.0,0.0,7.032732009887695,0.15608108043670654,0.0,0.0,0.0,0.15608108043670654,0.0,7.032732009887695,-0.0,-0.0,-0.0,-0.8939120173454285,-3.6141185760498047,5.968479633331299,0.0,0.0,0.0,2.9802322387695312e-08,0.0,0.6000000238418579,-8.940696716308594e-08,0.05600002408027649,0.6000000238418579,1.4901161193847656e-08,-0.0559999942779541,0.6000000238418579,-1.811368703842163,-6.991605758666992,12.070489883422852,0.0,0.0,0.0,0.007477879524230957,8.163535767380381e-07,0.0013189837336540222,7.172627925872803,7.289805889129639,9.938973426818848,9.940319061279297,1.0,1.0,0.0,0.0,0.0,0.0,0.0,0.0,2.6252903938293457,2.6252903938293457,4.40744161605835,4.40744161605835,0.19604580104351044,0.19604580104351044,0.020729832351207733,0.020729832351207733,-0.06069454178214073,-0.06069454178214073,0.15608108043670654,0.15608108043670654,0.5288505554199219,0.5288505554199219,-0.09156540036201477,-0.09156540036201477,0.08296752721071243,0.08296752721071243,8.410372734069824,8.410372734069824,-0.29037225246429443,-0.29037225246429443,9.709628105163574,9.709628105163574,10.0,10.0,0.0,0.0,180.0
62,0.2583333333333333,0.5117668247039272,-2.7339244266649647,-323.25991074748197,0.5117668247039272,-2.7339244266649647,-323.25991074748197,6.5,-6.5,0.0,0.0,10.0,0,0.5,0.0,0.0,4.0,4.0,4.0,2.733924388885498,2.7339234352111816,2.733924388885498,2.733924388885498,0.4995782673358917,0.4976167380809784,-3.2522642612457275,-3.6964688301086426,0.0,0.0,0.0,0.0,nan,nan,7.815568447113037,7.815568447113037,15.631136894226074,0.0,7.898821830749512,0.34755462408065796,0.0,0.0,0.0,0.34755462408065796,0.0,7.898821830749512,0.0,0.0,0.0,-0.8664069175720215,-3.733935832977295,6.9151458740234375,0.0,0.0,0.0,0.0,7.898821830749512,0.34755462408065796,0.0,0.0,0.0,0.34755462408065796,0.0,7.898821830749512,-0.0,-0.0,-0.0,-0.8403584957122803,-4.001002788543701,6.767418384552002,0.0,0.0,0.0,2.9802322387695312e-08,0.0,0.6000000238418579,-7.450580596923828e-08,0.05600005388259888,0.5999999642372131,-5.960464477539063e-08,-0.055999964475631714,0.6000000238418579,-1.7067654132843018,-7.734938621520996,13.682563781738281,0.0,0.0,0.0,0.008273124694824219,1.3780022527498659e-06,0.0014595352113246918,6.487066268920898,6.722376823425293,9.878145217895508,9.880812644958496,1.0,1.0,0.0,0.0,0.0,0.0,0.0036176415160298347,0.0036176415160298347,3.575428009033203,3.575428009033203,4.334875583648682,4.334875583648682,0.3847769498825073,0.3847769498825073,0.029013920575380325,0.029013920575380325,-0.06069454178214073,-0.06069454178214073,0.34755462408065796,0.34755462408065796,0.5288505554199219,0.5288505554199219,-0.0588291697204113,-0.0588291697204113,0.1157037541270256,0.1157037541270256,16.72859764099121,16.72859764099121,4.537944793701172,4.537944793701172,14.537944793701172,14.537944793701172,10.0,10.0,0.0,0.0,180.0
63,0.2625,0.4975927693256244,-4.0634035818446534,-314.3068023095312,0.4975927693256244,-4.0634035818446534,-314.3068023095312,6.5,-6.5,0.0,0.0,10.0,0,0.5,0.0,0.0,4.0,4.0,4.0,4.06340217590332,4.0634026527404785,4.063403606414795,4.063403606414795,0.4804362654685974,0.47823619842529297,-4.3636579513549805,-4.861876487731934,0.0,0.0,0.0,0.0,nan,nan,12.83091926574707,12.83091926574707,25.66183853149414,0.0,8.647600173950195,0.5778529047966003,0.0,0.0,0.0,0.5778529047966003,0.0,8.647600173950195,0.0,0.0,0.0,-0.76411372423172,-3.979480266571045,7.661251068115234,0.0,0.0,0.0,0.0,8.647600173950195,0.5778529047966003,0.0,0.0,0.0,0.5778529047966003,0.0,8.647600173950195,-0.0,-0.0,-0.0,-0.736318826675415,-4.27416467666626,7.5036163330078125,0.0,0.0,0.0,2.9802322387695312e-08,0.0,0.6000000238418579,-8.940696716308594e-08,0.05600002408027649,0.5999999642372131,-3.725290298461914e-08,-0.055999964475631714,0.6000000238418579,-1.5004324913024902,-8.253644943237305,15.164867401123047,0.0,0.0,0.0,0.008827745914459229,1.4619937473980826e-06,0.0015573203563690186,7.838231086730957,8.096651077270508,16.460233688354492,16.714324951171875,0.9861956834793091,0.9789295792579651,0.013804304413497448,0.021070441231131554,0.0,0.0,0.029639502987265587,0.029639502987265587,4.536843299865723,4.536843299865723,4.214815139770508,4.214815139770508,0.6591044068336487,0.6591044068336487,0.037393271923065186,0.037393271923065186,-0.06069454178214073,-0.06069454178214073,0.5778529047966003,0.5778529047966003,0.5288505554199219,0.5288505554199219,-0.026292625814676285,-0.026292625814676285,0.14824029803276062,0.14824029803276062,24.863542556762695,24.863542556762695,9.268174171447754,9.268174171447754,19.268173217773438,19.268173217773438,10.0,10.0,0.0,0.0,180.0
64,0.26666666666666666,0.4779669834386089,-5.348363237059775,-301.9100827725503,0.4779669834386089,-5.348363237059775,-301.9100827725503,6.5,-6.5,0.0,0.0,10.0,0,0.5,0.0,0.0,4.0,4.0,4.0,5.348361492156982,5.348362922668457,5.348363399505615,5.348363399505615,0.45594677329063416,0.45369964838027954,-5.446191787719727,-5.955069065093994,0.0,0.0,0.0,0.0,nan,nan,16.82530403137207,16.82530403137207,33.65060806274414,0.0,8.811981201171875,0.6196739673614502,0.0,0.0,0.0,0.6196739673614502,0.0,8.811981201171875,0.0,0.0,0.0,-0.761827826499939,-3.9008119106292725,7.889124393463135,0.0,0.0,0.0,0.0,8.811981201171875,0.6196739673614502,0.0,0.0,0.0,0.6196739673614502,0.0,8.811981201171875,-0.0,-0.0,-0.0,-0.734533429145813,-4.204240798950195,7.734328269958496,0.0,0.0,0.0,2.9802322387695312e-08,0.0,0.6000000238418579,-1.1920928955078125e-07,0.05600005388259888,0.5999999642372131,-5.960464477539063e-08,-0.055999964475631714,0.6000000238418579,-1.496361255645752,-8.105052947998047,15.623453140258789,0.0,0.0,0.0,0.008669048547744751,1.9124822756566573e-06,0.0015295110642910004,9.924579620361328,10.177221298217773,23.22127342224121,23.425678253173828,0.8165895342826843,0.7991940975189209,0.1834104359149933,0.2008059322834015,0.0,0.0,0.1834104359149933,0.1834104359149933,5.504448413848877,5.504448413848877,4.048576831817627,4.048576831817627,1.0169548988342285,1.0169548988342285,0.04582378640770912,0.04582378640770912,-0.06069454178214073,-0.06069454178214073,0.6196739673614502,0.6196739673614502,0.5288505554199219,0.5288505554199219,0.005687745288014412,0.005687745288014412,0.18022066354751587,0.18022066354751587,32.726078033447266,32.726078033447266,13.84848690032959,13.84848690032959,23.848485946655273,23.848485946655273,10.0,10.0,0.0,0.0,180.0
65,0.2708333333333333,0.4531044912600185,-6.57472510543271,-286.2055731899669,0.4531044912600185,-6.57472510543271,-286.2055731899669,6.5,-6.5,0.0,0.0,10.0,0,0.5,0.0,0.0,4.0,4.0,4.0,6.5747222900390625,6.5747222900390625,6.574725151062012,6.574725151062012,0.42641401290893555,0.42424020171165466,-6.4799017906188965,-6.972168922424316,0.0,0.0,0.0,0.0,nan,nan,20.09006690979004,20.09006690979004,40.18013381958008,0.0,8.60981559753418,0.4526422917842865,0.0,0.0,0.0,0.4526422917842865,0.0,8.60981559753418,0.0,0.0,0.0,-0.910881519317627,-3.618217706680298,7.772554397583008,0.0,0.0,0.0,0.0,8.60981559753418,0.4526422917842865,0.0,0.0,0.0,0.4526422917842865,0.0,8.60981559753418,-0.0,-0.0,-0.0,-0.8855011463165283,-3.9184110164642334,7.628613471984863,0.0,0.0,0.0,2.9802322387695312e-08,0.0,0.6000000238418579,-2.086162567138672e-07,0.05600002408027649,0.6000000238418579,-1.4156103134155273e-07,-0.055999964475631714,0.5999999642372131,-1.7963826656341553,-7.536628723144531,15.401167869567871,0.0,0.0,0.0,0.008060932159423828,3.213166110072052e-06,0.001422889530658722,12.175577163696289,12.413888931274414,29.158050537109375,29.324356079101562,0.6711705327033997,0.6523953676223755,0.32882943749427795,0.3476046323776245,0.0,0.0,0.404153436422348,0.404153436422348,6.471405506134033,6.471405506134033,3.8379812240600586,3.8379812240600586,1.4532002210617065,1.4532002210617065,0.05424624681472778,0.05424624681472778,-0.06069454178214073,-0.06069454178214073,0.4526422917842865,0.4526422917842865,0.5288505554199219,0.5288505554199219,0.0367615669965744,0.0367615669965744,0.211294487118721,0.211294487118721,40.23005294799805,40.23005294799805,18.22869873046875,18.22869873046875,28.22869873046875,28.22869873046875,10.0,10.0,0.0,0.0,180.0
66,0.275,0.42327769145697225,-7.729052909700862,-267.3653354551473,0.42327769145697225,-7.729052909700862,-267.3653354551473,6.5,-6.5,0.0,0.0,10.0,0,0.5,0.0,0.0,4.0,4.0,4.0,7.729051113128662,7.729050159454346,7.729053020477295,7.729053020477295,0.39229339361190796,0.3900485634803772,-7.423577308654785,-7.931920528411865,0.0,0.0,0.0,0.0,nan,nan,24.80949592590332,24.80949592590332,49.61899185180664,0.0,8.8551025390625,0.3738372325897217,0.0,0.0,0.0,0.3738372325897217,0.0,8.8551025390625,0.0,0.0,0.0,-1.0457897186279297,-3.480010747909546,8.08383846282959,0.0,0.0,0.0,0.0,8.8551025390625,0.3738372325897217,0.0,0.0,0.0,0.3738372325897217,0.0,8.8551025390625,-0.0,-0.0,-0.0,-1.0212970972061157,-3.793102502822876,7.944930553436279,0.0,0.0,0.0,2.9802322387695312e-08,0.0,0.6000000238418579,-2.9802322387695312e-08,0.05600002408027649,0.6000000238418579,-1.1175870895385742e-07,-0.055999964475631714,0.6000000238418579,-2.067086696624756,-7.273113250732422,16.02876853942871,0.0,0.0,0.0,0.007779330015182495,1.6065268937381916e-06,0.0013723932206630707,14.35306167602539,14.57370662689209,34.19845199584961,34.33366775512695,0.5769660472869873,0.5769660472869873,0.4230339229106903,0.4230339229106903,0.0,0.0,0.517386257648468,0.517386257648468,7.4288177490234375,7.4288177490234375,3.5853357315063477,3.5853357315063477,1.9591655731201172,1.9591655731201172,0.0625835657119751,0.0625835657119751,-0.06069454178214073,-0.06069454178214073,0.3738372325897217,0.3738372325897217,0.5288505554199219,0.5288505554199219,0.0665883794426918,0.0665883794426918,0.241121307015419,0.241121307015419,47.293270111083984,47.293270111083984,22.36082649230957,22.36082649230957,32.3608283996582,32.3608283996582,10.0,10.0,0.0,0.0,180.0
67,0.2791666666666667,0.38881337268977256,-8.798699592882011,-245.59578715528806,0.38881337268977256,-8.798699592882011,-245.59578715528806,6.5,-6.5,0.0,0.0,10.0,0,0.5,0.0,0.0,4.0,4.0,4.0,8.798699378967285,8.798697471618652,8.798699378967285,8.798699378967285,0.3538963198661804,0.35156184434890747,-8.281018257141113,-8.80966567993164,0.0,0.0,0.0,0.0,nan,nan,29.972198486328125,29.972198486328125,59.94439697265625,0.0,9.159899711608887,0.28984904289245605,0.0,0.0,0.0,0.28984904289245605,0.0,9.159899711608887,0.0,0.0,0.0,-1.1978418827056885,-3.3074259757995605,8.462498664855957,0.0,0.0,0.0,0.0,9.159899711608887,0.28984904289245605,0.0,0.0,0.0,0.28984904289245605,0.0,9.159899711608887,-0.0,-0.0,-0.0,-1.174458622932434,-3.636129856109619,8.32988452911377,0.0,0.0,0.0,2.9802322387695312e-08,0.0,0.6000000238418579,-1.4901161193847656e-08,0.05600005388259888,0.6000000238418579,3.725290298461914e-08,-0.0559999942779541,0.6000000238418579,-2.372300624847412,-6.94355583190918,16.792383193969727,0.0,0.0,0.0,0.00742688775062561,3.162407153922686e-07,0.0013096481561660767,16.3487491607666,16.550140380859375,38.389183044433594,38.49869155883789,0.5014724135398865,0.5014724135398865,0.4688880741596222,0.4688880741596222,0.029639502987265587,0.029639502987265587,0.6117570996284485,0.6117570996284485,8.365673065185547,8.365673065185547,3.2934088706970215,3.2934088706970215,2.522287368774414,2.522287368774414,0.07074028253555298,0.07074028253555298,-0.06069454178214073,-0.06069454178214073,0.28984904289245605,0.28984904289245605,0.5288505554199219,0.5288505554199219,0.09484140574932098,0.09484140574932098,0.2693743109703064,0.2693743109703064,53.838321685791016,53.838321685791016,26.1995906829834,26.1995906829834,36.199588775634766,36.199588775634766,10.0,10.0,0.0,0.0,180.0
68,0.2833333333333333,0.35008913324695495,-9.771945882077274,-221.13544001713313,0.35008913324695495,-9.771945882077274,-221.13544001713313,6.5,-6.5,0.0,0.0,10.0,0,0.5,0.0,0.0,4.0,4.0,4.0,9.771944046020508,9.771944046020508,9.77194595336914,9.77194595336914,0.3116593658924103,0.3091858923435211,-9.039249420166016,-9.599373817443848,0.0,0.0,0.0,0.0,nan,nan,35.60978317260742,35.60978317260742,71.21956634521484,0.0,9.617321014404297,0.27120256423950195,0.0,0.0,0.0,0.27120256423950195,0.0,9.617321014404297,0.0,0.0,0.0,-1.312454342842102,-3.1227736473083496,9.005118370056152,0.0,0.0,0.0,0.0,9.617321014404297,0.27120256423950195,0.0,0.0,0.0,0.27120256423950195,0.0,9.617321014404297,-0.0,-0.0,-0.0,-1.2902419567108154,-3.473106622695923,8.879145622253418,0.0,0.0,0.0,2.9802322387695312e-08,0.0,0.6000000238418579,-2.9802322387695312e-08,0.05600005388259888,0.6000000238418579,-3.725290298461914e-08,-0.0559999942779541,0.5999999642372131,-2.602696418762207,-6.595880508422852,17.88426399230957,0.0,0.0,0.0,0.007054805755615234,1.2090443988199695e-06,0.0012443885207176208,18.113937377929688,18.295137405395508,41.82071304321289,41.908836364746094,0.4637572765350342,0.4637572765350342,0.44769445061683655,0.4333321154117584,0.08854829519987106,0.1029105931520462,0.6496672034263611,0.6496672034263611,9.269046783447266,9.269046783447266,2.9653987884521484,2.9653987884521484,3.126054286956787,3.126054286956787,0.07860427349805832,0.07860427349805832,-0.06069454178214073,-0.06069454178214073,0.27120256423950195,0.27120256423950195,0.5288505554199219,0.5288505554199219,0.12121110409498215,0.12121110409498215,0.29574403166770935,0.29574403166770935,59.79351043701172,59.79351043701172,29.70293617248535,29.70293617248535,39.70293426513672,39.70293426513672,10.0,10.0,0.0,0.0,180.0
69,0.2875,0.3075292439994224,-10.638128687277367,-194.25228672258447,0.3075292439994224,-10.638128687277367,-194.25228672258447,6.5,-6.5,0.0,0.0,10.0,0,0.5,0.0,0.0,4.0,4.0,4.0,10.638124465942383,10.638129234313965,10.638128280639648,10.638128280639648,0.266011506319046,0.2634187638759613,-9.697602272033691,-10.284748077392578,0.0,0.0,0.0,0.0,nan,nan,41.064857482910156,41.064857482910156,82.12971496582031,0.0,10.013639450073242,0.2415873259305954,0.0,0.0,0.0,0.2415873259305954,0.0,10.013639450073242,0.0,0.0,0.0,-1.4292433261871338,-2.8455514907836914,9.496916770935059,0.0,0.0,0.0,0.0,10.013639450073242,0.2415873259305954,0.0,0.0,0.0,0.2415873259305954,0.0,10.013639450073242,-0.0,-0.0,-0.0,-1.4088318347930908,-3.215658187866211,9.381155014038086,0.0,0.0,0.0,2.9802322387695312e-08,0.0,0.6000000238418579,-1.1920928955078125e-07,0.0559999942779541,0.6000000238418579,8.195638656616211e-08,-0.0559999942779541,0.5999999642372131,-2.8380751609802246,-6.061209678649902,18.878070831298828,0.0,0.0,0.0,0.006482481956481934,1.0098584652951104e-06,0.0011432915925979614,19.62998390197754,19.79026222229004,44.59147644042969,44.661685943603516,0.4260307848453522,0.4260307848453522,0.4242304861545563,0.4242304861545563,0.14973872900009155,0.14973872900009155,0.6877620816230774,0.6877620816230774,10.124513626098633,10.124513626098633,2.6048989295959473,2.6048989295959473,3.7503113746643066,3.7503113746643066,0.08605034649372101,0.08605034649372101,-0.06069454178214073,-0.06069454178214073,0.2415873259305954,0.2415873259305954,0.5288505554199219,0.5288505554199219,0.1454085409641266,0.1454085409641266,0.3199414610862732,0.3199414610862732,65.09359741210938,65.09359741210938,32.83247756958008,32.83247756958008,42.83247756958008,42.83247756958008,10.0,10.0,0.0,0.0,180.0
70,0.2916666666666667,0.26159999999999983,-11.387757928408115,-165.24086472479837,0.26159999999999983,-11.387757928408115,-165.24086472479837,6.5,-6.5,0.0,0.0,10.0,0,0.5,0.0,0.0,4.0,4.0,4.0,11.387758255004883,11.3877534866333,11.387758255004883,11.387758255004883,0.21745118498802185,0.21476353704929352,-10.249259948730469,-10.857888221740723,0.0,0.0,0.0,0.0,nan,nan,46.075828552246094,46.075828552246094,92.15165710449219,0.0,10.332786560058594,0.20464488863945007,0.0,0.0,0.0,0.20464488863945007,0.0,10.332786560058594,0.0,0.0,0.0,-1.54035484790802,-2.4782962799072266,9.914318084716797,0.0,0.0,0.0,0.0,10.332786560058594,0.20464488863945007,0.0,0.0,0.0,0.20464488863945007,0.0,10.332786560058594,-0.0,-0.0,-0.0,-1.5223593711853027,-2.865363121032715,9.812261581420898,0.0,0.0,0.0,2.9802322387695312e-08,0.0,0.6000000238418579,0.0,0.05600005388259888,0.5999999642372131,-1.1920928955078125e-07,-0.055999964475631714,0.5999999642372131,-3.062714099884033,-5.343659400939941,19.726579666137695,0.0,0.0,0.0,0.005715727806091309,1.9401627469051164e-06,0.0010083839297294617,20.89377212524414,21.032363891601562,46.79151153564453,46.84650802612305,0.40714818239212036,0.40714818239212036,0.39204591512680054,0.39204591512680054,0.2008059322834015,0.2008059322834015,0.7260963320732117,0.7260963320732117,10.916738510131836,10.916738510131836,2.2158594131469727,2.2158594131469727,4.371974945068359,4.371974945068359,0.09294532239437103,0.09294532239437103,-0.06069454178214073,-0.06069454178214073,0.20464488863945007,0.20464488863945007,0.5288505554199219,0.5288505554199219,0.16716863214969635,0.16716863214969635,0.34170156717300415,0.34170156717300415,69.68050384521484,69.68050384521484,35.55393600463867,35.55393600463867,45.553932189941406,45.553932189941406,10.0,10.0,0.0,0.0,180.0
71,0.29583333333333334,0.21280461165725867,-12.012620510633662,-134.41902923421387,0.21280461165725867,-12.012620510633662,-134.41902923421387,6.5,-6.5,0.0,0.0,10.0,0,0.5,0.0,0.0,4.0,4.0,4.0,12.012619018554688,12.012619018554688,12.01262092590332,12.01262092590332,0.16651737689971924,0.1637464165687561,-10.686599731445312,-11.314092636108398,0.0,0.0,0.0,0.0,nan,nan,50.47099304199219,50.47099304199219,100.94198608398438,0.0,10.613319396972656,0.19067075848579407,0.0,0.0,0.0,0.19067075848579407,0.0,10.613319396972656,0.0,0.0,0.0,-1.620840072631836,-2.039980888366699,10.290299415588379,0.0,0.0,0.0,0.0,10.613319396972656,0.19067075848579407,0.0,0.0,0.0,0.19067075848579407,0.0,10.613319396972656,-0.0,-0.0,-0.0,-1.6057449579238892,-2.4422767162323,10.204693794250488,0.0,0.0,0.0,2.9802322387695312e-08,0.0,0.6000000238418579,0.0,0.05600005388259888,0.6000000238418579,-5.21540641784668e-08,-0.055999964475631714,0.6000000238418579,-3.2265849113464355,-4.482257843017578,20.494993209838867,0.0,0.0,0.0,0.0047948360443115234,1.143014628723904e-06,0.0008457303047180176,21.90996551513672,22.025917053222656,48.49627685546875,48.53810119628906,0.3882429003715515,0.3882429003715515,0.37529096007347107,0.37529096007347107,0.2364661693572998,0.2364661693572998,0.7453657388687134,0.7453657388687134,11.630156517028809,11.630156517028809,1.8025422096252441,1.8025422096252441,4.966104507446289,4.966104507446289,0.09915400296449661,0.09915400296449661,-0.06069454178214073,-0.06069454178214073,0.19067075848579407,0.19067075848579407,0.5288505554199219,0.5288505554199219,0.18625293672084808,0.18625293672084808,0.3607858419418335,0.3607858419418335,73.50397491455078,73.50397491455078,37.83747863769531,37.83747863769531,47.83747863769531,47.83747863769531,10.0,10.0,0.0,0.0,180.0
72,0.3,0.16167769145697264,-12.505870308742256,-102.12447073034909,0.16167769145697264,-12.505870308742256,-102.12447073034909,6.5,-6.5,0.0,0.0,10.0,0,0.5,0.0,0.0,4.0,4.0,4.0,12.505868911743164,12.505866050720215,12.50586986541748,12.505870819091797,0.11376573145389557,0.11092868447303772,-11.005363464355469,-11.647818565368652,0.0,0.0,0.0,0.0,nan,nan,53.98158645629883,53.98158645629883,107.96317291259766,0.0,10.836573600769043,0.20158010721206665,0.0,0.0,0.0,0.20158010721206665,0.0,10.836573600769043,0.0,0.0,0.0,-1.664211630821228,-1.5367048978805542,10.599099159240723,0.0,0.0,0.0,0.0,10.836573600769043,0.20158010721206665,0.0,0.0,0.0,0.20158010721206665,0.0,10.836573600769043,-0.0,-0.0,-0.0,-1.6524648666381836,-1.9514621496200562,10.532479286193848,0.0,0.0,0.0,2.9802322387695312e-08,0.0,0.6000000238418579,-4.470348358154297e-08,0.05600005388259888,0.5999999642372131,-3.725290298461914e-08,-0.055999964475631714,0.5999999642372131,-3.316676616668701,-3.4881670475006104,21.13157844543457,0.0,0.0,0.0,0.0037314295768737793,1.6936414795054588e-06,0.0006582066416740417,22.686660766601562,22.778676986694336,49.765262603759766,49.7954216003418,0.36930710077285767,0.36930710077285767,0.3576928973197937,0.3576928973197937,0.273000031709671,0.273000031709671,0.7453657388687134,0.7453657388687134,12.249711990356445,12.249711990356445,1.3694764375686646,1.3694764375686646,5.507285118103027,5.507285118103027,0.10454556345939636,0.10454556345939636,-0.06069454178214073,-0.06069454178214073,0.20158010721206665,0.20158010721206665,0.5288505554199219,0.5288505554199219,0.2024523764848709,0.2024523764848709,0.3769853115081787,0.3769853115081787,76.5221176147461,76.5221176147461,39.65809631347656,39.65809631347656,49.65810012817383,49.65810012817383,10.0,10.0,0.0,0.0,180.0
73,0.30416666666666664,0.108779396635852,-12.862103174726661,-68.71101515424319,0.108779396635852,-12.862103174726661,-68.71101515424319,6.5,-6.5,0.0,0.0,10.0,0,0.5,0.0,0.0,4.0,4.0,4.0,12.862102508544922,12.862101554870605,12.862103462219238,12.862103462219238,0.059755176305770874,0.05690803378820419,-11.206371307373047,-11.85111141204834,0.0,0.0,0.0,0.0,nan,nan,56.19171905517578,56.19171905517578,112.38343811035156,0.0,10.882471084594727,0.18065956234931946,0.0,0.0,0.0,0.18065956234931946,0.0,10.882471084594727,0.0,0.0,0.0,-1.7042558193206787,-0.9714714288711548,10.70572566986084,0.0,0.0,0.0,0.0,10.882471084594727,0.18065956234931946,0.0,0.0,0.0,0.18065956234931946,0.0,10.882471084594727,-0.0,-0.0,-0.0,-1.6963003873825073,-1.390994668006897,10.660605430603027,0.0,0.0,0.0,2.9802322387695312e-08,0.0,0.6000000238418579,-2.9802322387695312e-08,0.05600002408027649,0.5999999642372131,-3.725290298461914e-08,-0.055999964475631714,0.6000000238418579,-3.4005560874938965,-2.3624660968780518,21.366331100463867,0.0,0.0,0.0,0.0025273561477661133,1.4545419162459439e-06,0.0004457607865333557,23.233043670654297,23.2993106842041,50.64280319213867,50.662349700927734,0.36930710077285767,0.36930710077285767,0.33919021487236023,0.33919021487236023,0.2915026843547821,0.2915026843547821,0.7647067308425903,0.7647067308425903,12.761597633361816,12.761597633361816,0.9214061498641968,0.9214061498641968,5.971185684204102,5.971185684204102,0.10899999737739563,0.10899999737739563,-0.06069454178214073,-0.06069454178214073,0.18065956234931946,0.18065956234931946,0.5288505554199219,0.5288505554199219,0.2155894935131073,0.2155894935131073,0.3901224434375763,0.3901224434375763,78.70185852050781,78.70185852050781,40.99584197998047,40.99584197998047,50.9958381652832,50.9958381652832,10.0,10.0,0.0,0.0,180.0
74,0.30833333333333335,0.054689291981636294,-13.077416146760637,-34.54474731740279,0.054689291981636294,-13.077416146760637,-34.54474731740279,6.5,-6.5,0.0,0.0,10.0,0,0.5,0.0,0.0,4.0,4.0,4.0,13.077414512634277,13.077415466308594,13.07741641998291,13.07741641998291,0.005093628074973822,0.0022602227982133627,-11.283767700195312,-11.925395965576172,0.0,0.0,0.0,0.0,nan,nan,57.14447784423828,57.14447784423828,114.28895568847656,0.0,10.84921646118164,0.18645375967025757,0.0,0.0,0.0,0.18645375967025757,0.0,10.84921646118164,0.0,0.0,0.0,-1.6991466283798218,-0.3828795850276947,10.710114479064941,0.0,0.0,0.0,0.0,10.84921646118164,0.18645375967025757,0.0,0.0,0.0,0.18645375967025757,0.0,10.84921646118164,-0.0,-0.0,-0.0,-1.6951533555984497,-0.802978515625,10.687466621398926,0.0,0.0,0.0,2.9802322387695312e-08,0.0,0.6000000238418579,-8.195638656616211e-08,0.05600002408027649,0.5999999642372131,-2.9802322387695312e-08,-0.0559999942779541,0.6000000238418579,-3.3942999839782715,-1.185858130455017,21.397581100463867,0.0,0.0,0.0,0.001268625259399414,1.9352482922840863e-06,0.00022376328706741333,23.5583438873291,23.596214294433594,51.15937042236328,51.168983459472656,0.36930710077285767,0.36930710077285767,0.33919021487236023,0.33919021487236023,0.2915026843547821,0.2915026843547821,0.7647067308425903,0.7647067308425903,13.153922080993652,13.153922080993652,0.46324077248573303,0.46324077248573303,6.336139678955078,6.336139678955078,0.11241394281387329,0.11241394281387329,-0.06069454178214073,-0.06069454178214073,0.18645375967025757,0.18645375967025757,0.5288505554199219,0.5288505554199219,0.2255203127861023,0.2255203127861023,0.4000532031059265,0.4000532031059265,80.01934051513672,80.01934051513672,41.8360595703125,41.8360595703125,51.836063385009766,51.836063385009766,10.0,10.0,0.0,0.0,180.0
75,0.3125,1.6018380132847381e-16,-13.149450210865439,-1.0118084803678263e-13,1.6018380132847381e-16,-13.149450210865439,-1.0118084803678263e-13,6.5,-6.5,0.0,0.0,10.0,0,0.5,0.0,0.0,4.0,4.0,4.0,13.149449348449707,13.149443626403809,13.14945125579834,13.14945125579834,-0.049637481570243835,-0.05239860713481903,-11.24064826965332,-11.8659086227417,0.0,0.0,0.0,0.0,nan,nan,56.57692337036133,56.57692337036133,113.15384674072266,0.0,10.629439353942871,0.16124562919139862,0.0,0.0,0.0,0.16124562919139862,0.0,10.629439353942871,0.0,0.0,0.0,-1.6866343021392822,0.20610253512859344,10.493987083435059,0.0,0.0,0.0,0.0,10.629439353942871,0.16124562919139862,0.0,0.0,0.0,0.16124562919139862,0.0,10.629439353942871,-0.0,-0.0,-0.0,-1.6866343021392822,-0.20610253512859344,10.493987083435059,0.0,0.0,0.0,2.9802322387695312e-08,0.0,0.6000000238418579,2.9802322387695312e-08,0.05600005388259888,0.5999999642372131,-8.195638656616211e-08,-0.055999934673309326,0.5999999642372131,-3.3732686042785645,0.0,20.987974166870117,0.0,0.0,0.0,1.2516975402832031e-06,1.3738568895860226e-06,2.2351741790771484e-07,23.677425384521484,23.67742347717285,51.332786560058594,51.33278274536133,0.36930710077285767,0.36930710077285767,0.33919021487236023,0.33919021487236023,0.2915026843547821,0.2915026843547821,0.7841192483901978,0.7841192483901978,13.417312622070312,13.417312622070312,1.3568226911746164e-15,1.3568226911746164e-15,6.584644317626953,6.584644317626953,0.1147058755159378,0.1147058755159378,-0.06069454178214073,-0.06069454178214073,0.16124562919139862,0.16124562919139862,0.5288505554199219,0.5288505554199219,0.2321360558271408,0.2321360558271408,0.4066689908504486,0.4066689908504486,80.4601058959961,80.4601058959961,42.169532775878906,42.169532775878906,52.169532775878906,52.169532775878906,10.0,10.0,0.0,0.0,180.0
76,0.31666666666666665,-0.05468929198163598,-13.077416146760639,34.54474731740259,-0.05468929198163598,-13.077416146760639,34.54474731740259,6.5,-6.5,0.0,0.0,10.0,0,0.5,0.0,0.0,4.0,4.0,4.0,13.077414512634277,13.077414512634277,13.07741641998291,13.07741641998291,-0.10382247716188431,-0.10648562014102936,-11.073860168457031,-11.676928520202637,0.0,0.0,0.0,0.0,nan,nan,54.67561721801758,54.67561721801758,109.35123443603516,0.0,10.324211120605469,0.1628633737564087,0.0,0.0,0.0,0.1628633737564087,0.0,10.324211120605469,0.0,0.0,0.0,-1.6274689435958862,0.7641215920448303,10.16775894165039,0.0,0.0,0.0,0.0,10.324211120605469,0.1628633737564087,0.0,0.0,0.0,0.1628633737564087,0.0,10.324211120605469,-0.0,-0.0,-0.0,-1.631268858909607,0.3643516004085541,10.189311027526855,0.0,0.0,0.0,2.9802322387695312e-08,0.0,0.6000000238418579,-2.9802322387695312e-08,0.05600002408027649,0.5999999642372131,2.9802322387695312e-08,-0.0559999942779541,0.5999999642372131,-3.258737802505493,1.128473162651062,20.357070922851562,0.0,0.0,0.0,-0.0012065768241882324,8.002815548024955e-07,-0.00021278858184814453,23.596214294433594,23.5583438873291,51.168983459472656,51.15937423706055,0.36930710077285767,0.36930710077285767,0.33919021487236023,0.33919021487236023,0.2915026843547821,0.2915026843547821,0.7841192483901978,0.7841192483901978,13.545368194580078,13.545368194580078,-0.46324077248573303,-0.46324077248573303,6.70458984375,6.70458984375,0.11582017689943314,0.11582017689943314,-0.06069454178214073,-0.06069454178214073,0.1628633737564087,0.1628633737564087,0.5288505554199219,0.5288505554199219,0.23536424338817596,0.23536424338817596,0.4098971486091614,0.4098971486091614,80.01934051513672,80.01934051513672,41.99262619018555,41.99262619018555,51.99262237548828,51.99262237548828,10.0,10.0,0.0,0.0,180.0
77,0.3208333333333333,-0.10877939663585122,-12.862103174726666,68.71101515424269,-0.10877939663585122,-12.862103174726666,68.71101515424269,6.5,-6.5,0.0,0.0,10.0,0,0.5,0.0,0.0,4.0,4.0,4.0,12.862101554870605,12.862100601196289,12.862103462219238,12.862103462219238,-0.15687571465969086,-0.15940020978450775,-10.787040710449219,-11.35871696472168,0.0,0.0,0.0,0.0,nan,nan,51.4472541809082,51.4472541809082,102.8945083618164,0.0,9.88767147064209,0.16286776959896088,0.0,0.0,0.0,0.16286776959896088,0.0,9.88767147064209,0.0,0.0,0.0,-1.5424939393997192,1.2638397216796875,9.685866355895996,0.0,0.0,0.0,0.0,9.88767147064209,0.16286776959896088,0.0,0.0,0.0,0.16286776959896088,0.0,9.88767147064209,-0.0,-0.0,-0.0,-1.549722671508789,0.8826661109924316,9.726861000061035,0.0,0.0,0.0,2.9802322387695312e-08,0.0,0.6000000238418579,-5.21540641784668e-08,0.05600002408027649,0.5999999642372131,-1.4901161193847656e-08,-0.0559999942779541,0.5999999642372131,-3.0922164916992188,2.146505832672119,19.41272735595703,0.0,0.0,0.0,-0.002295255661010742,1.4129536793916486e-06,-0.00040490180253982544,23.2993106842041,23.233043670654297,50.662353515625,50.642799377441406,0.36930710077285767,0.36930710077285767,0.33919021487236023,0.33919021487236023,0.2915026843547821,0.2915026843547821,0.7841192483901978,0.7841192483901978,13.534982681274414,13.534982681274414,-0.9214061498641968,-0.9214061498641968,6.690123081207275,6.690123081207275,0.11572983860969543,0.11572983860969543,-0.06069454178214073,-0.06069454178214073,0.16286776959896088,0.16286776959896088,0.5288505554199219,0.5288505554199219,0.23516948521137238,0.23516948521137238,0.4097024202346802,0.4097024202346802,78.70185852050781,78.70185852050781,41.3072624206543,41.3072624206543,51.3072624206543,51.3072624206543,10.0,10.0,0.0,0.0,180.0
78,0.325,-0.16167769145697233,-12.505870308742258,102.12447073034889,-0.16167769145697233,-12.505870308742258,102.12447073034889,6.5,-6.5,0.0,0.0,10.0,0,0.5,0.0,0.0,4.0,4.0,4.0,12.505867958068848,12.505864143371582,12.50586986541748,12.50586986541748,-0.20821523666381836,-0.21056336164474487,-10.38318157196045,-10.91491413116455,0.0,0.0,0.0,0.0,nan,nan,47.068946838378906,47.068946838378906,94.13789367675781,0.0,9.329092025756836,0.16125866770744324,0.0,0.0,0.0,0.16125866770744324,0.0,9.329092025756836,0.0,0.0,0.0,-1.4346821308135986,1.6799927949905396,9.065167427062988,0.0,0.0,0.0,0.0,9.329092025756836,0.16125866770744324,0.0,0.0,0.0,0.16125866770744324,0.0,9.329092025756836,-0.0,-0.0,-0.0,-1.4447951316833496,1.3229334354400635,9.122520446777344,0.0,0.0,0.0,2.9802322387695312e-08,0.0,0.6000000238418579,-7.450580596923828e-08,0.05600005388259888,0.5999999642372131,-1.1920928955078125e-07,-0.055999934673309326,0.5999999642372131,-2.8794772624969482,3.0029263496398926,18.187686920166016,0.0,0.0,0.0,-0.0032104849815368652,2.4765622583799995e-06,-0.000566527247428894,22.77867889404297,22.686660766601562,49.7954216003418,49.765262603759766,0.36930710077285767,0.36930710077285767,0.3576928973197937,0.3576928973197937,0.273000031709671,0.273000031709671,0.7841192483901978,0.7841192483901978,13.38650131225586,13.38650131225586,-1.3694764375686646,-1.3694764375686646,6.542076110839844,6.542076110839844,0.11443784087896347,0.11443784087896347,-0.06069454178214073,-0.06069454178214073,0.16125866770744324,0.16125866770744324,0.5288505554199219,0.5288505554199219,0.23155389726161957,0.23155389726161957,0.40608686208724976,0.40608686208724976,76.5221176147461,76.5221176147461,40.1209602355957,40.1209602355957,50.1209602355957,50.1209602355957,10.0,10.0,0.0,0.0,180.0
79,0.32916666666666666,-0.21280461165725878,-12.01262051063366,134.41902923421395,-0.21280461165725878,-12.01262051063366,134.41902923421395,6.5,-6.5,0.0,0.0,10.0,0,0.5,0.0,0.0,4.0,4.0,4.0,12.012619018554688,12.012617111206055,12.01262092590332,12.01262092590332,-0.2572702467441559,-0.25942274928092957,-9.86483097076416,-10.352259635925293,0.0,0.0,0.0,0.0,nan,nan,41.85786437988281,41.85786437988281,83.71572875976562,0.0,8.706222534179688,0.18648192286491394,0.0,0.0,0.0,0.18648192286491394,0.0,8.706222534179688,0.0,0.0,0.0,-1.2875946760177612,2.0034265518188477,8.37624454498291,0.0,0.0,0.0,0.0,8.706222534179688,0.18648192286491394,0.0,0.0,0.0,0.18648192286491394,0.0,8.706222534179688,-0.0,-0.0,-0.0,-1.2999769449234009,1.673418641090393,8.446468353271484,0.0,0.0,0.0,2.9802322387695312e-08,0.0,0.6000000238418579,-1.043081283569336e-07,0.05600002408027649,0.5999999642372131,-2.9802322387695312e-08,-0.055999964475631714,0.5999999642372131,-2.587571620941162,3.676845073699951,16.822711944580078,0.0,0.0,0.0,-0.003931820392608643,1.7810218650993193e-06,-0.0006936937570571899,22.025917053222656,21.90996551513672,48.53810119628906,48.49627685546875,0.3882429003715515,0.3882429003715515,0.37529096007347107,0.37529096007347107,0.2364661693572998,0.2364661693572998,0.7647067308425903,0.7647067308425903,13.103694915771484,13.103694915771484,-1.8025422096252441,-1.8025422096252441,6.267895221710205,6.267895221710205,0.1119769960641861,0.1119769960641861,-0.06069454178214073,-0.06069454178214073,0.18648192286491394,0.18648192286491394,0.5288505554199219,0.5288505554199219,0.22455717623233795,0.22455717623233795,0.39909011125564575,0.39909011125564575,73.50397491455078,73.50397491455078,38.44671630859375,38.44671630859375,48.44671630859375,48.44671630859375,10.0,10.0,0.0,0.0,180.0
80,0.3333333333333333,-0.2615999999999996,-11.38775792840812,165.24086472479823,-0.2615999999999996,-11.38775792840812,165.24086472479823,6.5,-6.5,0.0,0.0,10.0,0,0.5,0.0,0.0,4.0,4.0,4.0,11.3877534866333,11.38775634765625,11.387758255004883,11.3877592086792,-0.3035165071487427,-0.3054298758506775,-9.240653991699219,-9.673924446105957,0.0,0.0,0.0,0.0,nan,nan,35.9595947265625,35.9595947265625,71.919189453125,0.0,7.945261001586914,0.18069784343242645,0.0,0.0,0.0,0.18069784343242645,0.0,7.945261001586914,0.0,0.0,0.0,-1.1476138830184937,2.2032835483551025,7.549062728881836,0.0,0.0,0.0,0.0,7.945261001586914,0.18069784343242645,0.0,0.0,0.0,0.18069784343242645,0.0,7.945261001586914,-0.0,-0.0,-0.0,-1.1614511013031006,1.9056533575057983,7.627538681030273,0.0,0.0,0.0,2.9802322387695312e-08,0.0,0.6000000238418579,-1.564621925354004e-07,0.0559999942779541,0.5999999642372131,-8.940696716308594e-08,-0.055999964475631714,0.5999999642372131,-2.3090648651123047,4.108936786651611,15.17660140991211,0.0,0.0,0.0,-0.004394173622131348,2.4530268092348706e-06,-0.0007754862308502197,21.032363891601562,20.893775939941406,46.84650802612305,46.79151916503906,0.40714818239212036,0.40714818239212036,0.39204591512680054,0.39204591512680054,0.2008059322834015,0.2008059322834015,0.7647067308425903,0.7647067308425903,12.69357681274414,12.69357681274414,-2.2158594131469727,-2.2158594131469727,5.8810858726501465,5.8810858726501465,0.10840825736522675,0.10840825736522675,-0.06069454178214073,-0.06069454178214073,0.18069784343242645,0.18069784343242645,0.5288505554199219,0.5288505554199219,0.2142559140920639,0.2142559140920639,0.3887888491153717,0.3887888491153717,69.68050384521484,69.68050384521484,36.30286407470703,36.30286407470703,46.30286407470703,46.30286407470703,10.0,10.0,0.0,0.0,180.0
81,0.3375,-0.30752924399942183,-10.63812868727738,194.2522867225841,-0.30752924399942183,-10.63812868727738,194.2522867225841,6.5,-6.5,0.0,0.0,10.0,0,0.5,0.0,0.0,4.0,4.0,4.0,10.638124465942383,10.638128280639648,10.638127326965332,10.638128280639648,-0.3464314639568329,-0.348096638917923,-8.513886451721191,-8.890948295593262,0.0,0.0,0.0,0.0,nan,nan,29.83804702758789,29.83804702758789,59.67609405517578,0.0,7.1533918380737305,0.20164155960083008,0.0,0.0,0.0,0.20164155960083008,0.0,7.1533918380737305,0.0,0.0,0.0,-0.9778009653091431,2.297152519226074,6.706613540649414,0.0,0.0,0.0,0.0,7.1533918380737305,0.20164155960083008,0.0,0.0,0.0,0.20164155960083008,0.0,7.1533918380737305,-0.0,-0.0,-0.0,-0.9923824667930603,2.032762289047241,6.789309501647949,0.0,0.0,0.0,2.9802322387695312e-08,0.0,0.6000000238418579,-1.341104507446289e-07,0.0559999942779541,0.5999999642372131,-4.470348358154297e-08,-0.05600002408027649,0.5999999642372131,-1.9701833724975586,4.3299150466918945,13.495923042297363,0.0,0.0,0.0,-0.004630923271179199,1.7225746660187724e-06,-0.0008171200752258301,19.79026222229004,19.629981994628906,44.66168212890625,44.59147644042969,0.4260307848453522,0.4260307848453522,0.4242304861545563,0.4242304861545563,0.14973872900009155,0.14973872900009155,0.7453657388687134,0.7453657388687134,12.166044235229492,12.166044235229492,-2.6048989295959473,-2.6048989295959473,5.40023946762085,5.40023946762085,0.10381771624088287,0.10381771624088287,-0.06069454178214073,-0.06069454178214073,0.20164155960083008,0.20164155960083008,0.5288505554199219,0.5288505554199219,0.20076295733451843,0.20076295733451843,0.37529587745666504,0.37529587745666504,65.09359741210938,65.09359741210938,33.71289825439453,33.71289825439453,43.71289825439453,43.71289825439453,10.0,10.0,0.0,0.0,180.0
82,0.3416666666666667,-0.35008913324695473,-9.77194588207728,221.135440017133,-0.35008913324695473,-9.77194588207728,221.135440017133,6.5,-6.5,0.0,0.0,10.0,0,0.5,0.0,0.0,4.0,4.0,4.0,9.771944046020508,9.771944046020508,9.77194595336914,9.77194595336914,-0.38555681705474854,-0.3869435489177704,-7.695195198059082,-8.009211540222168,0.0,0.0,0.0,0.0,nan,nan,23.68008041381836,23.68008041381836,47.36016082763672,0.0,6.266811370849609,0.19074222445487976,0.0,0.0,0.0,0.19074222445487976,0.0,6.266811370849609,0.0,0.0,0.0,-0.8269345760345459,2.2631359100341797,5.788238525390625,0.0,0.0,0.0,0.0,6.266811370849609,0.19074222445487976,0.0,0.0,0.0,0.19074222445487976,0.0,6.266811370849609,-0.0,-0.0,-0.0,-0.8414087891578674,2.0348527431488037,5.870324611663818,0.0,0.0,0.0,2.9802322387695312e-08,0.0,0.6000000238418579,-1.6391277313232422e-07,0.0559999942779541,0.5999999642372131,-5.960464477539063e-08,-0.05600002408027649,0.6000000238418579,-1.6683433055877686,4.2979888916015625,11.658563613891602,0.0,0.0,0.0,-0.0045968592166900635,1.6954062402874115e-06,-0.0008112043142318726,18.29513931274414,18.113937377929688,41.908851623535156,41.82071304321289,0.4637572765350342,0.4637572765350342,0.4333321154117584,0.44769445061683655,0.1029105931520462,0.08854829519987106,0.7453657388687134,0.7453657388687134,11.53339672088623,11.53339672088623,-2.9653987884521484,-2.9653987884521484,4.847716331481934,4.847716331481934,0.09831226617097855,0.09831226617097855,-0.06069454178214073,-0.06069454178214073,0.19074222445487976,0.19074222445487976,0.5288505554199219,0.5288505554199219,0.18422618508338928,0.18422618508338928,0.3587591052055359,0.3587591052055359,59.79351043701172,59.79351043701172,30.705198287963867,30.705198287963867,40.705196380615234,40.705196380615234,10.0,10.0,0.0,0.0,180.0
83,0.3458333333333333,-0.38881337268977234,-8.798699592882016,245.59578715528792,-0.38881337268977234,-8.798699592882016,245.59578715528792,6.5,-6.5,0.0,0.0,10.0,0,0.5,0.0,0.0,4.0,4.0,4.0,8.798696517944336,8.798697471618652,8.798699378967285,8.798699378967285,-0.4204488694667816,-0.4215601682662964,-6.790133953094482,-7.041780948638916,0.0,0.0,0.0,0.0,nan,nan,17.911792755126953,17.911792755126953,35.823585510253906,0.0,5.388915061950684,0.20474624633789062,0.0,0.0,0.0,0.20474624633789062,0.0,5.388915061950684,0.0,0.0,0.0,-0.6572490930557251,2.1391921043395996,4.9065470695495605,0.0,0.0,0.0,0.0,5.388915061950684,0.20474624633789062,0.0,0.0,0.0,0.20474624633789062,0.0,5.388915061950684,-0.0,-0.0,-0.0,-0.6710058450698853,1.9458112716674805,4.984565734863281,0.0,0.0,0.0,2.9802322387695312e-08,0.0,0.6000000238418579,-1.1175870895385742e-07,0.05600005388259888,0.5999999642372131,4.470348358154297e-08,-0.05600002408027649,0.6000000238418579,-1.3282549381256104,4.08500337600708,9.89111328125,0.0,0.0,0.0,-0.0043687522411346436,6.594751766897389e-07,-0.0007706321775913239,16.550140380859375,16.3487491607666,38.49869918823242,38.389183044433594,0.5014724135398865,0.5014724135398865,0.4688880741596222,0.4688880741596222,0.029639502987265587,0.029639502987265587,0.7260963320732117,0.7260963320732117,10.809706687927246,10.809706687927246,-3.2934088706970215,-3.2934088706970215,4.248120307922363,4.248120307922363,0.09201421588659286,0.09201421588659286,-0.06069454178214073,-0.06069454178214073,0.20474624633789062,0.20474624633789062,0.5288505554199219,0.5288505554199219,0.16482675075531006,0.16482675075531006,0.33935967087745667,0.33935967087745667,53.838321685791016,53.838321685791016,27.312719345092773,27.312719345092773,37.312721252441406,37.312721252441406,10.0,10.0,0.0,0.0,180.0
84,0.35,-0.4232776914569724,-7.729052909700859,267.36533545514743,-0.4232776914569724,-7.729052909700859,267.36533545514743,6.5,-6.5,0.0,0.0,10.0,0,0.5,0.0,0.0,4.0,4.0,4.0,7.729052543640137,7.729052543640137,7.729053020477295,7.729053020477295,-0.4507245123386383,-0.4515678882598877,-5.808452129364014,-5.999427795410156,0.0,0.0,0.0,0.0,nan,nan,12.7730712890625,12.7730712890625,25.546142578125,0.0,4.534917831420898,0.24175573885440826,0.0,0.0,0.0,0.24175573885440826,0.0,4.534917831420898,0.0,0.0,0.0,-0.4734913110733032,1.9425424337387085,4.077530860900879,0.0,0.0,0.0,0.0,4.534917831420898,0.24175573885440826,0.0,0.0,0.0,0.24175573885440826,0.0,4.534917831420898,-0.0,-0.0,-0.0,-0.48603489995002747,1.782200574874878,4.148669242858887,0.0,0.0,0.0,2.9802322387695312e-08,0.0,0.6000000238418579,-7.450580596923828e-09,0.05600002408027649,0.5999999642372131,2.9802322387695312e-08,-0.05600002408027649,0.6000000238418579,-0.9595261812210083,3.724742889404297,8.226200103759766,0.0,0.0,0.0,-0.003983646631240845,1.801221287678345e-07,-0.0007025133818387985,14.57370662689209,14.35306167602539,34.33366775512695,34.19845199584961,0.5769660472869873,0.5769660472869873,0.4230339229106903,0.4230339229106903,0.0,0.0,0.6877620816230774,0.6877620816230774,10.010128021240234,10.010128021240234,-3.5853357315063477,-3.5853357315063477,3.626706600189209,3.626706600189209,0.08505524694919586,0.08505524694919586,-0.06069454178214073,-0.06069454178214073,0.24175573885440826,0.24175573885440826,0.5288505554199219,0.5288505554199219,0.1427772045135498,0.1427772045135498,0.3173101246356964,0.3173101246356964,47.293270111083984,47.293270111083984,23.5726261138916,23.5726261138916,33.572628021240234,33.572628021240234,10.0,10.0,0.0,0.0,180.0
85,0.3541666666666667,-0.4531044912600184,-6.574725105432717,286.20557318996686,-0.4531044912600184,-6.574725105432717,286.20557318996686,6.5,-6.5,0.0,0.0,10.0,0,0.5,0.0,0.0,4.0,4.0,4.0,6.574722766876221,6.574725151062012,6.574725151062012,6.574725151062012,-0.4760573208332062,-0.47663286328315735,-4.762073993682861,-4.892402648925781,0.0,0.0,0.0,0.0,nan,nan,8.395109176635742,8.395109176635742,16.790218353271484,0.0,3.6833534240722656,0.2714579105377197,0.0,0.0,0.0,0.2714579105377197,0.0,3.6833534240722656,0.0,0.0,0.0,-0.3021935224533081,1.6763302087783813,3.2770988941192627,0.0,0.0,0.0,0.0,3.6833534240722656,0.2714579105377197,0.0,0.0,0.0,0.2714579105377197,0.0,3.6833534240722656,-0.0,-0.0,-0.0,-0.31305167078971863,1.5479050874710083,3.3386778831481934,0.0,0.0,0.0,2.9802322387695312e-08,0.0,0.6000000238418579,-7.450580596923828e-08,0.0559999942779541,0.5999999642372131,-1.4901161193847656e-08,-0.0559999942779541,0.5999999642372131,-0.6152452230453491,3.2242352962493896,6.615777015686035,0.0,0.0,0.0,-0.0034482330083847046,5.277500463307661e-07,-0.0006083007901906967,12.413888931274414,12.175577163696289,29.324356079101562,29.158050537109375,0.6523953676223755,0.6711705327033997,0.3476046323776245,0.32882943749427795,0.0,0.0,0.6496672034263611,0.6496672034263611,9.15014934539795,9.15014934539795,-3.8379812240600586,-3.8379812240600586,3.0078744888305664,3.0078744888305664,0.077569879591465,0.077569879591465,-0.06069454178214073,-0.06069454178214073,0.2714579105377197,0.2714579105377197,0.5288505554199219,0.5288505554199219,0.11831912398338318,0.11831912398338318,0.2928520441055298,0.2928520441055298,40.23005294799805,40.23005294799805,19.52588653564453,19.52588653564453,29.52588653564453,29.52588653564453,10.0,10.0,0.0,0.0,180.0
86,0.35833333333333334,-0.4779669834386086,-5.348363237059793,301.91008277255014,-0.4779669834386086,-5.348363237059793,301.91008277255014,6.5,-6.5,0.0,0.0,10.0,0,0.5,0.0,0.0,4.0,4.0,4.0,5.348361492156982,5.348361492156982,5.348363399505615,5.348363399505615,-0.4961687922477722,-0.49648118019104004,-3.662283420562744,-3.7330121994018555,0.0,0.0,0.0,0.0,nan,nan,4.89777946472168,4.89777946472168,9.79555892944336,0.0,2.8492157459259033,0.29020583629608154,0.0,0.0,0.0,0.29020583629608154,0.0,2.8492157459259033,0.0,0.0,0.0,-0.14902058243751526,1.359375,2.5163748264312744,0.0,0.0,0.0,0.0,2.8492157459259033,0.29020583629608154,0.0,0.0,0.0,0.29020583629608154,0.0,2.8492157459259033,-0.0,-0.0,-0.0,-0.1578461080789566,1.2612662315368652,2.5664258003234863,0.0,0.0,0.0,2.9802322387695312e-08,0.0,0.6000000238418579,-9.685754776000977e-08,0.0559999942779541,0.5999999046325684,-1.4901161193847656e-08,-0.05600002408027649,0.6000000238418579,-0.30686670541763306,2.6206412315368652,5.08280086517334,0.0,0.0,0.0,-0.0028027743101119995,4.5121655034563446e-07,-0.0004944633692502975,10.17722225189209,9.924577713012695,23.425678253173828,23.22127342224121,0.7991940975189209,0.8165895342826843,0.2008059322834015,0.1834104359149933,0.0,0.0,0.6117570996284485,0.6117570996284485,8.24485969543457,8.24485969543457,-4.048576831817627,-4.048576831817627,2.4138782024383545,2.4138782024383545,0.06968912482261658,0.06968912482261658,-0.06069454178214073,-0.06069454178214073,0.29020583629608154,0.29020583629608154,0.5288505554199219,0.5288505554199219,0.09172048419713974,0.09172048419713974,0.26625341176986694,0.26625341176986694,32.726078033447266,32.726078033447266,15.216852188110352,15.216852188110352,25.21685218811035,25.21685218811035,10.0,10.0,0.0,0.0,180.0
87,0.3625,-0.4975927693256243,-4.063403581844661,314.30680230953107,-0.4975927693256243,-4.063403581844661,314.30680230953107,6.5,-6.5,0.0,0.0,10.0,0,0.5,0.0,0.0,4.0,4.0,4.0,4.063403606414795,4.0634026527404785,4.063403606414795,4.063403606414795,-0.5108264684677124,-0.5109077095985413,-2.518340826034546,-2.536748170852661,0.0,0.0,0.0,0.0,nan,nan,2.417026996612549,2.417026996612549,4.834053993225098,0.0,2.1182444095611572,0.3745098114013672,0.0,0.0,0.0,0.3745098114013672,0.0,2.1182444095611572,0.0,0.0,0.0,0.04906197264790535,1.0469639301300049,1.8784772157669067,0.0,0.0,0.0,0.0,2.1182444095611572,0.3745098114013672,0.0,0.0,0.0,0.3745098114013672,0.0,2.1182444095611572,-0.0,-0.0,-0.0,0.04225350171327591,0.9747805595397949,1.9170900583267212,0.0,0.0,0.0,2.9802322387695312e-08,0.0,0.6000000238418579,2.2351741790771484e-08,0.05600002408027649,0.6000000238418579,4.470348358154297e-08,-0.05600002408027649,0.6000000238418579,0.09131547808647156,2.0217444896698,3.795567274093628,0.0,0.0,0.0,-0.0021623224020004272,-1.4571122086692867e-08,-0.00038126809522509575,8.09665298461914,7.838230133056641,16.714324951171875,16.460233688354492,0.9789295792579651,0.9861956834793091,0.021070441231131554,0.013804304413497448,0.0,0.0,0.517386257648468,0.517386257648468,7.308269023895264,7.308269023895264,-4.214815139770508,-4.214815139770508,1.8638594150543213,1.8638594150543213,0.061534538865089417,0.061534538865089417,-0.06069454178214073,-0.06069454178214073,0.3745098114013672,0.3745098114013672,0.5288505554199219,0.5288505554199219,0.06327269971370697,0.06327269971370697,0.23780560493469238,0.23780560493469238,24.863542556762695,24.863542556762695,10.692728042602539,10.692728042602539,20.69272804260254,20.69272804260254,10.0,10.0,0.0,0.0,180.0
88,0.36666666666666664,-0.511766824703927,-2.7339244266649954,323.25991074748185,-0.511766824703927,-2.7339244266649954,323.25991074748185,6.5,-6.5,0.0,0.0,10.0,0,0.5,0.0,0.0,4.0,4.0,4.0,2.733924388885498,2.73392391204834,2.733924388885498,2.733924388885498,-0.519885241985321,-0.5197385549545288,-1.346366286277771,-1.313131332397461,0.0,0.0,0.0,0.0,nan,nan,0.8105379343032837,0.8105379343032837,1.6210758686065674,0.0,1.401526689529419,0.4537746012210846,0.0,0.0,0.0,0.4537746012210846,0.0,1.401526689529419,0.0,0.0,0.0,0.2370404154062271,0.7099176645278931,1.2688645124435425,0.0,0.0,0.0,0.0,1.401526689529419,0.4537746012210846,0.0,0.0,0.0,0.4537746012210846,0.0,1.401526689529419,-0.0,-0.0,-0.0,0.23241853713989258,0.6625304222106934,1.295076608657837,0.0,0.0,0.0,2.9802322387695312e-08,0.0,0.6000000238418579,2.2351741790771484e-08,0.05600002408027649,0.5999999642372131,-2.9802322387695312e-08,-0.0559999942779541,0.5999999642372131,0.4694589376449585,1.3724480867385864,2.56394100189209,0.0,0.0,0.0,-0.0014677569270133972,5.866442620572343e-08,-0.0002588769420981407,6.722378253936768,6.487066268920898,9.880812644958496,9.878145217895508,1.0,1.0,0.0,0.0,0.0,0.0,0.404153436422348,0.404153436422348,6.35275936126709,6.35275936126709,-4.334875583648682,-4.334875583648682,1.37327241897583,1.37327241897583,0.05321352183818817,0.05321352183818817,-0.06069454178214073,-0.06069454178214073,0.4537746012210846,0.4537746012210846,0.5288505554199219,0.5288505554199219,0.03328744322061539,0.03328744322061539,0.2078203558921814,0.2078203558921814,16.72859764099121,16.72859764099121,6.003077030181885,6.003077030181885,16.003076553344727,16.003076553344727,10.0,10.0,0.0,0.0,180.0
89,0.37083333333333335,-0.5203338556566807,-1.3744918233562755,328.6713159567981,-0.5203338556566807,-1.3744918233562755,328.6713159567981,6.5,-6.5,0.0,0.0,10.0,0,0.5,0.0,0.0,4.0,4.0,4.0,1.3744913339614868,1.3744912147521973,1.3744916915893555,1.374491810798645,-0.5232471227645874,-0.5228762626647949,-0.10173329710960388,-0.07539695501327515,0.0,0.0,0.0,0.0,nan,nan,0.03501271456480026,0.03501271456480026,0.07002542912960052,0.0,0.7027353048324585,0.6007848978042603,0.0,0.0,0.0,0.6007848978042603,0.0,0.7027353048324585,0.0,0.0,0.0,0.48697566986083984,0.36113542318344116,0.698008120059967,0.0,0.0,0.0,0.0,0.7027353048324585,0.6007848978042603,0.0,0.0,0.0,0.6007848978042603,0.0,0.7027353048324585,-0.0,-0.0,-0.0,0.48462292551994324,0.3374902904033661,0.7113510370254517,0.0,0.0,0.0,2.9802322387695312e-08,0.0,0.6000000238418579,-1.341104507446289e-07,0.05600002408027649,0.5999999642372131,-8.940696716308594e-08,-0.055999964475631714,0.6000000238418579,0.9715986251831055,0.6986256837844849,1.4093592166900635,0.0,0.0,0.0,-0.000747140496969223,1.7018608389207657e-07,-0.00013188272714614868,7.289804458618164,7.17263126373291,9.940319061279297,9.938973426818848,1.0,1.0,0.0,0.0,0.0,0.0,0.19718828797340393,0.19718828797340393,5.38871955871582,5.38871955871582,-4.40744161605835,-4.40744161605835,0.9537029266357422,0.9537029266357422,0.04481609910726547,0.04481609910726547,-0.06069454178214073,-0.06069454178214073,0.6007848978042603,0.6007848978042603,0.5288505554199219,0.5288505554199219,0.002093259245157242,0.002093259245157242,0.17662616074085236,0.17662616074085236,8.410372734069824,8.410372734069824,1.1992864608764648,1.1992864608764648,11.199286460876465,11.199286460876465,10.0,10.0,0.0,0.0,180.0
90,0.375,-0.5232,-4.831029633385154e-15,330.4817294495969,-0.5232,-4.831029633385154e-15,330.4817294495969,6.5,-6.5,0.0,0.0,10.0,0,0.5,0.0,0.0,4.0,4.0,4.0,4.8310291212588525e-15,4.831029544775326e-15,4.831029544775326e-15,4.831029544775326e-15,-0.5208808183670044,-0.5202804803848267,1.0282777547836304,1.164258360862732,0.0,0.0,0.0,0.0,nan,nan,-1.10093086143554e-15,-1.10093086143554e-15,-2.20186172287108e-15,0.0,-0.007307015359401703,0.5887479782104492,0.0,0.0,0.0,0.5887479782104492,0.0,-0.007307015359401703,0.0,0.0,0.0,0.5808902382850647,-0.003773035481572151,0.0960722267627716,0.0,0.0,0.0,0.0,-0.007307015359401703,0.5887479782104492,0.0,0.0,0.0,0.5887479782104492,0.0,-0.007307015359401703,-0.0,-0.0,-0.0,0.5809147953987122,-0.0035275649279356003,0.09593283385038376,0.0,0.0,0.0,2.9802322387695312e-08,0.0,0.6000000238418579,2.2351741790771484e-08,0.056000083684921265,0.5999999642372131,4.470348358154297e-08,-0.0559999942779541,0.6000000238418579,1.1618050336837769,-0.0073006004095077515,0.19200506806373596,0.0,0.0,0.0,7.814262062311172e-06,-3.5337471615548566e-08,1.3224780559539795e-06,9.999968528747559,9.999968528747559,9.999968528747559,9.999968528747559,1.0,1.0,0.0,0.0,0.0,0.0,0.0,0.0,4.424411773681641,4.424411773681641,-4.431718826293945,-4.431718826293945,0.6130286455154419,0.6130286455154419,0.03641383349895477,0.03641383349895477,-0.06069454178214073,-0.06069454178214073,0.5887479782104492,0.5887479782104492,0.5288505554199219,0.5288505554199219,-0.029968097805976868,-0.029968097805976868,0.14456482231616974,0.14456482231616974,2.956056216864636e-14,2.956056216864636e-14,-3.666015625,-3.666015625,6.333983898162842,6.333983898162842,10.0,10.0,0.0,0.0,180.0
91,0.37916666666666665,-0.5203338556566807,1.374491823356266,328.6713159567981,-0.5203338556566807,1.374491823356266,328.6713159567981,6.5,-6.5,0.0,0.0,10.0,0,0.5,0.0,0.0,4.0,4.0,4.0,1.3744913339614868,1.3744912147521973,1.3744916915893555,1.374491810798645,-0.5128484964370728,-0.511943519115448,2.195452928543091,2.4003677368164062,0.0,0.0,0.0,0.0,nan,nan,0.8557072281837463,0.8557072281837463,1.7114144563674927,0.0,-0.9413300156593323,0.32318115234375,0.0,0.0,0.0,0.32318115234375,0.0,-0.9413300156593323,0.0,0.0,0.0,0.4584953188896179,-0.4837491810321808,-0.7391326427459717,0.0,0.0,0.0,0.0,-0.9413300156593323,0.32318115234375,0.0,0.0,0.0,0.32318115234375,0.0,-0.9413300156593323,-0.0,-0.0,-0.0,0.4616468548774719,-0.4520759880542755,-0.7570057511329651,0.0,0.0,0.0,2.9802322387695312e-08,0.0,0.6000000238418579,-1.341104507446289e-07,0.05600002408027649,0.5999999642372131,-8.940696716308594e-08,-0.055999964475631714,0.6000000238418579,0.9201421737670898,-0.9358251690864563,-1.496138334274292,0.0,0.0,0.0,0.001000821590423584,-2.3872385668255447e-07,0.00017659179866313934,13.256440162658691,13.303919792175293,17.415996551513672,17.49999237060547,0.7635338306427002,0.7635338306427002,0.2364661693572998,0.2364661693572998,0.0,0.0,0.0,0.0,3.466111421585083,3.466111421585083,-4.40744161605835,-4.40744161605835,0.3558146059513092,0.3558146059513092,0.02806107886135578,0.02806107886135578,-0.06069454178214073,-0.06069454178214073,0.32318115234375,0.32318115234375,0.5288505554199219,0.5288505554199219,-0.06254534423351288,-0.06254534423351288,0.11198756843805313,0.11198756843805313,-8.410372734069824,-8.410372734069824,-8.539523124694824,-8.539523124694824,1.4604771137237549,1.4604771137237549,10.0,10.0,0.0,0.0,180.0
92,0.3833333333333333,-0.5117668247039272,2.733924426664963,323.25991074748197,-0.5117668247039272,2.733924426664963,323.25991074748197,6.5,-6.5,0.0,0.0,10.0,0,0.5,0.0,0.0,4.0,4.0,4.0,2.733924388885498,2.73392391204834,2.733924388885498,2.733924388885498,-0.4991934895515442,-0.498001366853714,3.3394012451171875,3.609351873397827,0.0,0.0,0.0,0.0,nan,nan,2.7142512798309326,2.7142512798309326,5.428502559661865,0.0,-1.816370964050293,0.14290021359920502,0.0,0.0,0.0,0.14290021359920502,0.0,-1.816370964050293,0.0,0.0,0.0,0.4126812219619751,-0.9200495481491089,-1.517506718635559,0.0,0.0,0.0,0.0,-1.816370964050293,0.14290021359920502,0.0,0.0,0.0,0.14290021359920502,0.0,-1.816370964050293,-0.0,-0.0,-0.0,0.418671190738678,-0.8586357831954956,-1.5514776706695557,0.0,0.0,0.0,2.9802322387695312e-08,0.0,0.6000000238418579,2.2351741790771484e-08,0.05600002408027649,0.5999999642372131,-2.9802322387695312e-08,-0.0559999942779541,0.5999999642372131,0.8313524127006531,-1.7786853313446045,-3.0689845085144043,0.0,0.0,0.0,0.0019022226333618164,-1.5333404235207126e-07,0.0003354828804731369,16.516481399536133,16.585134506225586,24.575193405151367,24.677736282348633,0.3882429003715515,0.3882429003715515,0.6117570996284485,0.6117570996284485,0.0,0.0,0.0,0.0,2.5185041427612305,2.5185041427612305,-4.334875583648682,-4.334875583648682,0.18379631638526917,0.18379631638526917,0.019798435270786285,0.019798435270786285,-0.06069454178214073,-0.06069454178214073,0.14290021359920502,0.14290021359920502,0.5288505554199219,0.5288505554199219,-0.09528157860040665,-0.09528157860040665,0.07925134152173996,0.07925134152173996,-16.72859764099121,-16.72859764099121,-13.367839813232422,-13.367839813232422,-3.367840051651001,-3.367840051651001,10.0,10.0,0.0,0.0,180.0
93,0.3875,-0.4975927693256244,4.063403581844652,314.3068023095312,-0.4975927693256244,4.063403581844652,314.3068023095312,6.5,-6.5,0.0,0.0,10.0,0,0.5,0.0,0.0,4.0,4.0,4.0,4.063403606414795,4.0634026527404785,4.063403606414795,4.063403606414795,-0.4800666570663452,-0.4786056876182556,4.447352409362793,4.778201580047607,0.0,0.0,0.0,0.0,nan,nan,5.437050819396973,5.437050819396973,10.874101638793945,0.0,-2.6295244693756104,0.04727136716246605,0.0,0.0,0.0,0.04727136716246605,0.0,-2.6295244693756104,0.0,0.0,0.0,0.4434913992881775,-1.2996693849563599,-2.242946147918701,0.0,0.0,0.0,0.0,-2.6295244693756104,0.04727136716246605,0.0,0.0,0.0,0.04727136716246605,0.0,-2.6295244693756104,-0.0,-0.0,-0.0,0.45194321870803833,-1.210063099861145,-2.290879249572754,0.0,0.0,0.0,2.9802322387695312e-08,0.0,0.6000000238418579,2.2351741790771484e-08,0.05600002408027649,0.6000000238418579,4.470348358154297e-08,-0.05600002408027649,0.6000000238418579,0.8954346179962158,-2.509732484817505,-4.533825397491455,0.0,0.0,0.0,0.002684265375137329,1.7425509923896243e-08,0.0004732925444841385,19.61591339111328,19.69344139099121,30.975894927978516,31.076499938964844,0.27390366792678833,0.2546343207359314,0.7260963320732117,0.7453657388687134,0.0,0.0,0.0,0.0,1.585290551185608,1.585290551185608,-4.214815139770508,-4.214815139770508,0.09630781412124634,0.09630781412124634,0.01165809202939272,0.01165809202939272,-0.06069454178214073,-0.06069454178214073,0.04727136716246605,0.04727136716246605,0.5288505554199219,0.5288505554199219,-0.12781812250614166,-0.12781812250614166,0.046714797616004944,0.046714797616004944,-24.863542556762695,-24.863542556762695,-18.098068237304688,-18.098068237304688,-8.098069190979004,-8.098069190979004,10.0,10.0,0.0,0.0,180.0
94,0.39166666666666666,-0.4779669834386087,5.348363237059784,301.9100827725502,-0.4779669834386087,5.348363237059784,301.9100827725502,6.5,-6.5,0.0,0.0,10.0,0,0.5,0.0,0.0,4.0,4.0,4.0,5.348361492156982,5.348361492156982,5.348363399505615,5.348363399505615,-0.4556785225868225,-0.453967809677124,5.506936073303223,5.894344329833984,0.0,0.0,0.0,0.0,nan,nan,8.86785888671875,8.86785888671875,17.7357177734375,0.0,-3.3786685466766357,0.03352060168981552,0.0,0.0,0.0,0.03352060168981552,0.0,-3.3786685466766357,0.0,0.0,0.0,0.5486285090446472,-1.611979603767395,-2.9183990955352783,0.0,0.0,0.0,0.0,-3.3786685466766357,0.03352060168981552,0.0,0.0,0.0,0.03352060168981552,0.0,-3.3786685466766357,-0.0,-0.0,-0.0,0.5590939521789551,-1.4956399202346802,-2.977750778198242,0.0,0.0,0.0,2.9802322387695312e-08,0.0,0.6000000238418579,-9.685754776000977e-08,0.0559999942779541,0.5999999046325684,-1.4901161193847656e-08,-0.05600002408027649,0.6000000238418579,1.107722520828247,-3.107619524002075,-5.896149635314941,0.0,0.0,0.0,0.003323584794998169,-5.681615107278049e-07,0.0005863513797521591,22.479618072509766,22.559154510498047,36.49225616455078,36.58331298828125,0.19639912247657776,0.19639912247657776,0.7825304865837097,0.7825304865837097,0.021070441231131554,0.021070441231131554,0.0,0.0,0.669908344745636,0.669908344745636,-4.048576831817627,-4.048576831817627,0.09054502844810486,0.09054502844810486,0.0036701138596981764,0.0036701138596981764,-0.06069454178214073,-0.06069454178214073,0.03352060168981552,0.03352060168981552,0.5288505554199219,0.5288505554199219,-0.1597984880208969,-0.1597984880208969,0.01473443116992712,0.01473443116992712,-32.726078033447266,-32.726078033447266,-22.678380966186523,-22.678380966186523,-12.67838191986084,-12.67838191986084,10.0,10.0,0.0,0.0,180.0
95,0.3958333333333333,-0.45310449126001856,6.574725105432709,286.20557318996697,-0.45310449126001856,6.574725105432709,286.20557318996697,6.5,-6.5,0.0,0.0,10.0,0,0.5,0.0,0.0,4.0,4.0,4.0,6.574722766876221,6.574725151062012,6.574725151062012,6.574725151062012,-0.42629721760749817,-0.4243568181991577,6.506337642669678,6.94575309753418,0.0,0.0,0.0,0.0,nan,nan,12.836766242980957,12.836766242980957,25.673532485961914,0.0,-4.061735153198242,0.09680090099573135,0.0,0.0,0.0,0.09680090099573135,0.0,-4.061735153198242,0.0,0.0,0.0,0.7233638763427734,-1.848535418510437,-3.5449576377868652,0.0,0.0,0.0,0.0,-4.061735153198242,0.09680090099573135,0.0,0.0,0.0,0.09680090099573135,0.0,-4.061735153198242,-0.0,-0.0,-0.0,0.7353373765945435,-1.7069177627563477,-3.6128621101379395,0.0,0.0,0.0,2.9802322387695312e-08,0.0,0.6000000238418579,-7.450580596923828e-08,0.0559999942779541,0.5999999642372131,-1.4901161193847656e-08,-0.0559999942779541,0.5999999642372131,1.458701252937317,-3.555453300476074,-7.157819747924805,0.0,0.0,0.0,0.0038024336099624634,-6.182207812344132e-07,0.0006707832217216492,25.072412490844727,25.149831771850586,41.143028259277344,41.22220230102539,0.15725339949131012,0.15725339949131012,0.6930078864097595,0.6930078864097595,0.14973872900009155,0.14973872900009155,0.0,0.0,-0.22375407814979553,-0.22375407814979553,-3.8379812240600586,-3.8379812240600586,0.16162678599357605,0.16162678599357605,-0.0041313376277685165,-0.0041313376277685165,-0.06069454178214073,-0.06069454178214073,0.09680090099573135,0.09680090099573135,0.5288505554199219,0.5288505554199219,-0.19087231159210205,-0.19087231159210205,-0.016339387744665146,-0.016339387744665146,-40.23005294799805,-40.23005294799805,-27.05859375,-27.05859375,-17.05859375,-17.05859375,10.0,10.0,0.0,0.0,180.0
96,0.4,-0.42327769145697264,7.729052909700852,267.36533545514754,-0.42327769145697264,7.729052909700852,267.36533545514754,6.5,-6.5,0.0,0.0,10.0,0,0.5,0.0,0.0,4.0,4.0,4.0,7.729052543640137,7.729052543640137,7.729053020477295,7.729053020477295,-0.3922452926635742,-0.3900964856147766,7.434454917907715,7.921063423156738,0.0,0.0,0.0,0.0,nan,nan,17.16197967529297,17.16197967529297,34.32395935058594,0.0,-4.67609977722168,0.2300952523946762,0.0,0.0,0.0,0.2300952523946762,0.0,-4.67609977722168,0.0,0.0,0.0,0.9603267312049866,-2.0030181407928467,-4.1212310791015625,0.0,0.0,0.0,0.0,-4.67609977722168,0.2300952523946762,0.0,0.0,0.0,0.2300952523946762,0.0,-4.67609977722168,-0.0,-0.0,-0.0,0.9732608199119568,-1.8376843929290771,-4.194583415985107,0.0,0.0,0.0,2.9802322387695312e-08,0.0,0.6000000238418579,-7.450580596923828e-09,0.05600002408027649,0.5999999642372131,2.9802322387695312e-08,-0.05600002408027649,0.6000000238418579,1.9335875511169434,-3.840702533721924,-8.315814971923828,0.0,0.0,0.0,0.004107624292373657,-2.1076775169603934e-07,0.0007243826985359192,27.381925582885742,27.454673767089844,45.00981521606445,45.077056884765625,0.13761016726493835,0.13761016726493835,0.5893898010253906,0.5893898010253906,0.273000031709671,0.273000031709671,0.0,0.0,-1.090764045715332,-1.090764045715332,-3.5853357315063477,-3.5853357315063477,0.302492618560791,0.302492618560791,-0.011702843010425568,-0.011702843010425568,-0.06069454178214073,-0.06069454178214073,0.2300952523946762,0.2300952523946762,0.5288505554199219,0.5288505554199219,-0.22069913148880005,-0.22069913148880005,-0.046166207641363144,-0.046166207641363144,-47.293270111083984,-47.293270111083984,-31.19072151184082,-31.19072151184082,-21.19072151184082,-21.19072151184082,10.0,10.0,0.0,0.0,180.0
97,0.4041666666666667,-0.3888133726897726,8.79869959288201,245.5957871552881,-0.3888133726897726,8.79869959288201,245.5957871552881,6.5,-6.5,0.0,0.0,10.0,0,0.5,0.0,0.0,4.0,4.0,4.0,8.798696517944336,8.798697471618652,8.798699378967285,8.798699378967285,-0.35389623045921326,-0.3515618145465851,8.281037330627441,8.809669494628906,0.0,0.0,0.0,0.0,nan,nan,21.650680541992188,21.650680541992188,43.301361083984375,0.0,-5.218169212341309,0.42405638098716736,0.0,0.0,0.0,0.42405638098716736,0.0,-5.218169212341309,0.0,0.0,0.0,1.249285340309143,-2.0714123249053955,-4.643021583557129,0.0,0.0,0.0,0.0,-5.218169212341309,0.42405638098716736,0.0,0.0,0.0,0.42405638098716736,0.0,-5.218169212341309,-0.0,-0.0,-0.0,1.2626063823699951,-1.884158968925476,-4.718567848205566,0.0,0.0,0.0,2.9802322387695312e-08,0.0,0.6000000238418579,-1.1175870895385742e-07,0.05600005388259888,0.5999999642372131,4.470348358154297e-08,-0.05600002408027649,0.6000000238418579,2.5118918418884277,-3.955571174621582,-9.361589431762695,0.0,0.0,0.0,0.004230320453643799,-6.614220069423027e-07,0.0007462054491043091,29.409000396728516,29.47548484802246,48.193477630615234,48.24968338012695,0.11794067919254303,0.11794067919254303,0.515632152557373,0.515632152557373,0.3664271831512451,0.3664271831512451,0.0,0.0,-1.9247604608535767,-1.9247604608535767,-3.2934088706970215,-3.2934088706970215,0.5037393569946289,0.5037393569946289,-0.01898840069770813,-0.01898840069770813,-0.06069454178214073,-0.06069454178214073,0.42405638098716736,0.42405638098716736,0.5288505554199219,0.5288505554199219,-0.24895215034484863,-0.24895215034484863,-0.07441923022270203,-0.07441923022270203,-53.838321685791016,-53.838321685791016,-35.02948760986328,-35.02948760986328,-25.02948570251465,-25.02948570251465,10.0,10.0,0.0,0.0,180.0
98,0.4083333333333333,-0.35008913324695495,9.771945882077272,221.13544001713313,-0.35008913324695495,9.771945882077272,221.13544001713313,6.5,-6.5,0.0,0.0,10.0,0,0.5,0.0,0.0,4.0,4.0,4.0,9.771944046020508,9.771944046020508,9.77194595336914,9.77194595336914,-0.311670184135437,-0.30917495489120483,9.036795616149902,9.601849555969238,0.0,0.0,0.0,0.0,nan,nan,26.10062026977539,26.10062026977539,52.20124053955078,0.0,-5.683224678039551,0.6669119596481323,0.0,0.0,0.0,0.6669119596481323,0.0,-5.683224678039551,0.0,0.0,0.0,1.5770595073699951,-2.052384853363037,-5.103373050689697,0.0,0.0,0.0,0.0,-5.683224678039551,0.6669119596481323,0.0,0.0,0.0,0.6669119596481323,0.0,-5.683224678039551,-0.0,-0.0,-0.0,1.5901857614517212,-1.845360517501831,-5.177814960479736,0.0,0.0,0.0,2.9802322387695312e-08,0.0,0.6000000238418579,-1.6391277313232422e-07,0.0559999942779541,0.5999999642372131,-5.960464477539063e-08,-0.05600002408027649,0.6000000238418579,3.167245388031006,-3.897745370864868,-10.281188011169434,0.0,0.0,0.0,0.004168778657913208,-1.5455332231795182e-06,0.0007356777787208557,31.16155433654785,31.220787048339844,50.79207229614258,50.838409423828125,0.09826549142599106,0.09826549142599106,0.47870054841041565,0.47870054841041565,0.4230339229106903,0.4230339229106903,0.0,0.0,-2.7178258895874023,-2.7178258895874023,-2.9653987884521484,-2.9653987884521484,0.753524899482727,0.753524899482727,-0.025918349623680115,-0.025918349623680115,-0.06069454178214073,-0.06069454178214073,0.6669119596481323,0.6669119596481323,0.5288505554199219,0.5288505554199219,-0.2753218412399292,-0.2753218412399292,-0.10078892111778259,-0.10078892111778259,-59.79351043701172,-59.79351043701172,-38.532833099365234,-38.532833099365234,-28.532833099365234,-28.532833099365234,10.0,10.0,0.0,0.0,180.0
99,0.4125,-0.3075292439994221,10.638128687277373,194.25228672258427,-0.3075292439994221,10.638128687277373,194.25228672258427,6.5,-6.5,0.0,0.0,10.0,0,0.5,0.0,0.0,4.0,4.0,4.0,10.638124465942383,10.638128280639648,10.638127326965332,10.638128280639648,-0.26602959632873535,-0.2634005546569824,9.693511009216309,10.288860321044922,0.0,0.0,0.0,0.0,nan,nan,30.3037109375,30.3037109375,60.607421875,0.0,-6.065506935119629,0.9445527791976929,0.0,0.0,0.0,0.9445527791976929,0.0,-6.065506935119629,0.0,0.0,0.0,1.9276789426803589,-1.9478026628494263,-5.4929656982421875,0.0,0.0,0.0,0.0,-6.065506935119629,0.9445527791976929,0.0,0.0,0.0,0.9445527791976929,0.0,-6.065506935119629,-0.0,-0.0,-0.0,1.9400429725646973,-1.7236206531524658,-5.563085556030273,0.0,0.0,0.0,2.9802322387695312e-08,0.0,0.6000000238418579,-1.341104507446289e-07,0.0559999942779541,0.5999999642372131,-4.470348358154297e-08,-0.05600002408027649,0.5999999642372131,3.8677220344543457,-3.6714234352111816,-11.056051254272461,0.0,0.0,0.0,0.003926664590835571,-1.5453836113010766e-06,0.0006928890943527222,32.65065002441406,32.702022552490234,52.891387939453125,52.92900466918945,0.09826549142599106,0.09826549142599106,0.4220709502696991,0.4220709502696991,0.47966358065605164,0.47966358065605164,0.0,0.0,-3.4606082439422607,-3.4606082439422607,-2.6048989295959473,-2.6048989295959473,1.0376577377319336,1.0376577377319336,-0.032410457730293274,-0.032410457730293274,-0.06069454178214073,-0.06069454178214073,0.9445527791976929,0.9445527791976929,0.5288505554199219,0.5288505554199219,-0.29951927065849304,-0.29951927065849304,-0.12498635798692703,-0.12498635798692703,-65.09359741210938,-65.09359741210938,-41.662376403808594,-41.662376403808594,-31.66237449645996,-31.66237449645996,10.0,10.0,0.0,0.0,180.0
100,0.4166666666666667,-0.2615999999999999,11.387757928408114,165.2408647247984,-0.2615999999999999,11.387757928408114,165.2408647247984,6.5,-6.5,0.0,0.0,10.0,0,0.5,0.0,0.0,4.0,4.0,4.0,11.3877534866333,11.38775634765625,11.387758255004883,11.3877592086792,-0.21747393906116486,-0.21474072337150574,10.244111061096191,10.863058090209961,0.0,0.0,0.0,0.0,nan,nan,34.052391052246094,34.052391052246094,68.10478210449219,0.0,-6.358523368835449,1.2408857345581055,0.0,0.0,0.0,1.2408857345581055,0.0,-6.358523368835449,0.0,0.0,0.0,2.2828731536865234,-1.7632687091827393,-5.80086088180542,0.0,0.0,0.0,0.0,-6.358523368835449,1.2408857345581055,0.0,0.0,0.0,1.2408857345581055,0.0,-6.358523368835449,-0.0,-0.0,-0.0,2.293947219848633,-1.5250778198242188,-5.863664150238037,0.0,0.0,0.0,2.9802322387695312e-08,0.0,0.6000000238418579,-1.564621925354004e-07,0.0559999942779541,0.5999999642372131,-8.940696716308594e-08,-0.055999964475631714,0.5999999642372131,4.576820373535156,-3.288346529006958,-11.664525032043457,0.0,0.0,0.0,0.003516584634780884,-2.052297531918157e-06,0.0006205886602401733,33.88809585571289,33.93122863769531,54.562294006347656,54.592193603515625,0.09826549142599106,0.09826549142599106,0.3843482732772827,0.3843482732772827,0.517386257648468,0.517386257648468,0.0,0.0,-4.142664432525635,-4.142664432525635,-2.2158594131469727,-2.2158594131469727,1.3399533033370972,1.3399533033370972,-0.03837297484278679,-0.03837297484278679,-0.06069454178214073,-0.06069454178214073,1.2408857345581055,1.2408857345581055,0.5288505554199219,0.5288505554199219,-0.3212794065475464,-0.3212794065475464,-0.1467464566230774,-0.1467464566230774,-69.68050384521484,-69.68050384521484,-44.38383483886719,-44.38383483886719,-34.38383483886719,-34.38383483886719,10.0,10.0,0.0,0.0,180.0
101,0.42083333333333334,-0.21280461165725917,12.012620510633658,134.4190292342142,-0.21280461165725917,12.012620510633658,134.4190292342142,6.5,-6.5,0.0,0.0,10.0,0,0.5,0.0,0.0,4.0,4.0,4.0,12.012619018554688,12.012617111206055,12.01262092590332,12.01262092590332,-0.16653446853160858,-0.1637292206287384,10.682726860046387,11.317987442016602,0.0,0.0,0.0,0.0,nan,nan,37.148765563964844,37.148765563964844,74.29753112792969,0.0,-6.555505275726318,1.5384728908538818,0.0,0.0,0.0,1.5384728908538818,0.0,-6.555505275726318,0.0,0.0,0.0,2.622899055480957,-1.50851571559906,-6.015507221221924,0.0,0.0,0.0,0.0,-6.555505275726318,1.5384728908538818,0.0,0.0,0.0,1.5384728908538818,0.0,-6.555505275726318,-0.0,-0.0,-0.0,2.6322226524353027,-1.2600305080413818,-6.06838321685791,0.0,0.0,0.0,2.9802322387695312e-08,0.0,0.6000000238418579,-1.043081283569336e-07,0.05600002408027649,0.5999999642372131,-2.9802322387695312e-08,-0.055999964475631714,0.5999999642372131,5.25512170791626,-2.7685461044311523,-12.083890914916992,0.0,0.0,0.0,0.0029605329036712646,-1.4816758948654751e-06,0.0005222409963607788,34.88499069213867,34.9196662902832,55.86098098754883,55.88398361206055,0.07861043512821198,0.07861043512821198,0.3851468563079834,0.3851468563079834,0.5362427234649658,0.5362427234649658,0.0,0.0,-4.752963066101074,-4.752963066101074,-1.8025422096252441,-1.8025422096252441,1.642876386642456,1.642876386642456,-0.043709032237529755,-0.043709032237529755,-0.06069454178214073,-0.06069454178214073,1.5384728908538818,1.5384728908538818,0.5288505554199219,0.5288505554199219,-0.34036368131637573,-0.34036368131637573,-0.16583076119422913,-0.16583076119422913,-73.50397491455078,-73.50397491455078,-46.66737747192383,-46.66737747192383,-36.66737747192383,-36.66737747192383,10.0,10.0,0.0,0.0,180.0
102,0.425,-0.16167769145697272,12.505870308742255,102.12447073034913,-0.16167769145697272,12.505870308742255,102.12447073034913,6.5,-6.5,0.0,0.0,10.0,0,0.5,0.0,0.0,4.0,4.0,4.0,12.505867958068848,12.505864143371582,12.50586986541748,12.50586986541748,-0.11376845836639404,-0.11092580109834671,11.004739761352539,11.648468017578125,0.0,0.0,0.0,0.0,nan,nan,39.41588592529297,39.41588592529297,78.83177185058594,0.0,-6.649967193603516,1.8194308280944824,0.0,0.0,0.0,1.8194308280944824,0.0,-6.649967193603516,0.0,0.0,0.0,2.9276626110076904,-1.197533130645752,-6.125936508178711,0.0,0.0,0.0,0.0,-6.649967193603516,1.8194308280944824,0.0,0.0,0.0,1.8194308280944824,0.0,-6.649967193603516,-0.0,-0.0,-0.0,2.9348714351654053,-0.9430139064788818,-6.166818141937256,0.0,0.0,0.0,2.9802322387695312e-08,0.0,0.6000000238418579,-7.450580596923828e-08,0.05600005388259888,0.5999999642372131,-1.1920928955078125e-07,-0.055999934673309326,0.5999999642372131,5.862534046173096,-2.140547037124634,-12.292755126953125,0.0,0.0,0.0,0.002288520336151123,-1.9073468138230965e-06,0.00040359795093536377,35.65095901489258,35.67704772949219,56.83053970336914,56.847259521484375,0.07861043512821198,0.07861043512821198,0.3662877678871155,0.3662877678871155,0.5551018118858337,0.5551018118858337,0.0,0.0,-5.280490875244141,-5.280490875244141,-1.3694764375686646,-1.3694764375686646,1.9284472465515137,1.9284472465515137,-0.04832196980714798,-0.04832196980714798,-0.06069454178214073,-0.06069454178214073,1.8194308280944824,1.8194308280944824,0.5288505554199219,0.5288505554199219,-0.35656312108039856,-0.35656312108039856,-0.18203018605709076,-0.18203018605709076,-76.5221176147461,-76.5221176147461,-48.48799514770508,-48.48799514770508,-38.48799514770508,-38.48799514770508,10.0,10.0,0.0,0.0,180.0
103,0.42916666666666664,-0.1087793966358525,12.86210317472666,68.7110151542435,-0.1087793966358525,12.86210317472666,68.7110151542435,6.5,-6.5,0.0,0.0,10.0,0,0.5,0.0,0.0,4.0,4.0,4.0,12.862101554870605,12.862100601196289,12.862103462219238,12.862103462219238,-0.059753190726041794,-0.056909918785095215,11.206820487976074,11.850687026977539,0.0,0.0,0.0,0.0,nan,nan,40.710113525390625,40.710113525390625,81.42022705078125,0.0,-6.6363019943237305,2.066514492034912,0.0,0.0,0.0,2.066514492034912,0.0,-6.6363019943237305,0.0,0.0,0.0,3.1780452728271484,-0.8482503890991211,-6.123028755187988,0.0,0.0,0.0,0.0,-6.6363019943237305,2.066514492034912,0.0,0.0,0.0,2.066514492034912,0.0,-6.6363019943237305,-0.0,-0.0,-0.0,3.1828970909118652,-0.5924184322357178,-6.150544166564941,0.0,0.0,0.0,2.9802322387695312e-08,0.0,0.6000000238418579,-5.21540641784668e-08,0.05600002408027649,0.5999999642372131,-1.4901161193847656e-08,-0.0559999942779541,0.5999999642372131,6.360942363739014,-1.4406688213348389,-12.27357292175293,0.0,0.0,0.0,0.0015406012535095215,-1.155913764705474e-06,0.00027170777320861816,36.19373321533203,36.211158752441406,57.50252914428711,57.513431549072266,0.07861043512821198,0.07861043512821198,0.347420334815979,0.347420334815979,0.5739692449569702,0.5739692449569702,0.0,0.0,-5.714895725250244,-5.714895725250244,-0.9214061498641968,-0.9214061498641968,2.1793298721313477,2.1793298721313477,-0.05212094262242317,-0.05212094262242317,-0.06069454178214073,-0.06069454178214073,2.066514492034912,2.066514492034912,0.5288505554199219,0.5288505554199219,-0.36970022320747375,-0.36970022320747375,-0.19516733288764954,-0.19516733288764954,-78.70185852050781,-78.70185852050781,-49.82573699951172,-49.82573699951172,-39.825740814208984,-39.825740814208984,10.0,10.0,0.0,0.0,180.0
104,0.43333333333333335,-0.054689291981635905,13.077416146760639,34.54474731740254,-0.054689291981635905,13.077416146760639,34.54474731740254,6.5,-6.5,0.0,0.0,10.0,0,0.5,0.0,0.0,4.0,4.0,4.0,13.077414512634277,13.077414512634277,13.07741641998291,13.07741641998291,-0.005079655442386866,-0.0022741013672202826,11.286931037902832,11.922252655029297,0.0,0.0,0.0,0.0,nan,nan,40.93291473388672,40.93291473388672,81.86582946777344,0.0,-6.510336875915527,2.2642691135406494,0.0,0.0,0.0,2.2642691135406494,0.0,-6.510336875915527,0.0,0.0,0.0,3.357274055480957,-0.4818468689918518,-6.000661373138428,0.0,0.0,0.0,0.0,-6.510336875915527,2.2642691135406494,0.0,0.0,0.0,2.2642691135406494,0.0,-6.510336875915527,-0.0,-0.0,-0.0,3.359670400619507,-0.2297562062740326,-6.014252185821533,0.0,0.0,0.0,2.9802322387695312e-08,0.0,0.6000000238418579,-2.9802322387695312e-08,0.05600002408027649,0.5999999642372131,2.9802322387695312e-08,-0.0559999942779541,0.5999999642372131,6.716944694519043,-0.711603045463562,-12.014913558959961,0.0,0.0,0.0,0.0007608532905578613,-7.580283636343665e-07,0.00013412535190582275,36.518890380859375,36.52760696411133,57.898468017578125,57.90384292602539,0.07861043512821198,0.07861043512821198,0.347420334815979,0.347420334815979,0.5739692449569702,0.5739692449569702,0.0,0.0,-6.047096252441406,-6.047096252441406,-0.46324077248573303,-0.46324077248573303,2.3799898624420166,2.3799898624420166,-0.05502630025148392,-0.05502630025148392,-0.06069454178214073,-0.06069454178214073,2.2642691135406494,2.2642691135406494,0.5288505554199219,0.5288505554199219,-0.37963107228279114,-0.37963107228279114,-0.20509813725948334,-0.20509813725948334,-80.01934051513672,-80.01934051513672,-50.665958404541016,-50.665958404541016,-40.66595458984375,-40.66595458984375,10.0,10.0,0.0,0.0,180.0
105,0.4375,-2.242573218598633e-16,13.149450210865439,1.4165318725149564e-13,-2.242573218598633e-16,13.149450210865439,1.4165318725149564e-13,6.5,-6.5,0.0,0.0,10.0,0,0.5,0.0,0.0,4.0,4.0,4.0,13.149449348449707,13.149443626403809,13.14945125579834,13.14945125579834,0.0496537983417511,0.052382390946149826,11.244342803955078,11.862236976623535,0.0,0.0,0.0,0.0,nan,nan,40.0409049987793,40.0409049987793,80.0818099975586,0.0,-6.269837856292725,2.400142192840576,0.0,0.0,0.0,2.400142192840576,0.0,-6.269837856292725,0.0,0.0,0.0,3.452216625213623,-0.12157084047794342,-5.756645679473877,0.0,0.0,0.0,0.0,-6.269837856292725,2.400142192840576,0.0,0.0,0.0,2.400142192840576,0.0,-6.269837856292725,-0.0,-0.0,-0.0,3.452216863632202,0.12157081067562103,-5.756645679473877,0.0,0.0,0.0,2.9802322387695312e-08,0.0,0.6000000238418579,2.9802322387695312e-08,0.05600005388259888,0.5999999642372131,-8.195638656616211e-08,-0.055999934673309326,0.5999999642372131,6.904433250427246,-2.9802322387695312e-08,-11.513291358947754,0.0,0.0,0.0,-6.854534149169922e-07,-1.054891640706046e-06,-4.023313522338867e-07,36.62981033325195,36.62981033325195,58.03085708618164,58.03086471557617,0.07861043512821198,0.07861043512821198,0.347420334815979,0.347420334815979,0.5739692449569702,0.5739692449569702,0.0,0.0,-6.269837856292725,-6.269837856292725,-1.899551428831284e-15,-1.899551428831284e-15,2.5178112983703613,2.5178112983703613,-0.05697442591190338,-0.05697442591190338,-0.06069454178214073,-0.06069454178214073,2.400142192840576,2.400142192840576,0.5288505554199219,0.5288505554199219,-0.38624683022499084,-0.38624683022499084,-0.21171389520168304,-0.21171389520168304,-80.4601058959961,-80.4601058959961,-50.99943161010742,-50.99943161010742,-40.99943542480469,-40.99943542480469,10.0,10.0,0.0,0.0,180.0
106,0.44166666666666665,0.054689291981635454,13.07741614676064,-34.544747317402255,0.054689291981635454,13.07741614676064,-34.544747317402255,6.5,-6.5,0.0,0.0,10.0,0,0.5,0.0,0.0,4.0,4.0,4.0,13.077414512634277,13.077415466308594,13.07741641998291,13.07741641998291,0.10384789109230042,0.10646029561758041,11.079615592956543,11.671195030212402,0.0,0.0,0.0,0.0,nan,nan,38.05246353149414,38.05246353149414,76.10492706298828,0.0,-5.914892196655273,2.465423583984375,0.0,0.0,0.0,2.465423583984375,0.0,-5.914892196655273,0.0,0.0,0.0,3.4544360637664795,0.20874236524105072,-5.393288612365723,0.0,0.0,0.0,0.0,-5.914892196655273,2.465423583984375,0.0,0.0,0.0,2.465423583984375,0.0,-5.914892196655273,-0.0,-0.0,-0.0,3.452258825302124,0.43777647614479065,-5.380940914154053,0.0,0.0,0.0,2.9802322387695312e-08,0.0,0.6000000238418579,-8.195638656616211e-08,0.05600002408027649,0.5999999642372131,-2.9802322387695312e-08,-0.0559999942779541,0.6000000238418579,6.9066948890686035,0.6465188264846802,-10.774229049682617,0.0,0.0,0.0,-0.0006916224956512451,-1.1293765282971435e-06,-0.00012208521366119385,36.527610778808594,36.518890380859375,57.90385055541992,57.898468017578125,0.07861043512821198,0.07861043512821198,0.347420334815979,0.347420334815979,0.5739692449569702,0.5739692449569702,0.0,0.0,-6.3781328201293945,-6.3781328201293945,0.46324077248573303,0.46324077248573303,2.5840396881103516,2.5840396881103516,-0.05792158097028732,-0.05792158097028732,-0.06069454178214073,-0.06069454178214073,2.465423583984375,2.465423583984375,0.5288505554199219,0.5288505554199219,-0.389475017786026,-0.389475017786026,-0.214942067861557,-0.214942067861557,-80.01934051513672,-80.01934051513672,-50.8225212097168,-50.8225212097168,-40.82252502441406,-40.82252502441406,10.0,10.0,0.0,0.0,180.0
107,0.4458333333333333,0.10877939663585116,12.862103174726666,-68.71101515424266,0.10877939663585116,12.862103174726666,-68.71101515424266,6.5,-6.5,0.0,0.0,10.0,0,0.5,0.0,0.0,4.0,4.0,4.0,12.862102508544922,12.862101554870605,12.862103462219238,12.862103462219238,0.15690909326076508,0.1593669354915619,10.794600486755371,11.351180076599121,0.0,0.0,0.0,0.0,nan,nan,35.05012512207031,35.05012512207031,70.10025024414062,0.0,-5.448153972625732,2.455911159515381,0.0,0.0,0.0,2.455911159515381,0.0,-5.448153972625732,0.0,0.0,0.0,3.360882520675659,0.4863532781600952,-4.9175004959106445,0.0,0.0,0.0,0.0,-5.448153972625732,2.455911159515381,0.0,0.0,0.0,2.455911159515381,0.0,-5.448153972625732,-0.0,-0.0,-0.0,3.3568997383117676,0.6963816285133362,-4.894911766052246,0.0,0.0,0.0,2.9802322387695312e-08,0.0,0.6000000238418579,-2.9802322387695312e-08,0.05600002408027649,0.5999999642372131,-3.725290298461914e-08,-0.055999964475631714,0.6000000238418579,6.717782020568848,1.1827349662780762,-9.81241226196289,0.0,0.0,0.0,-0.0012652277946472168,-8.216595119847625e-07,-0.00022330880165100098,36.211158752441406,36.19373321533203,57.513431549072266,57.50252914428711,0.07861043512821198,0.07861043512821198,0.347420334815979,0.347420334815979,0.5739692449569702,0.5739692449569702,0.0,0.0,-6.369560241699219,-6.369560241699219,0.9214061498641968,0.9214061498641968,2.5744521617889404,2.5744521617889404,-0.05784653127193451,-0.05784653127193451,-0.06069454178214073,-0.06069454178214073,2.455911159515381,2.455911159515381,0.5288505554199219,0.5288505554199219,-0.3892802298069,-0.3892802298069,-0.21474730968475342,-0.21474730968475342,-78.70185852050781,-78.70185852050781,-50.13716125488281,-50.13716125488281,-40.13716506958008,-40.13716506958008,10.0,10.0,0.0,0.0,180.0
108,0.45,0.16167769145697228,12.505870308742258,-102.12447073034886,0.16167769145697228,12.505870308742258,-102.12447073034886,6.5,-6.5,0.0,0.0,10.0,0,0.5,0.0,0.0,4.0,4.0,4.0,12.505868911743164,12.505866050720215,12.50586986541748,12.505870819091797,0.20825590193271637,0.21052275598049164,10.392395973205566,10.905720710754395,0.0,0.0,0.0,0.0,nan,nan,31.178041458129883,31.178041458129883,62.356082916259766,0.0,-4.874937057495117,2.3722376823425293,0.0,0.0,0.0,2.3722376823425293,0.0,-4.874937057495117,0.0,0.0,0.0,3.1741650104522705,0.6913015246391296,-4.340426445007324,0.0,0.0,0.0,0.0,-4.874937057495117,2.3722376823425293,0.0,0.0,0.0,2.3722376823425293,0.0,-4.874937057495117,-0.0,-0.0,-0.0,3.1688807010650635,0.877884030342102,-4.3104567527771,0.0,0.0,0.0,2.9802322387695312e-08,0.0,0.6000000238418579,-4.470348358154297e-08,0.05600005388259888,0.5999999642372131,-3.725290298461914e-08,-0.055999964475631714,0.5999999642372131,6.343045711517334,1.569185495376587,-8.650882720947266,0.0,0.0,0.0,-0.0016786009073257446,-9.905006663757376e-07,-0.00029630959033966064,35.67704772949219,35.65096664428711,56.847259521484375,56.830543518066406,0.07861043512821198,0.07861043512821198,0.3662877678871155,0.3662877678871155,0.5551018118858337,0.5551018118858337,0.0,0.0,-6.244413375854492,-6.244413375854492,1.3694764375686646,1.3694764375686646,2.4896841049194336,2.4896841049194336,-0.056751854717731476,-0.056751854717731476,-0.06069454178214073,-0.06069454178214073,2.3722376823425293,2.3722376823425293,0.5288505554199219,0.5288505554199219,-0.3856646716594696,-0.3856646716594696,-0.211131751537323,-0.211131751537323,-76.5221176147461,-76.5221176147461,-48.95085906982422,-48.95085906982422,-38.950862884521484,-38.950862884521484,10.0,10.0,0.0,0.0,180.0
109,0.45416666666666666,0.21280461165725872,12.012620510633662,-134.41902923421392,0.21280461165725872,12.012620510633662,-134.41902923421392,6.5,-6.5,0.0,0.0,10.0,0,0.5,0.0,0.0,4.0,4.0,4.0,12.012619018554688,12.012619018554688,12.01262092590332,12.01262092590332,0.25732550024986267,0.2593676447868347,9.877335548400879,10.339774131774902,0.0,0.0,0.0,0.0,nan,nan,26.634496688842773,26.634496688842773,53.26899337768555,0.0,-4.203140735626221,2.2198119163513184,0.0,0.0,0.0,2.2198119163513184,0.0,-4.203140735626221,0.0,0.0,0.0,2.9023447036743164,0.8078835010528564,-3.6766393184661865,0.0,0.0,0.0,0.0,-4.203140735626221,2.2198119163513184,0.0,0.0,0.0,2.2198119163513184,0.0,-4.203140735626221,-0.0,-0.0,-0.0,2.896366834640503,0.9672028422355652,-3.64273738861084,0.0,0.0,0.0,2.9802322387695312e-08,0.0,0.6000000238418579,0.0,0.05600005388259888,0.6000000238418579,-5.21540641784668e-08,-0.055999964475631714,0.6000000238418579,5.798711776733398,1.7750864028930664,-7.3193769454956055,0.0,0.0,0.0,-0.0018988251686096191,-4.0811798385220754e-07,-0.0003351271152496338,34.9196662902832,34.884986877441406,55.88398361206055,55.86098098754883,0.07861043512821198,0.07861043512821198,0.3851468563079834,0.3851468563079834,0.5362427234649658,0.5362427234649658,0.0,0.0,-6.005682945251465,-6.005682945251465,1.8025422096252441,1.8025422096252441,2.335170030593872,2.335170030593872,-0.0546637699007988,-0.0546637699007988,-0.06069454178214073,-0.06069454178214073,2.2198119163513184,2.2198119163513184,0.5288505554199219,0.5288505554199219,-0.378667950630188,-0.378667950630188,-0.204135000705719,-0.204135000705719,-73.50397491455078,-73.50397491455078,-47.276611328125,-47.276611328125,-37.276611328125,-37.276611328125,10.0,10.0,0.0,0.0,180.0
110,0.4583333333333333,0.26159999999999956,11.38775792840812,-165.2408647247982,0.26159999999999956,11.38775792840812,-165.2408647247982,6.5,-6.5,0.0,0.0,10.0,0,0.5,0.0,0.0,4.0,4.0,4.0,11.387758255004883,11.3877534866333,11.387758255004883,11.387758255004883,0.30357956886291504,0.3053669333457947,9.254923820495605,9.659675598144531,0.0,0.0,0.0,0.0,nan,nan,21.65996742248535,21.65996742248535,43.3199348449707,0.0,-3.4430088996887207,2.008385181427002,0.0,0.0,0.0,2.008385181427002,0.0,-3.4430088996887207,0.0,0.0,0.0,2.5582923889160156,0.8257980346679688,-2.9429776668548584,0.0,0.0,0.0,0.0,-3.4430088996887207,2.008385181427002,0.0,0.0,0.0,2.008385181427002,0.0,-3.4430088996887207,-0.0,-0.0,-0.0,2.5522961616516113,0.9547735452651978,-2.9089713096618652,0.0,0.0,0.0,2.9802322387695312e-08,0.0,0.6000000238418579,0.0,0.05600005388259888,0.5999999642372131,-1.1920928955078125e-07,-0.055999964475631714,0.5999999642372131,5.110588550567627,1.7805715799331665,-5.8519487380981445,0.0,0.0,0.0,-0.001904517412185669,-8.257928811872262e-07,-0.0003361999988555908,33.93122863769531,33.88809585571289,54.592193603515625,54.562294006347656,0.09826549142599106,0.09826549142599106,0.3843482732772827,0.3843482732772827,0.517386257648468,0.517386257648468,0.0,0.0,-5.658868789672852,-5.658868789672852,2.2158594131469727,2.2158594131469727,2.1207098960876465,2.1207098960876465,-0.05163048207759857,-0.05163048207759857,-0.06069454178214073,-0.06069454178214073,2.008385181427002,2.008385181427002,0.5288505554199219,0.5288505554199219,-0.36836665868759155,-0.36836665868759155,-0.19383373856544495,-0.19383373856544495,-69.68050384521484,-69.68050384521484,-45.13276290893555,-45.13276290893555,-35.13276672363281,-35.13276672363281,10.0,10.0,0.0,0.0,180.0
111,0.46249999999999997,0.3075292439994218,10.63812868727738,-194.25228672258407,0.3075292439994218,10.63812868727738,-194.25228672258407,6.5,-6.5,0.0,0.0,10.0,0,0.5,0.0,0.0,4.0,4.0,4.0,10.638124465942383,10.638129234313965,10.638128280639648,10.638128280639648,0.346510648727417,0.3480175733566284,8.53181266784668,8.873044967651367,0.0,0.0,0.0,0.0,nan,nan,16.521800994873047,16.521800994873047,33.043601989746094,0.0,-2.6067447662353516,1.7512969970703125,0.0,0.0,0.0,1.7512969970703125,0.0,-2.6067447662353516,0.0,0.0,0.0,2.1586852073669434,0.7407523393630981,-2.15720272064209,0.0,0.0,0.0,0.0,-2.6067447662353516,1.7512969970703125,0.0,0.0,0.0,1.7512969970703125,0.0,-2.6067447662353516,-0.0,-0.0,-0.0,2.153371572494507,0.8370981812477112,-2.1270675659179688,0.0,0.0,0.0,2.9802322387695312e-08,0.0,0.6000000238418579,-1.1920928955078125e-07,0.0559999942779541,0.6000000238418579,8.195638656616211e-08,-0.0559999942779541,0.5999999642372131,4.312056541442871,1.577850580215454,-4.284270286560059,0.0,0.0,0.0,-0.0016875192523002625,-3.3886396977322875e-07,-0.00029762834310531616,32.702022552490234,32.65065002441406,52.92900466918945,52.891395568847656,0.09826549142599106,0.09826549142599106,0.4220709502696991,0.4220709502696991,0.47966358065605164,0.47966358065605164,0.0,0.0,-5.211644172668457,-5.211644172668457,2.6048989295959473,2.6048989295959473,1.859710931777954,1.859710931777954,-0.04771929979324341,-0.04771929979324341,-0.06069454178214073,-0.06069454178214073,1.7512969970703125,1.7512969970703125,0.5288505554199219,0.5288505554199219,-0.3548736870288849,-0.3548736870288849,-0.18034076690673828,-0.18034076690673828,-65.09359741210938,-65.09359741210938,-42.54279708862305,-42.54279708862305,-32.54279708862305,-32.54279708862305,10.0,10.0,0.0,0.0,180.0
112,0.4666666666666667,0.3500891332469547,9.77194588207728,-221.13544001713296,0.3500891332469547,9.77194588207728,-221.13544001713296,6.5,-6.5,0.0,0.0,10.0,0,0.5,0.0,0.0,4.0,4.0,4.0,9.771944046020508,9.771944046020508,9.77194595336914,9.77194595336914,0.3856474757194519,0.38685306906700134,7.715717792510986,7.98870849609375,0.0,0.0,0.0,0.0,nan,nan,11.496822357177734,11.496822357177734,22.99364471435547,0.0,-1.7079863548278809,1.4644742012023926,0.0,0.0,0.0,1.4644742012023926,0.0,-1.7079863548278809,0.0,0.0,0.0,1.7227431535720825,0.5545883774757385,-1.3365963697433472,0.0,0.0,0.0,0.0,-1.7079863548278809,1.4644742012023926,0.0,0.0,0.0,1.4644742012023926,0.0,-1.7079863548278809,-0.0,-0.0,-0.0,1.7187983989715576,0.6168056726455688,-1.3142240047454834,0.0,0.0,0.0,2.9802322387695312e-08,0.0,0.6000000238418579,-2.9802322387695312e-08,0.05600005388259888,0.6000000238418579,-3.725290298461914e-08,-0.0559999942779541,0.5999999642372131,3.4415416717529297,1.1713941097259521,-2.650820255279541,0.0,0.0,0.0,-0.0012528970837593079,-2.7024131554753694e-07,-0.00022108107805252075,31.220787048339844,31.161556243896484,50.838409423828125,50.79207229614258,0.09826549142599106,0.09826549142599106,0.47870054841041565,0.47870054841041565,0.4230339229106903,0.4230339229106903,0.0,0.0,-4.673385143280029,-4.673385143280029,2.9653987884521484,2.9653987884521484,1.5681811571121216,1.5681811571121216,-0.043012477457523346,-0.043012477457523346,-0.06069454178214073,-0.06069454178214073,1.4644742012023926,1.4644742012023926,0.5288505554199219,0.5288505554199219,-0.33833691477775574,-0.33833691477775574,-0.16380399465560913,-0.16380399465560913,-59.79351043701172,-59.79351043701172,-39.53509521484375,-39.53509521484375,-29.535097122192383,-29.535097122192383,10.0,10.0,0.0,0.0,180.0
113,0.4708333333333333,0.38881337268977234,8.798699592882018,-245.59578715528792,0.38881337268977234,8.798699592882018,-245.59578715528792,6.5,-6.5,0.0,0.0,10.0,0,0.5,0.0,0.0,4.0,4.0,4.0,8.798699378967285,8.798697471618652,8.798699378967285,8.798699378967285,0.4205603301525116,0.4214487671852112,6.815383434295654,7.016551494598389,0.0,0.0,0.0,0.0,nan,nan,6.853602886199951,6.853602886199951,13.707205772399902,0.0,-0.7611852884292603,1.1652976274490356,0.0,0.0,0.0,1.1652976274490356,0.0,-0.7611852884292603,0.0,0.0,0.0,1.2708550691604614,0.27484622597694397,-0.49669766426086426,0.0,0.0,0.0,0.0,-0.7611852884292603,1.1652976274490356,0.0,0.0,0.0,1.1652976274490356,0.0,-0.7611852884292603,-0.0,-0.0,-0.0,1.2689118385314941,0.30216145515441895,-0.48567748069763184,0.0,0.0,0.0,2.9802322387695312e-08,0.0,0.6000000238418579,-1.4901161193847656e-08,0.05600005388259888,0.6000000238418579,3.725290298461914e-08,-0.0559999942779541,0.6000000238418579,2.539766788482666,0.5770076513290405,-0.9823751449584961,0.0,0.0,0.0,-0.0006171595305204391,-1.8585536665227664e-08,-0.00010891258716583252,29.47548484802246,29.40900421142578,48.24968338012695,48.1934814453125,0.11794067919254303,0.11794067919254303,0.515632152557373,0.515632152557373,0.3664271831512451,0.3664271831512451,0.0,0.0,-4.054594039916992,-4.054594039916992,3.2934088706970215,3.2934088706970215,1.263594388961792,1.263594388961792,-0.037602152675390244,-0.037602152675390244,-0.06069454178214073,-0.06069454178214073,1.1652976274490356,1.1652976274490356,0.5288505554199219,0.5288505554199219,-0.3189374804496765,-0.3189374804496765,-0.1444045752286911,-0.1444045752286911,-53.838321685791016,-53.838321685791016,-36.142616271972656,-36.142616271972656,-26.142616271972656,-26.142616271972656,10.0,10.0,0.0,0.0,180.0
114,0.475,0.4232776914569723,7.729052909700861,-267.3653354551473,0.4232776914569723,7.729052909700861,-267.3653354551473,6.5,-6.5,0.0,0.0,10.0,0,0.5,0.0,0.0,4.0,4.0,4.0,7.729051113128662,7.729050159454346,7.729053020477295,7.729053020477295,0.4508660137653351,0.4514266550540924,5.840479850769043,5.967421531677246,0.0,0.0,0.0,0.0,nan,nan,2.8361458778381348,2.8361458778381348,5.6722917556762695,0.0,0.21907106041908264,0.871467649936676,0.0,0.0,0.0,0.871467649936676,0.0,0.21907106041908264,0.0,0.0,0.0,0.8232477903366089,-0.08609382063150406,0.34971264004707336,0.0,0.0,0.0,0.0,0.21907106041908264,0.871467649936676,0.0,0.0,0.0,0.871467649936676,0.0,0.21907106041908264,-0.0,-0.0,-0.0,0.8238537311553955,-0.09383957087993622,0.3462761640548706,0.0,0.0,0.0,2.9802322387695312e-08,0.0,0.6000000238418579,-2.9802322387695312e-08,0.05600002408027649,0.6000000238418579,-1.1175870895385742e-07,-0.055999964475631714,0.6000000238418579,1.6471015214920044,-0.17993339896202087,0.6959887742996216,0.0,0.0,0.0,0.00019246339797973633,6.986370948425247e-08,3.390386700630188e-05,27.454668045043945,27.381929397583008,45.077049255371094,45.00981521606445,0.13761016726493835,0.13761016726493835,0.5893898010253906,0.5893898010253906,0.273000031709671,0.273000031709671,0.0,0.0,-3.366264820098877,-3.366264820098877,3.5853357315063477,3.5853357315063477,0.9637470245361328,0.9637470245361328,-0.03158484026789665,-0.03158484026789665,-0.06069454178214073,-0.06069454178214073,0.871467649936676,0.871467649936676,0.5288505554199219,0.5288505554199219,-0.29688793420791626,-0.29688793420791626,-0.12235501408576965,-0.12235501408576965,-47.293270111083984,-47.293270111083984,-32.40251922607422,-32.40251922607422,-22.40252113342285,-22.40252113342285,10.0,10.0,0.0,0.0,180.0
115,0.4791666666666667,0.45310449126001834,6.574725105432718,-286.2055731899668,0.45310449126001834,6.574725105432718,-286.2055731899668,6.5,-6.5,0.0,0.0,10.0,0,0.5,0.0,0.0,4.0,4.0,4.0,6.5747222900390625,6.5747222900390625,6.574725151062012,6.574725151062012,0.47623154520988464,0.47645875811576843,4.801530838012695,4.852965831756592,0.0,0.0,0.0,0.0,nan,nan,-0.34947633743286133,-0.34947633743286133,-0.6989526748657227,0.0,1.2187457084655762,0.5999780893325806,0.0,0.0,0.0,0.5999780893325806,0.0,1.2187457084655762,0.0,0.0,0.0,0.39882558584213257,-0.5121698379516602,1.1932874917984009,0.0,0.0,0.0,0.0,1.2187457084655762,0.5999780893325806,0.0,0.0,0.0,0.5999780893325806,0.0,1.2187457084655762,-0.0,-0.0,-0.0,0.40241822600364685,-0.5546630620956421,1.1729122400283813,0.0,0.0,0.0,2.9802322387695312e-08,0.0,0.6000000238418579,-2.086162567138672e-07,0.05600002408027649,0.6000000238418579,-1.4156103134155273e-07,-0.055999964475631714,0.5999999642372131,0.801243782043457,-1.0668329000473022,2.3661997318267822,0.0,0.0,0.0,0.0011410564184188843,4.6151009769346274e-07,0.00020138174295425415,25.149831771850586,25.072412490844727,41.22220230102539,41.14303970336914,0.15725339949131012,0.15725339949131012,0.6930078864097595,0.6930078864097595,0.14973872900009155,0.14973872900009155,0.0,0.0,-2.6192355155944824,-2.6192355155944824,3.8379812240600586,3.8379812240600586,0.6857283115386963,0.6857283115386963,-0.025055736303329468,-0.025055736303329468,-0.06069454178214073,-0.06069454178214073,0.5999780893325806,0.5999780893325806,0.5288505554199219,0.5288505554199219,-0.27242985367774963,-0.27242985367774963,-0.09789693355560303,-0.09789693355560303,-40.23005294799805,-40.23005294799805,-28.35578155517578,-28.35578155517578,-18.35578155517578,-18.35578155517578,10.0,10.0,0.0,0.0,180.0
116,0.48333333333333334,0.47796698343860855,5.348363237059795,-301.9100827725501,0.47796698343860855,5.348363237059795,-301.9100827725501,6.5,-6.5,0.0,0.0,10.0,0,0.5,0.0,0.0,4.0,4.0,4.0,5.348361492156982,5.348362922668457,5.348363399505615,5.348363399505615,0.49637874960899353,0.49627140164375305,3.7098186016082764,3.6854958534240723,0.0,0.0,0.0,0.0,nan,nan,-2.544257402420044,-2.544257402420044,-5.088514804840088,0.0,2.224978446960449,0.36630940437316895,0.0,0.0,0.0,0.36630940437316895,0.0,2.224978446960449,0.0,0.0,0.0,0.014299544505774975,-0.9849342107772827,2.0284011363983154,0.0,0.0,0.0,0.0,2.224978446960449,0.36630940437316895,0.0,0.0,0.0,0.36630940437316895,0.0,2.224978446960449,-0.0,-0.0,-0.0,0.021191224455833435,-1.0615483522415161,1.9893158674240112,0.0,0.0,0.0,2.9802322387695312e-08,0.0,0.6000000238418579,-1.1920928955078125e-07,0.05600005388259888,0.5999999642372131,-5.960464477539063e-08,-0.055999964475631714,0.6000000238418579,0.035490769892930984,-2.046482563018799,4.017716884613037,0.0,0.0,0.0,0.0021888986229896545,4.79261700547795e-07,0.0003861742443405092,22.559154510498047,22.4796199798584,36.58331298828125,36.49226379394531,0.19639912247657776,0.19639912247657776,0.7825304865837097,0.7825304865837097,0.021070441231131554,0.021070441231131554,0.0,0.0,-1.8235983848571777,-1.8235983848571777,4.048576831817627,4.048576831817627,0.44510751962661743,0.44510751962661743,-0.018103541806340218,-0.018103541806340218,-0.06069454178214073,-0.06069454178214073,0.36630940437316895,0.36630940437316895,0.5288505554199219,0.5288505554199219,-0.24583123624324799,-0.24583123624324799,-0.07129830867052078,-0.07129830867052078,-32.726078033447266,-32.726078033447266,-24.0467472076416,-24.0467472076416,-14.046747207641602,-14.046747207641602,10.0,10.0,0.0,0.0,180.0
117,0.4875,0.4975927693256243,4.063403581844662,-314.30680230953107,0.4975927693256243,4.063403581844662,-314.30680230953107,6.5,-6.5,0.0,0.0,10.0,0,0.5,0.0,0.0,4.0,4.0,4.0,4.06340217590332,4.0634026527404785,4.063403606414795,4.063403606414795,0.511086642742157,0.5106475949287415,2.577272415161133,2.4778361320495605,0.0,0.0,0.0,0.0,nan,nan,-3.6405889987945557,-3.6405889987945557,-7.281177997589111,0.0,3.226592779159546,0.18389636278152466,0.0,0.0,0.0,0.18389636278152466,0.0,3.226592779159546,0.0,0.0,0.0,-0.3163364827632904,-1.4848237037658691,2.8530592918395996,0.0,0.0,0.0,0.0,3.226592779159546,0.18389636278152466,0.0,0.0,0.0,0.18389636278152466,0.0,3.226592779159546,-0.0,-0.0,-0.0,-0.3059656322002411,-1.5947762727737427,2.7942428588867188,0.0,0.0,0.0,2.9802322387695312e-08,0.0,0.6000000238418579,-8.940696716308594e-08,0.05600002408027649,0.5999999642372131,-3.725290298461914e-08,-0.055999964475631714,0.6000000238418579,-0.6223021149635315,-3.0795998573303223,5.647302150726318,0.0,0.0,0.0,0.0032937973737716675,5.463348884404695e-07,0.0005810689181089401,19.693437576293945,19.61591339111328,31.076494216918945,30.975894927978516,0.2546343207359314,0.27390366792678833,0.7453657388687134,0.7260963320732117,0.0,0.0,0.0,0.0,-0.9882223010063171,-0.9882223010063171,4.214815139770508,4.214815139770508,0.25539717078208923,0.25539717078208923,-0.010806267149746418,-0.010806267149746418,-0.06069454178214073,-0.06069454178214073,0.18389636278152466,0.18389636278152466,0.5288505554199219,0.5288505554199219,-0.2173834592103958,-0.2173834592103958,-0.04285051301121712,-0.04285051301121712,-24.863542556762695,-24.863542556762695,-19.52262306213379,-19.52262306213379,-9.522622108459473,-9.522622108459473,10.0,10.0,0.0,0.0,180.0
118,0.49166666666666664,0.5117668247039269,2.733924426664997,-323.25991074748174,0.5117668247039269,2.733924426664997,-323.25991074748174,6.5,-6.5,0.0,0.0,10.0,0,0.5,0.0,0.0,4.0,4.0,4.0,2.733924388885498,2.7339234352111816,2.733924388885498,2.733924388885498,0.5201943516731262,0.5194297432899475,1.4163429737091064,1.243173599243164,0.0,0.0,0.0,0.0,nan,nan,-3.581852436065674,-3.581852436065674,-7.163704872131348,0.0,4.214407444000244,0.06388489902019501,0.0,0.0,0.0,0.06388489902019501,0.0,4.214407444000244,0.0,0.0,0.0,-0.5819763541221619,-1.9922373294830322,3.6684610843658447,0.0,0.0,0.0,0.0,4.214407444000244,0.06388489902019501,0.0,0.0,0.0,0.06388489902019501,0.0,4.214407444000244,-0.0,-0.0,-0.0,-0.5680781602859497,-2.134730577468872,3.5896410942077637,0.0,0.0,0.0,2.9802322387695312e-08,0.0,0.6000000238418579,-7.450580596923828e-08,0.05600005388259888,0.5999999642372131,-5.960464477539063e-08,-0.055999964475631714,0.6000000238418579,-1.1500544548034668,-4.126967906951904,7.2581024169921875,0.0,0.0,0.0,0.00441412627696991,7.382777198472468e-07,0.0007787458598613739,16.585134506225586,16.5164794921875,24.677736282348633,24.575193405151367,0.3882429003715515,0.3882429003715515,0.6117570996284485,0.6117570996284485,0.0,0.0,0.0,0.0,-0.12046787142753601,-0.12046787142753601,4.334875583648682,4.334875583648682,0.12780813872814178,0.12780813872814178,-0.0032287021167576313,-0.0032287021167576313,-0.06069454178214073,-0.06069454178214073,0.06388489902019501,0.06388489902019501,0.5288505554199219,0.5288505554199219,-0.18739819526672363,-0.18739819526672363,-0.012865269556641579,-0.012865269556641579,-16.72859764099121,-16.72859764099121,-14.832971572875977,-14.832971572875977,-4.832972049713135,-4.832972049713135,10.0,10.0,0.0,0.0,180.0
119,0.49583333333333335,0.5203338556566807,1.374491823356277,-328.6713159567981,0.5203338556566807,1.374491823356277,-328.6713159567981,6.5,-6.5,0.0,0.0,10.0,0,0.5,0.0,0.0,4.0,4.0,4.0,1.3744913339614868,1.374491810798645,1.374491810798645,1.374491810798645,0.5232999920845032,0.5225208401679993,-0.0006969310343265533,-0.005084231495857239,0.0,0.0,0.0,0.0,nan,nan,-2.3581910133361816,-2.3581910133361816,-4.716382026672363,0.0,5.181305885314941,0.015125873498618603,0.0,0.0,0.0,0.015125873498618603,0.0,5.181305885314941,0.0,0.0,0.0,-0.774276852607727,-2.488334894180298,4.4782633781433105,0.0,0.0,0.0,0.0,5.181305885314941,0.015125873498618603,0.0,0.0,0.0,0.015125873498618603,0.0,5.181305885314941,-0.0,-0.0,-0.0,-0.7569305300712585,-2.6626715660095215,4.379885673522949,0.0,0.0,0.0,2.9802322387695312e-08,0.0,0.6000000238418579,-8.940696716308594e-08,0.05600002408027649,0.6000000238418579,1.4901161193847656e-08,-0.0559999942779541,0.6000000238418579,-1.5312073230743408,-5.151006698608398,8.858148574829102,0.0,0.0,0.0,0.005509272217750549,5.991159923723899e-07,0.0009717568755149841,13.303915977478027,13.256443977355957,17.49999237060547,17.415996551513672,0.7635338306427002,0.7635338306427002,0.2364661693572998,0.2364661693572998,0.0,0.0,0.0,0.0,0.773864209651947,0.773864209651947,4.40744161605835,4.40744161605835,0.07124235481023788,0.07124235481023788,0.004578058607876301,0.004578058607876301,-0.06069454178214073,-0.06069454178214073,0.015125873498618603,0.015125873498618603,0.5288505554199219,0.5288505554199219,-0.1562040150165558,-0.1562040150165558,0.018328916281461716,0.018328916281461716,-8.410372734069824,-8.410372734069824,-10.029181480407715,-10.029181480407715,-0.029181983321905136,-0.029181983321905136,10.0,10.0,0.0,0.0,180.0
120,0.5,0.5232,6.441372844513539e-15,-330.4817294495969,0.5232,6.441372844513539e-15,-330.4817294495969,6.5,-6.5,0.0,0.0,10.0,0,0.5,0.0,0.0,4.0,4.0,4.0,6.441373008711417e-15,6.441369620579628e-15,6.441373432227891e-15,6.441373008711417e-15,0.5212748646736145,0.5198866128921509,-0.9390689134597778,-1.253448724746704,0.0,0.0,0.0,0.0,nan,nan,-1.359683799063852e-14,-1.359683799063852e-14,-2.719367598127704e-14,0.0,6.1220316886901855,0.04430560767650604,0.0,0.0,0.0,0.04430560767650604,0.0,6.1220316886901855,0.0,0.0,0.0,-0.8873571157455444,-2.9554989337921143,5.287613391876221,0.0,0.0,0.0,0.0,6.1220316886901855,0.04430560767650604,0.0,0.0,0.0,0.04430560767650604,0.0,6.1220316886901855,-0.0,-0.0,-0.0,-0.8667584657669067,-3.161149263381958,5.170792579650879,0.0,0.0,0.0,2.9802322387695312e-08,0.0,0.6000000238418579,-7.450580596923828e-08,0.05600005388259888,0.5999999642372131,-9.685754776000977e-08,-0.055999934673309326,0.5999999642372131,-1.7541155815124512,-6.116648197174072,10.458406448364258,0.0,0.0,0.0,0.006542235612869263,1.3110263807902811e-06,0.001154337078332901,9.999968528747559,9.999968528747559,9.999968528747559,9.999968528747559,1.0,1.0,0.0,0.0,0.0,0.0,0.0,0.0,1.6903128623962402,1.6903128623962402,4.431718826293945,4.431718826293945,0.0924254059791565,0.0924254059791565,0.012574739754199982,0.012574739754199982,-0.06069454178214073,-0.06069454178214073,0.04430560767650604,0.04430560767650604,0.5288505554199219,0.5288505554199219,-0.12414265424013138,-0.12414265424013138,0.050390273332595825,0.050390273332595825,-3.941408966779206e-14,-3.941408966779206e-14,-5.16387939453125,-5.16387939453125,4.836120128631592,4.836120128631592,10.0,10.0,0.0,0.0,180.0
121,0.5041666666666667,0.5203338556566807,-1.3744918233562644,-328.6713159567981,0.5203338556566807,-1.3744918233562644,-328.6713159567981,6.5,-6.5,0.0,0.0,10.0,0,0.5,0.0,0.0,4.0,4.0,4.0,1.3744913339614868,1.374491810798645,1.374491810798645,1.374491810798645,0.5132375955581665,0.5115544199943542,-2.107325315475464,-2.488476037979126,0.0,0.0,0.0,0.0,nan,nan,3.428959608078003,3.428959608078003,6.857919216156006,0.0,7.032732009887695,0.15608108043670654,0.0,0.0,0.0,0.15608108043670654,0.0,7.032732009887695,0.0,0.0,0.0,-0.9174567461013794,-3.3774869441986084,6.102010250091553,0.0,0.0,0.0,0.0,7.032732009887695,0.15608108043670654,0.0,0.0,0.0,0.15608108043670654,0.0,7.032732009887695,-0.0,-0.0,-0.0,-0.8939120173454285,-3.6141185760498047,5.968479633331299,0.0,0.0,0.0,2.9802322387695312e-08,0.0,0.6000000238418579,-8.940696716308594e-08,0.05600002408027649,0.6000000238418579,1.4901161193847656e-08,-0.0559999942779541,0.6000000238418579,-1.811368703842163,-6.991605758666992,12.070489883422852,0.0,0.0,0.0,0.007477879524230957,8.163535767380381e-07,0.0013189837336540222,7.172627925872803,7.289805889129639,9.938973426818848,9.940319061279297,1.0,1.0,0.0,0.0,0.0,0.0,0.0,0.0,2.6252903938293457,2.6252903938293457,4.40744161605835,4.40744161605835,0.19604580104351044,0.19604580104351044,0.020729832351207733,0.020729832351207733,-0.06069454178214073,-0.06069454178214073,0.15608108043670654,0.15608108043670654,0.5288505554199219,0.5288505554199219,-0.09156540036201477,-0.09156540036201477,0.08296752721071243,0.08296752721071243,8.410372734069824,8.410372734069824,-0.29037225246429443,-0.29037225246429443,9.709628105163574,9.709628105163574,10.0,10.0,0.0,0.0,180.0
122,0.5083333333333333,0.5117668247039272,-2.733924426664961,-323.25991074748197,0.5117668247039272,-2.733924426664961,-323.25991074748197,6.5,-6.5,0.0,0.0,10.0,0,0.5,0.0,0.0,4.0,4.0,4.0,2.733924388885498,2.7339234352111816,2.733924388885498,2.733924388885498,0.4995782673358917,0.4976167380809784,-3.2522642612457275,-3.6964688301086426,0.0,0.0,0.0,0.0,nan,nan,7.815568447113037,7.815568447113037,15.631136894226074,0.0,7.898821830749512,0.34755462408065796,0.0,0.0,0.0,0.34755462408065796,0.0,7.898821830749512,0.0,0.0,0.0,-0.8664069175720215,-3.733935832977295,6.9151458740234375,0.0,0.0,0.0,0.0,7.898821830749512,0.34755462408065796,0.0,0.0,0.0,0.34755462408065796,0.0,7.898821830749512,-0.0,-0.0,-0.0,-0.8403584957122803,-4.001002788543701,6.767418384552002,0.0,0.0,0.0,2.9802322387695312e-08,0.0,0.6000000238418579,-7.450580596923828e-08,0.05600005388259888,0.5999999642372131,-5.960464477539063e-08,-0.055999964475631714,0.6000000238418579,-1.7067654132843018,-7.734938621520996,13.682563781738281,0.0,0.0,0.0,0.008273124694824219,1.3780022527498659e-06,0.0014595352113246918,6.487066268920898,6.722376823425293,9.878145217895508,9.880812644958496,1.0,1.0,0.0,0.0,0.0,0.0,0.0036176415160298347,0.0036176415160298347,3.575428009033203,3.575428009033203,4.334875583648682,4.334875583648682,0.3847769498825073,0.3847769498825073,0.029013920575380325,0.029013920575380325,-0.06069454178214073,-0.06069454178214073,0.34755462408065796,0.34755462408065796,0.5288505554199219,0.5288505554199219,-0.0588291697204113,-0.0588291697204113,0.1157037541270256,0.1157037541270256,16.72859764099121,16.72859764099121,4.537944793701172,4.537944793701172,14.537944793701172,14.537944793701172,10.0,10.0,0.0,0.0,180.0
123,0.5125,0.49759276932562474,-4.063403581844628,-314.30680230953135,0.49759276932562474,-4.063403581844628,-314.30680230953135,6.5,-6.5,0.0,0.0,10.0,0,0.5,0.0,0.0,4.0,4.0,4.0,4.06340217590332,4.0634026527404785,4.063403606414795,4.063403606414795,0.4804362654685974,0.47823619842529297,-4.3636579513549805,-4.861876487731934,0.0,0.0,0.0,0.0,nan,nan,12.83091926574707,12.83091926574707,25.66183853149414,0.0,8.647600173950195,0.5778529047966003,0.0,0.0,0.0,0.5778529047966003,0.0,8.647600173950195,0.0,0.0,0.0,-0.76411372423172,-3.979480266571045,7.661251068115234,0.0,0.0,0.0,0.0,8.647600173950195,0.5778529047966003,0.0,0.0,0.0,0.5778529047966003,0.0,8.647600173950195,-0.0,-0.0,-0.0,-0.736318826675415,-4.27416467666626,7.5036163330078125,0.0,0.0,0.0,2.9802322387695312e-08,0.0,0.6000000238418579,-8.940696716308594e-08,0.05600002408027649,0.5999999642372131,-3.725290298461914e-08,-0.055999964475631714,0.6000000238418579,-1.5004324913024902,-8.253644943237305,15.164867401123047,0.0,0.0,0.0,0.008827745914459229,1.4619937473980826e-06,0.0015573203563690186,7.838231086730957,8.096651077270508,16.460233688354492,16.714324951171875,0.9861956834793091,0.9789295792579651,0.013804304413497448,0.021070441231131554,0.0,0.0,0.029639502987265587,0.029639502987265587,4.536843299865723,4.536843299865723,4.214815139770508,4.214815139770508,0.6591044068336487,0.6591044068336487,0.037393271923065186,0.037393271923065186,-0.06069454178214073,-0.06069454178214073,0.5778529047966003,0.5778529047966003,0.5288505554199219,0.5288505554199219,-0.026292625814676285,-0.026292625814676285,0.14824029803276062,0.14824029803276062,24.863542556762695,24.863542556762695,9.268174171447754,9.268174171447754,19.268173217773438,19.268173217773438,10.0,10.0,0.0,0.0,180.0
124,0.5166666666666666,0.4779669834386091,-5.348363237059761,-301.9100827725504,0.4779669834386091,-5.348363237059761,-301.9100827725504,6.5,-6.5,0.0,0.0,10.0,0,0.5,0.0,0.0,4.0,4.0,4.0,5.348361492156982,5.348362922668457,5.348363399505615,5.348363399505615,0.45594677329063416,0.45369964838027954,-5.446191787719727,-5.955069065093994,0.0,0.0,0.0,0.0,nan,nan,16.82530403137207,16.82530403137207,33.65060806274414,0.0,8.811981201171875,0.6196739673614502,0.0,0.0,0.0,0.6196739673614502,0.0,8.811981201171875,0.0,0.0,0.0,-0.761827826499939,-3.9008119106292725,7.889124393463135,0.0,0.0,0.0,0.0,8.811981201171875,0.6196739673614502,0.0,0.0,0.0,0.6196739673614502,0.0,8.811981201171875,-0.0,-0.0,-0.0,-0.734533429145813,-4.204240798950195,7.734328269958496,0.0,0.0,0.0,2.9802322387695312e-08,0.0,0.6000000238418579,-1.1920928955078125e-07,0.05600005388259888,0.5999999642372131,-5.960464477539063e-08,-0.055999964475631714,0.6000000238418579,-1.496361255645752,-8.105052947998047,15.623453140258789,0.0,0.0,0.0,0.008669048547744751,1.9124822756566573e-06,0.0015295110642910004,9.924579620361328,10.177221298217773,23.22127342224121,23.425678253173828,0.8165895342826843,0.7991940975189209,0.1834104359149933,0.2008059322834015,0.0,0.0,0.1834104359149933,0.1834104359149933,5.504448413848877,5.504448413848877,4.048576831817627,4.048576831817627,1.0169548988342285,1.0169548988342285,0.04582378640770912,0.04582378640770912,-0.06069454178214073,-0.06069454178214073,0.6196739673614502,0.6196739673614502,0.5288505554199219,0.5288505554199219,0.005687745288014412,0.005687745288014412,0.18022066354751587,0.18022066354751587,32.726078033447266,32.726078033447266,13.84848690032959,13.84848690032959,23.848485946655273,23.848485946655273,10.0,10.0,0.0,0.0,180.0
125,0.5208333333333334,0.4531044912600181,-6.5747251054327265,-286.2055731899667,0.4531044912600181,-6.5747251054327265,-286.2055731899667,6.5,-6.5,0.0,0.0,10.0,0,0.5,0.0,0.0,4.0,4.0,4.0,6.5747222900390625,6.5747222900390625,6.574725151062012,6.574725151062012,0.42641401290893555,0.42424020171165466,-6.4799017906188965,-6.972168922424316,0.0,0.0,0.0,0.0,nan,nan,20.09006690979004,20.09006690979004,40.18013381958008,0.0,8.60981559753418,0.4526422917842865,0.0,0.0,0.0,0.4526422917842865,0.0,8.60981559753418,0.0,0.0,0.0,-0.910881519317627,-3.618217706680298,7.772554397583008,0.0,0.0,0.0,0.0,8.60981559753418,0.4526422917842865,0.0,0.0,0.0,0.4526422917842865,0.0,8.60981559753418,-0.0,-0.0,-0.0,-0.8855011463165283,-3.9184110164642334,7.628613471984863,0.0,0.0,0.0,2.9802322387695312e-08,0.0,0.6000000238418579,-2.086162567138672e-07,0.05600002408027649,0.6000000238418579,-1.4156103134155273e-07,-0.055999964475631714,0.5999999642372131,-1.7963826656341553,-7.536628723144531,15.401167869567871,0.0,0.0,0.0,0.008060932159423828,3.213166110072052e-06,0.001422889530658722,12.175577163696289,12.413888931274414,29.158050537109375,29.324356079101562,0.6711705327033997,0.6523953676223755,0.32882943749427795,0.3476046323776245,0.0,0.0,0.404153436422348,0.404153436422348,6.471405506134033,6.471405506134033,3.8379812240600586,3.8379812240600586,1.4532002210617065,1.4532002210617065,0.05424624681472778,0.05424624681472778,-0.06069454178214073,-0.06069454178214073,0.4526422917842865,0.4526422917842865,0.5288505554199219,0.5288505554199219,0.0367615669965744,0.0367615669965744,0.211294487118721,0.211294487118721,40.23005294799805,40.23005294799805,18.22869873046875,18.22869873046875,28.22869873046875,28.22869873046875,10.0,10.0,0.0,0.0,180.0
126,0.525,0.42327769145697264,-7.72905290970085,-267.36533545514754,0.42327769145697264,-7.72905290970085,-267.36533545514754,6.5,-6.5,0.0,0.0,10.0,0,0.5,0.0,0.0,4.0,4.0,4.0,7.729051113128662,7.729050159454346,7.729053020477295,7.729053020477295,0.39229339361190796,0.3900485634803772,-7.423577308654785,-7.931920528411865,0.0,0.0,0.0,0.0,nan,nan,24.80949592590332,24.80949592590332,49.61899185180664,0.0,8.8551025390625,0.3738372325897217,0.0,0.0,0.0,0.3738372325897217,0.0,8.8551025390625,0.0,0.0,0.0,-1.0457897186279297,-3.480010747909546,8.08383846282959,0.0,0.0,0.0,0.0,8.8551025390625,0.3738372325897217,0.0,0.0,0.0,0.3738372325897217,0.0,8.8551025390625,-0.0,-0.0,-0.0,-1.0212970972061157,-3.793102502822876,7.944930553436279,0.0,0.0,0.0,2.9802322387695312e-08,0.0,0.6000000238418579,-2.9802322387695312e-08,0.05600002408027649,0.6000000238418579,-1.1175870895385742e-07,-0.055999964475631714,0.6000000238418579,-2.067086696624756,-7.273113250732422,16.02876853942871,0.0,0.0,0.0,0.007779330015182495,1.6065268937381916e-06,0.0013723932206630707,14.35306167602539,14.57370662689209,34.19845199584961,34.33366775512695,0.5769660472869873,0.5769660472869873,0.4230339229106903,0.4230339229106903,0.0,0.0,0.517386257648468,0.517386257648468,7.4288177490234375,7.4288177490234375,3.5853357315063477,3.5853357315063477,1.9591655731201172,1.9591655731201172,0.0625835657119751,0.0625835657119751,-0.06069454178214073,-0.06069454178214073,0.3738372325897217,0.3738372325897217,0.5288505554199219,0.5288505554199219,0.0665883794426918,0.0665883794426918,0.241121307015419,0.241121307015419,47.293270111083984,47.293270111083984,22.36082649230957,22.36082649230957,32.3608283996582,32.3608283996582,10.0,10.0,0.0,0.0,180.0
127,0.5291666666666667,0.3888133726897726,-8.798699592882008,-245.5957871552881,0.3888133726897726,-8.798699592882008,-245.5957871552881,6.5,-6.5,0.0,0.0,10.0,0,0.5,0.0,0.0,4.0,4.0,4.0,8.798699378967285,8.798697471618652,8.798699378967285,8.798699378967285,0.3538963198661804,0.35156184434890747,-8.281018257141113,-8.80966567993164,0.0,0.0,0.0,0.0,nan,nan,29.972198486328125,29.972198486328125,59.94439697265625,0.0,9.159899711608887,0.28984904289245605,0.0,0.0,0.0,0.28984904289245605,0.0,9.159899711608887,0.0,0.0,0.0,-1.1978418827056885,-3.3074259757995605,8.462498664855957,0.0,0.0,0.0,0.0,9.159899711608887,0.28984904289245605,0.0,0.0,0.0,0.28984904289245605,0.0,9.159899711608887,-0.0,-0.0,-0.0,-1.174458622932434,-3.636129856109619,8.32988452911377,0.0,0.0,0.0,2.9802322387695312e-08,0.0,0.6000000238418579,-1.4901161193847656e-08,0.05600005388259888,0.6000000238418579,3.725290298461914e-08,-0.0559999942779541,0.6000000238418579,-2.372300624847412,-6.94355583190918,16.792383193969727,0.0,0.0,0.0,0.00742688775062561,3.162407153922686e-07,0.0013096481561660767,16.3487491607666,16.550140380859375,38.389183044433594,38.49869155883789,0.5014724135398865,0.5014724135398865,0.4688880741596222,0.4688880741596222,0.029639502987265587,0.029639502987265587,0.6117570996284485,0.6117570996284485,8.365673065185547,8.365673065185547,3.2934088706970215,3.2934088706970215,2.522287368774414,2.522287368774414,0.07074028253555298,0.07074028253555298,-0.06069454178214073,-0.06069454178214073,0.28984904289245605,0.28984904289245605,0.5288505554199219,0.5288505554199219,0.09484140574932098,0.09484140574932098,0.2693743109703064,0.2693743109703064,53.838321685791016,53.838321685791016,26.1995906829834,26.1995906829834,36.199588775634766,36.199588775634766,10.0,10.0,0.0,0.0,180.0
128,0.5333333333333333,0.350089133246955,-9.77194588207727,-221.13544001713316,0.350089133246955,-9.77194588207727,-221.13544001713316,6.5,-6.5,0.0,0.0,10.0,0,0.5,0.0,0.0,4.0,4.0,4.0,9.771944046020508,9.771944046020508,9.77194595336914,9.77194595336914,0.3116593658924103,0.3091858923435211,-9.039249420166016,-9.599373817443848,0.0,0.0,0.0,0.0,nan,nan,35.60978317260742,35.60978317260742,71.21956634521484,0.0,9.617321014404297,0.27120256423950195,0.0,0.0,0.0,0.27120256423950195,0.0,9.617321014404297,0.0,0.0,0.0,-1.312454342842102,-3.1227736473083496,9.005118370056152,0.0,0.0,0.0,0.0,9.617321014404297,0.27120256423950195,0.0,0.0,0.0,0.27120256423950195,0.0,9.617321014404297,-0.0,-0.0,-0.0,-1.2902419567108154,-3.473106622695923,8.879145622253418,0.0,0.0,0.0,2.9802322387695312e-08,0.0,0.6000000238418579,-2.9802322387695312e-08,0.05600005388259888,0.6000000238418579,-3.725290298461914e-08,-0.0559999942779541,0.5999999642372131,-2.602696418762207,-6.595880508422852,17.88426399230957,0.0,0.0,0.0,0.007054805755615234,1.2090443988199695e-06,0.0012443885207176208,18.113937377929688,18.295137405395508,41.82071304321289,41.908836364746094,0.4637572765350342,0.4637572765350342,0.44769445061683655,0.4333321154117584,0.08854829519987106,0.1029105931520462,0.6496672034263611,0.6496672034263611,9.269046783447266,9.269046783447266,2.9653987884521484,2.9653987884521484,3.126054286956787,3.126054286956787,0.07860427349805832,0.07860427349805832,-0.06069454178214073,-0.06069454178214073,0.27120256423950195,0.27120256423950195,0.5288505554199219,0.5288505554199219,0.12121110409498215,0.12121110409498215,0.29574403166770935,0.29574403166770935,59.79351043701172,59.79351043701172,29.70293617248535,29.70293617248535,39.70293426513672,39.70293426513672,10.0,10.0,0.0,0.0,180.0
129,0.5375,0.30752924399942216,-10.638128687277371,-194.25228672258433,0.30752924399942216,-10.638128687277371,-194.25228672258433,6.5,-6.5,0.0,0.0,10.0,0,0.5,0.0,0.0,4.0,4.0,4.0,10.638124465942383,10.638129234313965,10.638128280639648,10.638128280639648,0.266011506319046,0.2634187638759613,-9.697602272033691,-10.284748077392578,0.0,0.0,0.0,0.0,nan,nan,41.064857482910156,41.064857482910156,82.12971496582031,0.0,10.013639450073242,0.2415873259305954,0.0,0.0,0.0,0.2415873259305954,0.0,10.013639450073242,0.0,0.0,0.0,-1.4292433261871338,-2.8455514907836914,9.496916770935059,0.0,0.0,0.0,0.0,10.013639450073242,0.2415873259305954,0.0,0.0,0.0,0.2415873259305954,0.0,10.013639450073242,-0.0,-0.0,-0.0,-1.4088318347930908,-3.215658187866211,9.381155014038086,0.0,0.0,0.0,2.9802322387695312e-08,0.0,0.6000000238418579,-1.1920928955078125e-07,0.0559999942779541,0.6000000238418579,8.195638656616211e-08,-0.0559999942779541,0.5999999642372131,-2.8380751609802246,-6.061209678649902,18.878070831298828,0.0,0.0,0.0,0.006482481956481934,1.0098584652951104e-06,0.0011432915925979614,19.62998390197754,19.79026222229004,44.59147644042969,44.661685943603516,0.4260307848453522,0.4260307848453522,0.4242304861545563,0.4242304861545563,0.14973872900009155,0.14973872900009155,0.6877620816230774,0.6877620816230774,10.124513626098633,10.124513626098633,2.6048989295959473,2.6048989295959473,3.7503113746643066,3.7503113746643066,0.08605034649372101,0.08605034649372101,-0.06069454178214073,-0.06069454178214073,0.2415873259305954,0.2415873259305954,0.5288505554199219,0.5288505554199219,0.1454085409641266,0.1454085409641266,0.3199414610862732,0.3199414610862732,65.09359741210938,65.09359741210938,32.83247756958008,32.83247756958008,42.83247756958008,42.83247756958008,10.0,10.0,0.0,0.0,180.0
130,0.5416666666666666,0.2616000000000008,-11.387757928408103,-165.24086472479897,0.2616000000000008,-11.387757928408103,-165.24086472479897,6.5,-6.5,0.0,0.0,10.0,0,0.5,0.0,0.0,4.0,4.0,4.0,11.387758255004883,11.3877534866333,11.387758255004883,11.387758255004883,0.21745118498802185,0.21476353704929352,-10.249259948730469,-10.857888221740723,0.0,0.0,0.0,0.0,nan,nan,46.075828552246094,46.075828552246094,92.15165710449219,0.0,10.332786560058594,0.20464488863945007,0.0,0.0,0.0,0.20464488863945007,0.0,10.332786560058594,0.0,0.0,0.0,-1.54035484790802,-2.4782962799072266,9.914318084716797,0.0,0.0,0.0,0.0,10.332786560058594,0.20464488863945007,0.0,0.0,0.0,0.20464488863945007,0.0,10.332786560058594,-0.0,-0.0,-0.0,-1.5223593711853027,-2.865363121032715,9.812261581420898,0.0,0.0,0.0,2.9802322387695312e-08,0.0,0.6000000238418579,0.0,0.05600005388259888,0.5999999642372131,-1.1920928955078125e-07,-0.055999964475631714,0.5999999642372131,-3.062714099884033,-5.343659400939941,19.726579666137695,0.0,0.0,0.0,0.005715727806091309,1.9401627469051164e-06,0.0010083839297294617,20.89377212524414,21.032363891601562,46.79151153564453,46.84650802612305,0.40714818239212036,0.40714818239212036,0.39204591512680054,0.39204591512680054,0.2008059322834015,0.2008059322834015,0.7260963320732117,0.7260963320732117,10.916738510131836,10.916738510131836,2.2158594131469727,2.2158594131469727,4.371974945068359,4.371974945068359,0.09294532239437103,0.09294532239437103,-0.06069454178214073,-0.06069454178214073,0.20464488863945007,0.20464488863945007,0.5288505554199219,0.5288505554199219,0.16716863214969635,0.16716863214969635,0.34170156717300415,0.34170156717300415,69.68050384521484,69.68050384521484,35.55393600463867,35.55393600463867,45.553932189941406,45.553932189941406,10.0,10.0,0.0,0.0,180.0
131,0.5458333333333333,0.21280461165725922,-12.012620510633656,-134.41902923421424,0.21280461165725922,-12.012620510633656,-134.41902923421424,6.5,-6.5,0.0,0.0,10.0,0,0.5,0.0,0.0,4.0,4.0,4.0,12.012619018554688,12.012619018554688,12.01262092590332,12.01262092590332,0.16651737689971924,0.1637464165687561,-10.686599731445312,-11.314092636108398,0.0,0.0,0.0,0.0,nan,nan,50.47099304199219,50.47099304199219,100.94198608398438,0.0,10.613319396972656,0.19067075848579407,0.0,0.0,0.0,0.19067075848579407,0.0,10.613319396972656,0.0,0.0,0.0,-1.620840072631836,-2.039980888366699,10.290299415588379,0.0,0.0,0.0,0.0,10.613319396972656,0.19067075848579407,0.0,0.0,0.0,0.19067075848579407,0.0,10.613319396972656,-0.0,-0.0,-0.0,-1.6057449579238892,-2.4422767162323,10.204693794250488,0.0,0.0,0.0,2.9802322387695312e-08,0.0,0.6000000238418579,0.0,0.05600005388259888,0.6000000238418579,-5.21540641784668e-08,-0.055999964475631714,0.6000000238418579,-3.2265849113464355,-4.482257843017578,20.494993209838867,0.0,0.0,0.0,0.0047948360443115234,1.143014628723904e-06,0.0008457303047180176,21.90996551513672,22.025917053222656,48.49627685546875,48.53810119628906,0.3882429003715515,0.3882429003715515,0.37529096007347107,0.37529096007347107,0.2364661693572998,0.2364661693572998,0.7453657388687134,0.7453657388687134,11.630156517028809,11.630156517028809,1.8025422096252441,1.8025422096252441,4.966104507446289,4.966104507446289,0.09915400296449661,0.09915400296449661,-0.06069454178214073,-0.06069454178214073,0.19067075848579407,0.19067075848579407,0.5288505554199219,0.5288505554199219,0.18625293672084808,0.18625293672084808,0.3607858419418335,0.3607858419418335,73.50397491455078,73.50397491455078,37.83747863769531,37.83747863769531,47.83747863769531,47.83747863769531,10.0,10.0,0.0,0.0,180.0
132,0.55,0.16167769145697186,-12.505870308742262,-102.12447073034859,0.16167769145697186,-12.505870308742262,-102.12447073034859,6.5,-6.5,0.0,0.0,10.0,0,0.5,0.0,0.0,4.0,4.0,4.0,12.505868911743164,12.505866050720215,12.50586986541748,12.505870819091797,0.11376573145389557,0.11092868447303772,-11.005363464355469,-11.647818565368652,0.0,0.0,0.0,0.0,nan,nan,53.98158645629883,53.98158645629883,107.96317291259766,0.0,10.836573600769043,0.20158010721206665,0.0,0.0,0.0,0.20158010721206665,0.0,10.836573600769043,0.0,0.0,0.0,-1.664211630821228,-1.5367048978805542,10.599099159240723,0.0,0.0,0.0,0.0,10.836573600769043,0.20158010721206665,0.0,0.0,0.0,0.20158010721206665,0.0,10.836573600769043,-0.0,-0.0,-0.0,-1.6524648666381836,-1.9514621496200562,10.532479286193848,0.0,0.0,0.0,2.9802322387695312e-08,0.0,0.6000000238418579,-4.470348358154297e-08,0.05600005388259888,0.5999999642372131,-3.725290298461914e-08,-0.055999964475631714,0.5999999642372131,-3.316676616668701,-3.4881670475006104,21.13157844543457,0.0,0.0,0.0,0.0037314295768737793,1.6936414795054588e-06,0.0006582066416740417,22.686660766601562,22.778676986694336,49.765262603759766,49.7954216003418,0.36930710077285767,0.36930710077285767,0.3576928973197937,0.3576928973197937,0.273000031709671,0.273000031709671,0.7453657388687134,0.7453657388687134,12.249711990356445,12.249711990356445,1.3694764375686646,1.3694764375686646,5.507285118103027,5.507285118103027,0.10454556345939636,0.10454556345939636,-0.06069454178214073,-0.06069454178214073,0.20158010721206665,0.20158010721206665,0.5288505554199219,0.5288505554199219,0.2024523764848709,0.2024523764848709,0.3769853115081787,0.3769853115081787,76.5221176147461,76.5221176147461,39.65809631347656,39.65809631347656,49.65810012817383,49.65810012817383,10.0,10.0,0.0,0.0,180.0
133,0.5541666666666667,0.10877939663585166,-12.862103174726665,-68.71101515424297,0.10877939663585166,-12.862103174726665,-68.71101515424297,6.5,-6.5,0.0,0.0,10.0,0,0.5,0.0,0.0,4.0,4.0,4.0,12.862102508544922,12.862101554870605,12.862103462219238,12.862103462219238,0.059755176305770874,0.05690803378820419,-11.206371307373047,-11.85111141204834,0.0,0.0,0.0,0.0,nan,nan,56.19171905517578,56.19171905517578,112.38343811035156,0.0,10.882471084594727,0.18065956234931946,0.0,0.0,0.0,0.18065956234931946,0.0,10.882471084594727,0.0,0.0,0.0,-1.7042558193206787,-0.9714714288711548,10.70572566986084,0.0,0.0,0.0,0.0,10.882471084594727,0.18065956234931946,0.0,0.0,0.0,0.18065956234931946,0.0,10.882471084594727,-0.0,-0.0,-0.0,-1.6963003873825073,-1.390994668006897,10.660605430603027,0.0,0.0,0.0,2.9802322387695312e-08,0.0,0.6000000238418579,-2.9802322387695312e-08,0.05600002408027649,0.5999999642372131,-3.725290298461914e-08,-0.055999964475631714,0.6000000238418579,-3.4005560874938965,-2.3624660968780518,21.366331100463867,0.0,0.0,0.0,0.0025273561477661133,1.4545419162459439e-06,0.0004457607865333557,23.233043670654297,23.2993106842041,50.64280319213867,50.662349700927734,0.36930710077285767,0.36930710077285767,0.33919021487236023,0.33919021487236023,0.2915026843547821,0.2915026843547821,0.7647067308425903,0.7647067308425903,12.761597633361816,12.761597633361816,0.9214061498641968,0.9214061498641968,5.971185684204102,5.971185684204102,0.10899999737739563,0.10899999737739563,-0.06069454178214073,-0.06069454178214073,0.18065956234931946,0.18065956234931946,0.5288505554199219,0.5288505554199219,0.2155894935131073,0.2155894935131073,0.3901224434375763,0.3901224434375763,78.70185852050781,78.70185852050781,40.99584197998047,40.99584197998047,50.9958381652832,50.9958381652832,10.0,10.0,0.0,0.0,180.0
134,0.5583333333333333,0.05468929198163596,-13.077416146760639,-34.544747317402575,0.05468929198163596,-13.077416146760639,-34.544747317402575,6.5,-6.5,0.0,0.0,10.0,0,0.5,0.0,0.0,4.0,4.0,4.0,13.077414512634277,13.077415466308594,13.07741641998291,13.07741641998291,0.005093628074973822,0.0022602227982133627,-11.283767700195312,-11.925395965576172,0.0,0.0,0.0,0.0,nan,nan,57.14447784423828,57.14447784423828,114.28895568847656,0.0,10.84921646118164,0.18645375967025757,0.0,0.0,0.0,0.18645375967025757,0.0,10.84921646118164,0.0,0.0,0.0,-1.6991466283798218,-0.3828795850276947,10.710114479064941,0.0,0.0,0.0,0.0,10.84921646118164,0.18645375967025757,0.0,0.0,0.0,0.18645375967025757,0.0,10.84921646118164,-0.0,-0.0,-0.0,-1.6951533555984497,-0.802978515625,10.687466621398926,0.0,0.0,0.0,2.9802322387695312e-08,0.0,0.6000000238418579,-8.195638656616211e-08,0.05600002408027649,0.5999999642372131,-2.9802322387695312e-08,-0.0559999942779541,0.6000000238418579,-3.3942999839782715,-1.185858130455017,21.397581100463867,0.0,0.0,0.0,0.001268625259399414,1.9352482922840863e-06,0.00022376328706741333,23.5583438873291,23.596214294433594,51.15937042236328,51.168983459472656,0.36930710077285767,0.36930710077285767,0.33919021487236023,0.33919021487236023,0.2915026843547821,0.2915026843547821,0.7647067308425903,0.7647067308425903,13.153922080993652,13.153922080993652,0.46324077248573303,0.46324077248573303,6.336139678955078,6.336139678955078,0.11241394281387329,0.11241394281387329,-0.06069454178214073,-0.06069454178214073,0.18645375967025757,0.18645375967025757,0.5288505554199219,0.5288505554199219,0.2255203127861023,0.2255203127861023,0.4000532031059265,0.4000532031059265,80.01934051513672,80.01934051513672,41.8360595703125,41.8360595703125,51.836063385009766,51.836063385009766,10.0,10.0,0.0,0.0,180.0
135,0.5625,2.8833084239125285e-16,-13.149450210865439,-1.821255264662087e-13,2.8833084239125285e-16,-13.149450210865439,-1.821255264662087e-13,6.5,-6.5,0.0,0.0,10.0,0,0.5,0.0,0.0,4.0,4.0,4.0,13.149449348449707,13.149443626403809,13.14945125579834,13.14945125579834,-0.049637481570243835,-0.05239860713481903,-11.24064826965332,-11.8659086227417,0.0,0.0,0.0,0.0,nan,nan,56.57692337036133,56.57692337036133,113.15384674072266,0.0,10.629439353942871,0.16124562919139862,0.0,0.0,0.0,0.16124562919139862,0.0,10.629439353942871,0.0,0.0,0.0,-1.6866343021392822,0.20610253512859344,10.493987083435059,0.0,0.0,0.0,0.0,10.629439353942871,0.16124562919139862,0.0,0.0,0.0,0.16124562919139862,0.0,10.629439353942871,-0.0,-0.0,-0.0,-1.6866343021392822,-0.20610253512859344,10.493987083435059,0.0,0.0,0.0,2.9802322387695312e-08,0.0,0.6000000238418579,2.9802322387695312e-08,0.05600005388259888,0.5999999642372131,-8.195638656616211e-08,-0.055999934673309326,0.5999999642372131,-3.3732686042785645,0.0,20.987974166870117,0.0,0.0,0.0,1.2516975402832031e-06,1.3738568895860226e-06,2.2351741790771484e-07,23.677425384521484,23.67742347717285,51.332786560058594,51.33278274536133,0.36930710077285767,0.36930710077285767,0.33919021487236023,0.33919021487236023,0.2915026843547821,0.2915026843547821,0.7841192483901978,0.7841192483901978,13.417312622070312,13.417312622070312,2.4422805900044253e-15,2.4422805900044253e-15,6.584644317626953,6.584644317626953,0.1147058755159378,0.1147058755159378,-0.06069454178214073,-0.06069454178214073,0.16124562919139862,0.16124562919139862,0.5288505554199219,0.5288505554199219,0.2321360558271408,0.2321360558271408,0.4066689908504486,0.4066689908504486,80.4601058959961,80.4601058959961,42.169532775878906,42.169532775878906,52.169532775878906,52.169532775878906,10.0,10.0,0.0,0.0,180.0
136,0.5666666666666667,-0.054689291981635385,-13.07741614676064,34.54474731740221,-0.054689291981635385,-13.07741614676064,34.54474731740221,6.5,-6.5,0.0,0.0,10.0,0,0.5,0.0,0.0,4.0,4.0,4.0,13.077414512634277,13.077414512634277,13.07741641998291,13.07741641998291,-0.10382247716188431,-0.10648562014102936,-11.073860168457031,-11.676928520202637,0.0,0.0,0.0,0.0,nan,nan,54.67561721801758,54.67561721801758,109.35123443603516,0.0,10.324211120605469,0.1628633737564087,0.0,0.0,0.0,0.1628633737564087,0.0,10.324211120605469,0.0,0.0,0.0,-1.6274689435958862,0.7641215920448303,10.16775894165039,0.0,0.0,0.0,0.0,10.324211120605469,0.1628633737564087,0.0,0.0,0.0,0.1628633737564087,0.0,10.324211120605469,-0.0,-0.0,-0.0,-1.631268858909607,0.3643516004085541,10.189311027526855,0.0,0.0,0.0,2.9802322387695312e-08,0.0,0.6000000238418579,-2.9802322387695312e-08,0.05600002408027649,0.5999999642372131,2.9802322387695312e-08,-0.0559999942779541,0.5999999642372131,-3.258737802505493,1.128473162651062,20.357070922851562,0.0,0.0,0.0,-0.0012065768241882324,8.002815548024955e-07,-0.00021278858184814453,23.596214294433594,23.5583438873291,51.168983459472656,51.15937423706055,0.36930710077285767,0.36930710077285767,0.33919021487236023,0.33919021487236023,0.2915026843547821,0.2915026843547821,0.7841192483901978,0.7841192483901978,13.545368194580078,13.545368194580078,-0.46324077248573303,-0.46324077248573303,6.70458984375,6.70458984375,0.11582017689943314,0.11582017689943314,-0.06069454178214073,-0.06069454178214073,0.1628633737564087,0.1628633737564087,0.5288505554199219,0.5288505554199219,0.23536424338817596,0.23536424338817596,0.4098971486091614,0.4098971486091614,80.01934051513672,80.01934051513672,41.99262619018555,41.99262619018555,51.99262237548828,51.99262237548828,10.0,10.0,0.0,0.0,180.0
137,0.5708333333333333,-0.1087793966358511,-12.862103174726666,68.71101515424262,-0.1087793966358511,-12.862103174726666,68.71101515424262,6.5,-6.5,0.0,0.0,10.0,0,0.5,0.0,0.0,4.0,4.0,4.0,12.862101554870605,12.862100601196289,12.862103462219238,12.862103462219238,-0.15687571465969086,-0.15940020978450775,-10.787040710449219,-11.35871696472168,0.0,0.0,0.0,0.0,nan,nan,51.4472541809082,51.4472541809082,102.8945083618164,0.0,9.88767147064209,0.16286776959896088,0.0,0.0,0.0,0.16286776959896088,0.0,9.88767147064209,0.0,0.0,0.0,-1.5424939393997192,1.2638397216796875,9.685866355895996,0.0,0.0,0.0,0.0,9.88767147064209,0.16286776959896088,0.0,0.0,0.0,0.16286776959896088,0.0,9.88767147064209,-0.0,-0.0,-0.0,-1.549722671508789,0.8826661109924316,9.726861000061035,0.0,0.0,0.0,2.9802322387695312e-08,0.0,0.6000000238418579,-5.21540641784668e-08,0.05600002408027649,0.5999999642372131,-1.4901161193847656e-08,-0.0559999942779541,0.5999999642372131,-3.0922164916992188,2.146505832672119,19.41272735595703,0.0,0.0,0.0,-0.002295255661010742,1.4129536793916486e-06,-0.00040490180253982544,23.2993106842041,23.233043670654297,50.662353515625,50.642799377441406,0.36930710077285767,0.36930710077285767,0.33919021487236023,0.33919021487236023,0.2915026843547821,0.2915026843547821,0.7841192483901978,0.7841192483901978,13.534982681274414,13.534982681274414,-0.9214061498641968,-0.9214061498641968,6.690123081207275,6.690123081207275,0.11572983860969543,0.11572983860969543,-0.06069454178214073,-0.06069454178214073,0.16286776959896088,0.16286776959896088,0.5288505554199219,0.5288505554199219,0.23516948521137238,0.23516948521137238,0.4097024202346802,0.4097024202346802,78.70185852050781,78.70185852050781,41.3072624206543,41.3072624206543,51.3072624206543,51.3072624206543,10.0,10.0,0.0,0.0,180.0
138,0.575,-0.1616776914569713,-12.505870308742267,102.12447073034825,-0.1616776914569713,-12.505870308742267,102.12447073034825,6.5,-6.5,0.0,0.0,10.0,0,0.5,0.0,0.0,4.0,4.0,4.0,12.505867958068848,12.505864143371582,12.50586986541748,12.50586986541748,-0.20821523666381836,-0.21056336164474487,-10.38318157196045,-10.91491413116455,0.0,0.0,0.0,0.0,nan,nan,47.068946838378906,47.068946838378906,94.13789367675781,0.0,9.329092025756836,0.16125866770744324,0.0,0.0,0.0,0.16125866770744324,0.0,9.329092025756836,0.0,0.0,0.0,-1.4346821308135986,1.6799927949905396,9.065167427062988,0.0,0.0,0.0,0.0,9.329092025756836,0.16125866770744324,0.0,0.0,0.0,0.16125866770744324,0.0,9.329092025756836,-0.0,-0.0,-0.0,-1.4447951316833496,1.3229334354400635,9.122520446777344,0.0,0.0,0.0,2.9802322387695312e-08,0.0,0.6000000238418579,-7.450580596923828e-08,0.05600005388259888,0.5999999642372131,-1.1920928955078125e-07,-0.055999934673309326,0.5999999642372131,-2.8794772624969482,3.0029263496398926,18.187686920166016,0.0,0.0,0.0,-0.0032104849815368652,2.4765622583799995e-06,-0.000566527247428894,22.77867889404297,22.686660766601562,49.7954216003418,49.765262603759766,0.36930710077285767,0.36930710077285767,0.3576928973197937,0.3576928973197937,0.273000031709671,0.273000031709671,0.7841192483901978,0.7841192483901978,13.38650131225586,13.38650131225586,-1.3694764375686646,-1.3694764375686646,6.542076110839844,6.542076110839844,0.11443784087896347,0.11443784087896347,-0.06069454178214073,-0.06069454178214073,0.16125866770744324,0.16125866770744324,0.5288505554199219,0.5288505554199219,0.23155389726161957,0.23155389726161957,0.40608686208724976,0.40608686208724976,76.5221176147461,76.5221176147461,40.1209602355957,40.1209602355957,50.1209602355957,50.1209602355957,10.0,10.0,0.0,0.0,180.0
139,0.5791666666666666,-0.21280461165725784,-12.012620510633672,134.41902923421335,-0.21280461165725784,-12.012620510633672,134.41902923421335,6.5,-6.5,0.0,0.0,10.0,0,0.5,0.0,0.0,4.0,4.0,4.0,12.012619018554688,12.012617111206055,12.01262092590332,12.01262092590332,-0.2572702467441559,-0.25942274928092957,-9.86483097076416,-10.352259635925293,0.0,0.0,0.0,0.0,nan,nan,41.85786437988281,41.85786437988281,83.71572875976562,0.0,8.706222534179688,0.18648192286491394,0.0,0.0,0.0,0.18648192286491394,0.0,8.706222534179688,0.0,0.0,0.0,-1.2875946760177612,2.0034265518188477,8.37624454498291,0.0,0.0,0.0,0.0,8.706222534179688,0.18648192286491394,0.0,0.0,0.0,0.18648192286491394,0.0,8.706222534179688,-0.0,-0.0,-0.0,-1.2999769449234009,1.673418641090393,8.446468353271484,0.0,0.0,0.0,2.9802322387695312e-08,0.0,0.6000000238418579,-1.043081283569336e-07,0.05600002408027649,0.5999999642372131,-2.9802322387695312e-08,-0.055999964475631714,0.5999999642372131,-2.587571620941162,3.676845073699951,16.822711944580078,0.0,0.0,0.0,-0.003931820392608643,1.7810218650993193e-06,-0.0006936937570571899,22.025917053222656,21.90996551513672,48.53810119628906,48.49627685546875,0.3882429003715515,0.3882429003715515,0.37529096007347107,0.37529096007347107,0.2364661693572998,0.2364661693572998,0.7647067308425903,0.7647067308425903,13.103694915771484,13.103694915771484,-1.8025422096252441,-1.8025422096252441,6.267895221710205,6.267895221710205,0.1119769960641861,0.1119769960641861,-0.06069454178214073,-0.06069454178214073,0.18648192286491394,0.18648192286491394,0.5288505554199219,0.5288505554199219,0.22455717623233795,0.22455717623233795,0.39909011125564575,0.39909011125564575,73.50397491455078,73.50397491455078,38.44671630859375,38.44671630859375,48.44671630859375,48.44671630859375,10.0,10.0,0.0,0.0,180.0
140,0.5833333333333334,-0.2616000000000003,-11.38775792840811,165.24086472479866,-0.2616000000000003,-11.38775792840811,165.24086472479866,6.5,-6.5,0.0,0.0,10.0,0,0.5,0.0,0.0,4.0,4.0,4.0,11.3877534866333,11.38775634765625,11.387758255004883,11.3877592086792,-0.3035165071487427,-0.3054298758506775,-9.240653991699219,-9.673924446105957,0.0,0.0,0.0,0.0,nan,nan,35.9595947265625,35.9595947265625,71.919189453125,0.0,7.945261001586914,0.18069784343242645,0.0,0.0,0.0,0.18069784343242645,0.0,7.945261001586914,0.0,0.0,0.0,-1.1476138830184937,2.2032835483551025,7.549062728881836,0.0,0.0,0.0,0.0,7.945261001586914,0.18069784343242645,0.0,0.0,0.0,0.18069784343242645,0.0,7.945261001586914,-0.0,-0.0,-0.0,-1.1614511013031006,1.9056533575057983,7.627538681030273,0.0,0.0,0.0,2.9802322387695312e-08,0.0,0.6000000238418579,-1.564621925354004e-07,0.0559999942779541,0.5999999642372131,-8.940696716308594e-08,-0.055999964475631714,0.5999999642372131,-2.3090648651123047,4.108936786651611,15.17660140991211,0.0,0.0,0.0,-0.004394173622131348,2.4530268092348706e-06,-0.0007754862308502197,21.032363891601562,20.893775939941406,46.84650802612305,46.79151916503906,0.40714818239212036,0.40714818239212036,0.39204591512680054,0.39204591512680054,0.2008059322834015,0.2008059322834015,0.7647067308425903,0.7647067308425903,12.69357681274414,12.69357681274414,-2.2158594131469727,-2.2158594131469727,5.8810858726501465,5.8810858726501465,0.10840825736522675,0.10840825736522675,-0.06069454178214073,-0.06069454178214073,0.18069784343242645,0.18069784343242645,0.5288505554199219,0.5288505554199219,0.2142559140920639,0.2142559140920639,0.3887888491153717,0.3887888491153717,69.68050384521484,69.68050384521484,36.30286407470703,36.30286407470703,46.30286407470703,46.30286407470703,10.0,10.0,0.0,0.0,180.0
141,0.5875,-0.3075292439994217,-10.63812868727738,194.25228672258405,-0.3075292439994217,-10.63812868727738,194.25228672258405,6.5,-6.5,0.0,0.0,10.0,0,0.5,0.0,0.0,4.0,4.0,4.0,10.638124465942383,10.638128280639648,10.638127326965332,10.638128280639648,-0.3464314639568329,-0.348096638917923,-8.513886451721191,-8.890948295593262,0.0,0.0,0.0,0.0,nan,nan,29.83804702758789,29.83804702758789,59.67609405517578,0.0,7.1533918380737305,0.20164155960083008,0.0,0.0,0.0,0.20164155960083008,0.0,7.1533918380737305,0.0,0.0,0.0,-0.9778009653091431,2.297152519226074,6.706613540649414,0.0,0.0,0.0,0.0,7.1533918380737305,0.20164155960083008,0.0,0.0,0.0,0.20164155960083008,0.0,7.1533918380737305,-0.0,-0.0,-0.0,-0.9923824667930603,2.032762289047241,6.789309501647949,0.0,0.0,0.0,2.9802322387695312e-08,0.0,0.6000000238418579,-1.341104507446289e-07,0.0559999942779541,0.5999999642372131,-4.470348358154297e-08,-0.05600002408027649,0.5999999642372131,-1.9701833724975586,4.3299150466918945,13.495923042297363,0.0,0.0,0.0,-0.004630923271179199,1.7225746660187724e-06,-0.0008171200752258301,19.79026222229004,19.629981994628906,44.66168212890625,44.59147644042969,0.4260307848453522,0.4260307848453522,0.4242304861545563,0.4242304861545563,0.14973872900009155,0.14973872900009155,0.7453657388687134,0.7453657388687134,12.166044235229492,12.166044235229492,-2.6048989295959473,-2.6048989295959473,5.40023946762085,5.40023946762085,0.10381771624088287,0.10381771624088287,-0.06069454178214073,-0.06069454178214073,0.20164155960083008,0.20164155960083008,0.5288505554199219,0.5288505554199219,0.20076295733451843,0.20076295733451843,0.37529587745666504,0.37529587745666504,65.09359741210938,65.09359741210938,33.71289825439453,33.71289825439453,43.71289825439453,43.71289825439453,10.0,10.0,0.0,0.0,180.0
142,0.5916666666666667,-0.3500891332469546,-9.771945882077281,221.13544001713294,-0.3500891332469546,-9.771945882077281,221.13544001713294,6.5,-6.5,0.0,0.0,10.0,0,0.5,0.0,0.0,4.0,4.0,4.0,9.771944046020508,9.771944046020508,9.77194595336914,9.77194595336914,-0.38555681705474854,-0.3869435489177704,-7.695195198059082,-8.009211540222168,0.0,0.0,0.0,0.0,nan,nan,23.68008041381836,23.68008041381836,47.36016082763672,0.0,6.266811370849609,0.19074222445487976,0.0,0.0,0.0,0.19074222445487976,0.0,6.266811370849609,0.0,0.0,0.0,-0.8269345760345459,2.2631359100341797,5.788238525390625,0.0,0.0,0.0,0.0,6.266811370849609,0.19074222445487976,0.0,0.0,0.0,0.19074222445487976,0.0,6.266811370849609,-0.0,-0.0,-0.0,-0.8414087891578674,2.0348527431488037,5.870324611663818,0.0,0.0,0.0,2.9802322387695312e-08,0.0,0.6000000238418579,-1.6391277313232422e-07,0.0559999942779541,0.5999999642372131,-5.960464477539063e-08,-0.05600002408027649,0.6000000238418579,-1.6683433055877686,4.2979888916015625,11.658563613891602,0.0,0.0,0.0,-0.0045968592166900635,1.6954062402874115e-06,-0.0008112043142318726,18.29513931274414,18.113937377929688,41.908851623535156,41.82071304321289,0.4637572765350342,0.4637572765350342,0.4333321154117584,0.44769445061683655,0.1029105931520462,0.08854829519987106,0.7453657388687134,0.7453657388687134,11.53339672088623,11.53339672088623,-2.9653987884521484,-2.9653987884521484,4.847716331481934,4.847716331481934,0.09831226617097855,0.09831226617097855,-0.06069454178214073,-0.06069454178214073,0.19074222445487976,0.19074222445487976,0.5288505554199219,0.5288505554199219,0.18422618508338928,0.18422618508338928,0.3587591052055359,0.3587591052055359,59.79351043701172,59.79351043701172,30.705198287963867,30.705198287963867,40.705196380615234,40.705196380615234,10.0,10.0,0.0,0.0,180.0
143,0.5958333333333333,-0.3888133726897723,-8.798699592882018,245.5957871552879,-0.3888133726897723,-8.798699592882018,245.5957871552879,6.5,-6.5,0.0,0.0,10.0,0,0.5,0.0,0.0,4.0,4.0,4.0,8.798696517944336,8.798697471618652,8.798699378967285,8.798699378967285,-0.4204488694667816,-0.4215601682662964,-6.790133953094482,-7.041780948638916,0.0,0.0,0.0,0.0,nan,nan,17.911792755126953,17.911792755126953,35.823585510253906,0.0,5.388915061950684,0.20474624633789062,0.0,0.0,0.0,0.20474624633789062,0.0,5.388915061950684,0.0,0.0,0.0,-0.6572490930557251,2.1391921043395996,4.9065470695495605,0.0,0.0,0.0,0.0,5.388915061950684,0.20474624633789062,0.0,0.0,0.0,0.20474624633789062,0.0,5.388915061950684,-0.0,-0.0,-0.0,-0.6710058450698853,1.9458112716674805,4.984565734863281,0.0,0.0,0.0,2.9802322387695312e-08,0.0,0.6000000238418579,-1.1175870895385742e-07,0.05600005388259888,0.5999999642372131,4.470348358154297e-08,-0.05600002408027649,0.6000000238418579,-1.3282549381256104,4.08500337600708,9.89111328125,0.0,0.0,0.0,-0.0043687522411346436,6.594751766897389e-07,-0.0007706321775913239,16.550140380859375,16.3487491607666,38.49869918823242,38.389183044433594,0.5014724135398865,0.5014724135398865,0.4688880741596222,0.4688880741596222,0.029639502987265587,0.029639502987265587,0.7260963320732117,0.7260963320732117,10.809706687927246,10.809706687927246,-3.2934088706970215,-3.2934088706970215,4.248120307922363,4.248120307922363,0.09201421588659286,0.09201421588659286,-0.06069454178214073,-0.06069454178214073,0.20474624633789062,0.20474624633789062,0.5288505554199219,0.5288505554199219,0.16482675075531006,0.16482675075531006,0.33935967087745667,0.33935967087745667,53.838321685791016,53.838321685791016,27.312719345092773,27.312719345092773,37.312721252441406,37.312721252441406,10.0,10.0,0.0,0.0,180.0
144,0.6,-0.4232776914569723,-7.729052909700862,267.3653354551473,-0.4232776914569723,-7.729052909700862,267.3653354551473,6.5,-6.5,0.0,0.0,10.0,0,0.5,0.0,0.0,4.0,4.0,4.0,7.729052543640137,7.729052543640137,7.729053020477295,7.729053020477295,-0.4507245123386383,-0.4515678882598877,-5.808452129364014,-5.999427795410156,0.0,0.0,0.0,0.0,nan,nan,12.7730712890625,12.7730712890625,25.546142578125,0.0,4.534917831420898,0.24175573885440826,0.0,0.0,0.0,0.24175573885440826,0.0,4.534917831420898,0.0,0.0,0.0,-0.4734913110733032,1.9425424337387085,4.077530860900879,0.0,0.0,0.0,0.0,4.534917831420898,0.24175573885440826,0.0,0.0,0.0,0.24175573885440826,0.0,4.534917831420898,-0.0,-0.0,-0.0,-0.48603489995002747,1.782200574874878,4.148669242858887,0.0,0.0,0.0,2.9802322387695312e-08,0.0,0.6000000238418579,-7.450580596923828e-09,0.05600002408027649,0.5999999642372131,2.9802322387695312e-08,-0.05600002408027649,0.6000000238418579,-0.9595261812210083,3.724742889404297,8.226200103759766,0.0,0.0,0.0,-0.003983646631240845,1.801221287678345e-07,-0.0007025133818387985,14.57370662689209,14.35306167602539,34.33366775512695,34.19845199584961,0.5769660472869873,0.5769660472869873,0.4230339229106903,0.4230339229106903,0.0,0.0,0.6877620816230774,0.6877620816230774,10.010128021240234,10.010128021240234,-3.5853357315063477,-3.5853357315063477,3.626706600189209,3.626706600189209,0.08505524694919586,0.08505524694919586,-0.06069454178214073,-0.06069454178214073,0.24175573885440826,0.24175573885440826,0.5288505554199219,0.5288505554199219,0.1427772045135498,0.1427772045135498,0.3173101246356964,0.3173101246356964,47.293270111083984,47.293270111083984,23.5726261138916,23.5726261138916,33.572628021240234,33.572628021240234,10.0,10.0,0.0,0.0,180.0
145,0.6041666666666666,-0.4531044912600178,-6.57472510543274,286.20557318996646,-0.4531044912600178,-6.57472510543274,286.20557318996646,6.5,-6.5,0.0,0.0,10.0,0,0.5,0.0,0.0,4.0,4.0,4.0,6.574722766876221,6.574725151062012,6.574725151062012,6.574725151062012,-0.4760573208332062,-0.47663286328315735,-4.762073993682861,-4.892402648925781,0.0,0.0,0.0,0.0,nan,nan,8.395109176635742,8.395109176635742,16.790218353271484,0.0,3.6833534240722656,0.2714579105377197,0.0,0.0,0.0,0.2714579105377197,0.0,3.6833534240722656,0.0,0.0,0.0,-0.3021935224533081,1.6763302087783813,3.2770988941192627,0.0,0.0,0.0,0.0,3.6833534240722656,0.2714579105377197,0.0,0.0,0.0,0.2714579105377197,0.0,3.6833534240722656,-0.0,-0.0,-0.0,-0.31305167078971863,1.5479050874710083,3.3386778831481934,0.0,0.0,0.0,2.9802322387695312e-08,0.0,0.6000000238418579,-7.450580596923828e-08,0.0559999942779541,0.5999999642372131,-1.4901161193847656e-08,-0.0559999942779541,0.5999999642372131,-0.6152452230453491,3.2242352962493896,6.615777015686035,0.0,0.0,0.0,-0.0034482330083847046,5.277500463307661e-07,-0.0006083007901906967,12.413888931274414,12.175577163696289,29.324356079101562,29.158050537109375,0.6523953676223755,0.6711705327033997,0.3476046323776245,0.32882943749427795,0.0,0.0,0.6496672034263611,0.6496672034263611,9.15014934539795,9.15014934539795,-3.8379812240600586,-3.8379812240600586,3.0078744888305664,3.0078744888305664,0.077569879591465,0.077569879591465,-0.06069454178214073,-0.06069454178214073,0.2714579105377197,0.2714579105377197,0.5288505554199219,0.5288505554199219,0.11831912398338318,0.11831912398338318,0.2928520441055298,0.2928520441055298,40.23005294799805,40.23005294799805,19.52588653564453,19.52588653564453,29.52588653564453,29.52588653564453,10.0,10.0,0.0,0.0,180.0
146,0.6083333333333333,-0.47796698343860855,-5.348363237059797,301.9100827725501,-0.47796698343860855,-5.348363237059797,301.9100827725501,6.5,-6.5,0.0,0.0,10.0,0,0.5,0.0,0.0,4.0,4.0,4.0,5.348361492156982,5.348361492156982,5.348363399505615,5.348363399505615,-0.4961687922477722,-0.49648118019104004,-3.662283420562744,-3.7330121994018555,0.0,0.0,0.0,0.0,nan,nan,4.89777946472168,4.89777946472168,9.79555892944336,0.0,2.8492157459259033,0.29020583629608154,0.0,0.0,0.0,0.29020583629608154,0.0,2.8492157459259033,0.0,0.0,0.0,-0.14902058243751526,1.359375,2.5163748264312744,0.0,0.0,0.0,0.0,2.8492157459259033,0.29020583629608154,0.0,0.0,0.0,0.29020583629608154,0.0,2.8492157459259033,-0.0,-0.0,-0.0,-0.1578461080789566,1.2612662315368652,2.5664258003234863,0.0,0.0,0.0,2.9802322387695312e-08,0.0,0.6000000238418579,-9.685754776000977e-08,0.0559999942779541,0.5999999046325684,-1.4901161193847656e-08,-0.05600002408027649,0.6000000238418579,-0.30686670541763306,2.6206412315368652,5.08280086517334,0.0,0.0,0.0,-0.0028027743101119995,4.5121655034563446e-07,-0.0004944633692502975,10.17722225189209,9.924577713012695,23.425678253173828,23.22127342224121,0.7991940975189209,0.8165895342826843,0.2008059322834015,0.1834104359149933,0.0,0.0,0.6117570996284485,0.6117570996284485,8.24485969543457,8.24485969543457,-4.048576831817627,-4.048576831817627,2.4138782024383545,2.4138782024383545,0.06968912482261658,0.06968912482261658,-0.06069454178214073,-0.06069454178214073,0.29020583629608154,0.29020583629608154,0.5288505554199219,0.5288505554199219,0.09172048419713974,0.09172048419713974,0.26625341176986694,0.26625341176986694,32.726078033447266,32.726078033447266,15.216852188110352,15.216852188110352,25.21685218811035,25.21685218811035,10.0,10.0,0.0,0.0,180.0
147,0.6125,-0.4975927693256246,-4.063403581844642,314.30680230953124,-0.4975927693256246,-4.063403581844642,314.30680230953124,6.5,-6.5,0.0,0.0,10.0,0,0.5,0.0,0.0,4.0,4.0,4.0,4.063403606414795,4.0634026527404785,4.063403606414795,4.063403606414795,-0.5108264684677124,-0.5109077095985413,-2.518340826034546,-2.536748170852661,0.0,0.0,0.0,0.0,nan,nan,2.417026996612549,2.417026996612549,4.834053993225098,0.0,2.1182444095611572,0.3745098114013672,0.0,0.0,0.0,0.3745098114013672,0.0,2.1182444095611572,0.0,0.0,0.0,0.04906197264790535,1.0469639301300049,1.8784772157669067,0.0,0.0,0.0,0.0,2.1182444095611572,0.3745098114013672,0.0,0.0,0.0,0.3745098114013672,0.0,2.1182444095611572,-0.0,-0.0,-0.0,0.04225350171327591,0.9747805595397949,1.9170900583267212,0.0,0.0,0.0,2.9802322387695312e-08,0.0,0.6000000238418579,2.2351741790771484e-08,0.05600002408027649,0.6000000238418579,4.470348358154297e-08,-0.05600002408027649,0.6000000238418579,0.09131547808647156,2.0217444896698,3.795567274093628,0.0,0.0,0.0,-0.0021623224020004272,-1.4571122086692867e-08,-0.00038126809522509575,8.09665298461914,7.838230133056641,16.714324951171875,16.460233688354492,0.9789295792579651,0.9861956834793091,0.021070441231131554,0.013804304413497448,0.0,0.0,0.517386257648468,0.517386257648468,7.308269023895264,7.308269023895264,-4.214815139770508,-4.214815139770508,1.8638594150543213,1.8638594150543213,0.061534538865089417,0.061534538865089417,-0.06069454178214073,-0.06069454178214073,0.3745098114013672,0.3745098114013672,0.5288505554199219,0.5288505554199219,0.06327269971370697,0.06327269971370697,0.23780560493469238,0.23780560493469238,24.863542556762695,24.863542556762695,10.692728042602539,10.692728042602539,20.69272804260254,20.69272804260254,10.0,10.0,0.0,0.0,180.0
148,0.6166666666666667,-0.5117668247039271,-2.7339244266649754,323.2599107474819,-0.5117668247039271,-2.7339244266649754,323.2599107474819,6.5,-6.5,0.0,0.0,10.0,0,0.5,0.0,0.0,4.0,4.0,4.0,2.733924388885498,2.73392391204834,2.733924388885498,2.733924388885498,-0.519885241985321,-0.5197385549545288,-1.346366286277771,-1.313131332397461,0.0,0.0,0.0,0.0,nan,nan,0.8105379343032837,0.8105379343032837,1.6210758686065674,0.0,1.401526689529419,0.4537746012210846,0.0,0.0,0.0,0.4537746012210846,0.0,1.401526689529419,0.0,0.0,0.0,0.2370404154062271,0.7099176645278931,1.2688645124435425,0.0,0.0,0.0,0.0,1.401526689529419,0.4537746012210846,0.0,0.0,0.0,0.4537746012210846,0.0,1.401526689529419,-0.0,-0.0,-0.0,0.23241853713989258,0.6625304222106934,1.295076608657837,0.0,0.0,0.0,2.9802322387695312e-08,0.0,0.6000000238418579,2.2351741790771484e-08,0.05600002408027649,0.5999999642372131,-2.9802322387695312e-08,-0.0559999942779541,0.5999999642372131,0.4694589376449585,1.3724480867385864,2.56394100189209,0.0,0.0,0.0,-0.0014677569270133972,5.866442620572343e-08,-0.0002588769420981407,6.722378253936768,6.487066268920898,9.880812644958496,9.878145217895508,1.0,1.0,0.0,0.0,0.0,0.0,0.404153436422348,0.404153436422348,6.35275936126709,6.35275936126709,-4.334875583648682,-4.334875583648682,1.37327241897583,1.37327241897583,0.05321352183818817,0.05321352183818817,-0.06069454178214073,-0.06069454178214073,0.4537746012210846,0.4537746012210846,0.5288505554199219,0.5288505554199219,0.03328744322061539,0.03328744322061539,0.2078203558921814,0.2078203558921814,16.72859764099121,16.72859764099121,6.003077030181885,6.003077030181885,16.003076553344727,16.003076553344727,10.0,10.0,0.0,0.0,180.0
149,0.6208333333333333,-0.5203338556566807,-1.3744918233562786,328.6713159567981,-0.5203338556566807,-1.3744918233562786,328.6713159567981,6.5,-6.5,0.0,0.0,10.0,0,0.5,0.0,0.0,4.0,4.0,4.0,1.3744913339614868,1.3744912147521973,1.3744916915893555,1.374491810798645,-0.5232471227645874,-0.5228762626647949,-0.10173329710960388,-0.07539695501327515,0.0,0.0,0.0,0.0,nan,nan,0.03501271456480026,0.03501271456480026,0.07002542912960052,0.0,0.7027353048324585,0.6007848978042603,0.0,0.0,0.0,0.6007848978042603,0.0,0.7027353048324585,0.0,0.0,0.0,0.48697566986083984,0.36113542318344116,0.698008120059967,0.0,0.0,0.0,0.0,0.7027353048324585,0.6007848978042603,0.0,0.0,0.0,0.6007848978042603,0.0,0.7027353048324585,-0.0,-0.0,-0.0,0.48462292551994324,0.3374902904033661,0.7113510370254517,0.0,0.0,0.0,2.9802322387695312e-08,0.0,0.6000000238418579,-1.341104507446289e-07,0.05600002408027649,0.5999999642372131,-8.940696716308594e-08,-0.055999964475631714,0.6000000238418579,0.9715986251831055,0.6986256837844849,1.4093592166900635,0.0,0.0,0.0,-0.000747140496969223,1.7018608389207657e-07,-0.00013188272714614868,7.289804458618164,7.17263126373291,9.940319061279297,9.938973426818848,1.0,1.0,0.0,0.0,0.0,0.0,0.19718828797340393,0.19718828797340393,5.38871955871582,5.38871955871582,-4.40744161605835,-4.40744161605835,0.9537029266357422,0.9537029266357422,0.04481609910726547,0.04481609910726547,-0.06069454178214073,-0.06069454178214073,0.6007848978042603,0.6007848978042603,0.5288505554199219,0.5288505554199219,0.002093259245157242,0.002093259245157242,0.17662616074085236,0.17662616074085236,8.410372734069824,8.410372734069824,1.1992864608764648,1.1992864608764648,11.199286460876465,11.199286460876465,10.0,10.0,0.0,0.0,180.0
150,0.625,-0.5232,-8.051716055641925e-15,330.4817294495969,-0.5232,-8.051716055641925e-15,330.4817294495969,6.5,-6.5,0.0,0.0,10.0,0,0.5,0.0,0.0,4.0,4.0,4.0,8.051715625614561e-15,8.051716472647508e-15,8.051717319680456e-15,8.051716472647508e-15,-0.5208808183670044,-0.5202804803848267,1.0282777547836304,1.164258360862732,0.0,0.0,0.0,0.0,nan,nan,-1.8348849102313913e-15,-1.8348849102313913e-15,-3.6697698204627826e-15,0.0,-0.007307015359401703,0.5887479782104492,0.0,0.0,0.0,0.5887479782104492,0.0,-0.007307015359401703,0.0,0.0,0.0,0.5808902382850647,-0.003773035481572151,0.0960722267627716,0.0,0.0,0.0,0.0,-0.007307015359401703,0.5887479782104492,0.0,0.0,0.0,0.5887479782104492,0.0,-0.007307015359401703,-0.0,-0.0,-0.0,0.5809147953987122,-0.0035275649279356003,0.09593283385038376,0.0,0.0,0.0,2.9802322387695312e-08,0.0,0.6000000238418579,2.2351741790771484e-08,0.056000083684921265,0.5999999642372131,4.470348358154297e-08,-0.0559999942779541,0.6000000238418579,1.1618050336837769,-0.0073006004095077515,0.19200506806373596,0.0,0.0,0.0,7.814262062311172e-06,-3.5337471615548566e-08,1.3224780559539795e-06,9.999968528747559,9.999968528747559,9.999968528747559,9.999968528747559,1.0,1.0,0.0,0.0,0.0,0.0,0.0,0.0,4.424411773681641,4.424411773681641,-4.431718826293945,-4.431718826293945,0.6130286455154419,0.6130286455154419,0.03641383349895477,0.03641383349895477,-0.06069454178214073,-0.06069454178214073,0.5887479782104492,0.5887479782104492,0.5288505554199219,0.5288505554199219,-0.029968097805976868,-0.029968097805976868,0.14456482231616974,0.14456482231616974,4.9267613778805966e-14,4.9267613778805966e-14,-3.666015625,-3.666015625,6.333983898162842,6.333983898162842,10.0,10.0,0.0,0.0,180.0
151,0.6291666666666667,-0.5203338556566807,1.3744918233562626,328.6713159567981,-0.5203338556566807,1.3744918233562626,328.6713159567981,6.5,-6.5,0.0,0.0,10.0,0,0.5,0.0,0.0,4.0,4.0,4.0,1.3744913339614868,1.3744912147521973,1.3744916915893555,1.374491810798645,-0.5128484964370728,-0.511943519115448,2.195452928543091,2.4003677368164062,0.0,0.0,0.0,0.0,nan,nan,0.8557072281837463,0.8557072281837463,1.7114144563674927,0.0,-0.9413300156593323,0.32318115234375,0.0,0.0,0.0,0.32318115234375,0.0,-0.9413300156593323,0.0,0.0,0.0,0.4584953188896179,-0.4837491810321808,-0.7391326427459717,0.0,0.0,0.0,0.0,-0.9413300156593323,0.32318115234375,0.0,0.0,0.0,0.32318115234375,0.0,-0.9413300156593323,-0.0,-0.0,-0.0,0.4616468548774719,-0.4520759880542755,-0.7570057511329651,0.0,0.0,0.0,2.9802322387695312e-08,0.0,0.6000000238418579,-1.341104507446289e-07,0.05600002408027649,0.5999999642372131,-8.940696716308594e-08,-0.055999964475631714,0.6000000238418579,0.9201421737670898,-0.9358251690864563,-1.496138334274292,0.0,0.0,0.0,0.001000821590423584,-2.3872385668255447e-07,0.00017659179866313934,13.256440162658691,13.303919792175293,17.415996551513672,17.49999237060547,0.7635338306427002,0.7635338306427002,0.2364661693572998,0.2364661693572998,0.0,0.0,0.0,0.0,3.466111421585083,3.466111421585083,-4.40744161605835,-4.40744161605835,0.3558146059513092,0.3558146059513092,0.02806107886135578,0.02806107886135578,-0.06069454178214073,-0.06069454178214073,0.32318115234375,0.32318115234375,0.5288505554199219,0.5288505554199219,-0.06254534423351288,-0.06254534423351288,0.11198756843805313,0.11198756843805313,-8.410372734069824,-8.410372734069824,-8.539523124694824,-8.539523124694824,1.4604771137237549,1.4604771137237549,10.0,10.0,0.0,0.0,180.0
152,0.6333333333333333,-0.5117668247039272,2.73392442666496,323.25991074748197,-0.5117668247039272,2.73392442666496,323.25991074748197,6.5,-6.5,0.0,0.0,10.0,0,0.5,0.0,0.0,4.0,4.0,4.0,2.733924388885498,2.73392391204834,2.733924388885498,2.733924388885498,-0.4991934895515442,-0.498001366853714,3.3394012451171875,3.609351873397827,0.0,0.0,0.0,0.0,nan,nan,2.7142512798309326,2.7142512798309326,5.428502559661865,0.0,-1.816370964050293,0.14290021359920502,0.0,0.0,0.0,0.14290021359920502,0.0,-1.816370964050293,0.0,0.0,0.0,0.4126812219619751,-0.9200495481491089,-1.517506718635559,0.0,0.0,0.0,0.0,-1.816370964050293,0.14290021359920502,0.0,0.0,0.0,0.14290021359920502,0.0,-1.816370964050293,-0.0,-0.0,-0.0,0.418671190738678,-0.8586357831954956,-1.5514776706695557,0.0,0.0,0.0,2.9802322387695312e-08,0.0,0.6000000238418579,2.2351741790771484e-08,0.05600002408027649,0.5999999642372131,-2.9802322387695312e-08,-0.0559999942779541,0.5999999642372131,0.8313524127006531,-1.7786853313446045,-3.0689845085144043,0.0,0.0,0.0,0.0019022226333618164,-1.5333404235207126e-07,0.0003354828804731369,16.516481399536133,16.585134506225586,24.575193405151367,24.677736282348633,0.3882429003715515,0.3882429003715515,0.6117570996284485,0.6117570996284485,0.0,0.0,0.0,0.0,2.5185041427612305,2.5185041427612305,-4.334875583648682,-4.334875583648682,0.18379631638526917,0.18379631638526917,0.019798435270786285,0.019798435270786285,-0.06069454178214073,-0.06069454178214073,0.14290021359920502,0.14290021359920502,0.5288505554199219,0.5288505554199219,-0.09528157860040665,-0.09528157860040665,0.07925134152173996,0.07925134152173996,-16.72859764099121,-16.72859764099121,-13.367839813232422,-13.367839813232422,-3.367840051651001,-3.367840051651001,10.0,10.0,0.0,0.0,180.0
153,0.6375,-0.49759276932562474,4.063403581844626,314.30680230953135,-0.49759276932562474,4.063403581844626,314.30680230953135,6.5,-6.5,0.0,0.0,10.0,0,0.5,0.0,0.0,4.0,4.0,4.0,4.063403606414795,4.0634026527404785,4.063403606414795,4.063403606414795,-0.4800666570663452,-0.4786056876182556,4.447352409362793,4.778201580047607,0.0,0.0,0.0,0.0,nan,nan,5.437050819396973,5.437050819396973,10.874101638793945,0.0,-2.6295244693756104,0.04727136716246605,0.0,0.0,0.0,0.04727136716246605,0.0,-2.6295244693756104,0.0,0.0,0.0,0.4434913992881775,-1.2996693849563599,-2.242946147918701,0.0,0.0,0.0,0.0,-2.6295244693756104,0.04727136716246605,0.0,0.0,0.0,0.04727136716246605,0.0,-2.6295244693756104,-0.0,-0.0,-0.0,0.45194321870803833,-1.210063099861145,-2.290879249572754,0.0,0.0,0.0,2.9802322387695312e-08,0.0,0.6000000238418579,2.2351741790771484e-08,0.05600002408027649,0.6000000238418579,4.470348358154297e-08,-0.05600002408027649,0.6000000238418579,0.8954346179962158,-2.509732484817505,-4.533825397491455,0.0,0.0,0.0,0.002684265375137329,1.7425509923896243e-08,0.0004732925444841385,19.61591339111328,19.69344139099121,30.975894927978516,31.076499938964844,0.27390366792678833,0.2546343207359314,0.7260963320732117,0.7453657388687134,0.0,0.0,0.0,0.0,1.585290551185608,1.585290551185608,-4.214815139770508,-4.214815139770508,0.09630781412124634,0.09630781412124634,0.01165809202939272,0.01165809202939272,-0.06069454178214073,-0.06069454178214073,0.04727136716246605,0.04727136716246605,0.5288505554199219,0.5288505554199219,-0.12781812250614166,-0.12781812250614166,0.046714797616004944,0.046714797616004944,-24.863542556762695,-24.863542556762695,-18.098068237304688,-18.098068237304688,-8.098069190979004,-8.098069190979004,10.0,10.0,0.0,0.0,180.0
154,0.6416666666666666,-0.47796698343860916,5.34836323705976,301.9100827725505,-0.47796698343860916,5.34836323705976,301.9100827725505,6.5,-6.5,0.0,0.0,10.0,0,0.5,0.0,0.0,4.0,4.0,4.0,5.348361492156982,5.348361492156982,5.348363399505615,5.348363399505615,-0.4556785225868225,-0.453967809677124,5.506936073303223,5.894344329833984,0.0,0.0,0.0,0.0,nan,nan,8.86785888671875,8.86785888671875,17.7357177734375,0.0,-3.3786685466766357,0.03352060168981552,0.0,0.0,0.0,0.03352060168981552,0.0,-3.3786685466766357,0.0,0.0,0.0,0.5486285090446472,-1.611979603767395,-2.9183990955352783,0.0,0.0,0.0,0.0,-3.3786685466766357,0.03352060168981552,0.0,0.0,0.0,0.03352060168981552,0.0,-3.3786685466766357,-0.0,-0.0,-0.0,0.5590939521789551,-1.4956399202346802,-2.977750778198242,0.0,0.0,0.0,2.9802322387695312e-08,0.0,0.6000000238418579,-9.685754776000977e-08,0.0559999942779541,0.5999999046325684,-1.4901161193847656e-08,-0.05600002408027649,0.6000000238418579,1.107722520828247,-3.107619524002075,-5.896149635314941,0.0,0.0,0.0,0.003323584794998169,-5.681615107278049e-07,0.0005863513797521591,22.479618072509766,22.559154510498047,36.49225616455078,36.58331298828125,0.19639912247657776,0.19639912247657776,0.7825304865837097,0.7825304865837097,0.021070441231131554,0.021070441231131554,0.0,0.0,0.669908344745636,0.669908344745636,-4.048576831817627,-4.048576831817627,0.09054502844810486,0.09054502844810486,0.0036701138596981764,0.0036701138596981764,-0.06069454178214073,-0.06069454178214073,0.03352060168981552,0.03352060168981552,0.5288505554199219,0.5288505554199219,-0.1597984880208969,-0.1597984880208969,0.01473443116992712,0.01473443116992712,-32.726078033447266,-32.726078033447266,-22.678380966186523,-22.678380966186523,-12.67838191986084,-12.67838191986084,10.0,10.0,0.0,0.0,180.0
155,0.6458333333333334,-0.4531044912600186,6.574725105432705,286.20557318996697,-0.4531044912600186,6.574725105432705,286.20557318996697,6.5,-6.5,0.0,0.0,10.0,0,0.5,0.0,0.0,4.0,4.0,4.0,6.574722766876221,6.574725151062012,6.574725151062012,6.574725151062012,-0.42629721760749817,-0.4243568181991577,6.506337642669678,6.94575309753418,0.0,0.0,0.0,0.0,nan,nan,12.836766242980957,12.836766242980957,25.673532485961914,0.0,-4.061735153198242,0.09680090099573135,0.0,0.0,0.0,0.09680090099573135,0.0,-4.061735153198242,0.0,0.0,0.0,0.7233638763427734,-1.848535418510437,-3.5449576377868652,0.0,0.0,0.0,0.0,-4.061735153198242,0.09680090099573135,0.0,0.0,0.0,0.09680090099573135,0.0,-4.061735153198242,-0.0,-0.0,-0.0,0.7353373765945435,-1.7069177627563477,-3.6128621101379395,0.0,0.0,0.0,2.9802322387695312e-08,0.0,0.6000000238418579,-7.450580596923828e-08,0.0559999942779541,0.5999999642372131,-1.4901161193847656e-08,-0.0559999942779541,0.5999999642372131,1.458701252937317,-3.555453300476074,-7.157819747924805,0.0,0.0,0.0,0.0038024336099624634,-6.182207812344132e-07,0.0006707832217216492,25.072412490844727,25.149831771850586,41.143028259277344,41.22220230102539,0.15725339949131012,0.15725339949131012,0.6930078864097595,0.6930078864097595,0.14973872900009155,0.14973872900009155,0.0,0.0,-0.22375407814979553,-0.22375407814979553,-3.8379812240600586,-3.8379812240600586,0.16162678599357605,0.16162678599357605,-0.0041313376277685165,-0.0041313376277685165,-0.06069454178214073,-0.06069454178214073,0.09680090099573135,0.09680090099573135,0.5288505554199219,0.5288505554199219,-0.19087231159210205,-0.19087231159210205,-0.016339387744665146,-0.016339387744665146,-40.23005294799805,-40.23005294799805,-27.05859375,-27.05859375,-17.05859375,-17.05859375,10.0,10.0,0.0,0.0,180.0
156,0.65,-0.4232776914569727,7.729052909700849,267.3653354551476,-0.4232776914569727,7.729052909700849,267.3653354551476,6.5,-6.5,0.0,0.0,10.0,0,0.5,0.0,0.0,4.0,4.0,4.0,7.729052543640137,7.729052543640137,7.729053020477295,7.729053020477295,-0.3922452926635742,-0.3900964856147766,7.434454917907715,7.921063423156738,0.0,0.0,0.0,0.0,nan,nan,17.16197967529297,17.16197967529297,34.32395935058594,0.0,-4.67609977722168,0.2300952523946762,0.0,0.0,0.0,0.2300952523946762,0.0,-4.67609977722168,0.0,0.0,0.0,0.9603267312049866,-2.0030181407928467,-4.1212310791015625,0.0,0.0,0.0,0.0,-4.67609977722168,0.2300952523946762,0.0,0.0,0.0,0.2300952523946762,0.0,-4.67609977722168,-0.0,-0.0,-0.0,0.9732608199119568,-1.8376843929290771,-4.194583415985107,0.0,0.0,0.0,2.9802322387695312e-08,0.0,0.6000000238418579,-7.450580596923828e-09,0.05600002408027649,0.5999999642372131,2.9802322387695312e-08,-0.05600002408027649,0.6000000238418579,1.9335875511169434,-3.840702533721924,-8.315814971923828,0.0,0.0,0.0,0.004107624292373657,-2.1076775169603934e-07,0.0007243826985359192,27.381925582885742,27.454673767089844,45.00981521606445,45.077056884765625,0.13761016726493835,0.13761016726493835,0.5893898010253906,0.5893898010253906,0.273000031709671,0.273000031709671,0.0,0.0,-1.090764045715332,-1.090764045715332,-3.5853357315063477,-3.5853357315063477,0.302492618560791,0.302492618560791,-0.011702843010425568,-0.011702843010425568,-0.06069454178214073,-0.06069454178214073,0.2300952523946762,0.2300952523946762,0.5288505554199219,0.5288505554199219,-0.22069913148880005,-0.22069913148880005,-0.046166207641363144,-0.046166207641363144,-47.293270111083984,-47.293270111083984,-31.19072151184082,-31.19072151184082,-21.19072151184082,-21.19072151184082,10.0,10.0,0.0,0.0,180.0
157,0.6541666666666667,-0.3888133726897727,8.798699592882006,245.59578715528815,-0.3888133726897727,8.798699592882006,245.59578715528815,6.5,-6.5,0.0,0.0,10.0,0,0.5,0.0,0.0,4.0,4.0,4.0,8.798696517944336,8.798697471618652,8.798699378967285,8.798699378967285,-0.35389623045921326,-0.3515618145465851,8.281037330627441,8.809669494628906,0.0,0.0,0.0,0.0,nan,nan,21.650680541992188,21.650680541992188,43.301361083984375,0.0,-5.218169212341309,0.42405638098716736,0.0,0.0,0.0,0.42405638098716736,0.0,-5.218169212341309,0.0,0.0,0.0,1.249285340309143,-2.0714123249053955,-4.643021583557129,0.0,0.0,0.0,0.0,-5.218169212341309,0.42405638098716736,0.0,0.0,0.0,0.42405638098716736,0.0,-5.218169212341309,-0.0,-0.0,-0.0,1.2626063823699951,-1.884158968925476,-4.718567848205566,0.0,0.0,0.0,2.9802322387695312e-08,0.0,0.6000000238418579,-1.1175870895385742e-07,0.05600005388259888,0.5999999642372131,4.470348358154297e-08,-0.05600002408027649,0.6000000238418579,2.5118918418884277,-3.955571174621582,-9.361589431762695,0.0,0.0,0.0,0.004230320453643799,-6.614220069423027e-07,0.0007462054491043091,29.409000396728516,29.47548484802246,48.193477630615234,48.24968338012695,0.11794067919254303,0.11794067919254303,0.515632152557373,0.515632152557373,0.3664271831512451,0.3664271831512451,0.0,0.0,-1.9247604608535767,-1.9247604608535767,-3.2934088706970215,-3.2934088706970215,0.5037393569946289,0.5037393569946289,-0.01898840069770813,-0.01898840069770813,-0.06069454178214073,-0.06069454178214073,0.42405638098716736,0.42405638098716736,0.5288505554199219,0.5288505554199219,-0.24895215034484863,-0.24895215034484863,-0.07441923022270203,-0.07441923022270203,-53.838321685791016,-53.838321685791016,-35.02948760986328,-35.02948760986328,-25.02948570251465,-25.02948570251465,10.0,10.0,0.0,0.0,180.0
158,0.6583333333333333,-0.3500891332469544,9.771945882077286,221.1354400171328,-0.3500891332469544,9.771945882077286,221.1354400171328,6.5,-6.5,0.0,0.0,10.0,0,0.5,0.0,0.0,4.0,4.0,4.0,9.771944046020508,9.771944046020508,9.77194595336914,9.77194595336914,-0.311670184135437,-0.30917495489120483,9.036795616149902,9.601849555969238,0.0,0.0,0.0,0.0,nan,nan,26.10062026977539,26.10062026977539,52.20124053955078,0.0,-5.683224678039551,0.6669119596481323,0.0,0.0,0.0,0.6669119596481323,0.0,-5.683224678039551,0.0,0.0,0.0,1.5770595073699951,-2.052384853363037,-5.103373050689697,0.0,0.0,0.0,0.0,-5.683224678039551,0.6669119596481323,0.0,0.0,0.0,0.6669119596481323,0.0,-5.683224678039551,-0.0,-0.0,-0.0,1.5901857614517212,-1.845360517501831,-5.177814960479736,0.0,0.0,0.0,2.9802322387695312e-08,0.0,0.6000000238418579,-1.6391277313232422e-07,0.0559999942779541,0.5999999642372131,-5.960464477539063e-08,-0.05600002408027649,0.6000000238418579,3.167245388031006,-3.897745370864868,-10.281188011169434,0.0,0.0,0.0,0.004168778657913208,-1.5455332231795182e-06,0.0007356777787208557,31.16155433654785,31.220787048339844,50.79207229614258,50.838409423828125,0.09826549142599106,0.09826549142599106,0.47870054841041565,0.47870054841041565,0.4230339229106903,0.4230339229106903,0.0,0.0,-2.7178258895874023,-2.7178258895874023,-2.9653987884521484,-2.9653987884521484,0.753524899482727,0.753524899482727,-0.025918349623680115,-0.025918349623680115,-0.06069454178214073,-0.06069454178214073,0.6669119596481323,0.6669119596481323,0.5288505554199219,0.5288505554199219,-0.2753218412399292,-0.2753218412399292,-0.10078892111778259,-0.10078892111778259,-59.79351043701172,-59.79351043701172,-38.532833099365234,-38.532833099365234,-28.532833099365234,-28.532833099365234,10.0,10.0,0.0,0.0,180.0
159,0.6625,-0.307529243999423,10.638128687277357,194.25228672258484,-0.307529243999423,10.638128687277357,194.25228672258484,6.5,-6.5,0.0,0.0,10.0,0,0.5,0.0,0.0,4.0,4.0,4.0,10.638124465942383,10.638128280639648,10.638127326965332,10.638128280639648,-0.26602959632873535,-0.2634005546569824,9.693511009216309,10.288860321044922,0.0,0.0,0.0,0.0,nan,nan,30.3037109375,30.3037109375,60.607421875,0.0,-6.065506935119629,0.9445527791976929,0.0,0.0,0.0,0.9445527791976929,0.0,-6.065506935119629,0.0,0.0,0.0,1.9276789426803589,-1.9478026628494263,-5.4929656982421875,0.0,0.0,0.0,0.0,-6.065506935119629,0.9445527791976929,0.0,0.0,0.0,0.9445527791976929,0.0,-6.065506935119629,-0.0,-0.0,-0.0,1.9400429725646973,-1.7236206531524658,-5.563085556030273,0.0,0.0,0.0,2.9802322387695312e-08,0.0,0.6000000238418579,-1.341104507446289e-07,0.0559999942779541,0.5999999642372131,-4.470348358154297e-08,-0.05600002408027649,0.5999999642372131,3.8677220344543457,-3.6714234352111816,-11.056051254272461,0.0,0.0,0.0,0.003926664590835571,-1.5453836113010766e-06,0.0006928890943527222,32.65065002441406,32.702022552490234,52.891387939453125,52.92900466918945,0.09826549142599106,0.09826549142599106,0.4220709502696991,0.4220709502696991,0.47966358065605164,0.47966358065605164,0.0,0.0,-3.4606082439422607,-3.4606082439422607,-2.6048989295959473,-2.6048989295959473,1.0376577377319336,1.0376577377319336,-0.032410457730293274,-0.032410457730293274,-0.06069454178214073,-0.06069454178214073,0.9445527791976929,0.9445527791976929,0.5288505554199219,0.5288505554199219,-0.29951927065849304,-0.29951927065849304,-0.12498635798692703,-0.12498635798692703,-65.09359741210938,-65.09359741210938,-41.662376403808594,-41.662376403808594,-31.66237449645996,-31.66237449645996,10.0,10.0,0.0,0.0,180.0
160,0.6666666666666666,-0.26160000000000083,11.387757928408101,165.240864724799,-0.26160000000000083,11.387757928408101,165.240864724799,6.5,-6.5,0.0,0.0,10.0,0,0.5,0.0,0.0,4.0,4.0,4.0,11.3877534866333,11.38775634765625,11.387758255004883,11.3877592086792,-0.21747393906116486,-0.21474072337150574,10.244111061096191,10.863058090209961,0.0,0.0,0.0,0.0,nan,nan,34.052391052246094,34.052391052246094,68.10478210449219,0.0,-6.358523368835449,1.2408857345581055,0.0,0.0,0.0,1.2408857345581055,0.0,-6.358523368835449,0.0,0.0,0.0,2.2828731536865234,-1.7632687091827393,-5.80086088180542,0.0,0.0,0.0,0.0,-6.358523368835449,1.2408857345581055,0.0,0.0,0.0,1.2408857345581055,0.0,-6.358523368835449,-0.0,-0.0,-0.0,2.293947219848633,-1.5250778198242188,-5.863664150238037,0.0,0.0,0.0,2.9802322387695312e-08,0.0,0.6000000238418579,-1.564621925354004e-07,0.0559999942779541,0.5999999642372131,-8.940696716308594e-08,-0.055999964475631714,0.5999999642372131,4.576820373535156,-3.288346529006958,-11.664525032043457,0.0,0.0,0.0,0.003516584634780884,-2.052297531918157e-06,0.0006205886602401733,33.88809585571289,33.93122863769531,54.562294006347656,54.592193603515625,0.09826549142599106,0.09826549142599106,0.3843482732772827,0.3843482732772827,0.517386257648468,0.517386257648468,0.0,0.0,-4.142664432525635,-4.142664432525635,-2.2158594131469727,-2.2158594131469727,1.3399533033370972,1.3399533033370972,-0.03837297484278679,-0.03837297484278679,-0.06069454178214073,-0.06069454178214073,1.2408857345581055,1.2408857345581055,0.5288505554199219,0.5288505554199219,-0.3212794065475464,-0.3212794065475464,-0.1467464566230774,-0.1467464566230774,-69.68050384521484,-69.68050384521484,-44.38383483886719,-44.38383483886719,-34.38383483886719,-34.38383483886719,10.0,10.0,0.0,0.0,180.0
161,0.6708333333333333,-0.21280461165725928,12.012620510633656,134.41902923421426,-0.21280461165725928,12.012620510633656,134.41902923421426,6.5,-6.5,0.0,0.0,10.0,0,0.5,0.0,0.0,4.0,4.0,4.0,12.012619018554688,12.012617111206055,12.01262092590332,12.01262092590332,-0.16653446853160858,-0.1637292206287384,10.682726860046387,11.317987442016602,0.0,0.0,0.0,0.0,nan,nan,37.148765563964844,37.148765563964844,74.29753112792969,0.0,-6.555505275726318,1.5384728908538818,0.0,0.0,0.0,1.5384728908538818,0.0,-6.555505275726318,0.0,0.0,0.0,2.622899055480957,-1.50851571559906,-6.015507221221924,0.0,0.0,0.0,0.0,-6.555505275726318,1.5384728908538818,0.0,0.0,0.0,1.5384728908538818,0.0,-6.555505275726318,-0.0,-0.0,-0.0,2.6322226524353027,-1.2600305080413818,-6.06838321685791,0.0,0.0,0.0,2.9802322387695312e-08,0.0,0.6000000238418579,-1.043081283569336e-07,0.05600002408027649,0.5999999642372131,-2.9802322387695312e-08,-0.055999964475631714,0.5999999642372131,5.25512170791626,-2.7685461044311523,-12.083890914916992,0.0,0.0,0.0,0.0029605329036712646,-1.4816758948654751e-06,0.0005222409963607788,34.88499069213867,34.9196662902832,55.86098098754883,55.88398361206055,0.07861043512821198,0.07861043512821198,0.3851468563079834,0.3851468563079834,0.5362427234649658,0.5362427234649658,0.0,0.0,-4.752963066101074,-4.752963066101074,-1.8025422096252441,-1.8025422096252441,1.642876386642456,1.642876386642456,-0.043709032237529755,-0.043709032237529755,-0.06069454178214073,-0.06069454178214073,1.5384728908538818,1.5384728908538818,0.5288505554199219,0.5288505554199219,-0.34036368131637573,-0.34036368131637573,-0.16583076119422913,-0.16583076119422913,-73.50397491455078,-73.50397491455078,-46.66737747192383,-46.66737747192383,-36.66737747192383,-36.66737747192383,10.0,10.0,0.0,0.0,180.0
162,0.675,-0.16167769145697283,12.505870308742255,102.1244707303492,-0.16167769145697283,12.505870308742255,102.1244707303492,6.5,-6.5,0.0,0.0,10.0,0,0.5,0.0,0.0,4.0,4.0,4.0,12.505867958068848,12.505864143371582,12.50586986541748,12.50586986541748,-0.11376845836639404,-0.11092580109834671,11.004739761352539,11.648468017578125,0.0,0.0,0.0,0.0,nan,nan,39.41588592529297,39.41588592529297,78.83177185058594,0.0,-6.649967193603516,1.8194308280944824,0.0,0.0,0.0,1.8194308280944824,0.0,-6.649967193603516,0.0,0.0,0.0,2.9276626110076904,-1.197533130645752,-6.125936508178711,0.0,0.0,0.0,0.0,-6.649967193603516,1.8194308280944824,0.0,0.0,0.0,1.8194308280944824,0.0,-6.649967193603516,-0.0,-0.0,-0.0,2.9348714351654053,-0.9430139064788818,-6.166818141937256,0.0,0.0,0.0,2.9802322387695312e-08,0.0,0.6000000238418579,-7.450580596923828e-08,0.05600005388259888,0.5999999642372131,-1.1920928955078125e-07,-0.055999934673309326,0.5999999642372131,5.862534046173096,-2.140547037124634,-12.292755126953125,0.0,0.0,0.0,0.002288520336151123,-1.9073468138230965e-06,0.00040359795093536377,35.65095901489258,35.67704772949219,56.83053970336914,56.847259521484375,0.07861043512821198,0.07861043512821198,0.3662877678871155,0.3662877678871155,0.5551018118858337,0.5551018118858337,0.0,0.0,-5.280490875244141,-5.280490875244141,-1.3694764375686646,-1.3694764375686646,1.9284472465515137,1.9284472465515137,-0.04832196980714798,-0.04832196980714798,-0.06069454178214073,-0.06069454178214073,1.8194308280944824,1.8194308280944824,0.5288505554199219,0.5288505554199219,-0.35656312108039856,-0.35656312108039856,-0.18203018605709076,-0.18203018605709076,-76.5221176147461,-76.5221176147461,-48.48799514770508,-48.48799514770508,-38.48799514770508,-38.48799514770508,10.0,10.0,0.0,0.0,180.0
163,0.6791666666666667,-0.10877939663585172,12.862103174726663,68.71101515424301,-0.10877939663585172,12.862103174726663,68.71101515424301,6.5,-6.5,0.0,0.0,10.0,0,0.5,0.0,0.0,4.0,4.0,4.0,12.862101554870605,12.862100601196289,12.862103462219238,12.862103462219238,-0.059753190726041794,-0.056909918785095215,11.206820487976074,11.850687026977539,0.0,0.0,0.0,0.0,nan,nan,40.710113525390625,40.710113525390625,81.42022705078125,0.0,-6.6363019943237305,2.066514492034912,0.0,0.0,0.0,2.066514492034912,0.0,-6.6363019943237305,0.0,0.0,0.0,3.1780452728271484,-0.8482503890991211,-6.123028755187988,0.0,0.0,0.0,0.0,-6.6363019943237305,2.066514492034912,0.0,0.0,0.0,2.066514492034912,0.0,-6.6363019943237305,-0.0,-0.0,-0.0,3.1828970909118652,-0.5924184322357178,-6.150544166564941,0.0,0.0,0.0,2.9802322387695312e-08,0.0,0.6000000238418579,-5.21540641784668e-08,0.05600002408027649,0.5999999642372131,-1.4901161193847656e-08,-0.0559999942779541,0.5999999642372131,6.360942363739014,-1.4406688213348389,-12.27357292175293,0.0,0.0,0.0,0.0015406012535095215,-1.155913764705474e-06,0.00027170777320861816,36.19373321533203,36.211158752441406,57.50252914428711,57.513431549072266,0.07861043512821198,0.07861043512821198,0.347420334815979,0.347420334815979,0.5739692449569702,0.5739692449569702,0.0,0.0,-5.714895725250244,-5.714895725250244,-0.9214061498641968,-0.9214061498641968,2.1793298721313477,2.1793298721313477,-0.05212094262242317,-0.05212094262242317,-0.06069454178214073,-0.06069454178214073,2.066514492034912,2.066514492034912,0.5288505554199219,0.5288505554199219,-0.36970022320747375,-0.36970022320747375,-0.19516733288764954,-0.19516733288764954,-78.70185852050781,-78.70185852050781,-49.82573699951172,-49.82573699951172,-39.825740814208984,-39.825740814208984,10.0,10.0,0.0,0.0,180.0
164,0.6833333333333333,-0.05468929198163603,13.077416146760639,34.54474731740262,-0.05468929198163603,13.077416146760639,34.54474731740262,6.5,-6.5,0.0,0.0,10.0,0,0.5,0.0,0.0,4.0,4.0,4.0,13.077414512634277,13.077414512634277,13.07741641998291,13.07741641998291,-0.005079655442386866,-0.0022741013672202826,11.286931037902832,11.922252655029297,0.0,0.0,0.0,0.0,nan,nan,40.93291473388672,40.93291473388672,81.86582946777344,0.0,-6.510336875915527,2.2642691135406494,0.0,0.0,0.0,2.2642691135406494,0.0,-6.510336875915527,0.0,0.0,0.0,3.357274055480957,-0.4818468689918518,-6.000661373138428,0.0,0.0,0.0,0.0,-6.510336875915527,2.2642691135406494,0.0,0.0,0.0,2.2642691135406494,0.0,-6.510336875915527,-0.0,-0.0,-0.0,3.359670400619507,-0.2297562062740326,-6.014252185821533,0.0,0.0,0.0,2.9802322387695312e-08,0.0,0.6000000238418579,-2.9802322387695312e-08,0.05600002408027649,0.5999999642372131,2.9802322387695312e-08,-0.0559999942779541,0.5999999642372131,6.716944694519043,-0.711603045463562,-12.014913558959961,0.0,0.0,0.0,0.0007608532905578613,-7.580283636343665e-07,0.00013412535190582275,36.518890380859375,36.52760696411133,57.898468017578125,57.90384292602539,0.07861043512821198,0.07861043512821198,0.347420334815979,0.347420334815979,0.5739692449569702,0.5739692449569702,0.0,0.0,-6.047096252441406,-6.047096252441406,-0.46324077248573303,-0.46324077248573303,2.3799898624420166,2.3799898624420166,-0.05502630025148392,-0.05502630025148392,-0.06069454178214073,-0.06069454178214073,2.2642691135406494,2.2642691135406494,0.5288505554199219,0.5288505554199219,-0.37963107228279114,-0.37963107228279114,-0.20509813725948334,-0.20509813725948334,-80.01934051513672,-80.01934051513672,-50.665958404541016,-50.665958404541016,-40.66595458984375,-40.66595458984375,10.0,10.0,0.0,0.0,180.0
165,0.6875,-1.2817942612968533e-15,13.149450210865439,8.096513460855363e-13,-1.2817942612968533e-15,13.149450210865439,8.096513460855363e-13,6.5,-6.5,0.0,0.0,10.0,0,0.5,0.0,0.0,4.0,4.0,4.0,13.149449348449707,13.149443626403809,13.14945125579834,13.14945125579834,0.0496537983417511,0.052382390946149826,11.244342803955078,11.862236976623535,0.0,0.0,0.0,0.0,nan,nan,40.0409049987793,40.0409049987793,80.0818099975586,0.0,-6.269837856292725,2.400142192840576,0.0,0.0,0.0,2.400142192840576,0.0,-6.269837856292725,0.0,0.0,0.0,3.452216625213623,-0.12157084047794342,-5.756645679473877,0.0,0.0,0.0,0.0,-6.269837856292725,2.400142192840576,0.0,0.0,0.0,2.400142192840576,0.0,-6.269837856292725,-0.0,-0.0,-0.0,3.452216863632202,0.12157081067562103,-5.756645679473877,0.0,0.0,0.0,2.9802322387695312e-08,0.0,0.6000000238418579,2.9802322387695312e-08,0.05600005388259888,0.5999999642372131,-8.195638656616211e-08,-0.055999934673309326,0.5999999642372131,6.904433250427246,-2.9802322387695312e-08,-11.513291358947754,0.0,0.0,0.0,-6.854534149169922e-07,-1.054891640706046e-06,-4.023313522338867e-07,36.62981033325195,36.62981033325195,58.03085708618164,58.03086471557617,0.07861043512821198,0.07861043512821198,0.347420334815979,0.347420334815979,0.5739692449569702,0.5739692449569702,0.0,0.0,-6.269837856292725,-6.269837856292725,-1.085732422208014e-14,-1.085732422208014e-14,2.5178112983703613,2.5178112983703613,-0.05697442591190338,-0.05697442591190338,-0.06069454178214073,-0.06069454178214073,2.400142192840576,2.400142192840576,0.5288505554199219,0.5288505554199219,-0.38624683022499084,-0.38624683022499084,-0.21171389520168304,-0.21171389520168304,-80.4601058959961,-80.4601058959961,-50.99943161010742,-50.99943161010742,-40.99943542480469,-40.99943542480469,10.0,10.0,0.0,0.0,180.0
166,0.6916666666666667,0.05468929198163533,13.07741614676064,-34.54474731740218,0.05468929198163533,13.07741614676064,-34.54474731740218,6.5,-6.5,0.0,0.0,10.0,0,0.5,0.0,0.0,4.0,4.0,4.0,13.077414512634277,13.077415466308594,13.07741641998291,13.07741641998291,0.10384789109230042,0.10646029561758041,11.079615592956543,11.671195030212402,0.0,0.0,0.0,0.0,nan,nan,38.05246353149414,38.05246353149414,76.10492706298828,0.0,-5.914892196655273,2.465423583984375,0.0,0.0,0.0,2.465423583984375,0.0,-5.914892196655273,0.0,0.0,0.0,3.4544360637664795,0.20874236524105072,-5.393288612365723,0.0,0.0,0.0,0.0,-5.914892196655273,2.465423583984375,0.0,0.0,0.0,2.465423583984375,0.0,-5.914892196655273,-0.0,-0.0,-0.0,3.452258825302124,0.43777647614479065,-5.380940914154053,0.0,0.0,0.0,2.9802322387695312e-08,0.0,0.6000000238418579,-8.195638656616211e-08,0.05600002408027649,0.5999999642372131,-2.9802322387695312e-08,-0.0559999942779541,0.6000000238418579,6.9066948890686035,0.6465188264846802,-10.774229049682617,0.0,0.0,0.0,-0.0006916224956512451,-1.1293765282971435e-06,-0.00012208521366119385,36.527610778808594,36.518890380859375,57.90385055541992,57.898468017578125,0.07861043512821198,0.07861043512821198,0.347420334815979,0.347420334815979,0.5739692449569702,0.5739692449569702,0.0,0.0,-6.3781328201293945,-6.3781328201293945,0.46324077248573303,0.46324077248573303,2.5840396881103516,2.5840396881103516,-0.05792158097028732,-0.05792158097028732,-0.06069454178214073,-0.06069454178214073,2.465423583984375,2.465423583984375,0.5288505554199219,0.5288505554199219,-0.389475017786026,-0.389475017786026,-0.214942067861557,-0.214942067861557,-80.01934051513672,-80.01934051513672,-50.8225212097168,-50.8225212097168,-40.82252502441406,-40.82252502441406,10.0,10.0,0.0,0.0,180.0
167,0.6958333333333333,0.10877939663585104,12.862103174726666,-68.71101515424257,0.10877939663585104,12.862103174726666,-68.71101515424257,6.5,-6.5,0.0,0.0,10.0,0,0.5,0.0,0.0,4.0,4.0,4.0,12.862102508544922,12.862101554870605,12.862103462219238,12.862103462219238,0.15690909326076508,0.1593669354915619,10.794600486755371,11.351180076599121,0.0,0.0,0.0,0.0,nan,nan,35.05012512207031,35.05012512207031,70.10025024414062,0.0,-5.448153972625732,2.455911159515381,0.0,0.0,0.0,2.455911159515381,0.0,-5.448153972625732,0.0,0.0,0.0,3.360882520675659,0.4863532781600952,-4.9175004959106445,0.0,0.0,0.0,0.0,-5.448153972625732,2.455911159515381,0.0,0.0,0.0,2.455911159515381,0.0,-5.448153972625732,-0.0,-0.0,-0.0,3.3568997383117676,0.6963816285133362,-4.894911766052246,0.0,0.0,0.0,2.9802322387695312e-08,0.0,0.6000000238418579,-2.9802322387695312e-08,0.05600002408027649,0.5999999642372131,-3.725290298461914e-08,-0.055999964475631714,0.6000000238418579,6.717782020568848,1.1827349662780762,-9.81241226196289,0.0,0.0,0.0,-0.0012652277946472168,-8.216595119847625e-07,-0.00022330880165100098,36.211158752441406,36.19373321533203,57.513431549072266,57.50252914428711,0.07861043512821198,0.07861043512821198,0.347420334815979,0.347420334815979,0.5739692449569702,0.5739692449569702,0.0,0.0,-6.369560241699219,-6.369560241699219,0.9214061498641968,0.9214061498641968,2.5744521617889404,2.5744521617889404,-0.05784653127193451,-0.05784653127193451,-0.06069454178214073,-0.06069454178214073,2.455911159515381,2.455911159515381,0.5288505554199219,0.5288505554199219,-0.3892802298069,-0.3892802298069,-0.21474730968475342,-0.21474730968475342,-78.70185852050781,-78.70185852050781,-50.13716125488281,-50.13716125488281,-40.13716506958008,-40.13716506958008,10.0,10.0,0.0,0.0,180.0
168,0.7,0.16167769145697217,12.505870308742258,-102.12447073034879,0.16167769145697217,12.505870308742258,-102.12447073034879,6.5,-6.5,0.0,0.0,10.0,0,0.5,0.0,0.0,4.0,4.0,4.0,12.505868911743164,12.505866050720215,12.50586986541748,12.505870819091797,0.20825590193271637,0.21052275598049164,10.392395973205566,10.905720710754395,0.0,0.0,0.0,0.0,nan,nan,31.178041458129883,31.178041458129883,62.356082916259766,0.0,-4.874937057495117,2.3722376823425293,0.0,0.0,0.0,2.3722376823425293,0.0,-4.874937057495117,0.0,0.0,0.0,3.1741650104522705,0.6913015246391296,-4.340426445007324,0.0,0.0,0.0,0.0,-4.874937057495117,2.3722376823425293,0.0,0.0,0.0,2.3722376823425293,0.0,-4.874937057495117,-0.0,-0.0,-0.0,3.1688807010650635,0.877884030342102,-4.3104567527771,0.0,0.0,0.0,2.9802322387695312e-08,0.0,0.6000000238418579,-4.470348358154297e-08,0.05600005388259888,0.5999999642372131,-3.725290298461914e-08,-0.055999964475631714,0.5999999642372131,6.343045711517334,1.569185495376587,-8.650882720947266,0.0,0.0,0.0,-0.0016786009073257446,-9.905006663757376e-07,-0.00029630959033966064,35.67704772949219,35.65096664428711,56.847259521484375,56.830543518066406,0.07861043512821198,0.07861043512821198,0.3662877678871155,0.3662877678871155,0.5551018118858337,0.5551018118858337,0.0,0.0,-6.244413375854492,-6.244413375854492,1.3694764375686646,1.3694764375686646,2.4896841049194336,2.4896841049194336,-0.056751854717731476,-0.056751854717731476,-0.06069454178214073,-0.06069454178214073,2.3722376823425293,2.3722376823425293,0.5288505554199219,0.5288505554199219,-0.3856646716594696,-0.3856646716594696,-0.211131751537323,-0.211131751537323,-76.5221176147461,-76.5221176147461,-48.95085906982422,-48.95085906982422,-38.950862884521484,-38.950862884521484,10.0,10.0,0.0,0.0,180.0
169,0.7041666666666666,0.21280461165725692,12.012620510633683,-134.4190292342128,0.21280461165725692,12.012620510633683,-134.4190292342128,6.5,-6.5,0.0,0.0,10.0,0,0.5,0.0,0.0,4.0,4.0,4.0,12.012619018554688,12.012619018554688,12.01262092590332,12.01262092590332,0.25732550024986267,0.2593676447868347,9.877335548400879,10.339774131774902,0.0,0.0,0.0,0.0,nan,nan,26.634496688842773,26.634496688842773,53.26899337768555,0.0,-4.203140735626221,2.2198119163513184,0.0,0.0,0.0,2.2198119163513184,0.0,-4.203140735626221,0.0,0.0,0.0,2.9023447036743164,0.8078835010528564,-3.6766393184661865,0.0,0.0,0.0,0.0,-4.203140735626221,2.2198119163513184,0.0,0.0,0.0,2.2198119163513184,0.0,-4.203140735626221,-0.0,-0.0,-0.0,2.896366834640503,0.9672028422355652,-3.64273738861084,0.0,0.0,0.0,2.9802322387695312e-08,0.0,0.6000000238418579,0.0,0.05600005388259888,0.6000000238418579,-5.21540641784668e-08,-0.055999964475631714,0.6000000238418579,5.798711776733398,1.7750864028930664,-7.3193769454956055,0.0,0.0,0.0,-0.0018988251686096191,-4.0811798385220754e-07,-0.0003351271152496338,34.9196662902832,34.884986877441406,55.88398361206055,55.86098098754883,0.07861043512821198,0.07861043512821198,0.3851468563079834,0.3851468563079834,0.5362427234649658,0.5362427234649658,0.0,0.0,-6.005682945251465,-6.005682945251465,1.8025422096252441,1.8025422096252441,2.335170030593872,2.335170030593872,-0.0546637699007988,-0.0546637699007988,-0.06069454178214073,-0.06069454178214073,2.2198119163513184,2.2198119163513184,0.5288505554199219,0.5288505554199219,-0.378667950630188,-0.378667950630188,-0.204135000705719,-0.204135000705719,-73.50397491455078,-73.50397491455078,-47.276611328125,-47.276611328125,-37.276611328125,-37.276611328125,10.0,10.0,0.0,0.0,180.0
170,0.7083333333333334,0.2616000000000002,11.38775792840811,-165.2408647247986,0.2616000000000002,11.38775792840811,-165.2408647247986,6.5,-6.5,0.0,0.0,10.0,0,0.5,0.0,0.0,4.0,4.0,4.0,11.387758255004883,11.3877534866333,11.387758255004883,11.387758255004883,0.30357956886291504,0.3053669333457947,9.254923820495605,9.659675598144531,0.0,0.0,0.0,0.0,nan,nan,21.65996742248535,21.65996742248535,43.3199348449707,0.0,-3.4430088996887207,2.008385181427002,0.0,0.0,0.0,2.008385181427002,0.0,-3.4430088996887207,0.0,0.0,0.0,2.5582923889160156,0.8257980346679688,-2.9429776668548584,0.0,0.0,0.0,0.0,-3.4430088996887207,2.008385181427002,0.0,0.0,0.0,2.008385181427002,0.0,-3.4430088996887207,-0.0,-0.0,-0.0,2.5522961616516113,0.9547735452651978,-2.9089713096618652,0.0,0.0,0.0,2.9802322387695312e-08,0.0,0.6000000238418579,0.0,0.05600005388259888,0.5999999642372131,-1.1920928955078125e-07,-0.055999964475631714,0.5999999642372131,5.110588550567627,1.7805715799331665,-5.8519487380981445,0.0,0.0,0.0,-0.001904517412185669,-8.257928811872262e-07,-0.0003361999988555908,33.93122863769531,33.88809585571289,54.592193603515625,54.562294006347656,0.09826549142599106,0.09826549142599106,0.3843482732772827,0.3843482732772827,0.517386257648468,0.517386257648468,0.0,0.0,-5.658868789672852,-5.658868789672852,2.2158594131469727,2.2158594131469727,2.1207098960876465,2.1207098960876465,-0.05163048207759857,-0.05163048207759857,-0.06069454178214073,-0.06069454178214073,2.008385181427002,2.008385181427002,0.5288505554199219,0.5288505554199219,-0.36836665868759155,-0.36836665868759155,-0.19383373856544495,-0.19383373856544495,-69.68050384521484,-69.68050384521484,-45.13276290893555,-45.13276290893555,-35.13276672363281,-35.13276672363281,10.0,10.0,0.0,0.0,180.0
171,0.7125,0.3075292439994224,10.638128687277367,-194.25228672258447,0.3075292439994224,10.638128687277367,-194.25228672258447,6.5,-6.5,0.0,0.0,10.0,0,0.5,0.0,0.0,4.0,4.0,4.0,10.638124465942383,10.638129234313965,10.638128280639648,10.638128280639648,0.346510648727417,0.3480175733566284,8.53181266784668,8.873044967651367,0.0,0.0,0.0,0.0,nan,nan,16.521800994873047,16.521800994873047,33.043601989746094,0.0,-2.6067447662353516,1.7512969970703125,0.0,0.0,0.0,1.7512969970703125,0.0,-2.6067447662353516,0.0,0.0,0.0,2.1586852073669434,0.7407523393630981,-2.15720272064209,0.0,0.0,0.0,0.0,-2.6067447662353516,1.7512969970703125,0.0,0.0,0.0,1.7512969970703125,0.0,-2.6067447662353516,-0.0,-0.0,-0.0,2.153371572494507,0.8370981812477112,-2.1270675659179688,0.0,0.0,0.0,2.9802322387695312e-08,0.0,0.6000000238418579,-1.1920928955078125e-07,0.0559999942779541,0.6000000238418579,8.195638656616211e-08,-0.0559999942779541,0.5999999642372131,4.312056541442871,1.577850580215454,-4.284270286560059,0.0,0.0,0.0,-0.0016875192523002625,-3.3886396977322875e-07,-0.00029762834310531616,32.702022552490234,32.65065002441406,52.92900466918945,52.891395568847656,0.09826549142599106,0.09826549142599106,0.4220709502696991,0.4220709502696991,0.47966358065605164,0.47966358065605164,0.0,0.0,-5.211644172668457,-5.211644172668457,2.6048989295959473,2.6048989295959473,1.859710931777954,1.859710931777954,-0.04771929979324341,-0.04771929979324341,-0.06069454178214073,-0.06069454178214073,1.7512969970703125,1.7512969970703125,0.5288505554199219,0.5288505554199219,-0.3548736870288849,-0.3548736870288849,-0.18034076690673828,-0.18034076690673828,-65.09359741210938,-65.09359741210938,-42.54279708862305,-42.54279708862305,-32.54279708862305,-32.54279708862305,10.0,10.0,0.0,0.0,180.0
172,0.7166666666666667,0.3500891332469539,9.771945882077297,-221.13544001713248,0.3500891332469539,9.771945882077297,-221.13544001713248,6.5,-6.5,0.0,0.0,10.0,0,0.5,0.0,0.0,4.0,4.0,4.0,9.771944046020508,9.771944046020508,9.77194595336914,9.77194595336914,0.3856474757194519,0.38685306906700134,7.715717792510986,7.98870849609375,0.0,0.0,0.0,0.0,nan,nan,11.496822357177734,11.496822357177734,22.99364471435547,0.0,-1.7079863548278809,1.4644742012023926,0.0,0.0,0.0,1.4644742012023926,0.0,-1.7079863548278809,0.0,0.0,0.0,1.7227431535720825,0.5545883774757385,-1.3365963697433472,0.0,0.0,0.0,0.0,-1.7079863548278809,1.4644742012023926,0.0,0.0,0.0,1.4644742012023926,0.0,-1.7079863548278809,-0.0,-0.0,-0.0,1.7187983989715576,0.6168056726455688,-1.3142240047454834,0.0,0.0,0.0,2.9802322387695312e-08,0.0,0.6000000238418579,-2.9802322387695312e-08,0.05600005388259888,0.6000000238418579,-3.725290298461914e-08,-0.0559999942779541,0.5999999642372131,3.4415416717529297,1.1713941097259521,-2.650820255279541,0.0,0.0,0.0,-0.0012528970837593079,-2.7024131554753694e-07,-0.00022108107805252075,31.220787048339844,31.161556243896484,50.838409423828125,50.79207229614258,0.09826549142599106,0.09826549142599106,0.47870054841041565,0.47870054841041565,0.4230339229106903,0.4230339229106903,0.0,0.0,-4.673385143280029,-4.673385143280029,2.9653987884521484,2.9653987884521484,1.5681811571121216,1.5681811571121216,-0.043012477457523346,-0.043012477457523346,-0.06069454178214073,-0.06069454178214073,1.4644742012023926,1.4644742012023926,0.5288505554199219,0.5288505554199219,-0.33833691477775574,-0.33833691477775574,-0.16380399465560913,-0.16380399465560913,-59.79351043701172,-59.79351043701172,-39.53509521484375,-39.53509521484375,-29.535097122192383,-29.535097122192383,10.0,10.0,0.0,0.0,180.0
173,0.7208333333333333,0.38881337268977223,8.798699592882018,-245.59578715528787,0.38881337268977223,8.798699592882018,-245.59578715528787,6.5,-6.5,0.0,0.0,10.0,0,0.5,0.0,0.0,4.0,4.0,4.0,8.798699378967285,8.798697471618652,8.798699378967285,8.798699378967285,0.4205603301525116,0.4214487671852112,6.815383434295654,7.016551494598389,0.0,0.0,0.0,0.0,nan,nan,6.853602886199951,6.853602886199951,13.707205772399902,0.0,-0.7611852884292603,1.1652976274490356,0.0,0.0,0.0,1.1652976274490356,0.0,-0.7611852884292603,0.0,0.0,0.0,1.2708550691604614,0.27484622597694397,-0.49669766426086426,0.0,0.0,0.0,0.0,-0.7611852884292603,1.1652976274490356,0.0,0.0,0.0,1.1652976274490356,0.0,-0.7611852884292603,-0.0,-0.0,-0.0,1.2689118385314941,0.30216145515441895,-0.48567748069763184,0.0,0.0,0.0,2.9802322387695312e-08,0.0,0.6000000238418579,-1.4901161193847656e-08,0.05600005388259888,0.6000000238418579,3.725290298461914e-08,-0.0559999942779541,0.6000000238418579,2.539766788482666,0.5770076513290405,-0.9823751449584961,0.0,0.0,0.0,-0.0006171595305204391,-1.8585536665227664e-08,-0.00010891258716583252,29.47548484802246,29.40900421142578,48.24968338012695,48.1934814453125,0.11794067919254303,0.11794067919254303,0.515632152557373,0.515632152557373,0.3664271831512451,0.3664271831512451,0.0,0.0,-4.054594039916992,-4.054594039916992,3.2934088706970215,3.2934088706970215,1.263594388961792,1.263594388961792,-0.037602152675390244,-0.037602152675390244,-0.06069454178214073,-0.06069454178214073,1.1652976274490356,1.1652976274490356,0.5288505554199219,0.5288505554199219,-0.3189374804496765,-0.3189374804496765,-0.1444045752286911,-0.1444045752286911,-53.838321685791016,-53.838321685791016,-36.142616271972656,-36.142616271972656,-26.142616271972656,-26.142616271972656,10.0,10.0,0.0,0.0,180.0
174,0.725,0.42327769145697225,7.729052909700863,-267.3653354551473,0.42327769145697225,7.729052909700863,-267.3653354551473,6.5,-6.5,0.0,0.0,10.0,0,0.5,0.0,0.0,4.0,4.0,4.0,7.729051113128662,7.729050159454346,7.729053020477295,7.729053020477295,0.4508660137653351,0.4514266550540924,5.840479850769043,5.967421531677246,0.0,0.0,0.0,0.0,nan,nan,2.8361458778381348,2.8361458778381348,5.6722917556762695,0.0,0.21907106041908264,0.871467649936676,0.0,0.0,0.0,0.871467649936676,0.0,0.21907106041908264,0.0,0.0,0.0,0.8232477903366089,-0.08609382063150406,0.34971264004707336,0.0,0.0,0.0,0.0,0.21907106041908264,0.871467649936676,0.0,0.0,0.0,0.871467649936676,0.0,0.21907106041908264,-0.0,-0.0,-0.0,0.8238537311553955,-0.09383957087993622,0.3462761640548706,0.0,0.0,0.0,2.9802322387695312e-08,0.0,0.6000000238418579,-2.9802322387695312e-08,0.05600002408027649,0.6000000238418579,-1.1175870895385742e-07,-0.055999964475631714,0.6000000238418579,1.6471015214920044,-0.17993339896202087,0.6959887742996216,0.0,0.0,0.0,0.00019246339797973633,6.986370948425247e-08,3.390386700630188e-05,27.454668045043945,27.381929397583008,45.077049255371094,45.00981521606445,0.13761016726493835,0.13761016726493835,0.5893898010253906,0.5893898010253906,0.273000031709671,0.273000031709671,0.0,0.0,-3.366264820098877,-3.366264820098877,3.5853357315063477,3.5853357315063477,0.9637470245361328,0.9637470245361328,-0.03158484026789665,-0.03158484026789665,-0.06069454178214073,-0.06069454178214073,0.871467649936676,0.871467649936676,0.5288505554199219,0.5288505554199219,-0.29688793420791626,-0.29688793420791626,-0.12235501408576965,-0.12235501408576965,-47.293270111083984,-47.293270111083984,-32.40251922607422,-32.40251922607422,-22.40252113342285,-22.40252113342285,10.0,10.0,0.0,0.0,180.0
175,0.7291666666666666,0.4531044912600183,6.574725105432721,-286.2055731899668,0.4531044912600183,6.574725105432721,-286.2055731899668,6.5,-6.5,0.0,0.0,10.0,0,0.5,0.0,0.0,4.0,4.0,4.0,6.5747222900390625,6.5747222900390625,6.574725151062012,6.574725151062012,0.47623154520988464,0.47645875811576843,4.801530838012695,4.852965831756592,0.0,0.0,0.0,0.0,nan,nan,-0.34947633743286133,-0.34947633743286133,-0.6989526748657227,0.0,1.2187457084655762,0.5999780893325806,0.0,0.0,0.0,0.5999780893325806,0.0,1.2187457084655762,0.0,0.0,0.0,0.39882558584213257,-0.5121698379516602,1.1932874917984009,0.0,0.0,0.0,0.0,1.2187457084655762,0.5999780893325806,0.0,0.0,0.0,0.5999780893325806,0.0,1.2187457084655762,-0.0,-0.0,-0.0,0.40241822600364685,-0.5546630620956421,1.1729122400283813,0.0,0.0,0.0,2.9802322387695312e-08,0.0,0.6000000238418579,-2.086162567138672e-07,0.05600002408027649,0.6000000238418579,-1.4156103134155273e-07,-0.055999964475631714,0.5999999642372131,0.801243782043457,-1.0668329000473022,2.3661997318267822,0.0,0.0,0.0,0.0011410564184188843,4.6151009769346274e-07,0.00020138174295425415,25.149831771850586,25.072412490844727,41.22220230102539,41.14303970336914,0.15725339949131012,0.15725339949131012,0.6930078864097595,0.6930078864097595,0.14973872900009155,0.14973872900009155,0.0,0.0,-2.6192355155944824,-2.6192355155944824,3.8379812240600586,3.8379812240600586,0.6857283115386963,0.6857283115386963,-0.025055736303329468,-0.025055736303329468,-0.06069454178214073,-0.06069454178214073,0.5999780893325806,0.5999780893325806,0.5288505554199219,0.5288505554199219,-0.27242985367774963,-0.27242985367774963,-0.09789693355560303,-0.09789693355560303,-40.23005294799805,-40.23005294799805,-28.35578155517578,-28.35578155517578,-18.35578155517578,-18.35578155517578,10.0,10.0,0.0,0.0,180.0
176,0.7333333333333333,0.4779669834386081,5.348363237059819,-301.9100827725498,0.4779669834386081,5.348363237059819,-301.9100827725498,6.5,-6.5,0.0,0.0,10.0,0,0.5,0.0,0.0,4.0,4.0,4.0,5.348361492156982,5.348362922668457,5.348363399505615,5.348363399505615,0.49637874960899353,0.49627140164375305,3.7098186016082764,3.6854958534240723,0.0,0.0,0.0,0.0,nan,nan,-2.544257402420044,-2.544257402420044,-5.088514804840088,0.0,2.224978446960449,0.36630940437316895,0.0,0.0,0.0,0.36630940437316895,0.0,2.224978446960449,0.0,0.0,0.0,0.014299544505774975,-0.9849342107772827,2.0284011363983154,0.0,0.0,0.0,0.0,2.224978446960449,0.36630940437316895,0.0,0.0,0.0,0.36630940437316895,0.0,2.224978446960449,-0.0,-0.0,-0.0,0.021191224455833435,-1.0615483522415161,1.9893158674240112,0.0,0.0,0.0,2.9802322387695312e-08,0.0,0.6000000238418579,-1.1920928955078125e-07,0.05600005388259888,0.5999999642372131,-5.960464477539063e-08,-0.055999964475631714,0.6000000238418579,0.035490769892930984,-2.046482563018799,4.017716884613037,0.0,0.0,0.0,0.0021888986229896545,4.79261700547795e-07,0.0003861742443405092,22.559154510498047,22.4796199798584,36.58331298828125,36.49226379394531,0.19639912247657776,0.19639912247657776,0.7825304865837097,0.7825304865837097,0.021070441231131554,0.021070441231131554,0.0,0.0,-1.8235983848571777,-1.8235983848571777,4.048576831817627,4.048576831817627,0.44510751962661743,0.44510751962661743,-0.018103541806340218,-0.018103541806340218,-0.06069454178214073,-0.06069454178214073,0.36630940437316895,0.36630940437316895,0.5288505554199219,0.5288505554199219,-0.24583123624324799,-0.24583123624324799,-0.07129830867052078,-0.07129830867052078,-32.726078033447266,-32.726078033447266,-24.0467472076416,-24.0467472076416,-14.046747207641602,-14.046747207641602,10.0,10.0,0.0,0.0,180.0
177,0.7375,0.4975927693256245,4.063403581844643,-314.30680230953124,0.4975927693256245,4.063403581844643,-314.30680230953124,6.5,-6.5,0.0,0.0,10.0,0,0.5,0.0,0.0,4.0,4.0,4.0,4.06340217590332,4.0634026527404785,4.063403606414795,4.063403606414795,0.511086642742157,0.5106475949287415,2.577272415161133,2.4778361320495605,0.0,0.0,0.0,0.0,nan,nan,-3.6405889987945557,-3.6405889987945557,-7.281177997589111,0.0,3.226592779159546,0.18389636278152466,0.0,0.0,0.0,0.18389636278152466,0.0,3.226592779159546,0.0,0.0,0.0,-0.3163364827632904,-1.4848237037658691,2.8530592918395996,0.0,0.0,0.0,0.0,3.226592779159546,0.18389636278152466,0.0,0.0,0.0,0.18389636278152466,0.0,3.226592779159546,-0.0,-0.0,-0.0,-0.3059656322002411,-1.5947762727737427,2.7942428588867188,0.0,0.0,0.0,2.9802322387695312e-08,0.0,0.6000000238418579,-8.940696716308594e-08,0.05600002408027649,0.5999999642372131,-3.725290298461914e-08,-0.055999964475631714,0.6000000238418579,-0.6223021149635315,-3.0795998573303223,5.647302150726318,0.0,0.0,0.0,0.0032937973737716675,5.463348884404695e-07,0.0005810689181089401,19.693437576293945,19.61591339111328,31.076494216918945,30.975894927978516,0.2546343207359314,0.27390366792678833,0.7453657388687134,0.7260963320732117,0.0,0.0,0.0,0.0,-0.9882223010063171,-0.9882223010063171,4.214815139770508,4.214815139770508,0.25539717078208923,0.25539717078208923,-0.010806267149746418,-0.010806267149746418,-0.06069454178214073,-0.06069454178214073,0.18389636278152466,0.18389636278152466,0.5288505554199219,0.5288505554199219,-0.2173834592103958,-0.2173834592103958,-0.04285051301121712,-0.04285051301121712,-24.863542556762695,-24.863542556762695,-19.52262306213379,-19.52262306213379,-9.522622108459473,-9.522622108459473,10.0,10.0,0.0,0.0,180.0
178,0.7416666666666667,0.5117668247039273,2.7339244266649545,-323.259910747482,0.5117668247039273,2.7339244266649545,-323.259910747482,6.5,-6.5,0.0,0.0,10.0,0,0.5,0.0,0.0,4.0,4.0,4.0,2.733924388885498,2.7339234352111816,2.733924388885498,2.733924388885498,0.5201943516731262,0.5194297432899475,1.4163429737091064,1.243173599243164,0.0,0.0,0.0,0.0,nan,nan,-3.581852436065674,-3.581852436065674,-7.163704872131348,0.0,4.214407444000244,0.06388489902019501,0.0,0.0,0.0,0.06388489902019501,0.0,4.214407444000244,0.0,0.0,0.0,-0.5819763541221619,-1.9922373294830322,3.6684610843658447,0.0,0.0,0.0,0.0,4.214407444000244,0.06388489902019501,0.0,0.0,0.0,0.06388489902019501,0.0,4.214407444000244,-0.0,-0.0,-0.0,-0.5680781602859497,-2.134730577468872,3.5896410942077637,0.0,0.0,0.0,2.9802322387695312e-08,0.0,0.6000000238418579,-7.450580596923828e-08,0.05600005388259888,0.5999999642372131,-5.960464477539063e-08,-0.055999964475631714,0.6000000238418579,-1.1500544548034668,-4.126967906951904,7.2581024169921875,0.0,0.0,0.0,0.00441412627696991,7.382777198472468e-07,0.0007787458598613739,16.585134506225586,16.5164794921875,24.677736282348633,24.575193405151367,0.3882429003715515,0.3882429003715515,0.6117570996284485,0.6117570996284485,0.0,0.0,0.0,0.0,-0.12046787142753601,-0.12046787142753601,4.334875583648682,4.334875583648682,0.12780813872814178,0.12780813872814178,-0.0032287021167576313,-0.0032287021167576313,-0.06069454178214073,-0.06069454178214073,0.06388489902019501,0.06388489902019501,0.5288505554199219,0.5288505554199219,-0.18739819526672363,-0.18739819526672363,-0.012865269556641579,-0.012865269556641579,-16.72859764099121,-16.72859764099121,-14.832971572875977,-14.832971572875977,-4.832972049713135,-4.832972049713135,10.0,10.0,0.0,0.0,180.0
179,0.7458333333333333,0.5203338556566806,1.3744918233563035,-328.671315956798,0.5203338556566806,1.3744918233563035,-328.671315956798,6.5,-6.5,0.0,0.0,10.0,0,0.5,0.0,0.0,4.0,4.0,4.0,1.3744913339614868,1.374491810798645,1.374491810798645,1.374491810798645,0.5232999920845032,0.5225208401679993,-0.0006969310343265533,-0.005084231495857239,0.0,0.0,0.0,0.0,nan,nan,-2.3581910133361816,-2.3581910133361816,-4.716382026672363,0.0,5.181305885314941,0.015125873498618603,0.0,0.0,0.0,0.015125873498618603,0.0,5.181305885314941,0.0,0.0,0.0,-0.774276852607727,-2.488334894180298,4.4782633781433105,0.0,0.0,0.0,0.0,5.181305885314941,0.015125873498618603,0.0,0.0,0.0,0.015125873498618603,0.0,5.181305885314941,-0.0,-0.0,-0.0,-0.7569305300712585,-2.6626715660095215,4.379885673522949,0.0,0.0,0.0,2.9802322387695312e-08,0.0,0.6000000238418579,-8.940696716308594e-08,0.05600002408027649,0.6000000238418579,1.4901161193847656e-08,-0.0559999942779541,0.6000000238418579,-1.5312073230743408,-5.151006698608398,8.858148574829102,0.0,0.0,0.0,0.005509272217750549,5.991159923723899e-07,0.0009717568755149841,13.303915977478027,13.256443977355957,17.49999237060547,17.415996551513672,0.7635338306427002,0.7635338306427002,0.2364661693572998,0.2364661693572998,0.0,0.0,0.0,0.0,0.773864209651947,0.773864209651947,4.40744161605835,4.40744161605835,0.07124235481023788,0.07124235481023788,0.004578058607876301,0.004578058607876301,-0.06069454178214073,-0.06069454178214073,0.015125873498618603,0.015125873498618603,0.5288505554199219,0.5288505554199219,-0.1562040150165558,-0.1562040150165558,0.018328916281461716,0.018328916281461716,-8.410372734069824,-8.410372734069824,-10.029181480407715,-10.029181480407715,-0.029181983321905136,-0.029181983321905136,10.0,10.0,0.0,0.0,180.0
180,0.75,0.5232,9.662059266770309e-15,-330.4817294495969,0.5232,9.662059266770309e-15,-330.4817294495969,6.5,-6.5,0.0,0.0,10.0,0,0.5,0.0,0.0,4.0,4.0,4.0,9.662058242517705e-15,9.662054854385916e-15,9.662059089550652e-15,9.662059089550652e-15,0.5212748646736145,0.5198866128921509,-0.9390689134597778,-1.253448724746704,0.0,0.0,0.0,0.0,nan,nan,-2.039525571540836e-14,-2.039525571540836e-14,-4.079051143081672e-14,0.0,6.1220316886901855,0.04430560767650604,0.0,0.0,0.0,0.04430560767650604,0.0,6.1220316886901855,0.0,0.0,0.0,-0.8873571157455444,-2.9554989337921143,5.287613391876221,0.0,0.0,0.0,0.0,6.1220316886901855,0.04430560767650604,0.0,0.0,0.0,0.04430560767650604,0.0,6.1220316886901855,-0.0,-0.0,-0.0,-0.8667584657669067,-3.161149263381958,5.170792579650879,0.0,0.0,0.0,2.9802322387695312e-08,0.0,0.6000000238418579,-7.450580596923828e-08,0.05600005388259888,0.5999999642372131,-9.685754776000977e-08,-0.055999934673309326,0.5999999642372131,-1.7541155815124512,-6.116648197174072,10.458406448364258,0.0,0.0,0.0,0.006542235612869263,1.3110263807902811e-06,0.001154337078332901,9.999968528747559,9.999968528747559,9.999968528747559,9.999968528747559,1.0,1.0,0.0,0.0,0.0,0.0,0.0,0.0,1.6903128623962402,1.6903128623962402,4.431718826293945,4.431718826293945,0.0924254059791565,0.0924254059791565,0.012574739754199982,0.012574739754199982,-0.06069454178214073,-0.06069454178214073,0.04430560767650604,0.04430560767650604,0.5288505554199219,0.5288505554199219,-0.12414265424013138,-0.12414265424013138,0.050390273332595825,0.050390273332595825,-5.912112433729272e-14,-5.912112433729272e-14,-5.16387939453125,-5.16387939453125,4.836120128631592,4.836120128631592,10.0,10.0,0.0,0.0,180.0
181,0.7541666666666667,0.5203338556566807,-1.3744918233562844,-328.6713159567981,0.5203338556566807,-1.3744918233562844,-328.6713159567981,6.5,-6.5,0.0,0.0,10.0,0,0.5,0.0,0.0,4.0,4.0,4.0,1.3744913339614868,1.374491810798645,1.374491810798645,1.374491810798645,0.5132375955581665,0.5115544199943542,-2.107325315475464,-2.488476037979126,0.0,0.0,0.0,0.0,nan,nan,3.428959608078003,3.428959608078003,6.857919216156006,0.0,7.032732009887695,0.15608108043670654,0.0,0.0,0.0,0.15608108043670654,0.0,7.032732009887695,0.0,0.0,0.0,-0.9174567461013794,-3.3774869441986084,6.102010250091553,0.0,0.0,0.0,0.0,7.032732009887695,0.15608108043670654,0.0,0.0,0.0,0.15608108043670654,0.0,7.032732009887695,-0.0,-0.0,-0.0,-0.8939120173454285,-3.6141185760498047,5.968479633331299,0.0,0.0,0.0,2.9802322387695312e-08,0.0,0.6000000238418579,-8.940696716308594e-08,0.05600002408027649,0.6000000238418579,1.4901161193847656e-08,-0.0559999942779541,0.6000000238418579,-1.811368703842163,-6.991605758666992,12.070489883422852,0.0,0.0,0.0,0.007477879524230957,8.163535767380381e-07,0.0013189837336540222,7.172627925872803,7.289805889129639,9.938973426818848,9.940319061279297,1.0,1.0,0.0,0.0,0.0,0.0,0.0,0.0,2.6252903938293457,2.6252903938293457,4.40744161605835,4.40744161605835,0.19604580104351044,0.19604580104351044,0.020729832351207733,0.020729832351207733,-0.06069454178214073,-0.06069454178214073,0.15608108043670654,0.15608108043670654,0.5288505554199219,0.5288505554199219,-0.09156540036201477,-0.09156540036201477,0.08296752721071243,0.08296752721071243,8.410372734069824,8.410372734069824,-0.29037225246429443,-0.29037225246429443,9.709628105163574,9.709628105163574,10.0,10.0,0.0,0.0,180.0
182,0.7583333333333333,0.5117668247039274,-2.7339244266649354,-323.25991074748214,0.5117668247039274,-2.7339244266649354,-323.25991074748214,6.5,-6.5,0.0,0.0,10.0,0,0.5,0.0,0.0,4.0,4.0,4.0,2.733924388885498,2.7339234352111816,2.733924388885498,2.733924388885498,0.4995782673358917,0.4976167380809784,-3.2522642612457275,-3.6964688301086426,0.0,0.0,0.0,0.0,nan,nan,7.815568447113037,7.815568447113037,15.631136894226074,0.0,7.898821830749512,0.34755462408065796,0.0,0.0,0.0,0.34755462408065796,0.0,7.898821830749512,0.0,0.0,0.0,-0.8664069175720215,-3.733935832977295,6.9151458740234375,0.0,0.0,0.0,0.0,7.898821830749512,0.34755462408065796,0.0,0.0,0.0,0.34755462408065796,0.0,7.898821830749512,-0.0,-0.0,-0.0,-0.8403584957122803,-4.001002788543701,6.767418384552002,0.0,0.0,0.0,2.9802322387695312e-08,0.0,0.6000000238418579,-7.450580596923828e-08,0.05600005388259888,0.5999999642372131,-5.960464477539063e-08,-0.055999964475631714,0.6000000238418579,-1.7067654132843018,-7.734938621520996,13.682563781738281,0.0,0.0,0.0,0.008273124694824219,1.3780022527498659e-06,0.0014595352113246918,6.487066268920898,6.722376823425293,9.878145217895508,9.880812644958496,1.0,1.0,0.0,0.0,0.0,0.0,0.0036176415160298347,0.0036176415160298347,3.575428009033203,3.575428009033203,4.334875583648682,4.334875583648682,0.3847769498825073,0.3847769498825073,0.029013920575380325,0.029013920575380325,-0.06069454178214073,-0.06069454178214073,0.34755462408065796,0.34755462408065796,0.5288505554199219,0.5288505554199219,-0.0588291697204113,-0.0588291697204113,0.1157037541270256,0.1157037541270256,16.72859764099121,16.72859764099121,4.537944793701172,4.537944793701172,14.537944793701172,14.537944793701172,10.0,10.0,0.0,0.0,180.0
183,0.7625,0.49759276932562474,-4.063403581844625,-314.30680230953135,0.49759276932562474,-4.063403581844625,-314.30680230953135,6.5,-6.5,0.0,0.0,10.0,0,0.5,0.0,0.0,4.0,4.0,4.0,4.06340217590332,4.0634026527404785,4.063403606414795,4.063403606414795,0.4804362654685974,0.47823619842529297,-4.3636579513549805,-4.861876487731934,0.0,0.0,0.0,0.0,nan,nan,12.83091926574707,12.83091926574707,25.66183853149414,0.0,8.647600173950195,0.5778529047966003,0.0,0.0,0.0,0.5778529047966003,0.0,8.647600173950195,0.0,0.0,0.0,-0.76411372423172,-3.979480266571045,7.661251068115234,0.0,0.0,0.0,0.0,8.647600173950195,0.5778529047966003,0.0,0.0,0.0,0.5778529047966003,0.0,8.647600173950195,-0.0,-0.0,-0.0,-0.736318826675415,-4.27416467666626,7.5036163330078125,0.0,0.0,0.0,2.9802322387695312e-08,0.0,0.6000000238418579,-8.940696716308594e-08,0.05600002408027649,0.5999999642372131,-3.725290298461914e-08,-0.055999964475631714,0.6000000238418579,-1.5004324913024902,-8.253644943237305,15.164867401123047,0.0,0.0,0.0,0.008827745914459229,1.4619937473980826e-06,0.0015573203563690186,7.838231086730957,8.096651077270508,16.460233688354492,16.714324951171875,0.9861956834793091,0.9789295792579651,0.013804304413497448,0.021070441231131554,0.0,0.0,0.029639502987265587,0.029639502987265587,4.536843299865723,4.536843299865723,4.214815139770508,4.214815139770508,0.6591044068336487,0.6591044068336487,0.037393271923065186,0.037393271923065186,-0.06069454178214073,-0.06069454178214073,0.5778529047966003,0.5778529047966003,0.5288505554199219,0.5288505554199219,-0.026292625814676285,-0.026292625814676285,0.14824029803276062,0.14824029803276062,24.863542556762695,24.863542556762695,9.268174171447754,9.268174171447754,19.268173217773438,19.268173217773438,10.0,10.0,0.0,0.0,180.0
184,0.7666666666666666,0.47796698343860916,-5.3483632370597585,-301.9100827725505,0.47796698343860916,-5.3483632370597585,-301.9100827725505,6.5,-6.5,0.0,0.0,10.0,0,0.5,0.0,0.0,4.0,4.0,4.0,5.348361492156982,5.348362922668457,5.348363399505615,5.348363399505615,0.45594677329063416,0.45369964838027954,-5.446191787719727,-5.955069065093994,0.0,0.0,0.0,0.0,nan,nan,16.82530403137207,16.82530403137207,33.65060806274414,0.0,8.811981201171875,0.6196739673614502,0.0,0.0,0.0,0.6196739673614502,0.0,8.811981201171875,0.0,0.0,0.0,-0.761827826499939,-3.9008119106292725,7.889124393463135,0.0,0.0,0.0,0.0,8.811981201171875,0.6196739673614502,0.0,0.0,0.0,0.6196739673614502,0.0,8.811981201171875,-0.0,-0.0,-0.0,-0.734533429145813,-4.204240798950195,7.734328269958496,0.0,0.0,0.0,2.9802322387695312e-08,0.0,0.6000000238418579,-1.1920928955078125e-07,0.05600005388259888,0.5999999642372131,-5.960464477539063e-08,-0.055999964475631714,0.6000000238418579,-1.496361255645752,-8.105052947998047,15.623453140258789,0.0,0.0,0.0,0.008669048547744751,1.9124822756566573e-06,0.0015295110642910004,9.924579620361328,10.177221298217773,23.22127342224121,23.425678253173828,0.8165895342826843,0.7991940975189209,0.1834104359149933,0.2008059322834015,0.0,0.0,0.1834104359149933,0.1834104359149933,5.504448413848877,5.504448413848877,4.048576831817627,4.048576831817627,1.0169548988342285,1.0169548988342285,0.04582378640770912,0.04582378640770912,-0.06069454178214073,-0.06069454178214073,0.6196739673614502,0.6196739673614502,0.5288505554199219,0.5288505554199219,0.005687745288014412,0.005687745288014412,0.18022066354751587,0.18022066354751587,32.726078033447266,32.726078033447266,13.84848690032959,13.84848690032959,23.848485946655273,23.848485946655273,10.0,10.0,0.0,0.0,180.0
185,0.7708333333333334,0.45310449126001867,-6.574725105432704,-286.205573189967,0.45310449126001867,-6.574725105432704,-286.205573189967,6.5,-6.5,0.0,0.0,10.0,0,0.5,0.0,0.0,4.0,4.0,4.0,6.5747222900390625,6.5747222900390625,6.574725151062012,6.574725151062012,0.42641401290893555,0.42424020171165466,-6.4799017906188965,-6.972168922424316,0.0,0.0,0.0,0.0,nan,nan,20.09006690979004,20.09006690979004,40.18013381958008,0.0,8.60981559753418,0.4526422917842865,0.0,0.0,0.0,0.4526422917842865,0.0,8.60981559753418,0.0,0.0,0.0,-0.910881519317627,-3.618217706680298,7.772554397583008,0.0,0.0,0.0,0.0,8.60981559753418,0.4526422917842865,0.0,0.0,0.0,0.4526422917842865,0.0,8.60981559753418,-0.0,-0.0,-0.0,-0.8855011463165283,-3.9184110164642334,7.628613471984863,0.0,0.0,0.0,2.9802322387695312e-08,0.0,0.6000000238418579,-2.086162567138672e-07,0.05600002408027649,0.6000000238418579,-1.4156103134155273e-07,-0.055999964475631714,0.5999999642372131,-1.7963826656341553,-7.536628723144531,15.401167869567871,0.0,0.0,0.0,0.008060932159423828,3.213166110072052e-06,0.001422889530658722,12.175577163696289,12.413888931274414,29.158050537109375,29.324356079101562,0.6711705327033997,0.6523953676223755,0.32882943749427795,0.3476046323776245,0.0,0.0,0.404153436422348,0.404153436422348,6.471405506134033,6.471405506134033,3.8379812240600586,3.8379812240600586,1.4532002210617065,1.4532002210617065,0.05424624681472778,0.05424624681472778,-0.06069454178214073,-0.06069454178214073,0.4526422917842865,0.4526422917842865,0.5288505554199219,0.5288505554199219,0.0367615669965744,0.0367615669965744,0.211294487118721,0.211294487118721,40.23005294799805,40.23005294799805,18.22869873046875,18.22869873046875,28.22869873046875,28.22869873046875,10.0,10.0,0.0,0.0,180.0
186,0.775,0.42327769145697275,-7.729052909700847,-267.3653354551476,0.42327769145697275,-7.729052909700847,-267.3653354551476,6.5,-6.5,0.0,0.0,10.0,0,0.5,0.0,0.0,4.0,4.0,4.0,7.729051113128662,7.729050159454346,7.729053020477295,7.729053020477295,0.39229339361190796,0.3900485634803772,-7.423577308654785,-7.931920528411865,0.0,0.0,0.0,0.0,nan,nan,24.80949592590332,24.80949592590332,49.61899185180664,0.0,8.8551025390625,0.3738372325897217,0.0,0.0,0.0,0.3738372325897217,0.0,8.8551025390625,0.0,0.0,0.0,-1.0457897186279297,-3.480010747909546,8.08383846282959,0.0,0.0,0.0,0.0,8.8551025390625,0.3738372325897217,0.0,0.0,0.0,0.3738372325897217,0.0,8.8551025390625,-0.0,-0.0,-0.0,-1.0212970972061157,-3.793102502822876,7.944930553436279,0.0,0.0,0.0,2.9802322387695312e-08,0.0,0.6000000238418579,-2.9802322387695312e-08,0.05600002408027649,0.6000000238418579,-1.1175870895385742e-07,-0.055999964475631714,0.6000000238418579,-2.067086696624756,-7.273113250732422,16.02876853942871,0.0,0.0,0.0,0.007779330015182495,1.6065268937381916e-06,0.0013723932206630707,14.35306167602539,14.57370662689209,34.19845199584961,34.33366775512695,0.5769660472869873,0.5769660472869873,0.4230339229106903,0.4230339229106903,0.0,0.0,0.517386257648468,0.517386257648468,7.4288177490234375,7.4288177490234375,3.5853357315063477,3.5853357315063477,1.9591655731201172,1.9591655731201172,0.0625835657119751,0.0625835657119751,-0.06069454178214073,-0.06069454178214073,0.3738372325897217,0.3738372325897217,0.5288505554199219,0.5288505554199219,0.0665883794426918,0.0665883794426918,0.241121307015419,0.241121307015419,47.293270111083984,47.293270111083984,22.36082649230957,22.36082649230957,32.3608283996582,32.3608283996582,10.0,10.0,0.0,0.0,180.0
187,0.7791666666666667,0.38881337268977273,-8.798699592882006,-245.59578715528818,0.38881337268977273,-8.798699592882006,-245.59578715528818,6.5,-6.5,0.0,0.0,10.0,0,0.5,0.0,0.0,4.0,4.0,4.0,8.798699378967285,8.798697471618652,8.798699378967285,8.798699378967285,0.3538963198661804,0.35156184434890747,-8.281018257141113,-8.80966567993164,0.0,0.0,0.0,0.0,nan,nan,29.972198486328125,29.972198486328125,59.94439697265625,0.0,9.159899711608887,0.28984904289245605,0.0,0.0,0.0,0.28984904289245605,0.0,9.159899711608887,0.0,0.0,0.0,-1.1978418827056885,-3.3074259757995605,8.462498664855957,0.0,0.0,0.0,0.0,9.159899711608887,0.28984904289245605,0.0,0.0,0.0,0.28984904289245605,0.0,9.159899711608887,-0.0,-0.0,-0.0,-1.174458622932434,-3.636129856109619,8.32988452911377,0.0,0.0,0.0,2.9802322387695312e-08,0.0,0.6000000238418579,-1.4901161193847656e-08,0.05600005388259888,0.6000000238418579,3.725290298461914e-08,-0.0559999942779541,0.6000000238418579,-2.372300624847412,-6.94355583190918,16.792383193969727,0.0,0.0,0.0,0.00742688775062561,3.162407153922686e-07,0.0013096481561660767,16.3487491607666,16.550140380859375,38.389183044433594,38.49869155883789,0.5014724135398865,0.5014724135398865,0.4688880741596222,0.4688880741596222,0.029639502987265587,0.029639502987265587,0.6117570996284485,0.6117570996284485,8.365673065185547,8.365673065185547,3.2934088706970215,3.2934088706970215,2.522287368774414,2.522287368774414,0.07074028253555298,0.07074028253555298,-0.06069454178214073,-0.06069454178214073,0.28984904289245605,0.28984904289245605,0.5288505554199219,0.5288505554199219,0.09484140574932098,0.09484140574932098,0.2693743109703064,0.2693743109703064,53.838321685791016,53.838321685791016,26.1995906829834,26.1995906829834,36.199588775634766,36.199588775634766,10.0,10.0,0.0,0.0,180.0
188,0.7833333333333333,0.35008913324695445,-9.771945882077285,-221.13544001713282,0.35008913324695445,-9.771945882077285,-221.13544001713282,6.5,-6.5,0.0,0.0,10.0,0,0.5,0.0,0.0,4.0,4.0,4.0,9.771944046020508,9.771944046020508,9.77194595336914,9.77194595336914,0.3116593658924103,0.3091858923435211,-9.039249420166016,-9.599373817443848,0.0,0.0,0.0,0.0,nan,nan,35.60978317260742,35.60978317260742,71.21956634521484,0.0,9.617321014404297,0.27120256423950195,0.0,0.0,0.0,0.27120256423950195,0.0,9.617321014404297,0.0,0.0,0.0,-1.312454342842102,-3.1227736473083496,9.005118370056152,0.0,0.0,0.0,0.0,9.617321014404297,0.27120256423950195,0.0,0.0,0.0,0.27120256423950195,0.0,9.617321014404297,-0.0,-0.0,-0.0,-1.2902419567108154,-3.473106622695923,8.879145622253418,0.0,0.0,0.0,2.9802322387695312e-08,0.0,0.6000000238418579,-2.9802322387695312e-08,0.05600005388259888,0.6000000238418579,-3.725290298461914e-08,-0.0559999942779541,0.5999999642372131,-2.602696418762207,-6.595880508422852,17.88426399230957,0.0,0.0,0.0,0.007054805755615234,1.2090443988199695e-06,0.0012443885207176208,18.113937377929688,18.295137405395508,41.82071304321289,41.908836364746094,0.4637572765350342,0.4637572765350342,0.44769445061683655,0.4333321154117584,0.08854829519987106,0.1029105931520462,0.6496672034263611,0.6496672034263611,9.269046783447266,9.269046783447266,2.9653987884521484,2.9653987884521484,3.126054286956787,3.126054286956787,0.07860427349805832,0.07860427349805832,-0.06069454178214073,-0.06069454178214073,0.27120256423950195,0.27120256423950195,0.5288505554199219,0.5288505554199219,0.12121110409498215,0.12121110409498215,0.29574403166770935,0.29574403166770935,59.79351043701172,59.79351043701172,29.70293617248535,29.70293617248535,39.70293426513672,39.70293426513672,10.0,10.0,0.0,0.0,180.0
189,0.7875,0.307529243999423,-10.638128687277355,-194.25228672258484,0.307529243999423,-10.638128687277355,-194.25228672258484,6.5,-6.5,0.0,0.0,10.0,0,0.5,0.0,0.0,4.0,4.0,4.0,10.638124465942383,10.638129234313965,10.638128280639648,10.638128280639648,0.266011506319046,0.2634187638759613,-9.697602272033691,-10.284748077392578,0.0,0.0,0.0,0.0,nan,nan,41.064857482910156,41.064857482910156,82.12971496582031,0.0,10.013639450073242,0.2415873259305954,0.0,0.0,0.0,0.2415873259305954,0.0,10.013639450073242,0.0,0.0,0.0,-1.4292433261871338,-2.8455514907836914,9.496916770935059,0.0,0.0,0.0,0.0,10.013639450073242,0.2415873259305954,0.0,0.0,0.0,0.2415873259305954,0.0,10.013639450073242,-0.0,-0.0,-0.0,-1.4088318347930908,-3.215658187866211,9.381155014038086,0.0,0.0,0.0,2.9802322387695312e-08,0.0,0.6000000238418579,-1.1920928955078125e-07,0.0559999942779541,0.6000000238418579,8.195638656616211e-08,-0.0559999942779541,0.5999999642372131,-2.8380751609802246,-6.061209678649902,18.878070831298828,0.0,0.0,0.0,0.006482481956481934,1.0098584652951104e-06,0.0011432915925979614,19.62998390197754,19.79026222229004,44.59147644042969,44.661685943603516,0.4260307848453522,0.4260307848453522,0.4242304861545563,0.4242304861545563,0.14973872900009155,0.14973872900009155,0.6877620816230774,0.6877620816230774,10.124513626098633,10.124513626098633,2.6048989295959473,2.6048989295959473,3.7503113746643066,3.7503113746643066,0.08605034649372101,0.08605034649372101,-0.06069454178214073,-0.06069454178214073,0.2415873259305954,0.2415873259305954,0.5288505554199219,0.5288505554199219,0.1454085409641266,0.1454085409641266,0.3199414610862732,0.3199414610862732,65.09359741210938,65.09359741210938,32.83247756958008,32.83247756958008,42.83247756958008,42.83247756958008,10.0,10.0,0.0,0.0,180.0
190,0.7916666666666666,0.2616000000000009,-11.387757928408101,-165.24086472479902,0.2616000000000009,-11.387757928408101,-165.24086472479902,6.5,-6.5,0.0,0.0,10.0,0,0.5,0.0,0.0,4.0,4.0,4.0,11.387758255004883,11.3877534866333,11.387758255004883,11.387758255004883,0.21745118498802185,0.21476353704929352,-10.249259948730469,-10.857888221740723,0.0,0.0,0.0,0.0,nan,nan,46.075828552246094,46.075828552246094,92.15165710449219,0.0,10.332786560058594,0.20464488863945007,0.0,0.0,0.0,0.20464488863945007,0.0,10.332786560058594,0.0,0.0,0.0,-1.54035484790802,-2.4782962799072266,9.914318084716797,0.0,0.0,0.0,0.0,10.332786560058594,0.20464488863945007,0.0,0.0,0.0,0.20464488863945007,0.0,10.332786560058594,-0.0,-0.0,-0.0,-1.5223593711853027,-2.865363121032715,9.812261581420898,0.0,0.0,0.0,2.9802322387695312e-08,0.0,0.6000000238418579,0.0,0.05600005388259888,0.5999999642372131,-1.1920928955078125e-07,-0.055999964475631714,0.5999999642372131,-3.062714099884033,-5.343659400939941,19.726579666137695,0.0,0.0,0.0,0.005715727806091309,1.9401627469051164e-06,0.0010083839297294617,20.89377212524414,21.032363891601562,46.79151153564453,46.84650802612305,0.40714818239212036,0.40714818239212036,0.39204591512680054,0.39204591512680054,0.2008059322834015,0.2008059322834015,0.7260963320732117,0.7260963320732117,10.916738510131836,10.916738510131836,2.2158594131469727,2.2158594131469727,4.371974945068359,4.371974945068359,0.09294532239437103,0.09294532239437103,-0.06069454178214073,-0.06069454178214073,0.20464488863945007,0.20464488863945007,0.5288505554199219,0.5288505554199219,0.16716863214969635,0.16716863214969635,0.34170156717300415,0.34170156717300415,69.68050384521484,69.68050384521484,35.55393600463867,35.55393600463867,45.553932189941406,45.553932189941406,10.0,10.0,0.0,0.0,180.0
191,0.7958333333333333,0.21280461165725933,-12.012620510633655,-134.4190292342143,0.21280461165725933,-12.012620510633655,-134.4190292342143,6.5,-6.5,0.0,0.0,10.0,0,0.5,0.0,0.0,4.0,4.0,4.0,12.012619018554688,12.012619018554688,12.01262092590332,12.01262092590332,0.16651737689971924,0.1637464165687561,-10.686599731445312,-11.314092636108398,0.0,0.0,0.0,0.0,nan,nan,50.47099304199219,50.47099304199219,100.94198608398438,0.0,10.613319396972656,0.19067075848579407,0.0,0.0,0.0,0.19067075848579407,0.0,10.613319396972656,0.0,0.0,0.0,-1.620840072631836,-2.039980888366699,10.290299415588379,0.0,0.0,0.0,0.0,10.613319396972656,0.19067075848579407,0.0,0.0,0.0,0.19067075848579407,0.0,10.613319396972656,-0.0,-0.0,-0.0,-1.6057449579238892,-2.4422767162323,10.204693794250488,0.0,0.0,0.0,2.9802322387695312e-08,0.0,0.6000000238418579,0.0,0.05600005388259888,0.6000000238418579,-5.21540641784668e-08,-0.055999964475631714,0.6000000238418579,-3.2265849113464355,-4.482257843017578,20.494993209838867,0.0,0.0,0.0,0.0047948360443115234,1.143014628723904e-06,0.0008457303047180176,21.90996551513672,22.025917053222656,48.49627685546875,48.53810119628906,0.3882429003715515,0.3882429003715515,0.37529096007347107,0.37529096007347107,0.2364661693572998,0.2364661693572998,0.7453657388687134,0.7453657388687134,11.630156517028809,11.630156517028809,1.8025422096252441,1.8025422096252441,4.966104507446289,4.966104507446289,0.09915400296449661,0.09915400296449661,-0.06069454178214073,-0.06069454178214073,0.19067075848579407,0.19067075848579407,0.5288505554199219,0.5288505554199219,0.18625293672084808,0.18625293672084808,0.3607858419418335,0.3607858419418335,73.50397491455078,73.50397491455078,37.83747863769531,37.83747863769531,47.83747863769531,47.83747863769531,10.0,10.0,0.0,0.0,180.0
192,0.8,0.1616776914569729,-12.505870308742253,-102.12447073034924,0.1616776914569729,-12.505870308742253,-102.12447073034924,6.5,-6.5,0.0,0.0,10.0,0,0.5,0.0,0.0,4.0,4.0,4.0,12.505868911743164,12.505866050720215,12.50586986541748,12.505870819091797,0.11376573145389557,0.11092868447303772,-11.005363464355469,-11.647818565368652,0.0,0.0,0.0,0.0,nan,nan,53.98158645629883,53.98158645629883,107.96317291259766,0.0,10.836573600769043,0.20158010721206665,0.0,0.0,0.0,0.20158010721206665,0.0,10.836573600769043,0.0,0.0,0.0,-1.664211630821228,-1.5367048978805542,10.599099159240723,0.0,0.0,0.0,0.0,10.836573600769043,0.20158010721206665,0.0,0.0,0.0,0.20158010721206665,0.0,10.836573600769043,-0.0,-0.0,-0.0,-1.6524648666381836,-1.9514621496200562,10.532479286193848,0.0,0.0,0.0,2.9802322387695312e-08,0.0,0.6000000238418579,-4.470348358154297e-08,0.05600005388259888,0.5999999642372131,-3.725290298461914e-08,-0.055999964475631714,0.5999999642372131,-3.316676616668701,-3.4881670475006104,21.13157844543457,0.0,0.0,0.0,0.0037314295768737793,1.6936414795054588e-06,0.0006582066416740417,22.686660766601562,22.778676986694336,49.765262603759766,49.7954216003418,0.36930710077285767,0.36930710077285767,0.3576928973197937,0.3576928973197937,0.273000031709671,0.273000031709671,0.7453657388687134,0.7453657388687134,12.249711990356445,12.249711990356445,1.3694764375686646,1.3694764375686646,5.507285118103027,5.507285118103027,0.10454556345939636,0.10454556345939636,-0.06069454178214073,-0.06069454178214073,0.20158010721206665,0.20158010721206665,0.5288505554199219,0.5288505554199219,0.2024523764848709,0.2024523764848709,0.3769853115081787,0.3769853115081787,76.5221176147461,76.5221176147461,39.65809631347656,39.65809631347656,49.65810012817383,49.65810012817383,10.0,10.0,0.0,0.0,180.0
193,0.8041666666666667,0.10877939663585179,-12.862103174726663,-68.71101515424306,0.10877939663585179,-12.862103174726663,-68.71101515424306,6.5,-6.5,0.0,0.0,10.0,0,0.5,0.0,0.0,4.0,4.0,4.0,12.862102508544922,12.862101554870605,12.862103462219238,12.862103462219238,0.059755176305770874,0.05690803378820419,-11.206371307373047,-11.85111141204834,0.0,0.0,0.0,0.0,nan,nan,56.19171905517578,56.19171905517578,112.38343811035156,0.0,10.882471084594727,0.18065956234931946,0.0,0.0,0.0,0.18065956234931946,0.0,10.882471084594727,0.0,0.0,0.0,-1.7042558193206787,-0.9714714288711548,10.70572566986084,0.0,0.0,0.0,0.0,10.882471084594727,0.18065956234931946,0.0,0.0,0.0,0.18065956234931946,0.0,10.882471084594727,-0.0,-0.0,-0.0,-1.6963003873825073,-1.390994668006897,10.660605430603027,0.0,0.0,0.0,2.9802322387695312e-08,0.0,0.6000000238418579,-2.9802322387695312e-08,0.05600002408027649,0.5999999642372131,-3.725290298461914e-08,-0.055999964475631714,0.6000000238418579,-3.4005560874938965,-2.3624660968780518,21.366331100463867,0.0,0.0,0.0,0.0025273561477661133,1.4545419162459439e-06,0.0004457607865333557,23.233043670654297,23.2993106842041,50.64280319213867,50.662349700927734,0.36930710077285767,0.36930710077285767,0.33919021487236023,0.33919021487236023,0.2915026843547821,0.2915026843547821,0.7647067308425903,0.7647067308425903,12.761597633361816,12.761597633361816,0.9214061498641968,0.9214061498641968,5.971185684204102,5.971185684204102,0.10899999737739563,0.10899999737739563,-0.06069454178214073,-0.06069454178214073,0.18065956234931946,0.18065956234931946,0.5288505554199219,0.5288505554199219,0.2155894935131073,0.2155894935131073,0.3901224434375763,0.3901224434375763,78.70185852050781,78.70185852050781,40.99584197998047,40.99584197998047,50.9958381652832,50.9958381652832,10.0,10.0,0.0,0.0,180.0
194,0.8083333333333333,0.05468929198163609,-13.077416146760639,-34.54474731740266,0.05468929198163609,-13.077416146760639,-34.54474731740266,6.5,-6.5,0.0,0.0,10.0,0,0.5,0.0,0.0,4.0,4.0,4.0,13.077414512634277,13.077415466308594,13.07741641998291,13.07741641998291,0.005093628074973822,0.0022602227982133627,-11.283767700195312,-11.925395965576172,0.0,0.0,0.0,0.0,nan,nan,57.14447784423828,57.14447784423828,114.28895568847656,0.0,10.84921646118164,0.18645375967025757,0.0,0.0,0.0,0.18645375967025757,0.0,10.84921646118164,0.0,0.0,0.0,-1.6991466283798218,-0.3828795850276947,10.710114479064941,0.0,0.0,0.0,0.0,10.84921646118164,0.18645375967025757,0.0,0.0,0.0,0.18645375967025757,0.0,10.84921646118164,-0.0,-0.0,-0.0,-1.6951533555984497,-0.802978515625,10.687466621398926,0.0,0.0,0.0,2.9802322387695312e-08,0.0,0.6000000238418579,-8.195638656616211e-08,0.05600002408027649,0.5999999642372131,-2.9802322387695312e-08,-0.0559999942779541,0.6000000238418579,-3.3942999839782715,-1.185858130455017,21.397581100463867,0.0,0.0,0.0,0.001268625259399414,1.9352482922840863e-06,0.00022376328706741333,23.5583438873291,23.596214294433594,51.15937042236328,51.168983459472656,0.36930710077285767,0.36930710077285767,0.33919021487236023,0.33919021487236023,0.2915026843547821,0.2915026843547821,0.7647067308425903,0.7647067308425903,13.153922080993652,13.153922080993652,0.46324077248573303,0.46324077248573303,6.336139678955078,6.336139678955078,0.11241394281387329,0.11241394281387329,-0.06069454178214073,-0.06069454178214073,0.18645375967025757,0.18645375967025757,0.5288505554199219,0.5288505554199219,0.2255203127861023,0.2255203127861023,0.4000532031059265,0.4000532031059265,80.01934051513672,80.01934051513672,41.8360595703125,41.8360595703125,51.836063385009766,51.836063385009766,10.0,10.0,0.0,0.0,180.0
195,0.8125,-5.129120149201791e-16,-13.149450210865439,3.2398327550897984e-13,-5.129120149201791e-16,-13.149450210865439,3.2398327550897984e-13,6.5,-6.5,0.0,0.0,10.0,0,0.5,0.0,0.0,4.0,4.0,4.0,13.149449348449707,13.149443626403809,13.14945125579834,13.14945125579834,-0.049637481570243835,-0.05239860713481903,-11.24064826965332,-11.8659086227417,0.0,0.0,0.0,0.0,nan,nan,56.57692337036133,56.57692337036133,113.15384674072266,0.0,10.629439353942871,0.16124562919139862,0.0,0.0,0.0,0.16124562919139862,0.0,10.629439353942871,0.0,0.0,0.0,-1.6866343021392822,0.20610253512859344,10.493987083435059,0.0,0.0,0.0,0.0,10.629439353942871,0.16124562919139862,0.0,0.0,0.0,0.16124562919139862,0.0,10.629439353942871,-0.0,-0.0,-0.0,-1.6866343021392822,-0.20610253512859344,10.493987083435059,0.0,0.0,0.0,2.9802322387695312e-08,0.0,0.6000000238418579,2.9802322387695312e-08,0.05600005388259888,0.5999999642372131,-8.195638656616211e-08,-0.055999934673309326,0.5999999642372131,-3.3732686042785645,0.0,20.987974166870117,0.0,0.0,0.0,1.2516975402832031e-06,1.3738568895860226e-06,2.2351741790771484e-07,23.677425384521484,23.67742347717285,51.332786560058594,51.33278274536133,0.36930710077285767,0.36930710077285767,0.33919021487236023,0.33919021487236023,0.2915026843547821,0.2915026843547821,0.7841192483901978,0.7841192483901978,13.417312622070312,13.417312622070312,-4.3445751350353924e-15,-4.3445751350353924e-15,6.584644317626953,6.584644317626953,0.1147058755159378,0.1147058755159378,-0.06069454178214073,-0.06069454178214073,0.16124562919139862,0.16124562919139862,0.5288505554199219,0.5288505554199219,0.2321360558271408,0.2321360558271408,0.4066689908504486,0.4066689908504486,80.4601058959961,80.4601058959961,42.169532775878906,42.169532775878906,52.169532775878906,52.169532775878906,10.0,10.0,0.0,0.0,180.0
196,0.8166666666666667,-0.05468929198163527,-13.07741614676064,34.544747317402134,-0.05468929198163527,-13.07741614676064,34.544747317402134,6.5,-6.5,0.0,0.0,10.0,0,0.5,0.0,0.0,4.0,4.0,4.0,13.077414512634277,13.077414512634277,13.07741641998291,13.07741641998291,-0.10382247716188431,-0.10648562014102936,-11.073860168457031,-11.676928520202637,0.0,0.0,0.0,0.0,nan,nan,54.67561721801758,54.67561721801758,109.35123443603516,0.0,10.324211120605469,0.1628633737564087,0.0,0.0,0.0,0.1628633737564087,0.0,10.324211120605469,0.0,0.0,0.0,-1.6274689435958862,0.7641215920448303,10.16775894165039,0.0,0.0,0.0,0.0,10.324211120605469,0.1628633737564087,0.0,0.0,0.0,0.1628633737564087,0.0,10.324211120605469,-0.0,-0.0,-0.0,-1.631268858909607,0.3643516004085541,10.189311027526855,0.0,0.0,0.0,2.9802322387695312e-08,0.0,0.6000000238418579,-2.9802322387695312e-08,0.05600002408027649,0.5999999642372131,2.9802322387695312e-08,-0.0559999942779541,0.5999999642372131,-3.258737802505493,1.128473162651062,20.357070922851562,0.0,0.0,0.0,-0.0012065768241882324,8.002815548024955e-07,-0.00021278858184814453,23.596214294433594,23.5583438873291,51.168983459472656,51.15937423706055,0.36930710077285767,0.36930710077285767,0.33919021487236023,0.33919021487236023,0.2915026843547821,0.2915026843547821,0.7841192483901978,0.7841192483901978,13.545368194580078,13.545368194580078,-0.46324077248573303,-0.46324077248573303,6.70458984375,6.70458984375,0.11582017689943314,0.11582017689943314,-0.06069454178214073,-0.06069454178214073,0.1628633737564087,0.1628633737564087,0.5288505554199219,0.5288505554199219,0.23536424338817596,0.23536424338817596,0.4098971486091614,0.4098971486091614,80.01934051513672,80.01934051513672,41.99262619018555,41.99262619018555,51.99262237548828,51.99262237548828,10.0,10.0,0.0,0.0,180.0
197,0.8208333333333333,-0.10877939663585097,-12.862103174726666,68.71101515424253,-0.10877939663585097,-12.862103174726666,68.71101515424253,6.5,-6.5,0.0,0.0,10.0,0,0.5,0.0,0.0,4.0,4.0,4.0,12.862101554870605,12.862100601196289,12.862103462219238,12.862103462219238,-0.15687571465969086,-0.15940020978450775,-10.787040710449219,-11.35871696472168,0.0,0.0,0.0,0.0,nan,nan,51.4472541809082,51.4472541809082,102.8945083618164,0.0,9.88767147064209,0.16286776959896088,0.0,0.0,0.0,0.16286776959896088,0.0,9.88767147064209,0.0,0.0,0.0,-1.5424939393997192,1.2638397216796875,9.685866355895996,0.0,0.0,0.0,0.0,9.88767147064209,0.16286776959896088,0.0,0.0,0.0,0.16286776959896088,0.0,9.88767147064209,-0.0,-0.0,-0.0,-1.549722671508789,0.8826661109924316,9.726861000061035,0.0,0.0,0.0,2.9802322387695312e-08,0.0,0.6000000238418579,-5.21540641784668e-08,0.05600002408027649,0.5999999642372131,-1.4901161193847656e-08,-0.0559999942779541,0.5999999642372131,-3.0922164916992188,2.146505832672119,19.41272735595703,0.0,0.0,0.0,-0.002295255661010742,1.4129536793916486e-06,-0.00040490180253982544,23.2993106842041,23.233043670654297,50.662353515625,50.642799377441406,0.36930710077285767,0.36930710077285767,0.33919021487236023,0.33919021487236023,0.2915026843547821,0.2915026843547821,0.7841192483901978,0.7841192483901978,13.534982681274414,13.534982681274414,-0.9214061498641968,-0.9214061498641968,6.690123081207275,6.690123081207275,0.11572983860969543,0.11572983860969543,-0.06069454178214073,-0.06069454178214073,0.16286776959896088,0.16286776959896088,0.5288505554199219,0.5288505554199219,0.23516948521137238,0.23516948521137238,0.4097024202346802,0.4097024202346802,78.70185852050781,78.70185852050781,41.3072624206543,41.3072624206543,51.3072624206543,51.3072624206543,10.0,10.0,0.0,0.0,180.0
198,0.825,-0.1616776914569721,-12.50587030874226,102.12447073034875,-0.1616776914569721,-12.50587030874226,102.12447073034875,6.5,-6.5,0.0,0.0,10.0,0,0.5,0.0,0.0,4.0,4.0,4.0,12.505867958068848,12.505864143371582,12.50586986541748,12.50586986541748,-0.20821523666381836,-0.21056336164474487,-10.38318157196045,-10.91491413116455,0.0,0.0,0.0,0.0,nan,nan,47.068946838378906,47.068946838378906,94.13789367675781,0.0,9.329092025756836,0.16125866770744324,0.0,0.0,0.0,0.16125866770744324,0.0,9.329092025756836,0.0,0.0,0.0,-1.4346821308135986,1.6799927949905396,9.065167427062988,0.0,0.0,0.0,0.0,9.329092025756836,0.16125866770744324,0.0,0.0,0.0,0.16125866770744324,0.0,9.329092025756836,-0.0,-0.0,-0.0,-1.4447951316833496,1.3229334354400635,9.122520446777344,0.0,0.0,0.0,2.9802322387695312e-08,0.0,0.6000000238418579,-7.450580596923828e-08,0.05600005388259888,0.5999999642372131,-1.1920928955078125e-07,-0.055999934673309326,0.5999999642372131,-2.8794772624969482,3.0029263496398926,18.187686920166016,0.0,0.0,0.0,-0.0032104849815368652,2.4765622583799995e-06,-0.000566527247428894,22.77867889404297,22.686660766601562,49.7954216003418,49.765262603759766,0.36930710077285767,0.36930710077285767,0.3576928973197937,0.3576928973197937,0.273000031709671,0.273000031709671,0.7841192483901978,0.7841192483901978,13.38650131225586,13.38650131225586,-1.3694764375686646,-1.3694764375686646,6.542076110839844,6.542076110839844,0.11443784087896347,0.11443784087896347,-0.06069454178214073,-0.06069454178214073,0.16125866770744324,0.16125866770744324,0.5288505554199219,0.5288505554199219,0.23155389726161957,0.23155389726161957,0.40608686208724976,0.40608686208724976,76.5221176147461,76.5221176147461,40.1209602355957,40.1209602355957,50.1209602355957,50.1209602355957,10.0,10.0,0.0,0.0,180.0
199,0.8291666666666666,-0.21280461165725686,-12.012620510633683,134.41902923421273,-0.21280461165725686,-12.012620510633683,134.41902923421273,6.5,-6.5,0.0,0.0,10.0,0,0.5,0.0,0.0,4.0,4.0,4.0,12.012619018554688,12.012617111206055,12.01262092590332,12.01262092590332,-0.2572702467441559,-0.25942274928092957,-9.86483097076416,-10.352259635925293,0.0,0.0,0.0,0.0,nan,nan,41.85786437988281,41.85786437988281,83.71572875976562,0.0,8.706222534179688,0.18648192286491394,0.0,0.0,0.0,0.18648192286491394,0.0,8.706222534179688,0.0,0.0,0.0,-1.2875946760177612,2.0034265518188477,8.37624454498291,0.0,0.0,0.0,0.0,8.706222534179688,0.18648192286491394,0.0,0.0,0.0,0.18648192286491394,0.0,8.706222534179688,-0.0,-0.0,-0.0,-1.2999769449234009,1.673418641090393,8.446468353271484,0.0,0.0,0.0,2.9802322387695312e-08,0.0,0.6000000238418579,-1.043081283569336e-07,0.05600002408027649,0.5999999642372131,-2.9802322387695312e-08,-0.055999964475631714,0.5999999642372131,-2.587571620941162,3.676845073699951,16.822711944580078,0.0,0.0,0.0,-0.003931820392608643,1.7810218650993193e-06,-0.0006936937570571899,22.025917053222656,21.90996551513672,48.53810119628906,48.49627685546875,0.3882429003715515,0.3882429003715515,0.37529096007347107,0.37529096007347107,0.2364661693572998,0.2364661693572998,0.7647067308425903,0.7647067308425903,13.103694915771484,13.103694915771484,-1.8025422096252441,-1.8025422096252441,6.267895221710205,6.267895221710205,0.1119769960641861,0.1119769960641861,-0.06069454178214073,-0.06069454178214073,0.18648192286491394,0.18648192286491394,0.5288505554199219,0.5288505554199219,0.22455717623233795,0.22455717623233795,0.39909011125564575,0.39909011125564575,73.50397491455078,73.50397491455078,38.44671630859375,38.44671630859375,48.44671630859375,48.44671630859375,10.0,10.0,0.0,0.0,180.0
200,0.8333333333333334,-0.26160000000000017,-11.387757928408112,165.24086472479857,-0.26160000000000017,-11.387757928408112,165.24086472479857,6.5,-6.5,0.0,0.0,10.0,0,0.5,0.0,0.0,4.0,4.0,4.0,11.3877534866333,11.38775634765625,11.387758255004883,11.3877592086792,-0.3035165071487427,-0.3054298758506775,-9.240653991699219,-9.673924446105957,0.0,0.0,0.0,0.0,nan,nan,35.9595947265625,35.9595947265625,71.919189453125,0.0,7.945261001586914,0.18069784343242645,0.0,0.0,0.0,0.18069784343242645,0.0,7.945261001586914,0.0,0.0,0.0,-1.1476138830184937,2.2032835483551025,7.549062728881836,0.0,0.0,0.0,0.0,7.945261001586914,0.18069784343242645,0.0,0.0,0.0,0.18069784343242645,0.0,7.945261001586914,-0.0,-0.0,-0.0,-1.1614511013031006,1.9056533575057983,7.627538681030273,0.0,0.0,0.0,2.9802322387695312e-08,0.0,0.6000000238418579,-1.564621925354004e-07,0.0559999942779541,0.5999999642372131,-8.940696716308594e-08,-0.055999964475631714,0.5999999642372131,-2.3090648651123047,4.108936786651611,15.17660140991211,0.0,0.0,0.0,-0.004394173622131348,2.4530268092348706e-06,-0.0007754862308502197,21.032363891601562,20.893775939941406,46.84650802612305,46.79151916503906,0.40714818239212036,0.40714818239212036,0.39204591512680054,0.39204591512680054,0.2008059322834015,0.2008059322834015,0.7647067308425903,0.7647067308425903,12.69357681274414,12.69357681274414,-2.2158594131469727,-2.2158594131469727,5.8810858726501465,5.8810858726501465,0.10840825736522675,0.10840825736522675,-0.06069454178214073,-0.06069454178214073,0.18069784343242645,0.18069784343242645,0.5288505554199219,0.5288505554199219,0.2142559140920639,0.2142559140920639,0.3887888491153717,0.3887888491153717,69.68050384521484,69.68050384521484,36.30286407470703,36.30286407470703,46.30286407470703,46.30286407470703,10.0,10.0,0.0,0.0,180.0
201,0.8375,-0.30752924399942233,-10.63812868727737,194.25228672258442,-0.30752924399942233,-10.63812868727737,194.25228672258442,6.5,-6.5,0.0,0.0,10.0,0,0.5,0.0,0.0,4.0,4.0,4.0,10.638124465942383,10.638128280639648,10.638127326965332,10.638128280639648,-0.3464314639568329,-0.348096638917923,-8.513886451721191,-8.890948295593262,0.0,0.0,0.0,0.0,nan,nan,29.83804702758789,29.83804702758789,59.67609405517578,0.0,7.1533918380737305,0.20164155960083008,0.0,0.0,0.0,0.20164155960083008,0.0,7.1533918380737305,0.0,0.0,0.0,-0.9778009653091431,2.297152519226074,6.706613540649414,0.0,0.0,0.0,0.0,7.1533918380737305,0.20164155960083008,0.0,0.0,0.0,0.20164155960083008,0.0,7.1533918380737305,-0.0,-0.0,-0.0,-0.9923824667930603,2.032762289047241,6.789309501647949,0.0,0.0,0.0,2.9802322387695312e-08,0.0,0.6000000238418579,-1.341104507446289e-07,0.0559999942779541,0.5999999642372131,-4.470348358154297e-08,-0.05600002408027649,0.5999999642372131,-1.9701833724975586,4.3299150466918945,13.495923042297363,0.0,0.0,0.0,-0.004630923271179199,1.7225746660187724e-06,-0.0008171200752258301,19.79026222229004,19.629981994628906,44.66168212890625,44.59147644042969,0.4260307848453522,0.4260307848453522,0.4242304861545563,0.4242304861545563,0.14973872900009155,0.14973872900009155,0.7453657388687134,0.7453657388687134,12.166044235229492,12.166044235229492,-2.6048989295959473,-2.6048989295959473,5.40023946762085,5.40023946762085,0.10381771624088287,0.10381771624088287,-0.06069454178214073,-0.06069454178214073,0.20164155960083008,0.20164155960083008,0.5288505554199219,0.5288505554199219,0.20076295733451843,0.20076295733451843,0.37529587745666504,0.37529587745666504,65.09359741210938,65.09359741210938,33.71289825439453,33.71289825439453,43.71289825439453,43.71289825439453,10.0,10.0,0.0,0.0,180.0
202,0.8416666666666667,-0.35008913324695384,-9.771945882077299,221.13544001713242,-0.35008913324695384,-9.771945882077299,221.13544001713242,6.5,-6.5,0.0,0.0,10.0,0,0.5,0.0,0.0,4.0,4.0,4.0,9.771944046020508,9.771944046020508,9.77194595336914,9.77194595336914,-0.38555681705474854,-0.3869435489177704,-7.695195198059082,-8.009211540222168,0.0,0.0,0.0,0.0,nan,nan,23.68008041381836,23.68008041381836,47.36016082763672,0.0,6.266811370849609,0.19074222445487976,0.0,0.0,0.0,0.19074222445487976,0.0,6.266811370849609,0.0,0.0,0.0,-0.8269345760345459,2.2631359100341797,5.788238525390625,0.0,0.0,0.0,0.0,6.266811370849609,0.19074222445487976,0.0,0.0,0.0,0.19074222445487976,0.0,6.266811370849609,-0.0,-0.0,-0.0,-0.8414087891578674,2.0348527431488037,5.870324611663818,0.0,0.0,0.0,2.9802322387695312e-08,0.0,0.6000000238418579,-1.6391277313232422e-07,0.0559999942779541,0.5999999642372131,-5.960464477539063e-08,-0.05600002408027649,0.6000000238418579,-1.6683433055877686,4.2979888916015625,11.658563613891602,0.0,0.0,0.0,-0.0045968592166900635,1.6954062402874115e-06,-0.0008112043142318726,18.29513931274414,18.113937377929688,41.908851623535156,41.82071304321289,0.4637572765350342,0.4637572765350342,0.4333321154117584,0.44769445061683655,0.1029105931520462,0.08854829519987106,0.7453657388687134,0.7453657388687134,11.53339672088623,11.53339672088623,-2.9653987884521484,-2.9653987884521484,4.847716331481934,4.847716331481934,0.09831226617097855,0.09831226617097855,-0.06069454178214073,-0.06069454178214073,0.19074222445487976,0.19074222445487976,0.5288505554199219,0.5288505554199219,0.18422618508338928,0.18422618508338928,0.3587591052055359,0.3587591052055359,59.79351043701172,59.79351043701172,30.705198287963867,30.705198287963867,40.705196380615234,40.705196380615234,10.0,10.0,0.0,0.0,180.0
203,0.8458333333333333,-0.3888133726897721,-8.79869959288202,245.59578715528778,-0.3888133726897721,-8.79869959288202,245.59578715528778,6.5,-6.5,0.0,0.0,10.0,0,0.5,0.0,0.0,4.0,4.0,4.0,8.798696517944336,8.798697471618652,8.798699378967285,8.798699378967285,-0.4204488694667816,-0.4215601682662964,-6.790133953094482,-7.041780948638916,0.0,0.0,0.0,0.0,nan,nan,17.911792755126953,17.911792755126953,35.823585510253906,0.0,5.388915061950684,0.20474624633789062,0.0,0.0,0.0,0.20474624633789062,0.0,5.388915061950684,0.0,0.0,0.0,-0.6572490930557251,2.1391921043395996,4.9065470695495605,0.0,0.0,0.0,0.0,5.388915061950684,0.20474624633789062,0.0,0.0,0.0,0.20474624633789062,0.0,5.388915061950684,-0.0,-0.0,-0.0,-0.6710058450698853,1.9458112716674805,4.984565734863281,0.0,0.0,0.0,2.9802322387695312e-08,0.0,0.6000000238418579,-1.1175870895385742e-07,0.05600005388259888,0.5999999642372131,4.470348358154297e-08,-0.05600002408027649,0.6000000238418579,-1.3282549381256104,4.08500337600708,9.89111328125,0.0,0.0,0.0,-0.0043687522411346436,6.594751766897389e-07,-0.0007706321775913239,16.550140380859375,16.3487491607666,38.49869918823242,38.389183044433594,0.5014724135398865,0.5014724135398865,0.4688880741596222,0.4688880741596222,0.029639502987265587,0.029639502987265587,0.7260963320732117,0.7260963320732117,10.809706687927246,10.809706687927246,-3.2934088706970215,-3.2934088706970215,4.248120307922363,4.248120307922363,0.09201421588659286,0.09201421588659286,-0.06069454178214073,-0.06069454178214073,0.20474624633789062,0.20474624633789062,0.5288505554199219,0.5288505554199219,0.16482675075531006,0.16482675075531006,0.33935967087745667,0.33935967087745667,53.838321685791016,53.838321685791016,27.312719345092773,27.312719345092773,37.312721252441406,37.312721252441406,10.0,10.0,0.0,0.0,180.0
204,0.85,-0.4232776914569722,-7.729052909700865,267.36533545514726,-0.4232776914569722,-7.729052909700865,267.36533545514726,6.5,-6.5,0.0,0.0,10.0,0,0.5,0.0,0.0,4.0,4.0,4.0,7.729052543640137,7.729052543640137,7.729053020477295,7.729053020477295,-0.4507245123386383,-0.4515678882598877,-5.808452129364014,-5.999427795410156,0.0,0.0,0.0,0.0,nan,nan,12.7730712890625,12.7730712890625,25.546142578125,0.0,4.534917831420898,0.24175573885440826,0.0,0.0,0.0,0.24175573885440826,0.0,4.534917831420898,0.0,0.0,0.0,-0.4734913110733032,1.9425424337387085,4.077530860900879,0.0,0.0,0.0,0.0,4.534917831420898,0.24175573885440826,0.0,0.0,0.0,0.24175573885440826,0.0,4.534917831420898,-0.0,-0.0,-0.0,-0.48603489995002747,1.782200574874878,4.148669242858887,0.0,0.0,0.0,2.9802322387695312e-08,0.0,0.6000000238418579,-7.450580596923828e-09,0.05600002408027649,0.5999999642372131,2.9802322387695312e-08,-0.05600002408027649,0.6000000238418579,-0.9595261812210083,3.724742889404297,8.226200103759766,0.0,0.0,0.0,-0.003983646631240845,1.801221287678345e-07,-0.0007025133818387985,14.57370662689209,14.35306167602539,34.33366775512695,34.19845199584961,0.5769660472869873,0.5769660472869873,0.4230339229106903,0.4230339229106903,0.0,0.0,0.6877620816230774,0.6877620816230774,10.010128021240234,10.010128021240234,-3.5853357315063477,-3.5853357315063477,3.626706600189209,3.626706600189209,0.08505524694919586,0.08505524694919586,-0.06069454178214073,-0.06069454178214073,0.24175573885440826,0.24175573885440826,0.5288505554199219,0.5288505554199219,0.1427772045135498,0.1427772045135498,0.3173101246356964,0.3173101246356964,47.293270111083984,47.293270111083984,23.5726261138916,23.5726261138916,33.572628021240234,33.572628021240234,10.0,10.0,0.0,0.0,180.0
205,0.8541666666666666,-0.4531044912600182,-6.574725105432722,286.20557318996674,-0.4531044912600182,-6.574725105432722,286.20557318996674,6.5,-6.5,0.0,0.0,10.0,0,0.5,0.0,0.0,4.0,4.0,4.0,6.574722766876221,6.574725151062012,6.574725151062012,6.574725151062012,-0.4760573208332062,-0.47663286328315735,-4.762073993682861,-4.892402648925781,0.0,0.0,0.0,0.0,nan,nan,8.395109176635742,8.395109176635742,16.790218353271484,0.0,3.6833534240722656,0.2714579105377197,0.0,0.0,0.0,0.2714579105377197,0.0,3.6833534240722656,0.0,0.0,0.0,-0.3021935224533081,1.6763302087783813,3.2770988941192627,0.0,0.0,0.0,0.0,3.6833534240722656,0.2714579105377197,0.0,0.0,0.0,0.2714579105377197,0.0,3.6833534240722656,-0.0,-0.0,-0.0,-0.31305167078971863,1.5479050874710083,3.3386778831481934,0.0,0.0,0.0,2.9802322387695312e-08,0.0,0.6000000238418579,-7.450580596923828e-08,0.0559999942779541,0.5999999642372131,-1.4901161193847656e-08,-0.0559999942779541,0.5999999642372131,-0.6152452230453491,3.2242352962493896,6.615777015686035,0.0,0.0,0.0,-0.0034482330083847046,5.277500463307661e-07,-0.0006083007901906967,12.413888931274414,12.175577163696289,29.324356079101562,29.158050537109375,0.6523953676223755,0.6711705327033997,0.3476046323776245,0.32882943749427795,0.0,0.0,0.6496672034263611,0.6496672034263611,9.15014934539795,9.15014934539795,-3.8379812240600586,-3.8379812240600586,3.0078744888305664,3.0078744888305664,0.077569879591465,0.077569879591465,-0.06069454178214073,-0.06069454178214073,0.2714579105377197,0.2714579105377197,0.5288505554199219,0.5288505554199219,0.11831912398338318,0.11831912398338318,0.2928520441055298,0.2928520441055298,40.23005294799805,40.23005294799805,19.52588653564453,19.52588653564453,29.52588653564453,29.52588653564453,10.0,10.0,0.0,0.0,180.0
206,0.8583333333333333,-0.4779669834386081,-5.348363237059821,301.9100827725498,-0.4779669834386081,-5.348363237059821,301.9100827725498,6.5,-6.5,0.0,0.0,10.0,0,0.5,0.0,0.0,4.0,4.0,4.0,5.348361492156982,5.348361492156982,5.348363399505615,5.348363399505615,-0.4961687922477722,-0.49648118019104004,-3.662283420562744,-3.7330121994018555,0.0,0.0,0.0,0.0,nan,nan,4.89777946472168,4.89777946472168,9.79555892944336,0.0,2.8492157459259033,0.29020583629608154,0.0,0.0,0.0,0.29020583629608154,0.0,2.8492157459259033,0.0,0.0,0.0,-0.14902058243751526,1.359375,2.5163748264312744,0.0,0.0,0.0,0.0,2.8492157459259033,0.29020583629608154,0.0,0.0,0.0,0.29020583629608154,0.0,2.8492157459259033,-0.0,-0.0,-0.0,-0.1578461080789566,1.2612662315368652,2.5664258003234863,0.0,0.0,0.0,2.9802322387695312e-08,0.0,0.6000000238418579,-9.685754776000977e-08,0.0559999942779541,0.5999999046325684,-1.4901161193847656e-08,-0.05600002408027649,0.6000000238418579,-0.30686670541763306,2.6206412315368652,5.08280086517334,0.0,0.0,0.0,-0.0028027743101119995,4.5121655034563446e-07,-0.0004944633692502975,10.17722225189209,9.924577713012695,23.425678253173828,23.22127342224121,0.7991940975189209,0.8165895342826843,0.2008059322834015,0.1834104359149933,0.0,0.0,0.6117570996284485,0.6117570996284485,8.24485969543457,8.24485969543457,-4.048576831817627,-4.048576831817627,2.4138782024383545,2.4138782024383545,0.06968912482261658,0.06968912482261658,-0.06069454178214073,-0.06069454178214073,0.29020583629608154,0.29020583629608154,0.5288505554199219,0.5288505554199219,0.09172048419713974,0.09172048419713974,0.26625341176986694,0.26625341176986694,32.726078033447266,32.726078033447266,15.216852188110352,15.216852188110352,25.21685218811035,25.21685218811035,10.0,10.0,0.0,0.0,180.0
207,0.8624999999999999,-0.4975927693256239,-4.063403581844689,314.30680230953084,-0.4975927693256239,-4.063403581844689,314.30680230953084,6.5,-6.5,0.0,0.0,10.0,0,0.5,0.0,0.0,4.0,4.0,4.0,4.063403606414795,4.0634026527404785,4.063403606414795,4.063403606414795,-0.5108264684677124,-0.5109077095985413,-2.518340826034546,-2.536748170852661,0.0,0.0,0.0,0.0,nan,nan,2.417026996612549,2.417026996612549,4.834053993225098,0.0,2.1182444095611572,0.3745098114013672,0.0,0.0,0.0,0.3745098114013672,0.0,2.1182444095611572,0.0,0.0,0.0,0.04906197264790535,1.0469639301300049,1.8784772157669067,0.0,0.0,0.0,0.0,2.1182444095611572,0.3745098114013672,0.0,0.0,0.0,0.3745098114013672,0.0,2.1182444095611572,-0.0,-0.0,-0.0,0.04225350171327591,0.9747805595397949,1.9170900583267212,0.0,0.0,0.0,2.9802322387695312e-08,0.0,0.6000000238418579,2.2351741790771484e-08,0.05600002408027649,0.6000000238418579,4.470348358154297e-08,-0.05600002408027649,0.6000000238418579,0.09131547808647156,2.0217444896698,3.795567274093628,0.0,0.0,0.0,-0.0021623224020004272,-1.4571122086692867e-08,-0.00038126809522509575,8.09665298461914,7.838230133056641,16.714324951171875,16.460233688354492,0.9789295792579651,0.9861956834793091,0.021070441231131554,0.013804304413497448,0.0,0.0,0.517386257648468,0.517386257648468,7.308269023895264,7.308269023895264,-4.214815139770508,-4.214815139770508,1.8638594150543213,1.8638594150543213,0.061534538865089417,0.061534538865089417,-0.06069454178214073,-0.06069454178214073,0.3745098114013672,0.3745098114013672,0.5288505554199219,0.5288505554199219,0.06327269971370697,0.06327269971370697,0.23780560493469238,0.23780560493469238,24.863542556762695,24.863542556762695,10.692728042602539,10.692728042602539,20.69272804260254,20.69272804260254,10.0,10.0,0.0,0.0,180.0
208,0.8666666666666667,-0.5117668247039272,-2.733924426664956,323.25991074748197,-0.5117668247039272,-2.733924426664956,323.25991074748197,6.5,-6.5,0.0,0.0,10.0,0,0.5,0.0,0.0,4.0,4.0,4.0,2.733924388885498,2.73392391204834,2.733924388885498,2.733924388885498,-0.519885241985321,-0.5197385549545288,-1.346366286277771,-1.313131332397461,0.0,0.0,0.0,0.0,nan,nan,0.8105379343032837,0.8105379343032837,1.6210758686065674,0.0,1.401526689529419,0.4537746012210846,0.0,0.0,0.0,0.4537746012210846,0.0,1.401526689529419,0.0,0.0,0.0,0.2370404154062271,0.7099176645278931,1.2688645124435425,0.0,0.0,0.0,0.0,1.401526689529419,0.4537746012210846,0.0,0.0,0.0,0.4537746012210846,0.0,1.401526689529419,-0.0,-0.0,-0.0,0.23241853713989258,0.6625304222106934,1.295076608657837,0.0,0.0,0.0,2.9802322387695312e-08,0.0,0.6000000238418579,2.2351741790771484e-08,0.05600002408027649,0.5999999642372131,-2.9802322387695312e-08,-0.0559999942779541,0.5999999642372131,0.4694589376449585,1.3724480867385864,2.56394100189209,0.0,0.0,0.0,-0.0014677569270133972,5.866442620572343e-08,-0.0002588769420981407,6.722378253936768,6.487066268920898,9.880812644958496,9.878145217895508,1.0,1.0,0.0,0.0,0.0,0.0,0.404153436422348,0.404153436422348,6.35275936126709,6.35275936126709,-4.334875583648682,-4.334875583648682,1.37327241897583,1.37327241897583,0.05321352183818817,0.05321352183818817,-0.06069454178214073,-0.06069454178214073,0.4537746012210846,0.4537746012210846,0.5288505554199219,0.5288505554199219,0.03328744322061539,0.03328744322061539,0.2078203558921814,0.2078203558921814,16.72859764099121,16.72859764099121,6.003077030181885,6.003077030181885,16.003076553344727,16.003076553344727,10.0,10.0,0.0,0.0,180.0
209,0.8708333333333333,-0.5203338556566806,-1.3744918233563053,328.671315956798,-0.5203338556566806,-1.3744918233563053,328.671315956798,6.5,-6.5,0.0,0.0,10.0,0,0.5,0.0,0.0,4.0,4.0,4.0,1.3744913339614868,1.3744912147521973,1.3744916915893555,1.374491810798645,-0.5232471227645874,-0.5228762626647949,-0.10173329710960388,-0.07539695501327515,0.0,0.0,0.0,0.0,nan,nan,0.03501271456480026,0.03501271456480026,0.07002542912960052,0.0,0.7027353048324585,0.6007848978042603,0.0,0.0,0.0,0.6007848978042603,0.0,0.7027353048324585,0.0,0.0,0.0,0.48697566986083984,0.36113542318344116,0.698008120059967,0.0,0.0,0.0,0.0,0.7027353048324585,0.6007848978042603,0.0,0.0,0.0,0.6007848978042603,0.0,0.7027353048324585,-0.0,-0.0,-0.0,0.48462292551994324,0.3374902904033661,0.7113510370254517,0.0,0.0,0.0,2.9802322387695312e-08,0.0,0.6000000238418579,-1.341104507446289e-07,0.05600002408027649,0.5999999642372131,-8.940696716308594e-08,-0.055999964475631714,0.6000000238418579,0.9715986251831055,0.6986256837844849,1.4093592166900635,0.0,0.0,0.0,-0.000747140496969223,1.7018608389207657e-07,-0.00013188272714614868,7.289804458618164,7.17263126373291,9.940319061279297,9.938973426818848,1.0,1.0,0.0,0.0,0.0,0.0,0.19718828797340393,0.19718828797340393,5.38871955871582,5.38871955871582,-4.40744161605835,-4.40744161605835,0.9537029266357422,0.9537029266357422,0.04481609910726547,0.04481609910726547,-0.06069454178214073,-0.06069454178214073,0.6007848978042603,0.6007848978042603,0.5288505554199219,0.5288505554199219,0.002093259245157242,0.002093259245157242,0.17662616074085236,0.17662616074085236,8.410372734069824,8.410372734069824,1.1992864608764648,1.1992864608764648,11.199286460876465,11.199286460876465,10.0,10.0,0.0,0.0,180.0
210,0.875,-0.5232,-1.1272402477898694e-14,330.4817294495969,-0.5232,-1.1272402477898694e-14,330.4817294495969,6.5,-6.5,0.0,0.0,10.0,0,0.5,0.0,0.0,4.0,4.0,4.0,1.1272401706453796e-14,1.1272402553486743e-14,1.1272401706453796e-14,1.1272402553486743e-14,-0.5208808183670044,-0.5202804803848267,1.0282777547836304,1.164258360862732,0.0,0.0,0.0,0.0,nan,nan,-2.5688387472690057e-15,-2.5688387472690057e-15,-5.1376774945380115e-15,0.0,-0.007307015359401703,0.5887479782104492,0.0,0.0,0.0,0.5887479782104492,0.0,-0.007307015359401703,0.0,0.0,0.0,0.5808902382850647,-0.003773035481572151,0.0960722267627716,0.0,0.0,0.0,0.0,-0.007307015359401703,0.5887479782104492,0.0,0.0,0.0,0.5887479782104492,0.0,-0.007307015359401703,-0.0,-0.0,-0.0,0.5809147953987122,-0.0035275649279356003,0.09593283385038376,0.0,0.0,0.0,2.9802322387695312e-08,0.0,0.6000000238418579,2.2351741790771484e-08,0.056000083684921265,0.5999999642372131,4.470348358154297e-08,-0.0559999942779541,0.6000000238418579,1.1618050336837769,-0.0073006004095077515,0.19200506806373596,0.0,0.0,0.0,7.814262062311172e-06,-3.5337471615548566e-08,1.3224780559539795e-06,9.999968528747559,9.999968528747559,9.999968528747559,9.999968528747559,1.0,1.0,0.0,0.0,0.0,0.0,0.0,0.0,4.424411773681641,4.424411773681641,-4.431718826293945,-4.431718826293945,0.6130286455154419,0.6130286455154419,0.03641383349895477,0.03641383349895477,-0.06069454178214073,-0.06069454178214073,0.5887479782104492,0.5887479782104492,0.5288505554199219,0.5288505554199219,-0.029968097805976868,-0.029968097805976868,0.14456482231616974,0.14456482231616974,6.897465183643842e-14,6.897465183643842e-14,-3.666015625,-3.666015625,6.333983898162842,6.333983898162842,10.0,10.0,0.0,0.0,180.0
211,0.8791666666666667,-0.5203338556566807,1.3744918233562828,328.6713159567981,-0.5203338556566807,1.3744918233562828,328.6713159567981,6.5,-6.5,0.0,0.0,10.0,0,0.5,0.0,0.0,4.0,4.0,4.0,1.3744913339614868,1.3744912147521973,1.3744916915893555,1.374491810798645,-0.5128484964370728,-0.511943519115448,2.195452928543091,2.4003677368164062,0.0,0.0,0.0,0.0,nan,nan,0.8557072281837463,0.8557072281837463,1.7114144563674927,0.0,-0.9413300156593323,0.32318115234375,0.0,0.0,0.0,0.32318115234375,0.0,-0.9413300156593323,0.0,0.0,0.0,0.4584953188896179,-0.4837491810321808,-0.7391326427459717,0.0,0.0,0.0,0.0,-0.9413300156593323,0.32318115234375,0.0,0.0,0.0,0.32318115234375,0.0,-0.9413300156593323,-0.0,-0.0,-0.0,0.4616468548774719,-0.4520759880542755,-0.7570057511329651,0.0,0.0,0.0,2.9802322387695312e-08,0.0,0.6000000238418579,-1.341104507446289e-07,0.05600002408027649,0.5999999642372131,-8.940696716308594e-08,-0.055999964475631714,0.6000000238418579,0.9201421737670898,-0.9358251690864563,-1.496138334274292,0.0,0.0,0.0,0.001000821590423584,-2.3872385668255447e-07,0.00017659179866313934,13.256440162658691,13.303919792175293,17.415996551513672,17.49999237060547,0.7635338306427002,0.7635338306427002,0.2364661693572998,0.2364661693572998,0.0,0.0,0.0,0.0,3.466111421585083,3.466111421585083,-4.40744161605835,-4.40744161605835,0.3558146059513092,0.3558146059513092,0.02806107886135578,0.02806107886135578,-0.06069454178214073,-0.06069454178214073,0.32318115234375,0.32318115234375,0.5288505554199219,0.5288505554199219,-0.06254534423351288,-0.06254534423351288,0.11198756843805313,0.11198756843805313,-8.410372734069824,-8.410372734069824,-8.539523124694824,-8.539523124694824,1.4604771137237549,1.4604771137237549,10.0,10.0,0.0,0.0,180.0
212,0.8833333333333333,-0.5117668247039275,2.733924426664934,323.2599107474822,-0.5117668247039275,2.733924426664934,323.2599107474822,6.5,-6.5,0.0,0.0,10.0,0,0.5,0.0,0.0,4.0,4.0,4.0,2.733924388885498,2.73392391204834,2.733924388885498,2.733924388885498,-0.4991934895515442,-0.498001366853714,3.3394012451171875,3.609351873397827,0.0,0.0,0.0,0.0,nan,nan,2.7142512798309326,2.7142512798309326,5.428502559661865,0.0,-1.816370964050293,0.14290021359920502,0.0,0.0,0.0,0.14290021359920502,0.0,-1.816370964050293,0.0,0.0,0.0,0.4126812219619751,-0.9200495481491089,-1.517506718635559,0.0,0.0,0.0,0.0,-1.816370964050293,0.14290021359920502,0.0,0.0,0.0,0.14290021359920502,0.0,-1.816370964050293,-0.0,-0.0,-0.0,0.418671190738678,-0.8586357831954956,-1.5514776706695557,0.0,0.0,0.0,2.9802322387695312e-08,0.0,0.6000000238418579,2.2351741790771484e-08,0.05600002408027649,0.5999999642372131,-2.9802322387695312e-08,-0.0559999942779541,0.5999999642372131,0.8313524127006531,-1.7786853313446045,-3.0689845085144043,0.0,0.0,0.0,0.0019022226333618164,-1.5333404235207126e-07,0.0003354828804731369,16.516481399536133,16.585134506225586,24.575193405151367,24.677736282348633,0.3882429003715515,0.3882429003715515,0.6117570996284485,0.6117570996284485,0.0,0.0,0.0,0.0,2.5185041427612305,2.5185041427612305,-4.334875583648682,-4.334875583648682,0.18379631638526917,0.18379631638526917,0.019798435270786285,0.019798435270786285,-0.06069454178214073,-0.06069454178214073,0.14290021359920502,0.14290021359920502,0.5288505554199219,0.5288505554199219,-0.09528157860040665,-0.09528157860040665,0.07925134152173996,0.07925134152173996,-16.72859764099121,-16.72859764099121,-13.367839813232422,-13.367839813232422,-3.367840051651001,-3.367840051651001,10.0,10.0,0.0,0.0,180.0
213,0.8875,-0.4975927693256248,4.063403581844623,314.3068023095314,-0.4975927693256248,4.063403581844623,314.3068023095314,6.5,-6.5,0.0,0.0,10.0,0,0.5,0.0,0.0,4.0,4.0,4.0,4.063403606414795,4.0634026527404785,4.063403606414795,4.063403606414795,-0.4800666570663452,-0.4786056876182556,4.447352409362793,4.778201580047607,0.0,0.0,0.0,0.0,nan,nan,5.437050819396973,5.437050819396973,10.874101638793945,0.0,-2.6295244693756104,0.04727136716246605,0.0,0.0,0.0,0.04727136716246605,0.0,-2.6295244693756104,0.0,0.0,0.0,0.4434913992881775,-1.2996693849563599,-2.242946147918701,0.0,0.0,0.0,0.0,-2.6295244693756104,0.04727136716246605,0.0,0.0,0.0,0.04727136716246605,0.0,-2.6295244693756104,-0.0,-0.0,-0.0,0.45194321870803833,-1.210063099861145,-2.290879249572754,0.0,0.0,0.0,2.9802322387695312e-08,0.0,0.6000000238418579,2.2351741790771484e-08,0.05600002408027649,0.6000000238418579,4.470348358154297e-08,-0.05600002408027649,0.6000000238418579,0.8954346179962158,-2.509732484817505,-4.533825397491455,0.0,0.0,0.0,0.002684265375137329,1.7425509923896243e-08,0.0004732925444841385,19.61591339111328,19.69344139099121,30.975894927978516,31.076499938964844,0.27390366792678833,0.2546343207359314,0.7260963320732117,0.7453657388687134,0.0,0.0,0.0,0.0,1.585290551185608,1.585290551185608,-4.214815139770508,-4.214815139770508,0.09630781412124634,0.09630781412124634,0.01165809202939272,0.01165809202939272,-0.06069454178214073,-0.06069454178214073,0.04727136716246605,0.04727136716246605,0.5288505554199219,0.5288505554199219,-0.12781812250614166,-0.12781812250614166,0.046714797616004944,0.046714797616004944,-24.863542556762695,-24.863542556762695,-18.098068237304688,-18.098068237304688,-8.098069190979004,-8.098069190979004,10.0,10.0,0.0,0.0,180.0
214,0.8916666666666666,-0.4779669834386092,5.348363237059757,301.91008277255054,-0.4779669834386092,5.348363237059757,301.91008277255054,6.5,-6.5,0.0,0.0,10.0,0,0.5,0.0,0.0,4.0,4.0,4.0,5.348361492156982,5.348361492156982,5.348363399505615,5.348363399505615,-0.4556785225868225,-0.453967809677124,5.506936073303223,5.894344329833984,0.0,0.0,0.0,0.0,nan,nan,8.86785888671875,8.86785888671875,17.7357177734375,0.0,-3.3786685466766357,0.03352060168981552,0.0,0.0,0.0,0.03352060168981552,0.0,-3.3786685466766357,0.0,0.0,0.0,0.5486285090446472,-1.611979603767395,-2.9183990955352783,0.0,0.0,0.0,0.0,-3.3786685466766357,0.03352060168981552,0.0,0.0,0.0,0.03352060168981552,0.0,-3.3786685466766357,-0.0,-0.0,-0.0,0.5590939521789551,-1.4956399202346802,-2.977750778198242,0.0,0.0,0.0,2.9802322387695312e-08,0.0,0.6000000238418579,-9.685754776000977e-08,0.0559999942779541,0.5999999046325684,-1.4901161193847656e-08,-0.05600002408027649,0.6000000238418579,1.107722520828247,-3.107619524002075,-5.896149635314941,0.0,0.0,0.0,0.003323584794998169,-5.681615107278049e-07,0.0005863513797521591,22.479618072509766,22.559154510498047,36.49225616455078,36.58331298828125,0.19639912247657776,0.19639912247657776,0.7825304865837097,0.7825304865837097,0.021070441231131554,0.021070441231131554,0.0,0.0,0.669908344745636,0.669908344745636,-4.048576831817627,-4.048576831817627,0.09054502844810486,0.09054502844810486,0.0036701138596981764,0.0036701138596981764,-0.06069454178214073,-0.06069454178214073,0.03352060168981552,0.03352060168981552,0.5288505554199219,0.5288505554199219,-0.1597984880208969,-0.1597984880208969,0.01473443116992712,0.01473443116992712,-32.726078033447266,-32.726078033447266,-22.678380966186523,-22.678380966186523,-12.67838191986084,-12.67838191986084,10.0,10.0,0.0,0.0,180.0
215,0.8958333333333334,-0.45310449126001867,6.5747251054327025,286.205573189967,-0.45310449126001867,6.5747251054327025,286.205573189967,6.5,-6.5,0.0,0.0,10.0,0,0.5,0.0,0.0,4.0,4.0,4.0,6.574722766876221,6.574725151062012,6.574725151062012,6.574725151062012,-0.42629721760749817,-0.4243568181991577,6.506337642669678,6.94575309753418,0.0,0.0,0.0,0.0,nan,nan,12.836766242980957,12.836766242980957,25.673532485961914,0.0,-4.061735153198242,0.09680090099573135,0.0,0.0,0.0,0.09680090099573135,0.0,-4.061735153198242,0.0,0.0,0.0,0.7233638763427734,-1.848535418510437,-3.5449576377868652,0.0,0.0,0.0,0.0,-4.061735153198242,0.09680090099573135,0.0,0.0,0.0,0.09680090099573135,0.0,-4.061735153198242,-0.0,-0.0,-0.0,0.7353373765945435,-1.7069177627563477,-3.6128621101379395,0.0,0.0,0.0,2.9802322387695312e-08,0.0,0.6000000238418579,-7.450580596923828e-08,0.0559999942779541,0.5999999642372131,-1.4901161193847656e-08,-0.0559999942779541,0.5999999642372131,1.458701252937317,-3.555453300476074,-7.157819747924805,0.0,0.0,0.0,0.0038024336099624634,-6.182207812344132e-07,0.0006707832217216492,25.072412490844727,25.149831771850586,41.143028259277344,41.22220230102539,0.15725339949131012,0.15725339949131012,0.6930078864097595,0.6930078864097595,0.14973872900009155,0.14973872900009155,0.0,0.0,-0.22375407814979553,-0.22375407814979553,-3.8379812240600586,-3.8379812240600586,0.16162678599357605,0.16162678599357605,-0.0041313376277685165,-0.0041313376277685165,-0.06069454178214073,-0.06069454178214073,0.09680090099573135,0.09680090099573135,0.5288505554199219,0.5288505554199219,-0.19087231159210205,-0.19087231159210205,-0.016339387744665146,-0.016339387744665146,-40.23005294799805,-40.23005294799805,-27.05859375,-27.05859375,-17.05859375,-17.05859375,10.0,10.0,0.0,0.0,180.0
216,0.9,-0.42327769145697275,7.729052909700847,267.3653354551476,-0.42327769145697275,7.729052909700847,267.3653354551476,6.5,-6.5,0.0,0.0,10.0,0,0.5,0.0,0.0,4.0,4.0,4.0,7.729052543640137,7.729052543640137,7.729053020477295,7.729053020477295,-0.3922452926635742,-0.3900964856147766,7.434454917907715,7.921063423156738,0.0,0.0,0.0,0.0,nan,nan,17.16197967529297,17.16197967529297,34.32395935058594,0.0,-4.67609977722168,0.2300952523946762,0.0,0.0,0.0,0.2300952523946762,0.0,-4.67609977722168,0.0,0.0,0.0,0.9603267312049866,-2.0030181407928467,-4.1212310791015625,0.0,0.0,0.0,0.0,-4.67609977722168,0.2300952523946762,0.0,0.0,0.0,0.2300952523946762,0.0,-4.67609977722168,-0.0,-0.0,-0.0,0.9732608199119568,-1.8376843929290771,-4.194583415985107,0.0,0.0,0.0,2.9802322387695312e-08,0.0,0.6000000238418579,-7.450580596923828e-09,0.05600002408027649,0.5999999642372131,2.9802322387695312e-08,-0.05600002408027649,0.6000000238418579,1.9335875511169434,-3.840702533721924,-8.315814971923828,0.0,0.0,0.0,0.004107624292373657,-2.1076775169603934e-07,0.0007243826985359192,27.381925582885742,27.454673767089844,45.00981521606445,45.077056884765625,0.13761016726493835,0.13761016726493835,0.5893898010253906,0.5893898010253906,0.273000031709671,0.273000031709671,0.0,0.0,-1.090764045715332,-1.090764045715332,-3.5853357315063477,-3.5853357315063477,0.302492618560791,0.302492618560791,-0.011702843010425568,-0.011702843010425568,-0.06069454178214073,-0.06069454178214073,0.2300952523946762,0.2300952523946762,0.5288505554199219,0.5288505554199219,-0.22069913148880005,-0.22069913148880005,-0.046166207641363144,-0.046166207641363144,-47.293270111083984,-47.293270111083984,-31.19072151184082,-31.19072151184082,-21.19072151184082,-21.19072151184082,10.0,10.0,0.0,0.0,180.0
217,0.9041666666666667,-0.3888133726897728,8.798699592882004,245.5957871552882,-0.3888133726897728,8.798699592882004,245.5957871552882,6.5,-6.5,0.0,0.0,10.0,0,0.5,0.0,0.0,4.0,4.0,4.0,8.798696517944336,8.798697471618652,8.798699378967285,8.798699378967285,-0.35389623045921326,-0.3515618145465851,8.281037330627441,8.809669494628906,0.0,0.0,0.0,0.0,nan,nan,21.650680541992188,21.650680541992188,43.301361083984375,0.0,-5.218169212341309,0.42405638098716736,0.0,0.0,0.0,0.42405638098716736,0.0,-5.218169212341309,0.0,0.0,0.0,1.249285340309143,-2.0714123249053955,-4.643021583557129,0.0,0.0,0.0,0.0,-5.218169212341309,0.42405638098716736,0.0,0.0,0.0,0.42405638098716736,0.0,-5.218169212341309,-0.0,-0.0,-0.0,1.2626063823699951,-1.884158968925476,-4.718567848205566,0.0,0.0,0.0,2.9802322387695312e-08,0.0,0.6000000238418579,-1.1175870895385742e-07,0.05600005388259888,0.5999999642372131,4.470348358154297e-08,-0.05600002408027649,0.6000000238418579,2.5118918418884277,-3.955571174621582,-9.361589431762695,0.0,0.0,0.0,0.004230320453643799,-6.614220069423027e-07,0.0007462054491043091,29.409000396728516,29.47548484802246,48.193477630615234,48.24968338012695,0.11794067919254303,0.11794067919254303,0.515632152557373,0.515632152557373,0.3664271831512451,0.3664271831512451,0.0,0.0,-1.9247604608535767,-1.9247604608535767,-3.2934088706970215,-3.2934088706970215,0.5037393569946289,0.5037393569946289,-0.01898840069770813,-0.01898840069770813,-0.06069454178214073,-0.06069454178214073,0.42405638098716736,0.42405638098716736,0.5288505554199219,0.5288505554199219,-0.24895215034484863,-0.24895215034484863,-0.07441923022270203,-0.07441923022270203,-53.838321685791016,-53.838321685791016,-35.02948760986328,-35.02948760986328,-25.02948570251465,-25.02948570251465,10.0,10.0,0.0,0.0,180.0
218,0.9083333333333333,-0.3500891332469545,9.771945882077285,221.13544001713285,-0.3500891332469545,9.771945882077285,221.13544001713285,6.5,-6.5,0.0,0.0,10.0,0,0.5,0.0,0.0,4.0,4.0,4.0,9.771944046020508,9.771944046020508,9.77194595336914,9.77194595336914,-0.311670184135437,-0.30917495489120483,9.036795616149902,9.601849555969238,0.0,0.0,0.0,0.0,nan,nan,26.10062026977539,26.10062026977539,52.20124053955078,0.0,-5.683224678039551,0.6669119596481323,0.0,0.0,0.0,0.6669119596481323,0.0,-5.683224678039551,0.0,0.0,0.0,1.5770595073699951,-2.052384853363037,-5.103373050689697,0.0,0.0,0.0,0.0,-5.683224678039551,0.6669119596481323,0.0,0.0,0.0,0.6669119596481323,0.0,-5.683224678039551,-0.0,-0.0,-0.0,1.5901857614517212,-1.845360517501831,-5.177814960479736,0.0,0.0,0.0,2.9802322387695312e-08,0.0,0.6000000238418579,-1.6391277313232422e-07,0.0559999942779541,0.5999999642372131,-5.960464477539063e-08,-0.05600002408027649,0.6000000238418579,3.167245388031006,-3.897745370864868,-10.281188011169434,0.0,0.0,0.0,0.004168778657913208,-1.5455332231795182e-06,0.0007356777787208557,31.16155433654785,31.220787048339844,50.79207229614258,50.838409423828125,0.09826549142599106,0.09826549142599106,0.47870054841041565,0.47870054841041565,0.4230339229106903,0.4230339229106903,0.0,0.0,-2.7178258895874023,-2.7178258895874023,-2.9653987884521484,-2.9653987884521484,0.753524899482727,0.753524899482727,-0.025918349623680115,-0.025918349623680115,-0.06069454178214073,-0.06069454178214073,0.6669119596481323,0.6669119596481323,0.5288505554199219,0.5288505554199219,-0.2753218412399292,-0.2753218412399292,-0.10078892111778259,-0.10078892111778259,-59.79351043701172,-59.79351043701172,-38.532833099365234,-38.532833099365234,-28.532833099365234,-28.532833099365234,10.0,10.0,0.0,0.0,180.0
219,0.9125,-0.30752924399942305,10.638128687277355,194.25228672258487,-0.30752924399942305,10.638128687277355,194.25228672258487,6.5,-6.5,0.0,0.0,10.0,0,0.5,0.0,0.0,4.0,4.0,4.0,10.638124465942383,10.638128280639648,10.638127326965332,10.638128280639648,-0.26602959632873535,-0.2634005546569824,9.693511009216309,10.288860321044922,0.0,0.0,0.0,0.0,nan,nan,30.3037109375,30.3037109375,60.607421875,0.0,-6.065506935119629,0.9445527791976929,0.0,0.0,0.0,0.9445527791976929,0.0,-6.065506935119629,0.0,0.0,0.0,1.9276789426803589,-1.9478026628494263,-5.4929656982421875,0.0,0.0,0.0,0.0,-6.065506935119629,0.9445527791976929,0.0,0.0,0.0,0.9445527791976929,0.0,-6.065506935119629,-0.0,-0.0,-0.0,1.9400429725646973,-1.7236206531524658,-5.563085556030273,0.0,0.0,0.0,2.9802322387695312e-08,0.0,0.6000000238418579,-1.341104507446289e-07,0.0559999942779541,0.5999999642372131,-4.470348358154297e-08,-0.05600002408027649,0.5999999642372131,3.8677220344543457,-3.6714234352111816,-11.056051254272461,0.0,0.0,0.0,0.003926664590835571,-1.5453836113010766e-06,0.0006928890943527222,32.65065002441406,32.702022552490234,52.891387939453125,52.92900466918945,0.09826549142599106,0.09826549142599106,0.4220709502696991,0.4220709502696991,0.47966358065605164,0.47966358065605164,0.0,0.0,-3.4606082439422607,-3.4606082439422607,-2.6048989295959473,-2.6048989295959473,1.0376577377319336,1.0376577377319336,-0.032410457730293274,-0.032410457730293274,-0.06069454178214073,-0.06069454178214073,0.9445527791976929,0.9445527791976929,0.5288505554199219,0.5288505554199219,-0.29951927065849304,-0.29951927065849304,-0.12498635798692703,-0.12498635798692703,-65.09359741210938,-65.09359741210938,-41.662376403808594,-41.662376403808594,-31.66237449645996,-31.66237449645996,10.0,10.0,0.0,0.0,180.0
220,0.9166666666666666,-0.26160000000000094,11.3877579284081,165.24086472479905,-0.26160000000000094,11.3877579284081,165.24086472479905,6.5,-6.5,0.0,0.0,10.0,0,0.5,0.0,0.0,4.0,4.0,4.0,11.3877534866333,11.38775634765625,11.387758255004883,11.3877592086792,-0.21747393906116486,-0.21474072337150574,10.244111061096191,10.863058090209961,0.0,0.0,0.0,0.0,nan,nan,34.052391052246094,34.052391052246094,68.10478210449219,0.0,-6.358523368835449,1.2408857345581055,0.0,0.0,0.0,1.2408857345581055,0.0,-6.358523368835449,0.0,0.0,0.0,2.2828731536865234,-1.7632687091827393,-5.80086088180542,0.0,0.0,0.0,0.0,-6.358523368835449,1.2408857345581055,0.0,0.0,0.0,1.2408857345581055,0.0,-6.358523368835449,-0.0,-0.0,-0.0,2.293947219848633,-1.5250778198242188,-5.863664150238037,0.0,0.0,0.0,2.9802322387695312e-08,0.0,0.6000000238418579,-1.564621925354004e-07,0.0559999942779541,0.5999999642372131,-8.940696716308594e-08,-0.055999964475631714,0.5999999642372131,4.576820373535156,-3.288346529006958,-11.664525032043457,0.0,0.0,0.0,0.003516584634780884,-2.052297531918157e-06,0.0006205886602401733,33.88809585571289,33.93122863769531,54.562294006347656,54.592193603515625,0.09826549142599106,0.09826549142599106,0.3843482732772827,0.3843482732772827,0.517386257648468,0.517386257648468,0.0,0.0,-4.142664432525635,-4.142664432525635,-2.2158594131469727,-2.2158594131469727,1.3399533033370972,1.3399533033370972,-0.03837297484278679,-0.03837297484278679,-0.06069454178214073,-0.06069454178214073,1.2408857345581055,1.2408857345581055,0.5288505554199219,0.5288505554199219,-0.3212794065475464,-0.3212794065475464,-0.1467464566230774,-0.1467464566230774,-69.68050384521484,-69.68050384521484,-44.38383483886719,-44.38383483886719,-34.38383483886719,-34.38383483886719,10.0,10.0,0.0,0.0,180.0
221,0.9208333333333333,-0.2128046116572594,12.012620510633655,134.41902923421432,-0.2128046116572594,12.012620510633655,134.41902923421432,6.5,-6.5,0.0,0.0,10.0,0,0.5,0.0,0.0,4.0,4.0,4.0,12.012619018554688,12.012617111206055,12.01262092590332,12.01262092590332,-0.16653446853160858,-0.1637292206287384,10.682726860046387,11.317987442016602,0.0,0.0,0.0,0.0,nan,nan,37.148765563964844,37.148765563964844,74.29753112792969,0.0,-6.555505275726318,1.5384728908538818,0.0,0.0,0.0,1.5384728908538818,0.0,-6.555505275726318,0.0,0.0,0.0,2.622899055480957,-1.50851571559906,-6.015507221221924,0.0,0.0,0.0,0.0,-6.555505275726318,1.5384728908538818,0.0,0.0,0.0,1.5384728908538818,0.0,-6.555505275726318,-0.0,-0.0,-0.0,2.6322226524353027,-1.2600305080413818,-6.06838321685791,0.0,0.0,0.0,2.9802322387695312e-08,0.0,0.6000000238418579,-1.043081283569336e-07,0.05600002408027649,0.5999999642372131,-2.9802322387695312e-08,-0.055999964475631714,0.5999999642372131,5.25512170791626,-2.7685461044311523,-12.083890914916992,0.0,0.0,0.0,0.0029605329036712646,-1.4816758948654751e-06,0.0005222409963607788,34.88499069213867,34.9196662902832,55.86098098754883,55.88398361206055,0.07861043512821198,0.07861043512821198,0.3851468563079834,0.3851468563079834,0.5362427234649658,0.5362427234649658,0.0,0.0,-4.752963066101074,-4.752963066101074,-1.8025422096252441,-1.8025422096252441,1.642876386642456,1.642876386642456,-0.043709032237529755,-0.043709032237529755,-0.06069454178214073,-0.06069454178214073,1.5384728908538818,1.5384728908538818,0.5288505554199219,0.5288505554199219,-0.34036368131637573,-0.34036368131637573,-0.16583076119422913,-0.16583076119422913,-73.50397491455078,-73.50397491455078,-46.66737747192383,-46.66737747192383,-36.66737747192383,-36.66737747192383,10.0,10.0,0.0,0.0,180.0
222,0.9249999999999999,-0.16167769145697294,12.505870308742253,102.12447073034927,-0.16167769145697294,12.505870308742253,102.12447073034927,6.5,-6.5,0.0,0.0,10.0,0,0.5,0.0,0.0,4.0,4.0,4.0,12.505867958068848,12.505864143371582,12.50586986541748,12.50586986541748,-0.11376845836639404,-0.11092580109834671,11.004739761352539,11.648468017578125,0.0,0.0,0.0,0.0,nan,nan,39.41588592529297,39.41588592529297,78.83177185058594,0.0,-6.649967193603516,1.8194308280944824,0.0,0.0,0.0,1.8194308280944824,0.0,-6.649967193603516,0.0,0.0,0.0,2.9276626110076904,-1.197533130645752,-6.125936508178711,0.0,0.0,0.0,0.0,-6.649967193603516,1.8194308280944824,0.0,0.0,0.0,1.8194308280944824,0.0,-6.649967193603516,-0.0,-0.0,-0.0,2.9348714351654053,-0.9430139064788818,-6.166818141937256,0.0,0.0,0.0,2.9802322387695312e-08,0.0,0.6000000238418579,-7.450580596923828e-08,0.05600005388259888,0.5999999642372131,-1.1920928955078125e-07,-0.055999934673309326,0.5999999642372131,5.862534046173096,-2.140547037124634,-12.292755126953125,0.0,0.0,0.0,0.002288520336151123,-1.9073468138230965e-06,0.00040359795093536377,35.65095901489258,35.67704772949219,56.83053970336914,56.847259521484375,0.07861043512821198,0.07861043512821198,0.3662877678871155,0.3662877678871155,0.5551018118858337,0.5551018118858337,0.0,0.0,-5.280490875244141,-5.280490875244141,-1.3694764375686646,-1.3694764375686646,1.9284472465515137,1.9284472465515137,-0.04832196980714798,-0.04832196980714798,-0.06069454178214073,-0.06069454178214073,1.8194308280944824,1.8194308280944824,0.5288505554199219,0.5288505554199219,-0.35656312108039856,-0.35656312108039856,-0.18203018605709076,-0.18203018605709076,-76.5221176147461,-76.5221176147461,-48.48799514770508,-48.48799514770508,-38.48799514770508,-38.48799514770508,10.0,10.0,0.0,0.0,180.0
223,0.9291666666666667,-0.10877939663585184,12.862103174726663,68.71101515424309,-0.10877939663585184,12.862103174726663,68.71101515424309,6.5,-6.5,0.0,0.0,10.0,0,0.5,0.0,0.0,4.0,4.0,4.0,12.862101554870605,12.862100601196289,12.862103462219238,12.862103462219238,-0.059753190726041794,-0.056909918785095215,11.206820487976074,11.850687026977539,0.0,0.0,0.0,0.0,nan,nan,40.710113525390625,40.710113525390625,81.42022705078125,0.0,-6.6363019943237305,2.066514492034912,0.0,0.0,0.0,2.066514492034912,0.0,-6.6363019943237305,0.0,0.0,0.0,3.1780452728271484,-0.8482503890991211,-6.123028755187988,0.0,0.0,0.0,0.0,-6.6363019943237305,2.066514492034912,0.0,0.0,0.0,2.066514492034912,0.0,-6.6363019943237305,-0.0,-0.0,-0.0,3.1828970909118652,-0.5924184322357178,-6.150544166564941,0.0,0.0,0.0,2.9802322387695312e-08,0.0,0.6000000238418579,-5.21540641784668e-08,0.05600002408027649,0.5999999642372131,-1.4901161193847656e-08,-0.0559999942779541,0.5999999642372131,6.360942363739014,-1.4406688213348389,-12.27357292175293,0.0,0.0,0.0,0.0015406012535095215,-1.155913764705474e-06,0.00027170777320861816,36.19373321533203,36.211158752441406,57.50252914428711,57.513431549072266,0.07861043512821198,0.07861043512821198,0.347420334815979,0.347420334815979,0.5739692449569702,0.5739692449569702,0.0,0.0,-5.714895725250244,-5.714895725250244,-0.9214061498641968,-0.9214061498641968,2.1793298721313477,2.1793298721313477,-0.05212094262242317,-0.05212094262242317,-0.06069454178214073,-0.06069454178214073,2.066514492034912,2.066514492034912,0.5288505554199219,0.5288505554199219,-0.36970022320747375,-0.36970022320747375,-0.19516733288764954,-0.19516733288764954,-78.70185852050781,-78.70185852050781,-49.82573699951172,-49.82573699951172,-39.825740814208984,-39.825740814208984,10.0,10.0,0.0,0.0,180.0
224,0.9333333333333333,-0.054689291981636155,13.077416146760639,34.544747317402695,-0.054689291981636155,13.077416146760639,34.544747317402695,6.5,-6.5,0.0,0.0,10.0,0,0.5,0.0,0.0,4.0,4.0,4.0,13.077414512634277,13.077414512634277,13.07741641998291,13.07741641998291,-0.005079655442386866,-0.0022741013672202826,11.286931037902832,11.922252655029297,0.0,0.0,0.0,0.0,nan,nan,40.93291473388672,40.93291473388672,81.86582946777344,0.0,-6.510336875915527,2.2642691135406494,0.0,0.0,0.0,2.2642691135406494,0.0,-6.510336875915527,0.0,0.0,0.0,3.357274055480957,-0.4818468689918518,-6.000661373138428,0.0,0.0,0.0,0.0,-6.510336875915527,2.2642691135406494,0.0,0.0,0.0,2.2642691135406494,0.0,-6.510336875915527,-0.0,-0.0,-0.0,3.359670400619507,-0.2297562062740326,-6.014252185821533,0.0,0.0,0.0,2.9802322387695312e-08,0.0,0.6000000238418579,-2.9802322387695312e-08,0.05600002408027649,0.5999999642372131,2.9802322387695312e-08,-0.0559999942779541,0.5999999642372131,6.716944694519043,-0.711603045463562,-12.014913558959961,0.0,0.0,0.0,0.0007608532905578613,-7.580283636343665e-07,0.00013412535190582275,36.518890380859375,36.52760696411133,57.898468017578125,57.90384292602539,0.07861043512821198,0.07861043512821198,0.347420334815979,0.347420334815979,0.5739692449569702,0.5739692449569702,0.0,0.0,-6.047096252441406,-6.047096252441406,-0.46324077248573303,-0.46324077248573303,2.3799898624420166,2.3799898624420166,-0.05502630025148392,-0.05502630025148392,-0.06069454178214073,-0.06069454178214073,2.2642691135406494,2.2642691135406494,0.5288505554199219,0.5288505554199219,-0.37963107228279114,-0.37963107228279114,-0.20509813725948334,-0.20509813725948334,-80.01934051513672,-80.01934051513672,-50.665958404541016,-50.665958404541016,-40.66595458984375,-40.66595458984375,10.0,10.0,0.0,0.0,180.0
225,0.9375,-1.4099413023596324e-15,13.149450210865439,8.905960245149625e-13,-1.4099413023596324e-15,13.149450210865439,8.905960245149625e-13,6.5,-6.5,0.0,0.0,10.0,0,0.5,0.0,0.0,4.0,4.0,4.0,13.149449348449707,13.149443626403809,13.14945125579834,13.14945125579834,0.0496537983417511,0.052382390946149826,11.244342803955078,11.862236976623535,0.0,0.0,0.0,0.0,nan,nan,40.0409049987793,40.0409049987793,80.0818099975586,0.0,-6.269837856292725,2.400142192840576,0.0,0.0,0.0,2.400142192840576,0.0,-6.269837856292725,0.0,0.0,0.0,3.452216625213623,-0.12157084047794342,-5.756645679473877,0.0,0.0,0.0,0.0,-6.269837856292725,2.400142192840576,0.0,0.0,0.0,2.400142192840576,0.0,-6.269837856292725,-0.0,-0.0,-0.0,3.452216863632202,0.12157081067562103,-5.756645679473877,0.0,0.0,0.0,2.9802322387695312e-08,0.0,0.6000000238418579,2.9802322387695312e-08,0.05600005388259888,0.5999999642372131,-8.195638656616211e-08,-0.055999934673309326,0.5999999642372131,6.904433250427246,-2.9802322387695312e-08,-11.513291358947754,0.0,0.0,0.0,-6.854534149169922e-07,-1.054891640706046e-06,-4.023313522338867e-07,36.62981033325195,36.62981033325195,58.03085708618164,58.03086471557617,0.07861043512821198,0.07861043512821198,0.347420334815979,0.347420334815979,0.5739692449569702,0.5739692449569702,0.0,0.0,-6.269837856292725,-6.269837856292725,-1.1942781697393476e-14,-1.1942781697393476e-14,2.5178112983703613,2.5178112983703613,-0.05697442591190338,-0.05697442591190338,-0.06069454178214073,-0.06069454178214073,2.400142192840576,2.400142192840576,0.5288505554199219,0.5288505554199219,-0.38624683022499084,-0.38624683022499084,-0.21171389520168304,-0.21171389520168304,-80.4601058959961,-80.4601058959961,-50.99943161010742,-50.99943161010742,-40.99943542480469,-40.99943542480469,10.0,10.0,0.0,0.0,180.0
226,0.9416666666666667,0.0546892919816352,13.07741614676064,-34.54474731740209,0.0546892919816352,13.07741614676064,-34.54474731740209,6.5,-6.5,0.0,0.0,10.0,0,0.5,0.0,0.0,4.0,4.0,4.0,13.077414512634277,13.077415466308594,13.07741641998291,13.07741641998291,0.10384789109230042,0.10646029561758041,11.079615592956543,11.671195030212402,0.0,0.0,0.0,0.0,nan,nan,38.05246353149414,38.05246353149414,76.10492706298828,0.0,-5.914892196655273,2.465423583984375,0.0,0.0,0.0,2.465423583984375,0.0,-5.914892196655273,0.0,0.0,0.0,3.4544360637664795,0.20874236524105072,-5.393288612365723,0.0,0.0,0.0,0.0,-5.914892196655273,2.465423583984375,0.0,0.0,0.0,2.465423583984375,0.0,-5.914892196655273,-0.0,-0.0,-0.0,3.452258825302124,0.43777647614479065,-5.380940914154053,0.0,0.0,0.0,2.9802322387695312e-08,0.0,0.6000000238418579,-8.195638656616211e-08,0.05600002408027649,0.5999999642372131,-2.9802322387695312e-08,-0.0559999942779541,0.6000000238418579,6.9066948890686035,0.6465188264846802,-10.774229049682617,0.0,0.0,0.0,-0.0006916224956512451,-1.1293765282971435e-06,-0.00012208521366119385,36.527610778808594,36.518890380859375,57.90385055541992,57.898468017578125,0.07861043512821198,0.07861043512821198,0.347420334815979,0.347420334815979,0.5739692449569702,0.5739692449569702,0.0,0.0,-6.3781328201293945,-6.3781328201293945,0.46324077248573303,0.46324077248573303,2.5840396881103516,2.5840396881103516,-0.05792158097028732,-0.05792158097028732,-0.06069454178214073,-0.06069454178214073,2.465423583984375,2.465423583984375,0.5288505554199219,0.5288505554199219,-0.389475017786026,-0.389475017786026,-0.214942067861557,-0.214942067861557,-80.01934051513672,-80.01934051513672,-50.8225212097168,-50.8225212097168,-40.82252502441406,-40.82252502441406,10.0,10.0,0.0,0.0,180.0
227,0.9458333333333333,0.1087793966358509,12.862103174726666,-68.71101515424249,0.1087793966358509,12.862103174726666,-68.71101515424249,6.5,-6.5,0.0,0.0,10.0,0,0.5,0.0,0.0,4.0,4.0,4.0,12.862102508544922,12.862101554870605,12.862103462219238,12.862103462219238,0.15690909326076508,0.1593669354915619,10.794600486755371,11.351180076599121,0.0,0.0,0.0,0.0,nan,nan,35.05012512207031,35.05012512207031,70.10025024414062,0.0,-5.448153972625732,2.455911159515381,0.0,0.0,0.0,2.455911159515381,0.0,-5.448153972625732,0.0,0.0,0.0,3.360882520675659,0.4863532781600952,-4.9175004959106445,0.0,0.0,0.0,0.0,-5.448153972625732,2.455911159515381,0.0,0.0,0.0,2.455911159515381,0.0,-5.448153972625732,-0.0,-0.0,-0.0,3.3568997383117676,0.6963816285133362,-4.894911766052246,0.0,0.0,0.0,2.9802322387695312e-08,0.0,0.6000000238418579,-2.9802322387695312e-08,0.05600002408027649,0.5999999642372131,-3.725290298461914e-08,-0.055999964475631714,0.6000000238418579,6.717782020568848,1.1827349662780762,-9.81241226196289,0.0,0.0,0.0,-0.0012652277946472168,-8.216595119847625e-07,-0.00022330880165100098,36.211158752441406,36.19373321533203,57.513431549072266,57.50252914428711,0.07861043512821198,0.07861043512821198,0.347420334815979,0.347420334815979,0.5739692449569702,0.5739692449569702,0.0,0.0,-6.369560241699219,-6.369560241699219,0.9214061498641968,0.9214061498641968,2.5744521617889404,2.5744521617889404,-0.05784653127193451,-0.05784653127193451,-0.06069454178214073,-0.06069454178214073,2.455911159515381,2.455911159515381,0.5288505554199219,0.5288505554199219,-0.3892802298069,-0.3892802298069,-0.21474730968475342,-0.21474730968475342,-78.70185852050781,-78.70185852050781,-50.13716125488281,-50.13716125488281,-40.13716506958008,-40.13716506958008,10.0,10.0,0.0,0.0,180.0
228,0.95,0.16167769145697203,12.50587030874226,-102.1244707303487,0.16167769145697203,12.50587030874226,-102.1244707303487,6.5,-6.5,0.0,0.0,10.0,0,0.5,0.0,0.0,4.0,4.0,4.0,12.505868911743164,12.505866050720215,12.50586986541748,12.505870819091797,0.20825590193271637,0.21052275598049164,10.392395973205566,10.905720710754395,0.0,0.0,0.0,0.0,nan,nan,31.178041458129883,31.178041458129883,62.356082916259766,0.0,-4.874937057495117,2.3722376823425293,0.0,0.0,0.0,2.3722376823425293,0.0,-4.874937057495117,0.0,0.0,0.0,3.1741650104522705,0.6913015246391296,-4.340426445007324,0.0,0.0,0.0,0.0,-4.874937057495117,2.3722376823425293,0.0,0.0,0.0,2.3722376823425293,0.0,-4.874937057495117,-0.0,-0.0,-0.0,3.1688807010650635,0.877884030342102,-4.3104567527771,0.0,0.0,0.0,2.9802322387695312e-08,0.0,0.6000000238418579,-4.470348358154297e-08,0.05600005388259888,0.5999999642372131,-3.725290298461914e-08,-0.055999964475631714,0.5999999642372131,6.343045711517334,1.569185495376587,-8.650882720947266,0.0,0.0,0.0,-0.0016786009073257446,-9.905006663757376e-07,-0.00029630959033966064,35.67704772949219,35.65096664428711,56.847259521484375,56.830543518066406,0.07861043512821198,0.07861043512821198,0.3662877678871155,0.3662877678871155,0.5551018118858337,0.5551018118858337,0.0,0.0,-6.244413375854492,-6.244413375854492,1.3694764375686646,1.3694764375686646,2.4896841049194336,2.4896841049194336,-0.056751854717731476,-0.056751854717731476,-0.06069454178214073,-0.06069454178214073,2.3722376823425293,2.3722376823425293,0.5288505554199219,0.5288505554199219,-0.3856646716594696,-0.3856646716594696,-0.211131751537323,-0.211131751537323,-76.5221176147461,-76.5221176147461,-48.95085906982422,-48.95085906982422,-38.950862884521484,-38.950862884521484,10.0,10.0,0.0,0.0,180.0
229,0.9541666666666666,0.2128046116572568,12.012620510633683,-134.4190292342127,0.2128046116572568,12.012620510633683,-134.4190292342127,6.5,-6.5,0.0,0.0,10.0,0,0.5,0.0,0.0,4.0,4.0,4.0,12.012619018554688,12.012619018554688,12.01262092590332,12.01262092590332,0.25732550024986267,0.2593676447868347,9.877335548400879,10.339774131774902,0.0,0.0,0.0,0.0,nan,nan,26.634496688842773,26.634496688842773,53.26899337768555,0.0,-4.203140735626221,2.2198119163513184,0.0,0.0,0.0,2.2198119163513184,0.0,-4.203140735626221,0.0,0.0,0.0,2.9023447036743164,0.8078835010528564,-3.6766393184661865,0.0,0.0,0.0,0.0,-4.203140735626221,2.2198119163513184,0.0,0.0,0.0,2.2198119163513184,0.0,-4.203140735626221,-0.0,-0.0,-0.0,2.896366834640503,0.9672028422355652,-3.64273738861084,0.0,0.0,0.0,2.9802322387695312e-08,0.0,0.6000000238418579,0.0,0.05600005388259888,0.6000000238418579,-5.21540641784668e-08,-0.055999964475631714,0.6000000238418579,5.798711776733398,1.7750864028930664,-7.3193769454956055,0.0,0.0,0.0,-0.0018988251686096191,-4.0811798385220754e-07,-0.0003351271152496338,34.9196662902832,34.884986877441406,55.88398361206055,55.86098098754883,0.07861043512821198,0.07861043512821198,0.3851468563079834,0.3851468563079834,0.5362427234649658,0.5362427234649658,0.0,0.0,-6.005682945251465,-6.005682945251465,1.8025422096252441,1.8025422096252441,2.335170030593872,2.335170030593872,-0.0546637699007988,-0.0546637699007988,-0.06069454178214073,-0.06069454178214073,2.2198119163513184,2.2198119163513184,0.5288505554199219,0.5288505554199219,-0.378667950630188,-0.378667950630188,-0.204135000705719,-0.204135000705719,-73.50397491455078,-73.50397491455078,-47.276611328125,-47.276611328125,-37.276611328125,-37.276611328125,10.0,10.0,0.0,0.0,180.0
230,0.9583333333333334,0.2616000000000001,11.387757928408112,-165.24086472479854,0.2616000000000001,11.387757928408112,-165.24086472479854,6.5,-6.5,0.0,0.0,10.0,0,0.5,0.0,0.0,4.0,4.0,4.0,11.387758255004883,11.3877534866333,11.387758255004883,11.387758255004883,0.30357956886291504,0.3053669333457947,9.254923820495605,9.659675598144531,0.0,0.0,0.0,0.0,nan,nan,21.65996742248535,21.65996742248535,43.3199348449707,0.0,-3.4430088996887207,2.008385181427002,0.0,0.0,0.0,2.008385181427002,0.0,-3.4430088996887207,0.0,0.0,0.0,2.5582923889160156,0.8257980346679688,-2.9429776668548584,0.0,0.0,0.0,0.0,-3.4430088996887207,2.008385181427002,0.0,0.0,0.0,2.008385181427002,0.0,-3.4430088996887207,-0.0,-0.0,-0.0,2.5522961616516113,0.9547735452651978,-2.9089713096618652,0.0,0.0,0.0,2.9802322387695312e-08,0.0,0.6000000238418579,0.0,0.05600005388259888,0.5999999642372131,-1.1920928955078125e-07,-0.055999964475631714,0.5999999642372131,5.110588550567627,1.7805715799331665,-5.8519487380981445,0.0,0.0,0.0,-0.001904517412185669,-8.257928811872262e-07,-0.0003361999988555908,33.93122863769531,33.88809585571289,54.592193603515625,54.562294006347656,0.09826549142599106,0.09826549142599106,0.3843482732772827,0.3843482732772827,0.517386257648468,0.517386257648468,0.0,0.0,-5.658868789672852,-5.658868789672852,2.2158594131469727,2.2158594131469727,2.1207098960876465,2.1207098960876465,-0.05163048207759857,-0.05163048207759857,-0.06069454178214073,-0.06069454178214073,2.008385181427002,2.008385181427002,0.5288505554199219,0.5288505554199219,-0.36836665868759155,-0.36836665868759155,-0.19383373856544495,-0.19383373856544495,-69.68050384521484,-69.68050384521484,-45.13276290893555,-45.13276290893555,-35.13276672363281,-35.13276672363281,10.0,10.0,0.0,0.0,180.0
231,0.9625,0.3075292439994223,10.63812868727737,-194.2522867225844,0.3075292439994223,10.63812868727737,-194.2522867225844,6.5,-6.5,0.0,0.0,10.0,0,0.5,0.0,0.0,4.0,4.0,4.0,10.638124465942383,10.638129234313965,10.638128280639648,10.638128280639648,0.346510648727417,0.3480175733566284,8.53181266784668,8.873044967651367,0.0,0.0,0.0,0.0,nan,nan,16.521800994873047,16.521800994873047,33.043601989746094,0.0,-2.6067447662353516,1.7512969970703125,0.0,0.0,0.0,1.7512969970703125,0.0,-2.6067447662353516,0.0,0.0,0.0,2.1586852073669434,0.7407523393630981,-2.15720272064209,0.0,0.0,0.0,0.0,-2.6067447662353516,1.7512969970703125,0.0,0.0,0.0,1.7512969970703125,0.0,-2.6067447662353516,-0.0,-0.0,-0.0,2.153371572494507,0.8370981812477112,-2.1270675659179688,0.0,0.0,0.0,2.9802322387695312e-08,0.0,0.6000000238418579,-1.1920928955078125e-07,0.0559999942779541,0.6000000238418579,8.195638656616211e-08,-0.0559999942779541,0.5999999642372131,4.312056541442871,1.577850580215454,-4.284270286560059,0.0,0.0,0.0,-0.0016875192523002625,-3.3886396977322875e-07,-0.00029762834310531616,32.702022552490234,32.65065002441406,52.92900466918945,52.891395568847656,0.09826549142599106,0.09826549142599106,0.4220709502696991,0.4220709502696991,0.47966358065605164,0.47966358065605164,0.0,0.0,-5.211644172668457,-5.211644172668457,2.6048989295959473,2.6048989295959473,1.859710931777954,1.859710931777954,-0.04771929979324341,-0.04771929979324341,-0.06069454178214073,-0.06069454178214073,1.7512969970703125,1.7512969970703125,0.5288505554199219,0.5288505554199219,-0.3548736870288849,-0.3548736870288849,-0.18034076690673828,-0.18034076690673828,-65.09359741210938,-65.09359741210938,-42.54279708862305,-42.54279708862305,-32.54279708862305,-32.54279708862305,10.0,10.0,0.0,0.0,180.0
232,0.9666666666666667,0.35008913324695384,9.7719458820773,-221.13544001713242,0.35008913324695384,9.7719458820773,-221.13544001713242,6.5,-6.5,0.0,0.0,10.0,0,0.5,0.0,0.0,4.0,4.0,4.0,9.771944046020508,9.771944046020508,9.77194595336914,9.77194595336914,0.3856474757194519,0.38685306906700134,7.715717792510986,7.98870849609375,0.0,0.0,0.0,0.0,nan,nan,11.496822357177734,11.496822357177734,22.99364471435547,0.0,-1.7079863548278809,1.4644742012023926,0.0,0.0,0.0,1.4644742012023926,0.0,-1.7079863548278809,0.0,0.0,0.0,1.7227431535720825,0.5545883774757385,-1.3365963697433472,0.0,0.0,0.0,0.0,-1.7079863548278809,1.4644742012023926,0.0,0.0,0.0,1.4644742012023926,0.0,-1.7079863548278809,-0.0,-0.0,-0.0,1.7187983989715576,0.6168056726455688,-1.3142240047454834,0.0,0.0,0.0,2.9802322387695312e-08,0.0,0.6000000238418579,-2.9802322387695312e-08,0.05600005388259888,0.6000000238418579,-3.725290298461914e-08,-0.0559999942779541,0.5999999642372131,3.4415416717529297,1.1713941097259521,-2.650820255279541,0.0,0.0,0.0,-0.0012528970837593079,-2.7024131554753694e-07,-0.00022108107805252075,31.220787048339844,31.161556243896484,50.838409423828125,50.79207229614258,0.09826549142599106,0.09826549142599106,0.47870054841041565,0.47870054841041565,0.4230339229106903,0.4230339229106903,0.0,0.0,-4.673385143280029,-4.673385143280029,2.9653987884521484,2.9653987884521484,1.5681811571121216,1.5681811571121216,-0.043012477457523346,-0.043012477457523346,-0.06069454178214073,-0.06069454178214073,1.4644742012023926,1.4644742012023926,0.5288505554199219,0.5288505554199219,-0.33833691477775574,-0.33833691477775574,-0.16380399465560913,-0.16380399465560913,-59.79351043701172,-59.79351043701172,-39.53509521484375,-39.53509521484375,-29.535097122192383,-29.535097122192383,10.0,10.0,0.0,0.0,180.0
233,0.9708333333333333,0.3888133726897721,8.798699592882022,-245.59578715528778,0.3888133726897721,8.798699592882022,-245.59578715528778,6.5,-6.5,0.0,0.0,10.0,0,0.5,0.0,0.0,4.0,4.0,4.0,8.798699378967285,8.798697471618652,8.798699378967285,8.798699378967285,0.4205603301525116,0.4214487671852112,6.815383434295654,7.016551494598389,0.0,0.0,0.0,0.0,nan,nan,6.853602886199951,6.853602886199951,13.707205772399902,0.0,-0.7611852884292603,1.1652976274490356,0.0,0.0,0.0,1.1652976274490356,0.0,-0.7611852884292603,0.0,0.0,0.0,1.2708550691604614,0.27484622597694397,-0.49669766426086426,0.0,0.0,0.0,0.0,-0.7611852884292603,1.1652976274490356,0.0,0.0,0.0,1.1652976274490356,0.0,-0.7611852884292603,-0.0,-0.0,-0.0,1.2689118385314941,0.30216145515441895,-0.48567748069763184,0.0,0.0,0.0,2.9802322387695312e-08,0.0,0.6000000238418579,-1.4901161193847656e-08,0.05600005388259888,0.6000000238418579,3.725290298461914e-08,-0.0559999942779541,0.6000000238418579,2.539766788482666,0.5770076513290405,-0.9823751449584961,0.0,0.0,0.0,-0.0006171595305204391,-1.8585536665227664e-08,-0.00010891258716583252,29.47548484802246,29.40900421142578,48.24968338012695,48.1934814453125,0.11794067919254303,0.11794067919254303,0.515632152557373,0.515632152557373,0.3664271831512451,0.3664271831512451,0.0,0.0,-4.054594039916992,-4.054594039916992,3.2934088706970215,3.2934088706970215,1.263594388961792,1.263594388961792,-0.037602152675390244,-0.037602152675390244,-0.06069454178214073,-0.06069454178214073,1.1652976274490356,1.1652976274490356,0.5288505554199219,0.5288505554199219,-0.3189374804496765,-0.3189374804496765,-0.1444045752286911,-0.1444045752286911,-53.838321685791016,-53.838321685791016,-36.142616271972656,-36.142616271972656,-26.142616271972656,-26.142616271972656,10.0,10.0,0.0,0.0,180.0
234,0.975,0.4232776914569722,7.729052909700866,-267.36533545514726,0.4232776914569722,7.729052909700866,-267.36533545514726,6.5,-6.5,0.0,0.0,10.0,0,0.5,0.0,0.0,4.0,4.0,4.0,7.729051113128662,7.729050159454346,7.729053020477295,7.729053020477295,0.4508660137653351,0.4514266550540924,5.840479850769043,5.967421531677246,0.0,0.0,0.0,0.0,nan,nan,2.8361458778381348,2.8361458778381348,5.6722917556762695,0.0,0.21907106041908264,0.871467649936676,0.0,0.0,0.0,0.871467649936676,0.0,0.21907106041908264,0.0,0.0,0.0,0.8232477903366089,-0.08609382063150406,0.34971264004707336,0.0,0.0,0.0,0.0,0.21907106041908264,0.871467649936676,0.0,0.0,0.0,0.871467649936676,0.0,0.21907106041908264,-0.0,-0.0,-0.0,0.8238537311553955,-0.09383957087993622,0.3462761640548706,0.0,0.0,0.0,2.9802322387695312e-08,0.0,0.6000000238418579,-2.9802322387695312e-08,0.05600002408027649,0.6000000238418579,-1.1175870895385742e-07,-0.055999964475631714,0.6000000238418579,1.6471015214920044,-0.17993339896202087,0.6959887742996216,0.0,0.0,0.0,0.00019246339797973633,6.986370948425247e-08,3.390386700630188e-05,27.454668045043945,27.381929397583008,45.077049255371094,45.00981521606445,0.13761016726493835,0.13761016726493835,0.5893898010253906,0.5893898010253906,0.273000031709671,0.273000031709671,0.0,0.0,-3.366264820098877,-3.366264820098877,3.5853357315063477,3.5853357315063477,0.9637470245361328,0.9637470245361328,-0.03158484026789665,-0.03158484026789665,-0.06069454178214073,-0.06069454178214073,0.871467649936676,0.871467649936676,0.5288505554199219,0.5288505554199219,-0.29688793420791626,-0.29688793420791626,-0.12235501408576965,-0.12235501408576965,-47.293270111083984,-47.293270111083984,-32.40251922607422,-32.40251922607422,-22.40252113342285,-22.40252113342285,10.0,10.0,0.0,0.0,180.0
235,0.9791666666666666,0.4531044912600182,6.574725105432724,-286.20557318996674,0.4531044912600182,6.574725105432724,-286.20557318996674,6.5,-6.5,0.0,0.0,10.0,0,0.5,0.0,0.0,4.0,4.0,4.0,6.5747222900390625,6.5747222900390625,6.574725151062012,6.574725151062012,0.47623154520988464,0.47645875811576843,4.801530838012695,4.852965831756592,0.0,0.0,0.0,0.0,nan,nan,-0.34947633743286133,-0.34947633743286133,-0.6989526748657227,0.0,1.2187457084655762,0.5999780893325806,0.0,0.0,0.0,0.5999780893325806,0.0,1.2187457084655762,0.0,0.0,0.0,0.39882558584213257,-0.5121698379516602,1.1932874917984009,0.0,0.0,0.0,0.0,1.2187457084655762,0.5999780893325806,0.0,0.0,0.0,0.5999780893325806,0.0,1.2187457084655762,-0.0,-0.0,-0.0,0.40241822600364685,-0.5546630620956421,1.1729122400283813,0.0,0.0,0.0,2.9802322387695312e-08,0.0,0.6000000238418579,-2.086162567138672e-07,0.05600002408027649,0.6000000238418579,-1.4156103134155273e-07,-0.055999964475631714,0.5999999642372131,0.801243782043457,-1.0668329000473022,2.3661997318267822,0.0,0.0,0.0,0.0011410564184188843,4.6151009769346274e-07,0.00020138174295425415,25.149831771850586,25.072412490844727,41.22220230102539,41.14303970336914,0.15725339949131012,0.15725339949131012,0.6930078864097595,0.6930078864097595,0.14973872900009155,0.14973872900009155,0.0,0.0,-2.6192355155944824,-2.6192355155944824,3.8379812240600586,3.8379812240600586,0.6857283115386963,0.6857283115386963,-0.025055736303329468,-0.025055736303329468,-0.06069454178214073,-0.06069454178214073,0.5999780893325806,0.5999780893325806,0.5288505554199219,0.5288505554199219,-0.27242985367774963,-0.27242985367774963,-0.09789693355560303,-0.09789693355560303,-40.23005294799805,-40.23005294799805,-28.35578155517578,-28.35578155517578,-18.35578155517578,-18.35578155517578,10.0,10.0,0.0,0.0,180.0
236,0.9833333333333333,0.47796698343860805,5.3483632370598215,-301.9100827725498,0.47796698343860805,5.3483632370598215,-301.9100827725498,6.5,-6.5,0.0,0.0,10.0,0,0.5,0.0,0.0,4.0,4.0,4.0,5.348361492156982,5.348362922668457,5.348363399505615,5.348363399505615,0.49637874960899353,0.49627140164375305,3.7098186016082764,3.6854958534240723,0.0,0.0,0.0,0.0,nan,nan,-2.544257402420044,-2.544257402420044,-5.088514804840088,0.0,2.224978446960449,0.36630940437316895,0.0,0.0,0.0,0.36630940437316895,0.0,2.224978446960449,0.0,0.0,0.0,0.014299544505774975,-0.9849342107772827,2.0284011363983154,0.0,0.0,0.0,0.0,2.224978446960449,0.36630940437316895,0.0,0.0,0.0,0.36630940437316895,0.0,2.224978446960449,-0.0,-0.0,-0.0,0.021191224455833435,-1.0615483522415161,1.9893158674240112,0.0,0.0,0.0,2.9802322387695312e-08,0.0,0.6000000238418579,-1.1920928955078125e-07,0.05600005388259888,0.5999999642372131,-5.960464477539063e-08,-0.055999964475631714,0.6000000238418579,0.035490769892930984,-2.046482563018799,4.017716884613037,0.0,0.0,0.0,0.0021888986229896545,4.79261700547795e-07,0.0003861742443405092,22.559154510498047,22.4796199798584,36.58331298828125,36.49226379394531,0.19639912247657776,0.19639912247657776,0.7825304865837097,0.7825304865837097,0.021070441231131554,0.021070441231131554,0.0,0.0,-1.8235983848571777,-1.8235983848571777,4.048576831817627,4.048576831817627,0.44510751962661743,0.44510751962661743,-0.018103541806340218,-0.018103541806340218,-0.06069454178214073,-0.06069454178214073,0.36630940437316895,0.36630940437316895,0.5288505554199219,0.5288505554199219,-0.24583123624324799,-0.24583123624324799,-0.07129830867052078,-0.07129830867052078,-32.726078033447266,-32.726078033447266,-24.0467472076416,-24.0467472076416,-14.046747207641602,-14.046747207641602,10.0,10.0,0.0,0.0,180.0
237,0.9874999999999999,0.4975927693256239,4.063403581844691,-314.30680230953084,0.4975927693256239,4.063403581844691,-314.30680230953084,6.5,-6.5,0.0,0.0,10.0,0,0.5,0.0,0.0,4.0,4.0,4.0,4.06340217590332,4.0634026527404785,4.063403606414795,4.063403606414795,0.511086642742157,0.5106475949287415,2.577272415161133,2.4778361320495605,0.0,0.0,0.0,0.0,nan,nan,-3.6405889987945557,-3.6405889987945557,-7.281177997589111,0.0,3.226592779159546,0.18389636278152466,0.0,0.0,0.0,0.18389636278152466,0.0,3.226592779159546,0.0,0.0,0.0,-0.3163364827632904,-1.4848237037658691,2.8530592918395996,0.0,0.0,0.0,0.0,3.226592779159546,0.18389636278152466,0.0,0.0,0.0,0.18389636278152466,0.0,3.226592779159546,-0.0,-0.0,-0.0,-0.3059656322002411,-1.5947762727737427,2.7942428588867188,0.0,0.0,0.0,2.9802322387695312e-08,0.0,0.6000000238418579,-8.940696716308594e-08,0.05600002408027649,0.5999999642372131,-3.725290298461914e-08,-0.055999964475631714,0.6000000238418579,-0.6223021149635315,-3.0795998573303223,5.647302150726318,0.0,0.0,0.0,0.0032937973737716675,5.463348884404695e-07,0.0005810689181089401,19.693437576293945,19.61591339111328,31.076494216918945,30.975894927978516,0.2546343207359314,0.27390366792678833,0.7453657388687134,0.7260963320732117,0.0,0.0,0.0,0.0,-0.9882223010063171,-0.9882223010063171,4.214815139770508,4.214815139770508,0.25539717078208923,0.25539717078208923,-0.010806267149746418,-0.010806267149746418,-0.06069454178214073,-0.06069454178214073,0.18389636278152466,0.18389636278152466,0.5288505554199219,0.5288505554199219,-0.2173834592103958,-0.2173834592103958,-0.04285051301121712,-0.04285051301121712,-24.863542556762695,-24.863542556762695,-19.52262306213379,-19.52262306213379,-9.522622108459473,-9.522622108459473,10.0,10.0,0.0,0.0,180.0
238,0.9916666666666667,0.5117668247039272,2.7339244266649576,-323.25991074748197,0.5117668247039272,2.7339244266649576,-323.25991074748197,6.5,-6.5,0.0,0.0,10.0,0,0.5,0.0,0.0,4.0,4.0,4.0,2.733924388885498,2.7339234352111816,2.733924388885498,2.733924388885498,0.5201943516731262,0.5194297432899475,1.4163429737091064,1.243173599243164,0.0,0.0,0.0,0.0,nan,nan,-3.581852436065674,-3.581852436065674,-7.163704872131348,0.0,4.214407444000244,0.06388489902019501,0.0,0.0,0.0,0.06388489902019501,0.0,4.214407444000244,0.0,0.0,0.0,-0.5819763541221619,-1.9922373294830322,3.6684610843658447,0.0,0.0,0.0,0.0,4.214407444000244,0.06388489902019501,0.0,0.0,0.0,0.06388489902019501,0.0,4.214407444000244,-0.0,-0.0,-0.0,-0.5680781602859497,-2.134730577468872,3.5896410942077637,0.0,0.0,0.0,2.9802322387695312e-08,0.0,0.6000000238418579,-7.450580596923828e-08,0.05600005388259888,0.5999999642372131,-5.960464477539063e-08,-0.055999964475631714,0.6000000238418579,-1.1500544548034668,-4.126967906951904,7.2581024169921875,0.0,0.0,0.0,0.00441412627696991,7.382777198472468e-07,0.0007787458598613739,16.585134506225586,16.5164794921875,24.677736282348633,24.575193405151367,0.3882429003715515,0.3882429003715515,0.6117570996284485,0.6117570996284485,0.0,0.0,0.0,0.0,-0.12046787142753601,-0.12046787142753601,4.334875583648682,4.334875583648682,0.12780813872814178,0.12780813872814178,-0.0032287021167576313,-0.0032287021167576313,-0.06069454178214073,-0.06069454178214073,0.06388489902019501,0.06388489902019501,0.5288505554199219,0.5288505554199219,-0.18739819526672363,-0.18739819526672363,-0.012865269556641579,-0.012865269556641579,-16.72859764099121,-16.72859764099121,-14.832971572875977,-14.832971572875977,-4.832972049713135,-4.832972049713135,10.0,10.0,0.0,0.0,180.0
239,0.9958333333333333,0.5203338556566806,1.3744918233563066,-328.671315956798,0.5203338556566806,1.3744918233563066,-328.671315956798,6.5,-6.5,0.0,0.0,10.0,0,0.5,0.0,0.0,4.0,4.0,4.0,1.3744913339614868,1.374491810798645,1.374491810798645,1.374491810798645,0.5232999920845032,0.5225208401679993,-0.0006969310343265533,-0.005084231495857239,0.0,0.0,0.0,0.0,nan,nan,-2.3581910133361816,-2.3581910133361816,-4.716382026672363,0.0,5.181305885314941,0.015125873498618603,0.0,0.0,0.0,0.015125873498618603,0.0,5.181305885314941,0.0,0.0,0.0,-0.774276852607727,-2.488334894180298,4.4782633781433105,0.0,0.0,0.0,0.0,5.181305885314941,0.015125873498618603,0.0,0.0,0.0,0.015125873498618603,0.0,5.181305885314941,-0.0,-0.0,-0.0,-0.7569305300712585,-2.6626715660095215,4.379885673522949,0.0,0.0,0.0,2.9802322387695312e-08,0.0,0.6000000238418579,-8.940696716308594e-08,0.05600002408027649,0.6000000238418579,1.4901161193847656e-08,-0.0559999942779541,0.6000000238418579,-1.5312073230743408,-5.151006698608398,8.858148574829102,0.0,0.0,0.0,0.005509272217750549,5.991159923723899e-07,0.0009717568755149841,13.303915977478027,13.256443977355957,17.49999237060547,17.415996551513672,0.7635338306427002,0.7635338306427002,0.2364661693572998,0.2364661693572998,0.0,0.0,0.0,0.0,0.773864209651947,0.773864209651947,4.40744161605835,4.40744161605835,0.07124235481023788,0.07124235481023788,0.004578058607876301,0.004578058607876301,-0.06069454178214073,-0.06069454178214073,0.015125873498618603,0.015125873498618603,0.5288505554199219,0.5288505554199219,-0.1562040150165558,-0.1562040150165558,0.018328916281461716,0.018328916281461716,-8.410372734069824,-8.410372734069824,-10.029181480407715,-10.029181480407715,-0.029181983321905136,-0.029181983321905136,10.0,10.0,0.0,0.0,180.0
