step,t,wing_q,wing_qd,wing_qdd,wing_q_R,wing_qd_R,wing_qdd_R,airspeed,v_air_wx,v_air_wy,v_air_wz,body_pitch_deg,mod_enabled,mod_delta,mod_mode,mod_smooth,mod_f_eff_hz,mod_fd_hz,mod_fu_hz,omega_w_norm_L,omega_w_norm_R,omega_c_norm_L,omega_c_norm_R,joint_pos_L,joint_pos_R,joint_vel_L,joint_vel_R,eta_tip_L,eta_tip_R,tau_twist_x_L,tau_twist_x_R,tau_hinge_L,tau_hinge_R,power_in_L,power_in_R,power_in_T,F_wang_x_L,F_wang_y_L,F_wang_z_L,tau_wang_x_L,tau_wang_y_L,tau_wang_z_L,F_link_x_L,F_link_y_L,F_link_z_L,tau_link_x_L,tau_link_y_L,tau_link_z_L,F_world_x_L,F_world_y_L,F_world_z_L,tau_world_x_L,tau_world_y_L,tau_world_z_L,F_wang_x_R,F_wang_y_R,F_wang_z_R,tau_wang_x_R,tau_wang_y_R,tau_wang_z_R,F_link_x_R,F_link_y_R,F_link_z_R,tau_link_x_R,tau_link_y_R,tau_link_z_R,F_world_x_R,F_world_y_R,F_world_z_R,tau_world_x_R,tau_world_y_R,tau_world_z_R,p_base_wx,p_base_wy,p_base_wz,p_wing_L_wx,p_wing_L_wy,p_wing_L_wz,p_wing_R_wx,p_wing_R_wy,p_wing_R_wz,F_world_x_T,F_world_y_T,F_world_z_T,tau_world_x_T,tau_world_y_T,tau_world_z_T,tau_world_x_T_about_base,tau_world_y_T_about_base,tau_world_z_T_about_base,aoa_mean_deg_L,aoa_mean_deg_R,aoa_max_deg_L,aoa_max_deg_R,aoa_frac_pre_L,aoa_frac_pre_R,aoa_frac_mid_L,aoa_frac_mid_R,aoa_frac_post_L,aoa_frac_post_R,del_sep_ratio_L,del_sep_ratio_R,del_Nc_L,del_Nc_R,del_Na_L,del_Na_R,del_Fx_suction_L,del_Fx_suction_R,del_Fx_camber_L,del_Fx_camber_R,del_Fx_friction_L,del_Fx_friction_R,del_Fx_total_L,del_Fx_total_R,del_k_mean_L,del_k_mean_R,del_alpha_prime_mean_L,del_alpha_prime_mean_R,del_alpha_le_mean_L,del_alpha_le_mean_R,del_alpha_tip_deg_L,del_alpha_tip_deg_R,del_alpha_prime_tip_deg_L,del_alpha_prime_tip_deg_R,del_alpha_le_tip_deg_L,del_alpha_le_tip_deg_R,del_theta_tip_deg_L,del_theta_tip_deg_R,mod_profile,mod_ff_amp,mod_ff_shift_deg
0,0.0,0.0,13.374213213395825,-0.0,0.0,13.374213213395825,-0.0,6.9,-6.900000095367432,0.0,0.0,15.0,1,0.3,2.0,0.0,4.0,6.666666666666667,2.857142857142857,13.374214172363281,13.374211311340332,13.374212265014648,13.374212265014648,0.03954033553600311,0.04045209288597107,6.33802604675293,6.664149761199951,0.0,0.0,0.0,0.0,nan,nan,35.07872009277344,35.07872009277344,70.15744018554688,0.0,-4.782464027404785,1.7894327640533447,0.0,0.0,0.0,1.7894327640533447,0.0,-4.782464027404785,0.0,0.0,0.0,2.9616103172302246,0.41372591257095337,-4.139049053192139,0.0,0.0,0.0,0.0,-4.782464027404785,1.7894327640533447,0.0,0.0,0.0,1.7894327640533447,0.0,-4.782464027404785,-0.0,-0.0,-0.0,2.9616103172302246,-0.4137248992919922,-4.139049053192139,0.0,0.0,0.0,4.470348358154297e-08,0.0,0.6000000238418579,0.0,0.05600005388259888,0.6000000238418579,-5.960464477539063e-08,-0.055999934673309326,0.6000000238418579,5.923220634460449,1.0132789611816406e-06,-8.278098106384277,0.0,0.0,0.0,-4.917383193969727e-07,-6.167663286760217e-07,-3.2782554626464844e-07,39.385799407958984,39.385799407958984,58.980438232421875,58.980438232421875,0.0,0.0,0.36458078026771545,0.36458078026771545,0.6354192495346069,0.6354192495346069,0.0,0.0,-4.782464027404785,-4.782464027404785,0.0,0.0,1.8985686302185059,1.8985686302185059,-0.04420626163482666,-0.04420626163482666,-0.0649295300245285,-0.0649295300245285,1.7894327640533447,1.7894327640533447,0.5067269802093506,0.5067269802093506,-0.4118526577949524,-0.4118526577949524,-0.1500532627105713,-0.1500532627105713,-77.25328063964844,-77.25328063964844,-51.26551818847656,-51.26551818847656,-36.26551818847656,-36.26551818847656,15.000000953674316,15.000000953674316,1.0,0.02,180.0
1,0.004166666666666667,0.055620586069242126,13.297535097249774,-36.7658065019053,0.055620586069242126,13.297535097249774,-36.7658065019053,6.9,-6.900000095367432,0.0,0.0,15.0,1,0.3,2.0,0.0,4.0,6.666666666666667,2.857142857142857,13.29753303527832,13.297530174255371,13.297534942626953,13.297534942626953,0.0932704508304596,0.09424661844968796,5.720634460449219,6.066476821899414,0.0,0.0,0.0,0.0,nan,nan,32.93800735473633,32.93800735473633,65.87601470947266,0.0,-4.401474952697754,1.8430036306381226,0.0,0.0,0.0,1.8430036306381226,0.0,-4.401474952697754,0.0,0.0,0.0,2.918842077255249,0.1364099383354187,-3.7724525928497314,0.0,0.0,0.0,0.0,-4.401474952697754,1.8430036306381226,0.0,0.0,0.0,1.8430036306381226,0.0,-4.401474952697754,-0.0,-0.0,-0.0,2.91884183883667,-0.13640901446342468,-3.7724525928497314,0.0,0.0,0.0,4.470348358154297e-08,0.0,0.6000000238418579,-8.940696716308594e-08,0.05600005388259888,0.5999999642372131,-6.705522537231445e-08,-0.055999934673309326,0.6000000238418579,5.83768367767334,9.238719940185547e-07,-7.544905185699463,0.0,0.0,0.0,-4.470348358154297e-07,-1.101506313716527e-06,-3.5762786865234375e-07,39.306522369384766,39.3065185546875,58.869503021240234,58.869503021240234,0.0,0.0,0.36458078026771545,0.36458078026771545,0.6354192495346069,0.6354192495346069,0.0,0.0,-4.894492149353027,-4.894492149353027,0.49301743507385254,0.49301743507385254,1.9531190395355225,1.9531190395355225,-0.04518578201532364,-0.04518578201532364,-0.0649295300245285,-0.0649295300245285,1.8430036306381226,1.8430036306381226,0.5066930651664734,0.5066930651664734,-0.41500771045684814,-0.41500771045684814,-0.15320828557014465,-0.15320828557014465,-76.81037139892578,-76.81037139892578,-51.06488037109375,-51.06488037109375,-36.06488037109375,-36.06488037109375,15.000000953674316,15.000000953674316,1.0,0.02,180.0
2,0.008333333333333333,0.1106035111674791,13.068470893723555,-73.06663534838923,0.1106035111674791,13.068470893723555,-73.06663534838923,6.9,-6.900000095367432,0.0,0.0,15.0,1,0.3,2.0,0.0,4.0,6.666666666666667,2.857142857142857,13.068466186523438,13.06846809387207,13.06847095489502,13.06847095489502,0.1458878219127655,0.14691756665706635,5.030693054199219,5.39215612411499,0.0,0.0,0.0,0.0,nan,nan,29.784597396850586,29.784597396850586,59.56919479370117,0.0,-3.90207839012146,1.832018494606018,0.0,0.0,0.0,1.832018494606018,0.0,-3.90207839012146,0.0,0.0,0.0,2.7792344093322754,-0.09358635544776917,-3.2938737869262695,0.0,0.0,0.0,0.0,-3.90207839012146,1.832018494606018,0.0,0.0,0.0,1.832018494606018,0.0,-3.90207839012146,-0.0,-0.0,-0.0,2.7792346477508545,0.09358710795640945,-3.2938737869262695,0.0,0.0,0.0,4.470348358154297e-08,0.0,0.6000000238418579,-1.341104507446289e-07,0.05600005388259888,0.5999999642372131,-6.705522537231445e-08,-0.0559999942779541,0.6000000238418579,5.558468818664551,7.525086402893066e-07,-6.587747573852539,0.0,0.0,0.0,-1.9371509552001953e-07,-1.1227649565626052e-06,-1.4901161193847656e-07,39.01890182495117,39.01890182495117,58.500152587890625,58.500152587890625,0.0,0.0,0.36458078026771545,0.36458078026771545,0.6354192495346069,0.6354192495346069,0.0,0.0,-4.881877899169922,-4.881877899169922,0.9797996878623962,0.9797996878623962,1.9420233964920044,1.9420233964920044,-0.04507537931203842,-0.04507537931203842,-0.0649295300245285,-0.0649295300245285,1.832018494606018,1.832018494606018,0.5065918564796448,0.5065918564796448,-0.41471222043037415,-0.41471222043037415,-0.15291281044483185,-0.15291281044483185,-75.48722076416016,-75.48722076416016,-50.35368347167969,-50.35368347167969,-35.35367965698242,-35.35367965698242,15.000000953674316,15.000000953674316,1.0,0.02,180.0
3,0.0125,0.16431917345238461,12.689914606703304,-108.44538752436755,0.16431917345238461,12.689914606703304,-108.44538752436755,6.9,-6.900000095367432,0.0,0.0,15.0,1,0.3,2.0,0.0,4.0,6.666666666666667,2.857142857142857,12.689913749694824,12.689915657043457,12.689915657043457,12.689915657043457,0.19679130613803864,0.19786317646503448,4.276320934295654,4.649130344390869,0.0,0.0,0.0,0.0,nan,nan,25.784568786621094,25.784568786621094,51.56913757324219,0.0,-3.290877342224121,1.757312536239624,0.0,0.0,0.0,1.757312536239624,0.0,-3.290877342224121,0.0,0.0,0.0,2.5466041564941406,-0.2554508447647095,-2.714327096939087,0.0,0.0,0.0,0.0,-3.290877342224121,1.757312536239624,0.0,0.0,0.0,1.757312536239624,0.0,-3.290877342224121,-0.0,-0.0,-0.0,2.5466043949127197,0.2554515302181244,-2.714327096939087,0.0,0.0,0.0,4.470348358154297e-08,0.0,0.6000000238418579,-6.705522537231445e-08,0.05600002408027649,0.6000000238418579,7.450580596923828e-09,-0.055999964475631714,0.6000000238418579,5.093208312988281,6.854534149169922e-07,-5.428654193878174,0.0,0.0,0.0,-1.6391277313232422e-07,-4.044662489377515e-07,-1.1920928955078125e-07,38.52018737792969,38.52019119262695,57.86122512817383,57.86123275756836,0.0,0.0,0.3787931799888611,0.3787931799888611,0.6212068796157837,0.6212068796157837,0.0,0.0,-4.745094299316406,-4.745094299316406,1.4542171955108643,1.4542171955108643,1.8661212921142578,1.8661212921142578,-0.04387920722365379,-0.04387920722365379,-0.0649295300245285,-0.0649295300245285,1.757312536239624,1.757312536239624,0.5064244866371155,0.5064244866371155,-0.4109715223312378,-0.4109715223312378,-0.1491721123456955,-0.1491721123456955,-73.30057525634766,-73.30057525634766,-49.140899658203125,-49.140899658203125,-34.140899658203125,-34.140899658203125,15.000000953674316,15.000000953674316,1.0,0.02,180.0
4,0.016666666666666666,0.21615396056212413,12.166635193985526,-142.46050086162606,0.21615396056212413,12.166635193985526,-142.46050086162606,6.9,-6.900000095367432,0.0,0.0,15.0,1,0.3,2.0,0.0,4.0,6.666666666666667,2.857142857142857,12.166633605957031,12.166634559631348,12.166635513305664,12.166635513305664,0.24540236592292786,0.24650438129901886,3.466606378555298,3.8463761806488037,0.0,0.0,0.0,0.0,nan,nan,21.162033081054688,21.162033081054688,42.324066162109375,0.0,-2.5772204399108887,1.6245968341827393,0.0,0.0,0.0,1.6245968341827393,0.0,-2.5772204399108887,0.0,0.0,0.0,2.230684518814087,-0.3329111337661743,-2.0480713844299316,0.0,0.0,0.0,0.0,-2.5772204399108887,1.6245968341827393,0.0,0.0,0.0,1.6245968341827393,0.0,-2.5772204399108887,-0.0,-0.0,-0.0,2.230684518814087,0.3329119086265564,-2.0480711460113525,0.0,0.0,0.0,4.470348358154297e-08,0.0,0.6000000238418579,-1.341104507446289e-07,0.05600005388259888,0.5999999642372131,-7.450580596923828e-08,-0.055999964475631714,0.6000000238418579,4.461369037628174,7.748603820800781e-07,-4.096142768859863,0.0,0.0,0.0,-2.1606683731079102e-07,-7.433319524352555e-07,-1.7881393432617188e-07,37.805885314941406,37.805885314941406,56.93325424194336,56.93325424194336,0.0,0.0,0.3929862082004547,0.3929862082004547,0.6070138216018677,0.6070138216018677,0.0,0.0,-4.4875688552856445,-4.4875688552856445,1.910348653793335,1.910348653793335,1.7311536073684692,1.7311536073684692,-0.041627317667007446,-0.041627317667007446,-0.0649295300245285,-0.0649295300245285,1.6245968341827393,1.6245968341827393,0.5061929225921631,0.5061929225921631,-0.40383395552635193,-0.40383395552635193,-0.14203456044197083,-0.14203456044197083,-70.27796936035156,-70.27796936035156,-47.44183349609375,-47.44183349609375,-32.441829681396484,-32.441829681396484,15.000000953674316,15.000000953674316,1.0,0.02,180.0
5,0.020833333333333332,0.26551790692775457,11.505196591874896,-174.69316502340791,0.26551790692775457,11.505196591874896,-174.69316502340791,6.9,-6.900000095367432,0.0,0.0,15.0,1,0.3,2.0,0.0,4.0,6.666666666666667,2.857142857142857,11.505196571350098,11.505192756652832,11.505197525024414,11.505196571350098,0.29117175936698914,0.2922917902469635,2.61142635345459,2.9937148094177246,0.0,0.0,0.0,0.0,nan,nan,16.18417739868164,16.18417739868164,32.36835479736328,0.0,-1.7728612422943115,1.4439524412155151,0.0,0.0,0.0,1.4439524412155151,0.0,-1.7728612422943115,0.0,0.0,0.0,1.8462774753570557,-0.3154766857624054,-1.3113999366760254,0.0,0.0,0.0,0.0,-1.7728612422943115,1.4439524412155151,0.0,0.0,0.0,1.4439524412155151,0.0,-1.7728612422943115,-0.0,-0.0,-0.0,1.8462773561477661,0.3154771327972412,-1.3113998174667358,0.0,0.0,0.0,4.470348358154297e-08,0.0,0.6000000238418579,-6.705522537231445e-08,0.05600005388259888,0.6000000238418579,-9.685754776000977e-08,-0.055999934673309326,0.6000000238418579,3.6925549507141113,4.470348358154297e-07,-2.622799873352051,0.0,0.0,0.0,-1.6391277313232422e-07,-3.322034842767607e-07,-2.384185791015625e-07,36.86983871459961,36.86983871459961,55.68760299682617,55.687599182128906,0.0,0.0,0.4213273823261261,0.4213273823261261,0.5786726474761963,0.5786726474761963,0.0,0.0,-4.115439414978027,-4.115439414978027,2.3425779342651367,2.3425779342651367,1.547255516052246,1.547255516052246,-0.03837355971336365,-0.03837355971336365,-0.0649295300245285,-0.0649295300245285,1.4439524412155151,1.4439524412155151,0.5058999061584473,0.5058999061584473,-0.39339032769203186,-0.39339032769203186,-0.13159090280532837,-0.13159090280532837,-66.45730590820312,-66.45730590820312,-45.27778625488281,-45.27778625488281,-30.27778434753418,-30.27778434753418,15.000000953674316,15.000000953674316,1.0,0.02,180.0
6,0.025,0.3118519567296348,10.713848931862737,-204.75390092660078,0.3118519567296348,10.713848931862737,-204.75390092660078,6.9,-6.900000095367432,0.0,0.0,15.0,1,0.3,2.0,0.0,4.0,6.666666666666667,2.857142857142857,10.713850021362305,10.713847160339355,10.713849067687988,10.713849067687988,0.3335864841938019,0.33471202850341797,1.7213103771209717,2.101668119430542,0.0,0.0,0.0,0.0,nan,nan,11.142610549926758,11.142610549926758,22.285221099853516,0.0,-0.8914371132850647,1.2289743423461914,0.0,0.0,0.0,1.2289743423461914,0.0,-0.8914371132850647,0.0,0.0,0.0,1.4119911193847656,-0.19908909499645233,-0.5212317109107971,0.0,0.0,0.0,0.0,-0.8914371132850647,1.2289743423461914,0.0,0.0,0.0,1.2289743423461914,0.0,-0.8914371132850647,-0.0,-0.0,-0.0,1.4119912385940552,0.19908925890922546,-0.5212317109107971,0.0,0.0,0.0,4.470348358154297e-08,0.0,0.6000000238418579,-3.725290298461914e-08,0.05600005388259888,0.5999999642372131,-8.195638656616211e-08,-0.05599990487098694,0.5999999642372131,2.8239822387695312,1.6391277313232422e-07,-1.0424634218215942,0.0,0.0,0.0,-7.82310962677002e-08,-2.770598825918569e-07,-2.1606683731079102e-07,35.7044563293457,35.7044563293457,54.085296630859375,54.085296630859375,0.0,0.0,0.44963017106056213,0.44963017106056213,0.5503698587417603,0.5503698587417603,0.0,0.0,-3.637120008468628,-3.637120008468628,2.745682954788208,2.745682954788208,1.3280956745147705,1.3280956745147705,-0.03419174626469612,-0.03419174626469612,-0.0649295300245285,-0.0649295300245285,1.2289743423461914,1.2289743423461914,0.505548894405365,0.505548894405365,-0.3797720968723297,-0.3797720968723297,-0.11797269433736801,-0.11797269433736801,-61.886253356933594,-61.886253356933594,-42.67578887939453,-42.67578887939453,-27.6757869720459,-27.6757869720459,15.000000953674316,15.000000953674316,1.0,0.02,180.0
7,0.029166666666666667,0.35463471843999766,9.802393956165119,-232.2883386027186,0.35463471843999766,9.802393956165119,-232.2883386027186,6.9,-6.900000095367432,0.0,0.0,15.0,1,0.3,2.0,0.0,4.0,6.666666666666667,2.857142857142857,9.802393913269043,9.802392959594727,9.80239486694336,9.80239486694336,0.3721751570701599,0.37329384684562683,0.8072149157524109,1.181256890296936,0.0,0.0,0.0,0.0,nan,nan,6.332993507385254,6.332993507385254,12.665987014770508,0.0,0.05219517648220062,0.9956699013710022,0.0,0.0,0.0,0.9956699013710022,0.0,0.05219517648220062,0.0,0.0,0.0,0.9487165808677673,0.013822333887219429,0.30631470680236816,0.0,0.0,0.0,0.0,0.05219517648220062,0.9956699013710022,0.0,0.0,0.0,0.9956699013710022,0.0,0.05219517648220062,-0.0,-0.0,-0.0,0.9487165808677673,-0.013822350651025772,0.3063146770000458,0.0,0.0,0.0,4.470348358154297e-08,0.0,0.6000000238418579,-1.4901161193847656e-08,0.05600002408027649,0.6000000238418579,-1.4901161193847656e-08,-0.055999964475631714,0.6000000238418579,1.8974331617355347,-1.6763806343078613e-08,0.6126294136047363,0.0,0.0,0.0,1.862645149230957e-08,3.651555857686617e-08,-5.960464477539063e-08,34.301090240478516,34.30108642578125,52.07577896118164,52.075775146484375,0.0,0.0,0.4920608103275299,0.4920608103275299,0.5079392194747925,0.5079392194747925,0.0,0.0,-3.062715530395508,-3.062715530395508,3.11491060256958,3.11491060256958,1.089769959449768,1.089769959449768,-0.029170555993914604,-0.029170555993914604,-0.0649295300245285,-0.0649295300245285,0.9956699013710022,0.9956699013710022,0.5051440596580505,0.5051440596580505,-0.36314940452575684,-0.36314940452575684,-0.10134996473789215,-0.10134996473789215,-56.62143325805664,-56.62143325805664,-39.66808319091797,-39.66808319091797,-24.66808319091797,-24.66808319091797,15.000000953674316,15.000000953674316,1.0,0.02,180.0
8,0.03333333333333333,0.3933886107788241,8.782028258807841,-256.9820630035525,0.3933886107788241,8.782028258807841,-256.9820630035525,6.9,-6.900000095367432,0.0,0.0,15.0,1,0.3,2.0,0.0,4.0,6.666666666666667,2.857142857142857,8.782029151916504,8.782027244567871,8.782029151916504,8.782029151916504,0.4065130054950714,0.40761247277259827,-0.11967164278030396,0.24376624822616577,0.0,0.0,0.0,0.0,nan,nan,2.0351831912994385,2.0351831912994385,4.070366382598877,0.0,1.0427148342132568,0.7612556219100952,0.0,0.0,0.0,0.7612556219100952,0.0,1.0427148342132568,0.0,0.0,0.0,0.4780418276786804,0.31488126516342163,1.1571906805038452,0.0,0.0,0.0,0.0,1.0427148342132568,0.7612556219100952,0.0,0.0,0.0,0.7612556219100952,0.0,1.0427148342132568,-0.0,-0.0,-0.0,0.4780418872833252,-0.31488147377967834,1.1571905612945557,0.0,0.0,0.0,4.470348358154297e-08,0.0,0.6000000238418579,0.0,0.05600002408027649,0.5999999642372131,4.470348358154297e-08,-0.055999964475631714,0.6000000238418579,0.9560837149620056,-2.086162567138672e-07,2.3143811225891113,0.0,0.0,0.0,8.940696716308594e-08,2.3236939483695096e-08,-3.91155481338501e-08,32.65074920654297,32.65074920654297,49.59584426879883,49.59584045410156,0.0,0.0,0.5486653447151184,0.5486653447151184,0.45133471488952637,0.45133471488952637,0.0,0.0,-2.4033303260803223,-2.4033303260803223,3.446045160293579,3.446045160293579,0.8495925664901733,0.8495925664901733,-0.023407479748129845,-0.023407479748129845,-0.0649295300245285,-0.0649295300245285,0.7612556219100952,0.7612556219100952,0.5046900510787964,0.5046900510787964,-0.34372803568840027,-0.34372803568840027,-0.08192860335111618,-0.08192860335111618,-50.72750473022461,-50.72750473022461,-36.291648864746094,-36.291648864746094,-21.291650772094727,-21.291650772094727,15.000000953674316,15.000000953674316,1.0,0.02,180.0
9,0.0375,0.42768531605663557,7.665168440617038,-278.56443726396856,0.42768531605663557,7.665168440617038,-278.56443726396856,6.9,-6.900000095367432,0.0,0.0,15.0,1,0.3,2.0,0.0,4.0,6.666666666666667,2.857142857142857,7.665168285369873,7.665166854858398,7.665168285369873,7.665168762207031,0.43622660636901855,0.4372948110103607,-1.0481500625610352,-0.6994479298591614,0.0,0.0,0.0,0.0,nan,nan,-1.50399911403656,-1.50399911403656,-3.00799822807312,0.0,2.065119504928589,0.5429941415786743,0.0,0.0,0.0,0.5429941415786743,0.0,2.065119504928589,0.0,0.0,0.0,0.02078821510076523,0.6907693147659302,2.020387649536133,0.0,0.0,0.0,0.0,2.065119504928589,0.5429941415786743,0.0,0.0,0.0,0.5429941415786743,0.0,2.065119504928589,-0.0,-0.0,-0.0,0.020788412541151047,-0.6907697916030884,2.020387649536133,0.0,0.0,0.0,4.470348358154297e-08,0.0,0.6000000238418579,-7.450580596923828e-09,0.05600002408027649,0.5999999642372131,-8.940696716308594e-08,-0.055999964475631714,0.5999999642372131,0.041576627641916275,-4.76837158203125e-07,4.040775299072266,0.0,0.0,0.0,1.1920928955078125e-07,3.7384836559795076e-07,6.647314876317978e-08,30.745309829711914,30.745309829711914,46.569664001464844,46.56966018676758,0.0,0.0,0.6335949301719666,0.6335949301719666,0.366405189037323,0.366405189037323,0.0,0.0,-1.6703381538391113,-1.6703381538391113,3.7354576587677,3.7354576587677,0.6249260902404785,0.6249260902404785,-0.0170024111866951,-0.0170024111866951,-0.0649295300245285,-0.0649295300245285,0.5429941415786743,0.5429941415786743,0.5041921734809875,0.5041921734809875,-0.3217463493347168,-0.3217463493347168,-0.0599469393491745,-0.0599469393491745,-44.27620315551758,-44.27620315551758,-32.58762741088867,-32.58762741088867,-17.587627410888672,-17.587627410888672,15.000000953674316,15.000000953674316,1.0,0.02,180.0
10,0.041666666666666664,0.4571504745930795,6.46526255604957,-296.81135507366594,0.4571504745930795,6.46526255604957,-296.81135507366594,6.9,-6.900000095367432,0.0,0.0,15.0,1,0.3,2.0,0.0,4.0,6.666666666666667,2.857142857142857,6.4652628898620605,6.465261936187744,6.465262413024902,6.465262413024902,0.4609970450401306,0.46202242374420166,-1.9672236442565918,-1.6371899843215942,0.0,0.0,0.0,0.0,nan,nan,-4.083639621734619,-4.083639621734619,-8.167279243469238,0.0,3.1054577827453613,0.35720503330230713,0.0,0.0,0.0,0.35720503330230713,0.0,3.1054577827453613,0.0,0.0,0.0,-0.4041699469089508,1.1245251893997192,2.8885209560394287,0.0,0.0,0.0,0.0,3.1054577827453613,0.35720503330230713,0.0,0.0,0.0,0.35720503330230713,0.0,3.1054577827453613,-0.0,-0.0,-0.0,-0.4041699469089508,-1.1245256662368774,2.8885207176208496,0.0,0.0,0.0,4.470348358154297e-08,0.0,0.6000000238418579,-2.9802322387695312e-08,0.05600005388259888,0.6000000238418579,-5.21540641784668e-08,-0.055999934673309326,0.6000000238418579,-0.8083398938179016,-4.76837158203125e-07,5.777041435241699,0.0,0.0,0.0,3.5762786865234375e-07,4.949866365677735e-07,7.264316082000732e-08,28.579498291015625,28.579498291015625,42.911495208740234,42.911495208740234,0.0,0.0,0.7453797459602356,0.7453797459602356,0.2546203136444092,0.2546203136444092,0.0,0.0,-0.8746851086616516,-0.8746851086616516,3.980142831802368,3.980142831802368,0.4321860671043396,0.4321860671043396,-0.010051537305116653,-0.010051537305116653,-0.0649295300245285,-0.0649295300245285,0.35720503330230713,0.35720503330230713,0.5036561489105225,0.5036561489105225,-0.2974715232849121,-0.2974715232849121,-0.03567212447524071,-0.03567212447524071,-37.34520721435547,-37.34520721435547,-28.600669860839844,-28.600669860839844,-13.600668907165527,-13.600668907165527,15.000000953674316,15.000000953674316,1.0,0.02,180.0
11,0.04583333333333333,0.48146757245452176,5.196592343370491,-311.54691570831716,0.48146757245452176,5.196592343370491,-311.54691570831716,6.9,-6.900000095367432,0.0,0.0,15.0,1,0.3,2.0,0.0,4.0,6.666666666666667,2.857142857142857,5.196590900421143,5.196591377258301,5.196591854095459,5.196592330932617,0.4805627763271332,0.48153409361839294,-2.8662753105163574,-2.558608293533325,0.0,0.0,0.0,0.0,nan,nan,-5.556187152862549,-5.556187152862549,-11.112374305725098,0.0,4.151439189910889,0.21853788197040558,0.0,0.0,0.0,0.21853788197040558,0.0,4.151439189910889,0.0,0.0,0.0,-0.7807030081748962,1.5969330072402954,3.757993459701538,0.0,0.0,0.0,0.0,4.151439189910889,0.21853788197040558,0.0,0.0,0.0,0.21853788197040558,0.0,4.151439189910889,-0.0,-0.0,-0.0,-0.7807024717330933,-1.5969338417053223,3.757993221282959,0.0,0.0,0.0,4.470348358154297e-08,0.0,0.6000000238418579,-1.341104507446289e-07,0.0559999942779541,0.5999999642372131,2.2351741790771484e-08,-0.055999964475631714,0.6000000238418579,-1.5614054203033447,-8.344650268554688e-07,7.515986442565918,0.0,0.0,0.0,2.2351741790771484e-07,8.0251277267962e-07,-1.9744038581848145e-07,26.15399742126465,26.153995513916016,38.534019470214844,38.534019470214844,0.0,0.0,0.9079464077949524,0.9079464077949524,0.0920536071062088,0.0920536071062088,0.0,0.0,-0.02630293369293213,-0.02630293369293213,4.177742004394531,4.177742004394531,0.2861096262931824,0.2861096262931824,-0.0026421966031193733,-0.0026421966031193733,-0.0649295300245285,-0.0649295300245285,0.21853788197040558,0.21853788197040558,0.5030881762504578,0.5030881762504578,-0.2711954414844513,-0.2711954414844513,-0.009396016597747803,-0.009396016597747803,-30.017004013061523,-30.017004013061523,-24.378284454345703,-24.378284454345703,-9.378283500671387,-9.378283500671387,15.000000953674316,15.000000953674316,1.0,0.02,180.0
12,0.05,0.5003809934216579,3.874070672957955,-322.64405472058905,0.5003809934216579,3.874070672957955,-322.64405472058905,6.9,-6.900000095367432,0.0,0.0,15.0,1,0.3,2.0,0.0,4.0,6.666666666666667,2.857142857142857,3.8740694522857666,3.8740696907043457,3.874070644378662,3.874070405960083,0.4947219789028168,0.4956290125846863,-3.7352421283721924,-3.4533705711364746,0.0,0.0,0.0,0.0,nan,nan,-5.829288482666016,-5.829288482666016,-11.658576965332031,0.0,5.192837238311768,0.13954797387123108,0.0,0.0,0.0,0.13954797387123108,0.0,5.192837238311768,0.0,0.0,0.0,-1.0957952737808228,2.087822914123535,4.628742694854736,0.0,0.0,0.0,0.0,5.192837238311768,0.13954797387123108,0.0,0.0,0.0,0.13954797387123108,0.0,5.192837238311768,-0.0,-0.0,-0.0,-1.0957950353622437,-2.0878236293792725,4.628742218017578,0.0,0.0,0.0,4.470348358154297e-08,0.0,0.6000000238418579,-9.685754776000977e-08,0.0559999942779541,0.5999999642372131,-8.195638656616211e-08,-0.055999964475631714,0.5999999642372131,-2.1915903091430664,-7.152557373046875e-07,9.257484436035156,0.0,0.0,0.0,1.7881393432617188e-07,1.3721544291911414e-06,1.4901161193847656e-08,23.480119705200195,23.480113983154297,33.366981506347656,33.366981506347656,0.0,0.0,1.0,1.0,0.0,0.0,0.0,0.0,0.8662861585617065,0.8662861585617065,4.32655143737793,4.32655143737793,0.19932687282562256,0.19932687282562256,0.005150633864104748,0.005150633864104748,-0.0649295300245285,-0.0649295300245285,0.13954797387123108,0.13954797387123108,0.5024948120117188,0.5024948120117188,-0.24323037266731262,-0.24323037266731262,0.018569031730294228,0.018569031730294228,-22.37774085998535,-22.37774085998535,-19.97017478942871,-19.97017478942871,-4.970175266265869,-4.970175266265869,15.000000953674316,15.000000953674316,1.0,0.02,180.0
13,0.05416666666666667,0.5136982241960839,2.5130384357969455,-330.02419839436686,0.5136982241960839,2.5130384357969455,-330.02419839436686,6.9,-6.900000095367432,0.0,0.0,15.0,1,0.3,2.0,0.0,4.0,6.666666666666667,2.857142857142857,2.513038158416748,2.513038158416748,2.513038396835327,2.513038396835327,0.5033338665962219,0.5041669607162476,-4.564730644226074,-4.3117804527282715,0.0,0.0,0.0,0.0,nan,nan,-4.862794876098633,-4.862794876098633,-9.725589752197266,0.0,6.22163200378418,0.13054132461547852,0.0,0.0,0.0,0.13054132461547852,0.0,6.22163200378418,0.0,0.0,0.0,-1.3395447731018066,2.577098846435547,5.503628253936768,0.0,0.0,0.0,0.0,6.22163200378418,0.13054132461547852,0.0,0.0,0.0,0.13054132461547852,0.0,6.22163200378418,-0.0,-0.0,-0.0,-1.3395445346832275,-2.577099561691284,5.503628253936768,0.0,0.0,0.0,4.470348358154297e-08,0.0,0.6000000238418579,-5.21540641784668e-08,0.05600002408027649,0.5999999642372131,-2.2351741790771484e-08,-0.055999964475631714,0.6000000238418579,-2.679089307785034,-7.152557373046875e-07,11.007256507873535,0.0,0.0,0.0,4.76837158203125e-07,9.8195801001566e-07,7.450580596923828e-09,20.586606979370117,20.586605072021484,27.393035888671875,27.393035888671875,0.0,0.0,1.0,1.0,0.0,0.0,0.0,0.0,1.7961150407791138,1.7961150407791138,4.425516128540039,4.425516128540039,0.1822052299976349,0.1822052299976349,0.013265630230307579,0.013265630230307579,-0.0649295300245285,-0.0649295300245285,0.13054132461547852,0.13054132461547852,0.5018827319145203,0.5018827319145203,-0.21390484273433685,-0.21390484273433685,0.047894593328237534,0.047894593328237534,-14.51602840423584,-14.51602840423584,-15.427553176879883,-15.427553176879883,-0.4275527596473694,-0.4275527596473694,15.000000953674316,15.000000953674316,1.0,0.02,180.0
14,0.058333333333333334,0.5212912187747006,1.1290647469015096,-333.6560393370416,0.5212912187747006,1.1290647469015096,-333.6560393370416,6.9,-6.900000095367432,0.0,0.0,15.0,1,0.3,2.0,0.0,4.0,6.666666666666667,2.857142857142857,1.1290647983551025,1.1290647983551025,1.1290647983551025,1.1290647983551025,0.5063198804855347,0.5070702433586121,-5.3461127281188965,-5.124882221221924,0.0,0.0,0.0,0.0,nan,nan,-2.662519693374634,-2.662519693374634,-5.325039386749268,0.0,7.2318549156188965,0.19960182905197144,0.0,0.0,0.0,0.19960182905197144,0.0,7.2318549156188965,0.0,0.0,0.0,-1.504881501197815,3.045438766479492,6.387503623962402,0.0,0.0,0.0,0.0,7.2318549156188965,0.19960182905197144,0.0,0.0,0.0,0.19960182905197144,0.0,7.2318549156188965,-0.0,-0.0,-0.0,-1.5048811435699463,-3.0454399585723877,6.387503147125244,0.0,0.0,0.0,4.470348358154297e-08,0.0,0.6000000238418579,4.470348358154297e-08,0.05600002408027649,0.6000000238418579,0.0,-0.055999934673309326,0.6000000238418579,-3.009762763977051,-1.1920928955078125e-06,12.775007247924805,0.0,0.0,0.0,5.960464477539062e-07,2.8554364916999475e-07,2.8312206268310547e-07,17.530010223388672,17.530006408691406,20.711780548095703,20.711780548095703,0.0,0.0,1.0,1.0,0.0,0.0,0.0,0.0,2.757636070251465,2.757636070251465,4.474218368530273,4.474218368530273,0.24287736415863037,0.24287736415863037,0.02165399119257927,0.02165399119257927,-0.0649295300245285,-0.0649295300245285,0.19960182905197144,0.19960182905197144,0.5012586712837219,0.5012586712837219,-0.18355877697467804,-0.18355877697467804,0.07824063301086426,0.07824063301086426,-6.521800994873047,-6.521800994873047,-10.802461624145508,-10.802461624145508,4.19753885269165,4.19753885269165,15.000000953674316,15.000000953674316,1.0,0.02,180.0
15,0.0625,0.5230969431555179,-0.2621632418557383,-333.2373407002538,0.5230969431555179,-0.2621632418557383,-333.2373407002538,6.9,-6.900000095367432,0.0,0.0,15.0,1,0.3,2.0,0.0,4.0,6.666666666666667,2.857142857142857,0.2621631622314453,0.2621632516384125,0.2621632516384125,0.2621632516384125,0.5036660432815552,0.5043261647224426,-6.071155548095703,-5.884077072143555,0.0,0.0,0.0,0.0,nan,nan,0.7266093492507935,0.7266093492507935,1.453218698501587,0.0,8.215766906738281,0.3528381586074829,0.0,0.0,0.0,0.3528381586074829,0.0,8.215766906738281,0.0,0.0,0.0,-1.5862196683883667,3.473228693008423,7.283124923706055,0.0,0.0,0.0,0.0,8.215766906738281,0.3528381586074829,0.0,0.0,0.0,0.3528381586074829,0.0,8.215766906738281,-0.0,-0.0,-0.0,-1.5862197875976562,-3.473231077194214,7.283123970031738,0.0,0.0,0.0,4.470348358154297e-08,0.0,0.6000000238418579,-1.564621925354004e-07,0.05600002408027649,0.5999999642372131,0.0,-0.055999964475631714,0.6000000238418579,-3.1724395751953125,-2.384185791015625e-06,14.566248893737793,0.0,0.0,0.0,7.152557373046875e-07,1.8852418861570186e-06,-4.544854164123535e-07,14.416121482849121,14.416123390197754,14.991647720336914,14.991647720336914,1.0,1.0,0.0,0.0,0.0,0.0,0.0,0.0,3.747163772583008,3.747163772583008,4.468603610992432,4.468603610992432,0.3874843716621399,0.3874843716621399,0.030283302068710327,0.030283302068710327,-0.0649295300245285,-0.0649295300245285,0.3528381586074829,0.3528381586074829,0.5004715919494629,0.5004715919494629,-0.15251295268535614,-0.15251295268535614,0.10928644984960556,0.10928644984960556,1.5143299102783203,1.5143299102783203,-6.14692497253418,-6.14692497253418,8.853075981140137,8.853075981140137,15.000000953674316,15.000000953674316,1.0,0.02,180.0
16,0.06666666666666667,0.5191250467752595,-1.640587156818099,-327.81577337694677,0.5191250467752595,-1.640587156818099,-327.81577337694677,6.9,-6.900000095367432,0.0,0.0,15.0,1,0.3,2.0,0.0,4.0,6.666666666666667,2.857142857142857,1.6405874490737915,1.6405866146087646,1.6405872106552124,1.6405872106552124,0.4954485595226288,0.49601197242736816,-6.729244232177734,-6.578249931335449,0.0,0.0,0.0,0.0,nan,nan,5.197319984436035,5.197319984436035,10.39463996887207,0.0,9.154562950134277,0.5933740139007568,0.0,0.0,0.0,0.5933740139007568,0.0,9.154562950134277,0.0,0.0,0.0,-1.5780398845672607,3.8371245861053467,8.181954383850098,0.0,0.0,0.0,0.0,9.154562950134277,0.5933740139007568,0.0,0.0,0.0,0.5933740139007568,0.0,9.154562950134277,-0.0,-0.0,-0.0,-1.5780391693115234,-3.8371245861053467,8.181954383850098,0.0,0.0,0.0,4.470348358154297e-08,0.0,0.6000000238418579,2.2351741790771484e-08,0.05600005388259888,0.6000000238418579,-9.685754776000977e-08,-0.055999934673309326,0.6000000238418579,-3.156079053878784,0.0,16.363908767700195,0.0,0.0,0.0,9.5367431640625e-07,1.3411269037533202e-06,6.780028343200684e-07,11.486945152282715,11.486939430236816,14.947715759277344,14.947715759277344,1.0,1.0,0.0,0.0,0.0,0.0,0.0005239031161181629,0.0005239031161181629,4.760504245758057,4.760504245758057,4.395902156829834,4.395902156829834,0.6200649738311768,0.6200649738311768,0.039116907864809036,0.039116907864809036,-0.0649295300245285,-0.0649295300245285,0.5933740139007568,0.5933740139007568,0.4990108013153076,0.4990108013153076,-0.12112042307853699,-0.12112042307853699,0.1406789869070053,0.1406789869070053,9.47650146484375,9.47650146484375,-1.5266019105911255,-1.5266019105911255,13.473398208618164,13.473398208618164,15.000000953674316,15.000000953674316,1.0,0.02,180.0
17,0.07083333333333333,0.5094670198906911,-2.9891387916622727,-318.9355238410518,0.5094670198906911,-2.9891387916622727,-318.9355238410518,6.9,-6.900000095367432,0.0,0.0,15.0,1,0.3,2.0,0.0,4.0,6.666666666666667,2.857142857142857,2.98913836479187,2.9891388416290283,2.9891388416290283,2.9891388416290283,0.4818515181541443,0.48231273889541626,-7.306048393249512,-7.192450523376465,0.0,0.0,0.0,0.0,nan,nan,10.452985763549805,10.452985763549805,20.90597152709961,0.0,9.975656509399414,0.8765588402748108,0.0,0.0,0.0,0.8765588402748108,0.0,9.975656509399414,0.0,0.0,0.0,-1.5077918767929077,4.093616962432861,9.013930320739746,0.0,0.0,0.0,0.0,9.975656509399414,0.8765588402748108,0.0,0.0,0.0,0.8765588402748108,0.0,9.975656509399414,-0.0,-0.0,-0.0,-1.507791519165039,-4.0936198234558105,9.01392936706543,0.0,0.0,0.0,4.470348358154297e-08,0.0,0.6000000238418579,-5.21540641784668e-08,0.05600002408027649,0.5999999642372131,5.21540641784668e-08,-0.055999964475631714,0.6000000238418579,-3.0155835151672363,-2.86102294921875e-06,18.02785873413086,0.0,0.0,0.0,8.344650268554688e-07,8.957795216701925e-07,-3.203749656677246e-07,9.427936553955078,9.427938461303711,14.904345512390137,14.904345512390137,1.0,1.0,0.0,0.0,0.0,0.0,0.023084618151187897,0.023084618151187897,5.787690162658691,5.787690162658691,4.276821136474609,4.276821136474609,0.9404357075691223,0.9404357075691223,0.04806802049279213,0.04806802049279213,-0.0649295300245285,-0.0649295300245285,0.8765588402748108,0.8765588402748108,0.4975733160972595,0.4975733160972595,-0.08989757299423218,-0.08989757299423218,0.17190182209014893,0.17190182209014893,17.26612091064453,17.26612091064453,2.999055862426758,2.999055862426758,17.999055862426758,17.999055862426758,15.000000953674316,15.000000953674316,1.0,0.02,180.0
18,0.075,0.49427680747646174,-4.2938444972531675,-306.8103824170728,0.49427680747646174,-4.2938444972531675,-306.8103824170728,6.9,-6.900000095367432,0.0,0.0,15.0,1,0.3,2.0,0.0,4.0,6.666666666666667,2.857142857142857,4.293844699859619,4.293844223022461,4.293844699859619,4.293844223022461,0.46363216638565063,0.46398255228996277,-7.705747604370117,-7.628668785095215,0.0,0.0,0.0,0.0,nan,nan,14.271966934204102,14.271966934204102,28.543933868408203,0.0,9.837177276611328,0.8336051106452942,0.0,0.0,0.0,0.8336051106452942,0.0,9.837177276611328,0.0,0.0,0.0,-1.5321999788284302,3.900064468383789,8.939061164855957,0.0,0.0,0.0,0.0,9.837177276611328,0.8336051106452942,0.0,0.0,0.0,0.8336051106452942,0.0,9.837177276611328,-0.0,-0.0,-0.0,-1.5321989059448242,-3.9000656604766846,8.93906021118164,0.0,0.0,0.0,4.470348358154297e-08,0.0,0.6000000238418579,-2.2351741790771484e-08,0.05600002408027649,0.6000000238418579,-1.4901161193847656e-08,-0.055999964475631714,0.6000000238418579,-3.064398765563965,-1.1920928955078125e-06,17.87812042236328,0.0,0.0,0.0,5.960464477539062e-07,1.132220290855912e-06,1.1920928955078125e-07,9.030133247375488,9.030130386352539,14.861692428588867,14.861679077148438,1.0,1.0,0.0,0.0,0.0,0.0,0.24096885323524475,0.24096885323524475,6.823075294494629,6.823075294494629,4.114227294921875,4.114227294921875,1.3463428020477295,1.3463428020477295,0.057087697088718414,0.057087697088718414,-0.0649295300245285,-0.0649295300245285,0.8336051106452942,0.8336051106452942,0.49617451429367065,0.49617451429367065,-0.059182312339544296,-0.059182312339544296,0.2026170939207077,0.2026170939207077,24.80247688293457,24.80247688293457,7.382970333099365,7.382970333099365,22.382970809936523,22.382970809936523,15.000000953674316,15.000000953674316,1.0,0.02,180.0
19,0.07916666666666666,0.473764647837883,-5.5416684983594635,-291.6755023401747,0.473764647837883,-5.5416684983594635,-291.6755023401747,6.9,-6.900000095367432,0.0,0.0,15.0,1,0.3,2.0,0.0,4.0,6.666666666666667,2.857142857142857,5.5416669845581055,5.5416669845581055,5.54166841506958,5.541668891906738,0.4405866861343384,0.44082218408584595,-7.995889186859131,-7.955467224121094,0.0,0.0,0.0,0.0,nan,nan,17.65642547607422,17.65642547607422,35.31285095214844,0.0,9.39482593536377,0.5423914194107056,0.0,0.0,0.0,0.5423914194107056,0.0,9.39482593536377,0.0,0.0,0.0,-1.727687120437622,3.5470004081726074,8.543466567993164,0.0,0.0,0.0,0.0,9.39482593536377,0.5423914194107056,0.0,0.0,0.0,0.5423914194107056,0.0,9.39482593536377,-0.0,-0.0,-0.0,-1.7276865243911743,-3.5470025539398193,8.543466567993164,0.0,0.0,0.0,4.470348358154297e-08,0.0,0.6000000238418579,-1.043081283569336e-07,0.0559999942779541,0.5999999642372131,-7.450580596923828e-08,-0.055999964475631714,0.6000000238418579,-3.455373764038086,-2.1457672119140625e-06,17.086933135986328,0.0,0.0,0.0,4.76837158203125e-07,2.3945144675963093e-06,-2.2351741790771484e-08,9.807294845581055,9.807297706604004,19.055971145629883,19.055971145629883,0.9378688335418701,0.9378688335418701,0.06213124841451645,0.06213124841451645,0.0,0.0,0.5079392194747925,0.5079392194747925,7.859577178955078,7.859577178955078,3.911273241043091,3.911273241043091,1.8325839042663574,1.8325839042663574,0.06611460447311401,0.06611460447311401,-0.0649295300245285,-0.0649295300245285,0.5423914194107056,0.5423914194107056,0.4948292672634125,0.4948292672634125,-0.029296135529875755,-0.029296135529875755,0.232503280043602,0.232503280043602,32.01026153564453,32.01026153564453,11.581158638000488,11.581158638000488,26.581159591674805,26.581159591674805,15.000000953674316,15.000000953674316,1.0,0.02,180.0
20,0.08333333333333333,0.4481929967035207,-6.7205883004269795,-273.78100896288265,0.4481929967035207,-6.7205883004269795,-273.78100896288265,6.9,-6.900000095367432,0.0,0.0,15.0,1,0.3,2.0,0.0,4.0,6.666666666666667,2.857142857142857,6.7205891609191895,6.720586776733398,6.720588684082031,6.720588207244873,0.4123564660549164,0.41247907280921936,-8.277503967285156,-8.275562286376953,0.0,0.0,0.0,0.0,nan,nan,22.627347946166992,22.627347946166992,45.254695892333984,0.0,9.604455947875977,0.4007132351398468,0.0,0.0,0.0,0.4007132351398468,0.0,9.604455947875977,0.0,0.0,0.0,-1.9380228519439697,3.3975627422332764,8.781046867370605,0.0,0.0,0.0,0.0,9.604455947875977,0.4007132351398468,0.0,0.0,0.0,0.4007132351398468,0.0,9.604455947875977,-0.0,-0.0,-0.0,-1.9380220174789429,-3.3975634574890137,8.781046867370605,0.0,0.0,0.0,4.470348358154297e-08,0.0,0.6000000238418579,5.960464477539063e-08,0.056000083684921265,0.6000000238418579,-8.195638656616211e-08,-0.055999964475631714,0.6000000238418579,-3.876044750213623,-7.152557373046875e-07,17.56209373474121,0.0,0.0,0.0,1.043081283569336e-06,9.813585393203539e-07,7.599592208862305e-07,11.102681159973145,11.102682113647461,24.73419761657715,24.73419761657715,0.8122940063476562,0.8122940063476562,0.18770600855350494,0.18770600855350494,0.0,0.0,0.6354192495346069,0.6354192495346069,8.888397216796875,8.888397216796875,3.671313762664795,3.671313762664795,2.3906729221343994,2.3906729221343994,0.07507254928350449,0.07507254928350449,-0.0649295300245285,-0.0649295300245285,0.4007132351398468,0.4007132351398468,0.49355143308639526,0.49355143308639526,-0.0005416353815235198,-0.0005416353815235198,0.26125776767730713,0.26125776767730713,38.820037841796875,38.820037841796875,15.553013801574707,15.553013801574707,30.553014755249023,30.553014755249023,15.000000953674316,15.000000953674316,1.0,0.02,180.0
21,0.0875,0.4178721909842313,-7.819644997026854,-253.3863676754689,0.4178721909842313,-7.819644997026854,-253.3863676754689,6.9,-6.900000095367432,0.0,0.0,15.0,1,0.3,2.0,0.0,4.0,6.666666666666667,2.857142857142857,7.819645881652832,7.819644451141357,7.819644927978516,7.819644927978516,0.3795703053474426,0.37958094477653503,-8.501312255859375,-8.538329124450684,0.0,0.0,0.0,0.0,nan,nan,28.307735443115234,28.307735443115234,56.61547088623047,0.0,10.026988983154297,0.32199037075042725,0.0,0.0,0.0,0.32199037075042725,0.0,10.026988983154297,0.0,0.0,0.0,-2.14306640625,3.261075973510742,9.242122650146484,0.0,0.0,0.0,0.0,10.026988983154297,0.32199037075042725,0.0,0.0,0.0,0.32199037075042725,0.0,10.026988983154297,-0.0,-0.0,-0.0,-2.1430671215057373,-3.261077642440796,9.242122650146484,0.0,0.0,0.0,4.470348358154297e-08,0.0,0.6000000238418579,-7.450580596923828e-09,0.056000083684921265,0.5999999642372131,-7.450580596923828e-09,-0.055999934673309326,0.6000000238418579,-4.286133766174316,-1.6689300537109375e-06,18.48424530029297,0.0,0.0,0.0,1.5497207641601562e-06,1.0917651707131881e-06,2.7567148208618164e-07,12.558018684387207,12.558018684387207,29.66038703918457,29.66038703918457,0.7038754224777222,0.7038754224777222,0.296124666929245,0.296124666929245,0.0,0.0,0.7068858742713928,0.7068858742713928,9.898985862731934,9.898985862731934,3.3978283405303955,3.3978283405303955,3.0086350440979004,3.0086350440979004,0.08387009054422379,0.08387009054422379,-0.0649295300245285,-0.0649295300245285,0.32199037075042725,0.32199037075042725,0.492354154586792,0.492354154586792,0.02679949812591076,0.02679949812591076,0.288598895072937,0.288598895072937,45.16850280761719,45.16850280761719,19.2614688873291,19.2614688873291,34.261470794677734,34.261470794677734,15.000000953674316,15.000000953674316,1.0,0.02,180.0
22,0.09166666666666666,0.3831559498346006,-8.828971893498347,-230.75562201791246,0.3831559498346006,-8.828971893498347,-230.75562201791246,6.9,-6.900000095367432,0.0,0.0,15.0,1,0.3,2.0,0.0,4.0,6.666666666666667,2.857142857142857,8.828969955444336,8.828969955444336,8.828971862792969,8.828971862792969,0.34269389510154724,0.3425939083099365,-8.651355743408203,-8.727145195007324,0.0,0.0,0.0,0.0,nan,nan,34.32817077636719,34.32817077636719,68.65634155273438,0.0,10.52250862121582,0.2755695581436157,0.0,0.0,0.0,0.2755695581436157,0.0,10.52250862121582,0.0,0.0,0.0,-2.3383748531341553,3.0747978687286377,9.791666984558105,0.0,0.0,0.0,0.0,10.52250862121582,0.2755695581436157,0.0,0.0,0.0,0.2755695581436157,0.0,10.52250862121582,-0.0,-0.0,-0.0,-2.3383750915527344,-3.074800491333008,9.791666030883789,0.0,0.0,0.0,4.470348358154297e-08,0.0,0.6000000238418579,-4.470348358154297e-08,0.05600002408027649,0.5999999642372131,-8.940696716308594e-08,-0.055999964475631714,0.6000000238418579,-4.676750183105469,-2.6226043701171875e-06,19.583332061767578,0.0,0.0,0.0,8.344650268554688e-07,2.3279858396563213e-06,2.8312206268310547e-07,13.992281913757324,13.992283821105957,33.8154296875,33.8154296875,0.6335949301719666,0.6335949301719666,0.366405189037323,0.366405189037323,0.0,0.0,0.7501851320266724,0.7501851320266724,10.879219055175781,10.879219055175781,3.0943572521209717,3.0943572521209717,3.671020746231079,3.671020746231079,0.0924021303653717,0.0924021303653717,-0.0649295300245285,-0.0649295300245285,0.2755695581436157,0.2755695581436157,0.49124932289123535,0.49124932289123535,0.05246792361140251,0.05246792361140251,0.3142673373222351,0.3142673373222351,50.99866485595703,50.99866485595703,22.67310333251953,22.67310333251953,37.67310333251953,37.67310333251953,15.000000953674316,15.000000953674316,1.0,0.02,180.0
23,0.09583333333333333,0.34443679558963464,-9.739805214477919,-206.15356063661818,0.34443679558963464,-9.739805214477919,-206.15356063661818,6.9,-6.900000095367432,0.0,0.0,15.0,1,0.3,2.0,0.0,4.0,6.666666666666667,2.857142857142857,9.739806175231934,9.7398042678833,9.739805221557617,9.739805221557617,0.30218207836151123,0.30197352170944214,-8.719864845275879,-8.833721160888672,0.0,0.0,0.0,0.0,nan,nan,40.39032745361328,40.39032745361328,80.78065490722656,0.0,11.01876449584961,0.244769886136055,0.0,0.0,0.0,0.244769886136055,0.0,11.01876449584961,0.0,0.0,0.0,-2.521174669265747,2.8094840049743652,10.354881286621094,0.0,0.0,0.0,0.0,11.01876449584961,0.244769886136055,0.0,0.0,0.0,0.244769886136055,0.0,11.01876449584961,-0.0,-0.0,-0.0,-2.5211734771728516,-2.809485912322998,10.354881286621094,0.0,0.0,0.0,4.470348358154297e-08,0.0,0.6000000238418579,2.9802322387695312e-08,0.05600005388259888,0.6000000238418579,-5.960464477539063e-08,-0.055999964475631714,0.6000000238418579,-5.0423479080200195,-1.9073486328125e-06,20.709762573242188,0.0,0.0,0.0,9.5367431640625e-07,1.2343980415607803e-06,5.513429641723633e-07,15.314233779907227,15.314234733581543,37.25447082519531,37.254478454589844,0.5911480784416199,0.5911480784416199,0.39665621519088745,0.39665621519088745,0.012195754796266556,0.012195754796266556,0.7792512774467468,0.7792512774467468,11.815763473510742,11.815763473510742,2.7644519805908203,2.7644519805908203,4.359203338623047,4.359203338623047,0.10055293142795563,0.10055293142795563,-0.0649295300245285,-0.0649295300245285,0.244769886136055,0.244769886136055,0.4902479350566864,0.4902479350566864,0.07622762769460678,0.07622762769460678,0.3380270302295685,0.3380270302295685,56.2598991394043,56.2598991394043,25.758190155029297,25.758190155029297,40.7581901550293,40.7581901550293,15.000000953674316,15.000000953674316,1.0,0.02,180.0
24,0.1,0.30214146106617246,-10.544480806981763,-179.8428248944448,0.30214146106617246,-10.544480806981763,-179.8428248944448,6.9,-6.900000095367432,0.0,0.0,15.0,1,0.3,2.0,0.0,4.0,6.666666666666667,2.857142857142857,10.544480323791504,10.544478416442871,10.54448127746582,10.54448127746582,0.2584834694862366,0.2581692039966583,-8.705755233764648,-8.85657787322998,0.0,0.0,0.0,0.0,nan,nan,46.242801666259766,46.242801666259766,92.48560333251953,0.0,11.497507095336914,0.2330455482006073,0.0,0.0,0.0,0.2330455482006073,0.0,11.497507095336914,0.0,0.0,0.0,-2.681818962097168,2.458852529525757,10.90911865234375,0.0,0.0,0.0,0.0,11.497507095336914,0.2330455482006073,0.0,0.0,0.0,0.2330455482006073,0.0,11.497507095336914,-0.0,-0.0,-0.0,-2.681818962097168,-2.458854913711548,10.90911865234375,0.0,0.0,0.0,4.470348358154297e-08,0.0,0.6000000238418579,-8.940696716308594e-08,0.05600002408027649,0.5999999046325684,-1.1920928955078125e-07,-0.055999934673309326,0.6000000238418579,-5.363637924194336,-2.384185791015625e-06,21.8182373046875,0.0,0.0,0.0,1.2516975402832031e-06,3.5708685572899412e-06,3.129243850708008e-07,16.479930877685547,16.479930877685547,40.0554313659668,40.0554313659668,0.5486653447151184,0.5486653447151184,0.3981969356536865,0.3981969356536865,0.05313779413700104,0.05313779413700104,0.7938439249992371,0.7938439249992371,12.694534301757812,12.694534301757812,2.4116334915161133,2.4116334915161133,5.051962852478027,5.051962852478027,0.10820028185844421,0.10820028185844421,-0.0649295300245285,-0.0649295300245285,0.2330455482006073,0.2330455482006073,0.4893597960472107,0.4893597960472107,0.09786642342805862,0.09786642342805862,0.3596658408641815,0.3596658408641815,60.90793991088867,60.90793991088867,28.49068260192871,28.49068260192871,43.490684509277344,43.490684509277344,15.000000953674316,15.000000953674316,1.0,0.02,180.0
25,0.10416666666666667,0.2567263334267076,-11.236420713928236,-152.08192912585292,0.2567263334267076,-11.236420713928236,-152.08192912585292,6.9,-6.900000095367432,0.0,0.0,15.0,1,0.3,2.0,0.0,4.0,6.666666666666667,2.857142857142857,11.236419677734375,11.236420631408691,11.236420631408691,11.236421585083008,0.21213804185390472,0.21172167360782623,-8.598187446594238,-8.784284591674805,0.0,0.0,0.0,0.0,nan,nan,51.50188446044922,51.50188446044922,103.00376892089844,0.0,11.843698501586914,0.19393926858901978,0.0,0.0,0.0,0.19393926858901978,0.0,11.843698501586914,0.0,0.0,0.0,-2.8337953090667725,2.0050175189971924,11.325207710266113,0.0,0.0,0.0,0.0,11.843698501586914,0.19393926858901978,0.0,0.0,0.0,0.19393926858901978,0.0,11.843698501586914,-0.0,-0.0,-0.0,-2.8337953090667725,-2.0050208568573,11.325206756591797,0.0,0.0,0.0,4.470348358154297e-08,0.0,0.6000000238418579,-1.2665987014770508e-07,0.05600002408027649,0.5999999642372131,5.960464477539063e-08,-0.055999964475631714,0.6000000238418579,-5.667590618133545,-3.337860107421875e-06,22.650413513183594,0.0,0.0,0.0,8.344650268554688e-07,1.940873971761903e-06,-2.086162567138672e-07,17.471370697021484,17.471370697021484,42.29633331298828,42.29633712768555,0.5203555822372437,0.5203555822372437,0.38759085536003113,0.38759085536003113,0.0920536071062088,0.0920536071062088,0.8231391906738281,0.8231391906738281,13.501249313354492,13.501249313354492,2.0393688678741455,2.0393688678741455,5.726333141326904,5.726333141326904,0.1152200922369957,0.1152200922369957,-0.0649295300245285,-0.0649295300245285,0.19393926858901978,0.19393926858901978,0.4885933995246887,0.4885933995246887,0.11719625443220139,0.11719625443220139,0.3789956569671631,0.3789956569671631,64.90478515625,64.90478515625,30.84817123413086,30.84817123413086,45.84817123413086,45.84817123413086,15.000000953674316,15.000000953674316,1.0,0.02,180.0
26,0.10833333333333334,0.2086729689935034,-11.810113305611578,-123.12413303051335,0.2086729689935034,-11.810113305611578,-123.12413303051335,6.9,-6.900000095367432,0.0,0.0,15.0,1,0.3,2.0,0.0,4.0,6.666666666666667,2.857142857142857,11.810111045837402,11.81010913848877,11.810112953186035,11.810112953186035,0.16354063153266907,0.16302713751792908,-8.413797378540039,-8.633452415466309,0.0,0.0,0.0,0.0,nan,nan,56.095916748046875,56.095916748046875,112.19183349609375,0.0,12.189125061035156,0.2005746215581894,0.0,0.0,0.0,0.2005746215581894,0.0,12.189125061035156,0.0,0.0,0.0,-2.937562942504883,1.4840577840805054,11.738113403320312,0.0,0.0,0.0,0.0,12.189125061035156,0.2005746215581894,0.0,0.0,0.0,0.2005746215581894,0.0,12.189125061035156,-0.0,-0.0,-0.0,-2.937562942504883,-1.484060287475586,11.738113403320312,0.0,0.0,0.0,4.470348358154297e-08,0.0,0.6000000238418579,-1.2665987014770508e-07,0.0559999942779541,0.6000000238418579,-1.341104507446289e-07,-0.055999964475631714,0.5999999642372131,-5.875125885009766,-2.5033950805664062e-06,23.476226806640625,0.0,0.0,0.0,2.384185791015625e-07,4.285513114155037e-06,1.043081283569336e-07,18.285240173339844,18.285242080688477,44.045806884765625,44.045806884765625,0.4920608103275299,0.4920608103275299,0.3822701573371887,0.3822701573371887,0.12566909193992615,0.12566909193992615,0.8231391906738281,0.8231391906738281,14.221966743469238,14.221966743469238,1.6510543823242188,1.6510543823242188,6.35864782333374,6.35864782333374,0.12149129807949066,0.12149129807949066,-0.0649295300245285,-0.0649295300245285,0.2005746215581894,0.2005746215581894,0.48795613646507263,0.48795613646507263,0.13405315577983856,0.13405315577983856,0.39585256576538086,0.39585256576538086,68.21858978271484,68.21858978271484,32.81181716918945,32.81181716918945,47.81181716918945,47.81181716918945,15.000000953674316,15.000000953674316,1.0,0.02,180.0
27,0.1125,0.15848369863681583,-12.26109034873537,-93.21708021784542,0.15848369863681583,-12.26109034873537,-93.21708021784542,6.9,-6.900000095367432,0.0,0.0,15.0,1,0.3,2.0,0.0,4.0,6.666666666666667,2.857142857142857,12.261087417602539,12.261086463928223,12.261090278625488,12.261090278625488,0.11329948157072067,0.11269409954547882,-8.138446807861328,-8.389281272888184,0.0,0.0,0.0,0.0,nan,nan,59.61982345581055,59.61982345581055,119.2396469116211,0.0,12.375764846801758,0.1812966763973236,0.0,0.0,0.0,0.1812966763973236,0.0,12.375764846801758,0.0,0.0,0.0,-3.0196921825408936,0.8886380195617676,11.970138549804688,0.0,0.0,0.0,0.0,12.375764846801758,0.1812966763973236,0.0,0.0,0.0,0.1812966763973236,0.0,12.375764846801758,-0.0,-0.0,-0.0,-3.0196919441223145,-0.8886405229568481,11.970138549804688,0.0,0.0,0.0,4.470348358154297e-08,0.0,0.6000000238418579,-1.4156103134155273e-07,0.05600002408027649,0.5999999642372131,-1.043081283569336e-07,-0.05599990487098694,0.5999999642372131,-6.039383888244629,-2.5033950805664062e-06,23.940277099609375,0.0,0.0,0.0,1.430511474609375e-06,4.3732770791393705e-06,3.427267074584961e-07,18.927139282226562,18.927141189575195,45.35968780517578,45.35969161987305,0.47791728377342224,0.47791728377342224,0.37236490845680237,0.37236490845680237,0.14971785247325897,0.14971785247325897,0.8378353118896484,0.8378353118896484,14.843637466430664,14.843637466430664,1.2500104904174805,1.2500104904174805,6.925704002380371,6.925704002380371,0.12690047919750214,0.12690047919750214,-0.0649295300245285,-0.0649295300245285,0.1812966763973236,0.1812966763973236,0.4874539375305176,0.4874539375305176,0.14829711616039276,0.14829711616039276,0.41009655594825745,0.41009655594825745,70.82356262207031,70.82356262207031,34.366302490234375,34.366302490234375,49.366302490234375,49.366302490234375,15.000000953674316,15.000000953674316,1.0,0.02,180.0
28,0.11666666666666667,0.10667733008493518,-12.585903992066003,-62.60309773998145,0.10667733008493518,-12.585903992066003,-62.60309773998145,6.9,-6.900000095367432,0.0,0.0,15.0,1,0.3,2.0,0.0,4.0,6.666666666666667,2.857142857142857,12.58590030670166,12.585901260375977,12.585905075073242,12.585905075073242,0.06190284714102745,0.06121182441711426,-7.779961109161377,-8.05940055847168,0.0,0.0,0.0,0.0,nan,nan,61.94877624511719,61.94877624511719,123.89755249023438,0.0,12.442691802978516,0.16097688674926758,0.0,0.0,0.0,0.16097688674926758,0.0,12.442691802978516,0.0,0.0,0.0,-3.0642611980438232,0.24958468973636627,12.057964324951172,0.0,0.0,0.0,0.0,12.442691802978516,0.16097688674926758,0.0,0.0,0.0,0.16097688674926758,0.0,12.442691802978516,-0.0,-0.0,-0.0,-3.0642614364624023,-0.24958714842796326,12.057964324951172,0.0,0.0,0.0,4.470348358154297e-08,0.0,0.6000000238418579,-1.043081283569336e-07,0.05600002408027649,0.6000000238418579,-3.725290298461914e-08,-0.055999964475631714,0.5999999642372131,-6.128522872924805,-2.4586915969848633e-06,24.115928649902344,0.0,0.0,0.0,7.152557373046875e-07,2.96764801532845e-06,1.4901161193847656e-07,19.410341262817383,19.410343170166016,46.28055953979492,46.280555725097656,0.4637744426727295,0.4637744426727295,0.3740755319595337,0.3740755319595337,0.1621500849723816,0.1621500849723816,0.852557361125946,0.852557361125946,15.354592323303223,15.354592323303223,0.8394870758056641,0.8394870758056641,7.405965805053711,7.405965805053711,0.1313462257385254,0.1313462257385254,-0.0649295300245285,-0.0649295300245285,0.16097688674926758,0.16097688674926758,0.48709163069725037,0.48709163069725037,0.15981170535087585,0.15981170535087585,0.42161113023757935,0.42161113023757935,72.69978332519531,72.69978332519531,35.499717712402344,35.499717712402344,50.499717712402344,50.499717712402344,15.000000953674316,15.000000953674316,1.0,0.02,180.0
29,0.12083333333333333,0.0537849420486591,-12.782106178928121,-31.52003763352297,0.0537849420486591,-12.782106178928121,-31.52003763352297,6.9,-6.900000095367432,0.0,0.0,15.0,1,0.3,2.0,0.0,4.0,6.666666666666667,2.857142857142857,12.78210735321045,12.78210163116455,12.782106399536133,12.782106399536133,0.009848490357398987,0.009079095907509327,-7.346681594848633,-7.651968955993652,0.0,0.0,0.0,0.0,nan,nan,63.000877380371094,63.000877380371094,126.00175476074219,0.0,12.428664207458496,0.1633678376674652,0.0,0.0,0.0,0.1633678376674652,0.0,12.428664207458496,0.0,0.0,0.0,-3.0572359561920166,-0.4079890549182892,12.040982246398926,0.0,0.0,0.0,0.0,12.428664207458496,0.1633678376674652,0.0,0.0,0.0,0.1633678376674652,0.0,12.428664207458496,-0.0,-0.0,-0.0,-3.0572359561920166,0.4079863131046295,12.040982246398926,0.0,0.0,0.0,4.470348358154297e-08,0.0,0.6000000238418579,4.470348358154297e-08,0.056000083684921265,0.6000000238418579,-3.725290298461914e-08,-0.055999964475631714,0.6000000238418579,-6.114471912384033,-2.7418136596679688e-06,24.08196449279785,0.0,0.0,0.0,1.430511474609375e-06,9.868354027275927e-07,3.427267074584961e-07,19.7655029296875,19.765501022338867,46.83832931518555,46.83832550048828,0.4637744426727295,0.4637744426727295,0.36140501499176025,0.36140501499176025,0.17482061684131622,0.17482061684131622,0.852557361125946,0.852557361125946,15.744974136352539,15.744974136352539,0.42267340421676636,0.42267340421676636,7.7807111740112305,7.7807111740112305,0.13474281132221222,0.13474281132221222,-0.0649295300245285,-0.0649295300245285,0.1633678376674652,0.1633678376674652,0.48687246441841125,0.48687246441841125,0.1685037463903427,0.1685037463903427,0.430303156375885,0.430303156375885,73.83309936523438,73.83309936523438,36.2035026550293,36.2035026550293,51.2035026550293,51.2035026550293,15.000000953674316,15.000000953674316,1.0,0.02,180.0
30,0.125,0.0003457556588283537,-12.848232479816783,-0.20253200353115058,0.0003457556588283537,-12.848232479816783,-0.20253200353115058,6.9,-6.900000095367432,0.0,0.0,15.0,1,0.3,2.0,0.0,4.0,6.666666666666667,2.857142857142857,12.84822940826416,12.848231315612793,12.84823226928711,12.84823226928711,-0.042300205677747726,-0.043140143156051636,-6.837790012359619,-7.1657891273498535,0.0,0.0,0.0,0.0,nan,nan,62.656005859375,62.656005859375,125.31201171875,0.0,12.283248901367188,0.1649964451789856,0.0,0.0,0.0,0.1649964451789856,0.0,12.283248901367188,0.0,0.0,0.0,-3.007936716079712,-1.0583807229995728,11.863286972045898,0.0,0.0,0.0,0.0,12.283248901367188,0.1649964451789856,0.0,0.0,0.0,0.1649964451789856,0.0,12.283248901367188,-0.0,-0.0,-0.0,-3.007936716079712,1.058377981185913,11.863286972045898,0.0,0.0,0.0,4.470348358154297e-08,0.0,0.6000000238418579,-1.1920928955078125e-07,0.05600005388259888,0.5999999642372131,1.4901161193847656e-08,-0.055999964475631714,0.6000000238418579,-6.015873432159424,-2.7418136596679688e-06,23.726573944091797,0.0,0.0,0.0,1.0132789611816406e-06,2.477384896337753e-06,4.172325134277344e-07,19.986886978149414,19.986886978149414,47.05105209350586,47.05105209350586,0.4637744426727295,0.4637744426727295,0.34851959347724915,0.34851959347724915,0.18770600855350494,0.18770600855350494,0.852557361125946,0.852557361125946,16.007097244262695,16.007097244262695,0.0027158879674971104,0.0027158879674971104,8.035051345825195,8.035051345825195,0.1370234489440918,0.1370234489440918,-0.0649295300245285,-0.0649295300245285,0.1649964451789856,0.1649964451789856,0.4867985248565674,0.4867985248565674,0.17430315911769867,0.17430315911769867,0.43610256910324097,0.43610256910324097,74.21505737304688,74.21505737304688,36.472389221191406,36.472389221191406,51.47239303588867,51.47239303588867,15.000000953674316,15.000000953674316,1.0,0.02,180.0
31,0.12916666666666665,-0.05309693845227524,-12.78379178930457,31.11647294900841,-0.05309693845227524,-12.78379178930457,31.11647294900841,6.9,-6.900000095367432,0.0,0.0,15.0,1,0.3,2.0,0.0,4.0,6.666666666666667,2.857142857142857,12.783790588378906,12.783787727355957,12.783792495727539,12.783791542053223,-0.09401237964630127,-0.09491440653800964,-6.258341312408447,-6.605707168579102,0.0,0.0,0.0,0.0,nan,nan,60.91752624511719,60.91752624511719,121.83505249023438,0.0,12.006233215332031,0.16583535075187683,0.0,0.0,0.0,0.16583535075187683,0.0,12.006233215332031,0.0,0.0,0.0,-2.916973829269409,-1.6719874143600464,11.52704906463623,0.0,0.0,0.0,0.0,12.006233215332031,0.16583535075187683,0.0,0.0,0.0,0.16583535075187683,0.0,12.006233215332031,-0.0,-0.0,-0.0,-2.916973352432251,1.671985149383545,11.52704906463623,0.0,0.0,0.0,4.470348358154297e-08,0.0,0.6000000238418579,-1.043081283569336e-07,0.05600002408027649,0.5999999642372131,-1.4901161193847656e-07,-0.05599990487098694,0.5999999642372131,-5.83394718170166,-2.2649765014648438e-06,23.05409812927246,0.0,0.0,0.0,1.3709068298339844e-06,4.298357907828176e-06,3.129243850708008e-07,20.05158042907715,20.051578521728516,46.925514221191406,46.925514221191406,0.4637744426727295,0.4637744426727295,0.34851959347724915,0.34851959347724915,0.18770600855350494,0.18770600855350494,0.852557361125946,0.852557361125946,16.135717391967773,16.135717391967773,-0.4172617197036743,-0.4172617197036743,8.158750534057617,8.158750534057617,0.13814251124858856,0.13814251124858856,-0.0649295300245285,-0.0649295300245285,0.16583535075187683,0.16583535075187683,0.48687055706977844,0.48687055706977844,0.17716264724731445,0.17716264724731445,0.43896204233169556,0.43896204233169556,73.84283447265625,73.84283447265625,36.304405212402344,36.304405212402344,51.304405212402344,51.304405212402344,15.000000953674316,15.000000953674316,1.0,0.02,180.0
32,0.13333333333333333,-0.10599982392981407,-12.58926276236084,62.20404215207311,-0.10599982392981407,-12.58926276236084,62.20404215207311,6.9,-6.900000095367432,0.0,0.0,15.0,1,0.3,2.0,0.0,4.0,6.666666666666667,2.857142857142857,12.589259147644043,12.589262008666992,12.589262962341309,12.589262962341309,-0.14476218819618225,-0.14571717381477356,-5.614213466644287,-5.977381229400635,0.0,0.0,0.0,0.0,nan,nan,57.860774993896484,57.860774993896484,115.72154998779297,0.0,11.600927352905273,0.16586992144584656,0.0,0.0,0.0,0.16586992144584656,0.0,11.600927352905273,0.0,0.0,0.0,-2.786792039871216,-2.2207438945770264,11.041336059570312,0.0,0.0,0.0,0.0,11.600927352905273,0.16586992144584656,0.0,0.0,0.0,0.16586992144584656,0.0,11.600927352905273,-0.0,-0.0,-0.0,-2.786792039871216,2.2207417488098145,11.041337013244629,0.0,0.0,0.0,4.470348358154297e-08,0.0,0.6000000238418579,-1.4901161193847656e-07,0.0559999942779541,0.5999999642372131,-1.4901161193847656e-08,-0.055999934673309326,0.6000000238418579,-5.573584079742432,-2.1457672119140625e-06,22.082672119140625,0.0,0.0,0.0,4.76837158203125e-07,2.963094175356673e-06,4.6193599700927734e-07,19.948759078979492,19.94875717163086,46.45756912231445,46.45756912231445,0.4637744426727295,0.4637744426727295,0.36140501499176025,0.36140501499176025,0.17482061684131622,0.17482061684131622,0.852557361125946,0.852557361125946,16.128215789794922,16.128215789794922,-0.834135890007019,-0.834135890007019,8.146794319152832,8.146794319152832,0.1380772739648819,0.1380772739648819,-0.0649295300245285,-0.0649295300245285,0.16586992144584656,0.16586992144584656,0.4870878756046295,0.4870878756046295,0.17705753445625305,0.17705753445625305,0.43885695934295654,0.43885695934295654,72.71917724609375,72.71917724609375,35.700782775878906,35.700782775878906,50.700782775878906,50.700782775878906,15.000000953674316,15.000000953674316,1.0,0.02,180.0
33,0.1375,-0.15782360227909562,-12.266097285402246,92.82557598546985,-0.15782360227909562,-12.266097285402246,92.82557598546985,6.9,-6.900000095367432,0.0,0.0,15.0,1,0.3,2.0,0.0,4.0,6.666666666666667,2.857142857142857,12.266096115112305,12.266094207763672,12.266098022460938,12.266098022460938,-0.19403256475925446,-0.19503076374530792,-4.91201639175415,-5.28727388381958,0.0,0.0,0.0,0.0,nan,nan,53.62964630126953,53.62964630126953,107.25929260253906,0.0,11.074122428894043,0.165098637342453,0.0,0.0,0.0,0.165098637342453,0.0,11.074122428894043,0.0,0.0,0.0,-2.6215126514434814,-2.680089235305786,10.421527862548828,0.0,0.0,0.0,0.0,11.074122428894043,0.165098637342453,0.0,0.0,0.0,0.165098637342453,0.0,11.074122428894043,-0.0,-0.0,-0.0,-2.6215128898620605,2.680086374282837,10.421527862548828,0.0,0.0,0.0,4.470348358154297e-08,0.0,0.6000000238418579,-1.043081283569336e-07,0.05600005388259888,0.5999999642372131,-1.4901161193847656e-08,-0.055999934673309326,0.5999999642372131,-5.243025779724121,-2.86102294921875e-06,20.843055725097656,0.0,0.0,0.0,1.2516975402832031e-06,2.486608991603134e-06,5.364418029785156e-07,19.66994285583496,19.669940948486328,45.631988525390625,45.631988525390625,0.4637744426727295,0.4637744426727295,0.3740755319595337,0.3740755319595337,0.1621500849723816,0.1621500849723816,0.852557361125946,0.852557361125946,15.984699249267578,15.984699249267578,-1.2447606325149536,-1.2447606325149536,7.999670028686523,7.999670028686523,0.13682861626148224,0.13682861626148224,-0.0649295300245285,-0.0649295300245285,0.165098637342453,0.165098637342453,0.4874483346939087,0.4874483346939087,0.17398574948310852,0.17398574948310852,0.43578511476516724,0.43578511476516724,70.85248565673828,70.85248565673828,34.666019439697266,34.666019439697266,49.666019439697266,49.666019439697266,15.000000953674316,15.000000953674316,1.0,0.02,180.0
34,0.14166666666666666,-0.20803706521074514,-11.816730694207955,122.74327355687176,-0.20803706521074514,-11.816730694207955,122.74327355687176,6.9,-6.900000095367432,0.0,0.0,15.0,1,0.3,2.0,0.0,4.0,6.666666666666667,2.857142857142857,11.816731452941895,11.816729545593262,11.816730499267578,11.816730499267578,-0.24131925404071808,-0.24235044419765472,-4.159071445465088,-4.5425591468811035,0.0,0.0,0.0,0.0,nan,nan,48.42854309082031,48.42854309082031,96.85708618164062,0.0,10.435935974121094,0.16353316605091095,0.0,0.0,0.0,0.16353316605091095,0.0,10.435935974121094,0.0,0.0,0.0,-2.426647663116455,-3.030687093734741,9.688230514526367,0.0,0.0,0.0,0.0,10.435935974121094,0.16353316605091095,0.0,0.0,0.0,0.16353316605091095,0.0,10.435935974121094,-0.0,-0.0,-0.0,-2.426647663116455,3.0306856632232666,9.688231468200684,0.0,0.0,0.0,4.470348358154297e-08,0.0,0.6000000238418579,-1.4901161193847656e-08,0.0559999942779541,0.6000000238418579,0.0,-0.055999934673309326,0.5999999642372131,-4.85329532623291,-1.430511474609375e-06,19.376461029052734,0.0,0.0,0.0,7.152557373046875e-07,1.155200720859284e-06,1.9371509552001953e-07,19.207717895507812,19.207717895507812,44.421974182128906,44.42197799682617,0.47791728377342224,0.47791728377342224,0.3845343291759491,0.3845343291759491,0.13754841685295105,0.13754841685295105,0.852557361125946,0.852557361125946,15.70799446105957,15.70799446105957,-1.6459472179412842,-1.6459472179412842,7.7233476638793945,7.7233476638793945,0.13442113995552063,0.13442113995552063,-0.0649295300245285,-0.0649295300245285,0.16353316605091095,0.16353316605091095,0.48794877529144287,0.48794877529144287,0.16796796023845673,0.16796796023845673,0.429767370223999,0.429767370223999,68.2568130493164,68.2568130493164,33.207908630371094,33.207908630371094,48.207908630371094,48.207908630371094,15.000000953674316,15.000000953674316,1.0,0.02,180.0
35,0.14583333333333334,-0.2561212222977311,-11.244597870959728,151.71487315754203,-0.2561212222977311,-11.244597870959728,151.71487315754203,6.9,-6.900000095367432,0.0,0.0,15.0,1,0.3,2.0,0.0,4.0,6.666666666666667,2.857142857142857,11.244597434997559,11.244593620300293,11.244597434997559,11.244597434997559,-0.28613463044166565,-0.28718802332878113,-3.3633406162261963,-3.7510998249053955,0.0,0.0,0.0,0.0,nan,nan,42.51017761230469,42.51017761230469,85.02035522460938,0.0,9.699544906616211,0.16119806468486786,0.0,0.0,0.0,0.16119806468486786,0.0,9.699544906616211,0.0,0.0,0.0,-2.2087066173553467,-3.2597005367279053,8.865839958190918,0.0,0.0,0.0,0.0,9.699544906616211,0.16119806468486786,0.0,0.0,0.0,0.16119806468486786,0.0,9.699544906616211,-0.0,-0.0,-0.0,-2.2087066173553467,3.2596986293792725,8.865840911865234,0.0,0.0,0.0,4.470348358154297e-08,0.0,0.6000000238418579,-8.940696716308594e-08,0.05600002408027649,0.6000000238418579,-1.341104507446289e-07,-0.05599990487098694,0.5999999642372131,-4.417413234710693,-1.9073486328125e-06,17.73168182373047,0.0,0.0,0.0,1.1920928955078125e-06,2.9059867756586755e-06,1.1920928955078125e-07,18.55634307861328,18.55634117126465,42.788658142089844,42.788658142089844,0.4920608103275299,0.4920608103275299,0.40504759550094604,0.40504759550094604,0.10289160162210464,0.10289160162210464,0.852557361125946,0.852557361125946,15.303556442260742,15.303556442260742,-2.0344467163085938,-2.0344467163085938,7.328948497772217,7.328948497772217,0.13090230524539948,0.13090230524539948,-0.0649295300245285,-0.0649295300245285,0.16119806468486786,0.16119806468486786,0.48858433961868286,0.48858433961868286,0.15904788672924042,0.15904788672924042,0.4208473265171051,0.4208473265171051,64.95201110839844,64.95201110839844,31.337583541870117,31.337583541870117,46.33758544921875,46.33758544921875,15.000000953674316,15.000000953674316,1.0,0.02,180.0
36,0.15,-0.30157350568842556,-10.554153783438823,179.49280455421305,-0.30157350568842556,-10.554153783438823,179.49280455421305,6.9,-6.900000095367432,0.0,0.0,15.0,1,0.3,2.0,0.0,4.0,6.666666666666667,2.857142857142857,10.554150581359863,10.554154396057129,10.554153442382812,10.554153442382812,-0.3280397355556488,-0.32910412549972534,-2.5378623008728027,-2.9259591102600098,0.0,0.0,0.0,0.0,nan,nan,36.20024108886719,36.20024108886719,72.40048217773438,0.0,8.922396659851074,0.18162862956523895,0.0,0.0,0.0,0.18162862956523895,0.0,8.922396659851074,0.0,0.0,0.0,-1.962022066116333,-3.377253532409668,8.024137496948242,0.0,0.0,0.0,0.0,8.922396659851074,0.18162862956523895,0.0,0.0,0.0,0.18162862956523895,0.0,8.922396659851074,-0.0,-0.0,-0.0,-1.9620226621627808,3.3772521018981934,8.024138450622559,0.0,0.0,0.0,4.470348358154297e-08,0.0,0.6000000238418579,-1.6391277313232422e-07,0.05600002408027649,0.5999999642372131,5.960464477539063e-08,-0.055999964475631714,0.6000000238418579,-3.924044609069824,-1.430511474609375e-06,16.048274993896484,0.0,0.0,0.0,2.384185791015625e-07,1.671342147346877e-06,8.419156074523926e-07,17.713476181030273,17.71347427368164,40.68058395385742,40.68056869506836,0.5203555822372437,0.5203555822372437,0.41751325130462646,0.41751325130462646,0.06213124841451645,0.06213124841451645,0.8378353118896484,0.8378353118896484,14.779287338256836,14.779287338256836,-2.4069395065307617,-2.4069395065307617,6.8321332931518555,6.8321332931518555,0.12634077668190002,0.12634077668190002,-0.0649295300245285,-0.0649295300245285,0.18162862956523895,0.18162862956523895,0.4893490970134735,0.4893490970134735,0.14729268848896027,0.14729268848896027,0.4090920686721802,0.4090920686721802,60.963809967041016,60.963809967041016,29.06957244873047,29.06957244873047,44.06957244873047,44.06957244873047,15.000000953674316,15.000000953674316,1.0,0.02,180.0
37,0.15416666666666667,-0.34391206648106676,-9.75089648002379,205.82388167772808,-0.34391206648106676,-9.75089648002379,205.82388167772808,6.9,-6.900000095367432,0.0,0.0,15.0,1,0.3,2.0,0.0,4.0,6.666666666666667,2.857142857142857,9.750896453857422,9.750894546508789,9.750897407531738,9.750897407531738,-0.366534948348999,-0.36759912967681885,-1.6825003623962402,-2.0668020248413086,0.0,0.0,0.0,0.0,nan,nan,29.713912963867188,29.713912963867188,59.427825927734375,0.0,8.03823184967041,0.1769743412733078,0.0,0.0,0.0,0.1769743412733078,0.0,8.03823184967041,0.0,0.0,0.0,-1.7196499109268188,-3.3547704219818115,7.101606369018555,0.0,0.0,0.0,0.0,8.03823184967041,0.1769743412733078,0.0,0.0,0.0,0.1769743412733078,0.0,8.03823184967041,-0.0,-0.0,-0.0,-1.7196502685546875,3.3547685146331787,7.101607322692871,0.0,0.0,0.0,4.470348358154297e-08,0.0,0.6000000238418579,1.4901161193847656e-08,0.05600005388259888,0.6000000238418579,1.4901161193847656e-08,-0.055999964475631714,0.6000000238418579,-3.439300060272217,-1.9073486328125e-06,14.203213691711426,0.0,0.0,0.0,5.662441253662109e-07,4.23288753381712e-07,1.341104507446289e-07,16.68345832824707,16.683456420898438,38.0344352722168,38.03443145751953,0.5486653447151184,0.5486653447151184,0.42825010418891907,0.42825010418891907,0.023084618151187897,0.023084618151187897,0.8378353118896484,0.8378353118896484,14.145248413085938,14.145248413085938,-2.76003098487854,-2.76003098487854,6.252241134643555,6.252241134643555,0.12082403898239136,0.12082403898239136,-0.0649295300245285,-0.0649295300245285,0.1769743412733078,0.1769743412733078,0.49023571610450745,0.49023571610450745,0.13279323279857635,0.13279323279857635,0.39459261298179626,0.39459261298179626,56.3239631652832,56.3239631652832,26.421890258789062,26.421890258789062,41.42189025878906,41.42189025878906,15.000000953674316,15.000000953674316,1.0,0.02,180.0
38,0.15833333333333333,-0.38268016799874793,-8.841390036724702,230.44965483043651,-0.38268016799874793,-8.841390036724702,230.44965483043651,6.9,-6.900000095367432,0.0,0.0,15.0,1,0.3,2.0,0.0,4.0,6.666666666666667,2.857142857142857,8.841385841369629,8.841387748718262,8.841389656066895,8.841389656066895,-0.4012616276741028,-0.40231382846832275,-0.8155741095542908,-1.1921334266662598,0.0,0.0,0.0,0.0,nan,nan,23.42568016052246,23.42568016052246,46.85136032104492,0.0,7.148943901062012,0.19442762434482574,0.0,0.0,0.0,0.19442762434482574,0.0,7.148943901062012,0.0,0.0,0.0,-1.4624371528625488,-3.2331767082214355,6.209109783172607,0.0,0.0,0.0,0.0,7.148943901062012,0.19442762434482574,0.0,0.0,0.0,0.19442762434482574,0.0,7.148943901062012,-0.0,-0.0,-0.0,-1.462437391281128,3.233175277709961,6.209110736846924,0.0,0.0,0.0,4.470348358154297e-08,0.0,0.6000000238418579,-1.9371509552001953e-07,0.055999964475631714,0.5999999642372131,-5.960464477539063e-08,-0.055999934673309326,0.6000000238418579,-2.9248745441436768,-1.430511474609375e-06,12.418220520019531,0.0,0.0,0.0,-5.960464477539063e-08,2.2151957637106534e-06,4.6193599700927734e-07,15.483016967773438,15.483015060424805,34.77861022949219,34.77861022949219,0.5911480784416199,0.5911480784416199,0.4088520109653473,0.4088520109653473,0.0,0.0,0.8231391906738281,0.8231391906738281,13.413301467895508,13.413301467895508,-3.090254545211792,-3.090254545211792,5.611237049102783,5.611237049102783,0.11445516347885132,0.11445516347885132,-0.0649295300245285,-0.0649295300245285,0.19442762434482574,0.19442762434482574,0.4912356734275818,0.4912356734275818,0.11566475033760071,0.11566475033760071,0.3774641454219818,0.3774641454219818,51.070396423339844,51.070396423339844,23.416112899780273,23.416112899780273,38.41611099243164,38.41611099243164,15.000000953674316,15.000000953674316,1.0,0.02,180.0
39,0.1625,-0.4174506697746721,-7.833284482965292,253.10752777903377,-0.4174506697746721,-7.833284482965292,253.10752777903377,6.9,-6.900000095367432,0.0,0.0,15.0,1,0.3,2.0,0.0,4.0,6.666666666666667,2.857142857142857,7.833282470703125,7.833282470703125,7.8332839012146,7.833284378051758,-0.43180927634239197,-0.4328378140926361,0.05783718824386597,-0.30699342489242554,0.0,0.0,0.0,0.0,nan,nan,17.56401824951172,17.56401824951172,35.12803649902344,0.0,6.232707977294922,0.2097672075033188,0.0,0.0,0.0,0.2097672075033188,0.0,6.232707977294922,0.0,0.0,0.0,-1.2098875045776367,-3.0103447437286377,5.325847148895264,0.0,0.0,0.0,0.0,6.232707977294922,0.2097672075033188,0.0,0.0,0.0,0.2097672075033188,0.0,6.232707977294922,-0.0,-0.0,-0.0,-1.2098875045776367,3.010343313217163,5.325847625732422,0.0,0.0,0.0,4.470348358154297e-08,0.0,0.6000000238418579,-1.1920928955078125e-07,0.05600002408027649,0.6000000238418579,-1.1920928955078125e-07,-0.05599990487098694,0.5999999046325684,-2.4197750091552734,-1.430511474609375e-06,10.651695251464844,0.0,0.0,0.0,9.834766387939453e-07,1.8901787370850798e-06,1.4901161193847656e-07,14.15126895904541,14.15126895904541,30.843202590942383,30.843212127685547,0.6618125438690186,0.6618125438690186,0.3381875455379486,0.3381875455379486,0.0,0.0,0.8084741830825806,0.8084741830825806,12.596652030944824,12.596652030944824,-3.3940892219543457,-3.3940892219543457,4.932537078857422,4.932537078857422,0.10734894126653671,0.10734894126653671,-0.0649295300245285,-0.0649295300245285,0.2097672075033188,0.2097672075033188,0.49233925342559814,0.49233925342559814,0.09604741632938385,0.09604741632938385,0.35784682631492615,0.35784682631492615,45.247291564941406,45.247291564941406,20.07743263244629,20.07743263244629,35.07743453979492,35.07743453979492,15.000000953674316,15.000000953674316,1.0,0.02,180.0
40,0.16666666666666666,-0.4478305828039921,-6.73532933130665,273.53272599995313,-0.4478305828039921,-6.73532933130665,273.53272599995313,6.9,-6.900000095367432,0.0,0.0,15.0,1,0.3,2.0,0.0,4.0,6.666666666666667,2.857142857142857,6.735326766967773,6.735328674316406,6.735328674316406,6.735328674316406,-0.4578571319580078,-0.4588502049446106,0.9239463210105896,0.5746612548828125,0.0,0.0,0.0,0.0,nan,nan,12.38880729675293,12.38880729675293,24.77761459350586,0.0,5.34671688079834,0.24557866156101227,0.0,0.0,0.0,0.24557866156101227,0.0,5.34671688079834,0.0,0.0,0.0,-0.9536443948745728,-2.7234346866607666,4.507899284362793,0.0,0.0,0.0,0.0,5.34671688079834,0.24557866156101227,0.0,0.0,0.0,0.24557866156101227,0.0,5.34671688079834,-0.0,-0.0,-0.0,-0.9536448121070862,2.7234339714050293,4.507899761199951,0.0,0.0,0.0,4.470348358154297e-08,0.0,0.6000000238418579,-1.341104507446289e-07,0.055999964475631714,0.5999999642372131,-1.4901161193847656e-08,-0.055999934673309326,0.5999999642372131,-1.9072892665863037,-7.152557373046875e-07,9.015798568725586,0.0,0.0,0.0,8.940696716308594e-08,1.1884502555403742e-06,3.2782554626464844e-07,12.767629623413086,12.767627716064453,26.184032440185547,26.184024810791016,0.7453797459602356,0.7453797459602356,0.2546203136444092,0.2546203136444092,0.0,0.0,0.7792512774467468,0.7792512774467468,11.709344863891602,11.709344863891602,-3.6679842472076416,-3.6679842472076416,4.239793300628662,4.239793300628662,0.09962733089923859,0.09962733089923859,-0.0649295300245285,-0.0649295300245285,0.24557866156101227,0.24557866156101227,0.49353545904159546,0.49353545904159546,0.07410655915737152,0.07410655915737152,0.3359059989452362,0.3359059989452362,38.905189514160156,38.905189514160156,16.43474006652832,16.43474006652832,31.43474006652832,31.43474006652832,15.000000953674316,15.000000953674316,1.0,0.02,180.0
41,0.17083333333333334,-0.4734656618728461,-5.5573770270938265,291.4611769506975,-0.4734656618728461,-5.5573770270938265,291.4611769506975,6.9,-6.900000095367432,0.0,0.0,15.0,1,0.3,2.0,0.0,4.0,6.666666666666667,2.857142857142857,5.557376384735107,5.557374954223633,5.557376861572266,5.557376861572266,-0.47907114028930664,-0.48001742362976074,1.7774845361709595,1.4475163221359253,0.0,0.0,0.0,0.0,nan,nan,8.032816886901855,8.032816886901855,16.06563377380371,0.0,4.468597888946533,0.276572585105896,0.0,0.0,0.0,0.276572585105896,0.0,4.468597888946533,0.0,0.0,0.0,-0.7126994729042053,-2.373969078063965,3.7284297943115234,0.0,0.0,0.0,0.0,4.468597888946533,0.276572585105896,0.0,0.0,0.0,0.276572585105896,0.0,4.468597888946533,-0.0,-0.0,-0.0,-0.7126994132995605,2.3739686012268066,3.7284300327301025,0.0,0.0,0.0,4.470348358154297e-08,0.0,0.6000000238418579,-7.450580596923828e-08,0.05600003898143768,0.6000000238418579,-5.960464477539063e-08,-0.055999934673309326,0.5999999642372131,-1.425398826599121,-4.76837158203125e-07,7.456859588623047,0.0,0.0,0.0,5.066394805908203e-07,8.758491958360537e-07,1.1548399925231934e-07,11.485230445861816,11.485228538513184,20.83893585205078,20.83893585205078,0.874330997467041,0.874330997467041,0.12566909193992615,0.12566909193992615,0.0,0.0,0.7501851320266724,0.7501851320266724,10.76569652557373,10.76569652557373,-3.9083991050720215,-3.9083991050720215,3.5557398796081543,3.5557398796081543,0.09141465276479721,0.09141465276479721,-0.0649295300245285,-0.0649295300245285,0.276572585105896,0.276572585105896,0.4948122799396515,0.4948122799396515,0.05003313720226288,0.05003313720226288,0.3118325471878052,0.3118325471878052,32.10099792480469,32.10099792480469,12.520596504211426,12.520596504211426,27.520597457885742,27.520597457885742,15.000000953674316,15.000000953674316,1.0,0.02,180.0
42,0.175,-0.4940449849779291,-4.310372444937236,306.6333308369865,-0.4940449849779291,-4.310372444937236,306.6333308369865,6.9,-6.900000095367432,0.0,0.0,15.0,1,0.3,2.0,0.0,4.0,6.666666666666667,2.857142857142857,4.3103718757629395,4.310371398925781,4.310372352600098,4.310372352600098,-0.49521100521087646,-0.4960990250110626,2.6054234504699707,2.298313617706299,0.0,0.0,0.0,0.0,nan,nan,4.626781463623047,4.626781463623047,9.253562927246094,0.0,3.6471614837646484,0.32327547669410706,0.0,0.0,0.0,0.32327547669410706,0.0,3.6471614837646484,0.0,0.0,0.0,-0.47697895765304565,-2.000751256942749,3.0291547775268555,0.0,0.0,0.0,0.0,3.6471614837646484,0.32327547669410706,0.0,0.0,0.0,0.32327547669410706,0.0,3.6471614837646484,-0.0,-0.0,-0.0,-0.47697916626930237,2.000750780105591,3.0291552543640137,0.0,0.0,0.0,4.470348358154297e-08,0.0,0.6000000238418579,-1.1920928955078125e-07,0.05600002408027649,0.6000000238418579,-1.4901161193847656e-08,-0.055999934673309326,0.6000000238418579,-0.9539581537246704,-4.76837158203125e-07,6.058310031890869,0.0,0.0,0.0,2.5331974029541016e-07,6.770688969481853e-07,2.384185791015625e-07,10.592909812927246,10.592909812927246,15.08122730255127,15.08122730255127,0.9994760751724243,0.9994760751724243,0.0005239031161181629,0.0005239031161181629,0.0,0.0,0.7068858742713928,0.7068858742713928,9.779720306396484,9.779720306396484,-4.111852645874023,-4.111852645874023,2.9011707305908203,2.9011707305908203,0.08283253014087677,0.08283253014087677,-0.0649295300245285,-0.0649295300245285,0.32327547669410706,0.32327547669410706,0.49615678191185,0.49615678191185,0.024043679237365723,0.024043679237365723,0.2858430743217468,0.2858430743217468,24.8979434967041,24.8979434967041,8.371232986450195,8.371232986450195,23.371234893798828,23.371234893798828,15.000000953674316,15.000000953674316,1.0,0.02,180.0
43,0.17916666666666667,-0.509305453563127,-3.0063245200560655,318.79891062526974,-0.509305453563127,-3.0063245200560655,318.79891062526974,6.9,-6.900000095367432,0.0,0.0,15.0,1,0.3,2.0,0.0,4.0,6.666666666666667,2.857142857142857,3.0063247680664062,3.0063235759735107,3.006324529647827,3.006324529647827,-0.5060750842094421,-0.5068938136100769,3.396402359008789,3.115434169769287,0.0,0.0,0.0,0.0,nan,nan,2.2134206295013428,2.2134206295013428,4.4268412590026855,0.0,2.915832757949829,0.4024803638458252,0.0,0.0,0.0,0.4024803638458252,0.0,2.915832757949829,0.0,0.0,0.0,-0.2358238697052002,-1.6365768909454346,2.4351744651794434,0.0,0.0,0.0,0.0,2.915832757949829,0.4024803638458252,0.0,0.0,0.0,0.4024803638458252,0.0,2.915832757949829,-0.0,-0.0,-0.0,-0.2358238399028778,1.636576533317566,2.4351747035980225,0.0,0.0,0.0,4.470348358154297e-08,0.0,0.6000000238418579,-7.450580596923828e-08,0.05600002408027649,0.6000000238418579,-1.043081283569336e-07,-0.055999934673309326,0.5999999046325684,-0.471647709608078,-3.5762786865234375e-07,4.870348930358887,0.0,0.0,0.0,4.023313522338867e-07,6.812771289332886e-07,-2.7008354663848877e-08,10.592881202697754,10.592879295349121,14.912748336791992,14.912748336791992,1.0,1.0,0.0,0.0,0.0,0.0,0.6354192495346069,0.6354192495346069,8.76457691192627,8.76457691192627,-4.274989128112793,-4.274989128112793,2.2941513061523438,2.2941513061523438,0.07399514317512512,0.07399514317512512,-0.0649295300245285,-0.0649295300245285,0.4024803638458252,0.4024803638458252,0.4975548982620239,0.4975548982620239,-0.0036198562011122704,-0.0036198562011122704,0.25817954540252686,0.25817954540252686,17.365388870239258,17.365388870239258,4.026453018188477,4.026453018188477,19.026453018188477,19.026453018188477,15.000000953674316,15.000000953674316,1.0,0.02,180.0
44,0.18333333333333332,-0.5190361312119606,-1.6582562439800004,327.7225332947104,-0.5190361312119606,-1.6582562439800004,327.7225332947104,6.9,-6.900000095367432,0.0,0.0,15.0,1,0.3,2.0,0.0,4.0,6.666666666666667,2.857142857142857,1.6582555770874023,1.658255934715271,1.6582562923431396,1.6582562923431396,-0.5115125775337219,-0.5122519731521606,4.139540672302246,3.8877179622650146,0.0,0.0,0.0,0.0,nan,nan,0.749956488609314,0.749956488609314,1.499912977218628,0.0,2.304217576980591,0.5450798273086548,0.0,0.0,0.0,0.5450798273086548,0.0,2.304217576980591,0.0,0.0,0.0,0.0362091101706028,-1.3117890357971191,1.970895528793335,0.0,0.0,0.0,0.0,2.304217576980591,0.5450798273086548,0.0,0.0,0.0,0.5450798273086548,0.0,2.304217576980591,-0.0,-0.0,-0.0,0.03620892018079758,1.3117890357971191,1.9708956480026245,0.0,0.0,0.0,4.470348358154297e-08,0.0,0.6000000238418579,-5.960464477539063e-08,0.056000009179115295,0.6000000238418579,1.4901161193847656e-08,-0.0559999942779541,0.6000000238418579,0.07241803407669067,0.0,3.94179105758667,0.0,0.0,0.0,2.2351741790771484e-08,2.6431769128976157e-07,8.66129994392395e-08,11.981719017028809,11.981719017028809,14.95216178894043,14.95216178894043,1.0,1.0,0.0,0.0,0.0,0.0,0.5079392194747925,0.5079392194747925,7.732106685638428,7.732106685638428,-4.394651889801025,-4.394651889801025,1.7495017051696777,1.7495017051696777,0.0650051087141037,0.0650051087141037,-0.0649295300245285,-0.0649295300245285,0.5450798273086548,0.5450798273086548,0.49899202585220337,0.49899202585220337,-0.03269080072641373,-0.03269080072641373,0.22910858690738678,0.22910858690738678,9.57856273651123,9.57856273651123,-0.4705197811126709,-0.4705197811126709,14.529480934143066,14.529480934143066,15.000000953674316,15.000000953674316,1.0,0.02,180.0
45,0.1875,-0.5230823233559742,-0.2801296034153901,333.1900915692055,-0.5230823233559742,-0.2801296034153901,333.1900915692055,6.9,-6.900000095367432,0.0,0.0,15.0,1,0.3,2.0,0.0,4.0,6.666666666666667,2.857142857142857,0.2801295220851898,0.280129611492157,0.280129611492157,0.280129611492157,-0.511428952217102,-0.5120788812637329,4.824388027191162,4.6043901443481445,0.0,0.0,0.0,0.0,nan,nan,0.07590454816818237,0.07590454816818237,0.15180909633636475,0.0,1.839275598526001,0.855192244052887,0.0,0.0,0.0,0.855192244052887,0.0,1.839275598526001,0.0,0.0,0.0,0.4357861280441284,-1.0532076358795166,1.6778358221054077,0.0,0.0,0.0,0.0,1.839275598526001,0.855192244052887,0.0,0.0,0.0,0.855192244052887,0.0,1.839275598526001,-0.0,-0.0,-0.0,0.4357859790325165,1.053207278251648,1.6778359413146973,0.0,0.0,0.0,4.470348358154297e-08,0.0,0.6000000238418579,-1.6391277313232422e-07,0.05599997937679291,0.6000000238418579,-4.470348358154297e-08,-0.05599997937679291,0.5999999642372131,0.8715721368789673,-3.5762786865234375e-07,3.3556718826293945,0.0,0.0,0.0,5.960464477539063e-08,4.740591919016879e-07,1.1734664440155029e-07,14.439932823181152,14.439934730529785,14.991911888122559,14.991911888122559,1.0,1.0,0.0,0.0,0.0,0.0,0.2287730872631073,0.2287730872631073,6.692497730255127,6.692497730255127,-4.467970371246338,-4.467970371246338,1.278580665588379,1.278580665588379,0.055950701236724854,0.055950701236724854,-0.0649295300245285,-0.0649295300245285,0.855192244052887,0.855192244052887,0.5004526376724243,0.5004526376724243,-0.06287884712219238,-0.06287884712219238,0.1989205777645111,0.1989205777645111,1.6181087493896484,1.6181087493896484,-5.073298454284668,-5.073298454284668,9.926701545715332,9.926701545715332,15.000000953674316,15.000000953674316,1.0,0.02,180.0
46,0.19166666666666665,-0.5213492874034223,1.1117715815233127,333.6776259105683,-0.5213492874034223,1.1117715815233127,333.6776259105683,6.9,-6.900000095367432,0.0,0.0,15.0,1,0.3,2.0,0.0,4.0,6.666666666666667,2.857142857142857,1.1117713451385498,1.1117714643478394,1.1117717027664185,1.1117717027664185,-0.5055426955223083,-0.5060962438583374,5.480332851409912,5.295234680175781,0.0,0.0,0.0,0.0,nan,nan,-0.05106569826602936,-0.05106569826602936,-0.10213139653205872,0.0,1.1766743659973145,0.870284914970398,0.0,0.0,0.0,0.870284914970398,0.0,1.1766743659973145,0.0,0.0,0.0,0.5906564593315125,-0.6721155047416687,1.158164143562317,0.0,0.0,0.0,0.0,1.1766743659973145,0.870284914970398,0.0,0.0,0.0,0.870284914970398,0.0,1.1766743659973145,-0.0,-0.0,-0.0,0.5906563401222229,0.6721152663230896,1.158164381980896,0.0,0.0,0.0,4.470348358154297e-08,0.0,0.6000000238418579,-4.470348358154297e-08,0.05600003898143768,0.6000000238418579,-2.9802322387695312e-08,-0.055999934673309326,0.5999999642372131,1.1813127994537354,-2.384185791015625e-07,2.316328525543213,0.0,0.0,0.0,1.4901161193847656e-07,1.5463206182175782e-07,-5.960464477539063e-08,17.304941177368164,17.30494499206543,20.263736724853516,20.263736724853516,0.0,0.0,1.0,1.0,0.0,0.0,0.0,0.0,5.651182174682617,5.651182174682617,-4.4745073318481445,-4.4745073318481445,0.8883355855941772,0.8883355855941772,0.046878792345523834,0.046878792345523834,-0.0649295300245285,-0.0649295300245285,0.870284914970398,0.870284914970398,0.5012509226799011,0.5012509226799011,-0.09396170824766159,-0.09396170824766159,0.1678377091884613,0.1678377091884613,-6.421910762786865,-6.421910762786865,-9.729715347290039,-9.729715347290039,5.270285129547119,5.270285129547119,15.000000953674316,15.000000953674316,1.0,0.02,180.0
47,0.19583333333333333,-0.5138280381639497,2.495930652089247,330.0924183516661,-0.5138280381639497,2.495930652089247,330.0924183516661,6.9,-6.900000095367432,0.0,0.0,15.0,1,0.3,2.0,0.0,4.0,6.666666666666667,2.857142857142857,2.4959304332733154,2.4959304332733154,2.4959306716918945,2.4959306716918945,-0.49382129311561584,-0.4942735731601715,6.111075401306152,5.963712215423584,0.0,0.0,0.0,0.0,nan,nan,0.918514609336853,0.918514609336853,1.837029218673706,0.0,0.19577082991600037,0.5591123700141907,0.0,0.0,0.0,0.5591123700141907,0.0,0.19577082991600037,0.0,0.0,0.0,0.49825483560562134,-0.11061243712902069,0.30073225498199463,0.0,0.0,0.0,0.0,0.19577082991600037,0.5591123700141907,0.0,0.0,0.0,0.5591123700141907,0.0,0.19577082991600037,-0.0,-0.0,-0.0,0.49825477600097656,0.11061239242553711,0.3007323145866394,0.0,0.0,0.0,4.470348358154297e-08,0.0,0.6000000238418579,-5.960464477539063e-08,0.05600002408027649,0.6000000238418579,-4.470348358154297e-08,-0.055999964475631714,0.5999999642372131,0.9965096116065979,-4.470348358154297e-08,0.601464569568634,0.0,0.0,0.0,2.0489096641540527e-08,2.8558085674035283e-08,-3.166496753692627e-08,20.22953987121582,20.229541778564453,26.78557586669922,26.78557586669922,0.0,0.0,1.0,1.0,0.0,0.0,0.0,0.0,4.622201919555664,4.622201919555664,-4.426431179046631,-4.426431179046631,0.5861306190490723,0.5861306190490723,0.037911366671323776,0.037911366671323776,-0.0649295300245285,-0.0649295300245285,0.5591123700141907,0.5591123700141907,0.5018750429153442,0.5018750429153442,-0.12538816034793854,-0.12538816034793854,0.13641124963760376,0.13641124963760376,-14.41720962524414,-14.41720962524414,-14.366408348083496,-14.366408348083496,0.6335922479629517,0.6335922479629517,15.000000953674316,15.000000953674316,1.0,0.02,180.0
48,0.2,-0.5005813820846073,3.857342629046281,322.758817185212,-0.5005813820846073,3.857342629046281,322.758817185212,6.9,-6.900000095367432,0.0,0.0,15.0,1,0.3,2.0,0.0,4.0,6.666666666666667,2.857142857142857,3.857342481613159,3.8573429584503174,3.8573427200317383,3.8573427200317383,-0.47662800550460815,-0.47697338461875916,6.668819904327393,6.560809135437012,0.0,0.0,0.0,0.0,nan,nan,2.9073243141174316,2.9073243141174316,5.814648628234863,0.0,-0.7167850732803345,0.33705341815948486,0.0,0.0,0.0,0.33705341815948486,0.0,-0.7167850732803345,0.0,0.0,0.0,0.48001110553741455,0.3971211910247803,-0.4891522526741028,0.0,0.0,0.0,0.0,-0.7167850732803345,0.33705341815948486,0.0,0.0,0.0,0.33705341815948486,0.0,-0.7167850732803345,-0.0,-0.0,-0.0,0.4800111949443817,-0.39712104201316833,-0.48915237188339233,0.0,0.0,0.0,4.470348358154297e-08,0.0,0.6000000238418579,-1.4901161193847656e-08,0.05600003898143768,0.6000000238418579,7.450580596923828e-08,-0.055999964475631714,0.6000000238418579,0.9600223302841187,1.4901161193847656e-07,-0.9783046245574951,0.0,0.0,0.0,-2.9802322387695312e-08,-1.4577869578147329e-08,-6.51925802230835e-08,23.058744430541992,23.05875015258789,32.74238586425781,32.742393493652344,0.0,0.0,1.0,1.0,0.0,0.0,0.0,0.0,3.611304998397827,3.611304998397827,-4.328090190887451,-4.328090190887451,0.3728846311569214,0.3728846311569214,0.02909831516444683,0.02909831516444683,-0.0649295300245285,-0.0649295300245285,0.33705341815948486,0.33705341815948486,0.502487301826477,0.502487301826477,-0.15679346024990082,-0.15679346024990082,0.10500595718622208,0.10500595718622208,-22.28111457824707,-22.28111457824707,-18.93268394470215,-18.93268394470215,-3.932682991027832,-3.932682991027832,15.000000953674316,15.000000953674316,1.0,0.02,180.0
49,0.20416666666666666,-0.4817365571341522,5.180436861585784,311.70755242923593,-0.4817365571341522,5.180436861585784,311.70755242923593,6.9,-6.900000095367432,0.0,0.0,15.0,1,0.3,2.0,0.0,4.0,6.666666666666667,2.857142857142857,5.180435657501221,5.180436134338379,5.1804375648498535,5.180437088012695,-0.4541316032409668,-0.45436549186706543,7.147641181945801,7.080175876617432,0.0,0.0,0.0,0.0,nan,nan,5.751317977905273,5.751317977905273,11.502635955810547,0.0,-1.5569888353347778,0.2023223340511322,0.0,0.0,0.0,0.2023223340511322,0.0,-1.5569888353347778,0.0,0.0,0.0,0.5350533723831177,0.8380414247512817,-1.2151349782943726,0.0,0.0,0.0,0.0,-1.5569888353347778,0.2023223340511322,0.0,0.0,0.0,0.2023223340511322,0.0,-1.5569888353347778,-0.0,-0.0,-0.0,0.5350534915924072,-0.8380412459373474,-1.215135097503662,0.0,0.0,0.0,4.470348358154297e-08,0.0,0.6000000238418579,-1.341104507446289e-07,0.05600003898143768,0.6000000238418579,-1.4901161193847656e-08,-0.055999964475631714,0.6000000238418579,1.070106863975525,1.7881393432617188e-07,-2.430270195007324,0.0,0.0,0.0,-8.195638656616211e-08,-2.897107549415523e-07,-1.30385160446167e-07,25.71013641357422,25.710140228271484,37.952964782714844,37.952964782714844,0.0,0.0,0.9378688335418701,0.9378688335418701,0.06213124841451645,0.06213124841451645,0.0,0.0,2.6229071617126465,2.6229071617126465,-4.179896354675293,-4.179896354675293,0.24677374958992004,0.24677374958992004,0.020478099584579468,0.020478099584579468,-0.0649295300245285,-0.0649295300245285,0.2023223340511322,0.2023223340511322,0.5030810236930847,0.5030810236930847,-0.1878245621919632,-0.1878245621919632,0.0739748477935791,0.0739748477935791,-29.923686981201172,-29.923686981201172,-23.376394271850586,-23.376394271850586,-8.376394271850586,-8.376394271850586,15.000000953674316,15.000000953674316,1.0,0.02,180.0
50,0.20833333333333334,-0.45748527975488856,6.449868467734984,297.0165997352139,-0.45748527975488856,6.449868467734984,297.0165997352139,6.9,-6.900000095367432,0.0,0.0,15.0,1,0.3,2.0,0.0,4.0,6.666666666666667,2.857142857142857,6.449867248535156,6.4498677253723145,6.449868679046631,6.449868679046631,-0.42656242847442627,-0.4266815781593323,7.542404651641846,7.5162353515625,0.0,0.0,0.0,0.0,nan,nan,9.266536712646484,9.266536712646484,18.53307342529297,0.0,-2.3215184211730957,0.15084050595760345,0.0,0.0,0.0,0.15084050595760345,0.0,-2.3215184211730957,0.0,0.0,0.0,0.6597854495048523,1.2017349004745483,-1.8795523643493652,0.0,0.0,0.0,0.0,-2.3215184211730957,0.15084050595760345,0.0,0.0,0.0,0.15084050595760345,0.0,-2.3215184211730957,-0.0,-0.0,-0.0,0.6597854495048523,-1.2017347812652588,-1.8795524835586548,0.0,0.0,0.0,4.470348358154297e-08,0.0,0.6000000238418579,-1.043081283569336e-07,0.05600002408027649,0.5999999642372131,-2.9802322387695312e-08,-0.055999934673309326,0.5999999642372131,1.3195708990097046,1.1920928955078125e-07,-3.7591047286987305,0.0,0.0,0.0,-1.564621925354004e-07,-4.987652459931269e-07,-1.4901161193847656e-07,28.13990592956543,28.13990592956543,42.39717483520508,42.39717483520508,0.0,0.0,0.7725661396980286,0.7725661396980286,0.2274339199066162,0.2274339199066162,0.0,0.0,1.6613773107528687,1.6613773107528687,-3.9828953742980957,-3.9828953742980957,0.203681081533432,0.203681081533432,0.012088943272829056,0.012088943272829056,-0.0649295300245285,-0.0649295300245285,0.15084050595760345,0.15084050595760345,0.5036492943763733,0.5036492943763733,-0.21812784671783447,-0.21812784671783447,0.043671559542417526,0.043671559542417526,-37.25628662109375,-37.25628662109375,-27.646081924438477,-27.646081924438477,-12.646081924438477,-12.646081924438477,15.000000953674316,15.000000953674316,1.0,0.02,180.0
51,0.2125,-0.4280823909045422,7.650718063744618,278.81241503650625,-0.4280823909045422,7.650718063744618,278.81241503650625,6.9,-6.900000095367432,0.0,0.0,15.0,1,0.3,2.0,0.0,4.0,6.666666666666667,2.857142857142857,7.650716304779053,7.650718688964844,7.6507182121276855,7.6507182121276855,-0.39421141147613525,-0.394214004278183,7.848780155181885,7.864190101623535,0.0,0.0,0.0,0.0,nan,nan,13.253379821777344,13.253379821777344,26.506759643554688,0.0,-3.0070574283599854,0.17628416419029236,0.0,0.0,0.0,0.17628416419029236,0.0,-3.0070574283599854,0.0,0.0,0.0,0.8477263450622559,1.48029363155365,-2.482652187347412,0.0,0.0,0.0,0.0,-3.0070574283599854,0.17628416419029236,0.0,0.0,0.0,0.17628416419029236,0.0,-3.0070574283599854,-0.0,-0.0,-0.0,0.8477267026901245,-1.4802931547164917,-2.482652425765991,0.0,0.0,0.0,4.470348358154297e-08,0.0,0.6000000238418579,-1.043081283569336e-07,0.0559999942779541,0.6000000238418579,7.450580596923828e-08,-0.0559999942779541,0.6000000238418579,1.6954530477523804,4.76837158203125e-07,-4.965304374694824,0.0,0.0,0.0,1.4901161193847656e-08,-2.9595520345537807e-07,-2.4586915969848633e-07,30.32728385925293,30.327293395996094,46.12738800048828,46.12739562988281,0.0,0.0,0.6477158665657043,0.6477158665657043,0.35228419303894043,0.35228419303894043,0.0,0.0,0.7317257523536682,0.7317257523536682,-3.738783121109009,-3.738783121109009,0.2372388243675232,0.2372388243675232,0.003974859602749348,0.003974859602749348,-0.0649295300245285,-0.0649295300245285,0.17628416419029236,0.17628416419029236,0.5041857361793518,0.5041857361793518,-0.2473534643650055,-0.2473534643650055,0.014445943757891655,0.014445943757891655,-44.1927375793457,-44.1927375793457,-31.691640853881836,-31.691640853881836,-16.691640853881836,-16.691640853881836,15.000000953674316,15.000000953674316,1.0,0.02,180.0
52,0.21666666666666667,-0.3938436614681086,8.768694854230969,257.2702917266553,-0.3938436614681086,8.768694854230969,257.2702917266553,6.9,-6.900000095367432,0.0,0.0,15.0,1,0.3,2.0,0.0,4.0,6.666666666666667,2.857142857142857,8.768692016601562,8.768694877624512,8.768694877624512,8.768694877624512,-0.3574274778366089,-0.35731303691864014,8.063237190246582,8.12004280090332,0.0,0.0,0.0,0.0,nan,nan,17.499345779418945,17.499345779418945,34.99869155883789,0.0,-3.609762191772461,0.2700134813785553,0.0,0.0,0.0,0.2700134813785553,0.0,-3.609762191772461,0.0,0.0,0.0,1.0893104076385498,1.668387532234192,-3.0221145153045654,0.0,0.0,0.0,0.0,-3.609762191772461,0.2700134813785553,0.0,0.0,0.0,0.2700134813785553,0.0,-3.609762191772461,-0.0,-0.0,-0.0,1.089310646057129,-1.6683874130249023,-3.0221145153045654,0.0,0.0,0.0,4.470348358154297e-08,0.0,0.6000000238418579,-1.4901161193847656e-07,0.05600002408027649,0.5999999642372131,2.9802322387695312e-08,-0.055999964475631714,0.6000000238418579,2.1786210536956787,1.1920928955078125e-07,-6.044229030609131,0.0,0.0,0.0,-8.940696716308594e-08,-6.953901561246312e-07,-3.501772880554199e-07,32.265480041503906,32.26548385620117,49.222900390625,49.222900390625,0.0,0.0,0.5628252625465393,0.5628252625465393,0.43717479705810547,0.43717479705810547,0.0,0.0,-0.15985167026519775,-0.15985167026519775,-3.4499106407165527,-3.4499106407165527,0.3387526869773865,0.3387526869773865,-0.0038096592761576176,-0.0038096592761576176,-0.0649295300245285,-0.0649295300245285,0.2700134813785553,0.2700134813785553,0.5046841502189636,0.5046841502189636,-0.2751597762107849,-0.2751597762107849,-0.013360370881855488,-0.013360370881855488,-50.65048599243164,-50.65048599243164,-35.4649772644043,-35.4649772644043,-20.46497917175293,-20.46497917175293,15.000000953674316,15.000000953674316,1.0,0.02,180.0
53,0.22083333333333333,-0.3551427509067775,9.790339213596075,232.6137426692033,-0.3551427509067775,9.790339213596075,232.6137426692033,6.9,-6.900000095367432,0.0,0.0,15.0,1,0.3,2.0,0.0,4.0,6.666666666666667,2.857142857142857,9.790339469909668,9.790336608886719,9.790340423583984,9.790340423583984,-0.3166143000125885,-0.3163836896419525,8.183074951171875,8.280619621276855,0.0,0.0,0.0,0.0,nan,nan,21.781740188598633,21.781740188598633,43.563480377197266,0.0,-4.124944686889648,0.4209941029548645,0.0,0.0,0.0,0.4209941029548645,0.0,-4.124944686889648,0.0,0.0,0.0,1.3717719316482544,1.763541340827942,-3.4929311275482178,0.0,0.0,0.0,0.0,-4.124944686889648,0.4209941029548645,0.0,0.0,0.0,0.4209941029548645,0.0,-4.124944686889648,-0.0,-0.0,-0.0,1.371772050857544,-1.763540267944336,-3.492931604385376,0.0,0.0,0.0,4.470348358154297e-08,0.0,0.6000000238418579,-5.960464477539063e-08,0.05600002408027649,0.5999999642372131,-7.450580596923828e-08,-0.05599990487098694,0.6000000238418579,2.743544101715088,1.0728836059570312e-06,-6.985862731933594,0.0,0.0,0.0,-2.8312206268310547e-07,-8.624949714430841e-07,-1.341104507446289e-07,33.95577621459961,33.95577621459961,51.7663688659668,51.76636505126953,0.0,0.0,0.5062065124511719,0.5062065124511719,0.4937935173511505,0.4937935173511505,0.0,0.0,-1.0056705474853516,-1.0056705474853516,-3.119274139404297,-3.119274139404297,0.4971206486225128,0.4971206486225128,-0.011197002604603767,-0.011197002604603767,-0.0649295300245285,-0.0649295300245285,0.4209941029548645,0.4209941029548645,0.5051386952400208,0.5051386952400208,-0.30121803283691406,-0.30121803283691406,-0.039418600499629974,-0.039418600499629974,-56.55180358886719,-56.55180358886719,-38.920745849609375,-38.920745849609375,-23.920743942260742,-23.920743942260742,15.000000953674316,15.000000953674316,1.0,0.02,180.0
54,0.225,-0.3124073299110889,10.703220540397306,205.11283853039325,-0.3124073299110889,10.703220540397306,205.11283853039325,6.9,-6.900000095367432,0.0,0.0,15.0,1,0.3,2.0,0.0,4.0,6.666666666666667,2.857142857142857,10.703217506408691,10.703217506408691,10.70322036743164,10.70322036743164,-0.27222609519958496,-0.27188149094581604,8.2064790725708,8.343612670898438,0.0,0.0,0.0,0.0,nan,nan,25.871883392333984,25.871883392333984,51.74376678466797,0.0,-4.547021865844727,0.615839958190918,0.0,0.0,0.0,0.615839958190918,0.0,-4.547021865844727,0.0,0.0,0.0,1.679256796836853,1.7666065692901611,-3.88765549659729,0.0,0.0,0.0,0.0,-4.547021865844727,0.615839958190918,0.0,0.0,0.0,0.615839958190918,0.0,-4.547021865844727,-0.0,-0.0,-0.0,1.6792571544647217,-1.7666059732437134,-3.887655735015869,0.0,0.0,0.0,4.470348358154297e-08,0.0,0.6000000238418579,-1.1920928955078125e-07,0.05600002408027649,0.6000000238418579,-5.960464477539063e-08,-0.05599990487098694,0.6000000238418579,3.358513832092285,5.960464477539062e-07,-7.775311470031738,0.0,0.0,0.0,-4.470348358154297e-07,-1.042750454871566e-06,-2.8312206268310547e-07,35.40367126464844,35.40367889404297,53.832969665527344,53.832969665527344,0.0,0.0,0.4637744426727295,0.4637744426727295,0.5362256169319153,0.5362256169319153,0.0,0.0,-1.7965255975723267,-1.7965255975723267,-2.7504961490631104,-2.7504961490631104,0.6988756656646729,0.6988756656646729,-0.018106216564774513,-0.018106216564774513,-0.0649295300245285,-0.0649295300245285,0.615839958190918,0.615839958190918,0.5055441856384277,0.5055441856384277,-0.32521671056747437,-0.32521671056747437,-0.06341731548309326,-0.06341731548309326,-61.824859619140625,-61.824859619140625,-42.01691436767578,-42.01691436767578,-27.01691246032715,-27.01691246032715,15.000000953674316,15.000000953674316,1.0,0.02,180.0
55,0.22916666666666666,-0.266114395910683,11.496125951768285,175.08146896265478,-0.266114395910683,11.496125951768285,175.08146896265478,6.9,-6.900000095367432,0.0,0.0,15.0,1,0.3,2.0,0.0,4.0,6.666666666666667,2.857142857142857,11.496122360229492,11.496125221252441,11.496126174926758,11.496126174926758,-0.22476208209991455,-0.22430704534053802,8.132540702819824,8.30765438079834,0.0,0.0,0.0,0.0,nan,nan,29.542015075683594,29.542015075683594,59.08403015136719,0.0,-4.869719982147217,0.8390891551971436,0.0,0.0,0.0,0.8390891551971436,0.0,-4.869719982147217,0.0,0.0,0.0,1.993274211883545,1.6823053359985352,-4.197016716003418,0.0,0.0,0.0,0.0,-4.869719982147217,0.8390891551971436,0.0,0.0,0.0,0.8390891551971436,0.0,-4.869719982147217,-0.0,-0.0,-0.0,1.9932749271392822,-1.6823049783706665,-4.197016716003418,0.0,0.0,0.0,4.470348358154297e-08,0.0,0.6000000238418579,-1.341104507446289e-07,0.05600002408027649,0.6000000238418579,1.4901161193847656e-08,-0.055999934673309326,0.6000000238418579,3.986549139022827,3.5762786865234375e-07,-8.394033432006836,0.0,0.0,0.0,-3.725290298461914e-07,-8.755658882364514e-07,-3.8743019104003906e-07,36.61647415161133,36.616485595703125,55.48640060424805,55.486412048339844,0.0,0.0,0.4213273823261261,0.4213273823261261,0.5786726474761963,0.5786726474761963,0.0,0.0,-2.5219345092773438,-2.5219345092773438,-2.347785234451294,-2.347785234451294,0.9284639358520508,0.9284639358520508,-0.02444516122341156,-0.02444516122341156,-0.0649295300245285,-0.0649295300245285,0.8390891551971436,0.8390891551971436,0.5058959126472473,0.5058959126472473,-0.3468664586544037,-0.3468664586544037,-0.08506704121828079,-0.08506704121828079,-66.4049072265625,-66.4049072265625,-44.715518951416016,-44.715518951416016,-29.715517044067383,-29.715517044067383,15.000000953674316,15.000000953674316,1.0,0.02,180.0
56,0.23333333333333334,-0.21678482895652848,12.15923532617434,142.87353257199842,-0.21678482895652848,12.15923532617434,142.87353257199842,6.9,-6.900000095367432,0.0,0.0,15.0,1,0.3,2.0,0.0,4.0,6.666666666666667,2.857142857142857,12.159235000610352,12.159231185913086,12.159235000610352,12.159235000610352,-0.17476098239421844,-0.1742004156112671,7.961375713348389,8.172408103942871,0.0,0.0,0.0,0.0,nan,nan,32.57513427734375,32.57513427734375,65.1502685546875,0.0,-5.08648681640625,1.0737709999084473,0.0,0.0,0.0,1.0737709999084473,0.0,-5.08648681640625,0.0,0.0,0.0,2.293532133102417,1.519680380821228,-4.410851955413818,0.0,0.0,0.0,0.0,-5.08648681640625,1.0737709999084473,0.0,0.0,0.0,1.0737709999084473,0.0,-5.08648681640625,-0.0,-0.0,-0.0,2.293531894683838,-1.5196791887283325,-4.410852432250977,0.0,0.0,0.0,4.470348358154297e-08,0.0,0.6000000238418579,1.4901161193847656e-08,0.05600005388259888,0.6000000238418579,-1.1920928955078125e-07,-0.055999934673309326,0.5999999046325684,4.587063789367676,1.1920928955078125e-06,-8.821704864501953,0.0,0.0,0.0,-6.854534149169922e-07,-1.1278589227003977e-06,-7.450580596923828e-08,37.60173416137695,37.60173034667969,56.77815246582031,56.77815246582031,0.0,0.0,0.40716320276260376,0.40716320276260376,0.592836856842041,0.592836856842041,0.0,0.0,-3.1705994606018066,-3.1705994606018066,-1.9158873558044434,-1.9158873558044434,1.1688151359558105,1.1688151359558105,-0.03011457994580269,-0.03011457994580269,-0.0649295300245285,-0.0649295300245285,1.0737709999084473,1.0737709999084473,0.5061897039413452,0.5061897039413452,-0.3659038245677948,-0.3659038245677948,-0.10410439223051071,-0.10410439223051071,-70.23522186279297,-70.23522186279297,-46.98314666748047,-46.98314666748047,-31.98314666748047,-31.98314666748047,15.000000953674316,15.000000953674316,1.0,0.02,180.0
57,0.2375,-0.16497725405087002,12.68427831412669,108.87810348236565,-0.16497725405087002,12.68427831412669,108.87810348236565,6.9,-6.900000095367432,0.0,0.0,15.0,1,0.3,2.0,0.0,4.0,6.666666666666667,2.857142857142857,12.684274673461914,12.684273719787598,12.68427848815918,12.68427848815918,-0.12279369682073593,-0.12213363498449326,7.694160461425781,7.938608646392822,0.0,0.0,0.0,0.0,nan,nan,34.77751922607422,34.77751922607422,69.55503845214844,0.0,-5.1910576820373535,1.3022682666778564,0.0,0.0,0.0,1.3022682666778564,0.0,-5.1910576820373535,0.0,0.0,0.0,2.559138059616089,1.2923063039779663,-4.51926326751709,0.0,0.0,0.0,0.0,-5.1910576820373535,1.3022682666778564,0.0,0.0,0.0,1.3022682666778564,0.0,-5.1910576820373535,-0.0,-0.0,-0.0,2.559138298034668,-1.29230535030365,-4.51926326751709,0.0,0.0,0.0,4.470348358154297e-08,0.0,0.6000000238418579,-5.960464477539063e-08,0.05600005388259888,0.6000000238418579,-1.1920928955078125e-07,-0.05599990487098694,0.5999999046325684,5.118276596069336,9.5367431640625e-07,-9.03852653503418,0.0,0.0,0.0,-8.344650268554688e-07,-1.5172338407865027e-06,-2.980232238769531e-07,38.36631774902344,38.3663215637207,57.748226165771484,57.748226165771484,0.0,0.0,0.3787931799888611,0.3787931799888611,0.6212068796157837,0.6212068796157837,0.0,0.0,-3.7310380935668945,-3.7310380935668945,-1.460019826889038,-1.460019826889038,1.402211308479309,1.402211308479309,-0.03501364588737488,-0.03501364588737488,-0.0649295300245285,-0.0649295300245285,1.3022682666778564,1.3022682666778564,0.5064219832420349,0.5064219832420349,-0.3820956349372864,-0.3820956349372864,-0.12029626220464706,-0.12029626220464706,-73.26802062988281,-73.26802062988281,-48.79154968261719,-48.79154968261719,-33.79154968261719,-33.79154968261719,15.000000953674316,15.000000953674316,1.0,0.02,180.0
58,0.24166666666666667,-0.11128129373015104,13.064669223801138,73.51366446007601,-0.11128129373015104,13.064669223801138,73.51366446007601,6.9,-6.900000095367432,0.0,0.0,15.0,1,0.3,2.0,0.0,4.0,6.666666666666667,2.857142857142857,13.064665794372559,13.064665794372559,13.064669609069824,13.064669609069824,-0.06945627182722092,-0.06870397925376892,7.33320426940918,7.608163833618164,0.0,0.0,0.0,0.0,nan,nan,35.992515563964844,35.992515563964844,71.98503112792969,0.0,-5.1780853271484375,1.5074057579040527,0.0,0.0,0.0,1.5074057579040527,0.0,-5.1780853271484375,0.0,0.0,0.0,2.7700695991516113,1.0180584192276,-4.513879776000977,0.0,0.0,0.0,0.0,-5.1780853271484375,1.5074057579040527,0.0,0.0,0.0,1.5074057579040527,0.0,-5.1780853271484375,-0.0,-0.0,-0.0,2.7700695991516113,-1.0180574655532837,-4.513880252838135,0.0,0.0,0.0,4.470348358154297e-08,0.0,0.6000000238418579,-1.4901161193847656e-07,0.0559999942779541,0.5999999642372131,-4.470348358154297e-08,-0.055999934673309326,0.5999999642372131,5.540139198303223,9.5367431640625e-07,-9.027759552001953,0.0,0.0,0.0,-2.384185791015625e-07,-1.6081969533843221e-06,-2.682209014892578e-07,38.91593551635742,38.91593933105469,58.426334381103516,58.426334381103516,0.0,0.0,0.36458078026771545,0.36458078026771545,0.6354192495346069,0.6354192495346069,0.0,0.0,-4.192291259765625,-4.192291259765625,-0.985794186592102,-0.985794186592102,1.6113814115524292,1.6113814115524292,-0.03904614970088005,-0.03904614970088005,-0.0649295300245285,-0.0649295300245285,1.5074057579040527,1.5074057579040527,0.5065901875495911,0.5065901875495911,-0.3952426612377167,-0.3952426612377167,-0.133443221449852,-0.133443221449852,-75.46526336669922,-75.46526336669922,-50.11804962158203,-50.11804962158203,-35.11804962158203,-35.11804962158203,15.000000953674316,15.000000953674316,1.0,0.02,180.0
59,0.24583333333333332,-0.05631031087694175,13.295616148031788,37.22153660942021,-0.05631031087694175,13.295616148031788,37.22153660942021,6.9,-6.900000095367432,0.0,0.0,15.0,1,0.3,2.0,0.0,4.0,6.666666666666667,2.857142857142857,13.29561710357666,13.29561710357666,13.295616149902344,13.295616149902344,-0.015361911617219448,-0.014525690115988255,6.881992340087891,7.184197902679443,0.0,0.0,0.0,0.0,nan,nan,36.1141471862793,36.1141471862793,72.2282943725586,0.0,-5.043773651123047,1.6736642122268677,0.0,0.0,0.0,1.6736642122268677,0.0,-5.043773651123047,0.0,0.0,0.0,2.908747434616089,0.7184419631958008,-4.3890581130981445,0.0,0.0,0.0,0.0,-5.043773651123047,1.6736642122268677,0.0,0.0,0.0,1.6736642122268677,0.0,-5.043773651123047,-0.0,-0.0,-0.0,2.908747673034668,-0.71844083070755,-4.3890581130981445,0.0,0.0,0.0,4.470348358154297e-08,0.0,0.6000000238418579,1.4901161193847656e-08,0.05600005388259888,0.6000000238418579,5.960464477539063e-08,-0.055999964475631714,0.6000000238418579,5.817495346069336,1.1324882507324219e-06,-8.778116226196289,0.0,0.0,0.0,-3.8743019104003906e-07,-6.540206243244029e-08,-2.8312206268310547e-07,39.25481033325195,39.25481033325195,58.83295440673828,58.83295440673828,0.0,0.0,0.36458078026771545,0.36458078026771545,0.6354192495346069,0.6354192495346069,0.0,0.0,-4.544644832611084,-4.544644832611084,-0.4991285800933838,-0.4991285800933838,1.780720591545105,1.780720591545105,-0.0421268567442894,-0.0421268567442894,-0.0649295300245285,-0.0649295300245285,1.6736642122268677,1.6736642122268677,0.5066922903060913,0.5066922903060913,-0.4051823318004608,-0.4051823318004608,-0.14338289201259613,-0.14338289201259613,-76.79928588867188,-76.79928588867188,-50.94594955444336,-50.94594955444336,-35.94594955444336,-35.94594955444336,15.000000953674316,15.000000953674316,1.0,0.02,180.0
60,0.25,-0.0006937556550891164,13.37420131714824,0.4586712259354638,-0.0006937556550891164,13.37420131714824,0.4586712259354638,6.9,-6.900000095367432,0.0,0.0,15.0,1,0.3,2.0,0.0,4.0,6.666666666666667,2.857142857142857,13.374202728271484,13.374197006225586,13.374201774597168,13.374201774597168,0.038867026567459106,0.03977791219949722,6.345224380493164,6.671077251434326,0.0,0.0,0.0,0.0,nan,nan,35.0984992980957,35.0984992980957,70.1969985961914,0.0,-4.786442279815674,1.7883718013763428,0.0,0.0,0.0,1.7883718013763428,0.0,-4.786442279815674,0.0,0.0,0.0,2.9615366458892822,0.4173775613307953,-4.142873287200928,0.0,0.0,0.0,0.0,-4.786442279815674,1.7883718013763428,0.0,0.0,0.0,1.7883718013763428,0.0,-4.786442279815674,-0.0,-0.0,-0.0,2.961536407470703,-0.41737642884254456,-4.142873764038086,0.0,0.0,0.0,4.470348358154297e-08,0.0,0.6000000238418579,4.470348358154297e-08,0.05600002408027649,0.5999999642372131,-5.960464477539063e-08,-0.055999964475631714,0.6000000238418579,5.923072814941406,1.1324882507324219e-06,-8.285747528076172,0.0,0.0,0.0,-1.9371509552001953e-07,-6.086567623242445e-07,-1.4901161193847656e-07,39.38548278808594,39.385475158691406,58.980228424072266,58.980220794677734,0.0,0.0,0.36458078026771545,0.36458078026771545,0.6354192495346069,0.6354192495346069,0.0,0.0,-4.780291557312012,-4.780291557312012,-0.00615063076838851,-0.00615063076838851,1.8974885940551758,1.8974885940551758,-0.0441872701048851,-0.0441872701048851,-0.0649295300245285,-0.0649295300245285,1.7883718013763428,1.7883718013763428,0.5067269802093506,0.5067269802093506,-0.4117918014526367,-0.4117918014526367,-0.14999236166477203,-0.14999236166477203,-77.25321960449219,-77.25321960449219,-51.26478958129883,-51.26478958129883,-36.26478576660156,-36.26478576660156,15.000000953674316,15.000000953674316,1.0,0.02,180.0
61,0.25416666666666665,0.05493075848813645,13.29943041529856,-36.31000168981732,0.05493075848813645,13.29943041529856,-36.31000168981732,6.9,-6.900000095367432,0.0,0.0,15.0,1,0.3,2.0,0.0,4.0,6.666666666666667,2.857142857142857,13.299432754516602,13.299427032470703,13.299430847167969,13.299430847167969,0.09260713309049606,0.09358257055282593,5.728779315948486,6.074403285980225,0.0,0.0,0.0,0.0,nan,nan,32.971160888671875,32.971160888671875,65.94232177734375,0.0,-4.406956672668457,1.8427302837371826,0.0,0.0,0.0,1.8427302837371826,0.0,-4.406956672668457,0.0,0.0,0.0,2.9199717044830322,0.13961856067180634,-3.777723550796509,0.0,0.0,0.0,0.0,-4.406956672668457,1.8427302837371826,0.0,0.0,0.0,1.8427302837371826,0.0,-4.406956672668457,-0.0,-0.0,-0.0,2.919971466064453,-0.13961757719516754,-3.777723789215088,0.0,0.0,0.0,4.470348358154297e-08,0.0,0.6000000238418579,2.9802322387695312e-08,0.05600005388259888,0.6000000238418579,-8.940696716308594e-08,-0.055999934673309326,0.6000000238418579,5.839942932128906,9.834766387939453e-07,-7.555447578430176,0.0,0.0,0.0,-4.3213367462158203e-07,-5.629247539218341e-07,-3.5762786865234375e-07,39.30878829956055,39.30878448486328,58.872459411621094,58.872459411621094,0.0,0.0,0.36458078026771545,0.36458078026771545,0.6354192495346069,0.6354192495346069,0.0,0.0,-4.893862247467041,-4.893862247467041,0.4869052767753601,0.4869052767753601,1.9528400897979736,1.9528400897979736,-0.045180268585681915,-0.045180268585681915,-0.0649295300245285,-0.0649295300245285,1.8427302837371826,1.8427302837371826,0.506693959236145,0.506693959236145,-0.41498956084251404,-0.41498956084251404,-0.15319019556045532,-0.15319019556045532,-76.82131958007812,-76.82131958007812,-51.070533752441406,-51.070533752441406,-36.070533752441406,-36.070533752441406,15.000000953674316,15.000000953674316,1.0,0.02,180.0
62,0.2583333333333333,0.10992551712877907,13.072249454522172,-72.61945332528474,0.10992551712877907,13.072249454522172,-72.61945332528474,6.9,-6.900000095367432,0.0,0.0,15.0,1,0.3,2.0,0.0,4.0,6.666666666666667,2.857142857142857,13.072248458862305,13.072244644165039,13.072249412536621,13.072249412536621,0.1452420949935913,0.146271213889122,5.039693355560303,5.400990009307861,0.0,0.0,0.0,0.0,nan,nan,29.8294677734375,29.8294677734375,59.658935546875,0.0,-3.908998966217041,1.8325536251068115,0.0,0.0,0.0,1.8325536251068115,0.0,-3.908998966217041,0.0,0.0,0.0,2.7815585136413574,-0.09110337495803833,-3.300478458404541,0.0,0.0,0.0,0.0,-3.908998966217041,1.8325536251068115,0.0,0.0,0.0,1.8325536251068115,0.0,-3.908998966217041,-0.0,-0.0,-0.0,2.7815582752227783,0.09110414981842041,-3.300478458404541,0.0,0.0,0.0,4.470348358154297e-08,0.0,0.6000000238418579,-2.2351741790771484e-08,0.05600002408027649,0.6000000238418579,-7.450580596923828e-08,-0.05599990487098694,0.5999999642372131,5.563117027282715,7.748603820800781e-07,-6.600956916809082,0.0,0.0,0.0,-3.8743019104003906e-07,-7.805558084328368e-07,-3.5762786865234375e-07,39.023773193359375,39.023773193359375,58.506378173828125,58.506378173828125,0.0,0.0,0.36458078026771545,0.36458078026771545,0.6354192495346069,0.6354192495346069,0.0,0.0,-4.8828020095825195,-4.8828020095825195,0.9738031029701233,0.9738031029701233,1.9425666332244873,1.9425666332244873,-0.045083463191986084,-0.045083463191986084,-0.0649295300245285,-0.0649295300245285,1.8325536251068115,1.8325536251068115,0.5065935254096985,0.5065935254096985,-0.41473716497421265,-0.41473716497421265,-0.15293772518634796,-0.15293772518634796,-75.5090560913086,-75.5090560913086,-50.36564636230469,-50.36564636230469,-35.36564254760742,-35.36564254760742,15.000000953674316,15.000000953674316,1.0,0.02,180.0
63,0.2625,0.1636607689003782,12.695528722575979,-108.01243879538201,0.1636607689003782,12.695528722575979,-108.01243879538201,6.9,-6.900000095367432,0.0,0.0,15.0,1,0.3,2.0,0.0,4.0,6.666666666666667,2.857142857142857,12.695524215698242,12.695528030395508,12.695528984069824,12.695528984069824,0.19617055356502533,0.19724193215370178,4.286077976226807,4.65877103805542,0.0,0.0,0.0,0.0,nan,nan,25.838706970214844,25.838706970214844,51.67741394042969,0.0,-3.299137830734253,1.7586157321929932,0.0,0.0,0.0,1.7586157321929932,0.0,-3.299137830734253,0.0,0.0,0.0,2.5500380992889404,-0.2539265751838684,-2.72210693359375,0.0,0.0,0.0,0.0,-3.299137830734253,1.7586157321929932,0.0,0.0,0.0,1.7586157321929932,0.0,-3.299137830734253,-0.0,-0.0,-0.0,2.5500383377075195,0.25392717123031616,-2.72210693359375,0.0,0.0,0.0,4.470348358154297e-08,0.0,0.6000000238418579,-1.9371509552001953e-07,0.0559999942779541,0.5999999642372131,2.2351741790771484e-08,-0.055999934673309326,0.6000000238418579,5.100076675415039,5.960464477539062e-07,-5.4442138671875,0.0,0.0,0.0,-1.7881393432617188e-07,-8.618388278591738e-07,-7.450580596923828e-08,38.5277099609375,38.527713775634766,57.87090301513672,57.87091064453125,0.0,0.0,0.3787931799888611,0.3787931799888611,0.6212068796157837,0.6212068796157837,0.0,0.0,-4.747549057006836,-4.747549057006836,1.448411464691162,1.448411464691162,1.8674460649490356,1.8674460649490356,-0.04390067607164383,-0.04390067607164383,-0.0649295300245285,-0.0649295300245285,1.7586157321929932,1.7586157321929932,0.506426990032196,0.506426990032196,-0.4110390841960907,-0.4110390841960907,-0.1492397040128708,-0.1492397040128708,-73.33300018310547,-73.33300018310547,-49.15902328491211,-49.15902328491211,-34.15902328491211,-34.15902328491211,15.000000953674316,15.000000953674316,1.0,0.02,180.0
64,0.26666666666666666,0.2155226546238822,12.174014264823553,-142.0471570345993,0.2155226546238822,12.174014264823553,-142.0471570345993,6.9,-6.900000095367432,0.0,0.0,15.0,1,0.3,2.0,0.0,4.0,6.666666666666667,2.857142857142857,12.174015045166016,12.174015045166016,12.174015045166016,12.174015045166016,0.24481354653835297,0.2459152638912201,3.476987600326538,3.856694459915161,0.0,0.0,0.0,0.0,nan,nan,21.222347259521484,21.222347259521484,42.44469451904297,0.0,-2.58668851852417,1.62656831741333,0.0,0.0,0.0,1.62656831741333,0.0,-2.58668851852417,0.0,0.0,0.0,2.2350735664367676,-0.3325146734714508,-2.056833267211914,0.0,0.0,0.0,0.0,-2.58668851852417,1.62656831741333,0.0,0.0,0.0,1.62656831741333,0.0,-2.58668851852417,-0.0,-0.0,-0.0,2.2350733280181885,0.33251529932022095,-2.056833028793335,0.0,0.0,0.0,4.470348358154297e-08,0.0,0.6000000238418579,0.0,0.05600005388259888,0.6000000238418579,-3.725290298461914e-08,-0.055999934673309326,0.6000000238418579,4.470147132873535,6.258487701416016e-07,-4.113666534423828,0.0,0.0,0.0,-2.5331974029541016e-07,-2.605182203296863e-07,-2.980232238769531e-07,37.816131591796875,37.81612777709961,56.94670104980469,56.94669723510742,0.0,0.0,0.3929862082004547,0.3929862082004547,0.6070138216018677,0.6070138216018677,0.0,0.0,-4.491494178771973,-4.491494178771973,1.9048058986663818,1.9048058986663818,1.7331595420837402,1.7331595420837402,-0.041661642491817474,-0.041661642491817474,-0.0649295300245285,-0.0649295300245285,1.62656831741333,1.62656831741333,0.506196141242981,0.506196141242981,-0.40394333004951477,-0.40394333004951477,-0.14214394986629486,-0.14214394986629486,-70.32058715820312,-70.32058715820312,-47.46589660644531,-47.46589660644531,-32.46589279174805,-32.46589279174805,15.000000953674316,15.000000953674316,1.0,0.02,180.0
65,0.2708333333333333,0.26492086876076326,11.514248283347795,-174.30447251761564,0.26492086876076326,11.514248283347795,-174.30447251761564,6.9,-6.900000095367432,0.0,0.0,15.0,1,0.3,2.0,0.0,4.0,6.666666666666667,2.857142857142857,11.514243125915527,11.51424503326416,11.51424789428711,11.51424789428711,0.2906215786933899,0.2917414605617523,2.622312545776367,3.0045950412750244,0.0,0.0,0.0,0.0,nan,nan,16.247154235839844,16.247154235839844,32.49430847167969,0.0,-1.7833778858184814,1.4464434385299683,0.0,0.0,0.0,1.4464434385299683,0.0,-1.7833778858184814,0.0,0.0,0.0,1.8514108657836914,-0.31630054116249084,-1.3209340572357178,0.0,0.0,0.0,0.0,-1.7833778858184814,1.4464434385299683,0.0,0.0,0.0,1.4464434385299683,0.0,-1.7833778858184814,-0.0,-0.0,-0.0,1.851410984992981,0.3163009583950043,-1.3209340572357178,0.0,0.0,0.0,4.470348358154297e-08,0.0,0.6000000238418579,-1.1175870895385742e-07,0.0559999942779541,0.5999999642372131,-2.2351741790771484e-08,-0.0559999942779541,0.5999999642372131,3.702821731567383,4.172325134277344e-07,-2.6418681144714355,0.0,0.0,0.0,0.0,-5.159571401236462e-07,2.9802322387695312e-08,36.88288116455078,36.88288116455078,55.705204010009766,55.705204010009766,0.0,0.0,0.4213273823261261,0.4213273823261261,0.5786726474761963,0.5786726474761963,0.0,0.0,-4.120743751525879,-4.120743751525879,2.3373661041259766,2.3373661041259766,1.549793004989624,1.549793004989624,-0.0384199395775795,-0.0384199395775795,-0.0649295300245285,-0.0649295300245285,1.4464434385299683,1.4464434385299683,0.5059038996696472,0.5059038996696472,-0.3935401439666748,-0.3935401439666748,-0.1317407488822937,-0.1317407488822937,-66.50959014892578,-66.50959014892578,-45.30747985839844,-45.30747985839844,-30.307479858398438,-30.307479858398438,15.000000953674316,15.000000953674316,1.0,0.02,180.0
66,0.275,0.31129592800598965,10.72446069521917,-204.39450368163725,0.31129592800598965,10.72446069521917,-204.39450368163725,6.9,-6.900000095367432,0.0,0.0,15.0,1,0.3,2.0,0.0,4.0,6.666666666666667,2.857142857142857,10.724459648132324,10.724457740783691,10.72446060180664,10.72446060180664,0.33308106660842896,0.33420658111572266,1.7325644493103027,2.11297345161438,0.0,0.0,0.0,0.0,nan,nan,11.204553604125977,11.204553604125977,22.409107208251953,0.0,-0.9028241634368896,1.2317981719970703,0.0,0.0,0.0,1.2317981719970703,0.0,-0.9028241634368896,0.0,0.0,0.0,1.4176205396652222,-0.2011430859565735,-0.5313302278518677,0.0,0.0,0.0,0.0,-0.9028241634368896,1.2317981719970703,0.0,0.0,0.0,1.2317981719970703,0.0,-0.9028241634368896,-0.0,-0.0,-0.0,1.4176205396652222,0.201143279671669,-0.5313302278518677,0.0,0.0,0.0,4.470348358154297e-08,0.0,0.6000000238418579,-5.21540641784668e-08,0.05600002408027649,0.6000000238418579,-4.470348358154297e-08,-0.055999934673309326,0.6000000238418579,2.8352410793304443,1.9371509552001953e-07,-1.0626604557037354,0.0,0.0,0.0,-4.842877388000488e-08,-9.896796626662763e-08,-1.1920928955078125e-07,35.72040557861328,35.72040557861328,54.10762405395508,54.10762405395508,0.0,0.0,0.44963017106056213,0.44963017106056213,0.5503698587417603,0.5503698587417603,0.0,0.0,-3.6436872482299805,-3.6436872482299805,2.74086332321167,2.74086332321167,1.3309768438339233,1.3309768438339233,-0.03424915671348572,-0.03424915671348572,-0.0649295300245285,-0.0649295300245285,1.2317981719970703,1.2317981719970703,0.505553662776947,0.505553662776947,-0.37996047735214233,-0.37996047735214233,-0.11816107481718063,-0.11816107481718063,-61.947547912597656,-61.947547912597656,-42.71074676513672,-42.71074676513672,-27.71074676513672,-27.71074676513672,15.000000953674316,15.000000953674316,1.0,0.02,180.0
67,0.2791666666666667,0.3541259328071037,9.81443484807342,-231.96241164755625,0.3541259328071037,9.81443484807342,-231.96241164755625,6.9,-6.900000095367432,0.0,0.0,15.0,1,0.3,2.0,0.0,4.0,6.666666666666667,2.857142857142857,9.814435005187988,9.814435005187988,9.814435958862305,9.814435958862305,0.3717200458049774,0.3728388845920563,0.8186976313591003,1.1928433179855347,0.0,0.0,0.0,0.0,nan,nan,6.3902764320373535,6.3902764320373535,12.780552864074707,0.0,0.04012762010097504,0.99861741065979,0.0,0.0,0.0,0.99861741065979,0.0,0.04012762010097504,0.0,0.0,0.0,0.9545740485191345,0.010606899857521057,0.29584255814552307,0.0,0.0,0.0,0.0,0.04012762010097504,0.99861741065979,0.0,0.0,0.0,0.99861741065979,0.0,0.04012762010097504,-0.0,-0.0,-0.0,0.9545740485191345,-0.010606912896037102,0.29584255814552307,0.0,0.0,0.0,4.470348358154297e-08,0.0,0.6000000238418579,-3.725290298461914e-08,0.05600002408027649,0.5999999642372131,7.450580596923828e-09,-0.055999964475631714,0.6000000238418579,1.909148097038269,-1.30385160446167e-08,0.5916851162910461,0.0,0.0,0.0,1.862645149230957e-08,-2.162986589837601e-08,-5.587935447692871e-08,34.32006072998047,34.32006072998047,52.103546142578125,52.103546142578125,0.0,0.0,0.4920608103275299,0.4920608103275299,0.5079392194747925,0.5079392194747925,0.0,0.0,-3.0704126358032227,-3.0704126358032227,3.1105401515960693,3.1105401515960693,1.0927847623825073,1.0927847623825073,-0.029237836599349976,-0.029237836599349976,-0.0649295300245285,-0.0649295300245285,0.99861741065979,0.99861741065979,0.5051494240760803,0.5051494240760803,-0.3633739948272705,-0.3633739948272705,-0.10157457739114761,-0.10157457739114761,-56.69097900390625,-56.69097900390625,-39.70787048339844,-39.70787048339844,-24.70787239074707,-24.70787239074707,15.000000953674316,15.000000953674316,1.0,0.02,180.0
68,0.2833333333333333,0.39293272144841723,8.795351012902383,-256.693258271334,0.39293272144841723,8.795351012902383,-256.693258271334,6.9,-6.900000095367432,0.0,0.0,15.0,1,0.3,2.0,0.0,4.0,6.666666666666667,2.857142857142857,8.7953519821167,8.795350074768066,8.795351028442383,8.795351028442383,0.40611329674720764,0.4072130024433136,-0.10810047388076782,0.2554963231086731,0.0,0.0,0.0,0.0,nan,nan,2.084493398666382,2.084493398666382,4.168986797332764,0.0,1.030157446861267,0.7641098499298096,0.0,0.0,0.0,0.7641098499298096,0.0,1.030157446861267,0.0,0.0,0.0,0.48386040329933167,0.3106411397457123,1.1465030908584595,0.0,0.0,0.0,0.0,1.030157446861267,0.7641098499298096,0.0,0.0,0.0,0.7641098499298096,0.0,1.030157446861267,-0.0,-0.0,-0.0,0.48386049270629883,-0.3106413185596466,1.14650297164917,0.0,0.0,0.0,4.470348358154297e-08,0.0,0.6000000238418579,0.0,0.05600002408027649,0.5999999642372131,-7.450580596923828e-08,-0.055999964475631714,0.5999999642372131,0.9677208662033081,-1.7881393432617188e-07,2.29300594329834,0.0,0.0,0.0,7.450580596923828e-08,1.3024582301568444e-07,0.0,32.6728515625,32.67284393310547,49.62990951538086,49.629905700683594,0.0,0.0,0.5486653447151184,0.5486653447151184,0.45133471488952637,0.45133471488952637,0.0,0.0,-2.412015438079834,-2.412015438079834,3.4421727657318115,3.4421727657318115,0.8525227308273315,0.8525227308273315,-0.023483378812670708,-0.023483378812670708,-0.0649295300245285,-0.0649295300245285,0.7641098499298096,0.7641098499298096,0.5046960115432739,0.5046960115432739,-0.34398606419563293,-0.34398606419563293,-0.08218666166067123,-0.08218666166067123,-50.80446243286133,-50.80446243286133,-36.33578872680664,-36.33578872680664,-21.335786819458008,-21.335786819458008,15.000000953674316,15.000000953674316,1.0,0.02,180.0
69,0.2875,0.427287332461796,7.67961173770857,-278.3158425219331,0.427287332461796,7.67961173770857,-278.3158425219331,6.9,-6.900000095367432,0.0,0.0,15.0,1,0.3,2.0,0.0,4.0,6.666666666666667,2.857142857142857,7.679611682891846,7.679611682891846,7.6796112060546875,7.6796112060546875,0.4358865022659302,0.43695518374443054,-1.0366270542144775,-0.6877166032791138,0.0,0.0,0.0,0.0,nan,nan,-1.4654744863510132,-1.4654744863510132,-2.9309489727020264,0.0,2.0522541999816895,0.5455441474914551,0.0,0.0,0.0,0.5455441474914551,0.0,2.0522541999816895,0.0,0.0,0.0,0.026318686082959175,0.685696005821228,2.0096004009246826,0.0,0.0,0.0,0.0,2.0522541999816895,0.5455441474914551,0.0,0.0,0.0,0.5455441474914551,0.0,2.0522541999816895,-0.0,-0.0,-0.0,0.02631870098412037,-0.6856964230537415,2.0096004009246826,0.0,0.0,0.0,4.470348358154297e-08,0.0,0.6000000238418579,-3.725290298461914e-08,0.05600002408027649,0.5999999642372131,-3.725290298461914e-08,-0.055999964475631714,0.6000000238418579,0.052637387067079544,-4.172325134277344e-07,4.019200801849365,0.0,0.0,0.0,1.6391277313232422e-07,3.2783043479867047e-07,-8.149072527885437e-10,30.770626068115234,30.770626068115234,46.61103439331055,46.61103439331055,0.0,0.0,0.6335949301719666,0.6335949301719666,0.366405189037323,0.366405189037323,0.0,0.0,-1.6798704862594604,-1.6798704862594604,3.7321248054504395,3.7321248054504395,0.6275593638420105,0.6275593638420105,-0.017085697501897812,-0.017085697501897812,-0.0649295300245285,-0.0649295300245285,0.5455441474914551,0.5455441474914551,0.5041986703872681,0.5041986703872681,-0.32203468680381775,-0.32203468680381775,-0.06023527681827545,-0.06023527681827545,-44.35963439941406,-44.35963439941406,-32.63557815551758,-32.63557815551758,-17.635576248168945,-17.635576248168945,15.000000953674316,15.000000953674316,1.0,0.02,180.0
70,0.2916666666666667,0.45681470882568165,6.480653437436716,-296.6054663096729,0.45681470882568165,6.480653437436716,-296.6054663096729,6.9,-6.900000095367432,0.0,0.0,15.0,1,0.3,2.0,0.0,4.0,6.666666666666667,2.857142857142857,6.480653285980225,6.48065185546875,6.480653285980225,6.480653285980225,0.4607201814651489,0.46174612641334534,-1.9558833837509155,-1.6255940198898315,0.0,0.0,0.0,0.0,nan,nan,-4.058082580566406,-4.058082580566406,-8.116165161132812,0.0,3.0924484729766846,0.3592566251754761,0.0,0.0,0.0,0.3592566251754761,0.0,3.0924484729766846,0.0,0.0,0.0,-0.39914700388908386,1.1188472509384155,2.8777015209198,0.0,0.0,0.0,0.0,3.0924484729766846,0.3592566251754761,0.0,0.0,0.0,0.3592566251754761,0.0,3.0924484729766846,-0.0,-0.0,-0.0,-0.3991469144821167,-1.1188477277755737,2.8777012825012207,0.0,0.0,0.0,4.470348358154297e-08,0.0,0.6000000238418579,-2.2351741790771484e-08,0.05600005388259888,0.5999999642372131,-5.960464477539063e-08,-0.055999934673309326,0.6000000238418579,-0.798293948173523,-4.76837158203125e-07,5.755402565002441,0.0,0.0,0.0,4.3213367462158203e-07,5.169235919311177e-07,9.499490261077881e-08,28.608068466186523,28.608068466186523,42.96128463745117,42.96128463745117,0.0,0.0,0.7453797459602356,0.7453797459602356,0.2546203136444092,0.2546203136444092,0.0,0.0,-0.8849338293075562,-0.8849338293075562,3.9773824214935303,3.9773824214935303,0.4343271851539612,0.4343271851539612,-0.010141059756278992,-0.010141059756278992,-0.0649295300245285,-0.0649295300245285,0.3592566251754761,0.3592566251754761,0.5036630034446716,0.5036630034446716,-0.2977866530418396,-0.2977866530418396,-0.035987257957458496,-0.035987257957458496,-37.43410873413086,-37.43410873413086,-28.651851654052734,-28.651851654052734,-13.651850700378418,-13.651850700378418,15.000000953674316,15.000000953674316,1.0,0.02,180.0
71,0.29583333333333334,0.4811975959624063,5.212748711343805,-311.38562280456625,0.4811975959624063,5.212748711343805,-311.38562280456625,6.9,-6.900000095367432,0.0,0.0,15.0,1,0.3,2.0,0.0,4.0,6.666666666666667,2.857142857142857,5.212747573852539,5.212747097015381,5.212749004364014,5.212749004364014,0.4803520441055298,0.481324166059494,-2.8552470207214355,-2.5472819805145264,0.0,0.0,0.0,0.0,nan,nan,-5.545093059539795,-5.545093059539795,-11.09018611907959,0.0,4.138427257537842,0.2199210673570633,0.0,0.0,0.0,0.2199210673570633,0.0,4.138427257537842,0.0,0.0,0.0,-0.7763695120811462,1.5908963680267334,3.7471649646759033,0.0,0.0,0.0,0.0,4.138427257537842,0.2199210673570633,0.0,0.0,0.0,0.2199210673570633,0.0,4.138427257537842,-0.0,-0.0,-0.0,-0.7763693332672119,-1.5908970832824707,3.747164726257324,0.0,0.0,0.0,4.470348358154297e-08,0.0,0.6000000238418579,-1.1920928955078125e-07,0.05600002408027649,0.5999999642372131,-1.341104507446289e-07,-0.055999934673309326,0.6000000238418579,-1.552738904953003,-7.152557373046875e-07,7.494329452514648,0.0,0.0,0.0,4.470348358154297e-07,1.330528675680398e-06,1.0058283805847168e-07,26.185760498046875,26.185758590698242,38.593265533447266,38.59326171875,0.0,0.0,0.9079464077949524,0.9079464077949524,0.0920536071062088,0.0920536071062088,0.0,0.0,-0.03715229034423828,-0.03715229034423828,4.175579071044922,4.175579071044922,0.2875875234603882,0.2875875234603882,-0.0027369349263608456,-0.0027369349263608456,-0.0649295300245285,-0.0649295300245285,0.2199210673570633,0.2199210673570633,0.5030955076217651,0.5030955076217651,-0.2715335786342621,-0.2715335786342621,-0.009734176099300385,-0.009734176099300385,-30.110326766967773,-30.110326766967773,-24.432092666625977,-24.432092666625977,-9.43209171295166,-9.43209171295166,15.000000953674316,15.000000953674316,1.0,0.02,180.0
72,0.3,0.5001796042145626,3.890803824290708,-322.5286397771895,0.5001796042145626,3.890803824290708,-322.5286397771895,6.9,-6.900000095367432,0.0,0.0,15.0,1,0.3,2.0,0.0,4.0,6.666666666666667,2.857142857142857,3.890803098678589,3.8908026218414307,3.8908040523529053,3.890803575515747,0.4945795238018036,0.49548742175102234,-3.7246460914611816,-3.442434787750244,0.0,0.0,0.0,0.0,nan,nan,-5.833475112915039,-5.833475112915039,-11.666950225830078,0.0,5.179935932159424,0.14012019336223602,0.0,0.0,0.0,0.14012019336223602,0.0,5.179935932159424,0.0,0.0,0.0,-1.0922942161560059,2.0816802978515625,4.617886066436768,0.0,0.0,0.0,0.0,5.179935932159424,0.14012019336223602,0.0,0.0,0.0,0.14012019336223602,0.0,5.179935932159424,-0.0,-0.0,-0.0,-1.092293620109558,-2.0816810131073,4.617885589599609,0.0,0.0,0.0,4.470348358154297e-08,0.0,0.6000000238418579,-3.725290298461914e-08,0.05600002408027649,0.6000000238418579,-8.940696716308594e-08,-0.055999934673309326,0.6000000238418579,-2.1845879554748535,-7.152557373046875e-07,9.235771179199219,0.0,0.0,0.0,4.470348358154297e-07,9.977719628295745e-07,2.384185791015625e-07,23.514842987060547,23.51483917236328,33.43632507324219,33.436317443847656,0.0,0.0,1.0,1.0,0.0,0.0,0.0,0.0,0.8549324870109558,0.8549324870109558,4.325003623962402,4.325003623962402,0.19999819993972778,0.19999819993972778,0.005051526241004467,0.005051526241004467,-0.0649295300245285,-0.0649295300245285,0.14012019336223602,0.14012019336223602,0.5025023818016052,0.5025023818016052,-0.24358756840229034,-0.24358756840229034,0.018211832270026207,0.018211832270026207,-22.474393844604492,-22.474393844604492,-20.02598762512207,-20.02598762512207,-5.0259881019592285,-5.0259881019592285,15.000000953674316,15.000000953674316,1.0,0.02,180.0
73,0.30416666666666664,0.5135674245901429,2.5301555775429923,-329.95534566165173,0.5135674245901429,2.5301555775429923,-329.95534566165173,6.9,-6.900000095367432,0.0,0.0,15.0,1,0.3,2.0,0.0,4.0,6.666666666666667,2.857142857142857,2.5301547050476074,2.530156135559082,2.530155897140503,2.530155897140503,0.5032612085342407,0.5040952563285828,-4.554682731628418,-4.301354885101318,0.0,0.0,0.0,0.0,nan,nan,-4.882465839385986,-4.882465839385986,-9.764931678771973,0.0,6.208927154541016,0.13018809258937836,0.0,0.0,0.0,0.13018809258937836,0.0,6.208927154541016,0.0,0.0,0.0,-1.3369801044464111,2.5710949897766113,5.4926934242248535,0.0,0.0,0.0,0.0,6.208927154541016,0.13018809258937836,0.0,0.0,0.0,0.13018809258937836,0.0,6.208927154541016,-0.0,-0.0,-0.0,-1.3369802236557007,-2.571096420288086,5.492692470550537,0.0,0.0,0.0,4.470348358154297e-08,0.0,0.6000000238418579,-7.450580596923828e-08,0.05600002408027649,0.5999999642372131,5.960464477539063e-08,-0.0559999942779541,0.6000000238418579,-2.6739602088928223,-1.430511474609375e-06,10.98538589477539,0.0,0.0,0.0,3.5762786865234375e-07,6.526228162329062e-07,-3.0547380447387695e-07,20.6237850189209,20.6237850189209,27.472145080566406,27.472145080566406,0.0,0.0,1.0,1.0,0.0,0.0,0.0,0.0,1.7843340635299683,1.7843340635299683,4.424593925476074,4.424593925476074,0.1819547861814499,0.1819547861814499,0.013162832707166672,0.013162832707166672,-0.0649295300245285,-0.0649295300245285,0.13018809258937836,0.13018809258937836,0.5018904209136963,0.5018904209136963,-0.21427689492702484,-0.21427689492702484,0.047522518783807755,0.047522518783807755,-14.61490249633789,-14.61490249633789,-15.484722137451172,-15.484722137451172,-0.48472145199775696,-0.48472145199775696,15.000000953674316,15.000000953674316,1.0,0.02,180.0
74,0.30833333333333335,0.5212322035041038,1.1463714488676233,-333.63385539157633,0.5212322035041038,1.1463714488676233,-333.63385539157633,6.9,-6.900000095367432,0.0,0.0,15.0,1,0.3,2.0,0.0,4.0,6.666666666666667,2.857142857142857,1.1463712453842163,1.1463711261749268,1.1463714838027954,1.1463714838027954,0.5063173770904541,0.5070690512657166,-5.336714744567871,-5.115072250366211,0.0,0.0,0.0,0.0,nan,nan,-2.697350025177002,-2.697350025177002,-5.394700050354004,0.0,7.219411373138428,0.19823582470417023,0.0,0.0,0.0,0.19823582470417023,0.0,7.219411373138428,0.0,0.0,0.0,-1.5033258199691772,3.03981351852417,6.376420974731445,0.0,0.0,0.0,0.0,7.219411373138428,0.19823582470417023,0.0,0.0,0.0,0.19823582470417023,0.0,7.219411373138428,-0.0,-0.0,-0.0,-1.5033255815505981,-3.0398144721984863,6.376420497894287,0.0,0.0,0.0,4.470348358154297e-08,0.0,0.6000000238418579,-1.1175870895385742e-07,0.05600002408027649,0.5999999642372131,-3.725290298461914e-08,-0.055999964475631714,0.6000000238418579,-3.0066514015197754,-9.5367431640625e-07,12.75284194946289,0.0,0.0,0.0,5.960464477539062e-07,1.6098624655569438e-06,-1.2665987014770508e-07,17.56870460510254,17.568702697753906,20.79827117919922,20.79827117919922,0.0,0.0,1.0,1.0,0.0,0.0,0.0,0.0,2.745490550994873,2.745490550994873,4.473920822143555,4.473920822143555,0.24161730706691742,0.24161730706691742,0.02154805138707161,0.02154805138707161,-0.0649295300245285,-0.0649295300245285,0.19823582470417023,0.19823582470417023,0.5012665390968323,0.5012665390968323,-0.18394142389297485,-0.18394142389297485,0.07785798609256744,0.07785798609256744,-6.621769428253174,-6.621769428253174,-10.860333442687988,-10.860333442687988,4.139666557312012,4.139666557312012,15.000000953674316,15.000000953674316,1.0,0.02,180.0
75,0.3125,0.5231100975023368,-0.24487127478491139,-333.2822333293142,0.5231100975023368,-0.24487127478491139,-333.2822333293142,6.9,-6.900000095367432,0.0,0.0,15.0,1,0.3,2.0,0.0,4.0,6.666666666666667,2.857142857142857,0.24487127363681793,0.24487122893333435,0.24487128853797913,0.24487127363681793,0.5037335157394409,0.5043947696685791,-6.062525272369385,-5.875013828277588,0.0,0.0,0.0,0.0,nan,nan,0.6774535179138184,0.6774535179138184,1.3549070358276367,0.0,8.203857421875,0.35038721561431885,0.0,0.0,0.0,0.35038721561431885,0.0,8.203857421875,0.0,0.0,0.0,-1.5857821702957153,3.4682915210723877,7.272021293640137,0.0,0.0,0.0,0.0,8.203857421875,0.35038721561431885,0.0,0.0,0.0,0.35038721561431885,0.0,8.203857421875,-0.0,-0.0,-0.0,-1.5857820510864258,-3.4682929515838623,7.2720208168029785,0.0,0.0,0.0,4.470348358154297e-08,0.0,0.6000000238418579,-2.9802322387695312e-08,0.05600002408027649,0.5999999642372131,-1.341104507446289e-07,-0.055999934673309326,0.5999999642372131,-3.1715641021728516,-1.430511474609375e-06,14.544042587280273,0.0,0.0,0.0,6.556510925292969e-07,2.0311863409006037e-06,5.066394805908203e-07,14.45451545715332,14.45451545715332,14.99219036102295,14.99219036102295,1.0,1.0,0.0,0.0,0.0,0.0,0.0,0.0,3.734652042388916,3.734652042388916,4.469205379486084,4.469205379486084,0.3851425051689148,0.3851425051689148,0.030174216255545616,0.030174216255545616,-0.0649295300245285,-0.0649295300245285,0.35038721561431885,0.35038721561431885,0.5004898309707642,0.5004898309707642,-0.1529034823179245,-0.1529034823179245,0.1088959202170372,0.1088959202170372,1.414446473121643,1.414446473121643,-6.204850196838379,-6.204850196838379,8.795149803161621,8.795149803161621,15.000000953674316,15.000000953674316,1.0,0.02,180.0
76,0.31666666666666665,0.5192097307002433,-1.6235754427251765,-327.9049723392724,0.5192097307002433,-1.6235754427251765,-327.9049723392724,6.9,-6.900000095367432,0.0,0.0,15.0,1,0.3,2.0,0.0,4.0,6.666666666666667,2.857142857142857,1.6235754489898682,1.6235750913619995,1.6235755681991577,1.6235754489898682,0.4955846965312958,0.49614933133125305,-6.721480846405029,-6.570024490356445,0.0,0.0,0.0,0.0,nan,nan,5.135505199432373,5.135505199432373,10.271010398864746,0.0,9.143051147460938,0.5898334383964539,0.0,0.0,0.0,0.5898334383964539,0.0,9.143051147460938,0.0,0.0,0.0,-1.5786701440811157,3.8330020904541016,8.170629501342773,0.0,0.0,0.0,0.0,9.143051147460938,0.5898334383964539,0.0,0.0,0.0,0.5898334383964539,0.0,9.143051147460938,-0.0,-0.0,-0.0,-1.5786700248718262,-3.8330023288726807,8.170629501342773,0.0,0.0,0.0,4.470348358154297e-08,0.0,0.6000000238418579,7.450580596923828e-09,0.0559999942779541,0.6000000238418579,-7.450580596923828e-08,-0.055999964475631714,0.5999999642372131,-3.1573400497436523,-2.384185791015625e-07,16.341259002685547,0.0,0.0,0.0,0.0,1.372490714857122e-06,3.650784492492676e-07,11.52029800415039,11.52029800415039,14.948271751403809,14.948271751403809,1.0,1.0,0.0,0.0,0.0,0.0,0.0005239031161181629,0.0005239031161181629,4.74778938293457,4.74778938293457,4.397098541259766,4.397098541259766,0.616627037525177,0.616627037525177,0.03900608420372009,0.03900608420372009,-0.0649295300245285,-0.0649295300245285,0.5898334383964539,0.5898334383964539,0.49902892112731934,0.49902892112731934,-0.12151101976633072,-0.12151101976633072,0.14028838276863098,0.14028838276863098,9.378235816955566,9.378235816955566,-1.5836575031280518,-1.5836575031280518,13.416342735290527,13.416342735290527,15.000000953674316,15.000000953674316,1.0,0.02,180.0
77,0.3208333333333333,0.5096216873243983,-2.9725868500583448,-319.06653051967004,0.5096216873243983,-2.9725868500583448,-319.06653051967004,6.9,-6.900000095367432,0.0,0.0,15.0,1,0.3,2.0,0.0,4.0,6.666666666666667,2.857142857142857,2.9725871086120605,2.9725863933563232,2.9725868701934814,2.9725871086120605,0.482054203748703,0.4825165867805481,-7.299232006072998,-7.185161113739014,0.0,0.0,0.0,0.0,nan,nan,10.3814058303833,10.3814058303833,20.7628116607666,0.0,9.96475887298584,0.872281551361084,0.0,0.0,0.0,0.872281551361084,0.0,9.96475887298584,0.0,0.0,0.0,-1.5091884136199951,4.090551853179932,9.002613067626953,0.0,0.0,0.0,0.0,9.96475887298584,0.872281551361084,0.0,0.0,0.0,0.872281551361084,0.0,9.96475887298584,-0.0,-0.0,-0.0,-1.5091866254806519,-4.090552806854248,9.002613067626953,0.0,0.0,0.0,4.470348358154297e-08,0.0,0.6000000238418579,0.0,0.05600002408027649,0.6000000238418579,-6.705522537231445e-08,-0.055999964475631714,0.6000000238418579,-3.0183749198913574,-9.5367431640625e-07,18.005226135253906,0.0,0.0,0.0,5.364418029785156e-07,1.4085685506870504e-06,4.6193599700927734e-07,9.443628311157227,9.443621635437012,14.904876708984375,14.904876708984375,1.0,1.0,0.0,0.0,0.0,0.0,0.023084618151187897,0.023084618151187897,5.774835109710693,5.774835109710693,4.27857780456543,4.27857780456543,0.9359126091003418,0.9359126091003418,0.047956012189388275,0.047956012189388275,-0.0649295300245285,-0.0649295300245285,0.872281551361084,0.872281551361084,0.49759095907211304,0.49759095907211304,-0.09028396755456924,-0.09028396755456924,0.17151544988155365,0.17151544988155365,17.17051124572754,17.17051124572754,2.9434752464294434,2.9434752464294434,17.9434757232666,17.9434757232666,15.000000953674316,15.000000953674316,1.0,0.02,180.0
78,0.325,0.49449918708188145,-4.277920759328275,-306.98038916647386,0.49449918708188145,-4.277920759328275,-306.98038916647386,6.9,-6.900000095367432,0.0,0.0,15.0,1,0.3,2.0,0.0,4.0,6.666666666666667,2.857142857142857,4.277921199798584,4.277919769287109,4.277920722961426,4.277920722961426,0.4638550281524658,0.46420708298683167,-7.706924915313721,-7.629501819610596,0.0,0.0,0.0,0.0,nan,nan,14.329689025878906,14.329689025878906,28.659378051757812,0.0,9.891395568847656,0.8528445363044739,0.0,0.0,0.0,0.8528445363044739,0.0,9.891395568847656,0.0,0.0,0.0,-1.5262730121612549,3.9235799312591553,8.991277694702148,0.0,0.0,0.0,0.0,9.891395568847656,0.8528445363044739,0.0,0.0,0.0,0.8528445363044739,0.0,9.891395568847656,-0.0,-0.0,-0.0,-1.526272177696228,-3.923581600189209,8.991275787353516,0.0,0.0,0.0,4.470348358154297e-08,0.0,0.6000000238418579,-5.960464477539063e-08,0.05600002408027649,0.5999999642372131,7.450580596923828e-09,-0.055999964475631714,0.6000000238418579,-3.0525450706481934,-1.6689300537109375e-06,17.982553482055664,0.0,0.0,0.0,8.940696716308594e-07,1.3637874189953436e-06,-1.2665987014770508e-07,9.026165962219238,9.026165962219238,14.862223625183105,14.86219596862793,1.0,1.0,0.0,0.0,0.0,0.0,0.2274339199066162,0.2274339199066162,6.8101582527160645,6.8101582527160645,4.116506576538086,4.116506576538086,1.3407800197601318,1.3407800197601318,0.05697518587112427,0.05697518587112427,-0.0649295300245285,-0.0649295300245285,0.8528445363044739,0.8528445363044739,0.49619168043136597,0.49619168043136597,-0.05956035852432251,-0.05956035852432251,0.2022390514612198,0.2022390514612198,24.710494995117188,24.710494995117188,7.3294291496276855,7.3294291496276855,22.329429626464844,22.329429626464844,15.000000953674316,15.000000953674316,1.0,0.02,180.0
79,0.32916666666666666,0.47405179167013684,-5.526529196975248,-291.88147620255387,0.47405179167013684,-5.526529196975248,-291.88147620255387,6.9,-6.900000095367432,0.0,0.0,15.0,1,0.3,2.0,0.0,4.0,6.666666666666667,2.857142857142857,5.526528358459473,5.526529312133789,5.526529788970947,5.526529788970947,0.4409134089946747,0.4411502778530121,-7.991164684295654,-7.950251579284668,0.0,0.0,0.0,0.0,nan,nan,17.586454391479492,17.586454391479492,35.172908782958984,0.0,9.385650634765625,0.541278600692749,0.0,0.0,0.0,0.541278600692749,0.0,9.385650634765625,0.0,0.0,0.0,-1.7263001203536987,3.5460331439971924,8.533987998962402,0.0,0.0,0.0,0.0,9.385650634765625,0.541278600692749,0.0,0.0,0.0,0.541278600692749,0.0,9.385650634765625,-0.0,-0.0,-0.0,-1.7262991666793823,-3.546034812927246,8.533987998962402,0.0,0.0,0.0,4.470348358154297e-08,0.0,0.6000000238418579,-7.450580596923828e-08,0.0559999942779541,0.5999999642372131,1.4901161193847656e-08,-0.0559999942779541,0.6000000238418579,-3.452599287033081,-1.6689300537109375e-06,17.067975997924805,0.0,0.0,0.0,2.086162567138672e-07,1.3745587921221158e-06,-2.682209014892578e-07,9.793425559997559,9.793423652648926,18.98111343383789,18.98111343383789,0.9378688335418701,0.9378688335418701,0.06213124841451645,0.06213124841451645,0.0,0.0,0.5079392194747925,0.5079392194747925,7.846696376800537,7.846696376800537,3.9140350818634033,3.9140350818634033,1.8260657787322998,1.8260657787322998,0.06600244343280792,0.06600244343280792,-0.0649295300245285,-0.0649295300245285,0.541278600692749,0.541278600692749,0.4948456585407257,0.4948456585407257,-0.02966194786131382,-0.02966194786131382,0.23213745653629303,0.23213745653629303,31.92281150817871,31.92281150817871,11.53018856048584,11.53018856048584,26.530189514160156,26.530189514160156,15.000000953674316,15.000000953674316,1.0,0.02,180.0
80,0.3333333333333333,0.4485413327851371,-6.70637669199161,-274.01976687678854,0.4485413327851371,-6.70637669199161,-274.01976687678854,6.9,-6.900000095367432,0.0,0.0,15.0,1,0.3,2.0,0.0,4.0,6.666666666666667,2.857142857142857,6.706376552581787,6.706376552581787,6.706376552581787,6.706376552581787,0.4127028286457062,0.41282713413238525,-8.279794692993164,-8.277471542358398,0.0,0.0,0.0,0.0,nan,nan,22.635984420776367,22.635984420776367,45.271968841552734,0.0,9.650717735290527,0.4233359098434448,0.0,0.0,0.0,0.4233359098434448,0.0,9.650717735290527,0.0,0.0,0.0,-1.9270620346069336,3.417072057723999,8.82754898071289,0.0,0.0,0.0,0.0,9.650717735290527,0.4233359098434448,0.0,0.0,0.0,0.4233359098434448,0.0,9.650717735290527,-0.0,-0.0,-0.0,-1.927061676979065,-3.4170732498168945,8.827548027038574,0.0,0.0,0.0,4.470348358154297e-08,0.0,0.6000000238418579,4.470348358154297e-08,0.05600005388259888,0.6000000238418579,-1.4901161193847656e-08,-0.0559999942779541,0.6000000238418579,-3.854123592376709,-1.1920928955078125e-06,17.65509796142578,0.0,0.0,0.0,5.960464477539062e-07,5.261628643893346e-07,3.3527612686157227e-07,11.085057258605957,11.08505630493164,24.667936325073242,24.667936325073242,0.8122940063476562,0.8122940063476562,0.18770600855350494,0.18770600855350494,0.0,0.0,0.6212068796157837,0.6212068796157837,8.875673294067383,8.875673294067383,3.674515724182129,3.674515724182129,2.383326292037964,2.383326292037964,0.07496178150177002,0.07496178150177002,-0.0649295300245285,-0.0649295300245285,0.4233359098434448,0.4233359098434448,0.4935669004917145,0.4935669004917145,-0.0008915892103686929,-0.0008915892103686929,0.2609078288078308,0.2609078288078308,38.73794937133789,38.73794937133789,15.50510025024414,15.50510025024414,30.50510025024414,30.50510025024414,15.000000953674316,15.000000953674316,1.0,0.02,180.0
81,0.3375,0.41827757849235286,-7.80649087589275,-253.65464143589423,0.41827757849235286,-7.80649087589275,-253.65464143589423,6.9,-6.900000095367432,0.0,0.0,15.0,1,0.3,2.0,0.0,4.0,6.666666666666667,2.857142857142857,7.806491851806641,7.806490898132324,7.806490898132324,7.806490898132324,0.3800063729286194,0.380018413066864,-8.498688697814941,-8.535215377807617,0.0,0.0,0.0,0.0,nan,nan,28.230865478515625,28.230865478515625,56.46173095703125,0.0,10.018604278564453,0.32163727283477783,0.0,0.0,0.0,0.32163727283477783,0.0,10.018604278564453,0.0,0.0,0.0,-2.1410138607025146,3.2621917724609375,9.233095169067383,0.0,0.0,0.0,0.0,10.018604278564453,0.32163727283477783,0.0,0.0,0.0,0.32163727283477783,0.0,10.018604278564453,-0.0,-0.0,-0.0,-2.1410136222839355,-3.262193202972412,9.233095169067383,0.0,0.0,0.0,4.470348358154297e-08,0.0,0.6000000238418579,2.9802322387695312e-08,0.056000083684921265,0.5999999642372131,3.725290298461914e-08,-0.055999964475631714,0.6000000238418579,-4.282027244567871,-1.430511474609375e-06,18.466190338134766,0.0,0.0,0.0,1.3113021850585938e-06,3.3399010135326535e-07,2.384185791015625e-07,12.539770126342773,12.53977108001709,29.60386085510254,29.60386085510254,0.7038754224777222,0.7038754224777222,0.296124666929245,0.296124666929245,0.0,0.0,0.7068858742713928,0.7068858742713928,9.886560440063477,9.886560440063477,3.401425838470459,3.401425838470459,3.0006308555603027,3.0006308555603027,0.08376194536685944,0.08376194536685944,-0.0649295300245285,-0.0649295300245285,0.32163727283477783,0.32163727283477783,0.4923684597015381,0.4923684597015381,0.0264687892049551,0.0264687892049551,0.28826820850372314,0.28826820850372314,45.09252166748047,45.09252166748047,19.21704864501953,19.21704864501953,34.21704864501953,34.21704864501953,15.000000953674316,15.000000953674316,1.0,0.02,180.0
82,0.3416666666666667,0.3836137357738529,-8.816991353726122,-231.0501119351893,0.3836137357738529,-8.816991353726122,-231.0501119351893,6.9,-6.900000095367432,0.0,0.0,15.0,1,0.3,2.0,0.0,4.0,6.666666666666667,2.857142857142857,8.81699275970459,8.816991806030273,8.816990852355957,8.816990852355957,0.34317752718925476,0.3430788815021515,-8.649809837341309,-8.725116729736328,0.0,0.0,0.0,0.0,nan,nan,34.250343322753906,34.250343322753906,68.50068664550781,0.0,10.514697074890137,0.2753300070762634,0.0,0.0,0.0,0.2753300070762634,0.0,10.514697074890137,0.0,0.0,0.0,-2.3363094329833984,3.077117681503296,9.783029556274414,0.0,0.0,0.0,0.0,10.514697074890137,0.2753300070762634,0.0,0.0,0.0,0.2753300070762634,0.0,10.514697074890137,-0.0,-0.0,-0.0,-2.336308717727661,-3.077119827270508,9.783028602600098,0.0,0.0,0.0,4.470348358154297e-08,0.0,0.6000000238418579,2.2351741790771484e-08,0.056000083684921265,0.5999999642372131,-7.450580596923828e-09,-0.055999934673309326,0.6000000238418579,-4.6726179122924805,-2.1457672119140625e-06,19.566059112548828,0.0,0.0,0.0,1.7285346984863281e-06,8.681473673277651e-07,4.76837158203125e-07,13.974977493286133,13.974982261657715,33.76823806762695,33.76823806762695,0.6335949301719666,0.6335949301719666,0.366405189037323,0.366405189037323,0.0,0.0,0.7501851320266724,0.7501851320266724,10.867254257202148,10.867254257202148,3.09830641746521,3.09830641746521,3.6625723838806152,3.6625723838806152,0.09229797124862671,0.09229797124862671,-0.0649295300245285,-0.0649295300245285,0.2753300070762634,0.2753300070762634,0.49126243591308594,0.49126243591308594,0.05215955898165703,0.05215955898165703,0.3139589726924896,0.3139589726924896,50.929466247558594,50.929466247558594,22.632570266723633,22.632570266723633,37.632572174072266,37.632572174072266,15.000000953674316,15.000000953674316,1.0,0.02,180.0
83,0.3458333333333333,0.3449418720200433,-9.729100610756749,-206.4709774655944,0.3449418720200433,-9.729100610756749,-206.4709774655944,6.9,-6.900000095367432,0.0,0.0,15.0,1,0.3,2.0,0.0,4.0,6.666666666666667,2.857142857142857,9.729097366333008,9.72909927368164,9.729101181030273,9.729101181030273,0.3027077615261078,0.30250051617622375,-8.71942138671875,-8.832802772521973,0.0,0.0,0.0,0.0,nan,nan,40.31437683105469,40.31437683105469,80.62875366210938,0.0,11.011713027954102,0.24459746479988098,0.0,0.0,0.0,0.24459746479988098,0.0,11.011713027954102,0.0,0.0,0.0,-2.5192081928253174,2.8130605220794678,10.346879959106445,0.0,0.0,0.0,0.0,11.011713027954102,0.24459746479988098,0.0,0.0,0.0,0.24459746479988098,0.0,11.011713027954102,-0.0,-0.0,-0.0,-2.5192081928253174,-2.8130626678466797,10.346879959106445,0.0,0.0,0.0,4.470348358154297e-08,0.0,0.6000000238418579,-1.341104507446289e-07,0.0559999942779541,0.5999999642372131,-2.9802322387695312e-08,-0.055999964475631714,0.6000000238418579,-5.038416385650635,-2.1457672119140625e-06,20.69375991821289,0.0,0.0,0.0,4.76837158203125e-07,2.7712253540812526e-06,-2.2351741790771484e-07,15.298670768737793,15.29867172241211,37.21574020385742,37.21574020385742,0.5911480784416199,0.5911480784416199,0.39665621519088745,0.39665621519088745,0.012195754796266556,0.012195754796266556,0.7792512774467468,0.7792512774467468,11.804426193237305,11.804426193237305,2.7687084674835205,2.7687084674835205,4.350558280944824,4.350558280944824,0.10045426338911057,0.10045426338911057,-0.0649295300245285,-0.0649295300245285,0.24459746479988098,0.24459746479988098,0.49025970697402954,0.49025970697402954,0.07594436407089233,0.07594436407089233,0.33774375915527344,0.33774375915527344,56.198062896728516,56.198062896728516,25.721887588500977,25.721887588500977,40.72188949584961,40.72188949584961,15.000000953674316,15.000000953674316,1.0,0.02,180.0
84,0.35,0.3026883221586447,-10.535140865876011,-180.17992014688463,0.3026883221586447,-10.535140865876011,-180.17992014688463,6.9,-6.900000095367432,0.0,0.0,15.0,1,0.3,2.0,0.0,4.0,6.666666666666667,2.857142857142857,10.535137176513672,10.535137176513672,10.535140037536621,10.535140991210938,0.2590455114841461,0.2587326765060425,-8.706408500671387,-8.85677719116211,0.0,0.0,0.0,0.0,nan,nan,46.1718635559082,46.1718635559082,92.3437271118164,0.0,11.491409301757812,0.23290809988975525,0.0,0.0,0.0,0.23290809988975525,0.0,11.491409301757812,0.0,0.0,0.0,-2.6800622940063477,2.4636855125427246,10.902029991149902,0.0,0.0,0.0,0.0,11.491409301757812,0.23290809988975525,0.0,0.0,0.0,0.23290809988975525,0.0,11.491409301757812,-0.0,-0.0,-0.0,-2.680061101913452,-2.4636878967285156,10.902029037475586,0.0,0.0,0.0,4.470348358154297e-08,0.0,0.6000000238418579,-1.6391277313232422e-07,0.05600002408027649,0.5999999642372131,-1.4901161193847656e-07,-0.05599990487098694,0.6000000238418579,-5.360123634338379,-2.384185791015625e-06,21.804058074951172,0.0,0.0,0.0,1.4901161193847656e-06,4.545972387859365e-06,3.5762786865234375e-07,16.46646499633789,16.466468811035156,40.024139404296875,40.024147033691406,0.5486653447151184,0.5486653447151184,0.3981969356536865,0.3981969356536865,0.05313779413700104,0.05313779413700104,0.7938439249992371,0.7938439249992371,12.684005737304688,12.684005737304688,2.4161536693573,2.4161536693573,5.043400287628174,5.043400287628174,0.10810864716768265,0.10810864716768265,-0.0649295300245285,-0.0649295300245285,0.23290809988975525,0.23290809988975525,0.48937010765075684,0.48937010765075684,0.09761078655719757,0.09761078655719757,0.35941019654273987,0.35941019654273987,60.85398864746094,60.85398864746094,28.45892333984375,28.45892333984375,43.45892333984375,43.45892333984375,15.000000953674316,15.000000953674316,1.0,0.02,180.0
85,0.3541666666666667,0.2573091318198155,-11.228520748067623,-152.43551432976514,0.2573091318198155,-11.228520748067623,-152.43551432976514,6.9,-6.900000095367432,0.0,0.0,15.0,1,0.3,2.0,0.0,4.0,6.666666666666667,2.857142857142857,11.228517532348633,11.22851848602295,11.228520393371582,11.228519439697266,0.21273046731948853,0.2123153805732727,-8.599937438964844,-8.785602569580078,0.0,0.0,0.0,0.0,nan,nan,51.439231872558594,51.439231872558594,102.87846374511719,0.0,11.838747024536133,0.19385138154029846,0.0,0.0,0.0,0.19385138154029846,0.0,11.838747024536133,0.0,0.0,0.0,-2.8323142528533936,2.0109786987304688,11.319339752197266,0.0,0.0,0.0,0.0,11.838747024536133,0.19385138154029846,0.0,0.0,0.0,0.19385138154029846,0.0,11.838747024536133,-0.0,-0.0,-0.0,-2.8323137760162354,-2.010981321334839,11.319339752197266,0.0,0.0,0.0,4.470348358154297e-08,0.0,0.6000000238418579,-5.21540641784668e-08,0.05600005388259888,0.6000000238418579,-6.705522537231445e-08,-0.0559999942779541,0.6000000238418579,-5.664628028869629,-2.6226043701171875e-06,22.63867950439453,0.0,0.0,0.0,7.152557373046875e-07,2.3613984012627043e-06,2.2351741790771484e-07,17.460119247436523,17.460119247436523,42.27157974243164,42.27157974243164,0.5203555822372437,0.5203555822372437,0.38759085536003113,0.38759085536003113,0.0920536071062088,0.0920536071062088,0.8231391906738281,0.8231391906738281,13.491703033447266,13.491703033447266,2.0441102981567383,2.0441102981567383,5.718144416809082,5.718144416809082,0.11513703316450119,0.11513703316450119,-0.0649295300245285,-0.0649295300245285,0.19385138154029846,0.19385138154029846,0.4886021614074707,0.4886021614074707,0.11697041988372803,0.11697041988372803,0.37876981496810913,0.37876981496810913,64.85914611816406,64.85914611816406,30.821195602416992,30.821195602416992,45.82119369506836,45.82119369506836,15.000000953674316,15.000000953674316,1.0,0.02,180.0
86,0.35833333333333334,0.20928557111679677,-11.803715486577552,-123.4910888605369,0.20928557111679677,-11.803715486577552,-123.4910888605369,6.9,-6.900000095367432,0.0,0.0,15.0,1,0.3,2.0,0.0,4.0,6.666666666666667,2.857142857142857,11.803716659545898,11.80371379852295,11.803715705871582,11.803715705871582,0.1641571819782257,0.1636449098587036,-8.416622161865234,-8.63587474822998,0.0,0.0,0.0,0.0,nan,nan,56.04449462890625,56.04449462890625,112.0889892578125,0.0,12.185483932495117,0.2004973590373993,0.0,0.0,0.0,0.2004973590373993,0.0,12.185483932495117,0.0,0.0,0.0,-2.936466932296753,1.4910246133804321,11.733721733093262,0.0,0.0,0.0,0.0,12.185483932495117,0.2004973590373993,0.0,0.0,0.0,0.2004973590373993,0.0,12.185483932495117,-0.0,-0.0,-0.0,-2.9364664554595947,-1.4910271167755127,11.733721733093262,0.0,0.0,0.0,4.470348358154297e-08,0.0,0.6000000238418579,2.2351741790771484e-08,0.05600005388259888,0.5999999642372131,-5.960464477539063e-08,-0.055999934673309326,0.6000000238418579,-5.872933387756348,-2.5033950805664062e-06,23.467443466186523,0.0,0.0,0.0,1.4901161193847656e-06,1.661218789195118e-06,4.917383193969727e-07,18.276180267333984,18.276180267333984,44.02679443359375,44.02680206298828,0.4920608103275299,0.4920608103275299,0.3822701573371887,0.3822701573371887,0.12566909193992615,0.12566909193992615,0.8231391906738281,0.8231391906738281,14.21357536315918,14.21357536315918,1.655975103378296,1.655975103378296,6.351128101348877,6.351128101348877,0.12141828238964081,0.12141828238964081,-0.0649295300245285,-0.0649295300245285,0.2004973590373993,0.2004973590373993,0.4879632294178009,0.4879632294178009,0.1338590532541275,0.1338590532541275,0.3956584930419922,0.3956584930419922,68.181640625,68.181640625,32.789852142333984,32.789852142333984,47.789852142333984,47.789852142333984,15.000000953674316,15.000000953674316,1.0,0.02,180.0
87,0.3625,0.15911973884139569,-12.256243998854986,-93.59435669757175,0.15911973884139569,-12.256243998854986,-93.59435669757175,6.9,-6.900000095367432,0.0,0.0,15.0,1,0.3,2.0,0.0,4.0,6.666666666666667,2.857142857142857,12.256243705749512,12.256239891052246,12.256244659423828,12.256244659423828,0.1139337345957756,0.1133294478058815,-8.142325401306152,-8.392788887023926,0.0,0.0,0.0,0.0,nan,nan,59.5822639465332,59.5822639465332,119.1645278930664,0.0,12.373571395874023,0.1812431365251541,0.0,0.0,0.0,0.1812431365251541,0.0,12.373571395874023,0.0,0.0,0.0,-3.019030809402466,0.8963288068771362,11.967462539672852,0.0,0.0,0.0,0.0,12.373571395874023,0.1812431365251541,0.0,0.0,0.0,0.1812431365251541,0.0,12.373571395874023,-0.0,-0.0,-0.0,-3.0190303325653076,-0.8963311910629272,11.967462539672852,0.0,0.0,0.0,4.470348358154297e-08,0.0,0.6000000238418579,0.0,0.05600005388259888,0.6000000238418579,-8.940696716308594e-08,-0.055999964475631714,0.6000000238418579,-6.038061141967773,-2.384185791015625e-06,23.934925079345703,0.0,0.0,0.0,1.0728836059570312e-06,2.139949174306821e-06,3.725290298461914e-07,18.9201602935791,18.920162200927734,45.3458137512207,45.34581756591797,0.47791728377342224,0.47791728377342224,0.37236490845680237,0.37236490845680237,0.14971785247325897,0.14971785247325897,0.8378353118896484,0.8378353118896484,14.836554527282715,14.836554527282715,1.2550697326660156,1.2550697326660156,6.919134140014648,6.919134140014648,0.12683884799480438,0.12683884799480438,-0.0649295300245285,-0.0649295300245285,0.1812431365251541,0.1812431365251541,0.48745936155319214,0.48745936155319214,0.14813630282878876,0.14813630282878876,0.40993574261665344,0.40993574261665344,70.79557037353516,70.79557037353516,34.349517822265625,34.349517822265625,49.349517822265625,49.349517822265625,15.000000953674316,15.000000953674316,1.0,0.02,180.0
88,0.36666666666666664,0.10733026357673744,-12.582645860778921,-62.98770692082094,0.10733026357673744,-12.582645860778921,-62.98770692082094,6.9,-6.900000095367432,0.0,0.0,15.0,1,0.3,2.0,0.0,4.0,6.666666666666667,2.857142857142857,12.582643508911133,12.582645416259766,12.582646369934082,12.582646369934082,0.06254824250936508,0.06185824051499367,-7.784857749938965,-8.063956260681152,0.0,0.0,0.0,0.0,nan,nan,61.92707824707031,61.92707824707031,123.85415649414062,0.0,12.44205093383789,0.1609424650669098,0.0,0.0,0.0,0.1609424650669098,0.0,12.44205093383789,0.0,0.0,0.0,-3.0640859603881836,0.25769174098968506,12.05717658996582,0.0,0.0,0.0,0.0,12.44205093383789,0.1609424650669098,0.0,0.0,0.0,0.1609424650669098,0.0,12.44205093383789,-0.0,-0.0,-0.0,-3.064086675643921,-0.2576945722103119,12.05717658996582,0.0,0.0,0.0,4.470348358154297e-08,0.0,0.6000000238418579,-1.4156103134155273e-07,0.05600002408027649,0.5999999642372131,1.4901161193847656e-08,-0.055999964475631714,0.6000000238418579,-6.128172874450684,-2.8312206268310547e-06,24.11435317993164,0.0,0.0,0.0,7.152557373046875e-07,2.7877897537109675e-06,1.043081283569336e-07,19.405193328857422,19.40519142150879,46.27138137817383,46.2713737487793,0.4637744426727295,0.4637744426727295,0.3740755319595337,0.3740755319595337,0.1621500849723816,0.1621500849723816,0.852557361125946,0.852557361125946,15.348952293395996,15.348952293395996,0.8446445465087891,0.8446445465087891,7.400598526000977,7.400598526000977,0.13129714131355286,0.13129714131355286,-0.0649295300245285,-0.0649295300245285,0.1609424650669098,0.1609424650669098,0.4870952367782593,0.4870952367782593,0.15968547761440277,0.15968547761440277,0.4214848577976227,0.4214848577976227,72.68096160888672,72.68096160888672,35.48822784423828,35.48822784423828,50.48822784423828,50.48822784423828,15.000000953674316,15.000000953674316,1.0,0.02,180.0
89,0.37083333333333335,0.054448096750291684,-12.78046067556393,-31.909040298037556,0.054448096750291684,-12.78046067556393,-31.909040298037556,6.9,-6.900000095367432,0.0,0.0,15.0,1,0.3,2.0,0.0,4.0,6.666666666666667,2.857142857142857,12.7804594039917,12.780457496643066,12.780460357666016,12.780460357666016,0.010498402640223503,0.009729951620101929,-7.352553844451904,-7.657532691955566,0.0,0.0,0.0,0.0,nan,nan,62.99628448486328,62.99628448486328,125.99256896972656,0.0,12.429642677307129,0.16334268450737,0.0,0.0,0.0,0.16334268450737,0.0,12.429642677307129,0.0,0.0,0.0,-3.0575826168060303,-0.39978110790252686,12.0421781539917,0.0,0.0,0.0,0.0,12.429642677307129,0.16334268450737,0.0,0.0,0.0,0.16334268450737,0.0,12.429642677307129,-0.0,-0.0,-0.0,-3.0575830936431885,0.39977845549583435,12.0421781539917,0.0,0.0,0.0,4.470348358154297e-08,0.0,0.6000000238418579,-4.470348358154297e-08,0.05600005388259888,0.5999999642372131,-1.4901161193847656e-08,-0.055999964475631714,0.6000000238418579,-6.115165710449219,-2.652406692504883e-06,24.0843563079834,0.0,0.0,0.0,1.0728836059570312e-06,1.976670546355308e-06,2.384185791015625e-07,19.761825561523438,19.761821746826172,46.83353042602539,46.83352279663086,0.4637744426727295,0.4637744426727295,0.36140501499176025,0.36140501499176025,0.17482061684131622,0.17482061684131622,0.852557361125946,0.852557361125946,15.740886688232422,15.740886688232422,0.42788976430892944,0.42788976430892944,7.77675724029541,7.77675724029541,0.1347072422504425,0.1347072422504425,-0.0649295300245285,-0.0649295300245285,0.16334268450737,0.16334268450737,0.4868743121623993,0.4868743121623993,0.16841314733028412,0.16841314733028412,0.4302125573158264,0.4302125573158264,73.8235855102539,73.8235855102539,36.1973991394043,36.1973991394043,51.1973991394043,51.1973991394043,15.000000953674316,15.000000953674316,1.0,0.02,180.0
90,0.375,0.0010123832293701587,-12.848211841284137,-0.5930200367629769,0.0010123832293701587,-12.848211841284137,-0.5930200367629769,6.9,-6.900000095367432,0.0,0.0,15.0,1,0.3,2.0,0.0,4.0,6.666666666666667,2.857142857142857,12.848212242126465,12.8482084274292,12.848212242126465,12.848212242126465,-0.0416523702442646,-0.042491499334573746,-6.844570159912109,-7.172308921813965,0.0,0.0,0.0,0.0,nan,nan,62.66896057128906,62.66896057128906,125.33792114257812,0.0,12.285872459411621,0.16498099267482758,0.0,0.0,0.0,0.16498099267482758,0.0,12.285872459411621,0.0,0.0,0.0,-3.008809804916382,-1.050446629524231,11.866486549377441,0.0,0.0,0.0,0.0,12.285872459411621,0.16498099267482758,0.0,0.0,0.0,0.16498099267482758,0.0,12.285872459411621,-0.0,-0.0,-0.0,-3.0088093280792236,1.0504437685012817,11.866486549377441,0.0,0.0,0.0,4.470348358154297e-08,0.0,0.6000000238418579,-5.960464477539063e-08,0.05600005388259888,0.6000000238418579,-4.470348358154297e-08,-0.055999964475631714,0.5999999642372131,-6.0176191329956055,-2.86102294921875e-06,23.732973098754883,0.0,0.0,0.0,1.1324882507324219e-06,2.4780565581750125e-06,3.129243850708008e-07,19.985069274902344,19.985069274902344,47.05048751831055,47.05049133300781,0.4637744426727295,0.4637744426727295,0.34851959347724915,0.34851959347724915,0.18770600855350494,0.18770600855350494,0.852557361125946,0.852557361125946,16.00464630126953,16.00464630126953,0.00795220397412777,0.00795220397412777,8.032670974731445,8.032670974731445,0.1370021104812622,0.1370021104812622,-0.0649295300245285,-0.0649295300245285,0.16498099267482758,0.16498099267482758,0.48679861426353455,0.48679861426353455,0.17424894869327545,0.17424894869327545,0.43604835867881775,0.43604835867881775,74.21495056152344,74.21495056152344,36.471736907958984,36.471736907958984,51.471736907958984,51.471736907958984,15.000000953674316,15.000000953674316,1.0,0.02,180.0
91,0.37916666666666665,-0.052433612135017245,-12.78539616817605,30.72739681739375,-0.052433612135017245,-12.78539616817605,30.72739681739375,6.9,-6.900000095367432,0.0,0.0,15.0,1,0.3,2.0,0.0,4.0,6.666666666666667,2.857142857142857,12.785392761230469,12.785394668579102,12.785396575927734,12.785396575927734,-0.09337325394153595,-0.09427454322576523,-6.265973091125488,-6.6131110191345215,0.0,0.0,0.0,0.0,nan,nan,60.94751739501953,60.94751739501953,121.89503479003906,0.0,12.010482788085938,0.1658298373222351,0.0,0.0,0.0,0.1658298373222351,0.0,12.010482788085938,0.0,0.0,0.0,-2.9183549880981445,-1.6646902561187744,11.532181739807129,0.0,0.0,0.0,0.0,12.010482788085938,0.1658298373222351,0.0,0.0,0.0,0.1658298373222351,0.0,12.010482788085938,-0.0,-0.0,-0.0,-2.9183549880981445,1.6646878719329834,11.532181739807129,0.0,0.0,0.0,4.470348358154297e-08,0.0,0.6000000238418579,-1.1920928955078125e-07,0.05600002408027649,0.5999999642372131,-4.470348358154297e-08,-0.0559999942779541,0.6000000238418579,-5.836709976196289,-2.384185791015625e-06,23.064363479614258,0.0,0.0,0.0,2.384185791015625e-07,3.0952769520808943e-06,2.086162567138672e-07,20.051790237426758,20.051790237426758,46.92916488647461,46.92916488647461,0.4637744426727295,0.4637744426727295,0.34851959347724915,0.34851959347724915,0.18770600855350494,0.18770600855350494,0.852557361125946,0.852557361125946,16.13494873046875,16.13494873046875,-0.41204431653022766,-0.41204431653022766,8.158040046691895,8.158040046691895,0.1381358504295349,0.1381358504295349,-0.0649295300245285,-0.0649295300245285,0.1658298373222351,0.1658298373222351,0.48686879873275757,0.48686879873275757,0.17714528739452362,0.17714528739452362,0.43894466757774353,0.43894466757774353,73.85210418701172,73.85210418701172,36.30918502807617,36.30918502807617,51.30918502807617,51.30918502807617,15.000000953674316,15.000000953674316,1.0,0.02,180.0
92,0.3833333333333333,-0.1053465484745166,-12.5924802280067,61.81928550013167,-0.1053465484745166,-12.5924802280067,61.81928550013167,6.9,-6.900000095367432,0.0,0.0,15.0,1,0.3,2.0,0.0,4.0,6.666666666666667,2.857142857142857,12.592482566833496,12.592476844787598,12.592480659484863,12.592480659484863,-0.14413821697235107,-0.14509260654449463,-5.622603416442871,-5.985601425170898,0.0,0.0,0.0,0.0,nan,nan,57.906429290771484,57.906429290771484,115.81285858154297,0.0,11.606739044189453,0.16587448120117188,0.0,0.0,0.0,0.16587448120117188,0.0,11.606739044189453,0.0,0.0,0.0,-2.788639545440674,-2.2144112586975098,11.048247337341309,0.0,0.0,0.0,0.0,11.606739044189453,0.16587448120117188,0.0,0.0,0.0,0.16587448120117188,0.0,11.606739044189453,-0.0,-0.0,-0.0,-2.7886388301849365,2.2144083976745605,11.048248291015625,0.0,0.0,0.0,4.470348358154297e-08,0.0,0.6000000238418579,1.4901161193847656e-08,0.05600002408027649,0.5999999642372131,-4.470348358154297e-08,-0.055999964475631714,0.6000000238418579,-5.577278137207031,-2.86102294921875e-06,22.09649658203125,0.0,0.0,0.0,4.76837158203125e-07,1.4832696706434945e-06,7.450580596923828e-08,19.951101303100586,19.951101303100586,46.46555709838867,46.46555709838867,0.4637744426727295,0.4637744426727295,0.36140501499176025,0.36140501499176025,0.17482061684131622,0.17482061684131622,0.852557361125946,0.852557361125946,16.129148483276367,16.129148483276367,-0.8289764523506165,-0.8289764523506165,8.147781372070312,8.147781372070312,0.13808539509773254,0.13808539509773254,-0.0649295300245285,-0.0649295300245285,0.16587448120117188,0.16587448120117188,0.4870842695236206,0.4870842695236206,0.17707711458206177,0.17707711458206177,0.43887650966644287,0.43887650966644287,72.73776245117188,72.73776245117188,35.710960388183594,35.710960388183594,50.710960388183594,50.710960388183594,15.000000953674316,15.000000953674316,1.0,0.02,180.0
93,0.3875,-0.15718705230804111,-12.270903738081294,92.44807700099255,-0.15718705230804111,-12.270903738081294,92.44807700099255,6.9,-6.900000095367432,0.0,0.0,15.0,1,0.3,2.0,0.0,4.0,6.666666666666667,2.857142857142857,12.270902633666992,12.270898818969727,12.270903587341309,12.270903587341309,-0.19343017041683197,-0.19442787766456604,-4.92108678817749,-5.29621696472168,0.0,0.0,0.0,0.0,nan,nan,53.688777923583984,53.688777923583984,107.37755584716797,0.0,11.081392288208008,0.1651131808757782,0.0,0.0,0.0,0.1651131808757782,0.0,11.081392288208008,0.0,0.0,0.0,-2.623765707015991,-2.675006628036499,10.429991722106934,0.0,0.0,0.0,0.0,11.081392288208008,0.1651131808757782,0.0,0.0,0.0,0.1651131808757782,0.0,11.081392288208008,-0.0,-0.0,-0.0,-2.623765468597412,2.675004243850708,10.429991722106934,0.0,0.0,0.0,4.470348358154297e-08,0.0,0.6000000238418579,-1.1920928955078125e-07,0.05600002408027649,0.5999999642372131,-2.9802322387695312e-08,-0.0559999942779541,0.5999999642372131,-5.247530937194824,-2.384185791015625e-06,20.859983444213867,0.0,0.0,0.0,2.980232238769531e-07,2.799481080728583e-06,3.2782554626464844e-07,19.67452621459961,19.67452621459961,45.644561767578125,45.644561767578125,0.4637744426727295,0.4637744426727295,0.3740755319595337,0.3740755319595337,0.1621500849723816,0.1621500849723816,0.852557361125946,0.852557361125946,15.987314224243164,15.987314224243164,-1.2396984100341797,-1.2396984100341797,8.002314567565918,8.002314567565918,0.13685135543346405,0.13685135543346405,-0.0649295300245285,-0.0649295300245285,0.1651131808757782,0.1651131808757782,0.4874430000782013,0.4874430000782013,0.17404216527938843,0.17404216527938843,0.4358415901660919,0.4358415901660919,70.8802490234375,70.8802490234375,34.6815299987793,34.6815299987793,49.6815299987793,49.6815299987793,15.000000953674316,15.000000953674316,1.0,0.02,180.0
94,0.39166666666666666,-0.20742378935801908,-11.823089699279912,122.37601875387047,-0.20742378935801908,-11.823089699279912,122.37601875387047,6.9,-6.900000095367432,0.0,0.0,15.0,1,0.3,2.0,0.0,4.0,6.666666666666667,2.857142857142857,11.823090553283691,11.823084831237793,11.823089599609375,11.823089599609375,-0.24074460566043854,-0.24177542328834534,-4.168729305267334,-4.552136421203613,0.0,0.0,0.0,0.0,nan,nan,48.498291015625,48.498291015625,96.99658203125,0.0,10.444517135620117,0.16355745494365692,0.0,0.0,0.0,0.16355745494365692,0.0,10.444517135620117,0.0,0.0,0.0,-2.4292306900024414,-3.0270516872406006,9.697962760925293,0.0,0.0,0.0,0.0,10.444517135620117,0.16355745494365692,0.0,0.0,0.0,0.16355745494365692,0.0,10.444517135620117,-0.0,-0.0,-0.0,-2.429229974746704,3.0270493030548096,9.69796371459961,0.0,0.0,0.0,4.470348358154297e-08,0.0,0.6000000238418579,-4.470348358154297e-08,0.05600002408027649,0.5999999642372131,-5.960464477539063e-08,-0.055999934673309326,0.6000000238418579,-4.858460426330566,-2.384185791015625e-06,19.39592742919922,0.0,0.0,0.0,6.556510925292969e-07,2.023435172304744e-06,2.086162567138672e-07,19.21462631225586,19.214628219604492,44.43954849243164,44.43955612182617,0.47791728377342224,0.47791728377342224,0.3845343291759491,0.3845343291759491,0.13754841685295105,0.13754841685295105,0.852557361125946,0.852557361125946,15.712239265441895,15.712239265441895,-1.6410224437713623,-1.6410224437713623,7.727543354034424,7.727543354034424,0.13445809483528137,0.13445809483528137,-0.0649295300245285,-0.0649295300245285,0.16355745494365692,0.16355745494365692,0.4879416823387146,0.4879416823387146,0.16806085407733917,0.16806085407733917,0.42986026406288147,0.42986026406288147,68.29354858398438,68.29354858398438,33.22863006591797,33.22863006591797,48.228633880615234,48.228633880615234,15.000000953674316,15.000000953674316,1.0,0.02,180.0
95,0.3958333333333333,-0.25553759137250964,-11.252460427555704,151.360910803313,-0.25553759137250964,-11.252460427555704,151.360910803313,6.9,-6.900000095367432,0.0,0.0,15.0,1,0.3,2.0,0.0,4.0,6.666666666666667,2.857142857142857,11.252460479736328,11.252458572387695,11.252460479736328,11.252460479736328,-0.2855936884880066,-0.28664693236351013,-3.3734793663024902,-3.761206865310669,0.0,0.0,0.0,0.0,nan,nan,42.587158203125,42.587158203125,85.17431640625,0.0,9.709257125854492,0.16123174130916595,0.0,0.0,0.0,0.16123174130916595,0.0,9.709257125854492,0.0,0.0,0.0,-2.2115345001220703,-3.2576282024383545,8.876522064208984,0.0,0.0,0.0,0.0,9.709257125854492,0.16123174130916595,0.0,0.0,0.0,0.16123174130916595,0.0,9.709257125854492,-0.0,-0.0,-0.0,-2.211534261703491,3.2576260566711426,8.8765230178833,0.0,0.0,0.0,4.470348358154297e-08,0.0,0.6000000238418579,4.470348358154297e-08,0.05600005388259888,0.6000000238418579,-5.960464477539063e-08,-0.0559999942779541,0.6000000238418579,-4.423069000244141,-2.1457672119140625e-06,17.75304412841797,0.0,0.0,0.0,4.76837158203125e-07,9.258935165235016e-07,-1.9371509552001953e-07,18.56563377380371,18.56563377380371,42.811798095703125,42.81179428100586,0.4920608103275299,0.4920608103275299,0.40504759550094604,0.40504759550094604,0.10289160162210464,0.10289160162210464,0.852557361125946,0.852557361125946,15.309349060058594,15.309349060058594,-2.02970027923584,-2.02970027923584,7.334527492523193,7.334527492523193,0.13095270097255707,0.13095270097255707,-0.0649295300245285,-0.0649295300245285,0.16123174130916595,0.16123174130916595,0.4885755777359009,0.4885755777359009,0.15917658805847168,0.15917658805847168,0.4209759831428528,0.4209759831428528,64.9974365234375,64.9974365234375,31.363357543945312,31.363357543945312,46.36335754394531,46.36335754394531,15.000000953674316,15.000000953674316,1.0,0.02,180.0
96,0.4,-0.3010256597717142,-10.563458048914864,179.15525216158605,-0.3010256597717142,-10.563458048914864,179.15525216158605,6.9,-6.900000095367432,0.0,0.0,15.0,1,0.3,2.0,0.0,4.0,6.666666666666667,2.857142857142857,10.563455581665039,10.563458442687988,10.563459396362305,10.563458442687988,-0.3275381624698639,-0.32860249280929565,-2.5483739376068115,-2.936493158340454,0.0,0.0,0.0,0.0,nan,nan,36.28081512451172,36.28081512451172,72.56163024902344,0.0,8.933040618896484,0.18168140947818756,0.0,0.0,0.0,0.18168140947818756,0.0,8.933040618896484,0.0,0.0,0.0,-1.9649995565414429,-3.376750946044922,8.035455703735352,0.0,0.0,0.0,0.0,8.933040618896484,0.18168140947818756,0.0,0.0,0.0,0.18168140947818756,0.0,8.933040618896484,-0.0,-0.0,-0.0,-1.965000867843628,3.3767499923706055,8.035456657409668,0.0,0.0,0.0,4.470348358154297e-08,0.0,0.6000000238418579,-7.450580596923828e-08,0.05600002408027649,0.6000000238418579,1.4901161193847656e-08,-0.055999934673309326,0.6000000238418579,-3.9300003051757812,-9.5367431640625e-07,16.070911407470703,0.0,0.0,0.0,6.556510925292969e-07,1.1973762639172492e-06,4.023313522338867e-07,17.72514533996582,17.725139617919922,40.71000671386719,40.70999526977539,0.5203555822372437,0.5203555822372437,0.41751325130462646,0.41751325130462646,0.06213124841451645,0.06213124841451645,0.8378353118896484,0.8378353118896484,14.786514282226562,14.786514282226562,-2.4024133682250977,-2.4024133682250977,6.838874816894531,6.838874816894531,0.12640365958213806,0.12640365958213806,-0.0649295300245285,-0.0649295300245285,0.18168140947818756,0.18168140947818756,0.48933881521224976,0.48933881521224976,0.14745618402957916,0.14745618402957916,0.4092555642127991,0.4092555642127991,61.017555236816406,61.017555236816406,29.100194931030273,29.100194931030273,44.100196838378906,44.100196838378906,15.000000953674316,15.000000953674316,1.0,0.02,180.0
97,0.4041666666666667,-0.34340586082711916,-9.761567478196108,205.50592601167878,-0.34340586082711916,-9.761567478196108,205.50592601167878,6.9,-6.900000095367432,0.0,0.0,15.0,1,0.3,2.0,0.0,4.0,6.666666666666667,2.857142857142857,9.761567115783691,9.761563301086426,9.761567115783691,9.761567115783691,-0.36607807874679565,-0.36714231967926025,-1.693268895149231,-2.0776453018188477,0.0,0.0,0.0,0.0,nan,nan,29.794281005859375,29.794281005859375,59.58856201171875,0.0,8.049558639526367,0.17703719437122345,0.0,0.0,0.0,0.17703719437122345,0.0,8.049558639526367,0.0,0.0,0.0,-1.7226932048797607,-3.3557963371276855,7.113205909729004,0.0,0.0,0.0,0.0,8.049558639526367,0.17703719437122345,0.0,0.0,0.0,0.17703719437122345,0.0,8.049558639526367,-0.0,-0.0,-0.0,-1.7226930856704712,3.3557939529418945,7.11320686340332,0.0,0.0,0.0,4.470348358154297e-08,0.0,0.6000000238418579,-8.940696716308594e-08,0.05600005388259888,0.5999999642372131,-4.470348358154297e-08,-0.05599990487098694,0.6000000238418579,-3.4453864097595215,-2.384185791015625e-06,14.226412773132324,0.0,0.0,0.0,8.046627044677734e-07,1.6926060197874904e-06,4.172325134277344e-07,16.697385787963867,16.697385787963867,38.07097625732422,38.07097625732422,0.5486653447151184,0.5486653447151184,0.42825010418891907,0.42825010418891907,0.023084618151187897,0.023084618151187897,0.8378353118896484,0.8378353118896484,14.153772354125977,14.153772354125977,-2.7557671070098877,-2.7557671070098877,6.259885787963867,6.259885787963867,0.12089820206165314,0.12089820206165314,-0.0649295300245285,-0.0649295300245285,0.17703719437122345,0.17703719437122345,0.4902240037918091,0.4902240037918091,0.13299021124839783,0.13299021124839783,0.39478960633277893,0.39478960633277893,56.38560104370117,56.38560104370117,26.457109451293945,26.457109451293945,41.45711135864258,41.45711135864258,15.000000953674316,15.000000953674316,1.0,0.02,180.0
98,0.4083333333333333,-0.3822211177421325,-8.853339384071369,230.15454302020248,-0.3822211177421325,-8.853339384071369,230.15454302020248,6.9,-6.900000095367432,0.0,0.0,15.0,1,0.3,2.0,0.0,4.0,6.666666666666667,2.857142857142857,8.853336334228516,8.853337287902832,8.853340148925781,8.853340148925781,-0.4008544683456421,-0.40190690755844116,-0.8264845013618469,-1.2031660079956055,0.0,0.0,0.0,0.0,nan,nan,23.502351760864258,23.502351760864258,47.004703521728516,0.0,7.160722732543945,0.19451510906219482,0.0,0.0,0.0,0.19451510906219482,0.0,7.160722732543945,0.0,0.0,0.0,-1.4654568433761597,-3.2355709075927734,6.220715522766113,0.0,0.0,0.0,0.0,7.160722732543945,0.19451510906219482,0.0,0.0,0.0,0.19451510906219482,0.0,7.160722732543945,-0.0,-0.0,-0.0,-1.4654567241668701,3.2355690002441406,6.22071647644043,0.0,0.0,0.0,4.470348358154297e-08,0.0,0.6000000238418579,-1.043081283569336e-07,0.05600002408027649,0.6000000238418579,-5.960464477539063e-08,-0.05599990487098694,0.5999999642372131,-2.9309134483337402,-1.9073486328125e-06,12.441431999206543,0.0,0.0,0.0,8.642673492431641e-07,1.66317818184325e-06,3.2782554626464844e-07,15.498884201049805,15.498884201049805,34.82319641113281,34.823204040527344,0.5911480784416199,0.5911480784416199,0.4088520109653473,0.4088520109653473,0.0,0.0,0.8231391906738281,0.8231391906738281,13.422966003417969,13.422966003417969,-3.0862972736358643,-3.0862972736358643,5.619501113891602,5.619501113891602,0.1145392656326294,0.1145392656326294,-0.0649295300245285,-0.0649295300245285,0.19451510906219482,0.19451510906219482,0.4912225306034088,0.4912225306034088,0.11589367687702179,0.11589367687702179,0.3776930570602417,0.3776930570602417,51.13941955566406,51.13941955566406,23.455644607543945,23.455644607543945,38.45564651489258,38.45564651489258,15.000000953674316,15.000000953674316,1.0,0.02,180.0
99,0.4125,-0.4170438935980837,-7.846410172454062,252.83854832891373,-0.4170438935980837,-7.846410172454062,252.83854832891373,6.9,-6.900000095367432,0.0,0.0,15.0,1,0.3,2.0,0.0,4.0,6.666666666666667,2.857142857142857,7.846406936645508,7.846407890319824,7.846409797668457,7.846410751342773,-0.4314563572406769,-0.4324852526187897,0.0469089150428772,-0.31809186935424805,0.0,0.0,0.0,0.0,nan,nan,17.63384246826172,17.63384246826172,35.26768493652344,0.0,6.244687080383301,0.20988324284553528,0.0,0.0,0.0,0.20988324284553528,0.0,6.244687080383301,0.0,0.0,0.0,-1.212807536125183,-3.013903856277466,5.337194919586182,0.0,0.0,0.0,0.0,6.244687080383301,0.20988324284553528,0.0,0.0,0.0,0.20988324284553528,0.0,6.244687080383301,-0.0,-0.0,-0.0,-1.2128080129623413,3.0139031410217285,5.33719539642334,0.0,0.0,0.0,4.470348358154297e-08,0.0,0.6000000238418579,-2.086162567138672e-07,0.0559999942779541,0.5999999046325684,0.0,-0.055999934673309326,0.6000000238418579,-2.4256155490875244,-7.152557373046875e-07,10.67439079284668,0.0,0.0,0.0,-8.940696716308594e-08,1.735186060614069e-06,6.705522537231445e-07,14.168395042419434,14.168395042419434,30.89662742614746,30.89662742614746,0.6618125438690186,0.6618125438690186,0.3381875455379486,0.3381875455379486,0.0,0.0,0.8084741830825806,0.8084741830825806,12.60728645324707,12.60728645324707,-3.3904824256896973,-3.3904824256896973,4.9411234855651855,4.9411234855651855,0.1074414774775505,0.1074414774775505,-0.0649295300245285,-0.0649295300245285,0.20988324284553528,0.20988324284553528,0.4923248589038849,0.4923248589038849,0.09630637615919113,0.09630637615919113,0.35810574889183044,0.35810574889183044,45.32311248779297,45.32311248779297,20.120941162109375,20.120941162109375,35.120941162109375,35.120941162109375,15.000000953674316,15.000000953674316,1.0,0.02,180.0
100,0.4166666666666667,-0.4474807458969208,-6.749515617995648,273.2931787667221,-0.4474807458969208,-6.749515617995648,273.2931787667221,6.9,-6.900000095367432,0.0,0.0,15.0,1,0.3,2.0,0.0,4.0,6.666666666666667,2.857142857142857,6.749514102935791,6.749514102935791,6.749516010284424,6.749516010284424,-0.45756250619888306,-0.4585561752319336,0.9131163358688354,0.5636102557182312,0.0,0.0,0.0,0.0,nan,nan,12.449333190917969,12.449333190917969,24.898666381835938,0.0,5.358672618865967,0.24575141072273254,0.0,0.0,0.0,0.24575141072273254,0.0,5.358672618865967,0.0,0.0,0.0,-0.9563872814178467,-2.7279112339019775,4.51880407333374,0.0,0.0,0.0,0.0,5.358672618865967,0.24575141072273254,0.0,0.0,0.0,0.24575141072273254,0.0,5.358672618865967,-0.0,-0.0,-0.0,-0.9563876986503601,2.727909803390503,4.518805027008057,0.0,0.0,0.0,4.470348358154297e-08,0.0,0.6000000238418579,-1.4901161193847656e-07,0.05600002408027649,0.5999999642372131,-1.1920928955078125e-07,-0.055999934673309326,0.5999999642372131,-1.9127750396728516,-1.430511474609375e-06,9.037609100341797,0.0,0.0,0.0,3.5762786865234375e-07,1.7300607169090654e-06,1.4528632164001465e-07,12.784664154052734,12.784659385681152,26.246490478515625,26.246490478515625,0.7453797459602356,0.7453797459602356,0.2546203136444092,0.2546203136444092,0.0,0.0,0.7792512774467468,0.7792512774467468,11.720770835876465,11.720770835876465,-3.6647720336914062,-3.6647720336914062,4.248412609100342,4.248412609100342,0.09972676634788513,0.09972676634788513,-0.0649295300245285,-0.0649295300245285,0.24575141072273254,0.24575141072273254,0.493520051240921,0.493520051240921,0.07439332455396652,0.07439332455396652,0.3361927568912506,0.3361927568912506,38.98712921142578,38.98712921142578,16.481840133666992,16.481840133666992,31.481842041015625,31.481842041015625,15.000000953674316,15.000000953674316,1.0,0.02,180.0
101,0.42083333333333334,-0.4731769187023437,-5.572494462824375,291.25433151375995,-0.4731769187023437,-5.572494462824375,291.25433151375995,6.9,-6.900000095367432,0.0,0.0,15.0,1,0.3,2.0,0.0,4.0,6.666666666666667,2.857142857142857,5.572492599487305,5.572492599487305,5.5724945068359375,5.5724945068359375,-0.4788384437561035,-0.47978535294532776,1.7668745517730713,1.4366419315338135,0.0,0.0,0.0,0.0,nan,nan,8.082266807556152,8.082266807556152,16.164533615112305,0.0,4.480312824249268,0.27681317925453186,0.0,0.0,0.0,0.27681317925453186,0.0,4.480312824249268,0.0,0.0,0.0,-0.7152133584022522,-2.379098415374756,3.738741874694824,0.0,0.0,0.0,0.0,4.480312824249268,0.27681317925453186,0.0,0.0,0.0,0.27681317925453186,0.0,4.480312824249268,-0.0,-0.0,-0.0,-0.715213418006897,2.3790977001190186,3.7387423515319824,0.0,0.0,0.0,4.470348358154297e-08,0.0,0.6000000238418579,-1.341104507446289e-07,0.0559999942779541,0.5999999642372131,0.0,-0.055999934673309326,0.5999999642372131,-1.430426836013794,-7.152557373046875e-07,7.477484226226807,0.0,0.0,0.0,1.9371509552001953e-07,9.209340419147338e-07,3.5762786865234375e-07,11.49959945678711,11.49959945678711,20.90903663635254,20.90903663635254,0.874330997467041,0.874330997467041,0.12566909193992615,0.12566909193992615,0.0,0.0,0.7501851320266724,0.7501851320266724,10.77773666381836,10.77773666381836,-3.905625343322754,-3.905625343322754,3.564117670059204,3.564117670059204,0.09151944518089294,0.09151944518089294,-0.0649295300245285,-0.0649295300245285,0.27681317925453186,0.27681317925453186,0.4947959780693054,0.4947959780693054,0.050345174968242645,0.050345174968242645,0.31214457750320435,0.31214457750320435,32.188323974609375,32.188323974609375,12.5708646774292,12.5708646774292,27.570865631103516,27.570865631103516,15.000000953674316,15.000000953674316,1.0,0.02,180.0
102,0.425,-0.49382092259374394,-4.326278110932689,306.46237313579496,-0.49382092259374394,-4.326278110932689,306.46237313579496,6.9,-6.900000095367432,0.0,0.0,15.0,1,0.3,2.0,0.0,4.0,6.666666666666667,2.857142857142857,4.326276779174805,4.326277256011963,4.3262786865234375,4.3262786865234375,-0.49504318833351135,-0.4959319531917572,2.595146656036377,2.287726640701294,0.0,0.0,0.0,0.0,nan,nan,4.66429328918457,4.66429328918457,9.32858657836914,0.0,3.6584815979003906,0.32363077998161316,0.0,0.0,0.0,0.32363077998161316,0.0,3.6584815979003906,0.0,0.0,0.0,-0.4792017638683319,-2.0062754154205322,3.0388236045837402,0.0,0.0,0.0,0.0,3.6584815979003906,0.32363077998161316,0.0,0.0,0.0,0.32363077998161316,0.0,3.6584815979003906,-0.0,-0.0,-0.0,-0.4792020320892334,2.0062754154205322,3.0388238430023193,0.0,0.0,0.0,4.470348358154297e-08,0.0,0.6000000238418579,-1.9371509552001953e-07,0.0559999942779541,0.5999999642372131,-8.940696716308594e-08,-0.055999934673309326,0.5999999642372131,-0.9584038257598877,0.0,6.0776472091674805,0.0,0.0,0.0,1.6391277313232422e-07,1.1891753501913627e-06,2.2351741790771484e-07,10.599813461303711,10.599815368652344,15.152688026428223,15.152688026428223,0.9994760751724243,0.9994760751724243,0.0005239031161181629,0.0005239031161181629,0.0,0.0,0.7068858742713928,0.7068858742713928,9.792203903198242,9.792203903198242,-4.109560012817383,-4.109560012817383,2.9090640544891357,2.9090640544891357,0.0829412043094635,0.0829412043094635,-0.0649295300245285,-0.0649295300245285,0.32363077998161316,0.32363077998161316,0.49613967537879944,0.49613967537879944,0.024378148838877678,0.024378148838877678,0.28617754578590393,0.28617754578590393,24.989822387695312,24.989822387695312,8.4241943359375,8.4241943359375,23.424196243286133,23.424196243286133,15.000000953674316,15.000000953674316,1.0,0.02,180.0
103,0.42916666666666664,-0.5091490363626322,-3.022862505676859,318.6668782777356,-0.5091490363626322,-3.022862505676859,318.6668782777356,6.9,-6.900000095367432,0.0,0.0,15.0,1,0.3,2.0,0.0,4.0,6.666666666666667,2.857142857142857,3.0228614807128906,3.022861957550049,3.022862672805786,3.022862672805786,-0.5059744715690613,-0.5067942142486572,3.386559247970581,3.1052405834198,0.0,0.0,0.0,0.0,nan,nan,2.2390623092651367,2.2390623092651367,4.478124618530273,0.0,2.926708698272705,0.403065025806427,0.0,0.0,0.0,0.403065025806427,0.0,2.926708698272705,0.0,0.0,0.0,-0.2376551479101181,-1.6423017978668213,2.4442687034606934,0.0,0.0,0.0,0.0,2.926708698272705,0.403065025806427,0.0,0.0,0.0,0.403065025806427,0.0,2.926708698272705,-0.0,-0.0,-0.0,-0.2376554310321808,1.6423016786575317,2.4442691802978516,0.0,0.0,0.0,4.470348358154297e-08,0.0,0.6000000238418579,-4.470348358154297e-08,0.05600002408027649,0.6000000238418579,-4.470348358154297e-08,-0.055999934673309326,0.5999999642372131,-0.4753105640411377,-1.1920928955078125e-07,4.888537883758545,0.0,0.0,0.0,2.8312206268310547e-07,4.512347118179605e-07,4.6566128730773926e-09,10.584850311279297,10.584850311279297,14.912256240844727,14.912256240844727,1.0,1.0,0.0,0.0,0.0,0.0,0.6354192495346069,0.6354192495346069,8.777347564697266,8.777347564697266,-4.273218631744385,-4.273218631744385,2.30135440826416,2.30135440826416,0.07410633563995361,0.07410633563995361,-0.0649295300245285,-0.0649295300245285,0.403065025806427,0.403065025806427,0.4975372552871704,0.4975372552871704,-0.0032661338336765766,-0.0032661338336765766,0.2585332691669464,0.2585332691669464,17.460918426513672,17.460918426513672,4.081587791442871,4.081587791442871,19.081588745117188,19.081588745117188,15.000000953674316,15.000000953674316,1.0,0.02,180.0
104,0.43333333333333335,-0.5189496482862379,-1.675258416897515,327.6322406324777,-0.5189496482862379,-1.675258416897515,327.6322406324777,6.9,-6.900000095367432,0.0,0.0,15.0,1,0.3,2.0,0.0,4.0,6.666666666666667,2.857142857142857,1.6752580404281616,1.675257921218872,1.6752583980560303,1.6752583980560303,-0.5114812254905701,-0.5122216939926147,4.130207538604736,3.8779966831207275,0.0,0.0,0.0,0.0,nan,nan,0.7647345662117004,0.7647345662117004,1.5294691324234009,0.0,2.3148250579833984,0.5462037324905396,0.0,0.0,0.0,0.5462037324905396,0.0,2.3148250579833984,0.0,0.0,0.0,0.03500797599554062,-1.3176634311676025,1.979719877243042,0.0,0.0,0.0,0.0,2.3148250579833984,0.5462037324905396,0.0,0.0,0.0,0.5462037324905396,0.0,2.3148250579833984,-0.0,-0.0,-0.0,0.035007935017347336,1.3176630735397339,1.979720115661621,0.0,0.0,0.0,4.470348358154297e-08,0.0,0.6000000238418579,-1.1920928955078125e-07,0.05600002408027649,0.6000000238418579,-8.940696716308594e-08,-0.055999934673309326,0.6000000238418579,0.07001590728759766,-3.5762786865234375e-07,3.959439992904663,0.0,0.0,0.0,1.6391277313232422e-07,5.90002514400112e-07,3.3993273973464966e-08,11.956235885620117,11.956235885620117,14.95167350769043,14.95167350769043,1.0,1.0,0.0,0.0,0.0,0.0,0.5079392194747925,0.5079392194747925,7.7450270652771,7.7450270652771,-4.393441200256348,-4.393441200256348,1.7558507919311523,1.7558507919311523,0.06511762738227844,0.06511762738227844,-0.0649295300245285,-0.0649295300245285,0.5462037324905396,0.5462037324905396,0.49897393584251404,0.49897393584251404,-0.03232128918170929,-0.03232128918170929,0.229478120803833,0.229478120803833,9.67677116394043,9.67677116394043,-0.4137698709964752,-0.4137698709964752,14.586231231689453,14.586231231689453,15.000000953674316,15.000000953674316,1.0,0.02,180.0
105,0.4375,-0.5230673397163436,-0.29741671074396475,333.14404611261966,-0.5230673397163436,-0.29741671074396475,333.14404611261966,6.9,-6.900000095367432,0.0,0.0,15.0,1,0.3,2.0,0.0,4.0,6.666666666666667,2.857142857142857,0.29741665720939636,0.29741671681404114,0.29741671681404114,0.29741671681404114,-0.511468768119812,-0.5121197700500488,4.815532684326172,4.595107555389404,0.0,0.0,0.0,0.0,nan,nan,0.08194749802350998,0.08194749802350998,0.16389499604701996,0.0,1.8507728576660156,0.8581441640853882,0.0,0.0,0.0,0.8581441640853882,0.0,1.8507728576660156,0.0,0.0,0.0,0.43619367480278015,-1.059768795967102,1.6877195835113525,0.0,0.0,0.0,0.0,1.8507728576660156,0.8581441640853882,0.0,0.0,0.0,0.8581441640853882,0.0,1.8507728576660156,-0.0,-0.0,-0.0,0.43619367480278015,1.0597683191299438,1.6877198219299316,0.0,0.0,0.0,4.470348358154297e-08,0.0,0.6000000238418579,-1.341104507446289e-07,0.056000009179115295,0.5999999642372131,1.4901161193847656e-08,-0.055999964475631714,0.5999999642372131,0.8723873496055603,-4.76837158203125e-07,3.375439405441284,0.0,0.0,0.0,5.960464477539063e-08,3.000874357894645e-07,1.3969838619232178e-07,14.405800819396973,14.405800819396973,14.991423606872559,14.991423606872559,1.0,1.0,0.0,0.0,0.0,0.0,0.2287730872631073,0.2287730872631073,6.705451488494873,6.705451488494873,-4.467352867126465,-4.467352867126465,1.2839559316635132,1.2839559316635132,0.056063540279865265,0.056063540279865265,-0.0649295300245285,-0.0649295300245285,0.8581441640853882,0.8581441640853882,0.500434398651123,0.500434398651123,-0.06249729171395302,-0.06249729171395302,0.19930210709571838,0.19930210709571838,1.7179640531539917,1.7179640531539917,-5.015527725219727,-5.015527725219727,9.98447322845459,9.98447322845459,15.000000953674316,15.000000953674316,1.0,0.02,180.0
106,0.44166666666666665,-0.5214066005357579,1.094434383702922,333.6986856594058,-0.5214066005357579,1.094434383702922,333.6986856594058,6.9,-6.900000095367432,0.0,0.0,15.0,1,0.3,2.0,0.0,4.0,6.666666666666667,2.857142857142857,1.094434380531311,1.0944340229034424,1.094434380531311,1.094434380531311,-0.5056538581848145,-0.5062085390090942,5.472034454345703,5.286478519439697,0.0,0.0,0.0,0.0,nan,nan,-0.056106798350811005,-0.056106798350811005,-0.11221359670162201,0.0,1.1893157958984375,0.8747273683547974,0.0,0.0,0.0,0.8747273683547974,0.0,1.1893157958984375,0.0,0.0,0.0,0.5922720432281494,-0.6793922185897827,1.1692990064620972,0.0,0.0,0.0,0.0,1.1893157958984375,0.8747273683547974,0.0,0.0,0.0,0.8747273683547974,0.0,1.1893157958984375,-0.0,-0.0,-0.0,0.5922720432281494,0.6793920397758484,1.1692990064620972,0.0,0.0,0.0,4.470348358154297e-08,0.0,0.6000000238418579,-4.470348358154297e-08,0.056000009179115295,0.6000000238418579,-1.6391277313232422e-07,-0.055999934673309326,0.5999999642372131,1.1845440864562988,-1.7881393432617188e-07,2.3385980129241943,0.0,0.0,0.0,1.2665987014770508e-07,3.1317608772951644e-07,-1.2665987014770508e-07,17.268413543701172,17.268413543701172,20.18056869506836,20.18056869506836,0.0,0.0,1.0,1.0,0.0,0.0,0.0,0.0,5.664106369018555,5.664106369018555,-4.474790573120117,-4.474790573120117,0.8926655054092407,0.8926655054092407,0.04699140787124634,0.04699140787124634,-0.0649295300245285,-0.0649295300245285,0.8747273683547974,0.8747273683547974,0.5012430548667908,0.5012430548667908,-0.09357116371393204,-0.09357116371393204,0.16822823882102966,0.16822823882102966,-6.321766376495361,-6.321766376495361,-9.671674728393555,-9.671674728393555,5.328326225280762,5.328326225280762,15.000000953674316,15.000000953674316,1.0,0.02,180.0
107,0.4458333333333333,-0.5139572721693741,2.4787784743068246,330.1602185249254,-0.5139572721693741,2.4787784743068246,330.1602185249254,6.9,-6.900000095367432,0.0,0.0,15.0,1,0.3,2.0,0.0,4.0,6.666666666666667,2.857142857142857,2.478778123855591,2.4787776470184326,2.47877836227417,2.47877836227417,-0.4940013885498047,-0.49445509910583496,6.103647708892822,5.955801486968994,0.0,0.0,0.0,0.0,nan,nan,0.8998326063156128,0.8998326063156128,1.7996652126312256,0.0,0.20759084820747375,0.5624427199363708,0.0,0.0,0.0,0.5624427199363708,0.0,0.20759084820747375,0.0,0.0,0.0,0.4989514946937561,-0.1173129454255104,0.3109998106956482,0.0,0.0,0.0,0.0,0.20759084820747375,0.5624427199363708,0.0,0.0,0.0,0.5624427199363708,0.0,0.20759084820747375,-0.0,-0.0,-0.0,0.4989514946937561,0.11731292307376862,0.3109998404979706,0.0,0.0,0.0,4.470348358154297e-08,0.0,0.6000000238418579,-1.1920928955078125e-07,0.056000009179115295,0.6000000238418579,-4.470348358154297e-08,-0.055999934673309326,0.5999999642372131,0.9979029893875122,-2.2351741790771484e-08,0.6219996213912964,0.0,0.0,0.0,2.9802322387695312e-08,4.904256556415021e-08,-2.9802322387695312e-08,20.19343376159668,20.193435668945312,26.707096099853516,26.707103729248047,0.0,0.0,1.0,1.0,0.0,0.0,0.0,0.0,4.634931564331055,4.634931564331055,-4.427340507507324,-4.427340507507324,0.5893499255180359,0.5893499255180359,0.038022320717573166,0.038022320717573166,-0.0649295300245285,-0.0649295300245285,0.5624427199363708,0.5624427199363708,0.5018672943115234,0.5018672943115234,-0.12499567866325378,-0.12499567866325378,0.1368037313222885,0.1368037313222885,-14.318132400512695,-14.318132400512695,-14.308916091918945,-14.308916091918945,0.6910845041275024,0.6910845041275024,15.000000953674316,15.000000953674316,1.0,0.02,180.0
108,0.45,-0.5007813604911171,3.84057022851859,322.87326510620056,-0.5007813604911171,3.84057022851859,322.87326510620056,6.9,-6.900000095367432,0.0,0.0,15.0,1,0.3,2.0,0.0,4.0,6.666666666666667,2.857142857142857,3.8405702114105225,3.840568780899048,3.8405702114105225,3.8405702114105225,-0.4768753945827484,-0.47722214460372925,6.66234016418457,6.553832530975342,0.0,0.0,0.0,0.0,nan,nan,2.8768954277038574,2.8768954277038574,5.753790855407715,0.0,-0.705843985080719,0.33927857875823975,0.0,0.0,0.0,0.33927857875823975,0.0,-0.705843985080719,0.0,0.0,0.0,0.4797827899456024,0.3911769688129425,-0.47970280051231384,0.0,0.0,0.0,0.0,-0.705843985080719,0.33927857875823975,0.0,0.0,0.0,0.33927857875823975,0.0,-0.705843985080719,-0.0,-0.0,-0.0,0.4797827899456024,-0.3911767303943634,-0.4797029197216034,0.0,0.0,0.0,4.470348358154297e-08,0.0,0.6000000238418579,0.0,0.05600003898143768,0.6000000238418579,-1.1920928955078125e-07,-0.055999964475631714,0.5999999642372131,0.9595655798912048,2.384185791015625e-07,-0.9594057202339172,0.0,0.0,0.0,-5.21540641784668e-08,-1.286711039938382e-07,1.1175870895385742e-08,23.024438858032227,23.024438858032227,32.672542572021484,32.67253494262695,0.0,0.0,1.0,1.0,0.0,0.0,0.0,0.0,3.6237807273864746,3.6237807273864746,-4.329624652862549,-4.329624652862549,0.3750010132789612,0.3750010132789612,0.029207101091742516,0.029207101091742516,-0.0649295300245285,-0.0649295300245285,0.33927857875823975,0.33927857875823975,0.5024797916412354,0.5024797916412354,-0.15640340745449066,-0.15640340745449066,0.10539600998163223,0.10539600998163223,-22.184232711791992,-22.184232711791992,-18.876388549804688,-18.876388549804688,-3.8763885498046875,-3.8763885498046875,15.000000953674316,15.000000953674316,1.0,0.02,180.0
109,0.45416666666666666,-0.4820052944092858,5.164237415656498,311.8679774296683,-0.4820052944092858,5.164237415656498,311.8679774296683,6.9,-6.900000095367432,0.0,0.0,15.0,1,0.3,2.0,0.0,4.0,6.666666666666667,2.857142857142857,5.1642374992370605,5.164236545562744,5.1642374992370605,5.1642374992370605,-0.4544438421726227,-0.45467913150787354,7.142177581787109,7.0742034912109375,0.0,0.0,0.0,0.0,nan,nan,5.71132230758667,5.71132230758667,11.42264461517334,0.0,-1.546971321105957,0.20347900688648224,0.0,0.0,0.0,0.20347900688648224,0.0,-1.546971321105957,0.0,0.0,0.0,0.5339276790618896,0.8330002427101135,-1.206464171409607,0.0,0.0,0.0,0.0,-1.546971321105957,0.20347900688648224,0.0,0.0,0.0,0.20347900688648224,0.0,-1.546971321105957,-0.0,-0.0,-0.0,0.5339276790618896,-0.8329999446868896,-1.2064642906188965,0.0,0.0,0.0,4.470348358154297e-08,0.0,0.6000000238418579,-2.9802322387695312e-08,0.05600003898143768,0.6000000238418579,-1.4901161193847656e-08,-0.055999964475631714,0.6000000238418579,1.0678553581237793,2.980232238769531e-07,-2.412928581237793,0.0,0.0,0.0,-8.940696716308594e-08,-1.6179946271677181e-07,-5.21540641784668e-08,25.678382873535156,25.67837905883789,37.89276885986328,37.89276885986328,0.0,0.0,0.9378688335418701,0.9378688335418701,0.06213124841451645,0.06213124841451645,0.0,0.0,2.6350762844085693,2.6350762844085693,-4.1820478439331055,-4.1820478439331055,0.2478242963552475,0.2478242963552475,0.02058424986898899,0.02058424986898899,-0.0649295300245285,-0.0649295300245285,0.20347900688648224,0.20347900688648224,0.5030736923217773,0.5030736923217773,-0.18744133412837982,-0.18744133412837982,0.07435804605484009,0.07435804605484009,-29.830114364624023,-29.830114364624023,-23.321950912475586,-23.321950912475586,-8.32194995880127,-8.32194995880127,15.000000953674316,15.000000953674316,1.0,0.02,180.0
110,0.4583333333333333,-0.4578199929581464,6.4344311195501644,297.2217327102928,-0.4578199929581464,6.4344311195501644,297.2217327102928,6.9,-6.900000095367432,0.0,0.0,15.0,1,0.3,2.0,0.0,4.0,6.666666666666667,2.857142857142857,6.434428691864014,6.434430122375488,6.4344305992126465,6.434431076049805,-0.4269362986087799,-0.4270569086074829,7.538019180297852,7.511331558227539,0.0,0.0,0.0,0.0,nan,nan,9.219369888305664,9.219369888305664,18.438739776611328,0.0,-2.3124637603759766,0.15099333226680756,0.0,0.0,0.0,0.15099333226680756,0.0,-2.3124637603759766,0.0,0.0,0.0,0.6578240394592285,1.1977099180221558,-1.8716425895690918,0.0,0.0,0.0,0.0,-2.3124637603759766,0.15099333226680756,0.0,0.0,0.0,0.15099333226680756,0.0,-2.3124637603759766,-0.0,-0.0,-0.0,0.6578242182731628,-1.197709560394287,-1.8716427087783813,0.0,0.0,0.0,4.470348358154297e-08,0.0,0.6000000238418579,-8.940696716308594e-08,0.05600002408027649,0.5999999642372131,-7.450580596923828e-08,-0.055999934673309326,0.5999999642372131,1.3156483173370361,3.5762786865234375e-07,-3.7432851791381836,0.0,0.0,0.0,-1.6391277313232422e-07,-5.525428150576772e-07,-6.705522537231445e-08,28.111072540283203,28.1110782623291,42.346290588378906,42.3463020324707,0.0,0.0,0.7725661396980286,0.7725661396980286,0.2274339199066162,0.2274339199066162,0.0,0.0,1.673182487487793,1.673182487487793,-3.9856462478637695,-3.9856462478637695,0.20373091101646423,0.20373091101646423,0.012191962450742722,0.012191962450742722,-0.0649295300245285,-0.0649295300245285,0.15099333226680756,0.15099333226680756,0.5036424398422241,0.5036424398422241,-0.21775589883327484,-0.21775589883327484,0.04404352232813835,0.04404352232813835,-37.1671142578125,-37.1671142578125,-27.594118118286133,-27.594118118286133,-12.594118118286133,-12.594118118286133,15.000000953674316,15.000000953674316,1.0,0.02,180.0
111,0.46249999999999997,-0.42847952171688414,7.63622540343398,279.0603782227043,-0.42847952171688414,7.63622540343398,279.0603782227043,6.9,-6.900000095367432,0.0,0.0,15.0,1,0.3,2.0,0.0,4.0,6.666666666666667,2.857142857142857,7.636224746704102,7.636225700378418,7.63622522354126,7.63622522354126,-0.3946429193019867,-0.3946469724178314,7.845516204833984,7.860410690307617,0.0,0.0,0.0,0.0,nan,nan,13.201616287231445,13.201616287231445,26.40323257446289,0.0,-2.9990100860595703,0.17552602291107178,0.0,0.0,0.0,0.17552602291107178,0.0,-2.9990100860595703,0.0,0.0,0.0,0.8450294137001038,1.477368950843811,-2.475515604019165,0.0,0.0,0.0,0.0,-2.9990100860595703,0.17552602291107178,0.0,0.0,0.0,0.17552602291107178,0.0,-2.9990100860595703,-0.0,-0.0,-0.0,0.845029354095459,-1.477368950843811,-2.475515604019165,0.0,0.0,0.0,4.470348358154297e-08,0.0,0.6000000238418579,-7.450580596923828e-08,0.05600002408027649,0.6000000238418579,5.960464477539063e-08,-0.0559999942779541,0.6000000238418579,1.690058708190918,0.0,-4.95103120803833,0.0,0.0,0.0,-7.450580596923828e-08,-2.5821640292633674e-07,-2.2351741790771484e-07,30.301542282104492,30.301542282104492,46.084964752197266,46.084964752197266,0.0,0.0,0.6477158665657043,0.6477158665657043,0.35228419303894043,0.35228419303894043,0.0,0.0,0.7430981397628784,0.7430981397628784,-3.742108106613159,-3.742108106613159,0.2363814115524292,0.2363814115524292,0.004074136260896921,0.004074136260896921,-0.0649295300245285,-0.0649295300245285,0.17552602291107178,0.17552602291107178,0.5041792988777161,0.5041792988777161,-0.24699708819389343,-0.24699708819389343,0.014802337624132633,0.014802337624132633,-44.1090202331543,-44.1090202331543,-31.64276695251465,-31.64276695251465,-16.64276695251465,-16.64276695251465,15.000000953674316,15.000000953674316,1.0,0.02,180.0
112,0.4666666666666667,-0.3942989087749798,8.755320381157288,257.55860007644327,-0.3942989087749798,8.755320381157288,257.55860007644327,6.9,-6.900000095367432,0.0,0.0,15.0,1,0.3,2.0,0.0,4.0,6.666666666666667,2.857142857142857,8.75532054901123,8.75532054901123,8.75532054901123,8.75532054901123,-0.3579118847846985,-0.35779890418052673,8.061138153076172,8.11743450164795,0.0,0.0,0.0,0.0,nan,nan,17.44570541381836,17.44570541381836,34.89141082763672,0.0,-3.6027748584747314,0.26846686005592346,0.0,0.0,0.0,0.26846686005592346,0.0,-3.6027748584747314,0.0,0.0,0.0,1.0860166549682617,1.666611909866333,-3.0157973766326904,0.0,0.0,0.0,0.0,-3.6027748584747314,0.26846686005592346,0.0,0.0,0.0,0.26846686005592346,0.0,-3.6027748584747314,-0.0,-0.0,-0.0,1.0860167741775513,-1.6666115522384644,-3.0157976150512695,0.0,0.0,0.0,4.470348358154297e-08,0.0,0.6000000238418579,-4.470348358154297e-08,0.05600005388259888,0.6000000238418579,0.0,-0.055999934673309326,0.6000000238418579,2.1720333099365234,3.5762786865234375e-07,-6.031595230102539,0.0,0.0,0.0,-3.427267074584961e-07,-4.044499632982479e-07,-1.9744038581848145e-07,32.24284744262695,32.24285125732422,49.187862396240234,49.187870025634766,0.0,0.0,0.5628252625465393,0.5628252625465393,0.43717479705810547,0.43717479705810547,0.0,0.0,-0.14899842441082,-0.14899842441082,-3.4537763595581055,-3.4537763595581055,0.3371112644672394,0.3371112644672394,-0.003714882070198655,-0.003714882070198655,-0.0649295300245285,-0.0649295300245285,0.26846686005592346,0.26846686005592346,0.5046781897544861,0.5046781897544861,-0.2748231589794159,-0.2748231589794159,-0.013023740611970425,-0.013023740611970425,-50.57323455810547,-50.57323455810547,-35.419795989990234,-35.419795989990234,-20.419795989990234,-20.419795989990234,15.000000953674316,15.000000953674316,1.0,0.02,180.0
113,0.4708333333333333,-0.3556511139101193,9.778244830324024,232.9393178746537,-0.3556511139101193,9.778244830324024,232.9393178746537,6.9,-6.900000095367432,0.0,0.0,15.0,1,0.3,2.0,0.0,4.0,6.666666666666667,2.857142857142857,9.77824592590332,9.778243064880371,9.778244972229004,9.778244972229004,-0.31714627146720886,-0.3169170320034027,8.182170867919922,8.279215812683105,0.0,0.0,0.0,0.0,nan,nan,21.72904396057129,21.72904396057129,43.45808792114258,0.0,-4.119081020355225,0.41881123185157776,0.0,0.0,0.0,0.41881123185157776,0.0,-4.119081020355225,0.0,0.0,0.0,1.3680596351623535,1.7629280090332031,-3.4875106811523438,0.0,0.0,0.0,0.0,-4.119081020355225,0.41881123185157776,0.0,0.0,0.0,0.41881123185157776,0.0,-4.119081020355225,-0.0,-0.0,-0.0,1.368059754371643,-1.7629270553588867,-3.487511157989502,0.0,0.0,0.0,4.470348358154297e-08,0.0,0.6000000238418579,1.4901161193847656e-08,0.05600002408027649,0.6000000238418579,-4.470348358154297e-08,-0.055999964475631714,0.6000000238418579,2.736119270324707,9.5367431640625e-07,-6.975021839141846,0.0,0.0,0.0,-1.7881393432617188e-07,-4.1574372744435095e-07,2.9802322387695312e-08,33.93620300292969,33.93619918823242,51.737735748291016,51.737735748291016,0.0,0.0,0.5062065124511719,0.5062065124511719,0.4937935173511505,0.4937935173511505,0.0,0.0,-0.9954411387443542,-0.9954411387443542,-3.1236400604248047,-3.1236400604248047,0.49484843015670776,0.49484843015670776,-0.01110764779150486,-0.01110764779150486,-0.0649295300245285,-0.0649295300245285,0.41881123185157776,0.41881123185157776,0.505133330821991,0.505133330821991,-0.30090513825416565,-0.30090513825416565,-0.03910571709275246,-0.03910571709275246,-56.481937408447266,-56.481937408447266,-38.879783630371094,-38.879783630371094,-23.879783630371094,-23.879783630371094,15.000000953674316,15.000000953674316,1.0,0.02,180.0
114,0.475,-0.3129631615265965,10.69255413260688,205.4720363450176,-0.3129631615265965,10.69255413260688,205.4720363450176,6.9,-6.900000095367432,0.0,0.0,15.0,1,0.3,2.0,0.0,4.0,6.666666666666667,2.857142857142857,10.692553520202637,10.692553520202637,10.692554473876953,10.692554473876953,-0.27279961109161377,-0.27245640754699707,8.206783294677734,8.343432426452637,0.0,0.0,0.0,0.0,nan,nan,25.82300567626953,25.82300567626953,51.64601135253906,0.0,-4.542357444763184,0.6132016181945801,0.0,0.0,0.0,0.6132016181945801,0.0,-4.542357444763184,0.0,0.0,0.0,1.6753419637680054,1.7671198844909668,-3.8832387924194336,0.0,0.0,0.0,0.0,-4.542357444763184,0.6132016181945801,0.0,0.0,0.0,0.6132016181945801,0.0,-4.542357444763184,-0.0,-0.0,-0.0,1.6753425598144531,-1.7671194076538086,-3.8832390308380127,0.0,0.0,0.0,4.470348358154297e-08,0.0,0.6000000238418579,0.0,0.05600002408027649,0.6000000238418579,2.9802322387695312e-08,-0.055999964475631714,0.6000000238418579,3.350684642791748,4.76837158203125e-07,-7.766477584838867,0.0,0.0,0.0,-2.2351741790771484e-07,-2.314590688001772e-07,-1.1920928955078125e-07,35.3870849609375,35.3870849609375,53.80986404418945,53.809871673583984,0.0,0.0,0.4637744426727295,0.4637744426727295,0.5362256169319153,0.5362256169319153,0.0,0.0,-1.7870445251464844,-1.7870445251464844,-2.75531268119812,-2.75531268119812,0.6961544752120972,0.6961544752120972,-0.018023375421762466,-0.018023375421762466,-0.0649295300245285,-0.0649295300245285,0.6132016181945801,0.6132016181945801,0.5055394768714905,0.5055394768714905,-0.3249313533306122,-0.3249313533306122,-0.06313196569681168,-0.06313196569681168,-61.76325607299805,-61.76325607299805,-41.980682373046875,-41.980682373046875,-26.980682373046875,-26.980682373046875,15.000000953674316,15.000000953674316,1.0,0.02,180.0
115,0.4791666666666667,-0.26671146597615153,11.487019110092785,175.47012000351947,-0.26671146597615153,11.487019110092785,175.47012000351947,6.9,-6.900000095367432,0.0,0.0,15.0,1,0.3,2.0,0.0,4.0,6.666666666666667,2.857142857142857,11.487015724182129,11.487018585205078,11.487019538879395,11.487018585205078,-0.22537073493003845,-0.22491705417633057,8.134064674377441,8.308717727661133,0.0,0.0,0.0,0.0,nan,nan,29.49974250793457,29.49974250793457,58.99948501586914,0.0,-4.866334915161133,0.8361986875534058,0.0,0.0,0.0,0.8361986875534058,0.0,-4.866334915161133,0.0,0.0,0.0,1.9894001483917236,1.6838618516921997,-4.193726062774658,0.0,0.0,0.0,0.0,-4.866334915161133,0.8361986875534058,0.0,0.0,0.0,0.8361986875534058,0.0,-4.866334915161133,-0.0,-0.0,-0.0,1.989400863647461,-1.6838611364364624,-4.193726539611816,0.0,0.0,0.0,4.470348358154297e-08,0.0,0.6000000238418579,-5.960464477539063e-08,0.05600002408027649,0.5999999642372131,1.4901161193847656e-08,-0.055999964475631714,0.5999999642372131,3.9788010120391846,7.152557373046875e-07,-8.387453079223633,0.0,0.0,0.0,-2.2351741790771484e-07,-7.995774922164856e-07,-2.0116567611694336e-07,36.6027717590332,36.60277557373047,55.46810531616211,55.468109130859375,0.0,0.0,0.4213273823261261,0.4213273823261261,0.5786726474761963,0.5786726474761963,0.0,0.0,-2.513338088989258,-2.513338088989258,-2.352996826171875,-2.352996826171875,0.9254983067512512,0.9254983067512512,-0.02437003329396248,-0.02437003329396248,-0.0649295300245285,-0.0649295300245285,0.8361986875534058,0.8361986875534058,0.5058918595314026,0.5058918595314026,-0.3466120660305023,-0.3466120660305023,-0.08481265604496002,-0.08481265604496002,-66.35231018066406,-66.35231018066406,-44.68445587158203,-44.68445587158203,-29.68445587158203,-29.68445587158203,15.000000953674316,15.000000953674316,1.0,0.02,180.0
116,0.48333333333333334,-0.21741639654355585,12.151801265650327,143.2869962732429,-0.21741639654355585,12.151801265650327,143.2869962732429,6.9,-6.900000095367432,0.0,0.0,15.0,1,0.3,2.0,0.0,4.0,6.666666666666667,2.857142857142857,12.151798248291016,12.151799201965332,12.151801109313965,12.151801109313965,-0.17539776861667633,-0.17483846843242645,7.964107513427734,8.174702644348145,0.0,0.0,0.0,0.0,nan,nan,32.54206085205078,32.54206085205078,65.08412170410156,0.0,-5.0844621658325195,1.0708460807800293,0.0,0.0,0.0,1.0708460807800293,0.0,-5.0844621658325195,0.0,0.0,0.0,2.2899580001831055,1.5221405029296875,-4.408814907073975,0.0,0.0,0.0,0.0,-5.0844621658325195,1.0708460807800293,0.0,0.0,0.0,1.0708460807800293,0.0,-5.0844621658325195,-0.0,-0.0,-0.0,2.2899580001831055,-1.5221396684646606,-4.408815383911133,0.0,0.0,0.0,4.470348358154297e-08,0.0,0.6000000238418579,-2.9802322387695312e-08,0.05600002408027649,0.6000000238418579,-5.960464477539063e-08,-0.055999934673309326,0.6000000238418579,4.579916000366211,8.344650268554688e-07,-8.817630767822266,0.0,0.0,0.0,-3.5762786865234375e-07,-7.883576245149015e-07,-1.6391277313232422e-07,37.5908203125,37.5908203125,56.764095306396484,56.764095306396484,0.0,0.0,0.40716320276260376,0.40716320276260376,0.592836856842041,0.592836856842041,0.0,0.0,-3.1630306243896484,-3.1630306243896484,-1.9214318990707397,-1.9214318990707397,1.165824055671692,1.165824055671692,-0.030048418790102005,-0.030048418790102005,-0.0649295300245285,-0.0649295300245285,1.0708460807800293,1.0708460807800293,0.506186306476593,0.506186306476593,-0.36568349599838257,-0.36568349599838257,-0.10388408601284027,-0.10388408601284027,-70.1922836303711,-70.1922836303711,-46.95764923095703,-46.95764923095703,-31.95764923095703,-31.95764923095703,15.000000953674316,15.000000953674316,1.0,0.02,180.0
117,0.4875,-0.16563614794435152,12.678610044473752,109.31133434255541,-0.16563614794435152,12.678610044473752,109.31133434255541,6.9,-6.900000095367432,0.0,0.0,15.0,1,0.3,2.0,0.0,4.0,6.666666666666667,2.857142857142857,12.678608894348145,12.678606986999512,12.678609848022461,12.678609848022461,-0.12345139682292938,-0.122792549431324,7.698073387145996,7.942122936248779,0.0,0.0,0.0,0.0,nan,nan,34.75585174560547,34.75585174560547,69.51170349121094,0.0,-5.190467357635498,1.2995281219482422,0.0,0.0,0.0,1.2995281219482422,0.0,-5.190467357635498,0.0,0.0,0.0,2.5561230182647705,1.2954710721969604,-4.518596649169922,0.0,0.0,0.0,0.0,-5.190467357635498,1.2995281219482422,0.0,0.0,0.0,1.2995281219482422,0.0,-5.190467357635498,-0.0,-0.0,-0.0,2.5561230182647705,-1.295469880104065,-4.51859712600708,0.0,0.0,0.0,4.470348358154297e-08,0.0,0.6000000238418579,-1.043081283569336e-07,0.05600002408027649,0.5999999642372131,-1.1920928955078125e-07,-0.05599990487098694,0.5999999642372131,5.112246036529541,1.1920928955078125e-06,-9.037193298339844,0.0,0.0,0.0,-5.066394805908203e-07,-1.71869271525793e-06,-2.980232238769531e-07,38.358116149902344,38.358116149902344,57.737979888916016,57.737979888916016,0.0,0.0,0.3787931799888611,0.3787931799888611,0.6212068796157837,0.6212068796157837,0.0,0.0,-3.7246384620666504,-3.7246384620666504,-1.4658291339874268,-1.4658291339874268,1.3994152545928955,1.3994152545928955,-0.03495769202709198,-0.03495769202709198,-0.0649295300245285,-0.0649295300245285,1.2995281219482422,1.2995281219482422,0.5064194798469543,0.5064194798469543,-0.38191211223602295,-0.38191211223602295,-0.12011270970106125,-0.12011270970106125,-73.23527526855469,-73.23527526855469,-48.77192306518555,-48.77192306518555,-33.77192306518555,-33.77192306518555,15.000000953674316,15.000000953674316,1.0,0.02,180.0
118,0.49166666666666664,-0.11195999992700667,13.060838019088322,73.96128920815964,-0.11195999992700667,13.060838019088322,73.96128920815964,6.9,-6.900000095367432,0.0,0.0,15.0,1,0.3,2.0,0.0,4.0,6.666666666666667,2.857142857142857,13.060837745666504,13.060837745666504,13.060837745666504,13.060837745666504,-0.07012732326984406,-0.069376140832901,7.338266849517822,7.612865447998047,0.0,0.0,0.0,0.0,nan,nan,35.98393249511719,35.98393249511719,71.96786499023438,0.0,-5.178987503051758,1.5050570964813232,0.0,0.0,0.0,1.5050570964813232,0.0,-5.178987503051758,0.0,0.0,0.0,2.767850875854492,1.0216816663742065,-4.514673709869385,0.0,0.0,0.0,0.0,-5.178987503051758,1.5050570964813232,0.0,0.0,0.0,1.5050570964813232,0.0,-5.178987503051758,-0.0,-0.0,-0.0,2.7678513526916504,-1.0216805934906006,-4.514673709869385,0.0,0.0,0.0,4.470348358154297e-08,0.0,0.6000000238418579,-1.4901161193847656e-08,0.0559999942779541,0.6000000238418579,2.9802322387695312e-08,-0.0559999942779541,0.5999999642372131,5.535702228546143,1.0728836059570312e-06,-9.02934741973877,0.0,0.0,0.0,-5.960464477539063e-08,-5.013462214265019e-07,-1.4901161193847656e-08,38.9103889465332,38.9103889465332,58.419586181640625,58.419586181640625,0.0,0.0,0.36458078026771545,0.36458078026771545,0.6354192495346069,0.6354192495346069,0.0,0.0,-4.187190532684326,-4.187190532684326,-0.9917967319488525,-0.9917967319488525,1.6089881658554077,1.6089881658554077,-0.03900155797600746,-0.03900155797600746,-0.0649295300245285,-0.0649295300245285,1.5050570964813232,1.5050570964813232,0.5065885186195374,0.5065885186195374,-0.39509811997413635,-0.39509811997413635,-0.13329872488975525,-0.13329872488975525,-75.4431381225586,-75.4431381225586,-50.10455322265625,-50.10455322265625,-35.10455322265625,-35.10455322265625,15.000000953674316,15.000000953674316,1.0,0.02,180.0
119,0.49583333333333335,-0.05700106576638027,13.293670357543004,37.677940437420936,-0.05700106576638027,13.293670357543004,37.677940437420936,6.9,-6.900000095367432,0.0,0.0,15.0,1,0.3,2.0,0.0,4.0,6.666666666666667,2.857142857142857,13.29366683959961,13.293670654296875,13.293670654296875,13.293670654296875,-0.016038555651903152,-0.015203343704342842,6.888159275054932,7.190040588378906,0.0,0.0,0.0,0.0,nan,nan,36.11961364746094,36.11961364746094,72.23922729492188,0.0,-5.046205520629883,1.6718858480453491,0.0,0.0,0.0,1.6718858480453491,0.0,-5.046205520629883,0.0,0.0,0.0,2.9075238704681396,0.7222373485565186,-4.391363143920898,0.0,0.0,0.0,0.0,-5.046205520629883,1.6718858480453491,0.0,0.0,0.0,1.6718858480453491,0.0,-5.046205520629883,-0.0,-0.0,-0.0,2.9075238704681396,-0.7222364544868469,-4.391363143920898,0.0,0.0,0.0,4.470348358154297e-08,0.0,0.6000000238418579,-1.6391277313232422e-07,0.05600005388259888,0.5999999642372131,0.0,-0.055999934673309326,0.6000000238418579,5.815047740936279,8.940696716308594e-07,-8.782726287841797,0.0,0.0,0.0,-4.76837158203125e-07,-1.2857208275818266e-06,-4.6193599700927734e-07,39.25186538696289,39.25186538696289,58.829498291015625,58.829498291015625,0.0,0.0,0.36458078026771545,0.36458078026771545,0.6354192495346069,0.6354192495346069,0.0,0.0,-4.540956020355225,-4.540956020355225,-0.5052487850189209,-0.5052487850189209,1.7789099216461182,1.7789099216461182,-0.04209460690617561,-0.04209460690617561,-0.0649295300245285,-0.0649295300245285,1.6718858480453491,1.6718858480453491,0.5066913962364197,0.5066913962364197,-0.405078649520874,-0.405078649520874,-0.14327925443649292,-0.14327925443649292,-76.78804016113281,-76.78804016113281,-50.938743591308594,-50.938743591308594,-35.93873977661133,-35.93873977661133,15.000000953674316,15.000000953674316,1.0,0.02,180.0
120,0.5,-0.0013886433856381787,13.374165550662763,0.9180908296490871,-0.0013886433856381787,13.374165550662763,0.9180908296490871,6.9,-6.900000095367432,0.0,0.0,15.0,1,0.3,2.0,0.0,4.0,6.666666666666667,2.857142857142857,13.374165534973145,13.374164581298828,13.374165534973145,13.374165534973145,0.03819253295660019,0.03910254314541817,6.352419853210449,6.6780009269714355,0.0,0.0,0.0,0.0,nan,nan,35.118133544921875,35.118133544921875,70.23626708984375,0.0,-4.790407180786133,1.7872989177703857,0.0,0.0,0.0,1.7872989177703857,0.0,-4.790407180786133,0.0,0.0,0.0,2.961447238922119,0.42103850841522217,-4.146684646606445,0.0,0.0,0.0,0.0,-4.790407180786133,1.7872989177703857,0.0,0.0,0.0,1.7872989177703857,0.0,-4.790407180786133,-0.0,-0.0,-0.0,2.961447238922119,-0.42103758454322815,-4.1466851234436035,0.0,0.0,0.0,4.470348358154297e-08,0.0,0.6000000238418579,-1.4901161193847656e-08,0.05600002408027649,0.6000000238418579,5.960464477539063e-08,-0.055999964475631714,0.6000000238418579,5.922894477844238,9.238719940185547e-07,-8.29336929321289,0.0,0.0,0.0,-2.2351741790771484e-07,-1.8537124901740754e-07,-2.086162567138672e-07,39.3851318359375,39.38512420654297,58.97996139526367,58.97996139526367,0.0,0.0,0.36458078026771545,0.36458078026771545,0.6354192495346069,0.6354192495346069,0.0,0.0,-4.7780961990356445,-4.7780961990356445,-0.012311297468841076,-0.012311297468841076,1.8963966369628906,1.8963966369628906,-0.04416806995868683,-0.04416806995868683,-0.0649295300245285,-0.0649295300245285,1.7872989177703857,1.7872989177703857,0.5067269802093506,0.5067269802093506,-0.41173022985458374,-0.41173022985458374,-0.14993080496788025,-0.14993080496788025,-77.25300598144531,-77.25300598144531,-51.26396560668945,-51.26396560668945,-36.26396560668945,-36.26396560668945,15.000000953674316,15.000000953674316,1.0,0.02,180.0
121,0.5041666666666667,0.05423970606754219,13.301305125900601,-35.85338083249022,0.05423970606754219,13.301305125900601,-35.85338083249022,6.9,-6.900000095367432,0.0,0.0,15.0,1,0.3,2.0,0.0,4.0,6.666666666666667,2.857142857142857,13.301301956176758,13.301304817199707,13.301304817199707,13.30130386352539,0.09194257110357285,0.09291724860668182,5.736931324005127,6.082329273223877,0.0,0.0,0.0,0.0,nan,nan,33.00420379638672,33.00420379638672,66.00840759277344,0.0,-4.41242790222168,1.8424458503723145,0.0,0.0,0.0,1.8424458503723145,0.0,-4.41242790222168,0.0,0.0,0.0,2.921086549758911,0.1428392380475998,-3.782985210418701,0.0,0.0,0.0,0.0,-4.41242790222168,1.8424458503723145,0.0,0.0,0.0,1.8424458503723145,0.0,-4.41242790222168,-0.0,-0.0,-0.0,2.9210867881774902,-0.14283832907676697,-3.782984972000122,0.0,0.0,0.0,4.470348358154297e-08,0.0,0.6000000238418579,-1.4156103134155273e-07,0.0559999942779541,0.5999999642372131,7.450580596923828e-09,-0.055999964475631714,0.6000000238418579,5.8421735763549805,9.08970832824707e-07,-7.565970420837402,0.0,0.0,0.0,-1.1920928955078125e-07,-1.0196733910561306e-06,-1.043081283569336e-07,39.31101989746094,39.31101989746094,58.8753776550293,58.8753776550293,0.0,0.0,0.36458078026771545,0.36458078026771545,0.6354192495346069,0.6354192495346069,0.0,0.0,-4.893210411071777,-4.893210411071777,0.48078209161758423,0.48078209161758423,1.952549934387207,1.952549934387207,-0.045174576342105865,-0.045174576342105865,-0.0649295300245285,-0.0649295300245285,1.8424458503723145,1.8424458503723145,0.5066947937011719,0.5066947937011719,-0.41497090458869934,-0.41497090458869934,-0.15317150950431824,-0.15317150950431824,-76.83214569091797,-76.83214569091797,-51.07611083984375,-51.07611083984375,-36.07611083984375,-36.07611083984375,15.000000953674316,15.000000953674316,1.0,0.02,180.0
122,0.5083333333333333,0.10924621963977166,13.076010930885724,-72.1713982052678,0.10924621963977166,13.076010930885724,-72.1713982052678,6.9,-6.900000095367432,0.0,0.0,15.0,1,0.3,2.0,0.0,4.0,6.666666666666667,2.857142857142857,13.076011657714844,13.076006889343262,13.076011657714844,13.076011657714844,0.14459505677223206,0.1456235945224762,5.048701286315918,5.409828186035156,0.0,0.0,0.0,0.0,nan,nan,29.874279022216797,29.874279022216797,59.748558044433594,0.0,-3.9159140586853027,1.8330798149108887,0.0,0.0,0.0,1.8330798149108887,0.0,-3.9159140586853027,0.0,0.0,0.0,2.783871650695801,-0.08860495686531067,-3.307079315185547,0.0,0.0,0.0,0.0,-3.9159140586853027,1.8330798149108887,0.0,0.0,0.0,1.8330798149108887,0.0,-3.9159140586853027,-0.0,-0.0,-0.0,2.7838714122772217,0.08860570937395096,-3.307079315185547,0.0,0.0,0.0,4.470348358154297e-08,0.0,0.6000000238418579,-2.9802322387695312e-08,0.05600002408027649,0.6000000238418579,-2.9802322387695312e-08,-0.055999964475631714,0.6000000238418579,5.567743301391602,7.525086402893066e-07,-6.614158630371094,0.0,0.0,0.0,-1.9371509552001953e-07,-4.927932195641915e-07,-1.7881393432617188e-07,39.02861785888672,39.02861785888672,58.51256561279297,58.51256561279297,0.0,0.0,0.36458078026771545,0.36458078026771545,0.6354192495346069,0.6354192495346069,0.0,0.0,-4.883708477020264,-4.883708477020264,0.9677948355674744,0.9677948355674744,1.9431008100509644,1.9431008100509644,-0.04509139060974121,-0.04509139060974121,-0.0649295300245285,-0.0649295300245285,1.8330798149108887,1.8330798149108887,0.506595253944397,0.506595253944397,-0.4147615432739258,-0.4147615432739258,-0.15296213328838348,-0.15296213328838348,-75.53077697753906,-75.53077697753906,-50.37754821777344,-50.37754821777344,-35.37754821777344,-35.37754821777344,15.000000953674316,15.000000953674316,1.0,0.02,180.0
123,0.5125,0.16300099742980115,12.701129490947498,-107.57857148816359,0.16300099742980115,12.701129490947498,-107.57857148816359,6.9,-6.900000095367432,0.0,0.0,15.0,1,0.3,2.0,0.0,4.0,6.666666666666667,2.857142857142857,12.701128959655762,12.701129913330078,12.701130867004395,12.701130867004395,0.1955484002828598,0.19661930203437805,4.295831680297852,4.66840934753418,0.0,0.0,0.0,0.0,nan,nan,25.892841339111328,25.892841339111328,51.785682678222656,0.0,-3.307396411895752,1.7599122524261475,0.0,0.0,0.0,1.7599122524261475,0.0,-3.307396411895752,0.0,0.0,0.0,2.553464889526367,-0.25238609313964844,-2.729886531829834,0.0,0.0,0.0,0.0,-3.307396411895752,1.7599122524261475,0.0,0.0,0.0,1.7599122524261475,0.0,-3.307396411895752,-0.0,-0.0,-0.0,2.553464889526367,0.25238677859306335,-2.729886293411255,0.0,0.0,0.0,4.470348358154297e-08,0.0,0.6000000238418579,-2.2351741790771484e-08,0.05600002408027649,0.5999999642372131,-3.725290298461914e-08,-0.0559999942779541,0.6000000238418579,5.106929779052734,6.854534149169922e-07,-5.459773063659668,0.0,0.0,0.0,-1.043081283569336e-07,-5.589831175711879e-07,-7.450580596923828e-08,38.535213470458984,38.535213470458984,57.88056182861328,57.88056182861328,0.0,0.0,0.3787931799888611,0.3787931799888611,0.6212068796157837,0.6212068796157837,0.0,0.0,-4.749990463256836,-4.749990463256836,1.4425935745239258,1.4425935745239258,1.8687636852264404,1.8687636852264404,-0.04392201825976372,-0.04392201825976372,-0.0649295300245285,-0.0649295300245285,1.7599122524261475,1.7599122524261475,0.5064294338226318,0.5064294338226318,-0.41110628843307495,-0.41110628843307495,-0.14930687844753265,-0.14930687844753265,-73.36536407470703,-73.36536407470703,-49.17710876464844,-49.17710876464844,-34.17710876464844,-34.17710876464844,15.000000953674316,15.000000953674316,1.0,0.02,180.0
124,0.5166666666666666,0.214889934230084,12.181383889190899,-141.63286145262916,0.214889934230084,12.181383889190899,-141.63286145262916,6.9,-6.900000095367432,0.0,0.0,15.0,1,0.3,2.0,0.0,4.0,6.666666666666667,2.857142857142857,12.181382179260254,12.181384086608887,12.181384086608887,12.181384086608887,0.24422331154346466,0.2453247606754303,3.4873764514923096,3.86702823638916,0.0,0.0,0.0,0.0,nan,nan,21.282711029052734,21.282711029052734,42.56542205810547,0.0,-2.596158742904663,1.6285361051559448,0.0,0.0,0.0,1.6285361051559448,0.0,-2.596158742904663,0.0,0.0,0.0,2.239459276199341,-0.33210331201553345,-2.065598964691162,0.0,0.0,0.0,0.0,-2.596158742904663,1.6285361051559448,0.0,0.0,0.0,1.6285361051559448,0.0,-2.596158742904663,-0.0,-0.0,-0.0,2.239459276199341,0.3321039378643036,-2.065598964691162,0.0,0.0,0.0,4.470348358154297e-08,0.0,0.6000000238418579,-3.725290298461914e-08,0.0559999942779541,0.5999999642372131,-7.450580596923828e-09,-0.055999934673309326,0.6000000238418579,4.478918552398682,6.258487701416016e-07,-4.131197929382324,0.0,0.0,0.0,-1.4156103134155273e-07,-4.105005473320489e-07,-1.1920928955078125e-07,37.826351165771484,37.826351165771484,56.96010208129883,56.96010208129883,0.0,0.0,0.3929862082004547,0.3929862082004547,0.6070138216018677,0.6070138216018677,0.0,0.0,-4.49540901184082,-4.49540901184082,1.8992503881454468,1.8992503881454468,1.735161542892456,1.735161542892456,-0.04169587418437004,-0.04169587418437004,-0.0649295300245285,-0.0649295300245285,1.6285361051559448,1.6285361051559448,0.5061994791030884,0.5061994791030884,-0.4040524661540985,-0.4040524661540985,-0.1422530561685562,-0.1422530561685562,-70.3631591796875,-70.3631591796875,-47.48992156982422,-47.48992156982422,-32.48991775512695,-32.48991775512695,15.000000953674316,15.000000953674316,1.0,0.02,180.0
125,0.5208333333333334,0.26432238510788086,11.52329454108551,-173.9148078793091,0.26432238510788086,11.52329454108551,-173.9148078793091,6.9,-6.900000095367432,0.0,0.0,15.0,1,0.3,2.0,0.0,4.0,6.666666666666667,2.857142857142857,11.523292541503906,11.52329158782959,11.523294448852539,11.523294448852539,0.2900699973106384,0.29118964076042175,2.6332101821899414,3.015486240386963,0.0,0.0,0.0,0.0,nan,nan,16.310226440429688,16.310226440429688,32.620452880859375,0.0,-1.7939003705978394,1.4489333629608154,0.0,0.0,0.0,1.4489333629608154,0.0,-1.7939003705978394,0.0,0.0,0.0,1.8565454483032227,-0.31711021065711975,-1.3304760456085205,0.0,0.0,0.0,0.0,-1.7939003705978394,1.4489333629608154,0.0,0.0,0.0,1.4489333629608154,0.0,-1.7939003705978394,-0.0,-0.0,-0.0,1.8565454483032227,0.3171105980873108,-1.330475926399231,0.0,0.0,0.0,4.470348358154297e-08,0.0,0.6000000238418579,-1.1175870895385742e-07,0.05600002408027649,0.5999999642372131,-1.1175870895385742e-07,-0.05599990487098694,0.5999999642372131,3.7130908966064453,3.8743019104003906e-07,-2.660952091217041,0.0,0.0,0.0,-1.6391277313232422e-07,-6.376558303600177e-07,-2.1606683731079102e-07,36.895912170410156,36.895912170410156,55.72278594970703,55.72278594970703,0.0,0.0,0.4213273823261261,0.4213273823261261,0.5786726474761963,0.5786726474761963,0.0,0.0,-4.126040935516357,-4.126040935516357,2.3321406841278076,2.3321406841278076,1.5523290634155273,1.5523290634155273,-0.03846625238656998,-0.03846625238656998,-0.0649295300245285,-0.0649295300245285,1.4489333629608154,1.4489333629608154,0.5059079527854919,0.5059079527854919,-0.3936897814273834,-0.3936897814273834,-0.13189032673835754,-0.13189032673835754,-66.56184387207031,-66.56184387207031,-45.337158203125,-45.337158203125,-30.337156295776367,-30.337156295776367,15.000000953674316,15.000000953674316,1.0,0.02,180.0
126,0.525,0.3107384396262149,10.735071095349072,-204.03412696928774,0.3107384396262149,10.735071095349072,-204.03412696928774,6.9,-6.900000095367432,0.0,0.0,15.0,1,0.3,2.0,0.0,4.0,6.666666666666667,2.857142857142857,10.735068321228027,10.735071182250977,10.735072135925293,10.735071182250977,0.3325742185115814,0.3336997926235199,1.7438294887542725,2.1242880821228027,0.0,0.0,0.0,0.0,nan,nan,11.266633987426758,11.266633987426758,22.533267974853516,0.0,-0.9142203330993652,1.234623908996582,0.0,0.0,0.0,1.234623908996582,0.0,-0.9142203330993652,0.0,0.0,0.0,1.4232547283172607,-0.20318503677845,-0.5414396524429321,0.0,0.0,0.0,0.0,-0.9142203330993652,1.234623908996582,0.0,0.0,0.0,1.234623908996582,0.0,-0.9142203330993652,-0.0,-0.0,-0.0,1.4232547283172607,0.2031852900981903,-0.5414395332336426,0.0,0.0,0.0,4.470348358154297e-08,0.0,0.6000000238418579,-1.1920928955078125e-07,0.05600002408027649,0.5999999046325684,-6.705522537231445e-08,-0.055999964475631714,0.5999999642372131,2.8465094566345215,2.5331974029541016e-07,-1.0828791856765747,0.0,0.0,0.0,-5.029141902923584e-08,-4.0375721255259123e-07,-7.450580596923828e-08,35.736351013183594,35.736351013183594,54.12993621826172,54.12993621826172,0.0,0.0,0.44963017106056213,0.44963017106056213,0.5503698587417603,0.5503698587417603,0.0,0.0,-3.6502513885498047,-3.6502513885498047,2.7360310554504395,2.7360310554504395,1.333860158920288,1.333860158920288,-0.034306541085243225,-0.034306541085243225,-0.0649295300245285,-0.0649295300245285,1.234623908996582,1.234623908996582,0.5055583119392395,0.5055583119392395,-0.3801487386226654,-0.3801487386226654,-0.11834932863712311,-0.11834932863712311,-62.00884246826172,-62.00884246826172,-42.745697021484375,-42.745697021484375,-27.745697021484375,-27.745697021484375,15.000000953674316,15.000000953674316,1.0,0.02,180.0
127,0.5291666666666667,0.3536156903352356,9.826478450619403,-231.63551092276475,0.3536156903352356,9.826478450619403,-231.63551092276475,6.9,-6.900000095367432,0.0,0.0,15.0,1,0.3,2.0,0.0,4.0,6.666666666666667,2.857142857142857,9.826478004455566,9.826478958129883,9.826478004455566,9.826478004455566,0.3712635338306427,0.3723824918270111,0.8301951885223389,1.2044453620910645,0.0,0.0,0.0,0.0,nan,nan,6.44773006439209,6.44773006439209,12.89546012878418,0.0,0.028048075735569,1.001569390296936,0.0,0.0,0.0,1.001569390296936,0.0,0.028048075735569,0.0,0.0,0.0,0.9604396820068359,0.007400130853056908,0.2853573262691498,0.0,0.0,0.0,0.0,0.028048075735569,1.001569390296936,0.0,0.0,0.0,1.001569390296936,0.0,0.028048075735569,-0.0,-0.0,-0.0,0.9604396820068359,-0.007400153204798698,0.28535738587379456,0.0,0.0,0.0,4.470348358154297e-08,0.0,0.6000000238418579,-2.9802322387695312e-08,0.05600005388259888,0.6000000238418579,7.450580596923828e-08,-0.055999964475631714,0.6000000238418579,1.9208793640136719,-2.2351741790771484e-08,0.5707147121429443,0.0,0.0,0.0,2.2351741790771484e-08,1.2756465217478308e-08,-8.568167686462402e-08,34.339019775390625,34.33902359008789,52.13127517700195,52.13128662109375,0.0,0.0,0.4920608103275299,0.4920608103275299,0.5079392194747925,0.5079392194747925,0.0,0.0,-3.078108310699463,-3.078108310699463,3.106156349182129,3.106156349182129,1.0958040952682495,1.0958040952682495,-0.029305104166269302,-0.029305104166269302,-0.0649295300245285,-0.0649295300245285,1.001569390296936,1.001569390296936,0.5051547884941101,0.5051547884941101,-0.36359846591949463,-0.36359846591949463,-0.10179910063743591,-0.10179910063743591,-56.76054763793945,-56.76054763793945,-39.7476692199707,-39.7476692199707,-24.74766731262207,-24.74766731262207,15.000000953674316,15.000000953674316,1.0,0.02,180.0
128,0.5333333333333333,0.39247539498490086,8.80868050099898,-256.403498242004,0.39247539498490086,8.80868050099898,-256.403498242004,6.9,-6.900000095367432,0.0,0.0,15.0,1,0.3,2.0,0.0,4.0,6.666666666666667,2.857142857142857,8.80867862701416,8.808679580688477,8.808679580688477,8.808679580688477,0.4057120978832245,0.40681222081184387,-0.09650593996047974,0.26724499464035034,0.0,0.0,0.0,0.0,nan,nan,2.134000778198242,2.134000778198242,4.268001556396484,0.0,1.0175845623016357,0.7669711112976074,0.0,0.0,0.0,0.7669711112976074,0.0,1.0175845623016357,0.0,0.0,0.0,0.48969075083732605,0.30640655755996704,1.135799765586853,0.0,0.0,0.0,0.0,1.0175845623016357,0.7669711112976074,0.0,0.0,0.0,0.7669711112976074,0.0,1.0175845623016357,-0.0,-0.0,-0.0,0.4896906912326813,-0.30640682578086853,1.1357996463775635,0.0,0.0,0.0,4.470348358154297e-08,0.0,0.6000000238418579,-8.195638656616211e-08,0.056000083684921265,0.5999999642372131,0.0,-0.055999964475631714,0.6000000238418579,0.9793814420700073,-2.682209014892578e-07,2.271599292755127,0.0,0.0,0.0,1.564621925354004e-07,1.6544660752515483e-07,-8.754432201385498e-08,32.69493865966797,32.69493865966797,49.66393280029297,49.663936614990234,0.0,0.0,0.5486653447151184,0.5486653447151184,0.45133471488952637,0.45133471488952637,0.0,0.0,-2.4207024574279785,-2.4207024574279785,3.4382872581481934,3.4382872581481934,0.8554599285125732,0.8554599285125732,-0.02355930022895336,-0.02355930022895336,-0.0649295300245285,-0.0649295300245285,0.7669711112976074,0.7669711112976074,0.5047019124031067,0.5047019124031067,-0.344244122505188,-0.344244122505188,-0.08244471997022629,-0.08244471997022629,-50.8814582824707,-50.8814582824707,-36.379947662353516,-36.379947662353516,-21.379947662353516,-21.379947662353516,15.000000953674316,15.000000953674316,1.0,0.02,180.0
129,0.5375,0.4268879480082236,7.694065689379983,-278.06632323823817,0.4268879480082236,7.694065689379983,-278.06632323823817,6.9,-6.900000095367432,0.0,0.0,15.0,1,0.3,2.0,0.0,4.0,6.666666666666667,2.857142857142857,7.694065570831299,7.694065093994141,7.694066047668457,7.694065570831299,0.43554508686065674,0.4366142153739929,-1.0250836610794067,-0.6759653091430664,0.0,0.0,0.0,0.0,nan,nan,-1.4267359972000122,-1.4267359972000122,-2.8534719944000244,0.0,2.039369583129883,0.5481032729148865,0.0,0.0,0.0,0.5481032729148865,0.0,2.039369583129883,0.0,0.0,0.0,0.0318634994328022,0.680623471736908,1.9987951517105103,0.0,0.0,0.0,0.0,2.039369583129883,0.5481032729148865,0.0,0.0,0.0,0.5481032729148865,0.0,2.039369583129883,-0.0,-0.0,-0.0,0.03186354041099548,-0.6806240081787109,1.9987950325012207,0.0,0.0,0.0,4.470348358154297e-08,0.0,0.6000000238418579,-6.705522537231445e-08,0.05600002408027649,0.5999999642372131,-4.470348358154297e-08,-0.055999964475631714,0.6000000238418579,0.06372703611850739,-5.364418029785156e-07,3.9975900650024414,0.0,0.0,0.0,1.7136335372924805e-07,4.001897764283058e-07,-1.4784745872020721e-08,30.795940399169922,30.79593849182129,46.652374267578125,46.652366638183594,0.0,0.0,0.6335949301719666,0.6335949301719666,0.366405189037323,0.366405189037323,0.0,0.0,-1.689408540725708,-1.689408540725708,3.72877836227417,3.72877836227417,0.6302018761634827,0.6302018761634827,-0.017169032245874405,-0.017169032245874405,-0.0649295300245285,-0.0649295300245285,0.5481032729148865,0.5481032729148865,0.5042051076889038,0.5042051076889038,-0.32232311367988586,-0.32232311367988586,-0.06052372232079506,-0.06052372232079506,-44.44312286376953,-44.44312286376953,-32.68355941772461,-32.68355941772461,-17.683557510375977,-17.683557510375977,15.000000953674316,15.000000953674316,1.0,0.02,180.0
130,0.5416666666666666,0.4564775945092468,6.4960587414108275,-296.39869533755353,0.4564775945092468,6.4960587414108275,-296.39869533755353,6.9,-6.900000095367432,0.0,0.0,15.0,1,0.3,2.0,0.0,4.0,6.666666666666667,2.857142857142857,6.496058464050293,6.496057033538818,6.496058940887451,6.496058940887451,0.46044203639030457,0.4614686071872711,-1.9445215463638306,-1.613976240158081,0.0,0.0,0.0,0.0,nan,nan,-4.032309532165527,-4.032309532165527,-8.064619064331055,0.0,3.079418420791626,0.3613189160823822,0.0,0.0,0.0,0.3613189160823822,0.0,3.079418420791626,0.0,0.0,0.0,-0.3941081762313843,1.113163948059082,2.8668649196624756,0.0,0.0,0.0,0.0,3.079418420791626,0.3613189160823822,0.0,0.0,0.0,0.3613189160823822,0.0,3.079418420791626,-0.0,-0.0,-0.0,-0.3941080868244171,-1.1131646633148193,2.8668646812438965,0.0,0.0,0.0,4.470348358154297e-08,0.0,0.6000000238418579,-5.21540641784668e-08,0.05600002408027649,0.5999999642372131,-6.705522537231445e-08,-0.055999964475631714,0.6000000238418579,-0.788216233253479,-7.152557373046875e-07,5.733729362487793,0.0,0.0,0.0,2.5331974029541016e-07,6.215652774699265e-07,4.470348358154297e-08,28.636640548706055,28.636640548706055,43.01104736328125,43.01103973388672,0.0,0.0,0.7453797459602356,0.7453797459602356,0.2546203136444092,0.2546203136444092,0.0,0.0,-0.895190954208374,-0.895190954208374,3.974609375,3.974609375,0.4364791214466095,0.4364791214466095,-0.01023065485060215,-0.01023065485060215,-0.0649295300245285,-0.0649295300245285,0.3613189160823822,0.3613189160823822,0.5036699771881104,0.5036699771881104,-0.2981019914150238,-0.2981019914150238,-0.0363025926053524,-0.0363025926053524,-37.523094177246094,-37.523094177246094,-28.703081130981445,-28.703081130981445,-13.703081130981445,-13.703081130981445,15.000000953674316,15.000000953674316,1.0,0.02,180.0
131,0.5458333333333333,0.48092633853229166,5.228923070892525,-311.2235007132374,0.48092633853229166,5.228923070892525,-311.2235007132374,6.9,-6.900000095367432,0.0,0.0,15.0,1,0.3,2.0,0.0,4.0,6.666666666666667,2.857142857142857,5.228921413421631,5.228921413421631,5.2289228439331055,5.228923320770264,0.48014017939567566,0.4811130166053772,-2.8441965579986572,-2.5359299182891846,0.0,0.0,0.0,0.0,nan,nan,-5.533794403076172,-5.533794403076172,-11.067588806152344,0.0,4.125392913818359,0.22131577134132385,0.0,0.0,0.0,0.22131577134132385,0.0,4.125392913818359,0.0,0.0,0.0,-0.7720192670822144,1.584852933883667,3.736318349838257,0.0,0.0,0.0,0.0,4.125392913818359,0.22131577134132385,0.0,0.0,0.0,0.22131577134132385,0.0,4.125392913818359,-0.0,-0.0,-0.0,-0.7720187306404114,-1.5848537683486938,3.7363181114196777,0.0,0.0,0.0,4.470348358154297e-08,0.0,0.6000000238418579,-1.1920928955078125e-07,0.05600002408027649,0.5999999642372131,-2.2351741790771484e-08,-0.055999934673309326,0.6000000238418579,-1.5440380573272705,-8.344650268554688e-07,7.4726362228393555,0.0,0.0,0.0,4.470348358154297e-07,9.089858963307051e-07,-5.587935447692871e-08,26.217531204223633,26.217527389526367,38.6524772644043,38.652469635009766,0.0,0.0,0.9079464077949524,0.9079464077949524,0.0920536071062088,0.0920536071062088,0.0,0.0,-0.048012375831604004,-0.048012375831604004,4.173405647277832,4.173405647277832,0.2890770733356476,0.2890770733356476,-0.0028317668475210667,-0.0028317668475210667,-0.0649295300245285,-0.0649295300245285,0.22131577134132385,0.22131577134132385,0.503102719783783,0.503102719783783,-0.27187204360961914,-0.27187204360961914,-0.010072623379528522,-0.010072623379528522,-30.203752517700195,-30.203752517700195,-24.485965728759766,-24.485965728759766,-9.48596477508545,-9.48596477508545,15.000000953674316,15.000000953674316,1.0,0.02,180.0
132,0.55,0.4999770160625319,3.9075582947690357,-322.4124583077593,0.4999770160625319,3.9075582947690357,-322.4124583077593,6.9,-6.900000095367432,0.0,0.0,15.0,1,0.3,2.0,0.0,4.0,6.666666666666667,2.857142857142857,3.907557249069214,3.907557964324951,3.9075584411621094,3.9075584411621094,0.4944360554218292,0.49534478783607483,-3.714029550552368,-3.431476593017578,0.0,0.0,0.0,0.0,nan,nan,-5.8374762535095215,-5.8374762535095215,-11.674952507019043,0.0,5.167011260986328,0.1407042145729065,0.0,0.0,0.0,0.1407042145729065,0.0,5.167011260986328,0.0,0.0,0.0,-1.088775396347046,2.0755295753479004,4.607010841369629,0.0,0.0,0.0,0.0,5.167011260986328,0.1407042145729065,0.0,0.0,0.0,0.1407042145729065,0.0,5.167011260986328,-0.0,-0.0,-0.0,-1.0887751579284668,-2.075530529022217,4.607010841369629,0.0,0.0,0.0,4.470348358154297e-08,0.0,0.6000000238418579,-1.564621925354004e-07,0.05600005388259888,0.5999999642372131,-6.705522537231445e-08,-0.055999964475631714,0.6000000238418579,-2.1775505542755127,-9.5367431640625e-07,9.214021682739258,0.0,0.0,0.0,5.364418029785156e-07,1.5065420484461356e-06,-7.82310962677002e-08,23.549583435058594,23.549583435058594,33.50564193725586,33.50564193725586,0.0,0.0,1.0,1.0,0.0,0.0,0.0,0.0,0.8435659408569336,0.8435659408569336,4.3234453201293945,4.3234453201293945,0.2006814330816269,0.2006814330816269,0.00495230732485652,0.00495230732485652,-0.0649295300245285,-0.0649295300245285,0.1407042145729065,0.1407042145729065,0.5025098919868469,0.5025098919868469,-0.2439451515674591,-0.2439451515674591,0.01785426400601864,0.01785426400601864,-22.5711727142334,-22.5711727142334,-20.08186912536621,-20.08186912536621,-5.081869125366211,-5.081869125366211,15.000000953674316,15.000000953674316,1.0,0.02,180.0
133,0.5541666666666667,0.5134355213278244,2.5472970868105467,-329.88579753861603,0.5134355213278244,2.5472970868105467,-329.88579753861603,6.9,-6.900000095367432,0.0,0.0,15.0,1,0.3,2.0,0.0,4.0,6.666666666666667,2.857142857142857,2.5472965240478516,2.5472960472106934,2.5472970008850098,2.5472970008850098,0.5031875371932983,0.5040224194526672,-4.54461145401001,-4.2909064292907715,0.0,0.0,0.0,0.0,nan,nan,-4.901976585388184,-4.901976585388184,-9.803953170776367,0.0,6.196200370788574,0.12984642386436462,0.0,0.0,0.0,0.12984642386436462,0.0,6.196200370788574,0.0,0.0,0.0,-1.3343994617462158,2.5650815963745117,5.481741905212402,0.0,0.0,0.0,0.0,6.196200370788574,0.12984642386436462,0.0,0.0,0.0,0.12984642386436462,0.0,6.196200370788574,-0.0,-0.0,-0.0,-1.334398865699768,-2.565082311630249,5.481741428375244,0.0,0.0,0.0,4.470348358154297e-08,0.0,0.6000000238418579,-6.705522537231445e-08,0.05600005388259888,0.5999999642372131,-2.2351741790771484e-08,-0.05599990487098694,0.6000000238418579,-2.6687984466552734,-7.152557373046875e-07,10.963483810424805,0.0,0.0,0.0,9.834766387939453e-07,1.0597482287266757e-06,1.1920928955078125e-07,20.66099739074707,20.660993576049805,27.551258087158203,27.551250457763672,0.0,0.0,1.0,1.0,0.0,0.0,0.0,0.0,1.7725391387939453,1.7725391387939453,4.423660755157471,4.423660755157471,0.18171605467796326,0.18171605467796326,0.013059914112091064,0.013059914112091064,-0.0649295300245285,-0.0649295300245285,0.12984642386436462,0.12984642386436462,0.5018981099128723,0.5018981099128723,-0.21464940905570984,-0.21464940905570984,0.04715000465512276,0.04715000465512276,-14.713916778564453,-14.713916778564453,-15.541969299316406,-15.541969299316406,-0.5419687032699585,-0.5419687032699585,15.000000953674316,15.000000953674316,1.0,0.02,180.0
134,0.5583333333333333,0.5211721919276591,1.1637052548144082,-333.61105441341215,0.5211721919276591,1.1637052548144082,-333.61105441341215,6.9,-6.900000095367432,0.0,0.0,15.0,1,0.3,2.0,0.0,4.0,6.666666666666667,2.857142857142857,1.1637053489685059,1.1637049913406372,1.1637052297592163,1.1637052297592163,0.5063140392303467,0.5070667266845703,-5.3272905349731445,-5.10523796081543,0.0,0.0,0.0,0.0,nan,nan,-2.7320516109466553,-2.7320516109466553,-5.4641032218933105,0.0,7.206944465637207,0.19688065350055695,0.0,0.0,0.0,0.19688065350055695,0.0,7.206944465637207,0.0,0.0,0.0,-1.5017554759979248,3.034170627593994,6.365324020385742,0.0,0.0,0.0,0.0,7.206944465637207,0.19688065350055695,0.0,0.0,0.0,0.19688065350055695,0.0,7.206944465637207,-0.0,-0.0,-0.0,-1.5017552375793457,-3.034170389175415,6.365324020385742,0.0,0.0,0.0,4.470348358154297e-08,0.0,0.6000000238418579,7.450580596923828e-09,0.05600002408027649,0.5999999642372131,-1.1920928955078125e-07,-0.055999934673309326,0.6000000238418579,-3.0035107135772705,2.384185791015625e-07,12.730648040771484,0.0,0.0,0.0,7.450580596923828e-07,1.369996311950672e-06,5.364418029785156e-07,17.607454299926758,17.607454299926758,20.884841918945312,20.884841918945312,0.0,0.0,1.0,1.0,0.0,0.0,0.0,0.0,2.7333290576934814,2.7333290576934814,4.4736151695251465,4.4736151695251465,0.24036820232868195,0.24036820232868195,0.021441973745822906,0.021441973745822906,-0.0649295300245285,-0.0649295300245285,0.19688065350055695,0.19688065350055695,0.5012743473052979,0.5012743473052979,-0.18432459235191345,-0.18432459235191345,0.07747482508420944,0.07747482508420944,-6.721894264221191,-6.721894264221191,-10.918294906616211,-10.918294906616211,4.081705570220947,4.081705570220947,15.000000953674316,15.000000953674316,1.0,0.02,180.0
135,0.5625,0.5231223735970009,-0.22754910061580264,-333.3266310771898,0.5231223735970009,-0.22754910061580264,-333.3266310771898,6.9,-6.900000095367432,0.0,0.0,15.0,1,0.3,2.0,0.0,4.0,6.666666666666667,2.857142857142857,0.22754903137683868,0.22754904627799988,0.22754910588264465,0.22754910588264465,0.5038002133369446,0.5044625997543335,-6.053873062133789,-5.865922927856445,0.0,0.0,0.0,0.0,nan,nan,0.6283857822418213,0.6283857822418213,1.2567715644836426,0.0,8.191925048828125,0.3479459881782532,0.0,0.0,0.0,0.3479459881782532,0.0,8.191925048828125,0.0,0.0,0.0,-1.5853302478790283,3.463338613510132,7.2609028816223145,0.0,0.0,0.0,0.0,8.191925048828125,0.3479459881782532,0.0,0.0,0.0,0.3479459881782532,0.0,8.191925048828125,-0.0,-0.0,-0.0,-1.5853303670883179,-3.4633400440216064,7.260902404785156,0.0,0.0,0.0,4.470348358154297e-08,0.0,0.6000000238418579,-1.2665987014770508e-07,0.05600002408027649,0.5999999642372131,-7.450580596923828e-09,-0.055999934673309326,0.6000000238418579,-3.1706604957580566,-1.430511474609375e-06,14.521804809570312,0.0,0.0,0.0,8.642673492431641e-07,1.7174313597934088e-06,-2.8312206268310547e-07,14.492992401123047,14.49299430847168,14.992743492126465,14.992743492126465,1.0,1.0,0.0,0.0,0.0,0.0,0.0,0.0,3.722123622894287,3.722123622894287,4.46980094909668,4.46980094909668,0.3828105330467224,0.3828105330467224,0.030064979568123817,0.030064979568123817,-0.0649295300245285,-0.0649295300245285,0.3479459881782532,0.3479459881782532,0.500508189201355,0.500508189201355,-0.1532946228981018,-0.1532946228981018,0.10850479453802109,0.10850479453802109,1.3143887519836426,1.3143887519836426,-6.262876033782959,-6.262876033782959,8.737125396728516,8.737125396728516,15.000000953674316,15.000000953674316,1.0,0.02,180.0
136,0.5666666666666667,0.5192936662507142,-1.6065316682944746,-327.99377673204515,0.5192936662507142,-1.6065316682944746,-327.99377673204515,6.9,-6.900000095367432,0.0,0.0,15.0,1,0.3,2.0,0.0,4.0,6.666666666666667,2.857142857142857,1.6065315008163452,1.6065317392349243,1.6065316200256348,1.6065316200256348,0.49572014808654785,0.49628597497940063,-6.713693141937256,-6.561774730682373,0.0,0.0,0.0,0.0,nan,nan,5.073739528656006,5.073739528656006,10.147479057312012,0.0,9.131515502929688,0.5863007307052612,0.0,0.0,0.0,0.5863007307052612,0.0,9.131515502929688,0.0,0.0,0.0,-1.5792890787124634,3.8288612365722656,8.15928840637207,0.0,0.0,0.0,0.0,9.131515502929688,0.5863007307052612,0.0,0.0,0.0,0.5863007307052612,0.0,9.131515502929688,-0.0,-0.0,-0.0,-1.5792882442474365,-3.8288629055023193,8.15928840637207,0.0,0.0,0.0,4.470348358154297e-08,0.0,0.6000000238418579,-5.21540641784668e-08,0.05600005388259888,0.6000000238418579,2.9802322387695312e-08,-0.0559999942779541,0.6000000238418579,-3.1585774421691895,-1.6689300537109375e-06,16.31857681274414,0.0,0.0,0.0,4.76837158203125e-07,9.118715524891741e-07,-1.7136335372924805e-07,11.553834915161133,11.553831100463867,14.948801040649414,14.948801040649414,1.0,1.0,0.0,0.0,0.0,0.0,0.0005239031161181629,0.0005239031161181629,4.735055923461914,4.735055923461914,4.398289203643799,4.398289203643799,0.6131972074508667,0.6131972074508667,0.03889510780572891,0.03889510780572891,-0.0649295300245285,-0.0649295300245285,0.5863007307052612,0.5863007307052612,0.4990469813346863,0.4990469813346863,-0.12190228700637817,-0.12190228700637817,0.13989710807800293,0.13989710807800293,9.279786109924316,9.279786109924316,-1.640819787979126,-1.640819787979126,13.359180450439453,13.359180450439453,15.000000953674316,15.000000953674316,1.0,0.02,180.0
137,0.5708333333333333,0.5097757431079291,-2.956001414267678,-319.1972433263376,0.5097757431079291,-2.956001414267678,-319.1972433263376,6.9,-6.900000095367432,0.0,0.0,15.0,1,0.3,2.0,0.0,4.0,6.666666666666667,2.857142857142857,2.9560012817382812,2.9560012817382812,2.9560015201568604,2.9560015201568604,0.4822564125061035,0.4827200770378113,-7.292395114898682,-7.177846431732178,0.0,0.0,0.0,0.0,nan,nan,10.309834480285645,10.309834480285645,20.61966896057129,0.0,9.953838348388672,0.8680093288421631,0.0,0.0,0.0,0.8680093288421631,0.0,9.953838348388672,0.0,0.0,0.0,-1.5105737447738647,4.087468147277832,8.991279602050781,0.0,0.0,0.0,0.0,9.953838348388672,0.8680093288421631,0.0,0.0,0.0,0.8680093288421631,0.0,9.953838348388672,-0.0,-0.0,-0.0,-1.510572910308838,-4.087470054626465,8.991278648376465,0.0,0.0,0.0,4.470348358154297e-08,0.0,0.6000000238418579,-5.960464477539063e-08,0.05600005388259888,0.5999999642372131,0.0,-0.0559999942779541,0.6000000238418579,-3.021146774291992,-1.9073486328125e-06,17.982559204101562,0.0,0.0,0.0,8.344650268554688e-07,1.4298423138825456e-06,-1.043081283569336e-07,9.459625244140625,9.459622383117676,14.90541934967041,14.90541934967041,1.0,1.0,0.0,0.0,0.0,0.0,0.023084618151187897,0.023084618151187897,5.761960983276367,5.761960983276367,4.280330657958984,4.280330657958984,0.9313955307006836,0.9313955307006836,0.04784384369850159,0.04784384369850159,-0.0649295300245285,-0.0649295300245285,0.8680093288421631,0.8680093288421631,0.4976087510585785,0.4976087510585785,-0.09067104756832123,-0.09067104756832123,0.17112836241722107,0.17112836241722107,17.074708938598633,17.074708938598633,2.887782573699951,2.887782573699951,17.887784957885742,17.887784957885742,15.000000953674316,15.000000953674316,1.0,0.02,180.0
138,0.575,0.494721096861902,-4.261962510971303,-307.1502015400244,0.494721096861902,-4.261962510971303,-307.1502015400244,6.9,-6.900000095367432,0.0,0.0,15.0,1,0.3,2.0,0.0,4.0,6.666666666666667,2.857142857142857,4.261961936950684,4.261961460113525,4.261962890625,4.261962413787842,0.46412086486816406,0.46447423100471497,-7.701138973236084,-7.623227119445801,0.0,0.0,0.0,0.0,nan,nan,14.258649826049805,14.258649826049805,28.51729965209961,0.0,9.881542205810547,0.8499717712402344,0.0,0.0,0.0,0.8499717712402344,0.0,9.881542205810547,0.0,0.0,0.0,-1.5264817476272583,3.9216814041137695,8.980957984924316,0.0,0.0,0.0,0.0,9.881542205810547,0.8499717712402344,0.0,0.0,0.0,0.8499717712402344,0.0,9.881542205810547,-0.0,-0.0,-0.0,-1.5264805555343628,-3.9216837882995605,8.98095703125,0.0,0.0,0.0,4.470348358154297e-08,0.0,0.6000000238418579,-1.043081283569336e-07,0.05600002408027649,0.5999999642372131,-4.470348358154297e-08,-0.055999964475631714,0.6000000238418579,-3.052962303161621,-2.384185791015625e-06,17.9619140625,0.0,0.0,0.0,8.344650268554688e-07,2.232212409580825e-06,-7.450580596923828e-08,9.02236557006836,9.022368431091309,14.86274242401123,14.86274242401123,1.0,1.0,0.0,0.0,0.0,0.0,0.2274339199066162,0.2274339199066162,6.797220706939697,6.797220706939697,4.118783950805664,4.118783950805664,1.3352208137512207,1.3352208137512207,0.056862495839595795,0.056862495839595795,-0.0649295300245285,-0.0649295300245285,0.8499717712402344,0.8499717712402344,0.4962088167667389,0.4962088167667389,-0.059939149767160416,-0.059939149767160416,0.20186026394367218,0.20186026394367218,24.618314743041992,24.618314743041992,7.27577543258667,7.27577543258667,22.275775909423828,22.275775909423828,15.000000953674316,15.000000953674316,1.0,0.02,180.0
139,0.5791666666666666,0.47433861087664697,-5.511354778582443,-292.08735262336205,0.47433861087664697,-5.511354778582443,-292.08735262336205,6.9,-6.900000095367432,0.0,0.0,15.0,1,0.3,2.0,0.0,4.0,6.666666666666667,2.857142857142857,5.511353015899658,5.511353015899658,5.511354923248291,5.511354923248291,0.44119974970817566,0.4414382576942444,-7.9928693771362305,-7.951591968536377,0.0,0.0,0.0,0.0,nan,nan,17.61534309387207,17.61534309387207,35.23068618774414,0.0,9.435896873474121,0.5632071495056152,0.0,0.0,0.0,0.5632071495056152,0.0,9.435896873474121,0.0,0.0,0.0,-1.7168943881988525,3.567518949508667,8.583614349365234,0.0,0.0,0.0,0.0,9.435896873474121,0.5632071495056152,0.0,0.0,0.0,0.5632071495056152,0.0,9.435896873474121,-0.0,-0.0,-0.0,-1.7168941497802734,-3.567521572113037,8.583613395690918,0.0,0.0,0.0,4.470348358154297e-08,0.0,0.6000000238418579,-1.7136335372924805e-07,0.0559999942779541,0.5999999046325684,-2.9802322387695312e-08,-0.055999934673309326,0.6000000238418579,-3.433788537979126,-2.6226043701171875e-06,17.16722869873047,0.0,0.0,0.0,1.0132789611816406e-06,2.6988332137989346e-06,-3.7997961044311523e-07,9.779594421386719,9.779595375061035,18.906055450439453,18.906055450439453,0.9468622207641602,0.9468622207641602,0.05313779413700104,0.05313779413700104,0.0,0.0,0.4937935173511505,0.4937935173511505,7.833794593811035,7.833794593811035,3.9167957305908203,3.9167957305908203,1.8195483684539795,1.8195483684539795,0.06589008867740631,0.06589008867740631,-0.0649295300245285,-0.0649295300245285,0.5632071495056152,0.5632071495056152,0.49486204981803894,0.49486204981803894,-0.030028533190488815,-0.030028533190488815,0.23177087306976318,0.23177087306976318,31.835163116455078,31.835163116455078,11.479104042053223,11.479104042053223,26.479103088378906,26.479103088378906,15.000000953674316,15.000000953674316,1.0,0.02,180.0
140,0.5833333333333334,0.4488894911342644,-6.692129756535031,-274.25852060096264,0.4488894911342644,-6.692129756535031,-274.25852060096264,6.9,-6.900000095367432,0.0,0.0,15.0,1,0.3,2.0,0.0,4.0,6.666666666666667,2.857142857142857,6.692128658294678,6.6921281814575195,6.692129611968994,6.692129611968994,0.4130863845348358,0.41321200132369995,-8.27608871459961,-8.273275375366211,0.0,0.0,0.0,0.0,nan,nan,22.561962127685547,22.561962127685547,45.123924255371094,0.0,9.641878128051758,0.42270177602767944,0.0,0.0,0.0,0.42270177602767944,0.0,9.641878128051758,0.0,0.0,0.0,-1.9252269268035889,3.4170823097229004,8.81825065612793,0.0,0.0,0.0,0.0,9.641878128051758,0.42270177602767944,0.0,0.0,0.0,0.42270177602767944,0.0,9.641878128051758,-0.0,-0.0,-0.0,-1.925226092338562,-3.4170830249786377,8.81825065612793,0.0,0.0,0.0,4.470348358154297e-08,0.0,0.6000000238418579,-7.450580596923828e-08,0.05600005388259888,0.5999999642372131,-6.705522537231445e-08,-0.055999934673309326,0.5999999642372131,-3.8504528999328613,-7.152557373046875e-07,17.63650131225586,0.0,0.0,0.0,1.0728836059570312e-06,2.2662384253635537e-06,2.4586915969848633e-07,11.067423820495605,11.067425727844238,24.601457595825195,24.601457595825195,0.8122940063476562,0.8122940063476562,0.18770600855350494,0.18770600855350494,0.0,0.0,0.6212068796157837,0.6212068796157837,8.862927436828613,8.862927436828613,3.6777169704437256,3.6777169704437256,2.3759775161743164,2.3759775161743164,0.07485079765319824,0.07485079765319824,-0.0649295300245285,-0.0649295300245285,0.42270177602767944,0.42270177602767944,0.4935823678970337,0.4935823678970337,-0.0012423204025253654,-0.0012423204025253654,0.26055708527565,0.26055708527565,38.65565490722656,38.65565490722656,15.457062721252441,15.457062721252441,30.457063674926758,30.457063674926758,15.000000953674316,15.000000953674316,1.0,0.02,180.0
141,0.5875,0.4186829352372867,-7.793301597018239,-253.9229996959212,0.4186829352372867,-7.793301597018239,-253.9229996959212,6.9,-6.900000095367432,0.0,0.0,15.0,1,0.3,2.0,0.0,4.0,6.666666666666667,2.857142857142857,7.793302536010742,7.793300628662109,7.793301582336426,7.793301582336426,0.3804066777229309,0.38042041659355164,-8.501784324645996,-8.537933349609375,0.0,0.0,0.0,0.0,nan,nan,28.227855682373047,28.227855682373047,56.455711364746094,0.0,10.063101768493652,0.34470903873443604,0.0,0.0,0.0,0.34470903873443604,0.0,10.063101768493652,0.0,0.0,0.0,-2.1292738914489746,3.28053617477417,9.278422355651855,0.0,0.0,0.0,0.0,10.063101768493652,0.34470903873443604,0.0,0.0,0.0,0.34470903873443604,0.0,10.063101768493652,-0.0,-0.0,-0.0,-2.129272937774658,-3.2805373668670654,9.278422355651855,0.0,0.0,0.0,4.470348358154297e-08,0.0,0.6000000238418579,1.4901161193847656e-08,0.05600005388259888,0.5999999642372131,-7.450580596923828e-08,-0.055999934673309326,0.5999999642372131,-4.258546829223633,-1.1920928955078125e-06,18.55684471130371,0.0,0.0,0.0,1.1324882507324219e-06,1.6364217572117923e-06,5.960464477539062e-07,12.521479606628418,12.521484375,29.54710578918457,29.54710578918457,0.7177879214286804,0.7177879214286804,0.28221216797828674,0.28221216797828674,0.0,0.0,0.6925286650657654,0.6925286650657654,9.87411117553711,9.87411117553711,3.405024528503418,3.405024528503418,2.9926209449768066,2.9926209449768066,0.08365356922149658,0.08365356922149658,-0.0649295300245285,-0.0649295300245285,0.34470903873443604,0.34470903873443604,0.4923829138278961,0.4923829138278961,0.026137294247746468,0.026137294247746468,0.2879366874694824,0.2879366874694824,45.01633834838867,45.01633834838867,19.172508239746094,19.172508239746094,34.172508239746094,34.172508239746094,15.000000953674316,15.000000953674316,1.0,0.02,180.0
142,0.5916666666666667,0.384071636456716,-8.804976184338617,-231.34476983029657,0.384071636456716,-8.804976184338617,-231.34476983029657,6.9,-6.900000095367432,0.0,0.0,15.0,1,0.3,2.0,0.0,4.0,6.666666666666667,2.857142857142857,8.804974555969238,8.804976463317871,8.804976463317871,8.804976463317871,0.3436613082885742,0.3435640335083008,-8.6482515335083,-8.723075866699219,0.0,0.0,0.0,0.0,nan,nan,34.172386169433594,34.172386169433594,68.34477233886719,0.0,10.50686264038086,0.27508994936943054,0.0,0.0,0.0,0.27508994936943054,0.0,10.50686264038086,0.0,0.0,0.0,-2.3342366218566895,3.0794262886047363,9.774370193481445,0.0,0.0,0.0,0.0,10.50686264038086,0.27508994936943054,0.0,0.0,0.0,0.27508994936943054,0.0,10.50686264038086,-0.0,-0.0,-0.0,-2.3342363834381104,-3.0794284343719482,9.774370193481445,0.0,0.0,0.0,4.470348358154297e-08,0.0,0.6000000238418579,-8.940696716308594e-08,0.05600002408027649,0.5999999642372131,-4.470348358154297e-08,-0.055999964475631714,0.6000000238418579,-4.668473243713379,-2.1457672119140625e-06,19.54874038696289,0.0,0.0,0.0,7.748603820800781e-07,2.3238733319885796e-06,0.0,13.95763874053955,13.957640647888184,33.72087478637695,33.72087478637695,0.6335949301719666,0.6335949301719666,0.366405189037323,0.366405189037323,0.0,0.0,0.7501851320266724,0.7501851320266724,10.855260848999023,10.855260848999023,3.10225772857666,3.10225772857666,3.65411376953125,3.65411376953125,0.0921935886144638,0.0921935886144638,-0.0649295300245285,-0.0649295300245285,0.27508994936943054,0.27508994936943054,0.4912756383419037,0.4912756383419037,0.05185038968920708,0.05185038968920708,0.3136498034000397,0.3136498034000397,50.86006164550781,50.86006164550781,22.591922760009766,22.591922760009766,37.591922760009766,37.591922760009766,15.000000953674316,15.000000953674316,1.0,0.02,180.0
143,0.5958333333333333,0.3454472057900743,-9.718362241693574,-206.7886401053028,0.3454472057900743,-9.718362241693574,-206.7886401053028,6.9,-6.900000095367432,0.0,0.0,15.0,1,0.3,2.0,0.0,4.0,6.666666666666667,2.857142857142857,9.71835994720459,9.718361854553223,9.718361854553223,9.718361854553223,0.3032338321208954,0.3030279576778412,-8.718954086303711,-8.831868171691895,0.0,0.0,0.0,0.0,nan,nan,40.2382698059082,40.2382698059082,80.4765396118164,0.0,11.004638671875,0.24442464113235474,0.0,0.0,0.0,0.24442464113235474,0.0,11.004638671875,0.0,0.0,0.0,-2.5172369480133057,2.8166327476501465,10.338854789733887,0.0,0.0,0.0,0.0,11.004638671875,0.24442464113235474,0.0,0.0,0.0,0.24442464113235474,0.0,11.004638671875,-0.0,-0.0,-0.0,-2.5172367095947266,-2.8166344165802,10.338854789733887,0.0,0.0,0.0,4.470348358154297e-08,0.0,0.6000000238418579,-9.685754776000977e-08,0.05600002408027649,0.5999999642372131,0.0,-0.055999934673309326,0.6000000238418579,-5.034473419189453,-1.6689300537109375e-06,20.677709579467773,0.0,0.0,0.0,1.0728836059570312e-06,2.075800694001373e-06,-4.470348358154297e-08,15.283060073852539,15.283060073852539,37.176849365234375,37.176849365234375,0.5911480784416199,0.5911480784416199,0.39665621519088745,0.39665621519088745,0.012195754796266556,0.012195754796266556,0.7792512774467468,0.7792512774467468,11.793061256408691,11.793061256408691,2.77296781539917,2.77296781539917,4.341900825500488,4.341900825500488,0.100355364382267,0.100355364382267,-0.0649295300245285,-0.0649295300245285,0.24442464113235474,0.24442464113235474,0.49027159810066223,0.49027159810066223,0.0756603255867958,0.0756603255867958,0.3374597430229187,0.3374597430229187,56.13603973388672,56.13603973388672,25.685476303100586,25.685476303100586,40.68547821044922,40.68547821044922,15.000000953674316,15.000000953674316,1.0,0.02,180.0
144,0.6,0.3032355789254994,-10.525768335753268,-180.51733315467544,0.3032355789254994,-10.525768335753268,-180.51733315467544,6.9,-6.900000095367432,0.0,0.0,15.0,1,0.3,2.0,0.0,4.0,6.666666666666667,2.857142857142857,10.52577018737793,10.525766372680664,10.525768280029297,10.525768280029297,0.25960811972618103,0.2592964768409729,-8.707043647766113,-8.85696029663086,0.0,0.0,0.0,0.0,nan,nan,46.10072708129883,46.10072708129883,92.20145416259766,0.0,11.48529052734375,0.23277026414871216,0.0,0.0,0.0,0.23277026414871216,0.0,11.48529052734375,0.0,0.0,0.0,-2.6782991886138916,2.4685120582580566,10.894918441772461,0.0,0.0,0.0,0.0,11.48529052734375,0.23277026414871216,0.0,0.0,0.0,0.23277026414871216,0.0,11.48529052734375,-0.0,-0.0,-0.0,-2.6782989501953125,-2.4685142040252686,10.894918441772461,0.0,0.0,0.0,4.470348358154297e-08,0.0,0.6000000238418579,-2.2351741790771484e-08,0.05600005388259888,0.5999999642372131,0.0,-0.0559999942779541,0.5999999642372131,-5.356597900390625,-2.1457672119140625e-06,21.789836883544922,0.0,0.0,0.0,6.556510925292969e-07,1.5368800632131752e-06,1.043081283569336e-07,16.45294952392578,16.452953338623047,39.99272155761719,39.99272537231445,0.5486653447151184,0.5486653447151184,0.3981969356536865,0.3981969356536865,0.05313779413700104,0.05313779413700104,0.7938439249992371,0.7938439249992371,12.673447608947754,12.673447608947754,2.4206783771514893,2.4206783771514893,5.034820556640625,5.034820556640625,0.10801677405834198,0.10801677405834198,-0.0649295300245285,-0.0649295300245285,0.23277026414871216,0.23277026414871216,0.48938047885894775,0.48938047885894775,0.09735437482595444,0.09735437482595444,0.3591538071632385,0.3591538071632385,60.79985046386719,60.79985046386719,28.427045822143555,28.427045822143555,43.42704772949219,43.42704772949219,15.000000953674316,15.000000953674316,1.0,0.02,180.0
145,0.6041666666666666,0.2578924587124016,-11.220589656811507,-152.78948326640526,0.2578924587124016,-11.220589656811507,-152.78948326640526,6.9,-6.900000095367432,0.0,0.0,15.0,1,0.3,2.0,0.0,4.0,6.666666666666667,2.857142857142857,11.220589637756348,11.220589637756348,11.220589637756348,11.220589637756348,0.21332357823848724,0.21290966868400574,-8.601670265197754,-8.786908149719238,0.0,0.0,0.0,0.0,nan,nan,51.37636184692383,51.37636184692383,102.75272369384766,0.0,11.833772659301758,0.19376322627067566,0.0,0.0,0.0,0.19376322627067566,0.0,11.833772659301758,0.0,0.0,0.0,-2.830826759338379,2.0169382095336914,11.313447952270508,0.0,0.0,0.0,0.0,11.833772659301758,0.19376322627067566,0.0,0.0,0.0,0.19376322627067566,0.0,11.833772659301758,-0.0,-0.0,-0.0,-2.8308262825012207,-2.0169403553009033,11.313447952270508,0.0,0.0,0.0,4.470348358154297e-08,0.0,0.6000000238418579,-4.470348358154297e-08,0.05600005388259888,0.6000000238418579,4.470348358154297e-08,-0.0559999942779541,0.6000000238418579,-5.6616530418396,-2.1457672119140625e-06,22.626895904541016,0.0,0.0,0.0,6.556510925292969e-07,1.01150112641335e-06,1.4901161193847656e-08,17.44882583618164,17.44882583618164,42.24671173095703,42.2467155456543,0.5203555822372437,0.5203555822372437,0.38759085536003113,0.38759085536003113,0.0920536071062088,0.0920536071062088,0.8231391906738281,0.8231391906738281,13.48213005065918,13.48213005065918,2.0488572120666504,2.0488572120666504,5.70993709564209,5.70993709564209,0.11505372822284698,0.11505372822284698,-0.0649295300245285,-0.0649295300245285,0.19376322627067566,0.19376322627067566,0.4886109232902527,0.4886109232902527,0.11674385517835617,0.11674385517835617,0.37854328751564026,0.37854328751564026,64.81333923339844,64.81333923339844,30.79412269592285,30.79412269592285,45.794124603271484,45.794124603271484,15.000000953674316,15.000000953674316,1.0,0.02,180.0
146,0.6083333333333333,0.20989882791003026,-11.797288268273752,-123.85848848872281,0.20989882791003026,-11.797288268273752,-123.85848848872281,6.9,-6.900000095367432,0.0,0.0,15.0,1,0.3,2.0,0.0,4.0,6.666666666666667,2.857142857142857,11.797287940979004,11.797287940979004,11.79728889465332,11.79728889465332,0.16477447748184204,0.16426336765289307,-8.419441223144531,-8.638285636901855,0.0,0.0,0.0,0.0,nan,nan,55.99281692504883,55.99281692504883,111.98563385009766,0.0,12.181818008422852,0.2004198133945465,0.0,0.0,0.0,0.2004198133945465,0.0,12.181818008422852,0.0,0.0,0.0,-2.935363292694092,1.4979881048202515,11.729302406311035,0.0,0.0,0.0,0.0,12.181818008422852,0.2004198133945465,0.0,0.0,0.0,0.2004198133945465,0.0,12.181818008422852,-0.0,-0.0,-0.0,-2.9353628158569336,-1.4979909658432007,11.729302406311035,0.0,0.0,0.0,4.470348358154297e-08,0.0,0.6000000238418579,-2.9802322387695312e-08,0.05600005388259888,0.5999999642372131,9.685754776000977e-08,-0.0559999942779541,0.6000000238418579,-5.870726108551025,-2.86102294921875e-06,23.45860481262207,0.0,0.0,0.0,7.748603820800781e-07,4.371315753814997e-07,2.9802322387695312e-08,18.26707649230957,18.267078399658203,44.0077018737793,44.0077018737793,0.4920608103275299,0.4920608103275299,0.3822701573371887,0.3822701573371887,0.12566909193992615,0.12566909193992615,0.8231391906738281,0.8231391906738281,14.205154418945312,14.205154418945312,1.6609017848968506,1.6609017848968506,6.343585968017578,6.343585968017578,0.12134499847888947,0.12134499847888947,-0.0649295300245285,-0.0649295300245285,0.2004198133945465,0.2004198133945465,0.48797038197517395,0.48797038197517395,0.13366420567035675,0.13366420567035675,0.39546361565589905,0.39546361565589905,68.1445083618164,68.1445083618164,32.76778793334961,32.76778793334961,47.76778793334961,47.76778793334961,15.000000953674316,15.000000953674316,1.0,0.02,180.0
147,0.6125,0.1597565521892832,-12.251370214000932,-93.97213128772638,0.1597565521892832,-12.251370214000932,-93.97213128772638,6.9,-6.900000095367432,0.0,0.0,15.0,1,0.3,2.0,0.0,4.0,6.666666666666667,2.857142857142857,12.251364707946777,12.25136661529541,12.251370429992676,12.251370429992676,0.11456882953643799,0.11396564543247223,-8.14620590209961,-8.396291732788086,0.0,0.0,0.0,0.0,nan,nan,59.544456481933594,59.544456481933594,119.08891296386719,0.0,12.371355056762695,0.1811893880367279,0.0,0.0,0.0,0.1811893880367279,0.0,12.371355056762695,0.0,0.0,0.0,-3.018361806869507,0.9040278196334839,11.964759826660156,0.0,0.0,0.0,0.0,12.371355056762695,0.1811893880367279,0.0,0.0,0.0,0.1811893880367279,0.0,12.371355056762695,-0.0,-0.0,-0.0,-3.018362283706665,-0.9040308594703674,11.96475887298584,0.0,0.0,0.0,4.470348358154297e-08,0.0,0.6000000238418579,-1.4901161193847656e-07,0.055999964475631714,0.5999999642372131,-2.9802322387695312e-08,-0.055999964475631714,0.6000000238418579,-6.036724090576172,-3.039836883544922e-06,23.929519653320312,0.0,0.0,0.0,1.1920928955078125e-07,3.389106723261648e-06,-1.341104507446289e-07,18.913143157958984,18.913143157958984,45.331871032714844,45.33185577392578,0.47791728377342224,0.47791728377342224,0.37236490845680237,0.37236490845680237,0.14971785247325897,0.14971785247325897,0.8378353118896484,0.8378353118896484,14.829442977905273,14.829442977905273,1.260135531425476,1.260135531425476,6.912539958953857,6.912539958953857,0.12677696347236633,0.12677696347236633,-0.0649295300245285,-0.0649295300245285,0.1811893880367279,0.1811893880367279,0.4874648153781891,0.4874648153781891,0.14797481894493103,0.14797481894493103,0.4097742438316345,0.4097742438316345,70.76741790771484,70.76741790771484,34.33263397216797,34.33263397216797,49.33263397216797,49.33263397216797,15.000000953674316,15.000000953674316,1.0,0.02,180.0
148,0.6166666666666667,0.10798408004543904,-12.579362473476019,-63.37286300277418,0.10798408004543904,-12.579362473476019,-63.37286300277418,6.9,-6.900000095367432,0.0,0.0,15.0,1,0.3,2.0,0.0,4.0,6.666666666666667,2.857142857142857,12.57935905456543,12.579363822937012,12.579362869262695,12.579362869262695,0.06319455057382584,0.06250558793544769,-7.789758205413818,-8.068511962890625,0.0,0.0,0.0,0.0,nan,nan,61.9051513671875,61.9051513671875,123.810302734375,0.0,12.441389083862305,0.16090786457061768,0.0,0.0,0.0,0.16090786457061768,0.0,12.441389083862305,0.0,0.0,0.0,-3.063903570175171,0.2658114731311798,12.056363105773926,0.0,0.0,0.0,0.0,12.441389083862305,0.16090786457061768,0.0,0.0,0.0,0.16090786457061768,0.0,12.441389083862305,-0.0,-0.0,-0.0,-3.063904047012329,-0.2658141553401947,12.056363105773926,0.0,0.0,0.0,4.470348358154297e-08,0.0,0.6000000238418579,-1.564621925354004e-07,0.055999964475631714,0.5999999046325684,3.725290298461914e-08,-0.0559999942779541,0.5999999642372131,-6.1278076171875,-2.682209014892578e-06,24.11272621154785,0.0,0.0,0.0,-3.5762786865234375e-07,3.063021949856193e-06,-1.7881393432617188e-07,19.400020599365234,19.4000186920166,46.262115478515625,46.262115478515625,0.4637744426727295,0.4637744426727295,0.3740755319595337,0.3740755319595337,0.1621500849723816,0.1621500849723816,0.852557361125946,0.852557361125946,15.34328556060791,15.34328556060791,0.8498094081878662,0.8498094081878662,7.395206451416016,7.395206451416016,0.13124781847000122,0.13124781847000122,-0.0649295300245285,-0.0649295300245285,0.16090786457061768,0.16090786457061768,0.48709893226623535,0.48709893226623535,0.15955863893032074,0.15955863893032074,0.4213580787181854,0.4213580787181854,72.66199493408203,72.66199493408203,35.47665786743164,35.47665786743164,50.47665786743164,50.47665786743164,15.000000953674316,15.000000953674316,1.0,0.02,180.0
149,0.6208333333333333,0.055112234775736055,-12.778792287361211,-32.29863340753421,0.055112234775736055,-12.778792287361211,-32.29863340753421,6.9,-6.900000095367432,0.0,0.0,15.0,1,0.3,2.0,0.0,4.0,6.666666666666667,2.857142857142857,12.778788566589355,12.778788566589355,12.778791427612305,12.778791427612305,0.011149332858622074,0.010381822474300861,-7.358426094055176,-7.6630988121032715,0.0,0.0,0.0,0.0,nan,nan,62.991485595703125,62.991485595703125,125.98297119140625,0.0,12.43060302734375,0.16331738233566284,0.0,0.0,0.0,0.16331738233566284,0.0,12.43060302734375,0.0,0.0,0.0,-3.0579235553741455,-0.39156192541122437,12.043353080749512,0.0,0.0,0.0,0.0,12.43060302734375,0.16331738233566284,0.0,0.0,0.0,0.16331738233566284,0.0,12.43060302734375,-0.0,-0.0,-0.0,-3.0579233169555664,0.39155930280685425,12.043353080749512,0.0,0.0,0.0,4.470348358154297e-08,0.0,0.6000000238418579,-9.685754776000977e-08,0.05600002408027649,0.5999999642372131,-5.21540641784668e-08,-0.055999964475631714,0.5999999642372131,-6.115846633911133,-2.6226043701171875e-06,24.086706161499023,0.0,0.0,0.0,7.152557373046875e-07,3.235892108932603e-06,2.086162567138672e-07,19.758115768432617,19.75811767578125,46.828670501708984,46.828670501708984,0.4637744426727295,0.4637744426727295,0.36140501499176025,0.36140501499176025,0.17482061684131622,0.17482061684131622,0.852557361125946,0.852557361125946,15.736775398254395,15.736775398254395,0.43311411142349243,0.43311411142349243,7.772780418395996,7.772780418395996,0.13467147946357727,0.13467147946357727,-0.0649295300245285,-0.0649295300245285,0.16331738233566284,0.16331738233566284,0.48687615990638733,0.48687615990638733,0.16832198202610016,0.16832198202610016,0.43012142181396484,0.43012142181396484,73.81396484375,73.81396484375,36.19123077392578,36.19123077392578,51.19123077392578,51.19123077392578,15.000000953674316,15.000000953674316,1.0,0.02,180.0
150,0.625,0.0016800842280924584,-12.848170860054546,-0.984137102036791,0.0016800842280924584,-12.848170860054546,-0.984137102036791,6.9,-6.900000095367432,0.0,0.0,15.0,1,0.3,2.0,0.0,4.0,6.666666666666667,2.857142857142857,12.848172187805176,12.848169326782227,12.84817123413086,12.84817123413086,-0.04100343957543373,-0.04184173420071602,-6.851351737976074,-7.178826808929443,0.0,0.0,0.0,0.0,nan,nan,62.68170928955078,62.68170928955078,125.36341857910156,0.0,12.288479804992676,0.16496536135673523,0.0,0.0,0.0,0.16496536135673523,0.0,12.288479804992676,0.0,0.0,0.0,-3.009678602218628,-1.042493462562561,11.869667053222656,0.0,0.0,0.0,0.0,12.288479804992676,0.16496536135673523,0.0,0.0,0.0,0.16496536135673523,0.0,12.288479804992676,-0.0,-0.0,-0.0,-3.009678602218628,1.0424907207489014,11.869667053222656,0.0,0.0,0.0,4.470348358154297e-08,0.0,0.6000000238418579,0.0,0.05600005388259888,0.6000000238418579,-7.450580596923828e-08,-0.055999964475631714,0.6000000238418579,-6.019357204437256,-2.7418136596679688e-06,23.739334106445312,0.0,0.0,0.0,1.0728836059570312e-06,1.9455901565379463e-06,1.9371509552001953e-07,19.98322105407715,19.983217239379883,47.04986572265625,47.04986572265625,0.4637744426727295,0.4637744426727295,0.34851959347724915,0.34851959347724915,0.18770600855350494,0.18770600855350494,0.852557361125946,0.852557361125946,16.00217056274414,16.00217056274414,0.013196956366300583,0.013196956366300583,8.030267715454102,8.030267715454102,0.1369805634021759,0.1369805634021759,-0.0649295300245285,-0.0649295300245285,0.16496536135673523,0.16496536135673523,0.48679861426353455,0.48679861426353455,0.17419418692588806,0.17419418692588806,0.43599361181259155,0.43599361181259155,74.21471405029297,74.21471405029297,36.47100067138672,36.47100067138672,51.47100067138672,51.47100067138672,15.000000953674316,15.000000953674316,1.0,0.02,180.0
151,0.6291666666666667,-0.05176913319759294,-12.78698289739739,30.337657743975303,-0.05176913319759294,-12.78698289739739,30.337657743975303,6.9,-6.900000095367432,0.0,0.0,15.0,1,0.3,2.0,0.0,4.0,6.666666666666667,2.857142857142857,12.786980628967285,12.786980628967285,12.786982536315918,12.786982536315918,-0.09273291379213333,-0.0936335101723671,-6.273600101470947,-6.620523452758789,0.0,0.0,0.0,0.0,nan,nan,60.977333068847656,60.977333068847656,121.95466613769531,0.0,12.014718055725098,0.16582417488098145,0.0,0.0,0.0,0.16582417488098145,0.0,12.014718055725098,0.0,0.0,0.0,-2.919731855392456,-1.6573671102523804,11.537298202514648,0.0,0.0,0.0,0.0,12.014718055725098,0.16582417488098145,0.0,0.0,0.0,0.16582417488098145,0.0,12.014718055725098,-0.0,-0.0,-0.0,-2.919731855392456,1.6573642492294312,11.537298202514648,0.0,0.0,0.0,4.470348358154297e-08,0.0,0.6000000238418579,-5.960464477539063e-08,0.05600005388259888,0.5999999642372131,-4.470348358154297e-08,-0.055999934673309326,0.6000000238418579,-5.839463710784912,-2.86102294921875e-06,23.074596405029297,0.0,0.0,0.0,1.2516975402832031e-06,2.408978161838604e-06,3.725290298461914e-07,20.051965713500977,20.051963806152344,46.93276596069336,46.93276596069336,0.4637744426727295,0.4637744426727295,0.34851959347724915,0.34851959347724915,0.18770600855350494,0.18770600855350494,0.852557361125946,0.852557361125946,16.134159088134766,16.134159088134766,-0.40681809186935425,-0.40681809186935425,8.157304763793945,8.157304763793945,0.13812896609306335,0.13812896609306335,-0.0649295300245285,-0.0649295300245285,0.16582417488098145,0.16582417488098145,0.4868670105934143,0.4868670105934143,0.17712734639644623,0.17712734639644623,0.4389267563819885,0.4389267563819885,73.86126708984375,73.86126708984375,36.313899993896484,36.313899993896484,51.313899993896484,51.313899993896484,15.000000953674316,15.000000953674316,1.0,0.02,180.0
152,0.6333333333333333,-0.10469205270809816,-12.595682868998312,61.43383642811389,-0.10469205270809816,-12.595682868998312,61.43383642811389,6.9,-6.900000095367432,0.0,0.0,15.0,1,0.3,2.0,0.0,4.0,6.666666666666667,2.857142857142857,12.595682144165039,12.595684051513672,12.595683097839355,12.595683097839355,-0.1435130387544632,-0.14446677267551422,-5.631003379821777,-5.9938225746154785,0.0,0.0,0.0,0.0,nan,nan,57.951969146728516,57.951969146728516,115.90393829345703,0.0,11.612541198730469,0.16587889194488525,0.0,0.0,0.0,0.16587889194488525,0.0,11.612541198730469,0.0,0.0,0.0,-2.7904834747314453,-2.208059310913086,11.055148124694824,0.0,0.0,0.0,0.0,11.612541198730469,0.16587889194488525,0.0,0.0,0.0,0.16587889194488525,0.0,11.612541198730469,-0.0,-0.0,-0.0,-2.7904844284057617,2.208057165145874,11.055148124694824,0.0,0.0,0.0,4.470348358154297e-08,0.0,0.6000000238418579,-8.940696716308594e-08,0.0559999942779541,0.6000000238418579,5.960464477539063e-08,-0.0559999942779541,0.6000000238418579,-5.580967903137207,-2.1457672119140625e-06,22.11029624938965,0.0,0.0,0.0,0.0,1.3178763538235216e-06,2.8312206268310547e-07,19.953432083129883,19.953428268432617,46.47349166870117,46.473487854003906,0.4637744426727295,0.4637744426727295,0.36140501499176025,0.36140501499176025,0.17482061684131622,0.17482061684131622,0.852557361125946,0.852557361125946,16.130062103271484,16.130062103271484,-0.8238077163696289,-0.8238077163696289,8.148748397827148,8.148748397827148,0.13809332251548767,0.13809332251548767,-0.0649295300245285,-0.0649295300245285,0.16587889194488525,0.16587889194488525,0.4870806932449341,0.4870806932449341,0.17709626257419586,0.17709626257419586,0.43889567255973816,0.43889567255973816,72.75627136230469,72.75627136230469,35.72109603881836,35.72109603881836,50.721099853515625,50.721099853515625,15.000000953674316,15.000000953674316,1.0,0.02,180.0
153,0.6375,-0.15654922634763557,-12.275698305013842,92.06986035793292,-0.15654922634763557,-12.275698305013842,92.06986035793292,6.9,-6.900000095367432,0.0,0.0,15.0,1,0.3,2.0,0.0,4.0,6.666666666666667,2.857142857142857,12.27569580078125,12.275694847106934,12.2756986618042,12.2756986618042,-0.19282649457454681,-0.19382373988628387,-4.930168151855469,-5.30517053604126,0.0,0.0,0.0,0.0,nan,nan,53.74786376953125,53.74786376953125,107.4957275390625,0.0,11.088656425476074,0.16512760519981384,0.0,0.0,0.0,0.16512760519981384,0.0,11.088656425476074,0.0,0.0,0.0,-2.6260170936584473,-2.669895648956299,10.438450813293457,0.0,0.0,0.0,0.0,11.088656425476074,0.16512760519981384,0.0,0.0,0.0,0.16512760519981384,0.0,11.088656425476074,-0.0,-0.0,-0.0,-2.6260175704956055,2.669893741607666,10.438451766967773,0.0,0.0,0.0,4.470348358154297e-08,0.0,0.6000000238418579,-1.6391277313232422e-07,0.05600002408027649,0.5999999642372131,-4.470348358154297e-08,-0.05599990487098694,0.5999999642372131,-5.252034664154053,-1.9073486328125e-06,20.876903533935547,0.0,0.0,0.0,1.1920928955078125e-06,3.423946509428788e-06,6.109476089477539e-07,19.679096221923828,19.679092407226562,45.65709686279297,45.65709686279297,0.4637744426727295,0.4637744426727295,0.3740755319595337,0.3740755319595337,0.1621500849723816,0.1621500849723816,0.852557361125946,0.852557361125946,15.989912986755371,15.989912986755371,-1.2346267700195312,-1.2346267700195312,8.00494384765625,8.00494384765625,0.1368739753961563,0.1368739753961563,-0.0649295300245285,-0.0649295300245285,0.16512760519981384,0.16512760519981384,0.4874376058578491,0.4874376058578491,0.17409823834896088,0.17409823834896088,0.43589767813682556,0.43589767813682556,70.90794372558594,70.90794372558594,34.69699478149414,34.69699478149414,49.69699478149414,49.69699478149414,15.000000953674316,15.000000953674316,1.0,0.02,180.0
154,0.6416666666666666,-0.20680919428850017,-11.829439854043944,122.00802517326588,-0.20680919428850017,-11.829439854043944,122.00802517326588,6.9,-6.900000095367432,0.0,0.0,15.0,1,0.3,2.0,0.0,4.0,6.666666666666667,2.857142857142857,11.829437255859375,11.829437255859375,11.829440116882324,11.829440116882324,-0.24016863107681274,-0.24119912087917328,-4.178396224975586,-4.561721324920654,0.0,0.0,0.0,0.0,nan,nan,48.56803894042969,48.56803894042969,97.13607788085938,0.0,10.45309829711914,0.16358166933059692,0.0,0.0,0.0,0.16358166933059692,0.0,10.45309829711914,0.0,0.0,0.0,-2.4318134784698486,-3.0233888626098633,9.7076997756958,0.0,0.0,0.0,0.0,10.45309829711914,0.16358166933059692,0.0,0.0,0.0,0.16358166933059692,0.0,10.45309829711914,-0.0,-0.0,-0.0,-2.431814193725586,3.0233874320983887,9.7076997756958,0.0,0.0,0.0,4.470348358154297e-08,0.0,0.6000000238418579,-8.940696716308594e-08,0.05600002408027649,0.5999999642372131,-7.450580596923828e-08,-0.055999934673309326,0.5999999642372131,-4.8636274337768555,-1.430511474609375e-06,19.4153995513916,0.0,0.0,0.0,8.940696716308594e-07,2.749046871031169e-06,2.2351741790771484e-07,19.221525192260742,19.221521377563477,44.457096099853516,44.45709228515625,0.47791728377342224,0.47791728377342224,0.3845343291759491,0.3845343291759491,0.13754841685295105,0.13754841685295105,0.852557361125946,0.852557361125946,15.716470718383789,15.716470718383789,-1.6360877752304077,-1.6360877752304077,7.731727600097656,7.731727600097656,0.13449490070343018,0.13449490070343018,-0.0649295300245285,-0.0649295300245285,0.16358166933059692,0.16358166933059692,0.4879346191883087,0.4879346191883087,0.16815346479415894,0.16815346479415894,0.42995285987854004,0.42995285987854004,68.3302230834961,68.3302230834961,33.24931716918945,33.24931716918945,48.24931716918945,48.24931716918945,15.000000953674316,15.000000953674316,1.0,0.02,180.0
155,0.6458333333333334,-0.25495261082034515,-11.260317248760076,151.0061926371574,-0.25495261082034515,-11.260317248760076,151.0061926371574,6.9,-6.900000095367432,0.0,0.0,15.0,1,0.3,2.0,0.0,4.0,6.666666666666667,2.857142857142857,11.260313987731934,11.26031494140625,11.260316848754883,11.260316848754883,-0.2850513458251953,-0.28610438108444214,-3.38362979888916,-3.7713301181793213,0.0,0.0,0.0,0.0,nan,nan,42.66417694091797,42.66417694091797,85.32835388183594,0.0,9.718971252441406,0.16126535832881927,0.0,0.0,0.0,0.16126535832881927,0.0,9.718971252441406,0.0,0.0,0.0,-2.2143633365631104,-3.255530834197998,8.887211799621582,0.0,0.0,0.0,0.0,9.718971252441406,0.16126535832881927,0.0,0.0,0.0,0.16126535832881927,0.0,9.718971252441406,-0.0,-0.0,-0.0,-2.2143638134002686,3.2555296421051025,8.887211799621582,0.0,0.0,0.0,4.470348358154297e-08,0.0,0.6000000238418579,-1.6391277313232422e-07,0.0559999942779541,0.5999999642372131,-1.4901161193847656e-08,-0.05599990487098694,0.5999999642372131,-4.428727149963379,-1.1920928955078125e-06,17.774423599243164,0.0,0.0,0.0,8.046627044677734e-07,2.6477086976228748e-06,6.556510925292969e-07,18.574907302856445,18.574907302856445,42.83489990234375,42.83489990234375,0.4920608103275299,0.4920608103275299,0.40504759550094604,0.40504759550094604,0.10289160162210464,0.10289160162210464,0.852557361125946,0.852557361125946,15.315131187438965,15.315131187438965,-2.0249438285827637,-2.0249438285827637,7.340097427368164,7.340097427368164,0.1310030221939087,0.1310030221939087,-0.0649295300245285,-0.0649295300245285,0.16126535832881927,0.16126535832881927,0.48856690526008606,0.48856690526008606,0.15930503606796265,0.15930503606796265,0.42110446095466614,0.42110446095466614,65.04281616210938,65.04281616210938,31.389108657836914,31.389108657836914,46.38910675048828,46.38910675048828,15.000000953674316,15.000000953674316,1.0,0.02,180.0
156,0.65,-0.30047644693074027,-10.572759756288766,178.8169310685852,-0.30047644693074027,-10.572759756288766,178.8169310685852,6.9,-6.900000095367432,0.0,0.0,15.0,1,0.3,2.0,0.0,4.0,6.666666666666667,2.857142857142857,10.572758674621582,10.572759628295898,10.572759628295898,10.572759628295898,-0.32703524827957153,-0.32809948921203613,-2.5588972568511963,-2.947039842605591,0.0,0.0,0.0,0.0,nan,nan,36.361480712890625,36.361480712890625,72.72296142578125,0.0,8.94369125366211,0.1817341446876526,0.0,0.0,0.0,0.1817341446876526,0.0,8.94369125366211,0.0,0.0,0.0,-1.9679811000823975,-3.3762311935424805,8.046785354614258,0.0,0.0,0.0,0.0,8.94369125366211,0.1817341446876526,0.0,0.0,0.0,0.1817341446876526,0.0,8.94369125366211,-0.0,-0.0,-0.0,-1.9679818153381348,3.376230001449585,8.046785354614258,0.0,0.0,0.0,4.470348358154297e-08,0.0,0.6000000238418579,-1.1920928955078125e-07,0.0559999942779541,0.5999999046325684,4.470348358154297e-08,-0.0559999942779541,0.6000000238418579,-3.9359629154205322,-1.1920928955078125e-06,16.093570709228516,0.0,0.0,0.0,-4.172325134277344e-07,1.5535725879090023e-06,5.140900611877441e-07,17.736797332763672,17.736797332763672,40.7393798828125,40.739376068115234,0.5203555822372437,0.5203555822372437,0.41751325130462646,0.41751325130462646,0.06213124841451645,0.06213124841451645,0.8378353118896484,0.8378353118896484,14.79373550415039,14.79373550415039,-2.397876262664795,-2.397876262664795,6.845613479614258,6.845613479614258,0.12646648287773132,0.12646648287773132,-0.0649295300245285,-0.0649295300245285,0.1817341446876526,0.1817341446876526,0.489328533411026,0.489328533411026,0.14761947095394135,0.14761947095394135,0.40941891074180603,0.40941891074180603,61.071285247802734,61.071285247802734,29.130802154541016,29.130802154541016,44.130802154541016,44.130802154541016,15.000000953674316,15.000000953674316,1.0,0.02,180.0
157,0.6541666666666667,-0.3428982842879305,-9.772239140357799,205.18719306635487,-0.3428982842879305,-9.772239140357799,205.18719306635487,6.9,-6.900000095367432,0.0,0.0,15.0,1,0.3,2.0,0.0,4.0,6.666666666666667,2.857142857142857,9.772237777709961,9.772238731384277,9.772237777709961,9.772238731384277,-0.3656198978424072,-0.3666841685771942,-1.7040554285049438,-2.088500738143921,0.0,0.0,0.0,0.0,nan,nan,29.87480354309082,29.87480354309082,59.74960708618164,0.0,8.06089973449707,0.1771000325679779,0.0,0.0,0.0,0.1771000325679779,0.0,8.06089973449707,0.0,0.0,0.0,-1.7257412672042847,-3.356804847717285,7.124826431274414,0.0,0.0,0.0,0.0,8.06089973449707,0.1771000325679779,0.0,0.0,0.0,0.1771000325679779,0.0,8.06089973449707,-0.0,-0.0,-0.0,-1.7257417440414429,3.3568031787872314,7.1248273849487305,0.0,0.0,0.0,4.470348358154297e-08,0.0,0.6000000238418579,-7.450580596923828e-08,0.05600005388259888,0.6000000238418579,7.450580596923828e-08,-0.0559999942779541,0.6000000238418579,-3.4514830112457275,-1.6689300537109375e-06,14.249653816223145,0.0,0.0,0.0,3.5762786865234375e-07,6.370090659402194e-07,5.811452865600586e-07,16.711305618286133,16.711307525634766,38.107486724853516,38.107486724853516,0.5486653447151184,0.5486653447151184,0.42825010418891907,0.42825010418891907,0.023084618151187897,0.023084618151187897,0.8378353118896484,0.8378353118896484,14.162296295166016,14.162296295166016,-2.751493453979492,-2.751493453979492,6.267533302307129,6.267533302307129,0.12097235769033432,0.12097235769033432,-0.0649295300245285,-0.0649295300245285,0.1771000325679779,0.1771000325679779,0.49021220207214355,0.49021220207214355,0.13318711519241333,0.13318711519241333,0.39498648047447205,0.39498648047447205,56.44724655151367,56.44724655151367,26.492334365844727,26.492334365844727,41.492332458496094,41.492332458496094,15.000000953674316,15.000000953674316,1.0,0.02,180.0
158,0.6583333333333333,-0.38176070612427954,-8.865292643830044,229.85864992963656,-0.38176070612427954,-8.865292643830044,229.85864992963656,6.9,-6.900000095367432,0.0,0.0,15.0,1,0.3,2.0,0.0,4.0,6.666666666666667,2.857142857142857,8.8652925491333,8.865293502807617,8.8652925491333,8.865293502807617,-0.40044599771499634,-0.40149861574172974,-0.8374093174934387,-1.214211344718933,0.0,0.0,0.0,0.0,nan,nan,23.57921028137207,23.57921028137207,47.15842056274414,0.0,7.172516822814941,0.1946026086807251,0.0,0.0,0.0,0.1946026086807251,0.0,7.172516822814941,0.0,0.0,0.0,-1.4684809446334839,-3.237955093383789,6.232341766357422,0.0,0.0,0.0,0.0,7.172516822814941,0.1946026086807251,0.0,0.0,0.0,0.1946026086807251,0.0,7.172516822814941,-0.0,-0.0,-0.0,-1.4684815406799316,3.2379539012908936,6.23234224319458,0.0,0.0,0.0,4.470348358154297e-08,0.0,0.6000000238418579,-5.960464477539063e-08,0.05600002408027649,0.6000000238418579,-2.9802322387695312e-08,-0.055999964475631714,0.5999999642372131,-2.936962604522705,-1.1920928955078125e-06,12.464683532714844,0.0,0.0,0.0,5.364418029785156e-07,1.201957957164268e-06,1.564621925354004e-07,15.514760971069336,15.514758110046387,34.86775588989258,34.867759704589844,0.5911480784416199,0.5911480784416199,0.4088520109653473,0.4088520109653473,0.0,0.0,0.8231391906738281,0.8231391906738281,13.432632446289062,13.432632446289062,-3.082329273223877,-3.082329273223877,5.627771377563477,5.627771377563477,0.11462337523698807,0.11462337523698807,-0.0649295300245285,-0.0649295300245285,0.1946026086807251,0.1946026086807251,0.491209477186203,0.491209477186203,0.11612258851528168,0.11612258851528168,0.37792202830314636,0.37792202830314636,51.208465576171875,51.208465576171875,23.49519157409668,23.49519157409668,38.49519348144531,38.49519348144531,15.000000953674316,15.000000953674316,1.0,0.02,180.0
159,0.6625,-0.41663577913836036,-7.859543029305796,252.56878854541696,-0.41663577913836036,-7.859543029305796,252.56878854541696,6.9,-6.900000095367432,0.0,0.0,15.0,1,0.3,2.0,0.0,4.0,6.666666666666667,2.857142857142857,7.8595404624938965,7.859542369842529,7.859542369842529,7.859542369842529,-0.4311021566390991,-0.43213143944740295,0.03596287965774536,-0.3292118310928345,0.0,0.0,0.0,0.0,nan,nan,17.70388412475586,17.70388412475586,35.40776824951172,0.0,6.256684303283691,0.20999935269355774,0.0,0.0,0.0,0.20999935269355774,0.0,6.256684303283691,0.0,0.0,0.0,-1.2157337665557861,-3.017458915710449,5.348563194274902,0.0,0.0,0.0,0.0,6.256684303283691,0.20999935269355774,0.0,0.0,0.0,0.20999935269355774,0.0,6.256684303283691,-0.0,-0.0,-0.0,-1.2157338857650757,3.017458200454712,5.348564147949219,0.0,0.0,0.0,4.470348358154297e-08,0.0,0.6000000238418579,-4.470348358154297e-08,0.05600002408027649,0.6000000238418579,-2.9802322387695312e-08,-0.055999964475631714,0.5999999642372131,-2.4314675331115723,-7.152557373046875e-07,10.697127342224121,0.0,0.0,0.0,4.470348358154297e-07,9.49161290009215e-07,1.1175870895385742e-07,14.185540199279785,14.185537338256836,30.95001983642578,30.950016021728516,0.6477158665657043,0.6477158665657043,0.35228419303894043,0.35228419303894043,0.0,0.0,0.8084741830825806,0.8084741830825806,12.617925643920898,12.617925643920898,-3.3868649005889893,-3.3868649005889893,4.9497222900390625,4.9497222900390625,0.10753406584262848,0.10753406584262848,-0.0649295300245285,-0.0649295300245285,0.20999935269355774,0.20999935269355774,0.4923105537891388,0.4923105537891388,0.0965653732419014,0.0965653732419014,0.3583647310733795,0.3583647310733795,45.39897155761719,45.39897155761719,20.164478302001953,20.164478302001953,35.16447830200195,35.16447830200195,15.000000953674316,15.000000953674316,1.0,0.02,180.0
160,0.6666666666666666,-0.44712960732209767,-6.763712311982474,273.05285755894045,-0.44712960732209767,-6.763712311982474,273.05285755894045,6.9,-6.900000095367432,0.0,0.0,15.0,1,0.3,2.0,0.0,4.0,6.666666666666667,2.857142857142857,6.763709545135498,6.763710021972656,6.763712406158447,6.763712406158447,-0.4572666883468628,-0.45826077461242676,0.9022650122642517,0.5525417327880859,0.0,0.0,0.0,0.0,nan,nan,12.510087966918945,12.510087966918945,25.02017593383789,0.0,5.370650291442871,0.24592426419258118,0.0,0.0,0.0,0.24592426419258118,0.0,5.370650291442871,0.0,0.0,0.0,-0.9591369032859802,-2.732386350631714,4.529733180999756,0.0,0.0,0.0,0.0,5.370650291442871,0.24592426419258118,0.0,0.0,0.0,0.24592426419258118,0.0,5.370650291442871,-0.0,-0.0,-0.0,-0.9591370820999146,2.7323849201202393,4.529734134674072,0.0,0.0,0.0,4.470348358154297e-08,0.0,0.6000000238418579,-2.086162567138672e-07,0.055999964475631714,0.5999999642372131,-8.940696716308594e-08,-0.055999964475631714,0.5999999642372131,-1.91827392578125,-1.430511474609375e-06,9.059467315673828,0.0,0.0,0.0,-5.960464477539063e-08,1.8692935555009171e-06,3.203749656677246e-07,12.801739692687988,12.801735877990723,26.30895233154297,26.308944702148438,0.7453797459602356,0.7453797459602356,0.2546203136444092,0.2546203136444092,0.0,0.0,0.7792512774467468,0.7792512774467468,11.732206344604492,11.732206344604492,-3.6615493297576904,-3.6615493297576904,4.257046699523926,4.257046699523926,0.09982628375291824,0.09982628375291824,-0.0649295300245285,-0.0649295300245285,0.24592426419258118,0.24592426419258118,0.4935046136379242,0.4935046136379242,0.07468022406101227,0.07468022406101227,0.33647963404655457,0.33647963404655457,39.06913757324219,39.06913757324219,16.528980255126953,16.528980255126953,31.528980255126953,31.528980255126953,15.000000953674316,15.000000953674316,1.0,0.02,180.0
161,0.6708333333333333,-0.47288692390596315,-5.587625507122155,291.0467244163897,-0.47288692390596315,-5.587625507122155,291.0467244163897,6.9,-6.900000095367432,0.0,0.0,15.0,1,0.3,2.0,0.0,4.0,6.666666666666667,2.857142857142857,5.587624549865723,5.587624549865723,5.587625980377197,5.587625980377197,-0.47860458493232727,-0.47955211997032166,1.7562439441680908,1.4257471561431885,0.0,0.0,0.0,0.0,nan,nan,8.13194465637207,8.13194465637207,16.26388931274414,0.0,4.49205207824707,0.2770540416240692,0.0,0.0,0.0,0.2770540416240692,0.0,4.49205207824707,0.0,0.0,0.0,-0.7177344560623169,-2.3842270374298096,3.7490811347961426,0.0,0.0,0.0,0.0,4.49205207824707,0.2770540416240692,0.0,0.0,0.0,0.2770540416240692,0.0,4.49205207824707,-0.0,-0.0,-0.0,-0.7177345752716064,2.3842263221740723,3.749081611633301,0.0,0.0,0.0,4.470348358154297e-08,0.0,0.6000000238418579,-4.470348358154297e-08,0.05600003898143768,0.6000000238418579,0.0,-0.055999964475631714,0.6000000238418579,-1.4354690313339233,-7.152557373046875e-07,7.498162746429443,0.0,0.0,0.0,2.5331974029541016e-07,5.02791010603687e-07,1.5273690223693848e-07,11.514041900634766,11.514041900634766,20.979162216186523,20.979162216186523,0.874330997467041,0.874330997467041,0.12566909193992615,0.12566909193992615,0.0,0.0,0.7501851320266724,0.7501851320266724,10.789789199829102,10.789789199829102,-3.902841329574585,-3.902841329574585,3.5725135803222656,3.5725135803222656,0.09162434935569763,0.09162434935569763,-0.0649295300245285,-0.0649295300245285,0.2770540416240692,0.2770540416240692,0.4947795867919922,0.4947795867919922,0.050657425075769424,0.050657425075769424,0.3124568462371826,0.3124568462371826,32.27572250366211,32.27572250366211,12.621174812316895,12.621174812316895,27.62117576599121,27.62117576599121,15.000000953674316,15.000000953674316,1.0,0.02,180.0
162,0.675,-0.49359567183786834,-4.342200522053764,306.29067264606937,-0.49359567183786834,-4.342200522053764,306.29067264606937,6.9,-6.900000095367432,0.0,0.0,15.0,1,0.3,2.0,0.0,4.0,6.666666666666667,2.857142857142857,4.342199802398682,4.342201232910156,4.342200756072998,4.342200756072998,-0.49487417936325073,-0.4957638084888458,2.584845542907715,2.277118682861328,0.0,0.0,0.0,0.0,nan,nan,4.702021598815918,4.702021598815918,9.404043197631836,0.0,3.669827461242676,0.32398661971092224,0.0,0.0,0.0,0.32398661971092224,0.0,3.669827461242676,0.0,0.0,0.0,-0.48143115639686584,-2.011805772781372,3.048518180847168,0.0,0.0,0.0,0.0,3.669827461242676,0.32398661971092224,0.0,0.0,0.0,0.32398661971092224,0.0,3.669827461242676,-0.0,-0.0,-0.0,-0.4814314842224121,2.011805772781372,3.048518180847168,0.0,0.0,0.0,4.470348358154297e-08,0.0,0.6000000238418579,-1.341104507446289e-07,0.056000009179115295,0.5999999642372131,7.450580596923828e-08,-0.055999964475631714,0.6000000238418579,-0.9628626108169556,0.0,6.097036361694336,0.0,0.0,0.0,1.4901161193847656e-08,4.829601039091358e-07,4.2282044887542725e-07,10.606865882873535,10.606865882873535,15.22431468963623,15.22431468963623,0.9994760751724243,0.9994760751724243,0.0005239031161181629,0.0005239031161181629,0.0,0.0,0.7068858742713928,0.7068858742713928,9.804703712463379,9.804703712463379,-4.107257843017578,-4.107257843017578,2.916977643966675,2.916977643966675,0.08305001258850098,0.08305001258850098,-0.0649295300245285,-0.0649295300245285,0.32398661971092224,0.32398661971092224,0.4961225688457489,0.4961225688457489,0.024712899699807167,0.024712899699807167,0.2865123152732849,0.2865123152732849,25.0817928314209,25.0817928314209,8.477208137512207,8.477208137512207,23.47720718383789,23.47720718383789,15.000000953674316,15.000000953674316,1.0,0.02,180.0
163,0.6791666666666667,-0.5089915069289619,-3.0394202796361935,318.5341292058129,-0.5089915069289619,-3.0394202796361935,318.5341292058129,6.9,-6.900000095367432,0.0,0.0,15.0,1,0.3,2.0,0.0,4.0,6.666666666666667,2.857142857142857,3.039419651031494,3.039419412612915,3.0394203662872314,3.0394203662872314,-0.505872905254364,-0.5066936016082764,3.3766932487487793,3.0950231552124023,0.0,0.0,0.0,0.0,nan,nan,2.2649006843566895,2.2649006843566895,4.529801368713379,0.0,2.937610626220703,0.40365070104599,0.0,0.0,0.0,0.40365070104599,0.0,2.937610626220703,0.0,0.0,0.0,-0.23949207365512848,-1.6480368375778198,2.4533870220184326,0.0,0.0,0.0,0.0,2.937610626220703,0.40365070104599,0.0,0.0,0.0,0.40365070104599,0.0,2.937610626220703,-0.0,-0.0,-0.0,-0.23949217796325684,1.6480364799499512,2.4533872604370117,0.0,0.0,0.0,4.470348358154297e-08,0.0,0.6000000238418579,-5.960464477539063e-08,0.05600003898143768,0.6000000238418579,-1.4901161193847656e-07,-0.05599990487098694,0.5999999642372131,-0.4789842367172241,-3.5762786865234375e-07,4.906774520874023,0.0,0.0,0.0,4.023313522338867e-07,7.454412411789235e-07,-1.210719347000122e-07,10.577037811279297,10.577035903930664,14.911766052246094,14.911766052246094,1.0,1.0,0.0,0.0,0.0,0.0,0.6354192495346069,0.6354192495346069,8.790136337280273,8.790136337280273,-4.2714385986328125,-4.2714385986328125,2.3085784912109375,2.3085784912109375,0.07421767711639404,0.07421767711639404,-0.0649295300245285,-0.0649295300245285,0.40365070104599,0.40365070104599,0.49751952290534973,0.49751952290534973,-0.002912055002525449,-0.002912055002525449,0.2588873505592346,0.2588873505592346,17.556560516357422,17.556560516357422,4.136786937713623,4.136786937713623,19.13678741455078,19.13678741455078,15.000000953674316,15.000000953674316,1.0,0.02,180.0
164,0.6833333333333333,-0.518862141697394,-1.6922832967324113,327.5412651350485,-0.518862141697394,-1.6922832967324113,327.5412651350485,6.9,-6.900000095367432,0.0,0.0,15.0,1,0.3,2.0,0.0,4.0,6.666666666666667,2.857142857142857,1.692283272743225,1.6922826766967773,1.6922833919525146,1.692283272743225,-0.5114489793777466,-0.5121905207633972,4.120852470397949,3.868253469467163,0.0,0.0,0.0,0.0,nan,nan,0.7796858549118042,0.7796858549118042,1.5593717098236084,0.0,2.3254590034484863,0.5473302602767944,0.0,0.0,0.0,0.5473302602767944,0.0,2.3254590034484863,0.0,0.0,0.0,0.033803269267082214,-1.3235491514205933,1.988568663597107,0.0,0.0,0.0,0.0,2.3254590034484863,0.5473302602767944,0.0,0.0,0.0,0.5473302602767944,0.0,2.3254590034484863,-0.0,-0.0,-0.0,0.03380328789353371,1.3235485553741455,1.988568902015686,0.0,0.0,0.0,4.470348358154297e-08,0.0,0.6000000238418579,-5.960464477539063e-08,0.056000009179115295,0.6000000238418579,-2.9802322387695312e-08,-0.055999964475631714,0.5999999642372131,0.06760655343532562,-5.960464477539062e-07,3.977137565612793,0.0,0.0,0.0,1.564621925354004e-07,3.5356896432858775e-07,3.899913281202316e-08,11.930878639221191,11.930876731872559,14.951169967651367,14.951169967651367,1.0,1.0,0.0,0.0,0.0,0.0,0.5079392194747925,0.5079392194747925,7.757966995239258,7.757966995239258,-4.392221450805664,-4.392221450805664,1.7622216939926147,1.7622216939926147,0.06523030996322632,0.06523030996322632,-0.0649295300245285,-0.0649295300245285,0.5473302602767944,0.5473302602767944,0.4989558756351471,0.4989558756351471,-0.03195135295391083,-0.03195135295391083,0.22984805703163147,0.22984805703163147,9.77511215209961,9.77511215209961,-0.3569435477256775,-0.3569435477256775,14.643056869506836,14.643056869506836,15.000000953674316,15.000000953674316,1.0,0.02,180.0
165,0.6875,-0.5230514328266546,-0.3147292850787805,333.09736012648546,-0.5230514328266546,-0.3147292850787805,333.09736012648546,6.9,-6.900000095367432,0.0,0.0,15.0,1,0.3,2.0,0.0,4.0,6.666666666666667,2.857142857142857,0.314729243516922,0.3147292137145996,0.3147292733192444,0.3147292733192444,-0.5114975571632385,-0.5121496915817261,4.808283805847168,4.587464809417725,0.0,0.0,0.0,0.0,nan,nan,0.08598439395427704,0.08598439395427704,0.17196878790855408,0.0,1.8472555875778198,0.838746964931488,0.0,0.0,0.0,0.838746964931488,0.0,1.8472555875778198,0.0,0.0,0.0,0.4181993007659912,-1.0577301979064941,1.6799302101135254,0.0,0.0,0.0,0.0,1.8472555875778198,0.838746964931488,0.0,0.0,0.0,0.838746964931488,0.0,1.8472555875778198,-0.0,-0.0,-0.0,0.4181993007659912,1.0577298402786255,1.6799304485321045,0.0,0.0,0.0,4.470348358154297e-08,0.0,0.6000000238418579,-4.470348358154297e-08,0.05600003898143768,0.5999999642372131,0.0,-0.055999964475631714,0.6000000238418579,0.8363986015319824,-3.5762786865234375e-07,3.35986065864563,0.0,0.0,0.0,5.21540641784668e-08,2.0036958403579774e-07,1.6763806343078613e-08,14.371667861938477,14.371665954589844,14.990922927856445,14.990922927856445,1.0,1.0,0.0,0.0,0.0,0.0,0.24242456257343292,0.24242456257343292,6.718426704406738,6.718426704406738,-4.466726303100586,-4.466726303100586,1.2893526554107666,1.2893526554107666,0.05617655813694,0.05617655813694,-0.0649295300245285,-0.0649295300245285,0.838746964931488,0.838746964931488,0.500416100025177,0.500416100025177,-0.06211526319384575,-0.06211526319384575,0.19968414306640625,0.19968414306640625,1.817966341972351,1.817966341972351,-4.957672595977783,-4.957672595977783,10.042327880859375,10.042327880859375,15.000000953674316,15.000000953674316,1.0,0.02,180.0
166,0.6916666666666667,-0.5214631019396008,1.077068507821365,333.7191964876222,-0.5214631019396008,1.077068507821365,333.7191964876222,6.9,-6.900000095367432,0.0,0.0,15.0,1,0.3,2.0,0.0,4.0,6.666666666666667,2.857142857142857,1.0770684480667114,1.0770684480667114,1.077068567276001,1.077068567276001,-0.5057641863822937,-0.5063201189041138,5.4637131690979,5.27769660949707,0.0,0.0,0.0,0.0,nan,nan,-0.06097511947154999,-0.06097511947154999,-0.12195023894309998,0.0,1.201987624168396,0.8791906237602234,0.0,0.0,0.0,0.8791906237602234,0.0,1.201987624168396,0.0,0.0,0.0,0.5939013361930847,-0.686686635017395,1.1804630756378174,0.0,0.0,0.0,0.0,1.201987624168396,0.8791906237602234,0.0,0.0,0.0,0.8791906237602234,0.0,1.201987624168396,-0.0,-0.0,-0.0,0.5939012765884399,0.6866864562034607,1.1804633140563965,0.0,0.0,0.0,4.470348358154297e-08,0.0,0.6000000238418579,-4.470348358154297e-08,0.05600003898143768,0.6000000238418579,-1.4901161193847656e-08,-0.05599994957447052,0.6000000238418579,1.1878025531768799,-1.7881393432617188e-07,2.360926389694214,0.0,0.0,0.0,8.940696716308594e-08,1.7590272705092502e-07,-3.725290298461914e-08,17.231836318969727,17.231842041015625,20.09724998474121,20.09724998474121,0.0,0.0,1.0,1.0,0.0,0.0,0.0,0.0,5.677053451538086,5.677053451538086,-4.475065231323242,-4.475065231323242,0.8970159292221069,0.8970159292221069,0.04710421711206436,0.04710421711206436,-0.0649295300245285,-0.0649295300245285,0.8791906237602234,0.8791906237602234,0.5012352466583252,0.5012352466583252,-0.0931800827383995,-0.0931800827383995,0.1686193346977234,0.1686193346977234,-6.221456050872803,-6.221456050872803,-9.61353874206543,-9.61353874206543,5.38646125793457,5.38646125793457,15.000000953674316,15.000000953674316,1.0,0.02,180.0
167,0.6958333333333333,-0.5140858184966,2.4615954787589716,330.22754179425783,-0.5140858184966,2.4615954787589716,330.22754179425783,6.9,-6.900000095367432,0.0,0.0,15.0,1,0.3,2.0,0.0,4.0,6.666666666666667,2.857142857142857,2.461595058441162,2.461595296859741,2.4615955352783203,2.4615955352783203,-0.4941810369491577,-0.49463582038879395,6.09619665145874,5.947868347167969,0.0,0.0,0.0,0.0,nan,nan,0.8812805414199829,0.8812805414199829,1.7625610828399658,0.0,0.2194403111934662,0.5657922029495239,0.0,0.0,0.0,0.5657922029495239,0.0,0.2194403111934662,0.0,0.0,0.0,0.49966076016426086,-0.12403261661529541,0.3212940990924835,0.0,0.0,0.0,0.0,0.2194403111934662,0.5657922029495239,0.0,0.0,0.0,0.5657922029495239,0.0,0.2194403111934662,-0.0,-0.0,-0.0,0.49966076016426086,0.12403258681297302,0.3212941288948059,0.0,0.0,0.0,4.470348358154297e-08,0.0,0.6000000238418579,-7.450580596923828e-08,0.05600002408027649,0.6000000238418579,-1.4901161193847656e-08,-0.055999934673309326,0.5999999642372131,0.9993215203285217,-2.9802322387695312e-08,0.6425882577896118,0.0,0.0,0.0,3.5390257835388184e-08,2.7669761593074327e-08,-3.725290298461914e-08,20.15725326538086,20.157255172729492,26.6284122467041,26.6284122467041,0.0,0.0,1.0,1.0,0.0,0.0,0.0,0.0,4.647683143615723,4.647683143615723,-4.428243160247803,-4.428243160247803,0.5925882458686829,0.5925882458686829,0.038133472204208374,0.038133472204208374,-0.0649295300245285,-0.0649295300245285,0.5657922029495239,0.5657922029495239,0.5018595457077026,0.5018595457077026,-0.12460257858037949,-0.12460257858037949,0.1371968388557434,0.1371968388557434,-14.218879699707031,-14.218879699707031,-14.251321792602539,-14.251321792602539,0.7486783862113953,0.7486783862113953,15.000000953674316,15.000000953674316,1.0,0.02,180.0
168,0.7,-0.5009807835404346,3.8237651851517174,322.9873150491852,-0.5009807835404346,3.8237651851517174,322.9873150491852,6.9,-6.900000095367432,0.0,0.0,15.0,1,0.3,2.0,0.0,4.0,6.666666666666667,2.857142857142857,3.8237643241882324,3.823765277862549,3.823765277862549,3.823765516281128,-0.4771224558353424,-0.4774705767631531,6.6558380126953125,6.54682731628418,0.0,0.0,0.0,0.0,nan,nan,2.8465523719787598,2.8465523719787598,5.6931047439575195,0.0,-0.6948744058609009,0.34152090549468994,0.0,0.0,0.0,0.34152090549468994,0.0,-0.6948744058609009,0.0,0.0,0.0,0.4795655310153961,0.3852129876613617,-0.4702284038066864,0.0,0.0,0.0,0.0,-0.6948744058609009,0.34152090549468994,0.0,0.0,0.0,0.34152090549468994,0.0,-0.6948744058609009,-0.0,-0.0,-0.0,0.4795655906200409,-0.3852129578590393,-0.4702284634113312,0.0,0.0,0.0,4.470348358154297e-08,0.0,0.6000000238418579,-1.4901161193847656e-07,0.056000009179115295,0.5999999642372131,0.0,-0.055999964475631714,0.6000000238418579,0.959131121635437,2.9802322387695312e-08,-0.9404568672180176,0.0,0.0,0.0,5.587935447692871e-09,-1.4069553344597807e-07,-7.450580596923828e-08,22.990047454833984,22.990049362182617,32.602474212646484,32.60247802734375,0.0,0.0,1.0,1.0,0.0,0.0,0.0,0.0,3.636279821395874,3.636279821395874,-4.331153869628906,-4.331153869628906,0.37713438272476196,0.37713438272476196,0.029316086322069168,0.029316086322069168,-0.0649295300245285,-0.0649295300245285,0.34152090549468994,0.34152090549468994,0.5024722218513489,0.5024722218513489,-0.15601269900798798,-0.15601269900798798,0.10578671842813492,0.10578671842813492,-22.087162017822266,-22.087162017822266,-18.819988250732422,-18.819988250732422,-3.819988250732422,-3.819988250732422,15.000000953674316,15.000000953674316,1.0,0.02,180.0
169,0.7041666666666666,-0.48227361554978626,5.148003844025243,312.02808968081223,-0.48227361554978626,5.148003844025243,312.02808968081223,6.9,-6.900000095367432,0.0,0.0,15.0,1,0.3,2.0,0.0,4.0,6.666666666666667,2.857142857142857,5.148003101348877,5.148004055023193,5.148004055023193,5.148003578186035,-0.4547558128833771,-0.4549925625324249,7.136692523956299,7.068206310272217,0.0,0.0,0.0,0.0,nan,nan,5.671368598937988,5.671368598937988,11.342737197875977,0.0,-1.5369259119033813,0.20465052127838135,0.0,0.0,0.0,0.20465052127838135,0.0,-1.5369259119033813,0.0,0.0,0.0,0.5328108668327332,0.8279382586479187,-1.197770357131958,0.0,0.0,0.0,0.0,-1.5369259119033813,0.20465052127838135,0.0,0.0,0.0,0.20465052127838135,0.0,-1.5369259119033813,-0.0,-0.0,-0.0,0.5328109860420227,-0.8279380202293396,-1.197770595550537,0.0,0.0,0.0,4.470348358154297e-08,0.0,0.6000000238418579,-1.043081283569336e-07,0.0559999942779541,0.5999999642372131,2.9802322387695312e-08,-0.055999934673309326,0.6000000238418579,1.0656218528747559,2.384185791015625e-07,-2.395540952682495,0.0,0.0,0.0,-7.450580596923828e-09,-2.2808785615779925e-07,-1.341104507446289e-07,25.646533966064453,25.64653968811035,37.83235168457031,37.83235549926758,0.0,0.0,0.9378688335418701,0.9378688335418701,0.06213124841451645,0.06213124841451645,0.0,0.0,2.647268295288086,2.647268295288086,-4.184194564819336,-4.184194564819336,0.24888946115970612,0.24888946115970612,0.02069060504436493,0.02069060504436493,-0.0649295300245285,-0.0649295300245285,0.20465052127838135,0.20465052127838135,0.5030664801597595,0.5030664801597595,-0.18705743551254272,-0.18705743551254272,0.07474195957183838,0.07474195957183838,-29.73634147644043,-29.73634147644043,-23.26738739013672,-23.26738739013672,-8.267387390136719,-8.267387390136719,15.000000953674316,15.000000953674316,1.0,0.02,180.0
170,0.7083333333333334,-0.458154434672464,6.41895852975403,297.4266437106166,-0.458154434672464,6.41895852975403,297.4266437106166,6.9,-6.900000095367432,0.0,0.0,15.0,1,0.3,2.0,0.0,4.0,6.666666666666667,2.857142857142857,6.418957710266113,6.418957233428955,6.41895866394043,6.41895866394043,-0.4273100197315216,-0.4274320900440216,7.533609390258789,7.506406307220459,0.0,0.0,0.0,0.0,nan,nan,9.172203063964844,9.172203063964844,18.344406127929688,0.0,-2.3033828735351562,0.15115845203399658,0.0,0.0,0.0,0.15115845203399658,0.0,-2.3033828735351562,0.0,0.0,0.0,0.6558699607849121,1.1936655044555664,-1.8637109994888306,0.0,0.0,0.0,0.0,-2.3033828735351562,0.15115845203399658,0.0,0.0,0.0,0.15115845203399658,0.0,-2.3033828735351562,-0.0,-0.0,-0.0,0.6558699607849121,-1.1936653852462769,-1.8637111186981201,0.0,0.0,0.0,4.470348358154297e-08,0.0,0.6000000238418579,-4.470348358154297e-08,0.05600002408027649,0.6000000238418579,-7.450580596923828e-08,-0.055999964475631714,0.5999999046325684,1.3117399215698242,1.1920928955078125e-07,-3.7274222373962402,0.0,0.0,0.0,-2.4586915969848633e-07,-4.669862221362564e-07,-3.725290298461914e-09,28.082162857055664,28.082162857055664,42.29523468017578,42.29523468017578,0.0,0.0,0.7725661396980286,0.7725661396980286,0.2274339199066162,0.2274339199066162,0.0,0.0,1.6850109100341797,1.6850109100341797,-3.988393783569336,-3.988393783569336,0.2037927806377411,0.2037927806377411,0.012295182794332504,0.012295182794332504,-0.0649295300245285,-0.0649295300245285,0.15115845203399658,0.15115845203399658,0.5036354660987854,0.5036354660987854,-0.21738319098949432,-0.21738319098949432,0.04441622644662857,0.04441622644662857,-37.07773971557617,-37.07773971557617,-27.542037963867188,-27.542037963867188,-12.542037010192871,-12.542037010192871,15.000000953674316,15.000000953674316,1.0,0.02,180.0
171,0.7125,-0.4288765295345668,7.621696773826248,279.3082148444134,-0.4288765295345668,7.621696773826248,279.3082148444134,6.9,-6.900000095367432,0.0,0.0,15.0,1,0.3,2.0,0.0,4.0,6.666666666666667,2.857142857142857,7.621695518493652,7.621695518493652,7.621696949005127,7.621696949005127,-0.39507433772087097,-0.3950798809528351,7.84223747253418,7.8566155433654785,0.0,0.0,0.0,0.0,nan,nan,13.149813652038574,13.149813652038574,26.29962730407715,0.0,-2.9909377098083496,0.17477741837501526,0.0,0.0,0.0,0.17477741837501526,0.0,-2.9909377098083496,0.0,0.0,0.0,0.8423366546630859,1.4744256734848022,-2.4683585166931152,0.0,0.0,0.0,0.0,-2.9909377098083496,0.17477741837501526,0.0,0.0,0.0,0.17477741837501526,0.0,-2.9909377098083496,-0.0,-0.0,-0.0,0.8423366546630859,-1.4744250774383545,-2.4683587551116943,0.0,0.0,0.0,4.470348358154297e-08,0.0,0.6000000238418579,-1.1920928955078125e-07,0.0559999942779541,0.5999999642372131,-1.043081283569336e-07,-0.055999964475631714,0.6000000238418579,1.6846733093261719,5.960464477539062e-07,-4.9367170333862305,0.0,0.0,0.0,2.9802322387695312e-08,-8.226168120017974e-07,-4.842877388000488e-08,30.275718688964844,30.275718688964844,46.042362213134766,46.042362213134766,0.0,0.0,0.6477158665657043,0.6477158665657043,0.35228419303894043,0.35228419303894043,0.0,0.0,0.7544941902160645,0.7544941902160645,-3.745432138442993,-3.745432138442993,0.23553332686424255,0.23553332686424255,0.004173620138317347,0.004173620138317347,-0.0649295300245285,-0.0649295300245285,0.17477741837501526,0.17477741837501526,0.5041728019714355,0.5041728019714355,-0.2466398924589157,-0.2466398924589157,0.01515951193869114,0.01515951193869114,-44.02510070800781,-44.02510070800781,-31.593780517578125,-31.593780517578125,-16.593780517578125,-16.593780517578125,15.000000953674316,15.000000953674316,1.0,0.02,180.0
172,0.7166666666666667,-0.39475418377518057,8.741909616488044,257.84688084764065,-0.39475418377518057,8.741909616488044,257.84688084764065,6.9,-6.900000095367432,0.0,0.0,15.0,1,0.3,2.0,0.0,4.0,6.666666666666667,2.857142857142857,8.74190616607666,8.74190616607666,8.741909980773926,8.741909980773926,-0.35839638113975525,-0.3582848608493805,8.059026718139648,8.114809036254883,0.0,0.0,0.0,0.0,nan,nan,17.391986846923828,17.391986846923828,34.783973693847656,0.0,-3.5957632064819336,0.26692667603492737,0.0,0.0,0.0,0.26692667603492737,0.0,-3.5957632064819336,0.0,0.0,0.0,1.0827239751815796,1.6648200750350952,-3.0094592571258545,0.0,0.0,0.0,0.0,-3.5957632064819336,0.26692667603492737,0.0,0.0,0.0,0.26692667603492737,0.0,-3.5957632064819336,-0.0,-0.0,-0.0,1.0827239751815796,-1.664819359779358,-3.0094597339630127,0.0,0.0,0.0,4.470348358154297e-08,0.0,0.6000000238418579,-1.341104507446289e-07,0.0559999942779541,0.6000000238418579,-1.043081283569336e-07,-0.055999934673309326,0.5999999642372131,2.165447950363159,7.152557373046875e-07,-6.018918991088867,0.0,0.0,0.0,-2.5331974029541016e-07,-1.0511130312806927e-06,-1.1548399925231934e-07,32.22013854980469,32.22013854980469,49.152687072753906,49.152687072753906,0.0,0.0,0.5628252625465393,0.5628252625465393,0.43717479705810547,0.43717479705810547,0.0,0.0,-0.13812071084976196,-0.13812071084976196,-3.4576425552368164,-3.4576425552368164,0.3354761004447937,0.3354761004447937,-0.0036198915913701057,-0.0036198915913701057,-0.0649295300245285,-0.0649295300245285,0.26692667603492737,0.26692667603492737,0.5046722292900085,0.5046722292900085,-0.27448570728302,-0.27448570728302,-0.012686299160122871,-0.012686299160122871,-50.49576950073242,-50.49576950073242,-35.37448501586914,-35.37448501586914,-20.37448501586914,-20.37448501586914,15.000000953674316,15.000000953674316,1.0,0.02,180.0
173,0.7208333333333333,-0.35615965577166003,9.766114250994491,233.2649668622415,-0.35615965577166003,9.766114250994491,233.2649668622415,6.9,-6.900000095367432,0.0,0.0,15.0,1,0.3,2.0,0.0,4.0,6.666666666666667,2.857142857142857,9.76611328125,9.76611328125,9.766114234924316,9.766114234924316,-0.3176785111427307,-0.31745070219039917,8.181253433227539,8.277788162231445,0.0,0.0,0.0,0.0,nan,nan,21.676239013671875,21.676239013671875,43.35247802734375,0.0,-4.113194465637207,0.4166317284107208,0.0,0.0,0.0,0.4166317284107208,0.0,-4.113194465637207,0.0,0.0,0.0,1.3643455505371094,1.762298583984375,-3.4820709228515625,0.0,0.0,0.0,0.0,-4.113194465637207,0.4166317284107208,0.0,0.0,0.0,0.4166317284107208,0.0,-4.113194465637207,-0.0,-0.0,-0.0,1.3643457889556885,-1.7622978687286377,-3.4820711612701416,0.0,0.0,0.0,4.470348358154297e-08,0.0,0.6000000238418579,-1.4901161193847656e-08,0.05600005388259888,0.6000000238418579,4.470348358154297e-08,-0.0559999942779541,0.6000000238418579,2.728691339492798,7.152557373046875e-07,-6.964141845703125,0.0,0.0,0.0,-1.9371509552001953e-07,-2.07547600439284e-07,-1.7136335372924805e-07,33.916561126708984,33.91656494140625,51.708980560302734,51.708980560302734,0.0,0.0,0.5062065124511719,0.5062065124511719,0.4937935173511505,0.4937935173511505,0.0,0.0,-0.9851871728897095,-0.9851871728897095,-3.128006935119629,-3.128006935119629,0.4925793707370758,0.4925793707370758,-0.011018075980246067,-0.011018075980246067,-0.0649295300245285,-0.0649295300245285,0.4166317284107208,0.4166317284107208,0.5051279067993164,0.5051279067993164,-0.30059143900871277,-0.30059143900871277,-0.03879201412200928,-0.03879201412200928,-56.41187286376953,-56.41187286376953,-38.83869934082031,-38.83869934082031,-23.838699340820312,-23.838699340820312,15.000000953674316,15.000000953674316,1.0,0.02,180.0
174,0.725,-0.3135193218841038,10.681852049312525,205.83141035165625,-0.3135193218841038,10.681852049312525,205.83141035165625,6.9,-6.900000095367432,0.0,0.0,15.0,1,0.3,2.0,0.0,4.0,6.666666666666667,2.857142857142857,10.681852340698242,10.681849479675293,10.681852340698242,10.681852340698242,-0.2733735740184784,-0.27303174138069153,8.207075119018555,8.34323787689209,0.0,0.0,0.0,0.0,nan,nan,25.77397918701172,25.77397918701172,51.54795837402344,0.0,-4.537669658660889,0.610563337802887,0.0,0.0,0.0,0.610563337802887,0.0,-4.537669658660889,0.0,0.0,0.0,1.6714216470718384,1.767622709274292,-3.878800392150879,0.0,0.0,0.0,0.0,-4.537669658660889,0.610563337802887,0.0,0.0,0.0,0.610563337802887,0.0,-4.537669658660889,-0.0,-0.0,-0.0,1.6714216470718384,-1.767621636390686,-3.878800868988037,0.0,0.0,0.0,4.470348358154297e-08,0.0,0.6000000238418579,0.0,0.05600002408027649,0.5999999642372131,1.4901161193847656e-08,-0.05599990487098694,0.6000000238418579,3.3428432941436768,1.0728836059570312e-06,-7.757601261138916,0.0,0.0,0.0,-3.2782554626464844e-07,-3.8861765006004134e-07,-2.3096799850463867e-07,35.37042999267578,35.37042999267578,53.78666305541992,53.78666305541992,0.0,0.0,0.4637744426727295,0.4637744426727295,0.5362256169319153,0.5362256169319153,0.0,0.0,-1.7775378227233887,-1.7775378227233887,-2.7601318359375,-2.7601318359375,0.6934331655502319,0.6934331655502319,-0.01794031262397766,-0.01794031262397766,-0.0649295300245285,-0.0649295300245285,0.610563337802887,0.610563337802887,0.5055347084999084,0.5055347084999084,-0.32464519143104553,-0.32464519143104553,-0.06284577399492264,-0.06284577399492264,-61.70143508911133,-61.70143508911133,-41.94432830810547,-41.94432830810547,-26.94432830810547,-26.94432830810547,15.000000953674316,15.000000953674316,1.0,0.02,180.0
175,0.7291666666666666,-0.2673090116102672,11.477877539914497,175.85904926713152,-0.2673090116102672,11.477877539914497,175.85904926713152,6.9,-6.900000095367432,0.0,0.0,15.0,1,0.3,2.0,0.0,4.0,6.666666666666667,2.857142857142857,11.477876663208008,11.477876663208008,11.477877616882324,11.477877616882324,-0.22597990930080414,-0.2255275994539261,8.13557243347168,8.309762001037598,0.0,0.0,0.0,0.0,nan,nan,29.457298278808594,29.457298278808594,58.91459655761719,0.0,-4.862927436828613,0.833305299282074,0.0,0.0,0.0,0.833305299282074,0.0,-4.862927436828613,0.0,0.0,0.0,1.9855173826217651,1.6854097843170166,-4.190414905548096,0.0,0.0,0.0,0.0,-4.862927436828613,0.833305299282074,0.0,0.0,0.0,0.833305299282074,0.0,-4.862927436828613,-0.0,-0.0,-0.0,1.9855178594589233,-1.6854087114334106,-4.190414905548096,0.0,0.0,0.0,4.470348358154297e-08,0.0,0.6000000238418579,-5.960464477539063e-08,0.0559999942779541,0.5999999642372131,0.0,-0.055999934673309326,0.6000000238418579,3.9710352420806885,1.0728836059570312e-06,-8.380829811096191,0.0,0.0,0.0,-1.4901161193847656e-07,-7.427665877912659e-07,-1.9371509552001953e-07,36.58900833129883,36.589012145996094,55.44972610473633,55.44973373413086,0.0,0.0,0.4213273823261261,0.4213273823261261,0.5786726474761963,0.5786726474761963,0.0,0.0,-2.5047149658203125,-2.5047149658203125,-2.358212471008301,-2.358212471008301,0.9225294589996338,0.9225294589996338,-0.024294674396514893,-0.024294674396514893,-0.0649295300245285,-0.0649295300245285,0.833305299282074,0.833305299282074,0.5058878064155579,0.5058878064155579,-0.3463568687438965,-0.3463568687438965,-0.084557443857193,-0.084557443857193,-66.29950714111328,-66.29950714111328,-44.653282165527344,-44.653282165527344,-29.65328025817871,-29.65328025817871,15.000000953674316,15.000000953674316,1.0,0.02,180.0
176,0.7333333333333333,-0.2180485816992689,12.14433384538673,143.700838346221,-0.2180485816992689,12.14433384538673,143.700838346221,6.9,-6.900000095367432,0.0,0.0,15.0,1,0.3,2.0,0.0,4.0,6.666666666666667,2.857142857142857,12.14433479309082,12.144332885742188,12.144333839416504,12.144333839416504,-0.1760353147983551,-0.1754772812128067,7.966823577880859,8.176986694335938,0.0,0.0,0.0,0.0,nan,nan,32.50880432128906,32.50880432128906,65.01760864257812,0.0,-5.0824174880981445,1.067915678024292,0.0,0.0,0.0,1.067915678024292,0.0,-5.0824174880981445,0.0,0.0,0.0,2.2863733768463135,1.5245938301086426,-4.406758785247803,0.0,0.0,0.0,0.0,-5.0824174880981445,1.067915678024292,0.0,0.0,0.0,1.067915678024292,0.0,-5.0824174880981445,-0.0,-0.0,-0.0,2.2863733768463135,-1.5245927572250366,-4.406758785247803,0.0,0.0,0.0,4.470348358154297e-08,0.0,0.6000000238418579,-2.9802322387695312e-08,0.05600005388259888,0.6000000238418579,0.0,-0.055999964475631714,0.6000000238418579,4.572746753692627,1.0728836059570312e-06,-8.813517570495605,0.0,0.0,0.0,-3.8743019104003906e-07,-5.253265840110544e-07,-2.5331974029541016e-07,37.57985305786133,37.57985305786133,56.74996566772461,56.74997329711914,0.0,0.0,0.40716320276260376,0.40716320276260376,0.592836856842041,0.592836856842041,0.0,0.0,-3.1554362773895264,-3.1554362773895264,-1.9269812107086182,-1.9269812107086182,1.1628272533416748,1.1628272533416748,-0.029982037842273712,-0.029982037842273712,-0.0649295300245285,-0.0649295300245285,1.067915678024292,1.067915678024292,0.5061830878257751,0.5061830878257751,-0.36546239256858826,-0.36546239256858826,-0.10366298258304596,-0.10366298258304596,-70.1491470336914,-70.1491470336914,-46.932029724121094,-46.932029724121094,-31.932029724121094,-31.932029724121094,15.000000953674316,15.000000953674316,1.0,0.02,180.0
177,0.7375,-0.1662957948431719,12.672910194561668,109.74504029833962,-0.1662957948431719,12.672910194561668,109.74504029833962,6.9,-6.900000095367432,0.0,0.0,15.0,1,0.3,2.0,0.0,4.0,6.666666666666667,2.857142857142857,12.672907829284668,12.6729097366333,12.6729097366333,12.6729097366333,-0.12410992383956909,-0.12345229089260101,7.7019829750061035,7.945627689361572,0.0,0.0,0.0,0.0,nan,nan,34.73400115966797,34.73400115966797,69.46800231933594,0.0,-5.189858436584473,1.2967802286148071,0.0,0.0,0.0,1.2967802286148071,0.0,-5.189858436584473,0.0,0.0,0.0,2.5530946254730225,1.2986348867416382,-4.517911911010742,0.0,0.0,0.0,0.0,-5.189858436584473,1.2967802286148071,0.0,0.0,0.0,1.2967802286148071,0.0,-5.189858436584473,-0.0,-0.0,-0.0,2.5530948638916016,-1.2986336946487427,-4.517911911010742,0.0,0.0,0.0,4.470348358154297e-08,0.0,0.6000000238418579,-7.450580596923828e-08,0.056000083684921265,0.6000000238418579,0.0,-0.055999964475631714,0.6000000238418579,5.106189727783203,1.1920928955078125e-06,-9.035823822021484,0.0,0.0,0.0,-5.364418029785156e-07,-7.405434416796197e-07,-3.8743019104003906e-07,38.34986877441406,38.34987258911133,57.7276725769043,57.7276725769043,0.0,0.0,0.3787931799888611,0.3787931799888611,0.6212068796157837,0.6212068796157837,0.0,0.0,-3.7182130813598633,-3.7182130813598633,-1.4716451168060303,-1.4716451168060303,1.396611213684082,1.396611213684082,-0.03490152582526207,-0.03490152582526207,-0.0649295300245285,-0.0649295300245285,1.2967802286148071,1.2967802286148071,0.5064169764518738,0.5064169764518738,-0.38172784447669983,-0.38172784447669983,-0.11992840468883514,-0.11992840468883514,-73.20234680175781,-73.20234680175781,-48.752193450927734,-48.752193450927734,-33.752193450927734,-33.752193450927734,15.000000953674316,15.000000953674316,1.0,0.02,180.0
178,0.7416666666666667,-0.11263958632513177,13.05697740681698,74.40948080405165,-0.11263958632513177,13.05697740681698,74.40948080405165,6.9,-6.900000095367432,0.0,0.0,15.0,1,0.3,2.0,0.0,4.0,6.666666666666667,2.857142857142857,13.056974411010742,13.056976318359375,13.056977272033691,13.056977272033691,-0.07079929858446121,-0.0700492188334465,7.343327522277832,7.617562770843506,0.0,0.0,0.0,0.0,nan,nan,35.97516632080078,35.97516632080078,71.95033264160156,0.0,-5.179872989654541,1.5026988983154297,0.0,0.0,0.0,1.5026988983154297,0.0,-5.179872989654541,0.0,0.0,0.0,2.765617847442627,1.025307536125183,-4.515450477600098,0.0,0.0,0.0,0.0,-5.179872989654541,1.5026988983154297,0.0,0.0,0.0,1.5026988983154297,0.0,-5.179872989654541,-0.0,-0.0,-0.0,2.765618085861206,-1.0253068208694458,-4.515450477600098,0.0,0.0,0.0,4.470348358154297e-08,0.0,0.6000000238418579,-1.341104507446289e-07,0.05600005388259888,0.5999999642372131,0.0,-0.055999934673309326,0.6000000238418579,5.531235694885254,7.152557373046875e-07,-9.030900955200195,0.0,0.0,0.0,-4.76837158203125e-07,-1.1741254866137751e-06,-4.470348358154297e-07,38.90480041503906,38.90480041503906,58.412776947021484,58.41278076171875,0.0,0.0,0.36458078026771545,0.36458078026771545,0.6354192495346069,0.6354192495346069,0.0,0.0,-4.182066440582275,-4.182066440582275,-0.9978067874908447,-0.9978067874908447,1.6065852642059326,1.6065852642059326,-0.03895675390958786,-0.03895675390958786,-0.0649295300245285,-0.0649295300245285,1.5026988983154297,1.5026988983154297,0.5065867900848389,0.5065867900848389,-0.3949528932571411,-0.3949528932571411,-0.1331535130739212,-0.1331535130739212,-75.42083740234375,-75.42083740234375,-50.09095001220703,-50.09095001220703,-35.090946197509766,-35.090946197509766,15.000000953674316,15.000000953674316,1.0,0.02,180.0
179,0.7458333333333333,-0.057692818221197636,13.291697701537261,38.13499638438937,-0.057692818221197636,13.291697701537261,38.13499638438937,6.9,-6.900000095367432,0.0,0.0,15.0,1,0.3,2.0,0.0,4.0,6.666666666666667,2.857142857142857,13.291693687438965,13.291694641113281,13.291698455810547,13.291698455810547,-0.016716264188289642,-0.015882043167948723,6.894320964813232,7.195886611938477,0.0,0.0,0.0,0.0,nan,nan,36.124900817871094,36.124900817871094,72.24980163574219,0.0,-5.048620223999023,1.6700963973999023,0.0,0.0,0.0,1.6700963973999023,0.0,-5.048620223999023,0.0,0.0,0.0,2.9062840938568115,0.7260410785675049,-4.393650531768799,0.0,0.0,0.0,0.0,-5.048620223999023,1.6700963973999023,0.0,0.0,0.0,1.6700963973999023,0.0,-5.048620223999023,-0.0,-0.0,-0.0,2.9062843322753906,-0.7260400056838989,-4.393650531768799,0.0,0.0,0.0,4.470348358154297e-08,0.0,0.6000000238418579,-1.4901161193847656e-07,0.0559999942779541,0.5999999642372131,-7.450580596923828e-08,-0.055999964475631714,0.5999999642372131,5.812568664550781,1.0728836059570312e-06,-8.787301063537598,0.0,0.0,0.0,-1.341104507446289e-07,-1.7213365026691463e-06,-1.1920928955078125e-07,39.24888610839844,39.24888610839844,58.82599639892578,58.82599639892578,0.0,0.0,0.36458078026771545,0.36458078026771545,0.6354192495346069,0.6354192495346069,0.0,0.0,-4.537242889404297,-4.537242889404297,-0.5113778114318848,-0.5113778114318848,1.777087926864624,1.777087926864624,-0.04206213727593422,-0.04206213727593422,-0.0649295300245285,-0.0649295300245285,1.6700963973999023,1.6700963973999023,0.5066905617713928,0.5066905617713928,-0.4049743413925171,-0.4049743413925171,-0.1431749016046524,-0.1431749016046524,-76.77664947509766,-76.77664947509766,-50.93144607543945,-50.93144607543945,-35.93144607543945,-35.93144607543945,15.000000953674316,15.000000953674316,1.0,0.02,180.0
180,0.75,-0.0020846347351608082,13.37410580002186,1.3782399113577966,-0.0020846347351608082,13.37410580002186,1.3782399113577966,6.9,-6.900000095367432,0.0,0.0,15.0,1,0.3,2.0,0.0,4.0,6.666666666666667,2.857142857142857,13.374104499816895,13.374100685119629,13.374105453491211,13.374105453491211,0.037516895681619644,0.03842603787779808,6.359617710113525,6.684925556182861,0.0,0.0,0.0,0.0,nan,nan,35.13762283325195,35.13762283325195,70.2752456665039,0.0,-4.794360160827637,1.78621506690979,0.0,0.0,0.0,1.78621506690979,0.0,-4.794360160827637,0.0,0.0,0.0,2.961343288421631,0.42471086978912354,-4.150484561920166,0.0,0.0,0.0,0.0,-4.794360160827637,1.78621506690979,0.0,0.0,0.0,1.78621506690979,0.0,-4.794360160827637,-0.0,-0.0,-0.0,2.9613430500030518,-0.42470985651016235,-4.150484561920166,0.0,0.0,0.0,4.470348358154297e-08,0.0,0.6000000238418579,-5.960464477539063e-08,0.0559999942779541,0.6000000238418579,-1.4901161193847656e-08,-0.055999964475631714,0.6000000238418579,5.922686576843262,1.0132789611816406e-06,-8.300969123840332,0.0,0.0,0.0,-1.1920928955078125e-07,-6.803174414926616e-07,-1.043081283569336e-07,39.38473892211914,39.38473892211914,58.979652404785156,58.97964859008789,0.0,0.0,0.36458078026771545,0.36458078026771545,0.6354192495346069,0.6354192495346069,0.0,0.0,-4.775878429412842,-4.775878429412842,-0.018481746315956116,-0.018481746315956116,1.8952933549880981,1.8952933549880981,-0.044148676097393036,-0.044148676097393036,-0.0649295300245285,-0.0649295300245285,1.78621506690979,1.78621506690979,0.5067269802093506,0.5067269802093506,-0.4116680324077606,-0.4116680324077606,-0.1498686522245407,-0.1498686522245407,-77.25265502929688,-77.25265502929688,-51.2630615234375,-51.2630615234375,-36.2630615234375,-36.2630615234375,15.000000953674316,15.000000953674316,1.0,0.02,180.0
181,0.7541666666666667,0.05354745662637316,13.303159037277013,-35.39596236267479,0.05354745662637316,13.303159037277013,-35.39596236267479,6.9,-6.900000095367432,0.0,0.0,15.0,1,0.3,2.0,0.0,4.0,6.666666666666667,2.857142857142857,13.303155899047852,13.303155899047852,13.3031587600708,13.3031587600708,0.09127674996852875,0.09225068986415863,5.745083808898926,6.090258598327637,0.0,0.0,0.0,0.0,nan,nan,33.037147521972656,33.037147521972656,66.07429504394531,0.0,-4.417890548706055,1.842151165008545,0.0,0.0,0.0,1.842151165008545,0.0,-4.417890548706055,0.0,0.0,0.0,2.922189235687256,0.1460721343755722,-3.788238525390625,0.0,0.0,0.0,0.0,-4.417890548706055,1.842151165008545,0.0,0.0,0.0,1.842151165008545,0.0,-4.417890548706055,-0.0,-0.0,-0.0,2.9221889972686768,-0.14607121050357819,-3.788238525390625,0.0,0.0,0.0,4.470348358154297e-08,0.0,0.6000000238418579,-1.043081283569336e-07,0.05600002408027649,0.5999999642372131,-1.1175870895385742e-07,-0.055999934673309326,0.5999999642372131,5.844378471374512,9.238719940185547e-07,-7.57647705078125,0.0,0.0,0.0,-3.427267074584961e-07,-1.5055597941682208e-06,-2.682209014892578e-07,39.313228607177734,39.313228607177734,58.87826156616211,58.87826156616211,0.0,0.0,0.36458078026771545,0.36458078026771545,0.6354192495346069,0.6354192495346069,0.0,0.0,-4.892539024353027,-4.892539024353027,0.47464826703071594,0.47464826703071594,1.952249526977539,1.952249526977539,-0.04516870155930519,-0.04516870155930519,-0.0649295300245285,-0.0649295300245285,1.842151165008545,1.842151165008545,0.5066956281661987,0.5066956281661987,-0.4149516820907593,-0.4149516820907593,-0.15315227210521698,-0.15315227210521698,-76.84284973144531,-76.84284973144531,-51.08161926269531,-51.08161926269531,-36.08161926269531,-36.08161926269531,15.000000953674316,15.000000953674316,1.0,0.02,180.0
182,0.7583333333333333,0.10856564556210252,13.079755055613553,-71.72248771890948,0.10856564556210252,13.079755055613553,-71.72248771890948,6.9,-6.900000095367432,0.0,0.0,15.0,1,0.3,2.0,0.0,4.0,6.666666666666667,2.857142857142857,13.079754829406738,13.079752922058105,13.079754829406738,13.079753875732422,0.14394669234752655,0.14497460424900055,5.057714462280273,5.418665885925293,0.0,0.0,0.0,0.0,nan,nan,29.919029235839844,29.919029235839844,59.83805847167969,0.0,-3.9228222370147705,1.833597183227539,0.0,0.0,0.0,1.833597183227539,0.0,-3.9228222370147705,0.0,0.0,0.0,2.7861742973327637,-0.08609253168106079,-3.313673734664917,0.0,0.0,0.0,0.0,-3.9228222370147705,1.833597183227539,0.0,0.0,0.0,1.833597183227539,0.0,-3.9228222370147705,-0.0,-0.0,-0.0,2.7861742973327637,0.08609328418970108,-3.313673734664917,0.0,0.0,0.0,4.470348358154297e-08,0.0,0.6000000238418579,7.450580596923828e-09,0.05600005388259888,0.6000000238418579,-7.450580596923828e-08,-0.055999934673309326,0.5999999642372131,5.572348594665527,7.525086402893066e-07,-6.627347469329834,0.0,0.0,0.0,-3.8743019104003906e-07,-6.845335747129866e-07,-3.5762786865234375e-07,39.03343963623047,39.0334358215332,58.518733978271484,58.51872634887695,0.0,0.0,0.36458078026771545,0.36458078026771545,0.6354192495346069,0.6354192495346069,0.0,0.0,-4.8845977783203125,-4.8845977783203125,0.9617751240730286,0.9617751240730286,1.943625807762146,1.943625807762146,-0.0450991652905941,-0.0450991652905941,-0.0649295300245285,-0.0649295300245285,1.833597183227539,1.833597183227539,0.5065968632698059,0.5065968632698059,-0.4147854745388031,-0.4147854745388031,-0.152986079454422,-0.152986079454422,-75.55241394042969,-75.55241394042969,-50.38939666748047,-50.38939666748047,-35.38939666748047,-35.38939666748047,15.000000953674316,15.000000953674316,1.0,0.02,180.0
183,0.7625,0.16233988463751153,12.706716572591024,-107.14380240804826,0.16233988463751153,12.706716572591024,-107.14380240804826,6.9,-6.900000095367432,0.0,0.0,15.0,1,0.3,2.0,0.0,4.0,6.666666666666667,2.857142857142857,12.706717491149902,12.70671558380127,12.706717491149902,12.706717491149902,0.19492490589618683,0.19599534571170807,4.305599212646484,4.6780595779418945,0.0,0.0,0.0,0.0,nan,nan,25.94695281982422,25.94695281982422,51.89390563964844,0.0,-3.3156511783599854,1.761201024055481,0.0,0.0,0.0,1.761201024055481,0.0,-3.3156511783599854,0.0,0.0,0.0,2.5568830966949463,-0.25083068013191223,-2.737663984298706,0.0,0.0,0.0,0.0,-3.3156511783599854,1.761201024055481,0.0,0.0,0.0,1.761201024055481,0.0,-3.3156511783599854,-0.0,-0.0,-0.0,2.5568830966949463,0.2508314847946167,-2.737663984298706,0.0,0.0,0.0,4.470348358154297e-08,0.0,0.6000000238418579,-2.2351741790771484e-08,0.05600002408027649,0.5999999642372131,-1.4901161193847656e-08,-0.055999964475631714,0.6000000238418579,5.113766193389893,8.046627044677734e-07,-5.475327968597412,0.0,0.0,0.0,-1.7881393432617188e-07,-4.991542823518103e-07,-1.4901161193847656e-07,38.542694091796875,38.54269027709961,57.89018249511719,57.89018249511719,0.0,0.0,0.3787931799888611,0.3787931799888611,0.6212068796157837,0.6212068796157837,0.0,0.0,-4.752414703369141,-4.752414703369141,1.4367632865905762,1.4367632865905762,1.8700737953186035,1.8700737953186035,-0.043943218886852264,-0.043943218886852264,-0.0649295300245285,-0.0649295300245285,1.761201024055481,1.761201024055481,0.5064319968223572,0.5064319968223572,-0.4111730456352234,-0.4111730456352234,-0.1493736058473587,-0.1493736058473587,-73.39762878417969,-73.39762878417969,-49.19513702392578,-49.19513702392578,-34.19513702392578,-34.19513702392578,15.000000953674316,15.000000953674316,1.0,0.02,180.0
184,0.7666666666666666,0.21425582342132557,12.188743660127885,-141.2176297885783,0.21425582342132557,12.188743660127885,-141.2176297885783,6.9,-6.900000095367432,0.0,0.0,15.0,1,0.3,2.0,0.0,4.0,6.666666666666667,2.857142857142857,12.188740730285645,12.188743591308594,12.188743591308594,12.188743591308594,0.2436317354440689,0.24473287165164948,3.4977784156799316,3.877366781234741,0.0,0.0,0.0,0.0,nan,nan,21.343109130859375,21.343109130859375,42.68621826171875,0.0,-2.6056289672851562,1.6304988861083984,0.0,0.0,0.0,1.6304988861083984,0.0,-2.6056289672851562,0.0,0.0,0.0,2.2438406944274902,-0.33167532086372375,-2.0743672847747803,0.0,0.0,0.0,0.0,-2.6056289672851562,1.6304988861083984,0.0,0.0,0.0,1.6304988861083984,0.0,-2.6056289672851562,-0.0,-0.0,-0.0,2.2438406944274902,0.3316759467124939,-2.074367046356201,0.0,0.0,0.0,4.470348358154297e-08,0.0,0.6000000238418579,-9.685754776000977e-08,0.05600002408027649,0.5999999642372131,2.2351741790771484e-08,-0.055999934673309326,0.6000000238418579,4.4876813888549805,6.258487701416016e-07,-4.148734092712402,0.0,0.0,0.0,-2.2351741790771484e-07,-4.7375863232446136e-07,-1.4901161193847656e-07,37.836551666259766,37.836551666259766,56.97347640991211,56.973480224609375,0.0,0.0,0.3929862082004547,0.3929862082004547,0.6070138216018677,0.6070138216018677,0.0,0.0,-4.499311447143555,-4.499311447143555,1.8936822414398193,1.8936822414398193,1.7371585369110107,1.7371585369110107,-0.041729994118213654,-0.041729994118213654,-0.0649295300245285,-0.0649295300245285,1.6304988861083984,1.6304988861083984,0.5062026977539062,0.5062026977539062,-0.40416115522384644,-0.40416115522384644,-0.14236176013946533,-0.14236176013946533,-70.4056625366211,-70.4056625366211,-47.51390838623047,-47.51390838623047,-32.51390838623047,-32.51390838623047,15.000000953674316,15.000000953674316,1.0,0.02,180.0
185,0.7708333333333334,0.26372247818160244,11.532334895513705,-173.52418546071846,0.26372247818160244,11.532334895513705,-173.52418546071846,6.9,-6.900000095367432,0.0,0.0,15.0,1,0.3,2.0,0.0,4.0,6.666666666666667,2.857142857142857,11.532332420349121,11.532333374023438,11.53233528137207,11.53233528137207,0.28951695561408997,0.2906365394592285,2.644116163253784,3.0263874530792236,0.0,0.0,0.0,0.0,nan,nan,16.373394012451172,16.373394012451172,32.746788024902344,0.0,-1.8044281005859375,1.4514219760894775,0.0,0.0,0.0,1.4514219760894775,0.0,-1.8044281005859375,0.0,0.0,0.0,1.8616806268692017,-0.3179055452346802,-1.3400254249572754,0.0,0.0,0.0,0.0,-1.8044281005859375,1.4514219760894775,0.0,0.0,0.0,1.4514219760894775,0.0,-1.8044281005859375,-0.0,-0.0,-0.0,1.8616806268692017,0.31790605187416077,-1.3400253057479858,0.0,0.0,0.0,4.470348358154297e-08,0.0,0.6000000238418579,-1.4156103134155273e-07,0.05600002408027649,0.5999999642372131,-3.725290298461914e-08,-0.055999964475631714,0.6000000238418579,3.7233612537384033,5.066394805908203e-07,-2.680050849914551,0.0,0.0,0.0,-1.043081283569336e-07,-4.7038764705575886e-07,-6.705522537231445e-08,36.90892791748047,36.90892791748047,55.74034118652344,55.7403450012207,0.0,0.0,0.4213273823261261,0.4213273823261261,0.5786726474761963,0.5786726474761963,0.0,0.0,-4.131330490112305,-4.131330490112305,2.3269028663635254,2.3269028663635254,1.5548639297485352,1.5548639297485352,-0.03851249814033508,-0.03851249814033508,-0.0649295300245285,-0.0649295300245285,1.4514219760894775,1.4514219760894775,0.5059119462966919,0.5059119462966919,-0.3938390910625458,-0.3938390910625458,-0.13203969597816467,-0.13203969597816467,-66.61406707763672,-66.61406707763672,-45.3668098449707,-45.3668098449707,-30.366809844970703,-30.366809844970703,15.000000953674316,15.000000953674316,1.0,0.02,180.0
186,0.775,0.3101795117257716,10.745679605921039,-203.6727836548013,0.3101795117257716,10.745679605921039,-203.6727836548013,6.9,-6.900000095367432,0.0,0.0,15.0,1,0.3,2.0,0.0,4.0,6.666666666666667,2.857142857142857,10.74567699432373,10.745678901672363,10.74567985534668,10.74567985534668,0.3320659399032593,0.33319151401519775,1.755111575126648,2.1356184482574463,0.0,0.0,0.0,0.0,nan,nan,11.328847885131836,11.328847885131836,22.657695770263672,0.0,-0.925624668598175,1.237451195716858,0.0,0.0,0.0,1.237451195716858,0.0,-0.925624668598175,0.0,0.0,0.0,1.4288932085037231,-0.2052154392004013,-0.5515590310096741,0.0,0.0,0.0,0.0,-0.925624668598175,1.237451195716858,0.0,0.0,0.0,1.237451195716858,0.0,-0.925624668598175,-0.0,-0.0,-0.0,1.4288932085037231,0.20521560311317444,-0.5515589714050293,0.0,0.0,0.0,4.470348358154297e-08,0.0,0.6000000238418579,-7.450580596923828e-08,0.05600005388259888,0.5999999642372131,-1.4901161193847656e-08,-0.0559999942779541,0.6000000238418579,2.8577864170074463,1.6391277313232422e-07,-1.1031179428100586,0.0,0.0,0.0,-4.842877388000488e-08,-1.8379510891008977e-07,-7.450580596923828e-08,35.75227737426758,35.75227737426758,54.1522102355957,54.1522102355957,0.0,0.0,0.44963017106056213,0.44963017106056213,0.5503698587417603,0.5503698587417603,0.0,0.0,-3.6568102836608887,-3.6568102836608887,2.7311854362487793,2.7311854362487793,1.3367445468902588,1.3367445468902588,-0.03436388075351715,-0.03436388075351715,-0.0649295300245285,-0.0649295300245285,1.237451195716858,1.237451195716858,0.5055630803108215,0.5055630803108215,-0.38033682107925415,-0.38033682107925415,-0.11853739619255066,-0.11853739619255066,-62.07012176513672,-62.07012176513672,-42.780643463134766,-42.780643463134766,-27.780643463134766,-27.780643463134766,15.000000953674316,15.000000953674316,1.0,0.02,180.0
187,0.7791666666666667,0.3531040088596678,9.838524187216175,-231.30764766419202,0.3531040088596678,9.838524187216175,-231.30764766419202,6.9,-6.900000095367432,0.0,0.0,15.0,1,0.3,2.0,0.0,4.0,6.666666666666667,2.857142857142857,9.838522911071777,9.838522911071777,9.838523864746094,9.838523864746094,0.37080565094947815,0.3719247877597809,0.841711163520813,1.2160656452178955,0.0,0.0,0.0,0.0,nan,nan,6.50535774230957,6.50535774230957,13.01071548461914,0.0,0.015956200659275055,1.0045260190963745,0.0,0.0,0.0,1.0045260190963745,0.0,0.015956200659275055,0.0,0.0,0.0,0.9663136601448059,0.004201959818601608,0.27485859394073486,0.0,0.0,0.0,0.0,0.015956200659275055,1.0045260190963745,0.0,0.0,0.0,1.0045260190963745,0.0,0.015956200659275055,-0.0,-0.0,-0.0,0.9663136601448059,-0.004201959818601608,0.27485859394073486,0.0,0.0,0.0,4.470348358154297e-08,0.0,0.6000000238418579,-4.470348358154297e-08,0.05600005388259888,0.5999999642372131,-2.2351741790771484e-08,-0.055999934673309326,0.6000000238418579,1.9326273202896118,0.0,0.5497171878814697,0.0,0.0,0.0,3.3527612686157227e-08,-1.4591805097552424e-08,-1.1175870895385742e-07,34.357975006103516,34.357975006103516,52.15898132324219,52.15898132324219,0.0,0.0,0.4920608103275299,0.4920608103275299,0.5079392194747925,0.5079392194747925,0.0,0.0,-3.085803747177124,-3.085803747177124,3.101759910583496,3.101759910583496,1.098827838897705,1.098827838897705,-0.02937236800789833,-0.02937236800789833,-0.0649295300245285,-0.0649295300245285,1.0045260190963745,1.0045260190963745,0.5051600933074951,0.5051600933074951,-0.3638229966163635,-0.3638229966163635,-0.10202356427907944,-0.10202356427907944,-56.83012771606445,-56.83012771606445,-39.7874755859375,-39.7874755859375,-24.787473678588867,-24.787473678588867,15.000000953674316,15.000000953674316,1.0,0.02,180.0
188,0.7833333333333333,0.39201664672847375,8.822016103297504,-256.11279240502506,0.39201664672847375,8.822016103297504,-256.11279240502506,6.9,-6.900000095367432,0.0,0.0,15.0,1,0.3,2.0,0.0,4.0,6.666666666666667,2.857142857142857,8.822015762329102,8.822013854980469,8.822015762329102,8.822015762329102,0.40530964732170105,0.40641000866889954,-0.08489936590194702,0.27901047468185425,0.0,0.0,0.0,0.0,nan,nan,2.1837055683135986,2.1837055683135986,4.367411136627197,0.0,1.004996657371521,0.7698394060134888,0.0,0.0,0.0,0.7698394060134888,0.0,1.004996657371521,0.0,0.0,0.0,0.4955320358276367,0.30217650532722473,1.1250815391540527,0.0,0.0,0.0,0.0,1.004996657371521,0.7698394060134888,0.0,0.0,0.0,0.7698394060134888,0.0,1.004996657371521,-0.0,-0.0,-0.0,0.4955321252346039,-0.30217671394348145,1.1250813007354736,0.0,0.0,0.0,4.470348358154297e-08,0.0,0.6000000238418579,3.725290298461914e-08,0.056000083684921265,0.6000000238418579,0.0,-0.055999964475631714,0.6000000238418579,0.991064190864563,-2.086162567138672e-07,2.2501628398895264,0.0,0.0,0.0,1.4156103134155273e-07,5.8677564140907634e-08,-4.284083843231201e-08,32.7170295715332,32.7170295715332,49.69793701171875,49.69793701171875,0.0,0.0,0.5486653447151184,0.5486653447151184,0.45133471488952637,0.45133471488952637,0.0,0.0,-2.429392099380493,-2.429392099380493,3.4343888759613037,3.4343888759613037,0.8584041595458984,0.8584041595458984,-0.02363523840904236,-0.02363523840904236,-0.0649295300245285,-0.0649295300245285,0.7698394060134888,0.7698394060134888,0.5047078728675842,0.5047078728675842,-0.34450221061706543,-0.34450221061706543,-0.08270279318094254,-0.08270279318094254,-50.9584846496582,-50.9584846496582,-36.42412185668945,-36.42412185668945,-21.424121856689453,-21.424121856689453,15.000000953674316,15.000000953674316,1.0,0.02,180.0
189,0.7875,0.42648717537643543,7.70852964009305,-277.81588706527,0.42648717537643543,7.70852964009305,-277.81588706527,6.9,-6.900000095367432,0.0,0.0,15.0,1,0.3,2.0,0.0,4.0,6.666666666666667,2.857142857142857,7.708529472351074,7.708528995513916,7.708529472351074,7.708529472351074,0.43520230054855347,0.43627190589904785,-1.013519287109375,-0.6641939282417297,0.0,0.0,0.0,0.0,nan,nan,-1.387787938117981,-1.387787938117981,-2.775575876235962,0.0,2.026468276977539,0.5506715178489685,0.0,0.0,0.0,0.5506715178489685,0.0,2.026468276977539,0.0,0.0,0.0,0.03742165118455887,0.6755523681640625,1.9879741668701172,0.0,0.0,0.0,0.0,2.026468276977539,0.5506715178489685,0.0,0.0,0.0,0.5506715178489685,0.0,2.026468276977539,-0.0,-0.0,-0.0,0.037421636283397675,-0.6755527853965759,1.9879740476608276,0.0,0.0,0.0,4.470348358154297e-08,0.0,0.6000000238418579,-4.470348358154297e-08,0.05600002408027649,0.6000000238418579,0.0,-0.0559999942779541,0.6000000238418579,0.07484328746795654,-4.172325134277344e-07,3.9759483337402344,0.0,0.0,0.0,5.960464477539063e-08,2.6660811158762954e-07,-3.189779818058014e-08,30.821256637573242,30.821260452270508,46.693687438964844,46.693687438964844,0.0,0.0,0.6335949301719666,0.6335949301719666,0.366405189037323,0.366405189037323,0.0,0.0,-1.6989518404006958,-1.6989518404006958,3.7254199981689453,3.7254199981689453,0.6328534483909607,0.6328534483909607,-0.017252415418624878,-0.017252415418624878,-0.0649295300245285,-0.0649295300245285,0.5506715178489685,0.5506715178489685,0.5042115449905396,0.5042115449905396,-0.32261165976524353,-0.32261165976524353,-0.06081226468086243,-0.06081226468086243,-44.52667236328125,-44.52667236328125,-32.73157501220703,-32.73157501220703,-17.73157501220703,-17.73157501220703,15.000000953674316,15.000000953674316,1.0,0.02,180.0
190,0.7916666666666666,0.4561391415318608,6.511477784493352,-296.19104790846944,0.4561391415318608,6.511477784493352,-296.19104790846944,6.9,-6.900000095367432,0.0,0.0,15.0,1,0.3,2.0,0.0,4.0,6.666666666666667,2.857142857142857,6.511476993560791,6.511476039886475,6.511478424072266,6.511478424072266,0.4601626992225647,0.46118980646133423,-1.9331393241882324,-1.6023387908935547,0.0,0.0,0.0,0.0,nan,nan,-4.00632381439209,-4.00632381439209,-8.01264762878418,0.0,3.066368579864502,0.36339181661605835,0.0,0.0,0.0,0.36339181661605835,0.0,3.066368579864502,0.0,0.0,0.0,-0.3890537917613983,1.1074798107147217,2.8560104370117188,0.0,0.0,0.0,0.0,3.066368579864502,0.36339181661605835,0.0,0.0,0.0,0.36339181661605835,0.0,3.066368579864502,-0.0,-0.0,-0.0,-0.38905349373817444,-1.1074802875518799,2.8560101985931396,0.0,0.0,0.0,4.470348358154297e-08,0.0,0.6000000238418579,-2.9802322387695312e-08,0.05600002408027649,0.6000000238418579,-7.450580596923828e-08,-0.055999934673309326,0.5999999642372131,-0.7781072854995728,-4.76837158203125e-07,5.7120208740234375,0.0,0.0,0.0,1.9371509552001953e-07,5.764417210230022e-07,1.0058283805847168e-07,28.665224075317383,28.665218353271484,43.06077194213867,43.060768127441406,0.0,0.0,0.7453797459602356,0.7453797459602356,0.2546203136444092,0.2546203136444092,0.0,0.0,-0.9054563045501709,-0.9054563045501709,3.971824884414673,3.971824884414673,0.43864166736602783,0.43864166736602783,-0.010320320725440979,-0.010320320725440979,-0.0649295300245285,-0.0649295300245285,0.36339181661605835,0.36339181661605835,0.5036768317222595,0.5036768317222595,-0.2984175384044647,-0.2984175384044647,-0.03661811724305153,-0.03661811724305153,-37.61216354370117,-37.61216354370117,-28.754358291625977,-28.754358291625977,-13.754358291625977,-13.754358291625977,15.000000953674316,15.000000953674316,1.0,0.02,180.0
191,0.7958333333333333,0.4806538071600623,5.245114718607689,-311.0605532463502,0.4806538071600623,5.245114718607689,-311.0605532463502,6.9,-6.900000095367432,0.0,0.0,15.0,1,0.3,2.0,0.0,4.0,6.666666666666667,2.857142857142857,5.245114326477051,5.245114326477051,5.245114803314209,5.245114803314209,0.479927122592926,0.48090067505836487,-2.8331239223480225,-2.5245561599731445,0.0,0.0,0.0,0.0,nan,nan,-5.5222883224487305,-5.5222883224487305,-11.044576644897461,0.0,4.112337112426758,0.22272202372550964,0.0,0.0,0.0,0.22272202372550964,0.0,4.112337112426758,0.0,0.0,0.0,-0.767652690410614,1.5788021087646484,3.7254552841186523,0.0,0.0,0.0,0.0,4.112337112426758,0.22272202372550964,0.0,0.0,0.0,0.22272202372550964,0.0,4.112337112426758,-0.0,-0.0,-0.0,-0.7676523923873901,-1.5788030624389648,3.725454568862915,0.0,0.0,0.0,4.470348358154297e-08,0.0,0.6000000238418579,-4.470348358154297e-08,0.05600005388259888,0.6000000238418579,0.0,-0.055999964475631714,0.6000000238418579,-1.5353050231933594,-9.5367431640625e-07,7.450909614562988,0.0,0.0,0.0,3.8743019104003906e-07,4.996224447495479e-07,1.4901161193847656e-08,26.249319076538086,26.249319076538086,38.7116584777832,38.71165466308594,0.0,0.0,0.9079464077949524,0.9079464077949524,0.0920536071062088,0.0920536071062088,0.0,0.0,-0.05888339877128601,-0.05888339877128601,4.171219825744629,4.171219825744629,0.2905782461166382,0.2905782461166382,-0.002926694229245186,-0.002926694229245186,-0.0649295300245285,-0.0649295300245285,0.22272202372550964,0.22272202372550964,0.5031100511550903,0.5031100511550903,-0.2722107768058777,-0.2722107768058777,-0.010411358438432217,-0.010411358438432217,-30.297285079956055,-30.297285079956055,-24.53989601135254,-24.53989601135254,-9.539896011352539,-9.539896011352539,15.000000953674316,15.000000953674316,1.0,0.02,180.0
192,0.8,0.49977323300310617,3.9243333691682776,-322.2955121726569,0.49977323300310617,3.9243333691682776,-322.2955121726569,6.9,-6.900000095367432,0.0,0.0,15.0,1,0.3,2.0,0.0,4.0,6.666666666666667,2.857142857142857,3.9243323802948,3.9243319034576416,3.9243335723876953,3.9243335723876953,0.4942914545536041,0.49520108103752136,-3.703390121459961,-3.420494556427002,0.0,0.0,0.0,0.0,nan,nan,-5.841289520263672,-5.841289520263672,-11.682579040527344,0.0,5.154064178466797,0.14130009710788727,0.0,0.0,0.0,0.14130009710788727,0.0,5.154064178466797,0.0,0.0,0.0,-1.0852406024932861,2.0693655014038086,4.596120834350586,0.0,0.0,0.0,0.0,5.154064178466797,0.14130009710788727,0.0,0.0,0.0,0.14130009710788727,0.0,5.154064178466797,-0.0,-0.0,-0.0,-1.085240125656128,-2.069365978240967,4.596120357513428,0.0,0.0,0.0,4.470348358154297e-08,0.0,0.6000000238418579,-8.940696716308594e-08,0.05600002408027649,0.5999999642372131,-3.725290298461914e-08,-0.055999964475631714,0.6000000238418579,-2.170480728149414,-4.76837158203125e-07,9.192241668701172,0.0,0.0,0.0,4.172325134277344e-07,1.0577546163403895e-06,-1.4901161193847656e-08,23.584346771240234,23.5843448638916,33.574951171875,33.574951171875,0.0,0.0,1.0,1.0,0.0,0.0,0.0,0.0,0.8321869373321533,0.8321869373321533,4.3218770027160645,4.3218770027160645,0.20137664675712585,0.20137664675712585,0.004852978512644768,0.004852978512644768,-0.0649295300245285,-0.0649295300245285,0.14130009710788727,0.14130009710788727,0.5025174021720886,0.5025174021720886,-0.24430306255817413,-0.24430306255817413,0.01749633066356182,0.01749633066356182,-22.668071746826172,-22.668071746826172,-20.137819290161133,-20.137819290161133,-5.137818813323975,-5.137818813323975,15.000000953674316,15.000000953674316,1.0,0.02,180.0
193,0.8041666666666667,0.5133025154560337,2.5644622446751777,-329.8155539455756,0.5133025154560337,2.5644622446751777,-329.8155539455756,6.9,-6.900000095367432,0.0,0.0,15.0,1,0.3,2.0,0.0,4.0,6.666666666666667,2.857142857142857,2.5644614696502686,2.5644612312316895,2.564462184906006,2.564462184906006,0.5031127333641052,0.5039488077163696,-4.534515857696533,-4.280432224273682,0.0,0.0,0.0,0.0,nan,nan,-4.92132568359375,-4.92132568359375,-9.8426513671875,0.0,6.1834492683410645,0.1295163929462433,0.0,0.0,0.0,0.1295163929462433,0.0,6.1834492683410645,0.0,0.0,0.0,-1.331802248954773,2.559054136276245,5.470773696899414,0.0,0.0,0.0,0.0,6.1834492683410645,0.1295163929462433,0.0,0.0,0.0,0.1295163929462433,0.0,6.1834492683410645,-0.0,-0.0,-0.0,-1.3318016529083252,-2.5590553283691406,5.470773220062256,0.0,0.0,0.0,4.470348358154297e-08,0.0,0.6000000238418579,-1.1920928955078125e-07,0.05600002408027649,0.5999999642372131,-5.960464477539063e-08,-0.055999934673309326,0.6000000238418579,-2.6636037826538086,-1.1920928955078125e-06,10.941547393798828,0.0,0.0,0.0,6.556510925292969e-07,1.5467574030481046e-06,7.450580596923828e-09,20.698244094848633,20.698240280151367,27.63038444519043,27.63038444519043,0.0,0.0,1.0,1.0,0.0,0.0,0.0,0.0,1.760730504989624,1.760730504989624,4.422718524932861,4.422718524932861,0.18148905038833618,0.18148905038833618,0.012956872582435608,0.012956872582435608,-0.0649295300245285,-0.0649295300245285,0.1295163929462433,0.1295163929462433,0.5019058585166931,0.5019058585166931,-0.21502234041690826,-0.21502234041690826,0.046777062118053436,0.046777062118053436,-14.813066482543945,-14.813066482543945,-15.599294662475586,-15.599294662475586,-0.5992944836616516,-0.5992944836616516,15.000000953674316,15.000000953674316,1.0,0.02,180.0
194,0.8083333333333333,0.5211111821029946,1.181065450137595,-333.5876344169705,0.5211111821029946,1.181065450137595,-333.5876344169705,6.9,-6.900000095367432,0.0,0.0,15.0,1,0.3,2.0,0.0,4.0,6.666666666666667,2.857142857142857,1.1810654401779175,1.1810650825500488,1.181065320968628,1.181065320968628,0.5063098669052124,0.5070636868476868,-5.317843437194824,-5.095381736755371,0.0,0.0,0.0,0.0,nan,nan,-2.766623020172119,-2.766623020172119,-5.533246040344238,0.0,7.194453716278076,0.19553643465042114,0.0,0.0,0.0,0.19553643465042114,0.0,7.194453716278076,0.0,0.0,0.0,-1.5001693964004517,3.028512954711914,6.354211330413818,0.0,0.0,0.0,0.0,7.194453716278076,0.19553643465042114,0.0,0.0,0.0,0.19553643465042114,0.0,7.194453716278076,-0.0,-0.0,-0.0,-1.500169038772583,-3.0285139083862305,6.35421085357666,0.0,0.0,0.0,4.470348358154297e-08,0.0,0.6000000238418579,-1.4901161193847656e-08,0.05600005388259888,0.5999999642372131,-8.940696716308594e-08,-0.055999964475631714,0.6000000238418579,-3.000338554382324,-9.5367431640625e-07,12.70842170715332,0.0,0.0,0.0,7.748603820800781e-07,1.3203236903791549e-06,3.7997961044311523e-07,17.646257400512695,17.646257400512695,20.97149085998535,20.97149085998535,0.0,0.0,1.0,1.0,0.0,0.0,0.0,0.0,2.7211523056030273,2.7211523056030273,4.473300933837891,4.473300933837891,0.2391301840543747,0.2391301840543747,0.021335765719413757,0.021335765719413757,-0.0649295300245285,-0.0649295300245285,0.19553643465042114,0.19553643465042114,0.5012822151184082,0.5012822151184082,-0.18470825254917145,-0.18470825254917145,0.07709115743637085,0.07709115743637085,-6.822171688079834,-6.822171688079834,-10.97634506225586,-10.97634506225586,4.023654937744141,4.023654937744141,15.000000953674316,15.000000953674316,1.0,0.02,180.0
195,0.8125,0.5231337665422771,-0.21019741781091475,-333.3705291640098,0.5231337665422771,-0.21019741781091475,-333.3705291640098,6.9,-6.900000095367432,0.0,0.0,15.0,1,0.3,2.0,0.0,4.0,6.666666666666667,2.857142857142857,0.2101973444223404,0.21019738912582397,0.21019741892814636,0.21019741892814636,0.5038661360740662,0.5045297145843506,-6.045196056365967,-5.856805324554443,0.0,0.0,0.0,0.0,nan,nan,0.5794089436531067,0.5794089436531067,1.1588178873062134,0.0,8.179967880249023,0.34551459550857544,0.0,0.0,0.0,0.34551459550857544,0.0,8.179967880249023,0.0,0.0,0.0,-1.5848640203475952,3.458366632461548,7.24976921081543,0.0,0.0,0.0,0.0,8.179967880249023,0.34551459550857544,0.0,0.0,0.0,0.34551459550857544,0.0,8.179967880249023,-0.0,-0.0,-0.0,-1.5848641395568848,-3.458369016647339,7.2497687339782715,0.0,0.0,0.0,4.470348358154297e-08,0.0,0.6000000238418579,-1.7136335372924805e-07,0.05600002408027649,0.5999999642372131,-1.4901161193847656e-08,-0.055999964475631714,0.6000000238418579,-3.1697282791137695,-2.384185791015625e-06,14.49953842163086,0.0,0.0,0.0,6.854534149169922e-07,2.093019702442689e-06,-4.470348358154297e-07,14.53155517578125,14.531557083129883,14.9932861328125,14.993298530578613,1.0,1.0,0.0,0.0,0.0,0.0,0.0,0.0,3.709578037261963,3.709578037261963,4.470389366149902,4.470389366149902,0.3804885447025299,0.3804885447025299,0.02995559573173523,0.02995559573173523,-0.0649295300245285,-0.0649295300245285,0.34551459550857544,0.34551459550857544,0.500526487827301,0.500526487827301,-0.15368632972240448,-0.15368632972240448,0.10811308026313782,0.10811308026313782,1.2141603231430054,1.2141603231430054,-6.320999622344971,-6.320999622344971,8.679000854492188,8.679000854492188,15.000000953674316,15.000000953674316,1.0,0.02,180.0
196,0.8166666666666667,0.5193768456656712,-1.589456508549174,-328.0821801076425,0.5193768456656712,-1.589456508549174,-328.0821801076425,6.9,-6.900000095367432,0.0,0.0,15.0,1,0.3,2.0,0.0,4.0,6.666666666666667,2.857142857142857,1.5894560813903809,1.5894562005996704,1.589456558227539,1.589456558227539,0.4958550035953522,0.49642202258110046,-6.7058820724487305,-6.55350399017334,0.0,0.0,0.0,0.0,nan,nan,5.012027740478516,5.012027740478516,10.024055480957031,0.0,9.119956970214844,0.5827761888504028,0.0,0.0,0.0,0.5827761888504028,0.0,9.119956970214844,0.0,0.0,0.0,-1.5798946619033813,3.8247056007385254,8.147932052612305,0.0,0.0,0.0,0.0,9.119956970214844,0.5827761888504028,0.0,0.0,0.0,0.5827761888504028,0.0,9.119956970214844,-0.0,-0.0,-0.0,-1.579894781112671,-3.824707269668579,8.147932052612305,0.0,0.0,0.0,4.470348358154297e-08,0.0,0.6000000238418579,-1.1175870895385742e-07,0.05600002408027649,0.5999999642372131,-3.725290298461914e-08,-0.055999964475631714,0.6000000238418579,-3.159789562225342,-1.6689300537109375e-06,16.29586410522461,0.0,0.0,0.0,7.152557373046875e-07,2.0367874640214723e-06,-1.9371509552001953e-07,11.587533950805664,11.587535858154297,14.949342727661133,14.949342727661133,1.0,1.0,0.0,0.0,0.0,0.0,0.0005239031161181629,0.0005239031161181629,4.7223052978515625,4.7223052978515625,4.39947509765625,4.39947509765625,0.6097756624221802,0.6097756624221802,0.0387839749455452,0.0387839749455452,-0.0649295300245285,-0.0649295300245285,0.5827761888504028,0.5827761888504028,0.4990651309490204,0.4990651309490204,-0.12229419499635696,-0.12229419499635696,0.13950520753860474,0.13950520753860474,9.181156158447266,9.181156158447266,-1.6980857849121094,-1.6980857849121094,13.301915168762207,13.301915168762207,15.000000953674316,15.000000953674316,1.0,0.02,180.0
197,0.8208333333333333,0.5099291767283033,-2.939383129200659,-319.327654278898,0.5099291767283033,-2.939383129200659,-319.327654278898,6.9,-6.900000095367432,0.0,0.0,15.0,1,0.3,2.0,0.0,4.0,6.666666666666667,2.857142857142857,2.939382791519165,2.9393832683563232,2.939383029937744,2.939383029937744,0.4824579656124115,0.4829230308532715,-7.285533905029297,-7.170507907867432,0.0,0.0,0.0,0.0,nan,nan,10.238275527954102,10.238275527954102,20.476551055908203,0.0,9.942896842956543,0.863742470741272,0.0,0.0,0.0,0.863742470741272,0.0,9.942896842956543,0.0,0.0,0.0,-1.5119504928588867,4.084367275238037,8.979933738708496,0.0,0.0,0.0,0.0,9.942896842956543,0.863742470741272,0.0,0.0,0.0,0.863742470741272,0.0,9.942896842956543,-0.0,-0.0,-0.0,-1.5119506120681763,-4.084370136260986,8.97993278503418,0.0,0.0,0.0,4.470348358154297e-08,0.0,0.6000000238418579,-3.725290298461914e-08,0.05600005388259888,0.5999999642372131,6.705522537231445e-08,-0.05600002408027649,0.6000000238418579,-3.0239009857177734,-2.86102294921875e-06,17.95986557006836,0.0,0.0,0.0,5.364418029785156e-07,6.25365089490515e-07,-3.8743019104003906e-07,9.475939750671387,9.475940704345703,14.905952453613281,14.905952453613281,1.0,1.0,0.0,0.0,0.0,0.0,0.023084618151187897,0.023084618151187897,5.749067306518555,5.749067306518555,4.282079696655273,4.282079696655273,0.9268847703933716,0.9268847703933716,0.04773150384426117,0.04773150384426117,-0.0649295300245285,-0.0649295300245285,0.863742470741272,0.863742470741272,0.49762651324272156,0.49762651324272156,-0.09105882793664932,-0.09105882793664932,0.17074058949947357,0.17074058949947357,16.978717803955078,16.978717803955078,2.8319809436798096,2.8319809436798096,17.831981658935547,17.831981658935547,15.000000953674316,15.000000953674316,1.0,0.02,180.0
198,0.825,0.49494252368997826,-4.245970360875234,-307.3198101602978,0.49494252368997826,-4.245970360875234,-307.3198101602978,6.9,-6.900000095367432,0.0,0.0,15.0,1,0.3,2.0,0.0,4.0,6.666666666666667,2.857142857142857,4.245968818664551,4.245969295501709,4.245970249176025,4.245970249176025,0.46434345841407776,0.46469846367836,-7.702211380004883,-7.623947620391846,0.0,0.0,0.0,0.0,nan,nan,14.316052436828613,14.316052436828613,28.632104873657227,0.0,9.935110092163086,0.8689732551574707,0.0,0.0,0.0,0.8689732551574707,0.0,9.935110092163086,0.0,0.0,0.0,-1.5206271409988403,3.9449596405029297,9.032525062561035,0.0,0.0,0.0,0.0,9.935110092163086,0.8689732551574707,0.0,0.0,0.0,0.8689732551574707,0.0,9.935110092163086,-0.0,-0.0,-0.0,-1.5206271409988403,-3.9449622631073,9.032524108886719,0.0,0.0,0.0,4.470348358154297e-08,0.0,0.6000000238418579,-1.6391277313232422e-07,0.0559999942779541,0.5999999642372131,-5.960464477539063e-08,-0.055999964475631714,0.6000000238418579,-3.0412542819976807,-2.6226043701171875e-06,18.065048217773438,0.0,0.0,0.0,5.364418029785156e-07,2.91713377009728e-06,-3.5762786865234375e-07,9.018754005432129,9.018755912780762,14.863262176513672,14.863262176513672,1.0,1.0,0.0,0.0,0.0,0.0,0.21403278410434723,0.21403278410434723,6.784263610839844,6.784263610839844,4.121058464050293,4.121058464050293,1.3296654224395752,1.3296654224395752,0.056749630719423294,0.056749630719423294,-0.0649295300245285,-0.0649295300245285,0.8689732551574707,0.8689732551574707,0.496226042509079,0.496226042509079,-0.060318659991025925,-0.060318659991025925,0.20148073136806488,0.20148073136806488,24.525938034057617,24.525938034057617,7.2220072746276855,7.2220072746276855,22.222007751464844,22.222007751464844,15.000000953674316,15.000000953674316,1.0,0.02,180.0
199,0.8291666666666666,0.4746250898799275,-5.496145810139269,-292.2931209719698,0.4746250898799275,-5.496145810139269,-292.2931209719698,6.9,-6.900000095367432,0.0,0.0,15.0,1,0.3,2.0,0.0,4.0,6.666666666666667,2.857142857142857,5.496144771575928,5.496145248413086,5.496145725250244,5.496146202087402,0.44152599573135376,0.4417659342288971,-7.98810338973999,-7.94633150100708,0.0,0.0,0.0,0.0,nan,nan,17.545013427734375,17.545013427734375,35.09002685546875,0.0,9.426666259765625,0.5620170831680298,0.0,0.0,0.0,0.5620170831680298,0.0,9.426666259765625,0.0,0.0,0.0,-1.715567946434021,3.5665290355682373,8.574065208435059,0.0,0.0,0.0,0.0,9.426666259765625,0.5620170831680298,0.0,0.0,0.0,0.5620170831680298,0.0,9.426666259765625,-0.0,-0.0,-0.0,-1.7155674695968628,-3.56653094291687,8.574064254760742,0.0,0.0,0.0,4.470348358154297e-08,0.0,0.6000000238418579,-1.341104507446289e-07,0.05600002408027649,0.6000000238418579,-4.470348358154297e-08,-0.055999964475631714,0.6000000238418579,-3.431135416030884,-1.9073486328125e-06,17.148128509521484,0.0,0.0,0.0,5.662441253662109e-07,2.2997433006821666e-06,-1.9371509552001953e-07,9.76583480834961,9.765835762023926,18.830774307250977,18.830774307250977,0.9468622207641602,0.9468622207641602,0.05313779413700104,0.05313779413700104,0.0,0.0,0.4937935173511505,0.4937935173511505,7.820870876312256,7.820870876312256,3.919555187225342,3.919555187225342,1.8130319118499756,1.8130319118499756,0.06577755510807037,0.06577755510807037,-0.0649295300245285,-0.0649295300245285,0.5620170831680298,0.5620170831680298,0.49487850069999695,0.49487850069999695,-0.030395878478884697,-0.030395878478884697,0.23140352964401245,0.23140352964401245,31.747310638427734,31.747310638427734,11.427901268005371,11.427901268005371,26.427900314331055,26.427900314331055,15.000000953674316,15.000000953674316,1.0,0.02,180.0
200,0.8333333333333334,0.44923745390684683,-6.677848014356431,-274.4972583937732,0.44923745390684683,-6.677848014356431,-274.4972583937732,6.9,-6.900000095367432,0.0,0.0,15.0,1,0.3,2.0,0.0,4.0,6.666666666666667,2.857142857142857,6.677846908569336,6.677847862243652,6.677847862243652,6.677847862243652,0.4134698212146759,0.4135969281196594,-8.272367477416992,-8.26905632019043,0.0,0.0,0.0,0.0,nan,nan,22.48788833618164,22.48788833618164,44.97577667236328,0.0,9.633020401000977,0.42206674814224243,0.0,0.0,0.0,0.42206674814224243,0.0,9.633020401000977,0.0,0.0,0.0,-1.9233886003494263,3.4170761108398438,8.808938026428223,0.0,0.0,0.0,0.0,9.633020401000977,0.42206674814224243,0.0,0.0,0.0,0.42206674814224243,0.0,9.633020401000977,-0.0,-0.0,-0.0,-1.9233887195587158,-3.4170775413513184,8.808938026428223,0.0,0.0,0.0,4.470348358154297e-08,0.0,0.6000000238418579,-5.960464477539063e-08,0.05600002408027649,0.5999999642372131,-7.450580596923828e-09,-0.055999964475631714,0.6000000238418579,-3.8467774391174316,-1.430511474609375e-06,17.617876052856445,0.0,0.0,0.0,7.152557373046875e-07,1.4929087228665594e-06,-6.705522537231445e-08,11.049786567687988,11.049787521362305,24.534744262695312,24.534744262695312,0.8122940063476562,0.8122940063476562,0.18770600855350494,0.18770600855350494,0.0,0.0,0.6212068796157837,0.6212068796157837,8.850157737731934,8.850157737731934,3.6809184551239014,3.6809184551239014,2.368626356124878,2.368626356124878,0.07473963499069214,0.07473963499069214,-0.0649295300245285,-0.0649295300245285,0.42206674814224243,0.42206674814224243,0.49359792470932007,0.49359792470932007,-0.0015938275028020144,-0.0015938275028020144,0.26020559668540955,0.26020559668540955,38.573158264160156,38.573158264160156,15.408917427062988,15.408917427062988,30.408918380737305,30.408918380737305,15.000000953674316,15.000000953674316,1.0,0.02,180.0
201,0.8375,0.41908824131205896,-7.780077629708311,-254.19142974317427,0.41908824131205896,-7.780077629708311,-254.19142974317427,6.9,-6.900000095367432,0.0,0.0,15.0,1,0.3,2.0,0.0,4.0,6.666666666666667,2.857142857142857,7.780077934265137,7.7800774574279785,7.7800774574279785,7.7800774574279785,0.3808428645133972,0.38085800409317017,-8.499122619628906,-8.534778594970703,0.0,0.0,0.0,0.0,nan,nan,28.150665283203125,28.150665283203125,56.30133056640625,0.0,10.054666519165039,0.3443136215209961,0.0,0.0,0.0,0.3443136215209961,0.0,10.054666519165039,0.0,0.0,0.0,-2.1272470951080322,3.281637191772461,9.269333839416504,0.0,0.0,0.0,0.0,10.054666519165039,0.3443136215209961,0.0,0.0,0.0,0.3443136215209961,0.0,10.054666519165039,-0.0,-0.0,-0.0,-2.1272470951080322,-3.2816390991210938,9.269332885742188,0.0,0.0,0.0,4.470348358154297e-08,0.0,0.6000000238418579,3.725290298461914e-08,0.05600002408027649,0.5999999642372131,3.725290298461914e-08,-0.055999934673309326,0.6000000238418579,-4.2544941902160645,-1.9073486328125e-06,18.538665771484375,0.0,0.0,0.0,1.1324882507324219e-06,2.6491764515412797e-07,1.862645149230957e-07,12.50316333770752,12.503166198730469,29.490148544311523,29.490148544311523,0.7177879214286804,0.7177879214286804,0.28221216797828674,0.28221216797828674,0.0,0.0,0.6925286650657654,0.6925286650657654,9.861637115478516,9.861637115478516,3.4086239337921143,3.4086239337921143,2.984605312347412,2.984605312347412,0.08354498445987701,0.08354498445987701,-0.0649295300245285,-0.0649295300245285,0.3443136215209961,0.3443136215209961,0.49239733815193176,0.49239733815193176,0.025805005803704262,0.025805005803704262,0.287604421377182,0.287604421377182,44.93994903564453,44.93994903564453,19.127849578857422,19.127849578857422,34.12784957885742,34.12784957885742,15.000000953674316,15.000000953674316,1.0,0.02,180.0
202,0.8416666666666667,0.3845296301337979,-8.792926799889104,-231.63958215694146,0.3845296301337979,-8.792926799889104,-231.63958215694146,6.9,-6.900000095367432,0.0,0.0,15.0,1,0.3,2.0,0.0,4.0,6.666666666666667,2.857142857142857,8.792926788330078,8.792924880981445,8.792926788330078,8.792926788330078,0.3441452085971832,0.344049334526062,-8.646675109863281,-8.721014976501465,0.0,0.0,0.0,0.0,nan,nan,34.09431076049805,34.09431076049805,68.1886215209961,0.0,10.499008178710938,0.27484944462776184,0.0,0.0,0.0,0.27484944462776184,0.0,10.499008178710938,0.0,0.0,0.0,-2.332160234451294,3.081721544265747,9.765691757202148,0.0,0.0,0.0,0.0,10.499008178710938,0.27484944462776184,0.0,0.0,0.0,0.27484944462776184,0.0,10.499008178710938,-0.0,-0.0,-0.0,-2.332160234451294,-3.0817244052886963,9.765690803527832,0.0,0.0,0.0,4.470348358154297e-08,0.0,0.6000000238418579,-1.2665987014770508e-07,0.05600002408027649,0.5999999642372131,-8.940696716308594e-08,-0.05599990487098694,0.6000000238418579,-4.664320468902588,-2.86102294921875e-06,19.531383514404297,0.0,0.0,0.0,1.430511474609375e-06,3.1221707104123197e-06,1.7881393432617188e-07,13.94024658203125,13.940247535705566,33.67330551147461,33.67330551147461,0.6335949301719666,0.6335949301719666,0.366405189037323,0.366405189037323,0.0,0.0,0.7501851320266724,0.7501851320266724,10.843241691589355,10.843241691589355,3.1062111854553223,3.1062111854553223,3.6456458568573,3.6456458568573,0.092088982462883,0.092088982462883,-0.0649295300245285,-0.0649295300245285,0.27484944462776184,0.27484944462776184,0.49128881096839905,0.49128881096839905,0.051540423184633255,0.051540423184633255,0.31333982944488525,0.31333982944488525,50.79045867919922,50.79045867919922,22.551151275634766,22.551151275634766,37.551151275634766,37.551151275634766,15.000000953674316,15.000000953674316,1.0,0.02,180.0
203,0.8458333333333333,0.34595277354289494,-9.707590463893549,-207.1065343079942,0.34595277354289494,-9.707590463893549,-207.1065343079942,6.9,-6.900000095367432,0.0,0.0,15.0,1,0.3,2.0,0.0,4.0,6.666666666666667,2.857142857142857,9.707590103149414,9.707586288452148,9.707590103149414,9.707590103149414,0.30376020073890686,0.30355560779571533,-8.718476295471191,-8.830920219421387,0.0,0.0,0.0,0.0,nan,nan,40.16200256347656,40.16200256347656,80.32400512695312,0.0,10.997544288635254,0.24425143003463745,0.0,0.0,0.0,0.24425143003463745,0.0,10.997544288635254,0.0,0.0,0.0,-2.5152604579925537,2.8201918601989746,10.330808639526367,0.0,0.0,0.0,0.0,10.997544288635254,0.24425143003463745,0.0,0.0,0.0,0.24425143003463745,0.0,10.997544288635254,-0.0,-0.0,-0.0,-2.5152602195739746,-2.820193290710449,10.330808639526367,0.0,0.0,0.0,4.470348358154297e-08,0.0,0.6000000238418579,-7.450580596923828e-09,0.05600002408027649,0.6000000238418579,-4.470348358154297e-08,-0.055999934673309326,0.6000000238418579,-5.030520439147949,-1.430511474609375e-06,20.661617279052734,0.0,0.0,0.0,9.5367431640625e-07,1.46243996823614e-06,3.427267074584961e-07,15.267402648925781,15.26740550994873,37.13778305053711,37.13778305053711,0.5911480784416199,0.5911480784416199,0.39665621519088745,0.39665621519088745,0.012195754796266556,0.012195754796266556,0.7792512774467468,0.7792512774467468,11.781669616699219,11.781669616699219,2.777230978012085,2.777230978012085,4.333230972290039,4.333230972290039,0.10025623440742493,0.10025623440742493,-0.0649295300245285,-0.0649295300245285,0.24425143003463745,0.24425143003463745,0.49028339982032776,0.49028339982032776,0.0753755047917366,0.0753755047917366,0.3371749222278595,0.3371749222278595,56.07381820678711,56.07381820678711,25.64895248413086,25.64895248413086,40.64895248413086,40.64895248413086,15.000000953674316,15.000000953674316,1.0,0.02,180.0
204,0.85,0.30378320664961245,-10.516363512616191,-180.85504909627204,0.30378320664961245,-10.516363512616191,-180.85504909627204,6.9,-6.900000095367432,0.0,0.0,15.0,1,0.3,2.0,0.0,4.0,6.666666666666667,2.857142857142857,10.51636028289795,10.516361236572266,10.516363143920898,10.516363143920898,0.2601710855960846,0.2598608136177063,-8.707673072814941,-8.857133865356445,0.0,0.0,0.0,0.0,nan,nan,46.02940368652344,46.02940368652344,92.05880737304688,0.0,11.479148864746094,0.2326321005821228,0.0,0.0,0.0,0.2326321005821228,0.0,11.479148864746094,0.0,0.0,0.0,-2.676529884338379,2.473329782485962,10.887782096862793,0.0,0.0,0.0,0.0,11.479148864746094,0.2326321005821228,0.0,0.0,0.0,0.2326321005821228,0.0,11.479148864746094,-0.0,-0.0,-0.0,-2.676529884338379,-2.4733316898345947,10.887782096862793,0.0,0.0,0.0,4.470348358154297e-08,0.0,0.6000000238418579,-5.21540641784668e-08,0.05600002408027649,0.5999999642372131,-8.195638656616211e-08,-0.055999934673309326,0.6000000238418579,-5.353059768676758,-1.9073486328125e-06,21.775564193725586,0.0,0.0,0.0,1.1324882507324219e-06,2.593142653495306e-06,3.129243850708008e-07,16.439390182495117,16.439390182495117,39.96116638183594,39.96116638183594,0.5486653447151184,0.5486653447151184,0.3981969356536865,0.3981969356536865,0.05313779413700104,0.05313779413700104,0.7938439249992371,0.7938439249992371,12.662860870361328,12.662860870361328,2.4252071380615234,2.4252071380615234,5.0262250900268555,5.0262250900268555,0.10792465507984161,0.10792465507984161,-0.0649295300245285,-0.0649295300245285,0.2326321005821228,0.2326321005821228,0.48939085006713867,0.48939085006713867,0.09709720313549042,0.09709720313549042,0.3588965833187103,0.3588965833187103,60.74551773071289,60.74551773071289,28.39505958557129,28.39505958557129,43.39506149291992,43.39506149291992,15.000000953674316,15.000000953674316,1.0,0.02,180.0
205,0.8541666666666666,0.2584762882841626,-11.212627673427422,-153.14382066331478,0.2584762882841626,-11.212627673427422,-153.14382066331478,6.9,-6.900000095367432,0.0,0.0,15.0,1,0.3,2.0,0.0,4.0,6.666666666666667,2.857142857142857,11.212628364562988,11.212627410888672,11.212627410888672,11.212627410888672,0.21391718089580536,0.21350455284118652,-8.60339641571045,-8.788200378417969,0.0,0.0,0.0,0.0,nan,nan,51.313270568847656,51.313270568847656,102.62654113769531,0.0,11.828775405883789,0.19367483258247375,0.0,0.0,0.0,0.19367483258247375,0.0,11.828775405883789,0.0,0.0,0.0,-2.8293330669403076,2.02289080619812,11.30752944946289,0.0,0.0,0.0,0.0,11.828775405883789,0.19367483258247375,0.0,0.0,0.0,0.19367483258247375,0.0,11.828775405883789,-0.0,-0.0,-0.0,-2.8293328285217285,-2.0228936672210693,11.307528495788574,0.0,0.0,0.0,4.470348358154297e-08,0.0,0.6000000238418579,3.725290298461914e-08,0.05600005388259888,0.6000000238418579,-1.4901161193847656e-08,-0.055999934673309326,0.6000000238418579,-5.658665657043457,-2.86102294921875e-06,22.61505889892578,0.0,0.0,0.0,1.430511474609375e-06,7.582289072161075e-07,4.6193599700927734e-07,17.437480926513672,17.437482833862305,42.22172164916992,42.22172164916992,0.5203555822372437,0.5203555822372437,0.38759085536003113,0.38759085536003113,0.0920536071062088,0.0920536071062088,0.8231391906738281,0.8231391906738281,13.472526550292969,13.472526550292969,2.0536084175109863,2.0536084175109863,5.701708793640137,5.701708793640137,0.11497016251087189,0.11497016251087189,-0.0649295300245285,-0.0649295300245285,0.19367483258247375,0.19367483258247375,0.4886198341846466,0.4886198341846466,0.11651653796434402,0.11651653796434402,0.37831592559814453,0.37831592559814453,64.76734161376953,64.76734161376953,30.766942977905273,30.766942977905273,45.766944885253906,45.766944885253906,15.000000953674316,15.000000953674316,1.0,0.02,180.0
206,0.8583333333333333,0.21051271271466246,-11.790831819602557,-124.22631631019715,0.21051271271466246,-11.790831819602557,-124.22631631019715,6.9,-6.900000095367432,0.0,0.0,15.0,1,0.3,2.0,0.0,4.0,6.666666666666667,2.857142857142857,11.79083251953125,11.790830612182617,11.790831565856934,11.790831565856934,0.16539248824119568,0.16488255560398102,-8.422252655029297,-8.640690803527832,0.0,0.0,0.0,0.0,nan,nan,55.9409065246582,55.9409065246582,111.8818130493164,0.0,12.178129196166992,0.20034201443195343,0.0,0.0,0.0,0.20034201443195343,0.0,12.178129196166992,0.0,0.0,0.0,-2.9342525005340576,1.5049569606781006,11.724855422973633,0.0,0.0,0.0,0.0,12.178129196166992,0.20034201443195343,0.0,0.0,0.0,0.20034201443195343,0.0,12.178129196166992,-0.0,-0.0,-0.0,-2.9342520236968994,-1.5049597024917603,11.724855422973633,0.0,0.0,0.0,4.470348358154297e-08,0.0,0.6000000238418579,-3.725290298461914e-08,0.05600002408027649,0.6000000238418579,1.4901161193847656e-08,-0.0559999942779541,0.6000000238418579,-5.868504524230957,-2.7418136596679688e-06,23.449710845947266,0.0,0.0,0.0,3.5762786865234375e-07,1.3103547189530218e-06,2.9802322387695312e-08,18.257938385009766,18.257938385009766,43.988494873046875,43.988494873046875,0.4920608103275299,0.4920608103275299,0.3822701573371887,0.3822701573371887,0.12566909193992615,0.12566909193992615,0.8231391906738281,0.8231391906738281,14.196703910827637,14.196703910827637,1.6658343076705933,1.6658343076705933,6.336021423339844,6.336021423339844,0.12127148360013962,0.12127148360013962,-0.0649295300245285,-0.0649295300245285,0.20034201443195343,0.20034201443195343,0.4879775643348694,0.4879775643348694,0.13346867263317108,0.13346867263317108,0.3952680826187134,0.3952680826187134,68.10721588134766,68.10721588134766,32.745628356933594,32.745628356933594,47.745628356933594,47.745628356933594,15.000000953674316,15.000000953674316,1.0,0.02,180.0
207,0.8624999999999999,0.16039411145441218,-12.24646909756603,-94.3503881658344,0.16039411145441218,-12.24646909756603,-94.3503881658344,6.9,-6.900000095367432,0.0,0.0,15.0,1,0.3,2.0,0.0,4.0,6.666666666666667,2.857142857142857,12.246468544006348,12.246464729309082,12.246469497680664,12.246469497680664,0.11520471423864365,0.11460265517234802,-8.150071144104004,-8.399785041809082,0.0,0.0,0.0,0.0,nan,nan,59.506404876708984,59.506404876708984,119.01280975341797,0.0,12.369117736816406,0.1811354160308838,0.0,0.0,0.0,0.1811354160308838,0.0,12.369117736816406,0.0,0.0,0.0,-3.0176870822906494,0.9117276072502136,11.962032318115234,0.0,0.0,0.0,0.0,12.369117736816406,0.1811354160308838,0.0,0.0,0.0,0.1811354160308838,0.0,12.369117736816406,-0.0,-0.0,-0.0,-3.017686367034912,-0.911730170249939,11.962032318115234,0.0,0.0,0.0,4.470348358154297e-08,0.0,0.6000000238418579,-5.960464477539063e-08,0.05600002408027649,0.5999999642372131,-2.9802322387695312e-08,-0.055999934673309326,0.6000000238418579,-6.035373687744141,-2.562999725341797e-06,23.92406463623047,0.0,0.0,0.0,1.1324882507324219e-06,2.3188461000245297e-06,2.980232238769531e-07,18.906095504760742,18.906095504760742,45.31782913208008,45.31782913208008,0.47791728377342224,0.47791728377342224,0.37236490845680237,0.37236490845680237,0.14971785247325897,0.14971785247325897,0.8378353118896484,0.8378353118896484,14.822301864624023,14.822301864624023,1.2652077674865723,1.2652077674865723,6.9059224128723145,6.9059224128723145,0.12671484053134918,0.12671484053134918,-0.0649295300245285,-0.0649295300245285,0.1811354160308838,0.1811354160308838,0.48747023940086365,0.48747023940086365,0.1478126347064972,0.1478126347064972,0.4096120595932007,0.4096120595932007,70.73910522460938,70.73910522460938,34.31565475463867,34.31565475463867,49.31565856933594,49.31565856933594,15.000000953674316,15.000000953674316,1.0,0.02,180.0
208,0.8666666666666667,0.10863875197193483,-12.576053867368385,-63.75855005782321,0.10863875197193483,-12.576053867368385,-63.75855005782321,6.9,-6.900000095367432,0.0,0.0,15.0,1,0.3,2.0,0.0,4.0,6.666666666666667,2.857142857142857,12.576050758361816,12.576050758361816,12.576053619384766,12.576054573059082,0.0638417899608612,0.06315384805202484,-7.794646739959717,-8.073062896728516,0.0,0.0,0.0,0.0,nan,nan,61.882965087890625,61.882965087890625,123.76593017578125,0.0,12.440704345703125,0.16087311506271362,0.0,0.0,0.0,0.16087311506271362,0.0,12.440704345703125,0.0,0.0,0.0,-3.0637142658233643,0.2739391326904297,12.055521965026855,0.0,0.0,0.0,0.0,12.440704345703125,0.16087311506271362,0.0,0.0,0.0,0.16087311506271362,0.0,12.440704345703125,-0.0,-0.0,-0.0,-3.0637149810791016,-0.27394166588783264,12.055521965026855,0.0,0.0,0.0,4.470348358154297e-08,0.0,0.6000000238418579,-1.6391277313232422e-07,0.05600002408027649,0.5999999642372131,-1.043081283569336e-07,-0.055999934673309326,0.5999999642372131,-6.127429008483887,-2.5331974029541016e-06,24.11104393005371,0.0,0.0,0.0,1.1324882507324219e-06,4.676614025811432e-06,2.086162567138672e-07,19.394817352294922,19.394817352294922,46.25278854370117,46.252784729003906,0.4637744426727295,0.4637744426727295,0.3740755319595337,0.3740755319595337,0.1621500849723816,0.1621500849723816,0.852557361125946,0.852557361125946,15.337590217590332,15.337590217590332,0.8549813032150269,0.8549813032150269,7.389788627624512,7.389788627624512,0.13119828701019287,0.13119828701019287,-0.0649295300245285,-0.0649295300245285,0.16087311506271362,0.16087311506271362,0.48710259795188904,0.48710259795188904,0.15943112969398499,0.15943112969398499,0.4212305545806885,0.4212305545806885,72.64288330078125,72.64288330078125,35.46500015258789,35.46500015258789,50.46500015258789,50.46500015258789,15.000000953674316,15.000000953674316,1.0,0.02,180.0
209,0.8708333333333333,0.05577732858917122,-12.777100985140017,-32.68880103884441,0.05577732858917122,-12.777100985140017,-32.68880103884441,6.9,-6.900000095367432,0.0,0.0,15.0,1,0.3,2.0,0.0,4.0,6.666666666666667,2.857142857142857,12.777098655700684,12.777097702026367,12.777100563049316,12.777100563049316,0.011801304295659065,0.011034717783331871,-7.364286422729492,-7.668657302856445,0.0,0.0,0.0,0.0,nan,nan,62.9864501953125,62.9864501953125,125.972900390625,0.0,12.43154239654541,0.16329190135002136,0.0,0.0,0.0,0.16329190135002136,0.0,12.43154239654541,0.0,0.0,0.0,-3.058258056640625,-0.38332682847976685,12.044501304626465,0.0,0.0,0.0,0.0,12.43154239654541,0.16329190135002136,0.0,0.0,0.0,0.16329190135002136,0.0,12.43154239654541,-0.0,-0.0,-0.0,-3.058258295059204,0.38332411646842957,12.044501304626465,0.0,0.0,0.0,4.470348358154297e-08,0.0,0.6000000238418579,7.450580596923828e-09,0.05600005388259888,0.5999999642372131,-2.9802322387695312e-08,-0.055999934673309326,0.6000000238418579,-6.11651611328125,-2.7120113372802734e-06,24.08900260925293,0.0,0.0,0.0,1.430511474609375e-06,1.5283642369467998e-06,3.427267074584961e-07,19.75439453125,19.754392623901367,46.82374954223633,46.82374954223633,0.4637744426727295,0.4637744426727295,0.36140501499176025,0.36140501499176025,0.17482061684131622,0.17482061684131622,0.852557361125946,0.852557361125946,15.732635498046875,15.732635498046875,0.43834611773490906,0.43834611773490906,7.768776893615723,7.768776893615723,0.13463544845581055,0.13463544845581055,-0.0649295300245285,-0.0649295300245285,0.16329190135002136,0.16329190135002136,0.48687803745269775,0.48687803745269775,0.16823020577430725,0.16823020577430725,0.43002963066101074,0.43002963066101074,73.80419158935547,73.80419158935547,36.18497848510742,36.18497848510742,51.18497848510742,51.18497848510742,15.000000953674316,15.000000953674316,1.0,0.02,180.0
210,0.875,0.0023488313786981566,-12.848109440806113,-1.3758673909250987,0.0023488313786981566,-12.848109440806113,-1.3758673909250987,6.9,-6.900000095367432,0.0,0.0,15.0,1,0.3,2.0,0.0,4.0,6.666666666666667,2.857142857142857,12.848106384277344,12.848108291625977,12.84811019897461,12.848109245300293,-0.0403534360229969,-0.04119088128209114,-6.8581366539001465,-7.185344696044922,0.0,0.0,0.0,0.0,nan,nan,62.694252014160156,62.694252014160156,125.38850402832031,0.0,12.291069030761719,0.16494959592819214,0.0,0.0,0.0,0.16494959592819214,0.0,12.291069030761719,0.0,0.0,0.0,-3.0105412006378174,-1.034525752067566,11.872824668884277,0.0,0.0,0.0,0.0,12.291069030761719,0.16494959592819214,0.0,0.0,0.0,0.16494959592819214,0.0,12.291069030761719,-0.0,-0.0,-0.0,-3.0105414390563965,1.0345228910446167,11.872825622558594,0.0,0.0,0.0,4.470348358154297e-08,0.0,0.6000000238418579,-1.341104507446289e-07,0.05600005388259888,0.5999999642372131,-5.960464477539063e-08,-0.055999964475631714,0.5999999642372131,-6.021082878112793,-2.86102294921875e-06,23.745651245117188,0.0,0.0,0.0,1.0132789611816406e-06,3.7203431020316202e-06,3.2782554626464844e-07,19.981351852416992,19.981348037719727,47.049190521240234,47.04918670654297,0.4637744426727295,0.4637744426727295,0.34851959347724915,0.34851959347724915,0.18770600855350494,0.18770600855350494,0.852557361125946,0.852557361125946,15.99966812133789,15.99966812133789,0.01844993233680725,0.01844993233680725,8.027837753295898,8.027837753295898,0.13695880770683289,0.13695880770683289,-0.0649295300245285,-0.0649295300245285,0.16494959592819214,0.16494959592819214,0.4867987036705017,0.4867987036705017,0.1741388887166977,0.1741388887166977,0.4359382688999176,0.4359382688999176,74.21435546875,74.21435546875,36.47019958496094,36.47019958496094,51.47019958496094,51.47019958496094,15.000000953674316,15.000000953674316,1.0,0.02,180.0
211,0.8791666666666667,-0.05110352838253278,-12.788551816212573,29.947271311879533,-0.05110352838253278,-12.788551816212573,29.947271311879533,6.9,-6.900000095367432,0.0,0.0,15.0,1,0.3,2.0,0.0,4.0,6.666666666666667,2.857142857142857,12.788549423217773,12.78854751586914,12.788552284240723,12.788552284240723,-0.09209146350622177,-0.09299132972955704,-6.281231880187988,-6.62793493270874,0.0,0.0,0.0,0.0,nan,nan,61.00701141357422,61.00701141357422,122.01402282714844,0.0,12.018940925598145,0.16581840813159943,0.0,0.0,0.0,0.16581840813159943,0.0,12.018940925598145,0.0,0.0,0.0,-2.921105146408081,-1.6500264406204224,11.542400360107422,0.0,0.0,0.0,0.0,12.018940925598145,0.16581840813159943,0.0,0.0,0.0,0.16581840813159943,0.0,12.018940925598145,-0.0,-0.0,-0.0,-2.9211041927337646,1.6500238180160522,11.542400360107422,0.0,0.0,0.0,4.470348358154297e-08,0.0,0.6000000238418579,-1.341104507446289e-07,0.05600002408027649,0.6000000238418579,-1.6391277313232422e-07,-0.05599990487098694,0.5999999642372131,-5.842209339141846,-2.6226043701171875e-06,23.084800720214844,0.0,0.0,0.0,1.4901161193847656e-06,4.645985427487176e-06,3.5762786865234375e-07,20.05211639404297,20.05211639404297,46.93632125854492,46.93632125854492,0.4637744426727295,0.4637744426727295,0.34851959347724915,0.34851959347724915,0.18770600855350494,0.18770600855350494,0.852557361125946,0.852557361125946,16.133346557617188,16.133346557617188,-0.40158313512802124,-0.40158313512802124,8.156551361083984,8.156551361083984,0.13812190294265747,0.13812190294265747,-0.0649295300245285,-0.0649295300245285,0.16581840813159943,0.16581840813159943,0.48686525225639343,0.48686525225639343,0.1771089881658554,0.1771089881658554,0.4389083981513977,0.4389083981513977,73.87033081054688,73.87033081054688,36.31855773925781,36.31855773925781,51.31855773925781,51.31855773925781,15.000000953674316,15.000000953674316,1.0,0.02,180.0
212,0.8833333333333333,-0.10403636256898274,-12.598870460317244,61.04771018150285,-0.10403636256898274,-12.598870460317244,61.04771018150285,6.9,-6.900000095367432,0.0,0.0,15.0,1,0.3,2.0,0.0,4.0,6.666666666666667,2.857142857142857,12.59886646270752,12.598868370056152,12.598870277404785,12.598870277404785,-0.14288665354251862,-0.1438397914171219,-5.639406204223633,-6.002048969268799,0.0,0.0,0.0,0.0,nan,nan,57.99739456176758,57.99739456176758,115.99478912353516,0.0,11.61833381652832,0.16588318347930908,0.0,0.0,0.0,0.16588318347930908,0.0,11.61833381652832,0.0,0.0,0.0,-2.792325735092163,-2.2016801834106445,11.062039375305176,0.0,0.0,0.0,0.0,11.61833381652832,0.16588318347930908,0.0,0.0,0.0,0.16588318347930908,0.0,11.61833381652832,-0.0,-0.0,-0.0,-2.792325735092163,2.201678514480591,11.062039375305176,0.0,0.0,0.0,4.470348358154297e-08,0.0,0.6000000238418579,-2.086162567138672e-07,0.05600002408027649,0.5999999642372131,0.0,-0.055999964475631714,0.5999999642372131,-5.584651470184326,-1.6689300537109375e-06,22.12407875061035,0.0,0.0,0.0,6.556510925292969e-07,3.6296157759352354e-06,6.109476089477539e-07,19.955724716186523,19.955720901489258,46.48139572143555,46.48139572143555,0.4637744426727295,0.4637744426727295,0.36140501499176025,0.36140501499176025,0.17482061684131622,0.17482061684131622,0.852557361125946,0.852557361125946,16.13095474243164,16.13095474243164,-0.818629801273346,-0.818629801273346,8.14969539642334,8.14969539642334,0.13810110092163086,0.13810110092163086,-0.0649295300245285,-0.0649295300245285,0.16588318347930908,0.16588318347930908,0.48707717657089233,0.48707717657089233,0.17711496353149414,0.17711496353149414,0.43891438841819763,0.43891438841819763,72.7746810913086,72.7746810913086,35.73116683959961,35.73116683959961,50.731170654296875,50.731170654296875,15.000000953674316,15.000000953674316,1.0,0.02,180.0
213,0.8875,-0.15591014926771982,-12.280480698564196,91.69094084904299,-0.15591014926771982,-12.280480698564196,91.69094084904299,6.9,-6.900000095367432,0.0,0.0,15.0,1,0.3,2.0,0.0,4.0,6.666666666666667,2.857142857142857,12.280477523803711,12.280481338500977,12.280481338500977,12.28048038482666,-0.19222155213356018,-0.19321830570697784,-4.939254283905029,-5.314122676849365,0.0,0.0,0.0,0.0,nan,nan,53.8068733215332,53.8068733215332,107.6137466430664,0.0,11.09591293334961,0.16514192521572113,0.0,0.0,0.0,0.16514192521572113,0.0,11.09591293334961,0.0,0.0,0.0,-2.628268003463745,-2.6647579669952393,10.446905136108398,0.0,0.0,0.0,0.0,11.09591293334961,0.16514192521572113,0.0,0.0,0.0,0.16514192521572113,0.0,11.09591293334961,-0.0,-0.0,-0.0,-2.6282689571380615,2.6647560596466064,10.446905136108398,0.0,0.0,0.0,4.470348358154297e-08,0.0,0.6000000238418579,-1.4901161193847656e-07,0.05600002408027649,0.5999999642372131,0.0,-0.055999964475631714,0.6000000238418579,-5.256536960601807,-1.9073486328125e-06,20.893810272216797,0.0,0.0,0.0,4.76837158203125e-07,2.647393330335035e-06,5.066394805908203e-07,19.68363380432129,19.683629989624023,45.66958999633789,45.66958236694336,0.4637744426727295,0.4637744426727295,0.3740755319595337,0.3740755319595337,0.1621500849723816,0.1621500849723816,0.852557361125946,0.852557361125946,15.99249267578125,15.99249267578125,-1.2295455932617188,-1.2295455932617188,8.00755500793457,8.00755500793457,0.13689643144607544,0.13689643144607544,-0.0649295300245285,-0.0649295300245285,0.16514192521572113,0.16514192521572113,0.4874323606491089,0.4874323606491089,0.17415392398834229,0.17415392398834229,0.4359533190727234,0.4359533190727234,70.93556213378906,70.93556213378906,34.71242141723633,34.71242141723633,49.71242141723633,49.71242141723633,15.000000953674316,15.000000953674316,1.0,0.02,180.0
214,0.8916666666666666,-0.20619330354683105,-11.835780810378715,121.6393070364864,-0.20619330354683105,-11.835780810378715,121.6393070364864,6.9,-6.900000095367432,0.0,0.0,15.0,1,0.3,2.0,0.0,4.0,6.666666666666667,2.857142857142857,11.835782051086426,11.83578109741211,11.835780143737793,11.835780143737793,-0.23959138989448547,-0.24062150716781616,-4.188069820404053,-4.571315765380859,0.0,0.0,0.0,0.0,nan,nan,48.637779235839844,48.637779235839844,97.27555847167969,0.0,10.461676597595215,0.16360580921173096,0.0,0.0,0.0,0.16360580921173096,0.0,10.461676597595215,0.0,0.0,0.0,-2.4343984127044678,-3.019700765609741,9.717435836791992,0.0,0.0,0.0,0.0,10.461676597595215,0.16360580921173096,0.0,0.0,0.0,0.16360580921173096,0.0,10.461676597595215,-0.0,-0.0,-0.0,-2.434398651123047,3.01969838142395,9.717435836791992,0.0,0.0,0.0,4.470348358154297e-08,0.0,0.6000000238418579,0.0,0.05600002408027649,0.6000000238418579,-4.470348358154297e-08,-0.05599990487098694,0.5999999642372131,-4.868797302246094,-2.384185791015625e-06,19.434871673583984,0.0,0.0,0.0,1.3113021850585938e-06,1.4483110817309353e-06,1.4901161193847656e-07,19.2283878326416,19.2283878326416,44.47459030151367,44.47459030151367,0.47791728377342224,0.47791728377342224,0.3845343291759491,0.3845343291759491,0.13754841685295105,0.13754841685295105,0.852557361125946,0.852557361125946,15.72068977355957,15.72068977355957,-1.63114333152771,-1.63114333152771,7.735898971557617,7.735898971557617,0.13453161716461182,0.13453161716461182,-0.0649295300245285,-0.0649295300245285,0.16360580921173096,0.16360580921173096,0.48792755603790283,0.48792755603790283,0.16824576258659363,0.16824576258659363,0.43004512786865234,0.43004512786865234,68.36685943603516,68.36685943603516,33.26997756958008,33.26997756958008,48.26997756958008,48.26997756958008,15.000000953674316,15.000000953674316,1.0,0.02,180.0
215,0.8958333333333334,-0.25436630261398596,-11.268167928599704,150.65073218659845,-0.25436630261398596,-11.268167928599704,150.65073218659845,6.9,-6.900000095367432,0.0,0.0,15.0,1,0.3,2.0,0.0,4.0,6.666666666666667,2.857142857142857,11.268163681030273,11.268165588378906,11.268168449401855,11.268167495727539,-0.28450778126716614,-0.28556060791015625,-3.393789768218994,-3.7814574241638184,0.0,0.0,0.0,0.0,nan,nan,42.74125671386719,42.74125671386719,85.48251342773438,0.0,9.728689193725586,0.16129890084266663,0.0,0.0,0.0,0.16129890084266663,0.0,9.728689193725586,0.0,0.0,0.0,-2.217194080352783,-3.2534122467041016,8.897908210754395,0.0,0.0,0.0,0.0,9.728689193725586,0.16129890084266663,0.0,0.0,0.0,0.16129890084266663,0.0,9.728689193725586,-0.0,-0.0,-0.0,-2.217195510864258,3.253410816192627,8.897908210754395,0.0,0.0,0.0,4.470348358154297e-08,0.0,0.6000000238418579,-4.470348358154297e-08,0.0559999942779541,0.6000000238418579,-2.9802322387695312e-08,-0.055999934673309326,0.6000000238418579,-4.434389591217041,-1.430511474609375e-06,17.79581642150879,0.0,0.0,0.0,5.364418029785156e-07,1.4584808241124847e-06,9.685754776000977e-08,18.58417510986328,18.584165573120117,42.857975006103516,42.85795974731445,0.4920608103275299,0.4920608103275299,0.40504759550094604,0.40504759550094604,0.10289160162210464,0.10289160162210464,0.852557361125946,0.852557361125946,15.320903778076172,15.320903778076172,-2.020176887512207,-2.020176887512207,7.34566068649292,7.34566068649292,0.13105323910713196,0.13105323910713196,-0.0649295300245285,-0.0649295300245285,0.16129890084266663,0.16129890084266663,0.48855820298194885,0.48855820298194885,0.15943323075771332,0.15943323075771332,0.4212326109409332,0.4212326109409332,65.0881576538086,65.0881576538086,31.414831161499023,31.414831161499023,46.41482925415039,46.41482925415039,15.000000953674316,15.000000953674316,1.0,0.02,180.0
216,0.9,-0.2999258873317079,-10.582058444888741,178.4778539821186,-0.2999258873317079,-10.582058444888741,178.4778539821186,6.9,-6.900000095367432,0.0,0.0,15.0,1,0.3,2.0,0.0,4.0,6.666666666666667,2.857142857142857,10.58205509185791,10.582056999206543,10.582058906555176,10.582058906555176,-0.32653099298477173,-0.32759520411491394,-2.569439172744751,-2.95759916305542,0.0,0.0,0.0,0.0,nan,nan,36.442264556884766,36.442264556884766,72.88452911376953,0.0,8.95434856414795,0.18178683519363403,0.0,0.0,0.0,0.18178683519363403,0.0,8.95434856414795,0.0,0.0,0.0,-1.9709656238555908,-3.375687837600708,8.058128356933594,0.0,0.0,0.0,0.0,8.95434856414795,0.18178683519363403,0.0,0.0,0.0,0.18178683519363403,0.0,8.95434856414795,-0.0,-0.0,-0.0,-1.9709668159484863,3.3756868839263916,8.058128356933594,0.0,0.0,0.0,4.470348358154297e-08,0.0,0.6000000238418579,-7.450580596923828e-08,0.05600002408027649,0.5999999642372131,-7.450580596923828e-08,-0.055999934673309326,0.6000000238418579,-3.941932439804077,-9.5367431640625e-07,16.116256713867188,0.0,0.0,0.0,5.066394805908203e-07,2.0386862615850987e-06,1.1175870895385742e-07,17.748441696166992,17.748441696166992,40.76873016357422,40.768714904785156,0.5203555822372437,0.5203555822372437,0.41751325130462646,0.41751325130462646,0.06213124841451645,0.06213124841451645,0.8378353118896484,0.8378353118896484,14.80095100402832,14.80095100402832,-2.393329620361328,-2.393329620361328,6.852349758148193,6.852349758148193,0.1265292763710022,0.1265292763710022,-0.0649295300245285,-0.0649295300245285,0.18178683519363403,0.18178683519363403,0.48931822180747986,0.48931822180747986,0.14778262376785278,0.14778262376785278,0.4095820188522339,0.4095820188522339,61.124996185302734,61.124996185302734,29.161399841308594,29.161399841308594,44.161399841308594,44.161399841308594,15.000000953674316,15.000000953674316,1.0,0.02,180.0
217,0.9041666666666667,-0.3423893550027538,-9.782910954827665,204.86769459747237,-0.3423893550027538,-9.782910954827665,204.86769459747237,6.9,-6.900000095367432,0.0,0.0,15.0,1,0.3,2.0,0.0,4.0,6.666666666666667,2.857142857142857,9.782907485961914,9.782907485961914,9.78291130065918,9.78291130065918,-0.36516034603118896,-0.3662247359752655,-1.7148545980453491,-2.099372625350952,0.0,0.0,0.0,0.0,nan,nan,29.95548439025879,29.95548439025879,59.91096878051758,0.0,8.072249412536621,0.17716282606124878,0.0,0.0,0.0,0.17716282606124878,0.0,8.072249412536621,0.0,0.0,0.0,-1.728793740272522,-3.357795238494873,7.13646125793457,0.0,0.0,0.0,0.0,8.072249412536621,0.17716282606124878,0.0,0.0,0.0,0.17716282606124878,0.0,8.072249412536621,-0.0,-0.0,-0.0,-1.728793978691101,3.3577938079833984,7.136462211608887,0.0,0.0,0.0,4.470348358154297e-08,0.0,0.6000000238418579,-7.450580596923828e-08,0.0559999942779541,0.6000000238418579,-1.341104507446289e-07,-0.055999934673309326,0.5999999642372131,-3.457587718963623,-1.430511474609375e-06,14.272923469543457,0.0,0.0,0.0,5.662441253662109e-07,2.2298754629446194e-06,-1.1175870895385742e-07,16.725229263305664,16.72522735595703,38.14397430419922,38.14397430419922,0.5486653447151184,0.5486653447151184,0.42825010418891907,0.42825010418891907,0.023084618151187897,0.023084618151187897,0.8378353118896484,0.8378353118896484,14.170816421508789,14.170816421508789,-2.747208595275879,-2.747208595275879,6.27518367767334,6.27518367767334,0.12104649841785431,0.12104649841785431,-0.0649295300245285,-0.0649295300245285,0.17716282606124878,0.17716282606124878,0.4902004599571228,0.4902004599571228,0.13338391482830048,0.13338391482830048,0.3951833248138428,0.3951833248138428,56.50889587402344,56.50889587402344,26.52756118774414,26.52756118774414,41.52756118774414,41.52756118774414,15.000000953674316,15.000000953674316,1.0,0.02,180.0
218,0.9083333333333333,-0.3812989490535886,-8.877249257550403,229.56198622954074,-0.3812989490535886,-8.877249257550403,229.56198622954074,6.9,-6.900000095367432,0.0,0.0,15.0,1,0.3,2.0,0.0,4.0,6.666666666666667,2.857142857142857,8.877249717712402,8.877250671386719,8.877249717712402,8.877249717712402,-0.40003615617752075,-0.40108904242515564,-0.8483498096466064,-1.2252776622772217,0.0,0.0,0.0,0.0,nan,nan,23.65626335144043,23.65626335144043,47.31252670288086,0.0,7.184325695037842,0.19469010829925537,0.0,0.0,0.0,0.19469010829925537,0.0,7.184325695037842,0.0,0.0,0.0,-1.4715113639831543,-3.2403252124786377,6.243988037109375,0.0,0.0,0.0,0.0,7.184325695037842,0.19469010829925537,0.0,0.0,0.0,0.19469010829925537,0.0,7.184325695037842,-0.0,-0.0,-0.0,-1.471511721611023,3.240324020385742,6.243988990783691,0.0,0.0,0.0,4.470348358154297e-08,0.0,0.6000000238418579,-4.470348358154297e-08,0.0559999942779541,0.6000000238418579,-4.470348358154297e-08,-0.055999964475631714,0.5999999642372131,-2.943023204803467,-1.1920928955078125e-06,12.487977027893066,0.0,0.0,0.0,3.2782554626464844e-07,1.2042211210427922e-06,2.2351741790771484e-08,15.530637741088867,15.530635833740234,34.91228485107422,34.91228485107422,0.5911480784416199,0.5911480784416199,0.4088520109653473,0.4088520109653473,0.0,0.0,0.8231391906738281,0.8231391906738281,13.442300796508789,13.442300796508789,-3.0783510208129883,-3.0783510208129883,5.636050224304199,5.636050224304199,0.11470751464366913,0.11470751464366913,-0.0649295300245285,-0.0649295300245285,0.19469010829925537,0.19469010829925537,0.4911963939666748,0.4911963939666748,0.11635147035121918,0.11635147035121918,0.3781508803367615,0.3781508803367615,51.27753448486328,51.27753448486328,23.534746170043945,23.534746170043945,38.53474426269531,38.53474426269531,15.000000953674316,15.000000953674316,1.0,0.02,180.0
219,0.9125,-0.41622633988797914,-7.872682453102865,252.2982578787958,-0.41622633988797914,-7.872682453102865,252.2982578787958,6.9,-6.900000095367432,0.0,0.0,15.0,1,0.3,2.0,0.0,4.0,6.666666666666667,2.857142857142857,7.872683525085449,7.872682094573975,7.872682571411133,7.872682571411133,-0.4307466149330139,-0.4317762851715088,0.024998188018798828,-0.34034669399261475,0.0,0.0,0.0,0.0,nan,nan,17.774139404296875,17.774139404296875,35.54827880859375,0.0,6.268699645996094,0.21011555194854736,0.0,0.0,0.0,0.21011555194854736,0.0,6.268699645996094,0.0,0.0,0.0,-1.2186663150787354,-3.0210049152374268,5.359955787658691,0.0,0.0,0.0,0.0,6.268699645996094,0.21011555194854736,0.0,0.0,0.0,0.21011555194854736,0.0,6.268699645996094,-0.0,-0.0,-0.0,-1.218666434288025,3.0210037231445312,5.35995626449585,0.0,0.0,0.0,4.470348358154297e-08,0.0,0.6000000238418579,1.4901161193847656e-08,0.05600002408027649,0.6000000238418579,1.4901161193847656e-08,-0.055999964475631714,0.6000000238418579,-2.4373326301574707,-1.1920928955078125e-06,10.719911575317383,0.0,0.0,0.0,2.980232238769531e-07,3.1947826073519536e-07,6.705522537231445e-08,14.202699661254883,14.202698707580566,31.003372192382812,31.003366470336914,0.6477158665657043,0.6477158665657043,0.35228419303894043,0.35228419303894043,0.0,0.0,0.8084741830825806,0.8084741830825806,12.628571510314941,12.628571510314941,-3.383237361907959,-3.383237361907959,4.958332061767578,4.958332061767578,0.10762669146060944,0.10762669146060944,-0.0649295300245285,-0.0649295300245285,0.21011555194854736,0.21011555194854736,0.4922962188720703,0.4922962188720703,0.09682442992925644,0.09682442992925644,0.3586238622665405,0.3586238622665405,45.4748649597168,45.4748649597168,20.208026885986328,20.208026885986328,35.20802688598633,35.20802688598633,15.000000953674316,15.000000953674316,1.0,0.02,180.0
220,0.9166666666666666,-0.446777177992189,-6.7779187762501865,272.81177047052086,-0.446777177992189,-6.7779187762501865,272.81177047052086,6.9,-6.900000095367432,0.0,0.0,15.0,1,0.3,2.0,0.0,4.0,6.666666666666667,2.857142857142857,6.777919292449951,6.777919292449951,6.777919292449951,6.777919292449951,-0.45696961879730225,-0.4579642713069916,0.8913992047309875,0.541456401348114,0.0,0.0,0.0,0.0,nan,nan,12.57106876373291,12.57106876373291,25.14213752746582,0.0,5.382648468017578,0.24609729647636414,0.0,0.0,0.0,0.24609729647636414,0.0,5.382648468017578,0.0,0.0,0.0,-0.9618934392929077,-2.7368555068969727,4.540688514709473,0.0,0.0,0.0,0.0,5.382648468017578,0.24609729647636414,0.0,0.0,0.0,0.24609729647636414,0.0,5.382648468017578,-0.0,-0.0,-0.0,-0.9618934392929077,2.7368550300598145,4.540688514709473,0.0,0.0,0.0,4.470348358154297e-08,0.0,0.6000000238418579,4.470348358154297e-08,0.05600005388259888,0.6000000238418579,2.9802322387695312e-08,-0.0559999942779541,0.6000000238418579,-1.9237868785858154,-4.76837158203125e-07,9.081377029418945,0.0,0.0,0.0,2.682209014892578e-07,6.766153148873855e-08,1.4901161193847656e-08,12.818849563598633,12.818845748901367,26.371381759643555,26.371381759643555,0.7453797459602356,0.7453797459602356,0.2546203136444092,0.2546203136444092,0.0,0.0,0.7792512774467468,0.7792512774467468,11.743650436401367,11.743650436401367,-3.6583163738250732,-3.6583163738250732,4.265695571899414,4.265695571899414,0.09992587566375732,0.09992587566375732,-0.0649295300245285,-0.0649295300245285,0.24609729647636414,0.24609729647636414,0.493489146232605,0.493489146232605,0.07496723532676697,0.07496723532676697,0.33676666021347046,0.33676666021347046,39.15119934082031,39.15119934082031,16.576148986816406,16.576148986816406,31.576148986816406,31.576148986816406,15.000000953674316,15.000000953674316,1.0,0.02,180.0
221,0.9208333333333333,-0.47259568567620286,-5.602769492301301,290.8383622625232,-0.47259568567620286,-5.602769492301301,290.8383622625232,6.9,-6.900000095367432,0.0,0.0,15.0,1,0.3,2.0,0.0,4.0,6.666666666666667,2.857142857142857,5.602768898010254,5.602769374847412,5.60276985168457,5.60276985168457,-0.47836950421333313,-0.47931772470474243,1.7455940246582031,1.414829969406128,0.0,0.0,0.0,0.0,nan,nan,8.181848526000977,8.181848526000977,16.363697052001953,0.0,4.503814220428467,0.27729520201683044,0.0,0.0,0.0,0.27729520201683044,0.0,4.503814220428467,0.0,0.0,0.0,-0.7202615141868591,-2.389359474182129,3.759443998336792,0.0,0.0,0.0,0.0,4.503814220428467,0.27729520201683044,0.0,0.0,0.0,0.27729520201683044,0.0,4.503814220428467,-0.0,-0.0,-0.0,-0.7202616333961487,2.389359474182129,3.759443998336792,0.0,0.0,0.0,4.470348358154297e-08,0.0,0.6000000238418579,-1.1920928955078125e-07,0.05600002408027649,0.6000000238418579,4.470348358154297e-08,-0.055999964475631714,0.6000000238418579,-1.4405231475830078,0.0,7.518887996673584,0.0,0.0,0.0,2.2351741790771484e-07,6.162209160720522e-07,4.246830940246582e-07,11.528569221496582,11.528570175170898,21.049341201782227,21.049341201782227,0.874330997467041,0.874330997467041,0.12566909193992615,0.12566909193992615,0.0,0.0,0.7501851320266724,0.7501851320266724,10.801855087280273,10.801855087280273,-3.9000470638275146,-3.9000470638275146,3.5809271335601807,3.5809271335601807,0.09172935783863068,0.09172935783863068,-0.0649295300245285,-0.0649295300245285,0.27729520201683044,0.27729520201683044,0.49476322531700134,0.49476322531700134,0.05096985399723053,0.05096985399723053,0.3127692639827728,0.3127692639827728,32.363197326660156,32.363197326660156,12.671529769897461,12.671529769897461,27.671531677246094,27.671531677246094,15.000000953674316,15.000000953674316,1.0,0.02,180.0
222,0.9249999999999999,-0.49336923806813243,-4.3581389864233655,306.11823435313954,-0.49336923806813243,-4.3581389864233655,306.11823435313954,6.9,-6.900000095367432,0.0,0.0,15.0,1,0.3,2.0,0.0,4.0,6.666666666666667,2.857142857142857,4.358138561248779,4.358137607574463,4.3581390380859375,4.3581390380859375,-0.49470415711402893,-0.4955945909023285,2.574526786804199,2.2664895057678223,0.0,0.0,0.0,0.0,nan,nan,4.739965438842773,4.739965438842773,9.479930877685547,0.0,3.6811983585357666,0.3243429958820343,0.0,0.0,0.0,0.3243429958820343,0.0,3.6811983585357666,0.0,0.0,0.0,-0.483666330575943,-2.017343044281006,3.058237075805664,0.0,0.0,0.0,0.0,3.6811983585357666,0.3243429958820343,0.0,0.0,0.0,0.3243429958820343,0.0,3.6811983585357666,-0.0,-0.0,-0.0,-0.4836665689945221,2.0173420906066895,3.0582375526428223,0.0,0.0,0.0,4.470348358154297e-08,0.0,0.6000000238418579,-1.341104507446289e-07,0.05600002408027649,0.5999999642372131,-4.470348358154297e-08,-0.055999964475631714,0.6000000238418579,-0.9673328995704651,-9.5367431640625e-07,6.116474628448486,0.0,0.0,0.0,4.470348358154297e-08,8.49111927436752e-07,1.9744038581848145e-07,10.614065170288086,10.614063262939453,15.29611873626709,15.29611873626709,0.9979436993598938,0.9979436993598938,0.002056337660178542,0.002056337660178542,0.0,0.0,0.7068858742713928,0.7068858742713928,9.817217826843262,9.817217826843262,-4.104945182800293,-4.104945182800293,2.924910545349121,2.924910545349121,0.083158940076828,0.083158940076828,-0.0649295300245285,-0.0649295300245285,0.3243429958820343,0.3243429958820343,0.496105432510376,0.496105432510376,0.025047900155186653,0.025047900155186653,0.2868472933769226,0.2868472933769226,25.173858642578125,25.173858642578125,8.5302734375,8.5302734375,23.530275344848633,23.530275344848633,15.000000953674316,15.000000953674316,1.0,0.02,180.0
223,0.9291666666666667,-0.5088328676988535,-3.0559971328637094,318.40066665594156,-0.5088328676988535,-3.0559971328637094,318.40066665594156,6.9,-6.900000095367432,0.0,0.0,15.0,1,0.3,2.0,0.0,4.0,6.666666666666667,2.857142857142857,3.055997133255005,3.055997133255005,3.055997133255005,3.055997133255005,-0.5057703256607056,-0.5065919756889343,3.3668065071105957,3.084787607192993,0.0,0.0,0.0,0.0,nan,nan,2.2909345626831055,2.2909345626831055,4.581869125366211,0.0,2.948537826538086,0.40423744916915894,0.0,0.0,0.0,0.40423744916915894,0.0,2.948537826538086,0.0,0.0,0.0,-0.2413346767425537,-1.6537799835205078,2.4625296592712402,0.0,0.0,0.0,0.0,2.948537826538086,0.40423744916915894,0.0,0.0,0.0,0.40423744916915894,0.0,2.948537826538086,-0.0,-0.0,-0.0,-0.24133488535881042,1.6537795066833496,2.4625301361083984,0.0,0.0,0.0,4.470348358154297e-08,0.0,0.6000000238418579,-1.4901161193847656e-08,0.05600006878376007,0.6000000238418579,5.960464477539063e-08,-0.055999934673309326,0.5999999642372131,-0.48266956210136414,-4.76837158203125e-07,4.925059795379639,0.0,0.0,0.0,4.023313522338867e-07,1.2446832897694549e-07,1.434236764907837e-07,10.569445610046387,10.569445610046387,14.911288261413574,14.911288261413574,1.0,1.0,0.0,0.0,0.0,0.0,0.6354192495346069,0.6354192495346069,8.802943229675293,8.802943229675293,-4.269648551940918,-4.269648551940918,2.315823793411255,2.315823793411255,0.07432917505502701,0.07432917505502701,-0.0649295300245285,-0.0649295300245285,0.40423744916915894,0.40423744916915894,0.49750179052352905,0.49750179052352905,-0.0025576429907232523,-0.0025576429907232523,0.2592417597770691,0.2592417597770691,17.652313232421875,17.652313232421875,4.192049980163574,4.192049980163574,19.192049026489258,19.192049026489258,15.000000953674316,15.000000953674316,1.0,0.02,180.0
224,0.9333333333333333,-0.5187736109048188,-1.7093301646961472,327.4496082018223,-0.5187736109048188,-1.7093301646961472,327.4496082018223,6.9,-6.900000095367432,0.0,0.0,15.0,1,0.3,2.0,0.0,4.0,6.666666666666667,2.857142857142857,1.7093298435211182,1.7093300819396973,1.7093302011489868,1.7093302011489868,-0.511415958404541,-0.5121583938598633,4.111474514007568,3.858485221862793,0.0,0.0,0.0,0.0,nan,nan,0.7948105335235596,0.7948105335235596,1.5896210670471191,0.0,2.336118698120117,0.5484594702720642,0.0,0.0,0.0,0.5484594702720642,0.0,2.336118698120117,0.0,0.0,0.0,0.03259510174393654,-1.3294464349746704,1.9974404573440552,0.0,0.0,0.0,0.0,2.336118698120117,0.5484594702720642,0.0,0.0,0.0,0.5484594702720642,0.0,2.336118698120117,-0.0,-0.0,-0.0,0.03259491175413132,1.3294459581375122,1.9974408149719238,0.0,0.0,0.0,4.470348358154297e-08,0.0,0.6000000238418579,-4.470348358154297e-08,0.05600002408027649,0.6000000238418579,1.4901161193847656e-08,-0.0559999942779541,0.6000000238418579,0.06519001722335815,-4.76837158203125e-07,3.9948811531066895,0.0,0.0,0.0,3.725290298461914e-08,2.381134720508271e-07,6.763730198144913e-08,11.905655860900879,11.905657768249512,14.950681686401367,14.950681686401367,1.0,1.0,0.0,0.0,0.0,0.0,0.5079392194747925,0.5079392194747925,7.7709269523620605,7.7709269523620605,-4.390992164611816,-4.390992164611816,1.7686140537261963,1.7686140537261963,0.06534316390752792,0.06534316390752792,-0.0649295300245285,-0.0649295300245285,0.5484594702720642,0.5484594702720642,0.498937726020813,0.498937726020813,-0.031581006944179535,-0.031581006944179535,0.23021839559078217,0.23021839559078217,9.873579978942871,9.873579978942871,-0.30004552006721497,-0.30004552006721497,14.699955940246582,14.699955940246582,15.000000953674316,15.000000953674316,1.0,0.02,180.0
225,0.9375,-0.5230345991447319,-0.33206660580692215,333.0500330712475,-0.5230345991447319,-0.33206660580692215,333.0500330712475,6.9,-6.900000095367432,0.0,0.0,15.0,1,0.3,2.0,0.0,4.0,6.666666666666667,2.857142857142857,0.3320666253566742,0.3320665955543518,0.3320665955543518,0.3320665955543518,-0.5115268230438232,-0.5121803879737854,4.8007683753967285,4.579551696777344,0.0,0.0,0.0,0.0,nan,nan,0.0894441306591034,0.0894441306591034,0.1788882613182068,0.0,1.84600830078125,0.8347310423851013,0.0,0.0,0.0,0.8347310423851013,0.0,1.84600830078125,0.0,0.0,0.0,0.4145803153514862,-1.0569907426834106,1.6779202222824097,0.0,0.0,0.0,0.0,1.84600830078125,0.8347310423851013,0.0,0.0,0.0,0.8347310423851013,0.0,1.84600830078125,-0.0,-0.0,-0.0,0.41458019614219666,1.056990146636963,1.6779208183288574,0.0,0.0,0.0,4.470348358154297e-08,0.0,0.6000000238418579,1.4901161193847656e-08,0.05600003898143768,0.6000000238418579,2.9802322387695312e-08,-0.05599994957447052,0.6000000238418579,0.8291605114936829,-5.960464477539062e-07,3.3558411598205566,0.0,0.0,0.0,1.1920928955078125e-07,7.500888443701115e-08,-2.7939677238464355e-08,14.337545394897461,14.337545394897461,14.990432739257812,14.990432739257812,1.0,1.0,0.0,0.0,0.0,0.0,0.2466777116060257,0.2466777116060257,6.731422424316406,6.731422424316406,-4.466092109680176,-4.466092109680176,1.2947704792022705,1.2947704792022705,0.056289758533239365,0.056289758533239365,-0.0649295300245285,-0.0649295300245285,0.8347310423851013,0.8347310423851013,0.5003977417945862,0.5003977417945862,-0.06173274666070938,-0.06173274666070938,0.2000666707754135,0.2000666707754135,1.9181115627288818,1.9181115627288818,-4.899735450744629,-4.899735450744629,10.100265502929688,10.100265502929688,15.000000953674316,15.000000953674316,1.0,0.02,180.0
226,0.9416666666666667,-0.5215187850806252,1.059674662630728,333.73915491626514,-0.5215187850806252,1.059674662630728,333.73915491626514,6.9,-6.900000095367432,0.0,0.0,15.0,1,0.3,2.0,0.0,4.0,6.666666666666667,2.857142857142857,1.0596742630004883,1.0596745014190674,1.059674620628357,1.059674620628357,-0.5058737993240356,-0.5064312219619751,5.4553680419921875,5.26889181137085,0.0,0.0,0.0,0.0,nan,nan,-0.0656692385673523,-0.0656692385673523,-0.1313384771347046,0.0,1.214689016342163,0.8836747407913208,0.0,0.0,0.0,0.8836747407913208,0.0,1.214689016342163,0.0,0.0,0.0,0.5955446362495422,-0.6939984560012817,1.1916556358337402,0.0,0.0,0.0,0.0,1.214689016342163,0.8836747407913208,0.0,0.0,0.0,0.8836747407913208,0.0,1.214689016342163,-0.0,-0.0,-0.0,0.5955446362495422,0.6939983367919922,1.1916558742523193,0.0,0.0,0.0,4.470348358154297e-08,0.0,0.6000000238418579,-1.4901161193847656e-07,0.0559999942779541,0.5999999642372131,-7.450580596923828e-08,-0.055999934673309326,0.5999999642372131,1.1910892724990845,-1.1920928955078125e-07,2.3833115100860596,0.0,0.0,0.0,5.960464477539063e-08,3.0190369670890504e-07,1.4901161193847656e-08,17.195207595825195,17.19521141052246,20.013784408569336,20.013784408569336,0.0,0.0,1.0,1.0,0.0,0.0,0.0,0.0,5.6900224685668945,5.6900224685668945,-4.475333213806152,-4.475333213806152,0.901387095451355,0.901387095451355,0.04721721634268761,0.04721721634268761,-0.0649295300245285,-0.0649295300245285,0.8836747407913208,0.8836747407913208,0.5012273788452148,0.5012273788452148,-0.09278843551874161,-0.09278843551874161,0.1690109819173813,0.1690109819173813,-6.120983600616455,-6.120983600616455,-9.555310249328613,-9.555310249328613,5.444690704345703,5.444690704345703,15.000000953674316,15.000000953674316,1.0,0.02,180.0
227,0.9458333333333333,-0.514213667693953,2.4443823556564173,330.29438274116274,-0.514213667693953,2.4443823556564173,330.29438274116274,6.9,-6.900000095367432,0.0,0.0,15.0,1,0.3,2.0,0.0,4.0,6.666666666666667,2.857142857142857,2.444382429122925,2.4443817138671875,2.444382429122925,2.444382429122925,-0.4943599998950958,-0.4948161840438843,6.088719367980957,5.939911842346191,0.0,0.0,0.0,0.0,nan,nan,0.862859845161438,0.862859845161438,1.725719690322876,0.0,0.23131895065307617,0.5691608786582947,0.0,0.0,0.0,0.5691608786582947,0.0,0.23131895065307617,0.0,0.0,0.0,0.5003827810287476,-0.13077107071876526,0.3316150903701782,0.0,0.0,0.0,0.0,0.23131895065307617,0.5691608786582947,0.0,0.0,0.0,0.5691608786582947,0.0,0.23131895065307617,-0.0,-0.0,-0.0,0.5003827810287476,0.13077101111412048,0.3316151201725006,0.0,0.0,0.0,4.470348358154297e-08,0.0,0.6000000238418579,-5.960464477539063e-08,0.05600003898143768,0.6000000238418579,-1.1920928955078125e-07,-0.055999934673309326,0.5999999046325684,1.0007655620574951,-5.960464477539063e-08,0.6632301807403564,0.0,0.0,0.0,4.842877388000488e-08,2.929582976207712e-08,-6.146728992462158e-08,20.121002197265625,20.121002197265625,26.549501419067383,26.549501419067383,0.0,0.0,1.0,1.0,0.0,0.0,0.0,0.0,4.660458564758301,4.660458564758301,-4.429139614105225,-4.429139614105225,0.5958455801010132,0.5958455801010132,0.0382448211312294,0.0382448211312294,-0.0649295300245285,-0.0649295300245285,0.5691608786582947,0.5691608786582947,0.5018517374992371,0.5018517374992371,-0.12420886754989624,-0.12420886754989624,0.13759052753448486,0.13759052753448486,-14.119451522827148,-14.119451522827148,-14.193626403808594,-14.193626403808594,0.8063738346099854,0.8063738346099854,15.000000953674316,15.000000953674316,1.0,0.02,180.0
228,0.95,-0.5011796389575416,3.806928162591343,323.10095968815745,-0.5011796389575416,3.806928162591343,323.10095968815745,6.9,-6.900000095367432,0.0,0.0,15.0,1,0.3,2.0,0.0,4.0,6.666666666666667,2.857142857142857,3.8069281578063965,3.806926965713501,3.8069281578063965,3.8069281578063965,-0.4773690700531006,-0.4777185022830963,6.649311065673828,6.5398030281066895,0.0,0.0,0.0,0.0,nan,nan,2.8162970542907715,2.8162970542907715,5.632594108581543,0.0,-0.6838764548301697,0.34378042817115784,0.0,0.0,0.0,0.34378042817115784,0.0,-0.6838764548301697,0.0,0.0,0.0,0.47935956716537476,0.37922942638397217,-0.46072930097579956,0.0,0.0,0.0,0.0,-0.6838764548301697,0.34378042817115784,0.0,0.0,0.0,0.34378042817115784,0.0,-0.6838764548301697,-0.0,-0.0,-0.0,0.47935956716537476,-0.37922921776771545,-0.4607294201850891,0.0,0.0,0.0,4.470348358154297e-08,0.0,0.6000000238418579,2.9802322387695312e-08,0.05600005388259888,0.6000000238418579,-2.9802322387695312e-08,-0.0559999942779541,0.6000000238418579,0.9587191343307495,2.086162567138672e-07,-0.9214587211608887,0.0,0.0,0.0,-2.0489096641540527e-08,-4.1192418365199046e-08,-7.450580596923828e-09,22.955577850341797,22.955577850341797,32.53217697143555,32.53217697143555,0.0,0.0,1.0,1.0,0.0,0.0,0.0,0.0,3.648801803588867,3.648801803588867,-4.332678318023682,-4.332678318023682,0.37928467988967896,0.37928467988967896,0.029425272718071938,0.029425272718071938,-0.0649295300245285,-0.0649295300245285,0.34378042817115784,0.34378042817115784,0.5024646520614624,0.5024646520614624,-0.15562130510807037,-0.15562130510807037,0.10617808997631073,0.10617808997631073,-21.989906311035156,-21.989906311035156,-18.76348304748535,-18.76348304748535,-3.763482093811035,-3.763482093811035,15.000000953674316,15.000000953674316,1.0,0.02,180.0
229,0.9541666666666666,-0.48254150558437886,5.131736775935426,312.18788000678927,-0.48254150558437886,5.131736775935426,312.18788000678927,6.9,-6.900000095367432,0.0,0.0,15.0,1,0.3,2.0,0.0,4.0,6.666666666666667,2.857142857142857,5.131736755371094,5.131735324859619,5.131736755371094,5.131736755371094,-0.45506757497787476,-0.45530563592910767,7.131185054779053,7.062188625335693,0.0,0.0,0.0,0.0,nan,nan,5.631457328796387,5.631457328796387,11.262914657592773,0.0,-1.5268529653549194,0.2058369517326355,0.0,0.0,0.0,0.2058369517326355,0.0,-1.5268529653549194,0.0,0.0,0.0,0.5317034125328064,0.8228570222854614,-1.1890528202056885,0.0,0.0,0.0,0.0,-1.5268529653549194,0.2058369517326355,0.0,0.0,0.0,0.2058369517326355,0.0,-1.5268529653549194,-0.0,-0.0,-0.0,0.5317034721374512,-0.8228565454483032,-1.1890531778335571,0.0,0.0,0.0,4.470348358154297e-08,0.0,0.6000000238418579,1.4901161193847656e-08,0.05600005388259888,0.6000000238418579,0.0,-0.055999964475631714,0.5999999642372131,1.0634069442749023,4.76837158203125e-07,-2.378106117248535,0.0,0.0,0.0,-1.341104507446289e-07,-1.2028334595015622e-07,-3.166496753692627e-08,25.614606857299805,25.614604949951172,37.771724700927734,37.771724700927734,0.0,0.0,0.9378688335418701,0.9378688335418701,0.06213124841451645,0.06213124841451645,0.0,0.0,2.659484386444092,2.659484386444092,-4.186336994171143,-4.186336994171143,0.24996930360794067,0.24996930360794067,0.020797159522771835,0.020797159522771835,-0.0649295300245285,-0.0649295300245285,0.2058369517326355,0.2058369517326355,0.5030592083930969,0.5030592083930969,-0.18667282164096832,-0.18667282164096832,0.07512658089399338,0.07512658089399338,-29.642379760742188,-29.642379760742188,-23.212718963623047,-23.212718963623047,-8.212718963623047,-8.212718963623047,15.000000953674316,15.000000953674316,1.0,0.02,180.0
230,0.9583333333333334,-0.4584885873894782,6.4034512856450085,297.63132179417806,-0.4584885873894782,6.4034512856450085,297.63132179417806,6.9,-6.900000095367432,0.0,0.0,15.0,1,0.3,2.0,0.0,4.0,6.666666666666667,2.857142857142857,6.4034504890441895,6.403450012207031,6.403451442718506,6.403451919555664,-0.42768359184265137,-0.427807092666626,7.529181003570557,7.501460075378418,0.0,0.0,0.0,0.0,nan,nan,9.125039100646973,9.125039100646973,18.250078201293945,0.0,-2.2942757606506348,0.15133588016033173,0.0,0.0,0.0,0.15133588016033173,0.0,-2.2942757606506348,0.0,0.0,0.0,0.6539225578308105,1.1896014213562012,-1.8557579517364502,0.0,0.0,0.0,0.0,-2.2942757606506348,0.15133588016033173,0.0,0.0,0.0,0.15133588016033173,0.0,-2.2942757606506348,-0.0,-0.0,-0.0,0.6539226174354553,-1.1896013021469116,-1.8557581901550293,0.0,0.0,0.0,4.470348358154297e-08,0.0,0.6000000238418579,-7.450580596923828e-08,0.05600002408027649,0.6000000238418579,-1.4901161193847656e-08,-0.055999964475631714,0.5999999642372131,1.307845115661621,1.1920928955078125e-07,-3.7115161418914795,0.0,0.0,0.0,-1.6391277313232422e-07,-3.7081221648804785e-07,-1.043081283569336e-07,28.05316162109375,28.05316162109375,42.24398422241211,42.24398422241211,0.0,0.0,0.7725661396980286,0.7725661396980286,0.2274339199066162,0.2274339199066162,0.0,0.0,1.6968629360198975,1.6968629360198975,-3.9911386966705322,-3.9911386966705322,0.20386680960655212,0.20386680960655212,0.012398607097566128,0.012398607097566128,-0.0649295300245285,-0.0649295300245285,0.15133588016033173,0.15133588016033173,0.5036285519599915,0.5036285519599915,-0.2170097529888153,-0.2170097529888153,0.04478967562317848,0.04478967562317848,-36.98816680908203,-36.98816680908203,-27.48984146118164,-27.48984146118164,-12.48984146118164,-12.48984146118164,15.000000953674316,15.000000953674316,1.0,0.02,180.0
231,0.9625,-0.4292733945019372,7.60713271313537,279.55591230332476,-0.4292733945019372,7.60713271313537,279.55591230332476,6.9,-6.900000095367432,0.0,0.0,15.0,1,0.3,2.0,0.0,4.0,6.666666666666667,2.857142857142857,7.6071295738220215,7.607132434844971,7.607133388519287,7.607132911682129,-0.3955058157444,-0.39551281929016113,7.838939189910889,7.8527936935424805,0.0,0.0,0.0,0.0,nan,nan,13.097970962524414,13.097970962524414,26.195941925048828,0.0,-2.982839345932007,0.1740383803844452,0.0,0.0,0.0,0.1740383803844452,0.0,-2.982839345932007,0.0,0.0,0.0,0.8396479487419128,1.4714627265930176,-2.4611802101135254,0.0,0.0,0.0,0.0,-2.982839345932007,0.1740383803844452,0.0,0.0,0.0,0.1740383803844452,0.0,-2.982839345932007,-0.0,-0.0,-0.0,0.8396483659744263,-1.4714621305465698,-2.4611806869506836,0.0,0.0,0.0,4.470348358154297e-08,0.0,0.6000000238418579,-8.940696716308594e-08,0.0559999942779541,0.5999999642372131,-2.9802322387695312e-08,-0.055999964475631714,0.6000000238418579,1.6792962551116943,5.960464477539062e-07,-4.922360897064209,0.0,0.0,0.0,2.9802322387695312e-08,-5.63489152227703e-07,-8.940696716308594e-08,30.249813079833984,30.249814987182617,45.99959945678711,45.999603271484375,0.0,0.0,0.6618125438690186,0.6618125438690186,0.3381875455379486,0.3381875455379486,0.0,0.0,0.7659139037132263,0.7659139037132263,-3.748753070831299,-3.748753070831299,0.23469460010528564,0.23469460010528564,0.004273309372365475,0.004273309372365475,-0.0649295300245285,-0.0649295300245285,0.1740383803844452,0.1740383803844452,0.5041662454605103,0.5041662454605103,-0.2462819516658783,-0.2462819516658783,0.01551746018230915,0.01551746018230915,-43.940975189208984,-43.940975189208984,-31.5446720123291,-31.5446720123291,-16.5446720123291,-16.5446720123291,15.000000953674316,15.000000953674316,1.0,0.02,180.0
232,0.9666666666666667,-0.3952094644842891,8.72846304272426,258.13511992094845,-0.3952094644842891,8.72846304272426,258.13511992094845,6.9,-6.900000095367432,0.0,0.0,15.0,1,0.3,2.0,0.0,4.0,6.666666666666667,2.857142857142857,8.728460311889648,8.728460311889648,8.728463172912598,8.728463172912598,-0.35888102650642395,-0.3587709665298462,8.056894302368164,8.112161636352539,0.0,0.0,0.0,0.0,nan,nan,17.33819007873535,17.33819007873535,34.6763801574707,0.0,-3.588726758956909,0.2653931677341461,0.0,0.0,0.0,0.2653931677341461,0.0,-3.588726758956909,0.0,0.0,0.0,1.079432487487793,1.663010597229004,-3.003100872039795,0.0,0.0,0.0,0.0,-3.588726758956909,0.2653931677341461,0.0,0.0,0.0,0.2653931677341461,0.0,-3.588726758956909,-0.0,-0.0,-0.0,1.079432487487793,-1.6630101203918457,-3.003101110458374,0.0,0.0,0.0,4.470348358154297e-08,0.0,0.6000000238418579,-1.4901161193847656e-07,0.0559999942779541,0.5999999642372131,-1.4901161193847656e-08,-0.055999934673309326,0.6000000238418579,2.158864974975586,4.76837158203125e-07,-6.00620174407959,0.0,0.0,0.0,-7.450580596923828e-08,-8.250839300671942e-07,-2.868473529815674e-07,32.19735336303711,32.19735336303711,49.11737823486328,49.11737823486328,0.0,0.0,0.5628252625465393,0.5628252625465393,0.43717479705810547,0.43717479705810547,0.0,0.0,-0.12721896171569824,-0.12721896171569824,-3.461507558822632,-3.461507558822632,0.33384740352630615,0.33384740352630615,-0.0035246910993009806,-0.0035246910993009806,-0.0649295300245285,-0.0649295300245285,0.2653931677341461,0.2653931677341461,0.5046661496162415,0.5046661496162415,-0.27414748072624207,-0.27414748072624207,-0.012348058633506298,-0.012348058633506298,-50.4181022644043,-50.4181022644043,-35.32905960083008,-35.32905960083008,-20.329057693481445,-20.329057693481445,15.000000953674316,15.000000953674316,1.0,0.02,180.0
233,0.9708333333333333,-0.35666835262310626,9.753947896382027,233.59067415126466,-0.35666835262310626,9.753947896382027,233.59067415126466,6.9,-6.900000095367432,0.0,0.0,15.0,1,0.3,2.0,0.0,4.0,6.666666666666667,2.857142857142857,9.753945350646973,9.753948211669922,9.753948211669922,9.753948211669922,-0.3182109594345093,-0.31798461079597473,8.180318832397461,8.276349067687988,0.0,0.0,0.0,0.0,nan,nan,21.623319625854492,21.623319625854492,43.246639251708984,0.0,-4.107283592224121,0.4144558906555176,0.0,0.0,0.0,0.4144558906555176,0.0,-4.107283592224121,0.0,0.0,0.0,1.360629677772522,1.761653184890747,-3.476609706878662,0.0,0.0,0.0,0.0,-4.107283592224121,0.4144558906555176,0.0,0.0,0.0,0.4144558906555176,0.0,-4.107283592224121,-0.0,-0.0,-0.0,1.3606300354003906,-1.7616525888442993,-3.4766101837158203,0.0,0.0,0.0,4.470348358154297e-08,0.0,0.6000000238418579,-1.1920928955078125e-07,0.0559999942779541,0.5999999642372131,7.450580596923828e-08,-0.0559999942779541,0.6000000238418579,2.721259593963623,5.960464477539062e-07,-6.953219890594482,0.0,0.0,0.0,1.341104507446289e-07,-5.473495434671349e-07,-3.203749656677246e-07,33.896854400634766,33.89685821533203,51.68009948730469,51.68010711669922,0.0,0.0,0.5062065124511719,0.5062065124511719,0.4937935173511505,0.4937935173511505,0.0,0.0,-0.9749088883399963,-0.9749088883399963,-3.1323742866516113,-3.1323742866516113,0.4903137683868408,0.4903137683868408,-0.010928294621407986,-0.010928294621407986,-0.0649295300245285,-0.0649295300245285,0.4144558906555176,0.4144558906555176,0.5051225423812866,0.5051225423812866,-0.3002769351005554,-0.3002769351005554,-0.038477521389722824,-0.038477521389722824,-56.341590881347656,-56.341590881347656,-38.7974967956543,-38.7974967956543,-23.797496795654297,-23.797496795654297,15.000000953674316,15.000000953674316,1.0,0.02,180.0
234,0.975,-0.3140757854999515,10.67111464426118,206.1909438902311,-0.3140757854999515,10.67111464426118,206.1909438902311,6.9,-6.900000095367432,0.0,0.0,15.0,1,0.3,2.0,0.0,4.0,6.666666666666667,2.857142857142857,10.671113967895508,10.671114921569824,10.671114921569824,10.671114921569824,-0.27394789457321167,-0.2736075222492218,8.207351684570312,8.343027114868164,0.0,0.0,0.0,0.0,nan,nan,25.724811553955078,25.724811553955078,51.449623107910156,0.0,-4.532958984375,0.607925534248352,0.0,0.0,0.0,0.607925534248352,0.0,-4.532958984375,0.0,0.0,0.0,1.6674964427947998,1.7681094408035278,-3.874343156814575,0.0,0.0,0.0,0.0,-4.532958984375,0.607925534248352,0.0,0.0,0.0,0.607925534248352,0.0,-4.532958984375,-0.0,-0.0,-0.0,1.6674965620040894,-1.7681087255477905,-3.8743433952331543,0.0,0.0,0.0,4.470348358154297e-08,0.0,0.6000000238418579,-1.043081283569336e-07,0.05600005388259888,0.5999999642372131,4.470348358154297e-08,-0.055999964475631714,0.6000000238418579,3.3349928855895996,7.152557373046875e-07,-7.748686790466309,0.0,0.0,0.0,-2.2351741790771484e-07,-6.767126592421846e-07,-4.023313522338867e-07,35.35371398925781,35.35371398925781,53.76335144042969,53.76335144042969,0.0,0.0,0.4637744426727295,0.4637744426727295,0.5362256169319153,0.5362256169319153,0.0,0.0,-1.7680059671401978,-1.7680059671401978,-2.764953136444092,-2.764953136444092,0.6907120943069458,0.6907120943069458,-0.017857030034065247,-0.017857030034065247,-0.0649295300245285,-0.0649295300245285,0.607925534248352,0.607925534248352,0.5055299997329712,0.5055299997329712,-0.324358195066452,-0.324358195066452,-0.06255877763032913,-0.06255877763032913,-61.63941192626953,-61.63941192626953,-41.907859802246094,-41.907859802246094,-26.90785789489746,-26.90785789489746,15.000000953674316,15.000000953674316,1.0,0.02,180.0
235,0.9791666666666666,-0.2679070060029606,11.468701523452754,176.2482391160626,-0.2679070060029606,11.468701523452754,176.2482391160626,6.9,-6.900000095367432,0.0,0.0,15.0,1,0.3,2.0,0.0,4.0,6.666666666666667,2.857142857142857,11.468697547912598,11.468701362609863,11.468701362609863,11.468701362609863,-0.22658967971801758,-0.22613868117332458,8.137070655822754,8.31079387664795,0.0,0.0,0.0,0.0,nan,nan,29.414691925048828,29.414691925048828,58.829383850097656,0.0,-4.859498500823975,0.8304093480110168,0.0,0.0,0.0,0.8304093480110168,0.0,-4.859498500823975,0.0,0.0,0.0,1.9816268682479858,1.6869471073150635,-4.187083721160889,0.0,0.0,0.0,0.0,-4.859498500823975,0.8304093480110168,0.0,0.0,0.0,0.8304093480110168,0.0,-4.859498500823975,-0.0,-0.0,-0.0,1.981627106666565,-1.6869462728500366,-4.187084197998047,0.0,0.0,0.0,4.470348358154297e-08,0.0,0.6000000238418579,-5.960464477539063e-08,0.05600002408027649,0.6000000238418579,0.0,-0.055999964475631714,0.6000000238418579,3.963253974914551,8.344650268554688e-07,-8.374168395996094,0.0,0.0,0.0,-2.2351741790771484e-07,-6.239241088223935e-07,-2.086162567138672e-07,36.57518768310547,36.57518768310547,55.43125915527344,55.4312629699707,0.0,0.0,0.4213273823261261,0.4213273823261261,0.5786726474761963,0.5786726474761963,0.0,0.0,-2.4960672855377197,-2.4960672855377197,-2.363431453704834,-2.363431453704834,0.9195579886436462,0.9195579886436462,-0.024219097569584846,-0.024219097569584846,-0.0649295300245285,-0.0649295300245285,0.8304093480110168,0.8304093480110168,0.5058837532997131,0.5058837532997131,-0.3461008369922638,-0.3461008369922638,-0.0843014270067215,-0.0843014270067215,-66.24649810791016,-66.24649810791016,-44.621986389160156,-44.621986389160156,-29.621984481811523,-29.621984481811523,15.000000953674316,15.000000953674316,1.0,0.02,180.0
236,0.9833333333333333,-0.21868135659309548,12.136833272453586,144.11504039517183,-0.21868135659309548,12.136833272453586,144.11504039517183,6.9,-6.900000095367432,0.0,0.0,15.0,1,0.3,2.0,0.0,4.0,6.666666666666667,2.857142857142857,12.136832237243652,12.136831283569336,12.136833190917969,12.136833190917969,-0.1766735017299652,-0.17611674964427948,7.969531536102295,8.179259300231934,0.0,0.0,0.0,0.0,nan,nan,32.47536087036133,32.47536087036133,64.95072174072266,0.0,-5.08035135269165,1.0649796724319458,0.0,0.0,0.0,1.0649796724319458,0.0,-5.08035135269165,0.0,0.0,0.0,2.2827773094177246,1.5270390510559082,-4.404682636260986,0.0,0.0,0.0,0.0,-5.08035135269165,1.0649796724319458,0.0,0.0,0.0,1.0649796724319458,0.0,-5.08035135269165,-0.0,-0.0,-0.0,2.2827775478363037,-1.5270379781723022,-4.4046831130981445,0.0,0.0,0.0,4.470348358154297e-08,0.0,0.6000000238418579,-1.043081283569336e-07,0.05600005388259888,0.5999999642372131,-2.9802322387695312e-08,-0.055999934673309326,0.5999999642372131,4.565554618835449,1.0728836059570312e-06,-8.809366226196289,0.0,0.0,0.0,-5.066394805908203e-07,-1.2566515579237603e-06,-3.5762786865234375e-07,37.5688362121582,37.5688362121582,56.73577117919922,56.73577117919922,0.0,0.0,0.40716320276260376,0.40716320276260376,0.592836856842041,0.592836856842041,0.0,0.0,-3.147815704345703,-3.147815704345703,-1.9325354099273682,-1.9325354099273682,1.1598246097564697,1.1598246097564697,-0.029915429651737213,-0.029915429651737213,-0.0649295300245285,-0.0649295300245285,1.0649796724319458,1.0649796724319458,0.5061797499656677,0.5061797499656677,-0.36524051427841187,-0.36524051427841187,-0.10344107449054718,-0.10344107449054718,-70.10581970214844,-70.10581970214844,-46.90630340576172,-46.90630340576172,-31.90630340576172,-31.90630340576172,15.000000953674316,15.000000953674316,1.0,0.02,180.0
237,0.9874999999999999,-0.16695616621531528,12.667178893631508,110.17920242812593,-0.16695616621531528,12.667178893631508,110.17920242812593,6.9,-6.900000095367432,0.0,0.0,15.0,1,0.3,2.0,0.0,4.0,6.666666666666667,2.857142857142857,12.6671781539917,12.667173385620117,12.667179107666016,12.667179107666016,-0.12476931512355804,-0.12411282956600189,7.705880165100098,7.949128150939941,0.0,0.0,0.0,0.0,nan,nan,34.71196746826172,34.71196746826172,69.42393493652344,0.0,-5.189229965209961,1.2940245866775513,0.0,0.0,0.0,1.2940245866775513,0.0,-5.189229965209961,0.0,0.0,0.0,2.550053358078003,1.3017947673797607,-4.517208099365234,0.0,0.0,0.0,0.0,-5.189229965209961,1.2940245866775513,0.0,0.0,0.0,1.2940245866775513,0.0,-5.189229965209961,-0.0,-0.0,-0.0,2.550053119659424,-1.3017934560775757,-4.517208099365234,0.0,0.0,0.0,4.470348358154297e-08,0.0,0.6000000238418579,1.4901161193847656e-08,0.05600005388259888,0.6000000238418579,-2.9802322387695312e-08,-0.055999964475631714,0.6000000238418579,5.100106239318848,1.3113021850585938e-06,-9.034416198730469,0.0,0.0,0.0,-4.172325134277344e-07,-4.711815222435689e-07,-1.9371509552001953e-07,38.341583251953125,38.341575622558594,57.71730422973633,57.7172966003418,0.0,0.0,0.3787931799888611,0.3787931799888611,0.6212068796157837,0.6212068796157837,0.0,0.0,-3.7117629051208496,-3.7117629051208496,-1.4774670600891113,-1.4774670600891113,1.3937993049621582,1.3937993049621582,-0.03484513610601425,-0.03484513610601425,-0.0649295300245285,-0.0649295300245285,1.2940245866775513,1.2940245866775513,0.5064144730567932,0.5064144730567932,-0.38154277205467224,-0.38154277205467224,-0.11974335461854935,-0.11974335461854935,-73.16925048828125,-73.16925048828125,-48.732357025146484,-48.732357025146484,-33.732357025146484,-33.732357025146484,15.000000953674316,15.000000953674316,1.0,0.02,180.0
238,0.9916666666666667,-0.11332002401923413,13.053087436709786,74.85822004238246,-0.11332002401923413,13.053087436709786,74.85822004238246,6.9,-6.900000095367432,0.0,0.0,15.0,1,0.3,2.0,0.0,4.0,6.666666666666667,2.857142857142857,13.053082466125488,13.053085327148438,13.05308723449707,13.053088188171387,-0.07147219777107239,-0.07072322815656662,7.348382949829102,7.62225341796875,0.0,0.0,0.0,0.0,nan,nan,35.966217041015625,35.966217041015625,71.93243408203125,0.0,-5.180740833282471,1.5003310441970825,0.0,0.0,0.0,1.5003310441970825,0.0,-5.180740833282471,0.0,0.0,0.0,2.7633700370788574,1.0289347171783447,-4.516209602355957,0.0,0.0,0.0,0.0,-5.180740833282471,1.5003310441970825,0.0,0.0,0.0,1.5003310441970825,0.0,-5.180740833282471,-0.0,-0.0,-0.0,2.7633697986602783,-1.0289337635040283,-4.516209602355957,0.0,0.0,0.0,4.470348358154297e-08,0.0,0.6000000238418579,-7.450580596923828e-08,0.0559999942779541,0.6000000238418579,-5.960464477539063e-08,-0.05599990487098694,0.6000000238418579,5.526740074157715,9.5367431640625e-07,-9.032419204711914,0.0,0.0,0.0,-4.172325134277344e-07,-1.0094515801029047e-06,-2.8312206268310547e-07,38.899169921875,38.899169921875,58.40593338012695,58.40593338012695,0.0,0.0,0.36458078026771545,0.36458078026771545,0.6354192495346069,0.6354192495346069,0.0,0.0,-4.176916122436523,-4.176916122436523,-1.0038243532180786,-1.0038243532180786,1.6041723489761353,1.6041723489761353,-0.03891173005104065,-0.03891173005104065,-0.0649295300245285,-0.0649295300245285,1.5003310441970825,1.5003310441970825,0.5065850615501404,0.5065850615501404,-0.39480701088905334,-0.39480701088905334,-0.13300757110118866,-0.13300757110118866,-75.39836883544922,-75.39836883544922,-50.07725524902344,-50.07725524902344,-35.07725524902344,-35.07725524902344,15.000000953674316,15.000000953674316,1.0,0.02,180.0
239,0.9958333333333333,-0.058385539295919164,13.289698149550667,38.592685208576,-0.058385539295919164,13.289698149550667,38.592685208576,6.9,-6.900000095367432,0.0,0.0,15.0,1,0.3,2.0,0.0,4.0,6.666666666666667,2.857142857142857,13.289700508117676,13.289694786071777,13.289698600769043,13.289698600769043,-0.017395012080669403,-0.016561776399612427,6.900473594665527,7.201724052429199,0.0,0.0,0.0,0.0,nan,nan,36.13003158569336,36.13003158569336,72.26006317138672,0.0,-5.051021575927734,1.6682963371276855,0.0,0.0,0.0,1.6682963371276855,0.0,-5.051021575927734,0.0,0.0,0.0,2.9050302505493164,0.7298477292060852,-4.3959245681762695,0.0,0.0,0.0,0.0,-5.051021575927734,1.6682963371276855,0.0,0.0,0.0,1.6682963371276855,0.0,-5.051021575927734,-0.0,-0.0,-0.0,2.9050300121307373,-0.7298465371131897,-4.395925045013428,0.0,0.0,0.0,4.470348358154297e-08,0.0,0.6000000238418579,2.9802322387695312e-08,0.05600005388259888,0.6000000238418579,-4.470348358154297e-08,-0.055999934673309326,0.6000000238418579,5.810060501098633,1.1920928955078125e-06,-8.791849136352539,0.0,0.0,0.0,-4.917383193969727e-07,-4.585306783155829e-07,-3.129243850708008e-07,39.245880126953125,39.245872497558594,58.82244873046875,58.82244873046875,0.0,0.0,0.36458078026771545,0.36458078026771545,0.6354192495346069,0.6354192495346069,0.0,0.0,-4.533506393432617,-4.533506393432617,-0.5175153017044067,-0.5175153017044067,1.7752553224563599,1.7752553224563599,-0.04202947020530701,-0.04202947020530701,-0.0649295300245285,-0.0649295300245285,1.6682963371276855,1.6682963371276855,0.5066896080970764,0.5066896080970764,-0.40486931800842285,-0.40486931800842285,-0.14306989312171936,-0.14306989312171936,-76.76510620117188,-76.76510620117188,-50.924068450927734,-50.924068450927734,-35.924068450927734,-35.924068450927734,15.000000953674316,15.000000953674316,1.0,0.02,180.0
240,1.0,-0.0027817010517267597,13.374021954941291,1.8390994412727832,-0.0027817010517267597,13.374021954941291,1.8390994412727832,6.9,-6.900000095367432,0.0,0.0,15.0,1,0.3,2.0,0.0,4.0,6.666666666666667,2.857142857142857,13.374016761779785,13.374016761779785,13.374021530151367,13.374021530151367,0.036840155720710754,0.03774840384721756,6.366816997528076,6.691847324371338,0.0,0.0,0.0,0.0,nan,nan,35.1569709777832,35.1569709777832,70.3139419555664,0.0,-4.798299789428711,1.7851201295852661,0.0,0.0,0.0,1.7851201295852661,0.0,-4.798299789428711,0.0,0.0,0.0,2.96122407913208,0.42839086055755615,-4.154270648956299,0.0,0.0,0.0,0.0,-4.798299789428711,1.7851201295852661,0.0,0.0,0.0,1.7851201295852661,0.0,-4.798299789428711,-0.0,-0.0,-0.0,2.961223840713501,-0.42838990688323975,-4.154271125793457,0.0,0.0,0.0,4.470348358154297e-08,0.0,0.6000000238418579,-1.341104507446289e-07,0.05600002408027649,0.5999999642372131,-2.9802322387695312e-08,-0.055999964475631714,0.6000000238418579,5.92244815826416,9.5367431640625e-07,-8.308542251586914,0.0,0.0,0.0,-2.086162567138672e-07,-1.2288614925637376e-06,-2.2351741790771484e-07,39.38432312011719,39.38431930541992,58.979312896728516,58.97929763793945,0.0,0.0,0.36458078026771545,0.36458078026771545,0.6354192495346069,0.6354192495346069,0.0,0.0,-4.773637771606445,-4.773637771606445,-0.024661723524332047,-0.024661723524332047,1.894178867340088,1.894178867340088,-0.04412908852100372,-0.04412908852100372,-0.0649295300245285,-0.0649295300245285,1.7851201295852661,1.7851201295852661,0.5067269206047058,0.5067269206047058,-0.41160526871681213,-0.41160526871681213,-0.14980584383010864,-0.14980584383010864,-77.2521743774414,-77.2521743774414,-51.2620849609375,-51.2620849609375,-36.262081146240234,-36.262081146240234,15.000000953674316,15.000000953674316,1.0,0.02,180.0
241,1.0041666666666667,0.05285403819296964,13.304991960718556,-34.937764853358466,0.05285403819296964,13.304991960718556,-34.937764853358466,6.9,-6.900000095367432,0.0,0.0,15.0,1,0.3,2.0,0.0,4.0,6.666666666666667,2.857142857142857,13.304988861083984,13.304991722106934,13.30499267578125,13.30499267578125,0.09060974419116974,0.09158293157815933,5.753235816955566,6.098185062408447,0.0,0.0,0.0,0.0,nan,nan,33.069976806640625,33.069976806640625,66.13995361328125,0.0,-4.423342704772949,1.841845989227295,0.0,0.0,0.0,1.841845989227295,0.0,-4.423342704772949,0.0,0.0,0.0,2.9232778549194336,0.14931878447532654,-3.7934823036193848,0.0,0.0,0.0,0.0,-4.423342704772949,1.841845989227295,0.0,0.0,0.0,1.841845989227295,0.0,-4.423342704772949,-0.0,-0.0,-0.0,2.923278331756592,-0.1493179202079773,-3.7934820652008057,0.0,0.0,0.0,4.470348358154297e-08,0.0,0.6000000238418579,-8.940696716308594e-08,0.0559999942779541,0.5999999642372131,-7.450580596923828e-09,-0.055999934673309326,0.6000000238418579,5.846556186676025,8.642673492431641e-07,-7.5869646072387695,0.0,0.0,0.0,-2.2351741790771484e-07,-8.808320899333921e-07,-1.4901161193847656e-07,39.31540298461914,39.31541061401367,58.881107330322266,58.8811149597168,0.0,0.0,0.36458078026771545,0.36458078026771545,0.6354192495346069,0.6354192495346069,0.0,0.0,-4.891846656799316,-4.891846656799316,0.4685039520263672,0.4685039520263672,1.9519380331039429,1.9519380331039429,-0.04516264796257019,-0.04516264796257019,-0.0649295300245285,-0.0649295300245285,1.841845989227295,1.841845989227295,0.5066964030265808,0.5066964030265808,-0.41493186354637146,-0.41493186354637146,-0.15313246846199036,-0.15313246846199036,-76.85343933105469,-76.85343933105469,-51.08705139160156,-51.08705139160156,-36.08705139160156,-36.08705139160156,15.000000953674316,15.000000953674316,1.0,0.02,180.0
242,1.0083333333333333,0.10788382197839329,13.08348156397217,-71.27273974539105,0.10788382197839329,13.08348156397217,-71.27273974539105,6.9,-6.900000095367432,0.0,0.0,15.0,1,0.3,2.0,0.0,4.0,6.666666666666667,2.857142857142857,13.083480834960938,13.083480834960938,13.083481788635254,13.083481788635254,0.14329707622528076,0.144324392080307,5.066728591918945,5.427513599395752,0.0,0.0,0.0,0.0,nan,nan,29.96371841430664,29.96371841430664,59.92743682861328,0.0,-3.9297242164611816,1.8341050148010254,0.0,0.0,0.0,1.8341050148010254,0.0,-3.9297242164611816,0.0,0.0,0.0,2.788465976715088,-0.08356466144323349,-3.320263385772705,0.0,0.0,0.0,0.0,-3.9297242164611816,1.8341050148010254,0.0,0.0,0.0,1.8341050148010254,0.0,-3.9297242164611816,-0.0,-0.0,-0.0,2.788465738296509,0.08356547355651855,-3.320263385772705,0.0,0.0,0.0,4.470348358154297e-08,0.0,0.6000000238418579,2.2351741790771484e-08,0.05600002408027649,0.5999999642372131,-4.470348358154297e-08,-0.0559999942779541,0.5999999642372131,5.576931953430176,8.121132850646973e-07,-6.64052677154541,0.0,0.0,0.0,-1.043081283569336e-07,-7.034793725324562e-07,-1.043081283569336e-07,39.03823471069336,39.03823471069336,58.52486038208008,58.52486038208008,0.0,0.0,0.36458078026771545,0.36458078026771545,0.6354192495346069,0.6354192495346069,0.0,0.0,-4.885468482971191,-4.885468482971191,0.9557441473007202,0.9557441473007202,1.9441415071487427,1.9441415071487427,-0.045106783509254456,-0.045106783509254456,-0.0649295300245285,-0.0649295300245285,1.8341050148010254,1.8341050148010254,0.5065985321998596,0.5065985321998596,-0.41480889916419983,-0.41480889916419983,-0.15300948917865753,-0.15300948917865753,-75.57393646240234,-75.57393646240234,-50.40117645263672,-50.40117645263672,-35.40117645263672,-35.40117645263672,15.000000953674316,15.000000953674316,1.0,0.02,180.0
243,1.0125,0.16167745635031733,12.712289630113634,-106.70814851536069,0.16167745635031733,12.712289630113634,-106.70814851536069,6.9,-6.900000095367432,0.0,0.0,15.0,1,0.3,2.0,0.0,4.0,6.666666666666667,2.857142857142857,12.712285995483398,12.712285995483398,12.712289810180664,12.712289810180664,0.19430005550384521,0.19537009298801422,4.315372943878174,4.687719345092773,0.0,0.0,0.0,0.0,nan,nan,26.001060485839844,26.001060485839844,52.00212097167969,0.0,-3.323904037475586,1.7624833583831787,0.0,0.0,0.0,1.7624833583831787,0.0,-3.323904037475586,0.0,0.0,0.0,2.5602943897247314,-0.24925915896892548,-2.745441198348999,0.0,0.0,0.0,0.0,-3.323904037475586,1.7624833583831787,0.0,0.0,0.0,1.7624833583831787,0.0,-3.323904037475586,-0.0,-0.0,-0.0,2.5602943897247314,0.2492598593235016,-2.745441198348999,0.0,0.0,0.0,4.470348358154297e-08,0.0,0.6000000238418579,-1.6391277313232422e-07,0.0559999942779541,0.5999999046325684,-1.4156103134155273e-07,-0.055999934673309326,0.5999999642372131,5.120588779449463,7.003545761108398e-07,-5.490882396697998,0.0,0.0,0.0,-1.7881393432617188e-07,-1.5419382179970853e-06,-1.4901161193847656e-07,38.550148010253906,38.550148010253906,57.89977264404297,57.8997802734375,0.0,0.0,0.3787931799888611,0.3787931799888611,0.6212068796157837,0.6212068796157837,0.0,0.0,-4.754825115203857,-4.754825115203857,1.4309213161468506,1.4309213161468506,1.8713772296905518,1.8713772296905518,-0.04396430030465126,-0.04396430030465126,-0.0649295300245285,-0.0649295300245285,1.7624833583831787,1.7624833583831787,0.5064343810081482,0.5064343810081482,-0.4112393856048584,-0.4112393856048584,-0.1494399458169937,-0.1494399458169937,-73.42981719970703,-73.42981719970703,-49.2131233215332,-49.2131233215332,-34.2131233215332,-34.2131233215332,15.000000953674316,15.000000953674316,1.0,0.02,180.0
244,1.0166666666666666,0.2136203464744393,12.19609317185324,-140.80147787457938,0.2136203464744393,12.19609317185324,-140.80147787457938,6.9,-6.900000095367432,0.0,0.0,15.0,1,0.3,2.0,0.0,4.0,6.666666666666667,2.857142857142857,12.196093559265137,12.196090698242188,12.196093559265137,12.196093559265137,0.24303878843784332,0.2441396266222,3.5081887245178223,3.8877148628234863,0.0,0.0,0.0,0.0,nan,nan,21.403549194335938,21.403549194335938,42.807098388671875,0.0,-2.615100860595703,1.6324576139450073,0.0,0.0,0.0,1.6324576139450073,0.0,-2.615100860595703,0.0,0.0,0.0,2.2482190132141113,-0.3312334418296814,-2.0831384658813477,0.0,0.0,0.0,0.0,-2.615100860595703,1.6324576139450073,0.0,0.0,0.0,1.6324576139450073,0.0,-2.615100860595703,-0.0,-0.0,-0.0,2.2482190132141113,0.33123403787612915,-2.0831384658813477,0.0,0.0,0.0,4.470348358154297e-08,0.0,0.6000000238418579,-7.450580596923828e-09,0.05600005388259888,0.6000000238418579,-7.450580596923828e-09,-0.055999964475631714,0.6000000238418579,4.496438026428223,5.960464477539062e-07,-4.166276931762695,0.0,0.0,0.0,-1.862645149230957e-07,-2.1728827448441734e-07,-2.086162567138672e-07,37.846744537353516,37.846744537353516,56.98683547973633,56.98683547973633,0.0,0.0,0.3929862082004547,0.3929862082004547,0.6070138216018677,0.6070138216018677,0.0,0.0,-4.503202438354492,-4.503202438354492,1.8881018161773682,1.8881018161773682,1.739151120185852,1.739151120185852,-0.041764020919799805,-0.041764020919799805,-0.0649295300245285,-0.0649295300245285,1.6324576139450073,1.6324576139450073,0.5062059760093689,0.5062059760093689,-0.4042695462703705,-0.4042695462703705,-0.14247015118598938,-0.14247015118598938,-70.4481201171875,-70.4481201171875,-47.53786849975586,-47.53786849975586,-32.53786849975586,-32.53786849975586,15.000000953674316,15.000000953674316,1.0,0.02,180.0
245,1.0208333333333333,0.2631211704341864,11.54136887756754,-173.13261977547197,0.2631211704341864,11.54136887756754,-173.13261977547197,6.9,-6.900000095367432,0.0,0.0,15.0,1,0.3,2.0,0.0,4.0,6.666666666666667,2.857142857142857,11.54136848449707,11.54136848449707,11.541369438171387,11.541369438171387,0.2889625132083893,0.2900819480419159,2.65503191947937,3.037297248840332,0.0,0.0,0.0,0.0,nan,nan,16.436635971069336,16.436635971069336,32.87327194213867,0.0,-1.8149585723876953,1.4539082050323486,0.0,0.0,0.0,1.4539082050323486,0.0,-1.8149585723876953,0.0,0.0,0.0,1.8668147325515747,-0.31868621706962585,-1.3495798110961914,0.0,0.0,0.0,0.0,-1.8149585723876953,1.4539082050323486,0.0,0.0,0.0,1.4539082050323486,0.0,-1.8149585723876953,-0.0,-0.0,-0.0,1.8668146133422852,0.3186866044998169,-1.3495798110961914,0.0,0.0,0.0,4.470348358154297e-08,0.0,0.6000000238418579,-6.705522537231445e-08,0.05600002408027649,0.5999999642372131,0.0,-0.055999964475631714,0.6000000238418579,3.7336292266845703,3.8743019104003906e-07,-2.699159622192383,0.0,0.0,0.0,-9.685754776000977e-08,-3.2242905945167877e-07,-8.940696716308594e-08,36.921932220458984,36.921932220458984,55.757869720458984,55.75786590576172,0.0,0.0,0.4213273823261261,0.4213273823261261,0.5786726474761963,0.5786726474761963,0.0,0.0,-4.136610507965088,-4.136610507965088,2.3216516971588135,2.3216516971588135,1.557396411895752,1.557396411895752,-0.03855866193771362,-0.03855866193771362,-0.0649295300245285,-0.0649295300245285,1.4539082050323486,1.4539082050323486,0.5059159994125366,0.5059159994125366,-0.39398816227912903,-0.39398816227912903,-0.13218875229358673,-0.13218875229358673,-66.66624450683594,-66.66624450683594,-45.39643859863281,-45.39643859863281,-30.396438598632812,-30.396438598632812,15.000000953674316,15.000000953674316,1.0,0.02,180.0
246,1.025,0.30961916468060385,10.75628570044,-203.31048676477576,0.30961916468060385,10.75628570044,-203.31048676477576,6.9,-6.900000095367432,0.0,0.0,15.0,1,0.3,2.0,0.0,4.0,6.666666666666667,2.857142857142857,10.756284713745117,10.756282806396484,10.756285667419434,10.756285667419434,0.3315563201904297,0.3326818346977234,1.7664008140563965,2.1469626426696777,0.0,0.0,0.0,0.0,nan,nan,11.391191482543945,11.391191482543945,22.78238296508789,0.0,-0.9370365738868713,1.2402796745300293,0.0,0.0,0.0,1.2402796745300293,0.0,-0.9370365738868713,0.0,0.0,0.0,1.4345355033874512,-0.20723313093185425,-0.5616880059242249,0.0,0.0,0.0,0.0,-0.9370365738868713,1.2402796745300293,0.0,0.0,0.0,1.2402796745300293,0.0,-0.9370365738868713,-0.0,-0.0,-0.0,1.4345353841781616,0.20723336935043335,-0.5616880059242249,0.0,0.0,0.0,4.470348358154297e-08,0.0,0.6000000238418579,-4.470348358154297e-08,0.05600002408027649,0.6000000238418579,-8.195638656616211e-08,-0.055999934673309326,0.6000000238418579,2.8690710067749023,2.384185791015625e-07,-1.1233760118484497,0.0,0.0,0.0,-4.842877388000488e-08,-1.2136214877500606e-07,-1.4901161193847656e-07,35.7681999206543,35.768192291259766,54.174461364746094,54.174461364746094,0.0,0.0,0.44963017106056213,0.44963017106056213,0.5503698587417603,0.5503698587417603,0.0,0.0,-3.6633636951446533,-3.6633636951446533,2.7263269424438477,2.7263269424438477,1.339630365371704,1.339630365371704,-0.0344211719930172,-0.0344211719930172,-0.0649295300245285,-0.0649295300245285,1.2402796745300293,1.2402796745300293,0.505567729473114,0.505567729473114,-0.3805246949195862,-0.3805246949195862,-0.11872527003288269,-0.11872527003288269,-62.13138198852539,-62.13138198852539,-42.81557846069336,-42.81557846069336,-27.815576553344727,-27.815576553344727,15.000000953674316,15.000000953674316,1.0,0.02,180.0
247,1.0291666666666666,0.35259090645408775,9.850571480444504,-230.97883326684658,0.35259090645408775,9.850571480444504,-230.97883326684658,6.9,-6.900000095367432,0.0,0.0,15.0,1,0.3,2.0,0.0,4.0,6.666666666666667,2.857142857142857,9.850571632385254,9.850568771362305,9.850571632385254,9.850571632385254,0.3703463673591614,0.3714657425880432,0.8532416224479675,1.2276990413665771,0.0,0.0,0.0,0.0,nan,nan,6.563153266906738,6.563153266906738,13.126306533813477,0.0,0.0038529038429260254,1.0074870586395264,0.0,0.0,0.0,1.0074870586395264,0.0,0.0038529038429260254,0.0,0.0,0.0,0.9721957445144653,0.0010127425193786621,0.26434725522994995,0.0,0.0,0.0,0.0,0.0038529038429260254,1.0074870586395264,0.0,0.0,0.0,1.0074870586395264,0.0,0.0038529038429260254,-0.0,-0.0,-0.0,0.9721957445144653,-0.0010127425193786621,0.26434725522994995,0.0,0.0,0.0,4.470348358154297e-08,0.0,0.6000000238418579,-2.2351741790771484e-08,0.05600005388259888,0.5999999642372131,-6.705522537231445e-08,-0.05599990487098694,0.6000000238418579,1.9443914890289307,0.0,0.5286945104598999,0.0,0.0,0.0,4.0046870708465576e-08,-1.067840749158222e-08,-1.4528632164001465e-07,34.37692642211914,34.37691879272461,52.18666458129883,52.18666076660156,0.0,0.0,0.4920608103275299,0.4920608103275299,0.5079392194747925,0.5079392194747925,0.0,0.0,-3.0934977531433105,-3.0934977531433105,3.097350597381592,3.097350597381592,1.1018561124801636,1.1018561124801636,-0.029439620673656464,-0.029439620673656464,-0.0649295300245285,-0.0649295300245285,1.0074870586395264,1.0074870586395264,0.5051654577255249,0.5051654577255249,-0.3640473484992981,-0.3640473484992981,-0.1022479385137558,-0.1022479385137558,-56.899723052978516,-56.899723052978516,-39.82728576660156,-39.82728576660156,-24.82728385925293,-24.82728385925293,15.000000953674316,15.000000953674316,1.0,0.02,180.0
248,1.0333333333333332,0.3915564922529075,8.835357198510524,-255.82115040474758,0.3915564922529075,8.835357198510524,-255.82115040474758,6.9,-6.900000095367432,0.0,0.0,15.0,1,0.3,2.0,0.0,4.0,6.666666666666667,2.857142857142857,8.835355758666992,8.835356712341309,8.835357666015625,8.835357666015625,0.4049057364463806,0.40600651502609253,-0.07327204942703247,0.2907944321632385,0.0,0.0,0.0,0.0,nan,nan,2.2336082458496094,2.2336082458496094,4.467216491699219,0.0,0.9923936128616333,0.7727147340774536,0.0,0.0,0.0,0.7727147340774536,0.0,0.9923936128616333,0.0,0.0,0.0,0.5013849139213562,0.29795169830322266,1.1143478155136108,0.0,0.0,0.0,0.0,0.9923936128616333,0.7727147340774536,0.0,0.0,0.0,0.7727147340774536,0.0,0.9923936128616333,-0.0,-0.0,-0.0,0.5013848543167114,-0.29795193672180176,1.1143478155136108,0.0,0.0,0.0,4.470348358154297e-08,0.0,0.6000000238418579,-3.725290298461914e-08,0.05600002408027649,0.5999999642372131,-3.725290298461914e-08,-0.055999964475631714,0.6000000238418579,1.0027697086334229,-2.384185791015625e-07,2.2286956310272217,0.0,0.0,0.0,8.568167686462402e-08,1.5277096565569082e-07,-3.3527612686157227e-08,32.739112854003906,32.73911666870117,49.73190689086914,49.731910705566406,0.0,0.0,0.5486653447151184,0.5486653447151184,0.45133471488952637,0.45133471488952637,0.0,0.0,-2.438084602355957,-2.438084602355957,3.430478096008301,3.430478096008301,0.8613555431365967,0.8613555431365967,-0.023711204528808594,-0.023711204528808594,-0.0649295300245285,-0.0649295300245285,0.7727147340774536,0.7727147340774536,0.504713773727417,0.504713773727417,-0.34476029872894287,-0.34476029872894287,-0.08296088129281998,-0.08296088129281998,-51.035552978515625,-51.035552978515625,-36.46831512451172,-36.46831512451172,-21.46831703186035,-21.46831703186035,15.000000953674316,15.000000953674316,1.0,0.02,180.0
249,1.0375,0.42608502747299154,7.723002932189355,-277.56454180405376,0.42608502747299154,7.723002932189355,-277.56454180405376,6.9,-6.900000095367432,0.0,0.0,15.0,1,0.3,2.0,0.0,4.0,6.666666666666667,2.857142857142857,7.7230000495910645,7.722999095916748,7.723002910614014,7.723002910614014,0.4348582625389099,0.4359282851219177,-1.0019357204437256,-0.6524026393890381,0.0,0.0,0.0,0.0,nan,nan,-1.348628282546997,-1.348628282546997,-2.697256565093994,0.0,2.013549327850342,0.5532487630844116,0.0,0.0,0.0,0.5532487630844116,0.0,2.013549327850342,0.0,0.0,0.0,0.042993709444999695,0.6704819798469543,1.9771369695663452,0.0,0.0,0.0,0.0,2.013549327850342,0.5532487630844116,0.0,0.0,0.0,0.5532487630844116,0.0,2.013549327850342,-0.0,-0.0,-0.0,0.04299381375312805,-0.670482337474823,1.9771368503570557,0.0,0.0,0.0,4.470348358154297e-08,0.0,0.6000000238418579,-1.4156103134155273e-07,0.0559999942779541,0.5999999642372131,-1.6391277313232422e-07,-0.055999934673309326,0.5999999642372131,0.08598752319812775,-3.5762786865234375e-07,3.9542737007141113,0.0,0.0,0.0,1.1920928955078125e-07,7.756081004117732e-07,1.83936208486557e-08,30.846572875976562,30.846567153930664,46.734962463378906,46.734962463378906,0.0,0.0,0.6335949301719666,0.6335949301719666,0.366405189037323,0.366405189037323,0.0,0.0,-1.708500623703003,-1.708500623703003,3.7220497131347656,3.7220497131347656,0.6355141401290894,0.6355141401290894,-0.017335843294858932,-0.017335843294858932,-0.0649295300245285,-0.0649295300245285,0.5532487630844116,0.5532487630844116,0.5042179822921753,0.5042179822921753,-0.32290029525756836,-0.32290029525756836,-0.061100903898477554,-0.061100903898477554,-44.61027526855469,-44.61027526855469,-32.77961349487305,-32.77961349487305,-17.779613494873047,-17.779613494873047,15.000000953674316,15.000000953674316,1.0,0.02,180.0
250,1.0416666666666667,0.4557993599975535,6.526909880482254,-295.98252991414324,0.4557993599975535,6.526909880482254,-295.98252991414324,6.9,-6.900000095367432,0.0,0.0,15.0,1,0.3,2.0,0.0,4.0,6.666666666666667,2.857142857142857,6.526908874511719,6.526909351348877,6.526910305023193,6.526909828186035,0.45988205075263977,0.46090978384017944,-1.9217350482940674,-1.5906791687011719,0.0,0.0,0.0,0.0,nan,nan,-3.980125904083252,-3.980125904083252,-7.960251808166504,0.0,3.053299903869629,0.3654751777648926,0.0,0.0,0.0,0.3654751777648926,0.0,3.053299903869629,0.0,0.0,0.0,-0.383984237909317,1.1017913818359375,2.8451404571533203,0.0,0.0,0.0,0.0,3.053299903869629,0.3654751777648926,0.0,0.0,0.0,0.3654751777648926,0.0,3.053299903869629,-0.0,-0.0,-0.0,-0.3839842975139618,-1.1017920970916748,2.845140218734741,0.0,0.0,0.0,4.470348358154297e-08,0.0,0.6000000238418579,-5.960464477539063e-08,0.05600002408027649,0.5999999642372131,-1.4901161193847656e-08,-0.055999964475631714,0.6000000238418579,-0.7679685354232788,-7.152557373046875e-07,5.690280914306641,0.0,0.0,0.0,2.5331974029541016e-07,4.892420975011191e-07,-3.166496753692627e-08,28.693805694580078,28.693805694580078,43.1104621887207,43.11045837402344,0.0,0.0,0.7453797459602356,0.7453797459602356,0.2546203136444092,0.2546203136444092,0.0,0.0,-0.9157291054725647,-0.9157291054725647,3.969028949737549,3.969028949737549,0.4408147931098938,0.4408147931098938,-0.01041005365550518,-0.01041005365550518,-0.0649295300245285,-0.0649295300245285,0.3654751777648926,0.3654751777648926,0.5036838054656982,0.5036838054656982,-0.2987332046031952,-0.2987332046031952,-0.03693380951881409,-0.03693380951881409,-37.701297760009766,-37.701297760009766,-28.805673599243164,-28.805673599243164,-13.805673599243164,-13.805673599243164,15.000000953674316,15.000000953674316,1.0,0.02,180.0
251,1.0458333333333334,0.4803800090450023,5.261322947791062,-310.8967843467346,0.4803800090450023,5.261322947791062,-310.8967843467346,6.9,-6.900000095367432,0.0,0.0,15.0,1,0.3,2.0,0.0,4.0,6.666666666666667,2.857142857142857,5.261322021484375,5.261321067810059,5.261322975158691,5.261322975158691,0.4797128140926361,0.4806871712207794,-2.8220319747924805,-2.5131640434265137,0.0,0.0,0.0,0.0,nan,nan,-5.510578155517578,-5.510578155517578,-11.021156311035156,0.0,4.099260330200195,0.2241397351026535,0.0,0.0,0.0,0.2241397351026535,0.0,4.099260330200195,0.0,0.0,0.0,-0.7632694840431213,1.5727455615997314,3.7145748138427734,0.0,0.0,0.0,0.0,4.099260330200195,0.2241397351026535,0.0,0.0,0.0,0.2241397351026535,0.0,4.099260330200195,-0.0,-0.0,-0.0,-0.7632690072059631,-1.5727460384368896,3.7145745754241943,0.0,0.0,0.0,4.470348358154297e-08,0.0,0.6000000238418579,-1.043081283569336e-07,0.05600002408027649,0.5999999642372131,-1.341104507446289e-07,-0.055999964475631714,0.6000000238418579,-1.5265384912490845,-4.76837158203125e-07,7.429149627685547,0.0,0.0,0.0,3.2782554626464844e-07,1.2632268635570654e-06,1.1548399925231934e-07,26.28111457824707,26.281108856201172,38.77080535888672,38.77080535888672,0.0,0.0,0.8971084952354431,0.8971084952354431,0.10289160162210464,0.10289160162210464,0.0,0.0,-0.06976403295993805,-0.06976403295993805,4.169024467468262,4.169024467468262,0.2920909821987152,0.2920909821987152,-0.003021707059815526,-0.003021707059815526,-0.0649295300245285,-0.0649295300245285,0.2241397351026535,0.2241397351026535,0.5031173229217529,0.5031173229217529,-0.27254974842071533,-0.27254974842071533,-0.010750345885753632,-0.010750345885753632,-30.390907287597656,-30.390907287597656,-24.593875885009766,-24.593875885009766,-9.59387493133545,-9.59387493133545,15.000000953674316,15.000000953674316,1.0,0.02,180.0
252,1.05,0.49956825926241594,3.9411283284523124,-322.1778033518209,0.49956825926241594,3.9411283284523124,-322.1778033518209,6.9,-6.900000095367432,0.0,0.0,15.0,1,0.3,2.0,0.0,4.0,6.666666666666667,2.857142857142857,3.9411282539367676,3.9411282539367676,3.9411282539367676,3.9411282539367676,0.49414581060409546,0.49505624175071716,-3.6927249431610107,-3.4094901084899902,0.0,0.0,0.0,0.0,nan,nan,-5.844914436340332,-5.844914436340332,-11.689828872680664,0.0,5.141095161437988,0.14190779626369476,0.0,0.0,0.0,0.14190779626369476,0.0,5.141095161437988,0.0,0.0,0.0,-1.0816887617111206,2.0631937980651855,4.5852131843566895,0.0,0.0,0.0,0.0,5.141095161437988,0.14190779626369476,0.0,0.0,0.0,0.14190779626369476,0.0,5.141095161437988,-0.0,-0.0,-0.0,-1.0816887617111206,-2.063194513320923,4.585212707519531,0.0,0.0,0.0,4.470348358154297e-08,0.0,0.6000000238418579,-7.450580596923828e-09,0.05600005388259888,0.5999999642372131,3.725290298461914e-08,-0.0559999942779541,0.6000000238418579,-2.163377523422241,-7.152557373046875e-07,9.170425415039062,0.0,0.0,0.0,4.172325134277344e-07,3.37773684577769e-07,-2.9802322387695312e-08,23.619129180908203,23.619129180908203,33.64423751831055,33.64423751831055,0.0,0.0,1.0,1.0,0.0,0.0,0.0,0.0,0.8207964897155762,0.8207964897155762,4.32029914855957,4.32029914855957,0.2020837962627411,0.2020837962627411,0.004753549117594957,0.004753549117594957,-0.0649295300245285,-0.0649295300245285,0.14190779626369476,0.14190779626369476,0.5025249719619751,0.5025249719619751,-0.2446613311767578,-0.2446613311767578,0.01713806763291359,0.01713806763291359,-22.76508331298828,-22.76508331298828,-20.19383430480957,-20.19383430480957,-5.193832874298096,-5.193832874298096,15.000000953674316,15.000000953674316,1.0,0.02,180.0
253,1.0541666666666667,0.513168408193381,2.5816503279284655,-329.7446149099217,0.513168408193381,2.5816503279284655,-329.7446149099217,6.9,-6.900000095367432,0.0,0.0,15.0,1,0.3,2.0,0.0,4.0,6.666666666666667,2.857142857142857,2.581650733947754,2.5816502571105957,2.5816502571105957,2.5816502571105957,0.5030370354652405,0.5038739442825317,-4.524397373199463,-4.26993465423584,0.0,0.0,0.0,0.0,nan,nan,-4.940511703491211,-4.940511703491211,-9.881023406982422,0.0,6.170676231384277,0.12919805943965912,0.0,0.0,0.0,0.12919805943965912,0.0,6.170676231384277,0.0,0.0,0.0,-1.3291890621185303,2.5530152320861816,5.459790229797363,0.0,0.0,0.0,0.0,6.170676231384277,0.12919805943965912,0.0,0.0,0.0,0.12919805943965912,0.0,6.170676231384277,-0.0,-0.0,-0.0,-1.3291884660720825,-2.553016424179077,5.459789752960205,0.0,0.0,0.0,4.470348358154297e-08,0.0,0.6000000238418579,1.4901161193847656e-08,0.05600002408027649,0.6000000238418579,1.4901161193847656e-08,-0.055999964475631714,0.6000000238418579,-2.6583776473999023,-1.1920928955078125e-06,10.919580459594727,0.0,0.0,0.0,3.2782554626464844e-07,3.254288571952202e-07,1.1920928955078125e-07,20.735525131225586,20.73552131652832,27.70952796936035,27.70952033996582,0.0,0.0,1.0,1.0,0.0,0.0,0.0,0.0,1.748908281326294,1.748908281326294,4.421767711639404,4.421767711639404,0.18127387762069702,0.18127387762069702,0.012853712774813175,0.012853712774813175,-0.0649295300245285,-0.0649295300245285,0.12919805943965912,0.12919805943965912,0.5019135475158691,0.5019135475158691,-0.2153957337141037,-0.2153957337141037,0.04640369489789009,0.04640369489789009,-14.91235065460205,-14.91235065460205,-15.656696319580078,-15.656696319580078,-0.6566953659057617,-0.6566953659057617,15.000000953674316,15.000000953674316,1.0,0.02,180.0
254,1.0583333333333333,0.5210491722407015,1.1984513155307226,-333.5635935101839,0.5210491722407015,1.1984513155307226,-333.5635935101839,6.9,-6.900000095367432,0.0,0.0,15.0,1,0.3,2.0,0.0,4.0,6.666666666666667,2.857142857142857,1.198451280593872,1.1984509229660034,1.198451280593872,1.198451280593872,0.5063048601150513,0.5070595145225525,-5.308374881744385,-5.085498809814453,0.0,0.0,0.0,0.0,nan,nan,-2.8010611534118652,-2.8010611534118652,-5.6021223068237305,0.0,7.181940078735352,0.1942032426595688,0.0,0.0,0.0,0.1942032426595688,0.0,7.181940078735352,0.0,0.0,0.0,-1.4985674619674683,3.0228426456451416,6.343082427978516,0.0,0.0,0.0,0.0,7.181940078735352,0.1942032426595688,0.0,0.0,0.0,0.1942032426595688,0.0,7.181940078735352,-0.0,-0.0,-0.0,-1.4985671043395996,-3.0228431224823,6.343081951141357,0.0,0.0,0.0,4.470348358154297e-08,0.0,0.6000000238418579,-6.705522537231445e-08,0.0559999942779541,0.5999999642372131,-1.4901161193847656e-08,-0.055999964475631714,0.6000000238418579,-2.9971346855163574,-4.76837158203125e-07,12.686164855957031,0.0,0.0,0.0,3.8743019104003906e-07,1.1762934946091264e-06,-8.940696716308594e-08,17.685108184814453,17.68510627746582,21.058210372924805,21.058210372924805,0.0,0.0,1.0,1.0,0.0,0.0,0.0,0.0,2.708961248397827,2.708961248397827,4.472978591918945,4.472978591918945,0.23790335655212402,0.23790335655212402,0.021229427307844162,0.021229427307844162,-0.0649295300245285,-0.0649295300245285,0.1942032426595688,0.1942032426595688,0.5012900233268738,0.5012900233268738,-0.18509240448474884,-0.18509240448474884,0.07670699805021286,0.07670699805021286,-6.9225969314575195,-6.9225969314575195,-11.034480094909668,-11.034480094909668,3.9655208587646484,3.9655208587646484,15.000000953674316,15.000000953674316,1.0,0.02,180.0
255,1.0625,0.5231442715735325,-0.19281693000469394,-333.41392288150405,0.5231442715735325,-0.19281693000469394,-333.41392288150405,6.9,-6.900000095367432,0.0,0.0,15.0,1,0.3,2.0,0.0,4.0,6.666666666666667,2.857142857142857,0.1928168535232544,0.19281691312789917,0.19281692802906036,0.19281692802906036,0.5039312839508057,0.5045959949493408,-6.036495208740234,-5.847665786743164,0.0,0.0,0.0,0.0,nan,nan,0.5305259227752686,0.5305259227752686,1.061051845550537,0.0,8.167988777160645,0.34309321641921997,0.0,0.0,0.0,0.34309321641921997,0.0,8.167988777160645,0.0,0.0,0.0,-1.5843837261199951,3.4533798694610596,7.238622188568115,0.0,0.0,0.0,0.0,8.167988777160645,0.34309321641921997,0.0,0.0,0.0,0.34309321641921997,0.0,8.167988777160645,-0.0,-0.0,-0.0,-1.5843837261199951,-3.453381299972534,7.238621711730957,0.0,0.0,0.0,4.470348358154297e-08,0.0,0.6000000238418579,-9.685754776000977e-08,0.05600002408027649,0.5999999642372131,-2.2351741790771484e-08,-0.055999964475631714,0.6000000238418579,-3.1687674522399902,-1.430511474609375e-06,14.477243423461914,0.0,0.0,0.0,6.854534149169922e-07,1.6045308939283132e-06,-1.6391277313232422e-07,14.570199966430664,14.570202827453613,14.993853569030762,14.993853569030762,1.0,1.0,0.0,0.0,0.0,0.0,0.0,0.0,3.697016716003418,3.697016716003418,4.470971584320068,4.470971584320068,0.3781766891479492,0.3781766891479492,0.0298460703343153,0.0298460703343153,-0.0649295300245285,-0.0649295300245285,0.34309321641921997,0.34309321641921997,0.5005449056625366,0.5005449056625366,-0.15407860279083252,-0.15407860279083252,0.10772080719470978,0.10772080719470978,1.1137657165527344,1.1137657165527344,-6.379218578338623,-6.379218578338623,8.620780944824219,8.620780944824219,15.000000953674316,15.000000953674316,1.0,0.02,180.0
256,1.0666666666666667,0.5194592612945887,-1.5723506439479635,-328.17017607332184,0.5194592612945887,-1.5723506439479635,-328.17017607332184,6.9,-6.900000095367432,0.0,0.0,15.0,1,0.3,2.0,0.0,4.0,6.666666666666667,2.857142857142857,1.5723501443862915,1.5723501443862915,1.5723506212234497,1.5723506212234497,0.4959891438484192,0.49655747413635254,-6.698047161102295,-6.545207500457764,0.0,0.0,0.0,0.0,nan,nan,4.950370788574219,4.950370788574219,9.900741577148438,0.0,9.108375549316406,0.5792601108551025,0.0,0.0,0.0,0.5792601108551025,0.0,9.108375549316406,0.0,0.0,0.0,-1.5804882049560547,3.8205294609069824,8.136563301086426,0.0,0.0,0.0,0.0,9.108375549316406,0.5792601108551025,0.0,0.0,0.0,0.5792601108551025,0.0,9.108375549316406,-0.0,-0.0,-0.0,-1.5804882049560547,-3.820530652999878,8.13656234741211,0.0,0.0,0.0,4.470348358154297e-08,0.0,0.6000000238418579,-1.7881393432617188e-07,0.0559999942779541,0.5999999642372131,-1.4901161193847656e-08,-0.055999964475631714,0.6000000238418579,-3.1609764099121094,-1.1920928955078125e-06,16.27312469482422,0.0,0.0,0.0,5.364418029785156e-07,2.3978448098205263e-06,-5.736947059631348e-07,11.621408462524414,11.621411323547363,14.949899673461914,14.949899673461914,1.0,1.0,0.0,0.0,0.0,0.0,0.0005239031161181629,0.0005239031161181629,4.709537029266357,4.709537029266357,4.4006547927856445,4.4006547927856445,0.6063628196716309,0.6063628196716309,0.038672689348459244,0.038672689348459244,-0.0649295300245285,-0.0649295300245285,0.5792601108551025,0.5792601108551025,0.4990832805633545,0.4990832805633545,-0.1226867213845253,-0.1226867213845253,0.1391126960515976,0.1391126960515976,9.08234691619873,9.08234691619873,-1.7554551362991333,-1.7554551362991333,13.244545936584473,13.244545936584473,15.000000953674316,15.000000953674316,1.0,0.02,180.0
257,1.0708333333333333,0.5100819777599409,-2.9227326453969615,-319.4577554334852,0.5100819777599409,-2.9227326453969615,-319.4577554334852,6.9,-6.900000095367432,0.0,0.0,15.0,1,0.3,2.0,0.0,4.0,6.666666666666667,2.857142857142857,2.922731399536133,2.922731637954712,2.9227325916290283,2.9227325916290283,0.48264458775520325,0.48311108350753784,-7.28098201751709,-7.165525913238525,0.0,0.0,0.0,0.0,nan,nan,10.207088470458984,10.207088470458984,20.41417694091797,0.0,9.953401565551758,0.8688919544219971,0.0,0.0,0.0,0.8688919544219971,0.0,9.953401565551758,0.0,0.0,0.0,-1.5092934370040894,4.090068340301514,8.989913940429688,0.0,0.0,0.0,0.0,9.953401565551758,0.8688919544219971,0.0,0.0,0.0,0.8688919544219971,0.0,9.953401565551758,-0.0,-0.0,-0.0,-1.5092933177947998,-4.0900702476501465,8.989912986755371,0.0,0.0,0.0,4.470348358154297e-08,0.0,0.6000000238418579,-5.960464477539063e-08,0.05600002408027649,0.5999999642372131,-5.21540641784668e-08,-0.055999934673309326,0.6000000238418579,-3.0185866355895996,-1.9073486328125e-06,17.979827880859375,0.0,0.0,0.0,1.0728836059570312e-06,1.8984228518093005e-06,1.1175870895385742e-07,9.492568969726562,9.492568969726562,14.90648365020752,14.90648365020752,1.0,1.0,0.0,0.0,0.0,0.0,0.017258400097489357,0.017258400097489357,5.7361555099487305,5.7361555099487305,4.2838239669799805,4.2838239669799805,0.9223805069923401,0.9223805069923401,0.04761900752782822,0.04761900752782822,-0.0649295300245285,-0.0649295300245285,0.8688919544219971,0.8688919544219971,0.49764424562454224,0.49764424562454224,-0.09144726395606995,-0.09144726395606995,0.17035214602947235,0.17035214602947235,16.882539749145508,16.882539749145508,2.7760705947875977,2.7760705947875977,17.776071548461914,17.776071548461914,15.000000953674316,15.000000953674316,1.0,0.02,180.0
258,1.075,0.4951634545032258,-4.2299449234877535,-307.4892056719394,0.4951634545032258,-4.2299449234877535,-307.4892056719394,6.9,-6.900000095367432,0.0,0.0,15.0,1,0.3,2.0,0.0,4.0,6.666666666666667,2.857142857142857,4.229943752288818,4.22994327545166,4.229944705963135,4.229944705963135,0.4646085500717163,0.46496492624282837,-7.696377277374268,-7.617627143859863,0.0,0.0,0.0,0.0,nan,nan,14.244449615478516,14.244449615478516,28.48889923095703,0.0,9.925191879272461,0.8659837245941162,0.0,0.0,0.0,0.8659837245941162,0.0,9.925191879272461,0.0,0.0,0.0,-1.5209333896636963,3.9430341720581055,9.022117614746094,0.0,0.0,0.0,0.0,9.925191879272461,0.8659837245941162,0.0,0.0,0.0,0.8659837245941162,0.0,9.925191879272461,-0.0,-0.0,-0.0,-1.5209325551986694,-3.943035840988159,9.022116661071777,0.0,0.0,0.0,4.470348358154297e-08,0.0,0.6000000238418579,-1.564621925354004e-07,0.05600002408027649,0.5999999642372131,-5.21540641784668e-08,-0.055999934673309326,0.5999999642372131,-3.041865825653076,-1.6689300537109375e-06,18.044235229492188,0.0,0.0,0.0,8.344650268554688e-07,2.8701097107841633e-06,-2.3096799850463867e-07,9.015317916870117,9.015317916870117,14.863794326782227,14.863794326782227,1.0,1.0,0.0,0.0,0.0,0.0,0.21403278410434723,0.21403278410434723,6.7712860107421875,6.7712860107421875,4.1233296394348145,4.1233296394348145,1.3241143226623535,1.3241143226623535,0.05663659796118736,0.05663659796118736,-0.0649295300245285,-0.0649295300245285,0.8659837245941162,0.8659837245941162,0.4962432384490967,0.4962432384490967,-0.060698870569467545,-0.060698870569467545,0.20110054314136505,0.20110054314136505,24.433368682861328,24.433368682861328,7.168129920959473,7.168129920959473,22.16813087463379,22.16813087463379,15.000000953674316,15.000000953674316,1.0,0.02,180.0
259,1.0791666666666666,0.47491121314202983,-5.480902864417715,-292.4987706241708,0.47491121314202983,-5.480902864417715,-292.4987706241708,6.9,-6.900000095367432,0.0,0.0,15.0,1,0.3,2.0,0.0,4.0,6.666666666666667,2.857142857142857,5.480902671813965,5.480900764465332,5.480903148651123,5.480902671813965,0.4418520927429199,0.4420933723449707,-7.983316421508789,-7.941054344177246,0.0,0.0,0.0,0.0,nan,nan,17.47466278076172,17.47466278076172,34.94932556152344,0.0,9.417421340942383,0.560826301574707,0.0,0.0,0.0,0.560826301574707,0.0,9.417421340942383,0.0,0.0,0.0,-1.7142395973205566,3.5655264854431152,8.564505577087402,0.0,0.0,0.0,0.0,9.417421340942383,0.560826301574707,0.0,0.0,0.0,0.560826301574707,0.0,9.417421340942383,-0.0,-0.0,-0.0,-1.7142390012741089,-3.5655274391174316,8.564505577087402,0.0,0.0,0.0,4.470348358154297e-08,0.0,0.6000000238418579,2.2351741790771484e-08,0.05600005388259888,0.6000000238418579,-4.470348358154297e-08,-0.055999964475631714,0.6000000238418579,-3.428478717803955,-9.5367431640625e-07,17.129011154174805,0.0,0.0,0.0,7.450580596923828e-07,9.571580221745535e-07,4.246830940246582e-07,9.752124786376953,9.75212574005127,18.755292892456055,18.755292892456055,0.9468622207641602,0.9468622207641602,0.05313779413700104,0.05313779413700104,0.0,0.0,0.4937935173511505,0.4937935173511505,7.807925701141357,7.807925701141357,3.9223129749298096,3.9223129749298096,1.8065168857574463,1.8065168857574463,0.06566482782363892,0.06566482782363892,-0.0649295300245285,-0.0649295300245285,0.560826301574707,0.560826301574707,0.49489498138427734,0.49489498138427734,-0.030763957649469376,-0.030763957649469376,0.23103544116020203,0.23103544116020203,31.65926170349121,31.65926170349121,11.37658405303955,11.37658405303955,26.376585006713867,26.376585006713867,15.000000953674316,15.000000953674316,1.0,0.02,180.0
260,1.0833333333333333,0.44958520327413104,-6.663531991564111,-274.7359685050942,0.44958520327413104,-6.663531991564111,-274.7359685050942,6.9,-6.900000095367432,0.0,0.0,15.0,1,0.3,2.0,0.0,4.0,6.666666666666667,2.857142857142857,6.6635308265686035,6.663530349731445,6.66353178024292,6.66353178024292,0.41385313868522644,0.4139816164970398,-8.268624305725098,-8.26481819152832,0.0,0.0,0.0,0.0,nan,nan,22.41376495361328,22.41376495361328,44.82752990722656,0.0,9.624147415161133,0.4214310050010681,0.0,0.0,0.0,0.4214310050010681,0.0,9.624147415161133,0.0,0.0,0.0,-1.9215483665466309,3.417056083679199,8.799613952636719,0.0,0.0,0.0,0.0,9.624147415161133,0.4214310050010681,0.0,0.0,0.0,0.4214310050010681,0.0,9.624147415161133,-0.0,-0.0,-0.0,-1.9215478897094727,-3.417057752609253,8.799612998962402,0.0,0.0,0.0,4.470348358154297e-08,0.0,0.6000000238418579,-6.705522537231445e-08,0.05600005388259888,0.6000000238418579,-1.1175870895385742e-07,-0.05599987506866455,0.5999999642372131,-3.8430962562561035,-1.6689300537109375e-06,17.599227905273438,0.0,0.0,0.0,1.430511474609375e-06,2.474773282301612e-06,5.289912223815918e-07,11.032146453857422,11.032150268554688,24.46781349182129,24.467819213867188,0.8122940063476562,0.8122940063476562,0.18770600855350494,0.18770600855350494,0.0,0.0,0.6212068796157837,0.6212068796157837,8.837366104125977,8.837366104125977,3.684119462966919,3.684119462966919,2.3612732887268066,2.3612732887268066,0.07462826371192932,0.07462826371192932,-0.0649295300245285,-0.0649295300245285,0.4214310050010681,0.4214310050010681,0.49361345171928406,0.49361345171928406,-0.0019460899056866765,-0.0019460899056866765,0.259853333234787,0.259853333234787,38.49046325683594,38.49046325683594,15.360648155212402,15.360648155212402,30.36064910888672,30.36064910888672,15.000000953674316,15.000000953674316,1.0,0.02,180.0
261,1.0875,0.41949347680091253,-7.766819449011903,-254.45991884271834,0.41949347680091253,-7.766819449011903,-254.45991884271834,6.9,-6.900000095367432,0.0,0.0,15.0,1,0.3,2.0,0.0,4.0,6.666666666666667,2.857142857142857,7.766818523406982,7.766817569732666,7.766819477081299,7.766819477081299,0.3812791109085083,0.3812955915927887,-8.496447563171387,-8.531611442565918,0.0,0.0,0.0,0.0,nan,nan,28.073392868041992,28.073392868041992,56.146785736083984,0.0,10.046213150024414,0.3439175486564636,0.0,0.0,0.0,0.3439175486564636,0.0,10.046213150024414,0.0,0.0,0.0,-2.125217914581299,3.2827255725860596,9.260228157043457,0.0,0.0,0.0,0.0,10.046213150024414,0.3439175486564636,0.0,0.0,0.0,0.3439175486564636,0.0,10.046213150024414,-0.0,-0.0,-0.0,-2.1252176761627197,-3.2827274799346924,9.260228157043457,0.0,0.0,0.0,4.470348358154297e-08,0.0,0.6000000238418579,-8.940696716308594e-08,0.05600005388259888,0.5999999642372131,-4.470348358154297e-08,-0.055999934673309326,0.6000000238418579,-4.250435829162598,-1.9073486328125e-06,18.520456314086914,0.0,0.0,0.0,1.3113021850585938e-06,2.1964951884001493e-06,1.1920928955078125e-07,12.484810829162598,12.484813690185547,29.4329891204834,29.4329891204834,0.7177879214286804,0.7177879214286804,0.28221216797828674,0.28221216797828674,0.0,0.0,0.6925286650657654,0.6925286650657654,9.849140167236328,9.849140167236328,3.412224292755127,3.412224292755127,2.9765846729278564,2.9765846729278564,0.08343620598316193,0.08343620598316193,-0.0649295300245285,-0.0649295300245285,0.3439175486564636,0.3439175486564636,0.4924118220806122,0.4924118220806122,0.025471962988376617,0.025471962988376617,0.2872713506221771,0.2872713506221771,44.86336898803711,44.86336898803711,19.083084106445312,19.083084106445312,34.08308410644531,34.08308410644531,15.000000953674316,15.000000953674316,1.0,0.02,180.0
262,1.0916666666666666,0.3849876950232274,-8.780843620553007,-231.93453533313746,0.3849876950232274,-8.780843620553007,-231.93453533313746,6.9,-6.900000095367432,0.0,0.0,15.0,1,0.3,2.0,0.0,4.0,6.666666666666667,2.857142857142857,8.780844688415527,8.780843734741211,8.780843734741211,8.780843734741211,0.34462934732437134,0.34453484416007996,-8.645082473754883,-8.7189359664917,0.0,0.0,0.0,0.0,nan,nan,34.01611328125,34.01611328125,68.0322265625,0.0,10.491135597229004,0.27460840344429016,0.0,0.0,0.0,0.27460840344429016,0.0,10.491135597229004,0.0,0.0,0.0,-2.330080270767212,3.0840046405792236,9.756996154785156,0.0,0.0,0.0,0.0,10.491135597229004,0.27460840344429016,0.0,0.0,0.0,0.27460840344429016,0.0,10.491135597229004,-0.0,-0.0,-0.0,-2.330080270767212,-3.084007501602173,9.756996154785156,0.0,0.0,0.0,4.470348358154297e-08,0.0,0.6000000238418579,-1.4901161193847656e-08,0.056000083684921265,0.5999999642372131,1.4901161193847656e-08,-0.055999964475631714,0.6000000238418579,-4.660160541534424,-2.86102294921875e-06,19.513992309570312,0.0,0.0,0.0,1.3709068298339844e-06,1.0112270274476032e-06,1.7881393432617188e-07,13.922809600830078,13.922815322875977,33.625553131103516,33.62554931640625,0.6335949301719666,0.6335949301719666,0.366405189037323,0.366405189037323,0.0,0.0,0.7501851320266724,0.7501851320266724,10.831197738647461,10.831197738647461,3.110166311264038,3.110166311264038,3.637169599533081,3.637169599533081,0.09198416769504547,0.09198416769504547,-0.0649295300245285,-0.0649295300245285,0.27460840344429016,0.27460840344429016,0.49130213260650635,0.49130213260650635,0.05122970789670944,0.05122970789670944,0.31302914023399353,0.31302914023399353,50.720664978027344,50.720664978027344,22.51027488708496,22.51027488708496,37.510276794433594,37.510276794433594,15.000000953674316,15.000000953674316,1.0,0.02,180.0
263,1.0958333333333332,0.34645855186610924,-9.696785639409663,-207.4246457780661,0.34645855186610924,-9.696785639409663,-207.4246457780661,6.9,-6.900000095367432,0.0,0.0,15.0,1,0.3,2.0,0.0,4.0,6.666666666666667,2.857142857142857,9.696784019470215,9.696784019470215,9.696785926818848,9.696785926818848,0.3042868971824646,0.3040836453437805,-8.717986106872559,-8.829955101013184,0.0,0.0,0.0,0.0,nan,nan,40.08557891845703,40.08557891845703,80.17115783691406,0.0,10.990428924560547,0.24407783150672913,0.0,0.0,0.0,0.24407783150672913,0.0,10.990428924560547,0.0,0.0,0.0,-2.5132784843444824,2.823737382888794,10.322744369506836,0.0,0.0,0.0,0.0,10.990428924560547,0.24407783150672913,0.0,0.0,0.0,0.24407783150672913,0.0,10.990428924560547,-0.0,-0.0,-0.0,-2.513279438018799,-2.823739767074585,10.32274341583252,0.0,0.0,0.0,4.470348358154297e-08,0.0,0.6000000238418579,-3.725290298461914e-08,0.05600002408027649,0.5999999642372131,-8.195638656616211e-08,-0.055999934673309326,0.6000000238418579,-5.026557922363281,-2.384185791015625e-06,20.645488739013672,0.0,0.0,0.0,1.1324882507324219e-06,2.3032953322399408e-06,2.980232238769531e-07,15.25169563293457,15.25169563293457,37.09856414794922,37.09856414794922,0.5911480784416199,0.5911480784416199,0.39665621519088745,0.39665621519088745,0.012195754796266556,0.012195754796266556,0.7792512774467468,0.7792512774467468,11.770252227783203,11.770252227783203,2.78149676322937,2.78149676322937,4.324548721313477,4.324548721313477,0.10015687346458435,0.10015687346458435,-0.0649295300245285,-0.0649295300245285,0.24407783150672913,0.24407783150672913,0.49029532074928284,0.49029532074928284,0.07508993148803711,0.07508993148803711,0.3368893265724182,0.3368893265724182,56.01140594482422,56.01140594482422,25.612314224243164,25.612314224243164,40.6123161315918,40.6123161315918,15.000000953674316,15.000000953674316,1.0,0.02,180.0
264,1.1,0.3043311805360483,-10.506926697692254,-181.19305309111922,0.3043311805360483,-10.506926697692254,-181.19305309111922,6.9,-6.900000095367432,0.0,0.0,15.0,1,0.3,2.0,0.0,4.0,6.666666666666667,2.857142857142857,10.506925582885742,10.506925582885742,10.506926536560059,10.506926536560059,0.26073455810546875,0.2604255676269531,-8.708285331726074,-8.857288360595703,0.0,0.0,0.0,0.0,nan,nan,45.9578857421875,45.9578857421875,91.915771484375,0.0,11.472984313964844,0.2324935793876648,0.0,0.0,0.0,0.2324935793876648,0.0,11.472984313964844,0.0,0.0,0.0,-2.6747543811798096,2.4781439304351807,10.880620956420898,0.0,0.0,0.0,0.0,11.472984313964844,0.2324935793876648,0.0,0.0,0.0,0.2324935793876648,0.0,11.472984313964844,-0.0,-0.0,-0.0,-2.6747548580169678,-2.4781460762023926,10.880620956420898,0.0,0.0,0.0,4.470348358154297e-08,0.0,0.6000000238418579,-1.043081283569336e-07,0.05600005388259888,0.5999999642372131,-1.4901161193847656e-08,-0.055999934673309326,0.6000000238418579,-5.349509239196777,-2.1457672119140625e-06,21.761241912841797,0.0,0.0,0.0,1.430511474609375e-06,2.429302185191773e-06,5.960464477539063e-08,16.4257869720459,16.425783157348633,39.929481506347656,39.92947006225586,0.5486653447151184,0.5486653447151184,0.4066384732723236,0.4066384732723236,0.04469626769423485,0.04469626769423485,0.7938439249992371,0.7938439249992371,12.65224838256836,12.65224838256836,2.429739475250244,2.429739475250244,5.017613410949707,5.017613410949707,0.10783229768276215,0.10783229768276215,-0.0649295300245285,-0.0649295300245285,0.2324935793876648,0.2324935793876648,0.48940131068229675,0.48940131068229675,0.0968392863869667,0.0968392863869667,0.3586387038230896,0.3586387038230896,60.69101333618164,60.69101333618164,28.36296844482422,28.36296844482422,43.36296844482422,43.36296844482422,15.000000953674316,15.000000953674316,1.0,0.02,180.0
265,1.1041666666666667,0.25906059461575787,-11.204635036140322,-153.49851117885896,0.25906059461575787,-11.204635036140322,-153.49851117885896,6.9,-6.900000095367432,0.0,0.0,15.0,1,0.3,2.0,0.0,4.0,6.666666666666667,2.857142857142857,11.204631805419922,11.204630851745605,11.204634666442871,11.204634666442871,0.21451136469841003,0.21409998834133148,-8.60511589050293,-8.789484024047852,0.0,0.0,0.0,0.0,nan,nan,51.24995422363281,51.24995422363281,102.49990844726562,0.0,11.823753356933594,0.19358617067337036,0.0,0.0,0.0,0.19358617067337036,0.0,11.823753356933594,0.0,0.0,0.0,-2.8278300762176514,2.0288381576538086,11.301584243774414,0.0,0.0,0.0,0.0,11.823753356933594,0.19358617067337036,0.0,0.0,0.0,0.19358617067337036,0.0,11.823753356933594,-0.0,-0.0,-0.0,-2.8278310298919678,-2.0288403034210205,11.301584243774414,0.0,0.0,0.0,4.470348358154297e-08,0.0,0.6000000238418579,-1.564621925354004e-07,0.05600005388259888,0.5999999642372131,-1.043081283569336e-07,-0.055999934673309326,0.6000000238418579,-5.655661106109619,-2.1457672119140625e-06,22.603168487548828,0.0,0.0,0.0,1.4901161193847656e-06,4.126110070501454e-06,1.7881393432617188e-07,17.426095962524414,17.42609214782715,42.19662857055664,42.196617126464844,0.5203555822372437,0.5203555822372437,0.38759085536003113,0.38759085536003113,0.0920536071062088,0.0920536071062088,0.8231391906738281,0.8231391906738281,13.462895393371582,13.462895393371582,2.0583648681640625,2.0583648681640625,5.693462371826172,5.693462371826172,0.11488635838031769,0.11488635838031769,-0.0649295300245285,-0.0649295300245285,0.19358617067337036,0.19358617067337036,0.488628625869751,0.488628625869751,0.11628848314285278,0.11628848314285278,0.3780879080295563,0.3780879080295563,64.72117614746094,64.72117614746094,30.739652633666992,30.739652633666992,45.739654541015625,45.739654541015625,15.000000953674316,15.000000953674316,1.0,0.02,180.0
266,1.1083333333333334,0.2111271987530883,-11.78434631411602,-124.59455664171051,0.2111271987530883,-11.78434631411602,-124.59455664171051,6.9,-6.900000095367432,0.0,0.0,15.0,1,0.3,2.0,0.0,4.0,6.666666666666667,2.857142857142857,11.784344673156738,11.784345626831055,11.784346580505371,11.784346580505371,0.16601113975048065,0.1655024141073227,-8.425057411193848,-8.643082618713379,0.0,0.0,0.0,0.0,nan,nan,55.88876724243164,55.88876724243164,111.77753448486328,0.0,12.174418449401855,0.20026394724845886,0.0,0.0,0.0,0.20026394724845886,0.0,12.174418449401855,0.0,0.0,0.0,-2.933134078979492,1.5119175910949707,11.720383644104004,0.0,0.0,0.0,0.0,12.174418449401855,0.20026394724845886,0.0,0.0,0.0,0.20026394724845886,0.0,12.174418449401855,-0.0,-0.0,-0.0,-2.9331345558166504,-1.5119208097457886,11.720382690429688,0.0,0.0,0.0,4.470348358154297e-08,0.0,0.6000000238418579,-1.4901161193847656e-08,0.05600002408027649,0.6000000238418579,1.4901161193847656e-08,-0.0559999942779541,0.6000000238418579,-5.866268634796143,-3.2186508178710938e-06,23.440765380859375,0.0,0.0,0.0,4.172325134277344e-07,1.0478838703420479e-06,1.4901161193847656e-08,18.24875831604004,18.248760223388672,43.969200134277344,43.969200134277344,0.4920608103275299,0.4920608103275299,0.3822701573371887,0.3822701573371887,0.12566909193992615,0.12566909193992615,0.8231391906738281,0.8231391906738281,14.188226699829102,14.188226699829102,1.6707723140716553,1.6707723140716553,6.328436374664307,6.328436374664307,0.12119771540164948,0.12119771540164948,-0.0649295300245285,-0.0649295300245285,0.20026394724845886,0.20026394724845886,0.4879847764968872,0.4879847764968872,0.13327240943908691,0.13327240943908691,0.3950718343257904,0.3950718343257904,68.06976318359375,68.06976318359375,32.72336959838867,32.72336959838867,47.72336959838867,47.72336959838867,15.000000953674316,15.000000953674316,1.0,0.02,180.0
267,1.1125,0.16103238927298216,-12.241540757248695,-94.72911142277172,0.16103238927298216,-12.241540757248695,-94.72911142277172,6.9,-6.900000095367432,0.0,0.0,15.0,1,0.3,2.0,0.0,4.0,6.666666666666667,2.857142857142857,12.241539001464844,12.241537094116211,12.241540908813477,12.241540908813477,0.11584141850471497,0.11524046957492828,-8.15393352508545,-8.403268814086914,0.0,0.0,0.0,0.0,nan,nan,59.468101501464844,59.468101501464844,118.93620300292969,0.0,12.366856575012207,0.18108123540878296,0.0,0.0,0.0,0.18108123540878296,0.0,12.366856575012207,0.0,0.0,0.0,-3.0170042514801025,0.9194313287734985,11.959275245666504,0.0,0.0,0.0,0.0,12.366856575012207,0.18108123540878296,0.0,0.0,0.0,0.18108123540878296,0.0,12.366856575012207,-0.0,-0.0,-0.0,-3.0170042514801025,-0.9194337725639343,11.959275245666504,0.0,0.0,0.0,4.470348358154297e-08,0.0,0.6000000238418579,-5.21540641784668e-08,0.05600002408027649,0.6000000238418579,-8.195638656616211e-08,-0.055999934673309326,0.6000000238418579,-6.034008502960205,-2.4437904357910156e-06,23.918550491333008,0.0,0.0,0.0,1.0728836059570312e-06,2.6731063371698838e-06,2.980232238769531e-07,18.899002075195312,18.899002075195312,45.30370330810547,45.30370330810547,0.47791728377342224,0.47791728377342224,0.37236490845680237,0.37236490845680237,0.14971785247325897,0.14971785247325897,0.8378353118896484,0.8378353118896484,14.815134048461914,14.815134048461914,1.2702863216400146,1.2702863216400146,6.899280071258545,6.899280071258545,0.12665246427059174,0.12665246427059174,-0.0649295300245285,-0.0649295300245285,0.18108123540878296,0.18108123540878296,0.487475723028183,0.487475723028183,0.14764979481697083,0.14764979481697083,0.40944918990135193,0.40944918990135193,70.71063995361328,70.71063995361328,34.2985954284668,34.2985954284668,49.2985954284668,49.2985954284668,15.000000953674316,15.000000953674316,1.0,0.02,180.0
268,1.1166666666666667,0.10929425168222869,-12.572720083595936,-64.1447520639126,0.10929425168222869,-12.572720083595936,-64.1447520639126,6.9,-6.900000095367432,0.0,0.0,15.0,1,0.3,2.0,0.0,4.0,6.666666666666667,2.857142857142857,12.572720527648926,12.57271957397461,12.572720527648926,12.572720527648926,0.0644899383187294,0.06380301713943481,-7.799530982971191,-8.077603340148926,0.0,0.0,0.0,0.0,nan,nan,61.86054992675781,61.86054992675781,123.72109985351562,0.0,12.440001487731934,0.16083818674087524,0.0,0.0,0.0,0.16083818674087524,0.0,12.440001487731934,0.0,0.0,0.0,-3.0635197162628174,0.28207463026046753,12.054657936096191,0.0,0.0,0.0,0.0,12.440001487731934,0.16083818674087524,0.0,0.0,0.0,0.16083818674087524,0.0,12.440001487731934,-0.0,-0.0,-0.0,-3.0635199546813965,-0.2820774018764496,12.054657936096191,0.0,0.0,0.0,4.470348358154297e-08,0.0,0.6000000238418579,2.2351741790771484e-08,0.05600005388259888,0.5999999642372131,-2.9802322387695312e-08,-0.055999964475631714,0.5999999642372131,-6.127039909362793,-2.771615982055664e-06,24.109315872192383,0.0,0.0,0.0,1.0728836059570312e-06,1.5327846085710917e-06,2.682209014892578e-07,19.38959503173828,19.38959503173828,46.24338912963867,46.24338912963867,0.4637744426727295,0.4637744426727295,0.3740755319595337,0.3740755319595337,0.1621500849723816,0.1621500849723816,0.852557361125946,0.852557361125946,15.331867218017578,15.331867218017578,0.8601601719856262,0.8601601719856262,7.384346961975098,7.384346961975098,0.13114848732948303,0.13114848732948303,-0.0649295300245285,-0.0649295300245285,0.16083818674087524,0.16083818674087524,0.4871063232421875,0.4871063232421875,0.15930302441120148,0.15930302441120148,0.42110246419906616,0.42110246419906616,72.6236343383789,72.6236343383789,35.45326232910156,35.45326232910156,50.45326232910156,50.45326232910156,15.000000953674316,15.000000953674316,1.0,0.02,180.0
269,1.1208333333333333,0.05644335048435769,-12.775386743243464,-33.07952716820081,0.05644335048435769,-12.775386743243464,-33.07952716820081,6.9,-6.900000095367432,0.0,0.0,15.0,1,0.3,2.0,0.0,4.0,6.666666666666667,2.857142857142857,12.775384902954102,12.775382041931152,12.775386810302734,12.775386810302734,0.01245423499494791,0.01168858539313078,-7.370151042938232,-7.674215793609619,0.0,0.0,0.0,0.0,nan,nan,62.9811897277832,62.9811897277832,125.9623794555664,0.0,12.432464599609375,0.16326625645160675,0.0,0.0,0.0,0.16326625645160675,0.0,12.432464599609375,0.0,0.0,0.0,-3.058586835861206,-0.375080406665802,12.045629501342773,0.0,0.0,0.0,0.0,12.432464599609375,0.16326625645160675,0.0,0.0,0.0,0.16326625645160675,0.0,12.432464599609375,-0.0,-0.0,-0.0,-3.0585861206054688,0.3750776946544647,12.045629501342773,0.0,0.0,0.0,4.470348358154297e-08,0.0,0.6000000238418579,-4.470348358154297e-08,0.05600002408027649,0.6000000238418579,-1.4901161193847656e-07,-0.05599990487098694,0.5999999642372131,-6.117173194885254,-2.7120113372802734e-06,24.091259002685547,0.0,0.0,0.0,1.430511474609375e-06,3.5926893815485528e-06,3.5762786865234375e-07,19.75064468383789,19.750646591186523,46.81876754760742,46.818763732910156,0.4637744426727295,0.4637744426727295,0.36140501499176025,0.36140501499176025,0.17482061684131622,0.17482061684131622,0.852557361125946,0.852557361125946,15.728470802307129,15.728470802307129,0.4435856342315674,0.4435856342315674,7.764749526977539,7.764749526977539,0.1345992237329483,0.1345992237329483,-0.0649295300245285,-0.0649295300245285,0.16326625645160675,0.16326625645160675,0.48688000440597534,0.48688000440597534,0.16813784837722778,0.16813784837722778,0.4299372434616089,0.4299372434616089,73.79429626464844,73.79429626464844,36.178646087646484,36.178646087646484,51.178646087646484,51.178646087646484,15.000000953674316,15.000000953674316,1.0,0.02,180.0
270,1.125,0.0030185972206813326,-12.848027491308537,-1.7681949886116888,0.0030185972206813326,-12.848027491308537,-1.7681949886116888,6.9,-6.900000095367432,0.0,0.0,15.0,1,0.3,2.0,0.0,4.0,6.666666666666667,2.857142857142857,12.84802532196045,12.848027229309082,12.848028182983398,12.848028182983398,-0.03970235213637352,-0.0405389629304409,-6.864917278289795,-7.191860198974609,0.0,0.0,0.0,0.0,nan,nan,62.70660400390625,62.70660400390625,125.4132080078125,0.0,12.2936429977417,0.1649336814880371,0.0,0.0,0.0,0.1649336814880371,0.0,12.2936429977417,0.0,0.0,0.0,-3.011399030685425,-1.0265344381332397,11.875965118408203,0.0,0.0,0.0,0.0,12.2936429977417,0.1649336814880371,0.0,0.0,0.0,0.1649336814880371,0.0,12.2936429977417,-0.0,-0.0,-0.0,-3.011399269104004,1.0265318155288696,11.87596607208252,0.0,0.0,0.0,4.470348358154297e-08,0.0,0.6000000238418579,-1.043081283569336e-07,0.0559999942779541,0.5999999642372131,0.0,-0.055999934673309326,0.6000000238418579,-6.022798538208008,-2.6226043701171875e-06,23.751930236816406,0.0,0.0,0.0,5.960464477539062e-07,2.480047214703518e-06,2.682209014892578e-07,19.979442596435547,19.979440689086914,47.048465728759766,47.048465728759766,0.4637744426727295,0.4637744426727295,0.34851959347724915,0.34851959347724915,0.18770600855350494,0.18770600855350494,0.852557361125946,0.852557361125946,15.997142791748047,15.997142791748047,0.023710915818810463,0.023710915818810463,8.025384902954102,8.025384902954102,0.13693684339523315,0.13693684339523315,-0.0649295300245285,-0.0649295300245285,0.1649336814880371,0.1649336814880371,0.48679879307746887,0.48679879307746887,0.17408302426338196,0.17408302426338196,0.4358823895454407,0.4358823895454407,74.21388244628906,74.21388244628906,36.46932601928711,36.46932601928711,51.469329833984375,51.469329833984375,15.000000953674316,15.000000953674316,1.0,0.02,180.0
271,1.1291666666666667,-0.05043682462850799,-12.790102766503143,29.556253215675262,-0.05043682462850799,-12.790102766503143,29.556253215675262,6.9,-6.900000095367432,0.0,0.0,15.0,1,0.3,2.0,0.0,4.0,6.666666666666667,2.857142857142857,12.790099143981934,12.79010009765625,12.7901029586792,12.7901029586792,-0.09144888073205948,-0.09234799444675446,-6.288867473602295,-6.635340690612793,0.0,0.0,0.0,0.0,nan,nan,61.0365104675293,61.0365104675293,122.0730209350586,0.0,12.023149490356445,0.16581246256828308,0.0,0.0,0.0,0.16581246256828308,0.0,12.023149490356445,0.0,0.0,0.0,-2.922473430633545,-1.6426644325256348,11.5474853515625,0.0,0.0,0.0,0.0,12.023149490356445,0.16581246256828308,0.0,0.0,0.0,0.16581246256828308,0.0,12.023149490356445,-0.0,-0.0,-0.0,-2.922473907470703,1.6426620483398438,11.5474853515625,0.0,0.0,0.0,4.470348358154297e-08,0.0,0.6000000238418579,-1.7881393432617188e-07,0.05600002408027649,0.5999999642372131,-5.960464477539063e-08,-0.055999964475631714,0.5999999642372131,-5.844947338104248,-2.384185791015625e-06,23.094970703125,0.0,0.0,0.0,7.152557373046875e-07,4.133946731599281e-06,3.5762786865234375e-07,20.052248001098633,20.052248001098633,46.93982696533203,46.93982696533203,0.4637744426727295,0.4637744426727295,0.34851959347724915,0.34851959347724915,0.18770600855350494,0.18770600855350494,0.852557361125946,0.852557361125946,16.13251304626465,16.13251304626465,-0.3963397145271301,-0.3963397145271301,8.15577220916748,8.15577220916748,0.13811463117599487,0.13811463117599487,-0.0649295300245285,-0.0649295300245285,0.16581246256828308,0.16581246256828308,0.48686352372169495,0.48686352372169495,0.177090123295784,0.177090123295784,0.4388895332813263,0.4388895332813263,73.8792953491211,73.8792953491211,36.32315444946289,36.32315444946289,51.32315444946289,51.32315444946289,15.000000953674316,15.000000953674316,1.0,0.02,180.0
272,1.1333333333333333,-0.10337950420173789,-12.602042779109034,60.66092212159,-0.10337950420173789,-12.602042779109034,60.66092212159,6.9,-6.900000095367432,0.0,0.0,15.0,1,0.3,2.0,0.0,4.0,6.666666666666667,2.857142857142857,12.602042198181152,12.602042198181152,12.602043151855469,12.602043151855469,-0.14225906133651733,-0.14321161806583405,-5.647808074951172,-6.01027774810791,0.0,0.0,0.0,0.0,nan,nan,58.0427131652832,58.0427131652832,116.0854263305664,0.0,11.624116897583008,0.16588735580444336,0.0,0.0,0.0,0.16588735580444336,0.0,11.624116897583008,0.0,0.0,0.0,-2.7941651344299316,-2.1952784061431885,11.068920135498047,0.0,0.0,0.0,0.0,11.624116897583008,0.16588735580444336,0.0,0.0,0.0,0.16588735580444336,0.0,11.624116897583008,-0.0,-0.0,-0.0,-2.79416561126709,2.1952760219573975,11.068921089172363,0.0,0.0,0.0,4.470348358154297e-08,0.0,0.6000000238418579,-7.450580596923828e-08,0.05600005388259888,0.5999999642372131,0.0,-0.055999934673309326,0.6000000238418579,-5.5883307456970215,-2.384185791015625e-06,22.137840270996094,0.0,0.0,0.0,1.1324882507324219e-06,1.980882643692894e-06,4.76837158203125e-07,19.9580020904541,19.95800018310547,46.4892463684082,46.4892463684082,0.4637744426727295,0.4637744426727295,0.36140501499176025,0.36140501499176025,0.17482061684131622,0.17482061684131622,0.852557361125946,0.852557361125946,16.13182830810547,16.13182830810547,-0.8134431838989258,-0.8134431838989258,8.150623321533203,8.150623321533203,0.13810870051383972,0.13810870051383972,-0.0649295300245285,-0.0649295300245285,0.16588735580444336,0.16588735580444336,0.4870735704898834,0.4870735704898834,0.177133247256279,0.177133247256279,0.4389326572418213,0.4389326572418213,72.79299926757812,72.79299926757812,35.74119567871094,35.74119567871094,50.74119567871094,50.74119567871094,15.000000953674316,15.000000953674316,1.0,0.02,180.0
273,1.1375,-0.15526984615228398,-12.285250632770115,91.31133338659434,-0.15526984615228398,-12.285250632770115,91.31133338659434,6.9,-6.900000095367432,0.0,0.0,15.0,1,0.3,2.0,0.0,4.0,6.666666666666667,2.857142857142857,12.285248756408691,12.285247802734375,12.285250663757324,12.285249710083008,-0.19161541759967804,-0.1926116645336151,-4.948342800140381,-5.3230881690979,0.0,0.0,0.0,0.0,nan,nan,53.86582946777344,53.86582946777344,107.73165893554688,0.0,11.103164672851562,0.16515615582466125,0.0,0.0,0.0,0.16515615582466125,0.0,11.103164672851562,0.0,0.0,0.0,-2.6305179595947266,-2.6595966815948486,10.455355644226074,0.0,0.0,0.0,0.0,11.103164672851562,0.16515615582466125,0.0,0.0,0.0,0.16515615582466125,0.0,11.103164672851562,-0.0,-0.0,-0.0,-2.6305184364318848,2.6595940589904785,10.455355644226074,0.0,0.0,0.0,4.470348358154297e-08,0.0,0.6000000238418579,-1.6391277313232422e-07,0.05600002408027649,0.5999999642372131,-7.450580596923828e-08,-0.055999934673309326,0.5999999642372131,-5.261036396026611,-2.6226043701171875e-06,20.91071128845215,0.0,0.0,0.0,9.5367431640625e-07,3.741115051525412e-06,4.470348358154297e-07,19.688154220581055,19.688152313232422,45.682044982910156,45.68204116821289,0.4637744426727295,0.4637744426727295,0.3740755319595337,0.3740755319595337,0.1621500849723816,0.1621500849723816,0.852557361125946,0.852557361125946,15.9950590133667,15.9950590133667,-1.2244551181793213,-1.2244551181793213,8.010152816772461,8.010152816772461,0.13691873848438263,0.13691873848438263,-0.0649295300245285,-0.0649295300245285,0.16515615582466125,0.16515615582466125,0.4874270260334015,0.4874270260334015,0.17420925199985504,0.17420925199985504,0.43600866198539734,0.43600866198539734,70.96312713623047,70.96312713623047,34.72780990600586,34.72780990600586,49.72780990600586,49.72780990600586,15.000000953674316,15.000000953674316,1.0,0.02,180.0
274,1.1416666666666666,-0.20557614089773493,-11.84211222133172,121.26987868754306,-0.20557614089773493,-11.84211222133172,121.26987868754306,6.9,-6.900000095367432,0.0,0.0,15.0,1,0.3,2.0,0.0,4.0,6.666666666666667,2.857142857142857,11.84211254119873,11.842111587524414,11.84211254119873,11.84211254119873,-0.23901285231113434,-0.24004262685775757,-4.197750091552734,-4.580916881561279,0.0,0.0,0.0,0.0,nan,nan,48.70751190185547,48.70751190185547,97.41502380371094,0.0,10.470252990722656,0.16362982988357544,0.0,0.0,0.0,0.16362982988357544,0.0,10.470252990722656,0.0,0.0,0.0,-2.4369826316833496,-3.015988349914551,9.727173805236816,0.0,0.0,0.0,0.0,10.470252990722656,0.16362982988357544,0.0,0.0,0.0,0.16362982988357544,0.0,10.470252990722656,-0.0,-0.0,-0.0,-2.436983108520508,3.015986680984497,9.727174758911133,0.0,0.0,0.0,4.470348358154297e-08,0.0,0.6000000238418579,-4.470348358154297e-08,0.05600005388259888,0.6000000238418579,2.9802322387695312e-08,-0.055999964475631714,0.6000000238418579,-4.873965740203857,-1.6689300537109375e-06,19.454349517822266,0.0,0.0,0.0,8.344650268554688e-07,1.0146233080376987e-06,4.023313522338867e-07,19.235244750976562,19.235244750976562,44.492061614990234,44.4920539855957,0.47791728377342224,0.47791728377342224,0.3845343291759491,0.3845343291759491,0.13754841685295105,0.13754841685295105,0.852557361125946,0.852557361125946,15.724895477294922,15.724895477294922,-1.6261894702911377,-1.6261894702911377,7.740057945251465,7.740057945251465,0.1345681995153427,0.1345681995153427,-0.0649295300245285,-0.0649295300245285,0.16362982988357544,0.16362982988357544,0.48792052268981934,0.48792052268981934,0.16833774745464325,0.16833774745464325,0.43013715744018555,0.43013715744018555,68.40342712402344,68.40342712402344,33.29060363769531,33.29060363769531,48.29060363769531,48.29060363769531,15.000000953674316,15.000000953674316,1.0,0.02,180.0
275,1.1458333333333333,-0.25377868895006295,-11.276012061754292,150.29454310415505,-0.25377868895006295,-11.276012061754292,150.29454310415505,6.9,-6.900000095367432,0.0,0.0,15.0,1,0.3,2.0,0.0,4.0,6.666666666666667,2.857142857142857,11.276010513305664,11.276010513305664,11.276013374328613,11.276013374328613,-0.2839628756046295,-0.2850154638290405,-3.403958320617676,-3.791597366333008,0.0,0.0,0.0,0.0,nan,nan,42.81839370727539,42.81839370727539,85.63678741455078,0.0,9.738409042358398,0.1613323986530304,0.0,0.0,0.0,0.1613323986530304,0.0,9.738409042358398,0.0,0.0,0.0,-2.2200281620025635,-3.2512669563293457,8.908612251281738,0.0,0.0,0.0,0.0,9.738409042358398,0.1613323986530304,0.0,0.0,0.0,0.1613323986530304,0.0,9.738409042358398,-0.0,-0.0,-0.0,-2.220029354095459,3.2512638568878174,8.908613204956055,0.0,0.0,0.0,4.470348358154297e-08,0.0,0.6000000238418579,-8.940696716308594e-08,0.0559999942779541,0.6000000238418579,-2.9802322387695312e-08,-0.055999934673309326,0.5999999642372131,-4.440057754516602,-3.0994415283203125e-06,17.81722640991211,0.0,0.0,0.0,6.556510925292969e-07,1.9908056856365874e-06,2.60770320892334e-07,18.59341049194336,18.593408584594727,42.88099670410156,42.88098907470703,0.4920608103275299,0.4920608103275299,0.40504759550094604,0.40504759550094604,0.10289160162210464,0.10289160162210464,0.852557361125946,0.852557361125946,15.326667785644531,15.326667785644531,-2.0154006481170654,-2.0154006481170654,7.351217746734619,7.351217746734619,0.13110339641571045,0.13110339641571045,-0.0649295300245285,-0.0649295300245285,0.1613323986530304,0.1613323986530304,0.48854950070381165,0.48854950070381165,0.15956120193004608,0.15956120193004608,0.42136064171791077,0.42136064171791077,65.13346862792969,65.13346862792969,31.4405460357666,31.4405460357666,46.440547943115234,46.440547943115234,15.000000953674316,15.000000953674316,1.0,0.02,180.0
276,1.15,-0.29937400136633313,-10.591353654171193,178.13803373583264,-0.29937400136633313,-10.591353654171193,178.13803373583264,6.9,-6.900000095367432,0.0,0.0,15.0,1,0.3,2.0,0.0,4.0,6.666666666666667,2.857142857142857,10.591351509094238,10.591348648071289,10.591353416442871,10.591354370117188,-0.32602548599243164,-0.3270895779132843,-2.5799853801727295,-2.9681670665740967,0.0,0.0,0.0,0.0,nan,nan,36.52313995361328,36.52313995361328,73.04627990722656,0.0,8.965011596679688,0.1818394660949707,0.0,0.0,0.0,0.1818394660949707,0.0,8.965011596679688,0.0,0.0,0.0,-1.9739536046981812,-3.375124216079712,8.06948184967041,0.0,0.0,0.0,0.0,8.965011596679688,0.1818394660949707,0.0,0.0,0.0,0.1818394660949707,0.0,8.965011596679688,-0.0,-0.0,-0.0,-1.9739543199539185,3.375121593475342,8.069482803344727,0.0,0.0,0.0,4.470348358154297e-08,0.0,0.6000000238418579,-1.341104507446289e-07,0.05600002408027649,0.5999999642372131,-1.6391277313232422e-07,-0.05599990487098694,0.5999999642372131,-3.9479079246520996,-2.6226043701171875e-06,16.138965606689453,0.0,0.0,0.0,8.940696716308594e-07,3.3616747714404482e-06,8.940696716308594e-08,17.760074615478516,17.760074615478516,40.79802703857422,40.798030853271484,0.5203555822372437,0.5203555822372437,0.41751325130462646,0.41751325130462646,0.06213124841451645,0.06213124841451645,0.8378353118896484,0.8378353118896484,14.808160781860352,14.808160781860352,-2.388772964477539,-2.388772964477539,6.85908317565918,6.85908317565918,0.1265919804573059,0.1265919804573059,-0.0649295300245285,-0.0649295300245285,0.1818394660949707,0.1818394660949707,0.4893079400062561,0.4893079400062561,0.1479455828666687,0.1479455828666687,0.4097449779510498,0.4097449779510498,61.178688049316406,61.178688049316406,29.19198989868164,29.19198989868164,44.19198989868164,44.19198989868164,15.000000953674316,15.000000953674316,1.0,0.02,180.0
277,1.1541666666666666,-0.3418790913357821,-9.793582409522317,204.54744248852333,-0.3418790913357821,-9.793582409522317,204.54744248852333,6.9,-6.900000095367432,0.0,0.0,15.0,1,0.3,2.0,0.0,4.0,6.666666666666667,2.857142857142857,9.79358196258545,9.793577194213867,9.79358196258545,9.79358196258545,-0.3646995425224304,-0.3657640516757965,-1.7256624698638916,-2.110257387161255,0.0,0.0,0.0,0.0,nan,nan,30.036300659179688,30.036300659179688,60.072601318359375,0.0,8.083609580993652,0.17722560465335846,0.0,0.0,0.0,0.17722560465335846,0.0,8.083609580993652,0.0,0.0,0.0,-1.73185133934021,-3.3587687015533447,7.148112773895264,0.0,0.0,0.0,0.0,8.083609580993652,0.17722560465335846,0.0,0.0,0.0,0.17722560465335846,0.0,8.083609580993652,-0.0,-0.0,-0.0,-1.7318514585494995,3.3587660789489746,7.14811372756958,0.0,0.0,0.0,4.470348358154297e-08,0.0,0.6000000238418579,-5.960464477539063e-08,0.0559999942779541,0.6000000238418579,-1.043081283569336e-07,-0.055999934673309326,0.5999999642372131,-3.46370267868042,-2.6226043701171875e-06,14.296226501464844,0.0,0.0,0.0,5.662441253662109e-07,1.913984760903986e-06,-5.21540641784668e-08,16.7391357421875,16.739133834838867,38.18040084838867,38.18040084838867,0.5486653447151184,0.5486653447151184,0.42825010418891907,0.42825010418891907,0.023084618151187897,0.023084618151187897,0.8378353118896484,0.8378353118896484,14.179332733154297,14.179332733154297,-2.7429141998291016,-2.7429141998291016,6.282835006713867,6.282835006713867,0.12112060934305191,0.12112060934305191,-0.0649295300245285,-0.0649295300245285,0.17722560465335846,0.17722560465335846,0.49018868803977966,0.49018868803977966,0.13358058035373688,0.13358058035373688,0.39538002014160156,0.39538002014160156,56.57052993774414,56.57052993774414,26.562776565551758,26.562776565551758,41.56277847290039,41.56277847290039,15.000000953674316,15.000000953674316,1.0,0.02,180.0
278,1.1583333333333332,-0.380835862660619,-8.889208665846557,229.2645627187782,-0.380835862660619,-8.889208665846557,229.2645627187782,6.9,-6.900000095367432,0.0,0.0,15.0,1,0.3,2.0,0.0,4.0,6.666666666666667,2.857142857142857,8.889206886291504,8.889208793640137,8.889208793640137,8.889208793640137,-0.39962512254714966,-0.40067821741104126,-0.859310507774353,-1.2363561391830444,0.0,0.0,0.0,0.0,nan,nan,23.73349380493164,23.73349380493164,47.46698760986328,0.0,7.1961493492126465,0.19477763772010803,0.0,0.0,0.0,0.19477763772010803,0.0,7.1961493492126465,0.0,0.0,0.0,-1.4745464324951172,-3.2426843643188477,6.255654811859131,0.0,0.0,0.0,0.0,7.1961493492126465,0.19477763772010803,0.0,0.0,0.0,0.19477763772010803,0.0,7.1961493492126465,-0.0,-0.0,-0.0,-1.4745467901229858,3.242683172225952,6.255655288696289,0.0,0.0,0.0,4.470348358154297e-08,0.0,0.6000000238418579,-1.1920928955078125e-07,0.05600002408027649,0.6000000238418579,-2.9802322387695312e-08,-0.055999934673309326,0.5999999642372131,-2.9490933418273926,-1.1920928955078125e-06,12.511310577392578,0.0,0.0,0.0,7.152557373046875e-07,1.5793541479069972e-06,4.023313522338867e-07,15.54652214050293,15.546518325805664,34.956756591796875,34.956756591796875,0.5911480784416199,0.5911480784416199,0.4088520109653473,0.4088520109653473,0.0,0.0,0.8231391906738281,0.8231391906738281,13.451971054077148,13.451971054077148,-3.0743627548217773,-3.0743627548217773,5.64433479309082,5.64433479309082,0.11479164659976959,0.11479164659976959,-0.0649295300245285,-0.0649295300245285,0.19477763772010803,0.19477763772010803,0.49118322134017944,0.49118322134017944,0.1165803000330925,0.1165803000330925,0.3783797025680542,0.3783797025680542,51.346614837646484,51.346614837646484,23.574312210083008,23.574312210083008,38.57431411743164,38.57431411743164,15.000000953674316,15.000000953674316,1.0,0.02,180.0
279,1.1625,-0.4158155895565718,-7.885827841959269,252.02696590681825,-0.4158155895565718,-7.885827841959269,252.02696590681825,6.9,-6.900000095367432,0.0,0.0,15.0,1,0.3,2.0,0.0,4.0,6.666666666666667,2.857142857142857,7.88582706451416,7.885828495025635,7.885828495025635,7.885828495025635,-0.430389940738678,-0.4314199388027191,0.014014244079589844,-0.35149848461151123,0.0,0.0,0.0,0.0,nan,nan,17.844602584838867,17.844602584838867,35.689205169677734,0.0,6.280732154846191,0.21023176610469818,0.0,0.0,0.0,0.21023176610469818,0.0,6.280732154846191,0.0,0.0,0.0,-1.2216042280197144,-3.0245440006256104,5.3713698387146,0.0,0.0,0.0,0.0,6.280732154846191,0.21023176610469818,0.0,0.0,0.0,0.21023176610469818,0.0,6.280732154846191,-0.0,-0.0,-0.0,-1.2216044664382935,3.024543046951294,5.371370315551758,0.0,0.0,0.0,4.470348358154297e-08,0.0,0.6000000238418579,-1.043081283569336e-07,0.05600005388259888,0.5999999642372131,5.960464477539063e-08,-0.0559999942779541,0.6000000238418579,-2.443208694458008,-9.5367431640625e-07,10.742740631103516,0.0,0.0,0.0,8.940696716308594e-08,7.931701020424953e-07,5.513429641723633e-07,14.219881057739258,14.219879150390625,31.056713104248047,31.056713104248047,0.6477158665657043,0.6477158665657043,0.35228419303894043,0.35228419303894043,0.0,0.0,0.8084741830825806,0.8084741830825806,12.639223098754883,12.639223098754883,-3.379599094390869,-3.379599094390869,4.966952323913574,4.966952323913574,0.10771938413381577,0.10771938413381577,-0.0649295300245285,-0.0649295300245285,0.21023176610469818,0.21023176610469818,0.49228188395500183,0.49228188395500183,0.09708351641893387,0.09708351641893387,0.3588829040527344,0.3588829040527344,45.55079650878906,45.55079650878906,20.25160026550293,20.25160026550293,35.25160217285156,35.25160217285156,15.000000953674316,15.000000953674316,1.0,0.02,180.0
280,1.1666666666666667,-0.446423469029794,-6.79213437178497,272.56992572142866,-0.446423469029794,-6.79213437178497,272.56992572142866,6.9,-6.900000095367432,0.0,0.0,15.0,1,0.3,2.0,0.0,4.0,6.666666666666667,2.857142857142857,6.792133808135986,6.79213285446167,6.7921342849731445,6.7921342849731445,-0.4566713571548462,-0.4576664865016937,0.8805134296417236,0.5303502082824707,0.0,0.0,0.0,0.0,nan,nan,12.632272720336914,12.632272720336914,25.264545440673828,0.0,5.394668102264404,0.24627044796943665,0.0,0.0,0.0,0.24627044796943665,0.0,5.394668102264404,0.0,0.0,0.0,-0.9646561145782471,-2.7413244247436523,4.551667213439941,0.0,0.0,0.0,0.0,5.394668102264404,0.24627044796943665,0.0,0.0,0.0,0.24627044796943665,0.0,5.394668102264404,-0.0,-0.0,-0.0,-0.9646561145782471,2.741323471069336,4.5516676902771,0.0,0.0,0.0,4.470348358154297e-08,0.0,0.6000000238418579,0.0,0.05600002408027649,0.6000000238418579,-1.043081283569336e-07,-0.055999934673309326,0.5999999642372131,-1.9293122291564941,-9.5367431640625e-07,9.103334426879883,0.0,0.0,0.0,5.662441253662109e-07,9.392247193318326e-07,-2.0116567611694336e-07,12.8360013961792,12.836000442504883,26.43380355834961,26.43380355834961,0.7453797459602356,0.7453797459602356,0.2546203136444092,0.2546203136444092,0.0,0.0,0.7792512774467468,0.7792512774467468,11.75510311126709,11.75510311126709,-3.6550731658935547,-3.6550731658935547,4.274358749389648,4.274358749389648,0.10002554208040237,0.10002554208040237,-0.0649295300245285,-0.0649295300245285,0.24627044796943665,0.24627044796943665,0.49347370862960815,0.49347370862960815,0.07525435090065002,0.07525435090065002,0.3370537757873535,0.3370537757873535,39.23331069946289,39.23331069946289,16.62334442138672,16.62334442138672,31.62334632873535,31.62334632873535,15.000000953674316,15.000000953674316,1.0,0.02,180.0
281,1.1708333333333334,-0.4723032124060886,-5.617925748158621,290.6292517796744,-0.4723032124060886,-5.617925748158621,290.6292517796744,6.9,-6.900000095367432,0.0,0.0,15.0,1,0.3,2.0,0.0,4.0,6.666666666666667,2.857142857142857,5.617924690246582,5.617925643920898,5.617925643920898,5.617925643920898,-0.47813332080841064,-0.4790820777416229,1.7349200248718262,1.4038944244384766,0.0,0.0,0.0,0.0,nan,nan,8.231979370117188,8.231979370117188,16.463958740234375,0.0,4.515599250793457,0.2775365710258484,0.0,0.0,0.0,0.2775365710258484,0.0,4.515599250793457,0.0,0.0,0.0,-0.7227953672409058,-2.3944919109344482,3.7698326110839844,0.0,0.0,0.0,0.0,4.515599250793457,0.2775365710258484,0.0,0.0,0.0,0.2775365710258484,0.0,4.515599250793457,-0.0,-0.0,-0.0,-0.7227953672409058,2.39449143409729,3.7698330879211426,0.0,0.0,0.0,4.470348358154297e-08,0.0,0.6000000238418579,-1.1920928955078125e-07,0.0559999942779541,0.5999999642372131,1.4901161193847656e-08,-0.055999934673309326,0.6000000238418579,-1.4455907344818115,-4.76837158203125e-07,7.539665699005127,0.0,0.0,0.0,4.470348358154297e-08,7.733554525657382e-07,3.650784492492676e-07,11.543171882629395,11.543170928955078,21.119531631469727,21.119531631469727,0.874330997467041,0.874330997467041,0.12566909193992615,0.12566909193992615,0.0,0.0,0.7501851320266724,0.7501851320266724,10.81393051147461,10.81393051147461,-3.897243022918701,-3.897243022918701,3.589357852935791,3.589357852935791,0.09183446317911148,0.09183446317911148,-0.0649295300245285,-0.0649295300245285,0.2775365710258484,0.2775365710258484,0.4947468340396881,0.4947468340396881,0.05128246918320656,0.05128246918320656,0.31308189034461975,0.31308189034461975,32.45074462890625,32.45074462890625,12.721922874450684,12.721922874450684,27.721923828125,27.721923828125,15.000000953674316,15.000000953674316,1.0,0.02,180.0
282,1.175,-0.4931416268313403,-4.374092809139519,305.9450633623126,-0.4931416268313403,-4.374092809139519,305.9450633623126,6.9,-6.900000095367432,0.0,0.0,15.0,1,0.3,2.0,0.0,4.0,6.666666666666667,2.857142857142857,4.374091148376465,4.3740925788879395,4.3740925788879395,4.3740925788879395,-0.49453306198120117,-0.49542421102523804,2.5641860961914062,2.2558391094207764,0.0,0.0,0.0,0.0,nan,nan,4.778122901916504,4.778122901916504,9.556245803833008,0.0,3.6925930976867676,0.3246998190879822,0.0,0.0,0.0,0.3246998190879822,0.0,3.6925930976867676,0.0,0.0,0.0,-0.4859078824520111,-2.022883892059326,3.067981243133545,0.0,0.0,0.0,0.0,3.6925930976867676,0.3246998190879822,0.0,0.0,0.0,0.3246998190879822,0.0,3.6925930976867676,-0.0,-0.0,-0.0,-0.4859082102775574,2.022883415222168,3.067981481552124,0.0,0.0,0.0,4.470348358154297e-08,0.0,0.6000000238418579,-1.4901161193847656e-07,0.05599997937679291,0.5999999642372131,1.4901161193847656e-08,-0.0559999942779541,0.6000000238418579,-0.9718160629272461,-4.76837158203125e-07,6.13596248626709,0.0,0.0,0.0,-1.7881393432617188e-07,7.147095857362729e-07,3.0547380447387695e-07,10.621402740478516,10.621402740478516,15.368098258972168,15.368085861206055,0.9979436993598938,0.9979436993598938,0.002056337660178542,0.002056337660178542,0.0,0.0,0.7068858742713928,0.7068858742713928,9.829747200012207,9.829747200012207,-4.102622985839844,-4.102622985839844,2.932863235473633,2.932863235473633,0.08326800167560577,0.08326800167560577,-0.0649295300245285,-0.0649295300245285,0.3246998190879822,0.3246998190879822,0.4960882365703583,0.4960882365703583,0.025383153930306435,0.025383153930306435,0.2871825695037842,0.2871825695037842,25.266010284423828,25.266010284423828,8.583392143249512,8.583392143249512,23.583393096923828,23.583393096923828,15.000000953674316,15.000000953674316,1.0,0.02,180.0
283,1.1791666666666667,-0.5086731212843889,-3.072592352773762,318.26649398971165,-0.5086731212843889,-3.072592352773762,318.26649398971165,6.9,-6.900000095367432,0.0,0.0,15.0,1,0.3,2.0,0.0,4.0,6.666666666666667,2.857142857142857,3.072592258453369,3.072591781616211,3.072592258453369,3.072592258453369,-0.5056668519973755,-0.5064893364906311,3.3568971157073975,3.0745298862457275,0.0,0.0,0.0,0.0,nan,nan,2.317164897918701,2.317164897918701,4.634329795837402,0.0,2.9594905376434326,0.40482527017593384,0.0,0.0,0.0,0.40482527017593384,0.0,2.9594905376434326,0.0,0.0,0.0,-0.24318237602710724,-1.659532070159912,2.471696615219116,0.0,0.0,0.0,0.0,2.9594905376434326,0.40482527017593384,0.0,0.0,0.0,0.40482527017593384,0.0,2.9594905376434326,-0.0,-0.0,-0.0,-0.24318240582942963,1.659531593322754,2.4716968536376953,0.0,0.0,0.0,4.470348358154297e-08,0.0,0.6000000238418579,0.0,0.05600003898143768,0.6000000238418579,-7.450580596923828e-08,-0.055999934673309326,0.6000000238418579,-0.48636478185653687,-4.76837158203125e-07,4.943393707275391,0.0,0.0,0.0,2.5331974029541016e-07,4.051426572004857e-07,-9.96515154838562e-08,10.562067985534668,10.562067031860352,14.910796165466309,14.910796165466309,1.0,1.0,0.0,0.0,0.0,0.0,0.6354192495346069,0.6354192495346069,8.815766334533691,8.815766334533691,-4.267849445343018,-4.267849445343018,2.323089599609375,2.323089599609375,0.07444081455469131,0.07444081455469131,-0.0649295300245285,-0.0649295300245285,0.40482527017593384,0.40482527017593384,0.4974840581417084,0.4974840581417084,-0.0022029157262295485,-0.0022029157262295485,0.25959649682044983,0.25959649682044983,17.748170852661133,17.748170852661133,4.247372627258301,4.247372627258301,19.247373580932617,19.247373580932617,15.000000953674316,15.000000953674316,1.0,0.02,180.0
284,1.1833333333333333,-0.5186840555276176,-1.7263982980176833,327.3572713411812,-0.5186840555276176,-1.7263982980176833,327.3572713411812,6.9,-6.900000095367432,0.0,0.0,15.0,1,0.3,2.0,0.0,4.0,6.666666666666667,2.857142857142857,1.7263984680175781,1.7263978719711304,1.7263983488082886,1.7263983488082886,-0.5113648772239685,-0.5121083855628967,4.104804992675781,3.8514833450317383,0.0,0.0,0.0,0.0,nan,nan,0.7973570823669434,0.7973570823669434,1.5947141647338867,0.0,2.3216052055358887,0.5264245271682739,0.0,0.0,0.0,0.5264245271682739,0.0,2.3216052055358887,0.0,0.0,0.0,0.014369206503033638,-1.3210160732269287,1.9803242683410645,0.0,0.0,0.0,0.0,2.3216052055358887,0.5264245271682739,0.0,0.0,0.0,0.5264245271682739,0.0,2.3216052055358887,-0.0,-0.0,-0.0,0.014369210228323936,1.3210153579711914,1.9803245067596436,0.0,0.0,0.0,4.470348358154297e-08,0.0,0.6000000238418579,-4.470348358154297e-08,0.05600003898143768,0.5999999642372131,-2.9802322387695312e-08,-0.055999964475631714,0.5999999642372131,0.028738416731357574,-7.152557373046875e-07,3.960648775100708,0.0,0.0,0.0,1.341104507446289e-07,3.228875016247912e-07,1.8801074475049973e-08,11.88056755065918,11.880562782287598,14.950191497802734,14.950191497802734,1.0,1.0,0.0,0.0,0.0,0.0,0.5220827460289001,0.5220827460289001,7.783905506134033,7.783905506134033,-4.389753818511963,-4.389753818511963,1.7750277519226074,1.7750277519226074,0.06545618176460266,0.06545618176460266,-0.0649295300245285,-0.0649295300245285,0.5264245271682739,0.5264245271682739,0.4989195764064789,0.4989195764064789,-0.0312102772295475,-0.0312102772295475,0.2305891066789627,0.2305891066789627,9.972169876098633,9.972169876098633,-0.24307790398597717,-0.24307790398597717,14.756922721862793,14.756922721862793,15.000000953674316,15.000000953674316,1.0,0.02,180.0
285,1.1875,-0.523016835270599,-0.34942794789413534,333.0020645087297,-0.523016835270599,-0.34942794789413534,333.0020645087297,6.9,-6.900000095367432,0.0,0.0,15.0,1,0.3,2.0,0.0,4.0,6.666666666666667,2.857142857142857,0.3494279086589813,0.3494279384613037,0.3494279086589813,0.3494279086589813,-0.5115639567375183,-0.5122186541557312,4.7918620109558105,4.570218086242676,0.0,0.0,0.0,0.0,nan,nan,0.09570053964853287,0.09570053964853287,0.19140107929706573,0.0,1.857435941696167,0.8375369310379028,0.0,0.0,0.0,0.8375369310379028,0.0,1.857435941696167,0.0,0.0,0.0,0.4148608446121216,-1.0635069608688354,1.6877144575119019,0.0,0.0,0.0,0.0,1.857435941696167,0.8375369310379028,0.0,0.0,0.0,0.8375369310379028,0.0,1.857435941696167,-0.0,-0.0,-0.0,0.4148607850074768,1.0635067224502563,1.6877148151397705,0.0,0.0,0.0,4.470348358154297e-08,0.0,0.6000000238418579,-1.4901161193847656e-08,0.05600005388259888,0.6000000238418579,1.4901161193847656e-08,-0.055999964475631714,0.6000000238418579,0.8297216296195984,-2.384185791015625e-07,3.375429153442383,0.0,0.0,0.0,1.2665987014770508e-07,1.5089344174157304e-07,-7.450580596923828e-09,14.30342960357666,14.303426742553711,14.989933013916016,14.989933013916016,1.0,1.0,0.0,0.0,0.0,0.0,0.2466777116060257,0.2466777116060257,6.744438171386719,6.744438171386719,-4.465449333190918,-4.465449333190918,1.3002092838287354,1.3002092838287354,0.056403134018182755,0.056403134018182755,-0.0649295300245285,-0.0649295300245285,0.8375369310379028,0.8375369310379028,0.5003793835639954,0.5003793835639954,-0.0613497756421566,-0.0613497756421566,0.2004496157169342,0.2004496157169342,2.0183959007263184,2.0183959007263184,-4.841718673706055,-4.841718673706055,10.158281326293945,10.158281326293945,15.000000953674316,15.000000953674316,1.0,0.02,180.0
286,1.1916666666666667,-0.5215736435474294,1.0422535618075017,333.7585575508051,-0.5215736435474294,1.0422535618075017,333.7585575508051,6.9,-6.900000095367432,0.0,0.0,15.0,1,0.3,2.0,0.0,4.0,6.666666666666667,2.857142857142857,1.0422536134719849,1.0422532558441162,1.0422536134719849,1.0422536134719849,-0.5059828758239746,-0.50654137134552,5.446999549865723,5.26006555557251,0.0,0.0,0.0,0.0,nan,nan,-0.07018785178661346,-0.07018785178661346,-0.14037570357322693,0.0,1.2274194955825806,0.8881794214248657,0.0,0.0,0.0,0.8881794214248657,0.0,1.2274194955825806,0.0,0.0,0.0,0.5972015261650085,-0.7013269662857056,1.2028765678405762,0.0,0.0,0.0,0.0,1.2274194955825806,0.8881794214248657,0.0,0.0,0.0,0.8881794214248657,0.0,1.2274194955825806,-0.0,-0.0,-0.0,0.5972015261650085,0.7013265490531921,1.2028768062591553,0.0,0.0,0.0,4.470348358154297e-08,0.0,0.6000000238418579,-7.450580596923828e-08,0.05600002408027649,0.6000000238418579,-5.960464477539063e-08,-0.055999964475631714,0.5999999642372131,1.194403052330017,-4.172325134277344e-07,2.4057533740997314,0.0,0.0,0.0,9.685754776000977e-08,2.3326789744260168e-07,-2.60770320892334e-08,17.15854263305664,17.158538818359375,19.930208206176758,19.930208206176758,0.0,0.0,1.0,1.0,0.0,0.0,0.0,0.0,5.703012466430664,5.703012466430664,-4.475592613220215,-4.475592613220215,0.9057785868644714,0.9057785868644714,0.047330401837825775,0.047330401837825775,-0.0649295300245285,-0.0649295300245285,0.8881794214248657,0.8881794214248657,0.5012194514274597,0.5012194514274597,-0.09239625930786133,-0.09239625930786133,0.16940315067768097,0.16940315067768097,-6.020355224609375,-6.020355224609375,-9.496992111206055,-9.496992111206055,5.5030083656311035,5.5030083656311035,15.000000953674316,15.000000953674316,1.0,0.02,180.0
287,1.1958333333333333,-0.5143408104114681,2.4271398004604463,330.36073601910545,-0.5143408104114681,2.4271398004604463,330.36073601910545,6.9,-6.900000095367432,0.0,0.0,15.0,1,0.3,2.0,0.0,4.0,6.666666666666667,2.857142857142857,2.4271392822265625,2.4271395206451416,2.4271397590637207,2.4271397590637207,-0.49453839659690857,-0.49499595165252686,6.081223011016846,5.931931018829346,0.0,0.0,0.0,0.0,nan,nan,0.8445724844932556,0.8445724844932556,1.6891449689865112,0.0,0.2432260811328888,0.5725486278533936,0.0,0.0,0.0,0.5725486278533936,0.0,0.2432260811328888,0.0,0.0,0.0,0.5011175870895386,-0.1375279426574707,0.34196212887763977,0.0,0.0,0.0,0.0,0.2432260811328888,0.5725486278533936,0.0,0.0,0.0,0.5725486278533936,0.0,0.2432260811328888,-0.0,-0.0,-0.0,0.5011175274848938,0.1375279426574707,0.34196221828460693,0.0,0.0,0.0,4.470348358154297e-08,0.0,0.6000000238418579,-1.1920928955078125e-07,0.05600002408027649,0.6000000238418579,-7.450580596923828e-08,-0.055999934673309326,0.5999999642372131,1.0022351741790771,0.0,0.6839243173599243,0.0,0.0,0.0,3.5390257835388184e-08,6.694810394947126e-08,-4.284083843231201e-08,20.084678649902344,20.084678649902344,26.470380783081055,26.470380783081055,0.0,0.0,1.0,1.0,0.0,0.0,0.0,0.0,4.673255920410156,4.673255920410156,-4.43002986907959,-4.43002986907959,0.5991218090057373,0.5991218090057373,0.038356367498636246,0.038356367498636246,-0.0649295300245285,-0.0649295300245285,0.5725486278533936,0.5725486278533936,0.5018439888954163,0.5018439888954163,-0.12381456792354584,-0.12381456792354584,0.13798485696315765,0.13798485696315765,-14.019852638244629,-14.019852638244629,-14.135833740234375,-14.135833740234375,0.8641666173934937,0.8641666173934937,15.000000953674316,15.000000953674316,1.0,0.02,180.0
288,1.2,-0.5013779145466646,3.7900598300057697,323.2141917555172,-0.5013779145466646,3.7900598300057697,323.2141917555172,6.9,-6.900000095367432,0.0,0.0,15.0,1,0.3,2.0,0.0,4.0,6.666666666666667,2.857142857142857,3.7900586128234863,3.790059804916382,3.790059804916382,3.790059804916382,-0.4776151776313782,-0.4779660403728485,6.642765998840332,6.532754421234131,0.0,0.0,0.0,0.0,nan,nan,2.7861316204071045,2.7861316204071045,5.572263240814209,0.0,-0.6728507280349731,0.34605711698532104,0.0,0.0,0.0,0.34605711698532104,0.0,-0.6728507280349731,0.0,0.0,0.0,0.4791647493839264,0.37322619557380676,-0.45120611786842346,0.0,0.0,0.0,0.0,-0.6728507280349731,0.34605711698532104,0.0,0.0,0.0,0.34605711698532104,0.0,-0.6728507280349731,-0.0,-0.0,-0.0,0.47916486859321594,-0.3732261657714844,-0.4512060880661011,0.0,0.0,0.0,4.470348358154297e-08,0.0,0.6000000238418579,-1.043081283569336e-07,0.05600002408027649,0.6000000238418579,4.470348358154297e-08,-0.0559999942779541,0.5999999642372131,0.9583296179771423,2.9802322387695312e-08,-0.9024121761322021,0.0,0.0,0.0,-3.725290298461914e-08,-9.579540005688614e-08,-6.332993507385254e-08,22.9210262298584,22.921030044555664,32.46165084838867,32.46165466308594,0.0,0.0,1.0,1.0,0.0,0.0,0.0,0.0,3.661346197128296,3.661346197128296,-4.334197044372559,-4.334197044372559,0.38145196437835693,0.38145196437835693,0.029534656554460526,0.029534656554460526,-0.0649295300245285,-0.0649295300245285,0.34605711698532104,0.34605711698532104,0.5024571418762207,0.5024571418762207,-0.15522927045822144,-0.15522927045822144,0.10657013207674026,0.10657013207674026,-21.89246940612793,-21.89246940612793,-18.706871032714844,-18.706871032714844,-3.7068700790405273,-3.7068700790405273,15.000000953674316,15.000000953674316,1.0,0.02,180.0
289,1.2041666666666666,-0.4828089495975544,5.11543684636667,312.34733927557994,-0.4828089495975544,5.11543684636667,312.34733927557994,6.9,-6.900000095367432,0.0,0.0,15.0,1,0.3,2.0,0.0,4.0,6.666666666666667,2.857142857142857,5.11543607711792,5.115436553955078,5.1154375076293945,5.1154375076293945,-0.4553788900375366,-0.4556184411048889,7.12565803527832,7.056146621704102,0.0,0.0,0.0,0.0,nan,nan,5.591594696044922,5.591594696044922,11.183189392089844,0.0,-1.5167535543441772,0.2070382833480835,0.0,0.0,0.0,0.2070382833480835,0.0,-1.5167535543441772,0.0,0.0,0.0,0.5306053757667542,0.8177556395530701,-1.1803134679794312,0.0,0.0,0.0,0.0,-1.5167535543441772,0.2070382833480835,0.0,0.0,0.0,0.2070382833480835,0.0,-1.5167535543441772,-0.0,-0.0,-0.0,0.5306054353713989,-0.8177555203437805,-1.1803135871887207,0.0,0.0,0.0,4.470348358154297e-08,0.0,0.6000000238418579,-1.1920928955078125e-07,0.05600002408027649,0.6000000238418579,-2.9802322387695312e-08,-0.055999964475631714,0.5999999642372131,1.0612108707427979,1.1920928955078125e-07,-2.3606271743774414,0.0,0.0,0.0,-1.1175870895385742e-07,-3.1303522973757936e-07,-1.0058283805847168e-07,25.582595825195312,25.582595825195312,37.71088790893555,37.71088790893555,0.0,0.0,0.9378688335418701,0.9378688335418701,0.06213124841451645,0.06213124841451645,0.0,0.0,2.671722173690796,2.671722173690796,-4.188475608825684,-4.188475608825684,0.25106388330459595,0.25106388330459595,0.02090391144156456,0.02090391144156456,-0.0649295300245285,-0.0649295300245285,0.2070382833480835,0.2070382833480835,0.5030518174171448,0.5030518174171448,-0.18628749251365662,-0.18628749251365662,0.07551191002130508,0.07551191002130508,-29.548229217529297,-29.548229217529297,-23.157941818237305,-23.157941818237305,-8.157940864562988,-8.157940864562988,15.000000953674316,15.000000953674316,1.0,0.02,180.0
290,1.2083333333333333,-0.4588224336323514,6.387909980408788,297.8357560474261,-0.4588224336323514,6.387909980408788,297.8357560474261,6.9,-6.900000095367432,0.0,0.0,15.0,1,0.3,2.0,0.0,4.0,6.666666666666667,2.857142857142857,6.387908458709717,6.387908458709717,6.38791036605835,6.38791036605835,-0.428056925535202,-0.42818188667297363,7.524734020233154,7.496490955352783,0.0,0.0,0.0,0.0,nan,nan,9.077877044677734,9.077877044677734,18.15575408935547,0.0,-2.285142183303833,0.15152576565742493,0.0,0.0,0.0,0.15152576565742493,0.0,-2.285142183303833,0.0,0.0,0.0,0.651982307434082,1.185517430305481,-1.847783088684082,0.0,0.0,0.0,0.0,-2.285142183303833,0.15152576565742493,0.0,0.0,0.0,0.15152576565742493,0.0,-2.285142183303833,-0.0,-0.0,-0.0,0.6519823670387268,-1.1855171918869019,-1.8477833271026611,0.0,0.0,0.0,4.470348358154297e-08,0.0,0.6000000238418579,-1.043081283569336e-07,0.05600002408027649,0.6000000238418579,-1.043081283569336e-07,-0.055999934673309326,0.5999999642372131,1.303964614868164,2.384185791015625e-07,-3.695566415786743,0.0,0.0,0.0,-2.2351741790771484e-07,-5.895434469493921e-07,-5.587935447692871e-08,28.024084091186523,28.024084091186523,42.192535400390625,42.192535400390625,0.0,0.0,0.7859672904014587,0.7859672904014587,0.21403278410434723,0.21403278410434723,0.0,0.0,1.708737850189209,1.708737850189209,-3.993880271911621,-3.993880271911621,0.20395305752754211,0.20395305752754211,0.012502231635153294,0.012502231635153294,-0.0649295300245285,-0.0649295300245285,0.15152576565742493,0.15152576565742493,0.5036215782165527,0.5036215782165527,-0.21663552522659302,-0.21663552522659302,0.045163873583078384,0.045163873583078384,-36.89839553833008,-36.89839553833008,-27.437532424926758,-27.437532424926758,-12.437532424926758,-12.437532424926758,15.000000953674316,15.000000953674316,1.0,0.02,180.0
291,1.2125,-0.4296700967701327,7.59253376554798,279.8034580134912,-0.4296700967701327,7.59253376554798,279.8034580134912,6.9,-6.900000095367432,0.0,0.0,15.0,1,0.3,2.0,0.0,4.0,6.666666666666667,2.857142857142857,7.592532157897949,7.592532634735107,7.592533588409424,7.592533588409424,-0.3959372043609619,-0.3959456980228424,7.835618495941162,7.848952770233154,0.0,0.0,0.0,0.0,nan,nan,13.046090126037598,13.046090126037598,26.092180252075195,0.0,-2.9747159481048584,0.17330901324748993,0.0,0.0,0.0,0.17330901324748993,0.0,-2.9747159481048584,0.0,0.0,0.0,0.8369638919830322,1.468482494354248,-2.4539806842803955,0.0,0.0,0.0,0.0,-2.9747159481048584,0.17330901324748993,0.0,0.0,0.0,0.17330901324748993,0.0,-2.9747159481048584,-0.0,-0.0,-0.0,0.8369640111923218,-1.4684818983078003,-2.4539811611175537,0.0,0.0,0.0,4.470348358154297e-08,0.0,0.6000000238418579,-1.043081283569336e-07,0.05600002408027649,0.5999999642372131,-4.470348358154297e-08,-0.055999964475631714,0.5999999642372131,1.673927903175354,5.960464477539062e-07,-4.907961845397949,0.0,0.0,0.0,-1.1920928955078125e-07,-6.848484872534755e-07,-1.30385160446167e-07,30.223831176757812,30.223831176757812,45.9566650390625,45.9566650390625,0.0,0.0,0.6618125438690186,0.6618125438690186,0.3381875455379486,0.3381875455379486,0.0,0.0,0.7773572206497192,0.7773572206497192,-3.752073049545288,-3.752073049545288,0.23386532068252563,0.23386532068252563,0.004373203031718731,0.004373203031718731,-0.0649295300245285,-0.0649295300245285,0.17330901324748993,0.17330901324748993,0.5041598081588745,0.5041598081588745,-0.2459232360124588,-0.2459232360124588,0.015876179561018944,0.015876179561018944,-43.85664367675781,-43.85664367675781,-31.495454788208008,-31.495454788208008,-16.495452880859375,-16.495452880859375,15.000000953674316,15.000000953674316,1.0,0.02,180.0
292,1.2166666666666666,-0.3956647288997251,8.714981148356818,258.42330317283273,-0.3956647288997251,8.714981148356818,258.42330317283273,6.9,-6.900000095367432,0.0,0.0,15.0,1,0.3,2.0,0.0,4.0,6.666666666666667,2.857142857142857,8.714981079101562,8.714981079101562,8.714981079101562,8.714981079101562,-0.3593657612800598,-0.35925716161727905,8.054739952087402,8.109493255615234,0.0,0.0,0.0,0.0,nan,nan,17.284318923950195,17.284318923950195,34.56863784790039,0.0,-3.581665515899658,0.2638664245605469,0.0,0.0,0.0,0.2638664245605469,0.0,-3.581665515899658,0.0,0.0,0.0,1.0761427879333496,1.6611827611923218,-2.9967219829559326,0.0,0.0,0.0,0.0,-3.581665515899658,0.2638664245605469,0.0,0.0,0.0,0.2638664245605469,0.0,-3.581665515899658,-0.0,-0.0,-0.0,1.0761429071426392,-1.6611820459365845,-2.9967222213745117,0.0,0.0,0.0,4.470348358154297e-08,0.0,0.6000000238418579,-1.4901161193847656e-08,0.05600005388259888,0.6000000238418579,1.4901161193847656e-08,-0.055999934673309326,0.6000000238418579,2.152285575866699,7.152557373046875e-07,-5.993444442749023,0.0,0.0,0.0,-3.427267074584961e-07,-2.679278168216115e-07,-1.7508864402770996e-07,32.17449951171875,32.174503326416016,49.081912994384766,49.081912994384766,0.0,0.0,0.5628252625465393,0.5628252625465393,0.43717479705810547,0.43717479705810547,0.0,0.0,-0.1162935197353363,-0.1162935197353363,-3.465372085571289,-3.465372085571289,0.3322252631187439,0.3322252631187439,-0.003429285017773509,-0.003429285017773509,-0.0649295300245285,-0.0649295300245285,0.2638664245605469,0.2638664245605469,0.5046602487564087,0.5046602487564087,-0.27380844950675964,-0.27380844950675964,-0.01200903207063675,-0.01200903207063675,-50.3402214050293,-50.3402214050293,-35.28350830078125,-35.28350830078125,-20.283506393432617,-20.283506393432617,15.000000953674316,15.000000953674316,1.0,0.02,180.0
293,1.2208333333333332,-0.3571771805531304,9.741746193198347,233.9164242398961,-0.3571771805531304,9.741746193198347,233.9164242398961,6.9,-6.900000095367432,0.0,0.0,15.0,1,0.3,2.0,0.0,4.0,6.666666666666667,2.857142857142857,9.741743087768555,9.741742134094238,9.74174690246582,9.74174690246582,-0.31874361634254456,-0.318518728017807,8.179367065429688,8.274896621704102,0.0,0.0,0.0,0.0,nan,nan,21.57029151916504,21.57029151916504,43.14058303833008,0.0,-4.101348876953125,0.41228362917900085,0.0,0.0,0.0,0.41228362917900085,0.0,-4.101348876953125,0.0,0.0,0.0,1.3569121360778809,1.760993242263794,-3.471128463745117,0.0,0.0,0.0,0.0,-4.101348876953125,0.41228362917900085,0.0,0.0,0.0,0.41228362917900085,0.0,-4.101348876953125,-0.0,-0.0,-0.0,1.3569122552871704,-1.760992169380188,-3.4711289405822754,0.0,0.0,0.0,4.470348358154297e-08,0.0,0.6000000238418579,-1.1920928955078125e-07,0.0559999942779541,0.5999999642372131,-5.960464477539063e-08,-0.055999934673309326,0.6000000238418579,2.7138242721557617,1.0728836059570312e-06,-6.942257404327393,0.0,0.0,0.0,-7.450580596923828e-08,-1.0119075568582048e-06,-1.7881393432617188e-07,33.877079010009766,33.877079010009766,51.6511116027832,51.65111541748047,0.0,0.0,0.5062065124511719,0.5062065124511719,0.4937935173511505,0.4937935173511505,0.0,0.0,-0.9646061062812805,-0.9646061062812805,-3.13674259185791,-3.13674259185791,0.48805147409439087,0.48805147409439087,-0.010838298127055168,-0.010838298127055168,-0.0649295300245285,-0.0649295300245285,0.41228362917900085,0.41228362917900085,0.5051170587539673,0.5051170587539673,-0.2999615967273712,-0.2999615967273712,-0.03816220536828041,-0.03816220536828041,-56.2711067199707,-56.2711067199707,-38.75617218017578,-38.75617218017578,-23.756174087524414,-23.756174087524414,15.000000953674316,15.000000953674316,1.0,0.02,180.0
294,1.225,-0.3146325268229364,10.660342277013699,206.55062026258736,-0.3146325268229364,10.660342277013699,206.55062026258736,6.9,-6.900000095367432,0.0,0.0,15.0,1,0.3,2.0,0.0,4.0,6.666666666666667,2.857142857142857,10.660338401794434,10.660337448120117,10.6603422164917,10.6603422164917,-0.274522602558136,-0.2741836905479431,8.20761775970459,8.342806816101074,0.0,0.0,0.0,0.0,nan,nan,25.67550277709961,25.67550277709961,51.35100555419922,0.0,-4.528225898742676,0.6052882671356201,0.0,0.0,0.0,0.6052882671356201,0.0,-4.528225898742676,0.0,0.0,0.0,1.6635661125183105,1.7685844898223877,-3.869865894317627,0.0,0.0,0.0,0.0,-4.528225898742676,0.6052882671356201,0.0,0.0,0.0,0.6052882671356201,0.0,-4.528225898742676,-0.0,-0.0,-0.0,1.6635665893554688,-1.7685836553573608,-3.869865894317627,0.0,0.0,0.0,4.470348358154297e-08,0.0,0.6000000238418579,-5.960464477539063e-08,0.05600002408027649,0.6000000238418579,-1.6391277313232422e-07,-0.055999964475631714,0.6000000238418579,3.3271327018737793,8.344650268554688e-07,-7.739731788635254,0.0,0.0,0.0,-2.2351741790771484e-07,-1.2109753697586711e-06,1.1175870895385742e-07,35.33692932128906,35.336936950683594,53.73993682861328,53.73994445800781,0.0,0.0,0.4637744426727295,0.4637744426727295,0.5362256169319153,0.5362256169319153,0.0,0.0,-1.7584495544433594,-1.7584495544433594,-2.7697763442993164,-2.7697763442993164,0.6879913210868835,0.6879913210868835,-0.017773529514670372,-0.017773529514670372,-0.0649295300245285,-0.0649295300245285,0.6052882671356201,0.6052882671356201,0.5055251717567444,0.5055251717567444,-0.32407039403915405,-0.32407039403915405,-0.06227097287774086,-0.06227097287774086,-61.57718276977539,-61.57718276977539,-41.87126159667969,-41.87126159667969,-26.871261596679688,-26.871261596679688,15.000000953674316,15.000000953674316,1.0,0.02,180.0
295,1.2291666666666667,-0.2685054222527719,11.459491348547123,176.6376718580408,-0.2685054222527719,11.459491348547123,176.6376718580408,6.9,-6.900000095367432,0.0,0.0,15.0,1,0.3,2.0,0.0,4.0,6.666666666666667,2.857142857142857,11.459490776062012,11.459487915039062,11.459491729736328,11.459491729736328,-0.22719992697238922,-0.22675031423568726,8.1385498046875,8.31181526184082,0.0,0.0,0.0,0.0,nan,nan,29.371925354003906,29.371925354003906,58.74385070800781,0.0,-4.856048107147217,0.8275110721588135,0.0,0.0,0.0,0.8275110721588135,0.0,-4.856048107147217,0.0,0.0,0.0,1.9777287244796753,1.6884727478027344,-4.183733940124512,0.0,0.0,0.0,0.0,-4.856048107147217,0.8275110721588135,0.0,0.0,0.0,0.8275110721588135,0.0,-4.856048107147217,-0.0,-0.0,-0.0,1.9777292013168335,-1.6884716749191284,-4.1837334632873535,0.0,0.0,0.0,4.470348358154297e-08,0.0,0.6000000238418579,-4.470348358154297e-08,0.05600002408027649,0.6000000238418579,-1.341104507446289e-07,-0.05599990487098694,0.5999999642372131,3.955457925796509,1.0728836059570312e-06,-8.367467880249023,0.0,0.0,0.0,-6.258487701416016e-07,-1.2400466857798165e-06,-5.21540641784668e-08,36.561309814453125,36.561317443847656,55.41271209716797,55.412715911865234,0.0,0.0,0.4213273823261261,0.4213273823261261,0.5786726474761963,0.5786726474761963,0.0,0.0,-2.4873948097229004,-2.4873948097229004,-2.3686532974243164,-2.3686532974243164,0.9165839552879333,0.9165839552879333,-0.02414330653846264,-0.02414330653846264,-0.0649295300245285,-0.0649295300245285,0.8275110721588135,0.8275110721588135,0.5058796405792236,0.5058796405792236,-0.3458440601825714,-0.3458440601825714,-0.08404463529586792,-0.08404463529586792,-66.19330596923828,-66.19330596923828,-44.590579986572266,-44.590579986572266,-29.590579986572266,-29.590579986572266,15.000000953674316,15.000000953674316,1.0,0.02,180.0
296,1.2333333333333334,-0.21931469328017456,12.129299759278481,144.52958395316264,-0.21931469328017456,12.129299759278481,144.52958395316264,6.9,-6.900000095367432,0.0,0.0,15.0,1,0.3,2.0,0.0,4.0,6.666666666666667,2.857142857142857,12.12929630279541,12.129300117492676,12.129300117492676,12.129300117492676,-0.17731234431266785,-0.17675688862800598,7.972229957580566,8.181517601013184,0.0,0.0,0.0,0.0,nan,nan,32.44174575805664,32.44174575805664,64.88349151611328,0.0,-5.078265190124512,1.062038540840149,0.0,0.0,0.0,1.062038540840149,0.0,-5.078265190124512,0.0,0.0,0.0,2.2791712284088135,1.5294785499572754,-4.402587890625,0.0,0.0,0.0,0.0,-5.078265190124512,1.062038540840149,0.0,0.0,0.0,1.062038540840149,0.0,-5.078265190124512,-0.0,-0.0,-0.0,2.2791714668273926,-1.5294779539108276,-4.402587890625,0.0,0.0,0.0,4.470348358154297e-08,0.0,0.6000000238418579,-1.4901161193847656e-07,0.055999964475631714,0.5999999642372131,1.043081283569336e-07,-0.0559999942779541,0.6000000238418579,4.558342933654785,5.960464477539062e-07,-8.80517578125,0.0,0.0,0.0,2.2351741790771484e-07,-7.26282223695307e-07,-3.129243850708008e-07,37.557769775390625,37.557769775390625,56.72149658203125,56.72149658203125,0.0,0.0,0.40716320276260376,0.40716320276260376,0.592836856842041,0.592836856842041,0.0,0.0,-3.1401705741882324,-3.1401705741882324,-1.9380944967269897,-1.9380944967269897,1.1568167209625244,1.1568167209625244,-0.029848605394363403,-0.029848605394363403,-0.0649295300245285,-0.0649295300245285,1.062038540840149,1.062038540840149,0.5061764121055603,0.5061764121055603,-0.3650178015232086,-0.3650178015232086,-0.10321841388940811,-0.10321841388940811,-70.06230926513672,-70.06230926513672,-46.880470275878906,-46.880470275878906,-31.880468368530273,-31.880468368530273,15.000000953674316,15.000000953674316,1.0,0.02,180.0
297,1.2375,-0.16761723339280296,12.661416275952613,110.61380172351339,-0.16761723339280296,12.661416275952613,110.61380172351339,6.9,-6.900000095367432,0.0,0.0,15.0,1,0.3,2.0,0.0,4.0,6.666666666666667,2.857142857142857,12.661413192749023,12.661417007446289,12.661416053771973,12.661416053771973,-0.12542936205863953,-0.12477415800094604,7.709770679473877,7.952610969543457,0.0,0.0,0.0,0.0,nan,nan,34.689735412597656,34.689735412597656,69.37947082519531,0.0,-5.188581466674805,1.2912609577178955,0.0,0.0,0.0,1.2912609577178955,0.0,-5.188581466674805,0.0,0.0,0.0,2.5469982624053955,1.3049516677856445,-4.51648473739624,0.0,0.0,0.0,0.0,-5.188581466674805,1.2912609577178955,0.0,0.0,0.0,1.2912609577178955,0.0,-5.188581466674805,-0.0,-0.0,-0.0,2.5469987392425537,-1.304950475692749,-4.51648473739624,0.0,0.0,0.0,4.470348358154297e-08,0.0,0.6000000238418579,-1.4901161193847656e-07,0.0559999942779541,0.5999999642372131,4.470348358154297e-08,-0.055999964475631714,0.6000000238418579,5.093997001647949,1.1920928955078125e-06,-9.03296947479248,0.0,0.0,0.0,-5.960464477539063e-08,-1.0267242487316253e-06,-2.980232238769531e-07,38.3332405090332,38.33324432373047,57.70687484741211,57.70687484741211,0.0,0.0,0.3787931799888611,0.3787931799888611,0.6212068796157837,0.6212068796157837,0.0,0.0,-3.705286979675293,-3.705286979675293,-1.4832948446273804,-1.4832948446273804,1.3909790515899658,1.3909790515899658,-0.034788522869348526,-0.034788522869348526,-0.0649295300245285,-0.0649295300245285,1.2912609577178955,1.2912609577178955,0.5064119100570679,0.5064119100570679,-0.3813569247722626,-0.3813569247722626,-0.11955752223730087,-0.11955752223730087,-73.1359634399414,-73.1359634399414,-48.71241760253906,-48.71241760253906,-33.71241760253906,-33.71241760253906,15.000000953674316,15.000000953674316,1.0,0.02,180.0
298,1.2416666666666667,-0.11400128394790383,13.049168163125055,75.30748761630305,-0.11400128394790383,13.049168163125055,75.30748761630305,6.9,-6.900000095367432,0.0,0.0,15.0,1,0.3,2.0,0.0,4.0,6.666666666666667,2.857142857142857,13.049166679382324,13.049168586730957,13.049168586730957,13.049168586730957,-0.07214600592851639,-0.07139815390110016,7.353427410125732,7.626935005187988,0.0,0.0,0.0,0.0,nan,nan,35.957088470458984,35.957088470458984,71.91417694091797,0.0,-5.181591510772705,1.4979537725448608,0.0,0.0,0.0,1.4979537725448608,0.0,-5.181591510772705,0.0,0.0,0.0,2.7611076831817627,1.0325627326965332,-4.516952037811279,0.0,0.0,0.0,0.0,-5.181591510772705,1.4979537725448608,0.0,0.0,0.0,1.4979537725448608,0.0,-5.181591510772705,-0.0,-0.0,-0.0,2.7611076831817627,-1.032562017440796,-4.516952037811279,0.0,0.0,0.0,4.470348358154297e-08,0.0,0.6000000238418579,-1.4901161193847656e-08,0.05600005388259888,0.6000000238418579,2.9802322387695312e-08,-0.055999964475631714,0.6000000238418579,5.522215366363525,7.152557373046875e-07,-9.033904075622559,0.0,0.0,0.0,-4.172325134277344e-07,-3.3653915920695e-07,-2.980232238769531e-07,38.89349365234375,38.89349365234375,58.39902114868164,58.39902114868164,0.0,0.0,0.36458078026771545,0.36458078026771545,0.6354192495346069,0.6354192495346069,0.0,0.0,-4.1717424392700195,-4.1717424392700195,-1.009848713874817,-1.009848713874817,1.6017498970031738,1.6017498970031738,-0.038866497576236725,-0.038866497576236725,-0.0649295300245285,-0.0649295300245285,1.4979537725448608,1.4979537725448608,0.5065833926200867,0.5065833926200867,-0.3946602940559387,-0.3946602940559387,-0.1328609138727188,-0.1328609138727188,-75.37572479248047,-75.37572479248047,-50.06345748901367,-50.06345748901367,-35.06345748901367,-35.06345748901367,15.000000953674316,15.000000953674316,1.0,0.02,180.0
299,1.2458333333333333,-0.059079199870554544,13.287671675303596,39.05098755328269,-0.059079199870554544,13.287671675303596,39.05098755328269,6.9,-6.900000095367432,0.0,0.0,15.0,1,0.3,2.0,0.0,4.0,6.666666666666667,2.857142857142857,13.28767204284668,13.287667274475098,13.28767204284668,13.28767204284668,-0.018074750900268555,-0.017242511734366417,6.906625270843506,7.207553386688232,0.0,0.0,0.0,0.0,nan,nan,36.134986877441406,36.134986877441406,72.26997375488281,0.0,-5.053406238555908,1.6664855480194092,0.0,0.0,0.0,1.6664855480194092,0.0,-5.053406238555908,0.0,0.0,0.0,2.9037604331970215,0.7336603403091431,-4.398182392120361,0.0,0.0,0.0,0.0,-5.053406238555908,1.6664855480194092,0.0,0.0,0.0,1.6664855480194092,0.0,-5.053406238555908,-0.0,-0.0,-0.0,2.9037601947784424,-0.7336591482162476,-4.398182392120361,0.0,0.0,0.0,4.470348358154297e-08,0.0,0.6000000238418579,1.4901161193847656e-08,0.056000083684921265,0.6000000238418579,-5.960464477539063e-08,-0.055999934673309326,0.6000000238418579,5.807520866394043,1.1920928955078125e-06,-8.796364784240723,0.0,0.0,0.0,-6.556510925292969e-07,-5.898422159589245e-07,-3.8743019104003906e-07,39.242828369140625,39.242820739746094,58.8188591003418,58.818851470947266,0.0,0.0,0.36458078026771545,0.36458078026771545,0.6354192495346069,0.6354192495346069,0.0,0.0,-4.529745101928711,-4.529745101928711,-0.5236609578132629,-0.5236609578132629,1.773411512374878,1.773411512374878,-0.041996583342552185,-0.041996583342552185,-0.0649295300245285,-0.0649295300245285,1.6664855480194092,1.6664855480194092,0.5066887736320496,0.5066887736320496,-0.4047636091709137,-0.4047636091709137,-0.1429641991853714,-0.1429641991853714,-76.7533950805664,-76.7533950805664,-50.916587829589844,-50.916587829589844,-35.916587829589844,-35.916587829589844,15.000000953674316,15.000000953674316,1.0,0.02,180.0
